Timestamp,User Count,Type,Name,Requests/s,Failures/s,50%,66%,75%,80%,90%,95%,98%,99%,99.9%,99.99%,100%,Total Request Count,Total Failure Count,Total Median Response Time,Total Average Response Time,Total Min Response Time,Total Max Response Time,Total Average Content Size
1774105938,0,,Aggregated,0.000000,0.000000,N/A,N/A,N/A,N/A,N/A,N/A,N/A,N/A,N/A,N/A,N/A,0,0,0,0.0,0,0,0
1774105939,10,,Aggregated,0.000000,0.000000,N/A,N/A,N/A,N/A,N/A,N/A,N/A,N/A,N/A,N/A,N/A,0,0,0,0.0,0,0,0
1774105940,10,,Aggregated,0.000000,0.000000,N/A,N/A,N/A,N/A,N/A,N/A,N/A,N/A,N/A,N/A,N/A,0,0,0,0.0,0,0,0
1774105941,10,,Aggregated,0.000000,0.000000,2600,2700,2700,2900,2900,2900,2900,2900,2900,2900,2900,5,5,2600.0,2676.053658599267,2543.780821997643,2877.71696100026,0.0
1774105942,10,,Aggregated,0.000000,0.000000,2600,2700,2700,2900,2900,2900,2900,2900,2900,2900,2900,5,5,2600.0,2676.053658599267,2543.780821997643,2877.71696100026,0.0
1774105943,10,,Aggregated,0.000000,0.000000,2900,4300,4300,4300,4300,4400,4400,4400,4400,4400,4400,12,12,2700.0,3110.0529922493174,1057.673867999256,4357.1570469975995,0.0
1774105944,10,,Aggregated,1.250000,1.250000,2200,2600,2900,4300,4300,4300,4400,4400,4400,4400,4400,21,21,2200.0,2382.6221549043976,1030.6373960011115,4357.1570469975995,0.0
1774105945,10,,Aggregated,1.200000,1.200000,2100,2600,2900,4300,4300,4300,4400,4400,4400,4400,4400,24,24,2100.0,2246.839244249865,1030.6373960011115,4357.1570469975995,0.0
1774105946,10,,Aggregated,2.500000,2.500000,1400,2200,2600,2900,4300,4300,4400,4400,4400,4400,4400,30,30,1400.0,2046.1704935663874,1030.6373960011115,4357.1570469975995,0.0
1774105947,10,,Aggregated,3.000000,3.000000,1200,2100,2500,2600,4300,4300,4400,4400,4400,4400,4400,37,37,1200.0,1870.1842514324321,1004.2116900003748,4357.1570469975995,0.0
1774105948,10,,Aggregated,3.375000,3.375000,1100,1400,2100,2500,4300,4300,4400,4400,4400,4400,4400,48,48,1100.0,1633.9111664791897,503.60703600017587,4357.1570469975995,0.0
1774105949,10,,Aggregated,3.555556,3.555556,1100,1200,1600,2200,4300,4300,4400,5800,5800,5800,5800,57,57,1100.0,1583.2686608771742,503.60703600017587,5835.850906001724,0.0
1774105950,10,,Aggregated,3.900000,3.900000,1100,1200,1400,2100,2900,4300,4400,5800,5800,5800,5800,67,67,1100.0,1441.652672119337,503.60703600017587,5835.850906001724,0.0
1774105951,10,,Aggregated,4.800000,4.800000,1100,1100,1200,1500,2700,4300,4400,5800,5800,5800,5800,77,77,1100.0,1326.7380501167825,503.60703600017587,5835.850906001724,0.0
1774105952,10,,Aggregated,5.800000,5.800000,1000,1100,1200,1400,2600,4300,4400,5800,5800,5800,5800,87,87,1000.0,1241.8390095975562,503.60703600017587,5835.850906001724,0.0
1774105953,10,,Aggregated,6.800000,6.800000,1000,1100,1100,1200,2600,4300,4400,5800,5800,5800,5800,98,98,1000.0,1169.551907928489,503.60703600017587,5835.850906001724,0.0
1774105954,10,,Aggregated,7.300000,7.300000,690,1100,1100,1200,2200,4300,4300,4400,5800,5800,5800,111,111,690.0,1098.018379918915,501.6268299987132,5835.850906001724,0.0
1774105955,10,,Aggregated,8.300000,8.300000,630,1000,1100,1100,2100,2900,4300,4400,5800,5800,5800,121,121,630.0,1059.3216294380472,501.6268299987132,5835.850906001724,0.0
1774105956,10,,Aggregated,8.900000,8.900000,620,1000,1100,1100,2100,2900,4300,4400,5800,5800,5800,132,132,620.0,1021.7212572651988,501.6268299987132,5835.850906001724,0.0
1774105957,10,,Aggregated,9.200000,9.200000,600,1000,1100,1100,1600,2700,4300,4400,5800,5800,5800,142,142,600.0,986.5605367395148,501.6268299987132,5835.850906001724,0.0
1774105958,10,,Aggregated,9.500000,9.500000,600,1000,1100,1100,1500,2700,4300,4400,5800,5800,5800,152,152,600.0,961.6117428290157,501.3319970021257,5835.850906001724,0.0
1774105959,10,,Aggregated,10.100000,10.100000,590,1000,1000,1100,1400,2600,4300,4400,5800,5800,5800,164,164,590.0,931.8010002012315,501.3319970021257,5835.850906001724,0.0
1774105960,10,,Aggregated,10.300000,10.300000,590,730,1000,1100,1400,2600,4300,4400,5800,5800,5800,175,175,590.0,911.0549453028735,501.3319970021257,5835.850906001724,0.0
1774105961,10,,Aggregated,10.600000,10.600000,570,700,1000,1100,1200,2600,4300,4400,5800,5800,5800,185,185,570.0,890.4868681027634,501.3319970021257,5835.850906001724,0.0
1774105962,10,,Aggregated,10.700000,10.700000,560,680,1000,1100,1200,2600,4300,4400,5800,5800,5800,196,196,550.0,875.3825433622649,501.3319970021257,5835.850906001724,0.0
1774105963,10,,Aggregated,10.900000,10.900000,530,630,1000,1000,1200,2500,4300,4300,5800,5800,5800,208,208,520.0,857.6472617500468,501.3319970021257,5835.850906001724,0.0
1774105964,10,,Aggregated,11.100000,11.100000,530,630,1000,1000,1200,2500,4300,4300,5800,5800,5800,219,219,530.0,844.7894264064338,501.3319970021257,5835.850906001724,0.0
1774105965,10,,Aggregated,10.900000,10.900000,530,630,1000,1000,1200,2200,4300,4300,5800,5800,5800,229,229,530.0,832.8692933101,501.3319970021257,5835.850906001724,0.0
1774105966,10,,Aggregated,10.400000,10.400000,520,630,1000,1000,1200,2200,4300,4300,5800,5800,5800,240,240,520.0,822.968229033404,501.3319970021257,5835.850906001724,0.0
1774105967,10,,Aggregated,10.700000,10.700000,520,630,1000,1000,1100,2100,4300,4300,5800,5800,5800,249,249,520.0,815.9820241968579,501.3319970021257,5835.850906001724,0.0
1774105968,10,,Aggregated,10.900000,10.900000,520,630,1000,1000,1100,2100,4300,4300,5800,5800,5800,261,261,520.0,807.1892632184641,501.3319970021257,5835.850906001724,0.0
1774105969,10,,Aggregated,10.800000,10.800000,520,620,1000,1000,1100,2100,4300,4300,5800,5800,5800,272,272,520.0,798.7345436140324,501.3319970021257,5835.850906001724,0.0
1774105970,10,,Aggregated,11.000000,11.000000,510,620,730,1000,1100,1600,4300,4300,5800,5800,5800,283,283,510.0,787.8691202933347,501.3319970021257,5835.850906001724,0.0
1774105971,10,,Aggregated,10.800000,10.800000,510,620,700,1000,1100,1600,4300,4300,5800,5800,5800,294,294,510.0,779.3433155544632,500.92281899924274,5835.850906001724,0.0
1774105972,10,,Aggregated,10.900000,10.900000,510,610,700,1000,1100,1500,2900,4300,5800,5800,5800,306,306,510.0,770.4627206895846,500.92281899924274,5835.850906001724,0.0
1774105973,10,,Aggregated,10.700000,10.700000,510,610,690,1000,1100,1500,2900,4300,5800,5800,5800,315,315,510.0,763.269953292114,500.92281899924274,5835.850906001724,0.0
1774105974,10,,Aggregated,10.600000,10.600000,510,610,690,1000,1100,1400,2900,4300,5800,5800,5800,325,325,510.0,759.6182311662079,500.92281899924274,5835.850906001724,0.0
1774105975,10,,Aggregated,10.800000,10.800000,510,610,680,1000,1100,1400,2900,4300,5800,5800,5800,336,336,510.0,753.6740432738692,500.92281899924274,5835.850906001724,0.0
1774105976,10,,Aggregated,10.800000,10.800000,510,610,670,1000,1100,1400,2900,4300,5800,5800,5800,347,347,510.0,749.0308460721112,500.92281899924274,5835.850906001724,0.0
1774105977,10,,Aggregated,10.500000,10.500000,510,610,670,1000,1100,1400,2700,4300,5800,5800,5800,358,358,510.0,742.9606830559371,500.92281899924274,5835.850906001724,0.0
1774105978,10,,Aggregated,10.600000,10.600000,510,600,670,1000,1100,1200,2700,4300,5800,5800,5800,369,369,510.0,736.9407007263511,500.92281899924274,5835.850906001724,0.0
1774105979,10,,Aggregated,10.600000,10.600000,510,600,660,1000,1100,1200,2700,4300,5800,5800,5800,380,380,510.0,732.2039947290062,500.92281899924274,5835.850906001724,0.0
1774105980,10,,Aggregated,10.700000,10.700000,510,600,660,780,1100,1200,2700,4300,5800,5800,5800,392,392,510.0,728.2785525306712,500.92281899924274,5835.850906001724,0.0
1774105981,10,,Aggregated,10.900000,10.900000,510,600,640,740,1000,1200,2600,4300,5800,5800,5800,402,402,510.0,724.6494376318809,500.92281899924274,5835.850906001724,0.0
1774105982,10,,Aggregated,10.700000,10.700000,510,600,640,730,1000,1200,2600,4300,5800,5800,5800,412,412,510.0,721.6083161820635,500.92281899924274,5835.850906001724,0.0
1774105983,10,,Aggregated,10.900000,10.900000,510,600,640,710,1000,1200,2600,4300,5800,5800,5800,422,422,510.0,718.2937785877053,500.92281899924274,5835.850906001724,0.0
1774105984,10,,Aggregated,10.700000,10.700000,510,600,640,740,1000,1200,2600,4300,5800,5800,5800,433,433,510.0,717.9194648637834,500.92281899924274,5835.850906001724,0.0
1774105985,10,,Aggregated,10.600000,10.600000,510,600,640,710,1000,1200,2600,4300,5800,5800,5800,443,443,510.0,713.860119011333,500.92281899924274,5835.850906001724,0.0
1774105986,10,,Aggregated,10.700000,10.700000,510,600,640,710,1000,1200,2600,4300,5800,5800,5800,453,453,510.0,711.6881282274289,500.92281899924274,5835.850906001724,0.0
1774105987,10,,Aggregated,10.900000,10.900000,510,600,640,710,1000,1200,2600,4300,5800,5800,5800,463,463,510.0,708.9089616609702,500.92281899924274,5835.850906001724,0.0
1774105988,10,,Aggregated,10.600000,10.600000,510,600,640,710,1000,1200,2600,4300,5800,5800,5800,472,472,510.0,707.5587927309912,500.92281899924274,5835.850906001724,0.0
1774105989,10,,Aggregated,10.600000,10.600000,510,600,630,700,1000,1100,2600,4300,5800,5800,5800,484,484,510.0,704.0356834525464,500.92281899924274,5835.850906001724,0.0
1774105990,10,,Aggregated,10.400000,10.400000,510,600,630,700,1000,1100,2600,4300,5800,5800,5800,496,496,510.0,700.6572476371558,500.92281899924274,5835.850906001724,0.0
1774105991,10,,Aggregated,10.200000,10.200000,510,600,630,690,1000,1100,2500,4300,5800,5800,5800,507,507,510.0,697.6533637002537,500.92281899924274,5835.850906001724,0.0
1774105992,10,,Aggregated,10.500000,10.500000,510,600,630,690,1000,1100,2500,4300,5800,5800,5800,516,516,510.0,696.38463357177,500.92281899924274,5835.850906001724,0.0
1774105993,10,,Aggregated,10.400000,10.400000,510,590,630,690,1000,1100,2500,4300,5800,5800,5800,527,527,510.0,694.5578557325194,500.92281899924274,5835.850906001724,0.0
1774105994,10,,Aggregated,10.500000,10.500000,510,590,630,690,1000,1100,2500,4300,5800,5800,5800,537,537,510.0,692.1417992775392,500.92281899924274,5835.850906001724,0.0
1774105995,10,,Aggregated,10.400000,10.400000,510,590,630,690,1000,1100,2500,4300,5800,5800,5800,548,548,510.0,689.5146375219709,500.92281899924274,5835.850906001724,0.0
1774105996,10,,Aggregated,10.500000,10.500000,510,590,620,680,1000,1100,2200,4300,5800,5800,5800,558,558,510.0,687.0961642850222,500.92281899924274,5835.850906001724,0.0
1774105997,10,,Aggregated,10.400000,10.400000,510,590,620,680,1000,1100,2200,4300,5800,5800,5800,570,570,510.0,684.8059449386617,500.92281899924274,5835.850906001724,0.0
1774105998,10,,Aggregated,10.500000,10.500000,510,590,620,680,1000,1100,2200,4300,5800,5800,5800,580,580,510.0,683.720475094893,500.92281899924274,5835.850906001724,0.0
1774105999,10,,Aggregated,10.500000,10.500000,510,590,620,680,1000,1100,2200,4300,5800,5800,5800,590,590,510.0,682.7925898136317,500.92281899924274,5835.850906001724,0.0
1774106001,10,,Aggregated,10.700000,10.700000,510,590,630,680,1000,1100,2200,4300,5800,5800,5800,600,600,510.0,681.933780661736,500.92281899924274,5835.850906001724,0.0
1774106002,10,,Aggregated,10.700000,10.700000,510,590,620,670,1000,1100,2100,2900,5800,5800,5800,609,609,510.0,680.1396876141895,500.92281899924274,5835.850906001724,0.0
1774106003,10,,Aggregated,10.300000,10.300000,510,590,620,670,1000,1100,2100,2900,5800,5800,5800,622,622,510.0,678.0655312138837,500.92281899924274,5835.850906001724,0.0
1774106004,10,,Aggregated,10.300000,10.300000,510,590,620,670,1000,1100,2100,2900,5800,5800,5800,634,634,510.0,675.9177079953128,500.92281899924274,5835.850906001724,0.0
1774106005,10,,Aggregated,10.200000,10.200000,510,590,620,670,1000,1100,2100,2900,5800,5800,5800,644,644,510.0,674.3775506630919,500.8665220011608,5835.850906001724,0.0
1774106006,10,,Aggregated,10.500000,10.500000,510,590,620,670,1000,1100,2100,2900,5800,5800,5800,653,653,510.0,673.7193420413955,500.8665220011608,5835.850906001724,0.0
1774106007,10,,Aggregated,10.600000,10.600000,510,590,620,670,1000,1100,2100,2900,5800,5800,5800,666,666,510.0,671.7106596486966,500.8665220011608,5835.850906001724,0.0
1774106008,10,,Aggregated,10.600000,10.600000,510,590,620,670,1000,1100,2100,2900,5800,5800,5800,678,678,510.0,669.819862505934,500.8665220011608,5835.850906001724,0.0
1774106009,10,,Aggregated,10.700000,10.700000,510,590,620,670,1000,1100,2100,2900,5800,5800,5800,689,689,510.0,668.5415667765197,500.8665220011608,5835.850906001724,0.0
1774106010,10,,Aggregated,10.800000,10.800000,510,590,620,660,1000,1100,2100,2900,5800,5800,5800,698,698,510.0,666.4329166633564,500.8665220011608,5835.850906001724,0.0
1774106011,10,,Aggregated,10.800000,10.800000,510,590,620,660,1000,1100,1600,2700,5800,5800,5800,709,709,510.0,665.7741248886165,500.8665220011608,5835.850906001724,0.0
1774106012,10,,Aggregated,10.800000,10.800000,510,590,620,660,1000,1100,1600,2700,5800,5800,5800,721,721,510.0,664.1289919764541,500.8665220011608,5835.850906001724,0.0
1774106013,10,,Aggregated,10.700000,10.700000,510,590,620,660,1000,1100,1600,2700,5800,5800,5800,730,730,510.0,663.427602226043,500.8665220011608,5835.850906001724,0.0
1774106014,10,,Aggregated,10.900000,10.900000,510,590,620,660,1000,1100,1600,2700,5800,5800,5800,742,742,510.0,661.7244092372133,500.8665220011608,5835.850906001724,0.0
1774106015,10,,Aggregated,11.200000,11.200000,510,580,620,650,1000,1100,1500,2700,5800,5800,5800,755,755,510.0,659.909580695379,500.8665220011608,5835.850906001724,0.0
1774106016,10,,Aggregated,10.800000,10.800000,510,590,620,650,1000,1100,1500,2700,5800,5800,5800,764,764,510.0,659.8643438612644,500.8665220011608,5835.850906001724,0.0
1774106017,10,,Aggregated,10.800000,10.800000,510,590,620,650,1000,1100,1500,2700,5800,5800,5800,772,772,510.0,659.3132235919758,500.8665220011608,5835.850906001724,0.0
1774106018,10,,Aggregated,11.100000,11.100000,510,590,620,650,1000,1100,1500,2700,5800,5800,5800,785,785,510.0,658.664216979628,500.8665220011608,5835.850906001724,0.0
1774106019,10,,Aggregated,10.700000,10.700000,510,590,620,650,1000,1100,1500,2700,5800,5800,5800,797,797,510.0,657.4336414479345,500.8665220011608,5835.850906001724,0.0
1774106020,10,,Aggregated,10.700000,10.700000,510,580,620,640,1000,1000,1400,2600,5800,5800,5800,806,806,510.0,656.1543963846234,500.8665220011608,5835.850906001724,0.0
1774106021,10,,Aggregated,10.800000,10.800000,510,580,620,640,1000,1000,1400,2600,5800,5800,5800,818,818,510.0,654.7376398618634,500.8665220011608,5835.850906001724,0.0
1774106022,10,,Aggregated,10.900000,10.900000,510,580,610,640,1000,1000,1400,2600,5800,5800,5800,831,831,510.0,653.377528996407,500.8665220011608,5835.850906001724,0.0
1774106023,10,,Aggregated,10.800000,10.800000,510,580,610,640,1000,1000,1400,2600,5800,5800,5800,842,842,510.0,652.1295512886135,500.8665220011608,5835.850906001724,0.0
1774106024,10,,Aggregated,10.800000,10.800000,510,580,610,640,1000,1000,1400,2600,5800,5800,5800,851,851,510.0,651.3526130846252,500.8665220011608,5835.850906001724,0.0
1774106025,10,,Aggregated,10.800000,10.800000,510,580,610,640,1000,1000,1400,2600,5800,5800,5800,862,862,510.0,651.3404075197386,500.8665220011608,5835.850906001724,0.0
1774106026,10,,Aggregated,11.000000,11.000000,510,580,610,640,1000,1000,1400,2600,5800,5800,5800,871,871,510.0,651.2281934661509,500.8665220011608,5835.850906001724,0.0
1774106027,10,,Aggregated,10.700000,10.700000,510,580,610,640,1000,1000,1400,2600,5800,5800,5800,883,883,510.0,651.0307420725059,500.8665220011608,5835.850906001724,0.0
1774106028,10,,Aggregated,10.800000,10.800000,510,580,610,640,1000,1000,1400,2600,5800,5800,5800,892,892,510.0,650.0716456827586,500.8665220011608,5835.850906001724,0.0
1774106029,10,,Aggregated,10.900000,10.900000,510,580,610,640,1000,1000,1200,2600,5800,5800,5800,904,904,510.0,649.0373369093201,500.8665220011608,5835.850906001724,0.0
1774106030,10,,Aggregated,10.600000,10.600000,510,580,610,640,1000,1000,1200,2600,5800,5800,5800,915,915,510.0,648.0111827432025,500.8665220011608,5835.850906001724,0.0
1774106031,10,,Aggregated,10.500000,10.500000,510,580,610,640,1000,1000,1200,2600,5800,5800,5800,926,926,510.0,647.3174583833915,500.8665220011608,5835.850906001724,0.0
1774106032,10,,Aggregated,10.500000,10.500000,510,580,610,640,1000,1000,1200,2600,5800,5800,5800,936,936,510.0,646.4382526731,500.8665220011608,5835.850906001724,0.0
1774106033,10,,Aggregated,10.600000,10.600000,510,580,610,640,1000,1000,1200,2600,5800,5800,5800,946,946,510.0,645.9277843837423,500.8665220011608,5835.850906001724,0.0
1774106034,10,,Aggregated,10.700000,10.700000,510,580,610,640,1000,1000,1200,2600,5800,5800,5800,957,957,510.0,645.6106827283334,500.8665220011608,5835.850906001724,0.0
1774106035,10,,Aggregated,10.400000,10.400000,510,580,610,640,1000,1000,1200,2600,5800,5800,5800,968,968,510.0,644.475334851254,500.8665220011608,5835.850906001724,0.0
1774106036,10,,Aggregated,10.600000,10.600000,510,580,610,640,1000,1000,1200,2600,5800,5800,5800,980,980,510.0,643.6100923867492,500.8665220011608,5835.850906001724,0.0
1774106037,10,,Aggregated,10.400000,10.400000,510,580,610,630,1000,1000,1200,2600,5800,5800,5800,992,992,510.0,642.5652479294528,500.8665220011608,5835.850906001724,0.0
1774106038,10,,Aggregated,10.400000,10.400000,510,580,610,630,1000,1000,1200,2600,5800,5800,5800,1000,1000,510.0,641.469750094024,500.8665220011608,5835.850906001724,0.0
1774106039,10,,Aggregated,10.600000,10.600000,510,580,610,630,1000,1000,1200,2500,4400,5800,5800,1011,1011,510.0,641.3029652532401,500.8665220011608,5835.850906001724,0.0
1774106040,10,,Aggregated,10.900000,10.900000,510,580,610,640,1000,1000,1200,2500,4400,5800,5800,1022,1022,510.0,641.664311527424,500.8665220011608,5835.850906001724,0.0
1774106041,10,,Aggregated,11.000000,11.000000,510,580,610,640,1000,1000,1200,2500,4400,5800,5800,1032,1032,510.0,641.1778038643648,500.8665220011608,5835.850906001724,0.0
1774106042,10,,Aggregated,11.000000,11.000000,510,580,610,630,1000,1000,1200,2500,4400,5800,5800,1041,1041,510.0,640.5715148299969,500.8665220011608,5835.850906001724,0.0
1774106043,10,,Aggregated,10.800000,10.800000,510,580,610,630,1000,1000,1200,2500,4400,5800,5800,1053,1053,510.0,639.9135240161695,500.8665220011608,5835.850906001724,0.0
1774106044,10,,Aggregated,10.500000,10.500000,510,580,610,630,1000,1000,1200,2500,4400,5800,5800,1063,1063,510.0,639.4911032897732,500.8665220011608,5835.850906001724,0.0
1774106045,10,,Aggregated,10.700000,10.700000,510,580,610,630,1000,1000,1200,2500,4400,5800,5800,1075,1075,510.0,638.3117204846792,500.8665220011608,5835.850906001724,0.0
1774106046,10,,Aggregated,10.700000,10.700000,510,580,610,630,1000,1000,1200,2500,4400,5800,5800,1086,1086,510.0,637.7323357854771,500.8665220011608,5835.850906001724,0.0
1774106047,10,,Aggregated,10.500000,10.500000,510,580,610,630,1000,1000,1200,2500,4400,5800,5800,1097,1097,510.0,637.9085356736789,500.8665220011608,5835.850906001724,0.0
1774106048,10,,Aggregated,10.700000,10.700000,510,580,610,630,1000,1000,1200,2200,4400,5800,5800,1108,1108,510.0,637.2517143655363,500.8665220011608,5835.850906001724,0.0
1774106049,10,,Aggregated,10.500000,10.500000,510,580,610,630,1000,1000,1200,2200,4400,5800,5800,1117,1117,510.0,636.634567275752,500.8665220011608,5835.850906001724,0.0
1774106050,10,,Aggregated,10.500000,10.500000,510,580,610,630,1000,1000,1200,2200,4400,5800,5800,1129,1129,510.0,635.7867193259704,500.8665220011608,5835.850906001724,0.0
1774106051,10,,Aggregated,10.400000,10.400000,510,580,610,630,1000,1000,1200,2200,4400,5800,5800,1139,1139,510.0,635.7211214319738,500.8665220011608,5835.850906001724,0.0
1774106052,10,,Aggregated,10.700000,10.700000,510,580,610,630,1000,1000,1200,2200,4400,5800,5800,1150,1150,510.0,635.0191450348083,500.8665220011608,5835.850906001724,0.0
1774106053,10,,Aggregated,10.700000,10.700000,510,580,610,630,1000,1000,1200,2200,4400,5800,5800,1161,1161,510.0,634.0888496313796,500.8665220011608,5835.850906001724,0.0
1774106054,10,,Aggregated,10.700000,10.700000,510,580,610,630,1000,1000,1200,2200,4400,5800,5800,1172,1172,510.0,633.5487207355136,500.8665220011608,5835.850906001724,0.0
1774106055,10,,Aggregated,10.700000,10.700000,510,580,610,630,1000,1000,1200,2200,4400,5800,5800,1185,1185,510.0,633.0610989620443,500.8665220011608,5835.850906001724,0.0
1774106056,10,,Aggregated,10.800000,10.800000,510,580,610,630,1000,1000,1200,2200,4400,5800,5800,1195,1195,510.0,632.4769018393456,500.8665220011608,5835.850906001724,0.0
1774106057,10,,Aggregated,11.000000,11.000000,510,580,610,630,1000,1000,1100,2100,4400,5800,5800,1205,1205,510.0,631.6868610398484,500.8665220011608,5835.850906001724,0.0
1774106058,10,,Aggregated,10.900000,10.900000,510,580,610,630,1000,1000,1100,2100,4400,5800,5800,1216,1216,510.0,631.3551060600424,500.8665220011608,5835.850906001724,0.0
1774106059,10,,Aggregated,10.600000,10.600000,510,580,610,630,1000,1000,1100,2100,4400,5800,5800,1225,1225,510.0,630.962173484087,500.8665220011608,5835.850906001724,0.0
1774106060,10,,Aggregated,10.700000,10.700000,510,580,610,630,1000,1000,1100,2100,4400,5800,5800,1236,1236,510.0,632.0100839207174,500.8665220011608,5835.850906001724,0.0
1774106061,10,,Aggregated,10.800000,10.800000,510,580,610,630,1000,1000,1100,2100,4400,5800,5800,1245,1245,510.0,631.2316784361503,500.8665220011608,5835.850906001724,0.0
1774106062,10,,Aggregated,10.400000,10.400000,510,580,610,630,1000,1000,1100,2100,4400,5800,5800,1257,1257,510.0,630.5691325274541,500.8665220011608,5835.850906001724,0.0
1774106063,10,,Aggregated,10.600000,10.600000,510,580,610,630,1000,1000,1100,2100,4400,5800,5800,1268,1268,510.0,630.5178045670449,500.8665220011608,5835.850906001724,0.0
1774106064,10,,Aggregated,10.600000,10.600000,510,580,610,630,1000,1000,1100,2100,4400,5800,5800,1278,1278,510.0,629.8270004585379,500.8665220011608,5835.850906001724,0.0
1774106065,10,,Aggregated,10.600000,10.600000,510,580,610,630,1000,1000,1100,2100,4400,5800,5800,1288,1288,510.0,630.063239553579,500.8665220011608,5835.850906001724,0.0
1774106066,10,,Aggregated,10.700000,10.700000,510,580,610,630,1000,1000,1100,2100,4400,5800,5800,1298,1298,510.0,629.9340051702727,500.8665220011608,5835.850906001724,0.0
1774106067,10,,Aggregated,10.500000,10.500000,510,580,610,630,1000,1000,1100,2100,4400,5800,5800,1307,1307,510.0,629.793026172156,500.8665220011608,5835.850906001724,0.0
1774106068,10,,Aggregated,10.300000,10.300000,510,580,610,630,1000,1000,1100,2100,4400,5800,5800,1319,1319,510.0,629.496963127371,500.8665220011608,5835.850906001724,0.0
1774106069,10,,Aggregated,10.500000,10.500000,510,570,610,630,1000,1000,1100,2100,4400,5800,5800,1331,1331,510.0,629.2133397979045,500.8665220011608,5835.850906001724,0.0
1774106070,10,,Aggregated,10.400000,10.400000,510,570,610,630,1000,1000,1100,2100,4400,5800,5800,1341,1341,510.0,628.7424066413239,500.8665220011608,5835.850906001724,0.0
1774106071,10,,Aggregated,10.400000,10.400000,510,570,610,630,1000,1000,1100,2100,4400,5800,5800,1353,1353,510.0,627.931795489292,500.8665220011608,5835.850906001724,0.0
1774106072,10,,Aggregated,10.700000,10.700000,510,570,610,630,1000,1000,1100,2100,4400,5800,5800,1363,1363,510.0,627.479684953781,500.8665220011608,5835.850906001724,0.0
1774106073,10,,Aggregated,10.400000,10.400000,510,570,610,630,1000,1000,1100,2100,4400,5800,5800,1374,1374,510.0,627.7471423617193,500.8665220011608,5835.850906001724,0.0
1774106074,10,,Aggregated,10.500000,10.500000,510,570,610,630,1000,1000,1100,2100,4400,5800,5800,1385,1385,510.0,627.3802298512641,500.8665220011608,5835.850906001724,0.0
1774106075,10,,Aggregated,10.700000,10.700000,510,570,610,630,1000,1000,1100,2100,4400,5800,5800,1395,1395,510.0,626.7703886064481,500.8665220011608,5835.850906001724,0.0
1774106076,10,,Aggregated,10.500000,10.500000,510,570,610,630,1000,1000,1100,1600,4400,5800,5800,1405,1405,510.0,626.384337288963,500.8665220011608,5835.850906001724,0.0
1774106077,10,,Aggregated,10.700000,10.700000,510,570,610,630,1000,1000,1100,1600,4400,5800,5800,1417,1417,510.0,626.1267756725546,500.8665220011608,5835.850906001724,0.0
1774106078,10,,Aggregated,10.700000,10.700000,510,570,610,630,1000,1000,1100,1600,4400,5800,5800,1428,1428,510.0,625.8173529138666,500.8665220011608,5835.850906001724,0.0
1774106079,10,,Aggregated,10.800000,10.800000,510,570,610,630,1000,1000,1100,1600,4400,5800,5800,1438,1438,510.0,625.2727924916506,500.8665220011608,5835.850906001724,0.0
1774106080,10,,Aggregated,11.000000,11.000000,510,570,610,630,1000,1000,1100,1600,4400,5800,5800,1450,1450,510.0,625.3057531648266,500.8665220011608,5835.850906001724,0.0
1774106081,10,,Aggregated,10.900000,10.900000,510,560,610,630,1000,1000,1100,1600,4400,5800,5800,1461,1461,510.0,624.8928119739934,500.8665220011608,5835.850906001724,0.0
1774106082,10,,Aggregated,10.700000,10.700000,510,570,610,630,1000,1000,1100,1600,4400,5800,5800,1471,1471,510.0,625.0735537872201,500.8665220011608,5835.850906001724,0.0
1774106083,10,,Aggregated,10.700000,10.700000,510,570,610,630,1000,1000,1100,1600,4400,5800,5800,1479,1479,510.0,624.6652474604447,500.8665220011608,5835.850906001724,0.0
1774106084,10,,Aggregated,10.800000,10.800000,510,570,610,630,1000,1000,1100,1600,4400,5800,5800,1491,1491,510.0,624.4794574875933,500.8665220011608,5835.850906001724,0.0
1774106085,10,,Aggregated,10.800000,10.800000,510,570,610,630,1000,1000,1100,1500,4400,5800,5800,1504,1504,510.0,624.2025987047869,500.8665220011608,5835.850906001724,0.0
1774106086,10,,Aggregated,10.700000,10.700000,510,570,610,630,1000,1000,1100,1500,4400,5800,5800,1514,1514,510.0,623.9142585660516,500.8665220011608,5835.850906001724,0.0
1774106087,10,,Aggregated,10.500000,10.500000,510,560,610,630,1000,1000,1100,1500,4400,5800,5800,1524,1524,510.0,623.8410141108931,500.8665220011608,5835.850906001724,0.0
1774106088,10,,Aggregated,10.700000,10.700000,510,560,610,630,1000,1000,1100,1500,4400,5800,5800,1535,1535,510.0,623.400713396089,500.8665220011608,5835.850906001724,0.0
1774106089,10,,Aggregated,10.600000,10.600000,510,560,610,630,1000,1000,1100,1500,4400,5800,5800,1545,1545,510.0,623.0077986414219,500.8665220011608,5835.850906001724,0.0
1774106090,10,,Aggregated,10.600000,10.600000,510,560,610,630,1000,1000,1100,1500,4400,5800,5800,1557,1557,510.0,622.6977783346063,500.8665220011608,5835.850906001724,0.0
1774106091,10,,Aggregated,10.700000,10.700000,510,560,610,630,1000,1000,1100,1500,4400,5800,5800,1568,1568,510.0,622.3531586823884,500.8665220011608,5835.850906001724,0.0
1774106092,10,,Aggregated,10.800000,10.800000,510,560,610,630,1000,1000,1100,1500,4400,5800,5800,1579,1579,510.0,621.8595241171529,500.8665220011608,5835.850906001724,0.0
1774106093,10,,Aggregated,10.600000,10.600000,510,560,610,630,1000,1000,1100,1500,4400,5800,5800,1590,1590,510.0,621.4957952767205,500.8665220011608,5835.850906001724,0.0
1774106094,10,,Aggregated,11.000000,11.000000,510,560,610,630,1000,1000,1100,1400,4400,5800,5800,1603,1603,510.0,621.3740118284377,500.8665220011608,5835.850906001724,0.0
1774106095,10,,Aggregated,10.800000,10.800000,510,550,610,630,1000,1000,1100,1400,4400,5800,5800,1614,1614,510.0,620.9866589479461,500.8665220011608,5835.850906001724,0.0
1774106096,10,,Aggregated,10.700000,10.700000,510,550,610,630,1000,1000,1100,1400,4400,5800,5800,1623,1623,510.0,620.7086187202633,500.8665220011608,5835.850906001724,0.0
1774106097,10,,Aggregated,10.900000,10.900000,510,560,610,630,1000,1000,1100,1400,4400,5800,5800,1633,1633,510.0,621.0462001690045,500.8665220011608,5835.850906001724,0.0
1774106098,10,,Aggregated,10.800000,10.800000,510,560,610,630,1000,1000,1100,1400,4400,5800,5800,1644,1644,510.0,620.7979619853919,500.8665220011608,5835.850906001724,0.0
1774106099,10,,Aggregated,11.000000,11.000000,510,550,610,630,1000,1000,1100,1400,4400,5800,5800,1654,1654,510.0,620.4787482061587,500.8665220011608,5835.850906001724,0.0
1774106100,10,,Aggregated,10.800000,10.800000,510,550,610,630,1000,1000,1100,1400,4400,5800,5800,1666,1666,510.0,620.0590756416489,500.8665220011608,5835.850906001724,0.0
1774106101,10,,Aggregated,10.700000,10.700000,510,550,610,630,1000,1000,1100,1400,4400,5800,5800,1677,1677,510.0,619.8863320435195,500.8665220011608,5835.850906001724,0.0
1774106102,10,,Aggregated,10.600000,10.600000,510,560,610,630,1000,1000,1100,1400,4400,5800,5800,1687,1687,510.0,620.0588322187201,500.8665220011608,5835.850906001724,0.0
1774106103,10,,Aggregated,10.600000,10.600000,510,560,610,630,1000,1000,1100,1400,4400,5800,5800,1698,1698,510.0,619.7570550105876,500.8665220011608,5835.850906001724,0.0
1774106104,10,,Aggregated,10.300000,10.300000,510,560,610,630,1000,1000,1100,1400,4400,5800,5800,1708,1708,510.0,619.5430326135693,500.8665220011608,5835.850906001724,0.0
1774106105,10,,Aggregated,10.600000,10.600000,510,560,610,630,1000,1000,1100,1400,4400,5800,5800,1718,1718,510.0,619.5715746315337,500.8665220011608,5835.850906001724,0.0
1774106106,10,,Aggregated,10.800000,10.800000,510,560,610,630,1000,1000,1100,1400,4400,5800,5800,1729,1729,510.0,619.5188976732067,500.8665220011608,5835.850906001724,0.0
1774106107,10,,Aggregated,10.700000,10.700000,510,560,610,630,1000,1000,1100,1400,4400,5800,5800,1740,1740,510.0,619.2997064838904,500.8665220011608,5835.850906001724,0.0
1774106108,10,,Aggregated,10.600000,10.600000,510,560,610,630,1000,1000,1100,1400,4400,5800,5800,1751,1751,510.0,619.0149066636061,500.8665220011608,5835.850906001724,0.0
1774106109,10,,Aggregated,10.400000,10.400000,510,560,610,630,1000,1000,1100,1400,4400,5800,5800,1762,1762,510.0,618.7315107610516,500.8665220011608,5835.850906001724,0.0
1774106110,10,,Aggregated,10.400000,10.400000,510,560,610,630,1000,1000,1100,1400,4400,5800,5800,1772,1772,510.0,618.2547076139736,500.8665220011608,5835.850906001724,0.0
1774106111,10,,Aggregated,10.800000,10.800000,510,560,610,630,1000,1000,1100,1400,4400,5800,5800,1782,1782,510.0,618.0582431756272,500.8665220011608,5835.850906001724,0.0
1774106112,10,,Aggregated,10.900000,10.900000,510,560,610,630,1000,1000,1100,1400,4400,5800,5800,1794,1794,510.0,617.7406049280738,500.8665220011608,5835.850906001724,0.0
1774106113,10,,Aggregated,11.000000,11.000000,510,560,610,630,1000,1000,1100,1200,4400,5800,5800,1805,1805,510.0,617.7665857129967,500.8665220011608,5835.850906001724,0.0
1774106114,10,,Aggregated,11.000000,11.000000,510,560,610,630,1000,1000,1100,1200,4400,5800,5800,1817,1817,510.0,617.4888934006369,500.8665220011608,5835.850906001724,0.0
1774106115,10,,Aggregated,10.700000,10.700000,510,560,610,630,1000,1000,1100,1200,4400,5800,5800,1826,1826,510.0,617.5147316785083,500.8665220011608,5835.850906001724,0.0
1774106116,10,,Aggregated,10.600000,10.600000,510,560,610,630,1000,1000,1100,1200,4400,5800,5800,1837,1837,510.0,617.2814526439621,500.8665220011608,5835.850906001724,0.0
1774106117,10,,Aggregated,10.600000,10.600000,510,560,610,630,1000,1000,1100,1200,4400,5800,5800,1848,1848,510.0,617.1495416796309,500.8665220011608,5835.850906001724,0.0
1774106118,10,,Aggregated,10.700000,10.700000,510,560,610,630,1000,1000,1100,1200,4400,5800,5800,1857,1857,510.0,616.7418238998144,500.8665220011608,5835.850906001724,0.0
1774106119,10,,Aggregated,10.800000,10.800000,510,560,610,630,1000,1000,1100,1200,4400,5800,5800,1869,1869,510.0,616.5559197945195,500.8665220011608,5835.850906001724,0.0
1774106120,10,,Aggregated,10.900000,10.900000,510,570,610,630,1000,1000,1100,1200,4400,5800,5800,1879,1879,510.0,616.443677880232,500.8665220011608,5835.850906001724,0.0
1774106121,10,,Aggregated,10.700000,10.700000,510,560,610,630,1000,1000,1100,1200,4400,5800,5800,1891,1891,510.0,615.8919585647532,500.8665220011608,5835.850906001724,0.0
1774106122,10,,Aggregated,10.700000,10.700000,510,560,610,630,1000,1000,1100,1200,4400,5800,5800,1904,1904,510.0,615.2063298093253,500.8665220011608,5835.850906001724,0.0
1774106123,10,,Aggregated,10.800000,10.800000,510,550,610,630,1000,1000,1100,1200,4400,5800,5800,1915,1915,510.0,614.6314542877078,500.8665220011608,5835.850906001724,0.0
1774106124,10,,Aggregated,10.800000,10.800000,510,550,610,630,1000,1000,1100,1200,4400,5800,5800,1924,1924,510.0,614.3475310768991,500.8665220011608,5835.850906001724,0.0
1774106125,10,,Aggregated,11.000000,11.000000,510,560,610,630,1000,1000,1100,1200,4400,5800,5800,1935,1935,510.0,614.3397495643152,500.8665220011608,5835.850906001724,0.0
1774106126,10,,Aggregated,11.100000,11.100000,510,550,610,630,1000,1000,1100,1200,4400,5800,5800,1946,1946,510.0,613.8938606078887,500.8665220011608,5835.850906001724,0.0
1774106127,10,,Aggregated,11.000000,11.000000,510,550,610,630,1000,1000,1100,1200,4400,5800,5800,1956,1956,510.0,613.9828355648996,500.8665220011608,5835.850906001724,0.0
1774106128,10,,Aggregated,11.000000,11.000000,510,550,610,630,1000,1000,1100,1200,4400,5800,5800,1966,1966,510.0,613.5493759725,500.8665220011608,5835.850906001724,0.0
1774106129,10,,Aggregated,10.900000,10.900000,510,540,610,630,1000,1000,1100,1200,4400,5800,5800,1980,1980,510.0,613.0294553934009,500.8665220011608,5835.850906001724,0.0
1774106130,10,,Aggregated,10.900000,10.900000,510,540,610,630,1000,1000,1100,1200,4400,5800,5800,1991,1991,510.0,612.6612239542592,500.8665220011608,5835.850906001724,0.0
1774106131,10,,Aggregated,11.000000,11.000000,510,540,610,630,1000,1000,1000,1200,4300,5800,5800,2001,2001,510.0,612.3759734692272,500.8665220011608,5835.850906001724,0.0
1774106132,10,,Aggregated,10.800000,10.800000,510,550,610,630,1000,1000,1000,1200,4300,5800,5800,2011,2011,510.0,612.2271344092103,500.8665220011608,5835.850906001724,0.0
1774106133,10,,Aggregated,10.700000,10.700000,510,550,610,630,1000,1000,1000,1200,4300,5800,5800,2023,2023,510.0,612.0736141161285,500.8665220011608,5835.850906001724,0.0
1774106134,10,,Aggregated,11.000000,11.000000,510,550,610,630,1000,1000,1000,1200,4300,5800,5800,2034,2034,510.0,611.8377163008528,500.8665220011608,5835.850906001724,0.0
1774106135,10,,Aggregated,11.000000,11.000000,510,540,610,630,1000,1000,1000,1200,4300,5800,5800,2047,2047,510.0,611.3553367278615,500.8665220011608,5835.850906001724,0.0
1774106136,10,,Aggregated,10.900000,10.900000,510,540,610,630,1000,1000,1000,1200,4300,5800,5800,2057,2057,510.0,611.1737153879102,500.8665220011608,5835.850906001724,0.0
1774106137,10,,Aggregated,11.100000,11.100000,510,530,610,630,1000,1000,1000,1200,4300,5800,5800,2069,2069,510.0,610.857847051201,500.8665220011608,5835.850906001724,0.0
1774106138,10,,Aggregated,11.100000,11.100000,510,530,610,630,1000,1000,1000,1200,4300,5800,5800,2080,2080,510.0,610.6863386485242,500.8665220011608,5835.850906001724,0.0
1774106139,10,,Aggregated,11.100000,11.100000,510,530,610,630,1000,1000,1000,1200,4300,5800,5800,2090,2090,510.0,610.5120364377643,500.8665220011608,5835.850906001724,0.0
1774106140,10,,Aggregated,11.200000,11.200000,510,530,610,630,1000,1000,1000,1200,4300,5800,5800,2103,2103,510.0,610.2185966342946,500.8665220011608,5835.850906001724,0.0
1774106141,10,,Aggregated,11.000000,11.000000,510,530,610,630,1000,1000,1000,1200,4300,5800,5800,2114,2114,510.0,609.9398407218212,500.8665220011608,5835.850906001724,0.0
1774106142,10,,Aggregated,11.200000,11.200000,510,520,610,630,1000,1000,1000,1200,4300,5800,5800,2125,2125,510.0,609.5120156173791,500.8665220011608,5835.850906001724,0.0
1774106143,10,,Aggregated,11.200000,11.200000,510,520,610,620,1000,1000,1000,1200,4300,5800,5800,2136,2136,510.0,609.0905955402311,500.8665220011608,5835.850906001724,0.0
1774106144,10,,Aggregated,11.100000,11.100000,510,520,610,620,1000,1000,1000,1200,4300,5800,5800,2147,2147,510.0,608.6132006888351,500.8665220011608,5835.850906001724,0.0
1774106145,10,,Aggregated,11.000000,11.000000,510,520,610,620,1000,1000,1000,1200,4300,5800,5800,2160,2160,510.0,608.3966370018163,500.8665220011608,5835.850906001724,0.0
1774106146,10,,Aggregated,11.200000,11.200000,510,520,610,620,1000,1000,1000,1200,4300,5800,5800,2170,2170,510.0,607.9745164220845,500.8665220011608,5835.850906001724,0.0
1774106147,10,,Aggregated,11.200000,11.200000,510,520,610,620,1000,1000,1000,1200,4300,5800,5800,2182,2182,510.0,607.6538619330557,500.8665220011608,5835.850906001724,0.0
1774106148,10,,Aggregated,11.200000,11.200000,510,520,610,620,1000,1000,1000,1200,4300,5800,5800,2193,2193,510.0,607.6171651600238,500.8665220011608,5835.850906001724,0.0
1774106149,10,,Aggregated,11.200000,11.200000,510,520,610,620,1000,1000,1000,1200,4300,5800,5800,2205,2205,510.0,607.1540148838708,500.8665220011608,5835.850906001724,0.0
1774106150,10,,Aggregated,11.000000,11.000000,510,520,610,620,1000,1000,1000,1200,4300,5800,5800,2216,2216,510.0,606.8612966682962,500.8665220011608,5835.850906001724,0.0
1774106151,10,,Aggregated,11.100000,11.100000,510,520,610,620,1000,1000,1000,1200,4300,5800,5800,2226,2226,510.0,606.752864130704,500.8665220011608,5835.850906001724,0.0
1774106152,10,,Aggregated,11.200000,11.200000,510,520,610,620,1000,1000,1000,1200,4300,5800,5800,2237,2237,510.0,606.5435052337701,500.8665220011608,5835.850906001724,0.0
1774106153,10,,Aggregated,11.300000,11.300000,510,520,610,620,1000,1000,1000,1200,4300,5800,5800,2250,2250,510.0,606.194011325311,500.8665220011608,5835.850906001724,0.0
1774106154,10,,Aggregated,11.300000,11.300000,510,520,610,620,1000,1000,1000,1200,4300,5800,5800,2261,2261,510.0,605.7927155687518,500.8665220011608,5835.850906001724,0.0
1774106155,10,,Aggregated,11.200000,11.200000,510,510,610,620,1000,1000,1000,1200,4300,5800,5800,2272,2272,510.0,605.5695337631813,500.8665220011608,5835.850906001724,0.0
1774106156,10,,Aggregated,11.100000,11.100000,510,510,610,620,1000,1000,1000,1200,4300,5800,5800,2283,2283,510.0,605.1764837936728,500.8665220011608,5835.850906001724,0.0
1774106157,10,,Aggregated,11.100000,11.100000,510,510,610,620,1000,1000,1000,1200,4300,5800,5800,2293,2293,510.0,605.0730902319925,500.8665220011608,5835.850906001724,0.0
1774106158,10,,Aggregated,11.200000,11.200000,510,510,610,620,1000,1000,1000,1200,4300,5800,5800,2306,2306,510.0,604.6565597736176,500.8665220011608,5835.850906001724,0.0
1774106159,10,,Aggregated,11.300000,11.300000,510,510,610,620,1000,1000,1000,1200,4300,5800,5800,2315,2315,510.0,604.6992923809754,500.8665220011608,5835.850906001724,0.0
1774106160,10,,Aggregated,11.400000,11.400000,510,510,610,620,1000,1000,1000,1200,4300,5800,5800,2326,2326,510.0,604.5484307093546,500.8665220011608,5835.850906001724,0.0
1774106161,10,,Aggregated,11.300000,11.300000,510,510,610,620,1000,1000,1000,1200,4300,5800,5800,2338,2338,510.0,604.3300868729514,500.8665220011608,5835.850906001724,0.0
1774106162,10,,Aggregated,11.200000,11.200000,510,510,610,620,1000,1000,1000,1200,4300,5800,5800,2349,2349,510.0,603.908343504455,500.8665220011608,5835.850906001724,0.0
1774106163,10,,Aggregated,11.200000,11.200000,510,510,610,620,1000,1000,1000,1200,4300,5800,5800,2360,2360,510.0,603.774945183883,500.8665220011608,5835.850906001724,0.0
1774106164,10,,Aggregated,11.200000,11.200000,510,510,600,620,1000,1000,1000,1200,4300,5800,5800,2373,2373,510.0,603.3225204610054,500.8665220011608,5835.850906001724,0.0
1774106165,10,,Aggregated,11.200000,11.200000,510,510,600,620,1000,1000,1000,1200,4300,5800,5800,2384,2384,510.0,603.0133403980559,500.8665220011608,5835.850906001724,0.0
1774106166,10,,Aggregated,11.200000,11.200000,510,510,600,620,1000,1000,1000,1200,4300,5800,5800,2396,2396,510.0,602.6930990767796,500.8665220011608,5835.850906001724,0.0
1774106167,10,,Aggregated,11.100000,11.100000,510,510,600,620,1000,1000,1000,1100,4300,5800,5800,2406,2406,510.0,602.3207091629131,500.8665220011608,5835.850906001724,0.0
1774106168,10,,Aggregated,11.200000,11.200000,510,510,600,620,1000,1000,1000,1100,4300,5800,5800,2416,2416,510.0,602.0690593302844,500.8665220011608,5835.850906001724,0.0
1774106169,10,,Aggregated,11.200000,11.200000,510,510,600,620,1000,1000,1000,1100,4300,5800,5800,2429,2429,510.0,601.5533272926992,500.8665220011608,5835.850906001724,0.0
1774106170,10,,Aggregated,11.300000,11.300000,510,510,600,620,1000,1000,1000,1100,4300,5800,5800,2440,2440,510.0,601.1887456905598,500.8665220011608,5835.850906001724,0.0
1774106171,10,,Aggregated,11.300000,11.300000,510,510,600,620,1000,1000,1000,1100,4300,5800,5800,2450,2450,510.0,601.0556797326403,500.8665220011608,5835.850906001724,0.0
1774106172,10,,Aggregated,11.300000,11.300000,510,510,600,620,1000,1000,1000,1100,4300,5800,5800,2462,2462,510.0,600.7787604349993,500.8665220011608,5835.850906001724,0.0
1774106173,10,,Aggregated,11.100000,11.100000,510,510,600,620,1000,1000,1000,1100,4300,5800,5800,2474,2474,510.0,600.4302731871322,500.8665220011608,5835.850906001724,0.0
1774106174,10,,Aggregated,11.200000,11.200000,510,510,600,620,1000,1000,1000,1100,4300,5800,5800,2486,2486,510.0,599.9750412550145,500.8665220011608,5835.850906001724,0.0
1774106175,10,,Aggregated,11.100000,11.100000,510,510,600,620,1000,1000,1000,1100,4300,5800,5800,2497,2497,510.0,599.7801010204116,500.8665220011608,5835.850906001724,0.0
1774106176,10,,Aggregated,11.300000,11.300000,510,510,600,620,1000,1000,1000,1100,4300,5800,5800,2507,2507,510.0,599.5933063717471,500.8665220011608,5835.850906001724,0.0
1774106177,10,,Aggregated,11.300000,11.300000,510,510,600,620,1000,1000,1000,1100,4300,5800,5800,2518,2518,510.0,599.2303614475643,500.8665220011608,5835.850906001724,0.0
1774106178,10,,Aggregated,11.100000,11.100000,510,510,600,620,1000,1000,1000,1100,4300,5800,5800,2530,2530,510.0,598.8481145031476,500.8665220011608,5835.850906001724,0.0
1774106179,10,,Aggregated,11.100000,11.100000,510,510,600,620,1000,1000,1000,1100,4300,5800,5800,2542,2542,510.0,598.6874758064365,500.8665220011608,5835.850906001724,0.0
1774106180,10,,Aggregated,11.200000,11.200000,510,510,600,620,1000,1000,1000,1100,4300,5800,5800,2554,2554,510.0,598.407910943993,500.8665220011608,5835.850906001724,0.0
1774106181,10,,Aggregated,11.300000,11.300000,510,510,600,620,1000,1000,1000,1100,4300,5800,5800,2564,2564,510.0,598.1180129625432,500.8665220011608,5835.850906001724,0.0
1774106182,10,,Aggregated,11.200000,11.200000,510,510,600,620,1000,1000,1000,1100,4300,5800,5800,2574,2574,510.0,598.0491639005276,500.8665220011608,5835.850906001724,0.0
1774106183,10,,Aggregated,11.300000,11.300000,510,510,600,620,1000,1000,1000,1100,4300,5800,5800,2587,2587,510.0,597.6220894333038,500.8665220011608,5835.850906001724,0.0
1774106184,10,,Aggregated,11.100000,11.100000,510,510,600,620,1000,1000,1000,1100,4300,5800,5800,2598,2598,510.0,597.2337297205387,500.8665220011608,5835.850906001724,0.0
1774106185,10,,Aggregated,11.200000,11.200000,510,510,600,620,1000,1000,1000,1100,4300,5800,5800,2610,2610,510.0,597.1322116881047,500.8665220011608,5835.850906001724,0.0
1774106186,10,,Aggregated,11.400000,11.400000,510,510,600,620,1000,1000,1000,1100,4300,5800,5800,2622,2622,510.0,596.9340177921249,500.8665220011608,5835.850906001724,0.0
1774106187,10,,Aggregated,11.400000,11.400000,510,510,600,620,1000,1000,1000,1100,4300,5800,5800,2632,2632,510.0,596.9033540026398,500.8665220011608,5835.850906001724,0.0
1774106188,10,,Aggregated,11.500000,11.500000,510,510,600,620,1000,1000,1000,1100,4300,5800,5800,2643,2643,510.0,596.7345588456088,500.8665220011608,5835.850906001724,0.0
1774106189,10,,Aggregated,11.400000,11.400000,510,510,600,620,1000,1000,1000,1100,4300,5800,5800,2655,2655,510.0,596.3670238726697,500.8665220011608,5835.850906001724,0.0
1774106190,10,,Aggregated,11.200000,11.200000,510,510,600,620,1000,1000,1000,1100,4300,5800,5800,2667,2667,510.0,596.0730444975371,500.8665220011608,5835.850906001724,0.0
1774106191,10,,Aggregated,11.100000,11.100000,510,510,600,620,1000,1000,1000,1100,4300,5800,5800,2677,2677,510.0,595.8540378699789,500.8665220011608,5835.850906001724,0.0
1774106192,10,,Aggregated,11.200000,11.200000,510,510,600,620,1000,1000,1000,1100,4300,5800,5800,2690,2690,510.0,595.6511995126128,500.8665220011608,5835.850906001724,0.0
1774106193,10,,Aggregated,11.300000,11.300000,510,510,600,620,1000,1000,1000,1100,4300,5800,5800,2701,2701,510.0,595.3245381210389,500.8665220011608,5835.850906001724,0.0
1774106194,10,,Aggregated,11.500000,11.500000,510,510,600,620,1000,1000,1000,1100,4300,5800,5800,2712,2712,510.0,595.1879375928945,500.8665220011608,5835.850906001724,0.0
1774106195,10,,Aggregated,11.500000,11.500000,510,510,600,620,1000,1000,1000,1100,4300,5800,5800,2723,2723,510.0,594.8804966841471,500.8665220011608,5835.850906001724,0.0
1774106196,10,,Aggregated,11.100000,11.100000,510,510,600,620,1000,1000,1000,1100,4300,5800,5800,2734,2734,510.0,594.8632155767892,500.8665220011608,5835.850906001724,0.0
1774106197,10,,Aggregated,11.200000,11.200000,510,510,600,620,1000,1000,1000,1100,4300,5800,5800,2745,2745,510.0,594.7948285165563,500.8665220011608,5835.850906001724,0.0
1774106198,10,,Aggregated,11.000000,11.000000,510,510,600,620,1000,1000,1000,1100,4300,5800,5800,2755,2755,510.0,594.7153836664033,500.8665220011608,5835.850906001724,0.0
1774106199,10,,Aggregated,11.100000,11.100000,510,510,600,610,1000,1000,1000,1100,4300,5800,5800,2766,2766,510.0,594.38743802167,500.8665220011608,5835.850906001724,0.0
1774106200,10,,Aggregated,11.100000,11.100000,510,510,600,610,1000,1000,1000,1100,4300,5800,5800,2779,2779,510.0,594.1836210823802,500.8665220011608,5835.850906001724,0.0
1774106201,10,,Aggregated,11.200000,11.200000,510,510,600,610,1000,1000,1000,1100,4300,5800,5800,2789,2789,510.0,593.9645912473785,500.8665220011608,5835.850906001724,0.0
1774106202,10,,Aggregated,11.300000,11.300000,510,510,600,610,1000,1000,1000,1100,4300,5800,5800,2800,2800,510.0,593.643332050694,500.8665220011608,5835.850906001724,0.0
1774106203,10,,Aggregated,11.200000,11.200000,510,510,600,610,1000,1000,1000,1100,4300,5800,5800,2814,2814,510.0,593.3835277864082,500.8665220011608,5835.850906001724,0.0
1774106204,10,,Aggregated,11.000000,11.000000,510,510,600,610,1000,1000,1000,1100,4300,5800,5800,2825,2825,510.0,593.0979848399849,500.8665220011608,5835.850906001724,0.0
1774106205,10,,Aggregated,11.100000,11.100000,510,510,600,610,1000,1000,1000,1100,4300,5800,5800,2836,2836,510.0,592.8357750705065,500.8665220011608,5835.850906001724,0.0
1774106206,10,,Aggregated,11.300000,11.300000,510,510,600,610,1000,1000,1000,1100,4300,5800,5800,2846,2846,510.0,592.6638193007551,500.8665220011608,5835.850906001724,0.0
1774106207,10,,Aggregated,11.300000,11.300000,510,510,600,610,1000,1000,1000,1100,4300,5800,5800,2857,2857,510.0,592.5382854287548,500.8665220011608,5835.850906001724,0.0
1774106208,10,,Aggregated,11.300000,11.300000,510,510,600,610,1000,1000,1000,1100,4300,5800,5800,2869,2869,510.0,592.4180661547413,500.8665220011608,5835.850906001724,0.0
1774106209,10,,Aggregated,11.300000,11.300000,510,510,600,610,1000,1000,1000,1100,4300,5800,5800,2879,2879,510.0,592.3212757505919,500.8665220011608,5835.850906001724,0.0
1774106210,10,,Aggregated,11.400000,11.400000,510,510,600,610,1000,1000,1000,1100,4300,5800,5800,2891,2891,510.0,592.2257363956941,500.8665220011608,5835.850906001724,0.0
1774106211,10,,Aggregated,11.200000,11.200000,510,510,600,610,860,1000,1000,1100,4300,5800,5800,2901,2901,510.0,592.0548716263144,500.8665220011608,5835.850906001724,0.0
1774106212,10,,Aggregated,11.200000,11.200000,510,510,600,610,850,1000,1000,1100,4300,5800,5800,2912,2912,510.0,591.766454043934,500.8665220011608,5835.850906001724,0.0
1774106213,10,,Aggregated,11.300000,11.300000,510,510,600,610,850,1000,1000,1100,4300,5800,5800,2925,2925,510.0,591.7238517408338,500.8665220011608,5835.850906001724,0.0
1774106214,10,,Aggregated,11.100000,11.100000,510,510,600,610,830,1000,1000,1100,4300,5800,5800,2935,2935,510.0,591.5068472275777,500.8665220011608,5835.850906001724,0.0
1774106215,10,,Aggregated,11.200000,11.200000,510,510,600,610,830,1000,1000,1100,4300,5800,5800,2946,2946,510.0,591.3558634551723,500.8665220011608,5835.850906001724,0.0
1774106216,10,,Aggregated,11.100000,11.100000,510,510,600,610,800,1000,1000,1100,4300,5800,5800,2959,2959,510.0,591.0437216332995,500.8665220011608,5835.850906001724,0.0
1774106217,10,,Aggregated,11.000000,11.000000,510,510,600,610,780,1000,1000,1100,4300,5800,5800,2970,2970,510.0,590.7955491339889,500.8665220011608,5835.850906001724,0.0
1774106218,10,,Aggregated,11.200000,11.200000,510,510,600,610,780,1000,1000,1100,4300,5800,5800,2980,2980,510.0,590.7301575939441,500.8665220011608,5835.850906001724,0.0
1774106219,10,,Aggregated,11.200000,11.200000,510,510,600,610,770,1000,1000,1100,4300,5800,5800,2991,2991,510.0,590.6894267746384,500.8665220011608,5835.850906001724,0.0
1774106220,10,,Aggregated,11.100000,11.100000,510,510,600,610,770,1000,1000,1100,4300,5800,5800,3003,3003,510.0,590.5938882377452,500.8665220011608,5835.850906001724,0.0
1774106221,10,,Aggregated,11.200000,11.200000,510,510,600,610,770,1000,1000,1100,4300,5800,5800,3015,3015,510.0,590.3062100076086,500.8665220011608,5835.850906001724,0.0
1774106222,10,,Aggregated,11.000000,11.000000,510,510,600,610,770,1000,1000,1100,4300,5800,5800,3026,3026,510.0,590.28512177295,500.8665220011608,5835.850906001724,0.0
1774106223,10,,Aggregated,11.000000,11.000000,510,510,600,610,760,1000,1000,1100,4300,5800,5800,3036,3036,510.0,590.1343326146065,500.8665220011608,5835.850906001724,0.0
1774106224,10,,Aggregated,11.300000,11.300000,510,510,600,610,740,1000,1000,1100,4300,5800,5800,3046,3046,510.0,589.9035193371453,500.8665220011608,5835.850906001724,0.0
1774106225,10,,Aggregated,11.100000,11.100000,510,510,600,610,740,1000,1000,1100,4300,5800,5800,3058,3058,510.0,589.7487454149579,500.8665220011608,5835.850906001724,0.0
1774106226,10,,Aggregated,11.000000,11.000000,510,510,600,610,730,1000,1000,1100,4300,5800,5800,3070,3070,510.0,589.500238446235,500.8665220011608,5835.850906001724,0.0
1774106227,10,,Aggregated,11.100000,11.100000,510,510,600,610,720,1000,1000,1100,4300,5800,5800,3081,3081,510.0,589.2267111817375,500.8665220011608,5835.850906001724,0.0
1774106228,10,,Aggregated,11.000000,11.000000,510,510,600,610,730,1000,1000,1100,4300,5800,5800,3091,3091,510.0,589.3152402442374,500.8665220011608,5835.850906001724,0.0
1774106229,10,,Aggregated,11.300000,11.300000,510,510,600,610,730,1000,1000,1100,4300,5800,5800,3105,3105,510.0,589.1754634740547,500.8665220011608,5835.850906001724,0.0
1774106230,10,,Aggregated,11.200000,11.200000,510,510,600,610,730,1000,1000,1100,4300,5800,5800,3116,3116,510.0,589.272285538811,500.8665220011608,5835.850906001724,0.0
1774106231,10,,Aggregated,11.300000,11.300000,510,510,600,610,730,1000,1000,1100,4300,5800,5800,3126,3126,510.0,589.1081732146308,500.8665220011608,5835.850906001724,0.0
1774106232,10,,Aggregated,11.300000,11.300000,510,510,600,610,730,1000,1000,1100,4300,5800,5800,3137,3137,510.0,589.131619900522,500.8665220011608,5835.850906001724,0.0
1774106233,10,,Aggregated,11.200000,11.200000,510,510,600,610,720,1000,1000,1100,4300,5800,5800,3149,3149,510.0,588.9694513464391,500.8665220011608,5835.850906001724,0.0
1774106234,10,,Aggregated,11.100000,11.100000,510,510,600,610,720,1000,1000,1100,4300,5800,5800,3159,3159,510.0,588.7939146457543,500.8665220011608,5835.850906001724,0.0
1774106235,10,,Aggregated,11.200000,11.200000,510,510,600,610,710,1000,1000,1100,4300,5800,5800,3169,3169,510.0,588.5294631407185,500.8665220011608,5835.850906001724,0.0
1774106236,10,,Aggregated,11.200000,11.200000,510,510,600,610,710,1000,1000,1100,4300,5800,5800,3180,3180,510.0,588.47893770344,500.8665220011608,5835.850906001724,0.0
1774106237,10,,Aggregated,11.100000,11.100000,510,510,600,610,710,1000,1000,1100,4300,5800,5800,3190,3190,510.0,588.4073429708252,500.8665220011608,5835.850906001724,0.0
1774106238,10,,Aggregated,11.100000,11.100000,510,510,600,610,710,1000,1000,1100,4300,5800,5800,3204,3204,510.0,588.258990468768,500.8665220011608,5835.850906001724,0.0
1774106239,10,,Aggregated,10.700000,10.700000,510,510,600,610,710,1000,1000,1100,4300,5800,5800,3215,3215,510.0,588.1537341004448,500.8665220011608,5835.850906001724,0.0
1774106240,10,,Aggregated,10.900000,10.900000,510,510,600,610,710,1000,1000,1100,4300,5800,5800,3225,3225,510.0,588.2874913299008,500.8665220011608,5835.850906001724,0.0
1774106241,10,,Aggregated,11.000000,11.000000,510,510,600,610,710,1000,1000,1100,4300,5800,5800,3236,3236,510.0,588.0854787382332,500.8665220011608,5835.850906001724,0.0
1774106242,10,,Aggregated,11.000000,11.000000,510,510,600,610,710,1000,1000,1100,4300,5800,5800,3247,3247,510.0,587.8081077760771,500.8665220011608,5835.850906001724,0.0
1774106243,10,,Aggregated,10.900000,10.900000,510,510,600,610,710,1000,1000,1100,4300,5800,5800,3259,3259,510.0,587.5310081911404,500.8665220011608,5835.850906001724,0.0
1774106244,10,,Aggregated,10.900000,10.900000,510,510,600,610,700,1000,1000,1100,4300,5800,5800,3271,3271,510.0,587.3317790657061,500.8665220011608,5835.850906001724,0.0
1774106245,10,,Aggregated,10.900000,10.900000,510,510,600,610,700,1000,1000,1100,4300,5800,5800,3283,3283,510.0,587.0957335430754,500.8665220011608,5835.850906001724,0.0
1774106246,10,,Aggregated,11.100000,11.100000,510,510,600,610,700,1000,1000,1100,4300,5800,5800,3295,3295,510.0,586.8906197201554,500.8665220011608,5835.850906001724,0.0
1774106247,10,,Aggregated,11.300000,11.300000,510,510,600,610,700,1000,1000,1100,4300,5800,5800,3306,3306,510.0,586.7226676548429,500.8665220011608,5835.850906001724,0.0
1774106248,10,,Aggregated,11.300000,11.300000,510,510,600,610,700,1000,1000,1100,4300,5800,5800,3318,3318,510.0,586.6599202139574,500.8665220011608,5835.850906001724,0.0
1774106249,10,,Aggregated,11.500000,11.500000,510,510,600,610,690,1000,1000,1100,4300,5800,5800,3329,3329,510.0,586.4994129531134,500.8665220011608,5835.850906001724,0.0
1774106250,10,,Aggregated,11.400000,11.400000,510,510,600,610,690,1000,1000,1100,4300,5800,5800,3339,3339,510.0,586.2882757684692,500.8665220011608,5835.850906001724,0.0
1774106251,10,,Aggregated,11.300000,11.300000,510,510,590,610,690,1000,1000,1100,4300,5800,5800,3349,3349,510.0,586.076581112847,500.8665220011608,5835.850906001724,0.0
1774106253,10,,Aggregated,11.400000,11.400000,510,510,590,610,690,1000,1000,1100,4300,5800,5800,3362,3362,510.0,585.8925985695793,500.8665220011608,5835.850906001724,0.0
1774106254,10,,Aggregated,11.400000,11.400000,510,510,590,610,690,1000,1000,1100,4300,5800,5800,3371,3371,510.0,585.8965475894174,500.8665220011608,5835.850906001724,0.0
1774106255,10,,Aggregated,11.300000,11.300000,510,510,590,610,690,1000,1000,1100,4300,5800,5800,3384,3384,510.0,585.757547603114,500.8665220011608,5835.850906001724,0.0
1774106256,10,,Aggregated,11.100000,11.100000,510,510,590,610,690,1000,1000,1100,4300,5800,5800,3396,3396,510.0,585.6761841263051,500.8665220011608,5835.850906001724,0.0
1774106257,10,,Aggregated,11.200000,11.200000,510,510,590,610,690,1000,1000,1100,4300,5800,5800,3406,3406,510.0,585.5297121500096,500.8665220011608,5835.850906001724,0.0
1774106258,10,,Aggregated,11.200000,11.200000,510,510,590,610,690,1000,1000,1100,4300,5800,5800,3417,3417,510.0,585.3175614129123,500.8665220011608,5835.850906001724,0.0
1774106259,10,,Aggregated,11.200000,11.200000,510,510,590,610,690,1000,1000,1100,4300,5800,5800,3427,3427,510.0,585.2140246290975,500.8665220011608,5835.850906001724,0.0
1774106260,10,,Aggregated,11.100000,11.100000,510,510,590,610,690,1000,1000,1100,4300,5800,5800,3439,3439,510.0,584.9705224018383,500.8665220011608,5835.850906001724,0.0
1774106261,10,,Aggregated,10.900000,10.900000,510,510,590,610,680,1000,1000,1100,4300,5800,5800,3450,3450,510.0,584.8245587950482,500.8665220011608,5835.850906001724,0.0
1774106262,10,,Aggregated,10.900000,10.900000,510,510,590,610,680,1000,1000,1100,4300,5800,5800,3460,3460,510.0,584.7620401889928,500.8665220011608,5835.850906001724,0.0
1774106263,10,,Aggregated,10.900000,10.900000,510,510,590,610,680,1000,1000,1100,4300,5800,5800,3471,3471,510.0,584.5422998613993,500.8665220011608,5835.850906001724,0.0
1774106264,10,,Aggregated,11.100000,11.100000,510,510,590,610,680,1000,1000,1100,4300,5800,5800,3483,3483,510.0,584.5925433000061,500.8665220011608,5835.850906001724,0.0
1774106265,10,,Aggregated,10.900000,10.900000,510,510,590,610,680,1000,1000,1100,4300,5800,5800,3496,3496,510.0,584.3318491827572,500.8665220011608,5835.850906001724,0.0
1774106266,10,,Aggregated,10.900000,10.900000,510,510,590,610,680,1000,1000,1100,4300,5800,5800,3505,3505,510.0,584.3149926795778,500.8665220011608,5835.850906001724,0.0
1774106267,10,,Aggregated,11.100000,11.100000,510,510,590,610,680,1000,1000,1100,4300,5800,5800,3516,3516,510.0,584.2730449078283,500.8665220011608,5835.850906001724,0.0
1774106268,10,,Aggregated,11.000000,11.000000,510,510,590,610,680,1000,1000,1100,4300,5800,5800,3527,3527,510.0,584.2000986708055,500.8665220011608,5835.850906001724,0.0
1774106269,10,,Aggregated,11.000000,11.000000,510,510,590,610,680,1000,1000,1100,4300,5800,5800,3537,3537,510.0,584.2297818198832,500.8665220011608,5835.850906001724,0.0
1774106270,10,,Aggregated,11.100000,11.100000,510,510,590,610,680,1000,1000,1100,4300,5800,5800,3547,3547,510.0,584.0319287270728,500.8665220011608,5835.850906001724,0.0
1774106271,10,,Aggregated,11.000000,11.000000,510,510,590,610,680,1000,1000,1100,4300,5800,5800,3559,3559,510.0,583.8382609137199,500.8665220011608,5835.850906001724,0.0
1774106272,10,,Aggregated,10.900000,10.900000,510,510,590,610,680,1000,1000,1100,4300,5800,5800,3573,3573,510.0,583.5998819009011,500.8665220011608,5835.850906001724,0.0
1774106273,10,,Aggregated,10.900000,10.900000,510,510,590,610,680,1000,1000,1100,4300,5800,5800,3583,3583,510.0,583.4621180114199,500.8665220011608,5835.850906001724,0.0
1774106274,10,,Aggregated,11.100000,11.100000,510,510,590,610,680,1000,1000,1100,4300,5800,5800,3596,3596,510.0,583.1793507780627,500.8665220011608,5835.850906001724,0.0
1774106275,10,,Aggregated,11.100000,11.100000,510,510,590,610,680,1000,1000,1100,4300,5800,5800,3605,3605,510.0,583.0705563259136,500.8665220011608,5835.850906001724,0.0
1774106276,10,,Aggregated,11.200000,11.200000,510,510,590,610,680,1000,1000,1100,4300,5800,5800,3617,3617,510.0,582.949559647198,500.8665220011608,5835.850906001724,0.0
1774106277,10,,Aggregated,11.100000,11.100000,510,510,590,610,680,1000,1000,1100,4300,5800,5800,3629,3629,510.0,582.8601001713733,500.8665220011608,5835.850906001724,0.0
1774106278,10,,Aggregated,11.200000,11.200000,510,510,590,610,680,1000,1000,1100,4300,5800,5800,3641,3641,510.0,582.6586398288692,500.8665220011608,5835.850906001724,0.0
1774106279,10,,Aggregated,11.300000,11.300000,510,510,590,610,680,1000,1000,1100,4300,5800,5800,3652,3652,510.0,582.595106564597,500.8665220011608,5835.850906001724,0.0
1774106280,10,,Aggregated,11.300000,11.300000,510,510,590,610,680,1000,1000,1100,4300,5800,5800,3661,3661,510.0,582.4046477194507,500.8665220011608,5835.850906001724,0.0
1774106281,10,,Aggregated,11.300000,11.300000,510,510,590,610,680,1000,1000,1100,4300,5800,5800,3671,3671,510.0,582.4136051784018,500.8665220011608,5835.850906001724,0.0
1774106282,10,,Aggregated,11.400000,11.400000,510,510,590,610,680,1000,1000,1100,4300,5800,5800,3684,3684,510.0,582.3316823286954,500.8665220011608,5835.850906001724,0.0
1774106283,10,,Aggregated,11.300000,11.300000,510,510,590,610,680,1000,1000,1100,4300,5800,5800,3695,3695,510.0,582.1478146946989,500.8665220011608,5835.850906001724,0.0
1774106284,10,,Aggregated,11.300000,11.300000,510,510,590,610,670,1000,1000,1100,4300,5800,5800,3705,3705,510.0,581.9786372091536,500.8665220011608,5835.850906001724,0.0
1774106285,10,,Aggregated,11.100000,11.100000,510,510,590,610,680,1000,1000,1100,4300,5800,5800,3715,3715,510.0,582.0909899779069,500.8665220011608,5835.850906001724,0.0
1774106286,10,,Aggregated,11.100000,11.100000,510,510,590,610,680,1000,1000,1100,4300,5800,5800,3727,3727,510.0,582.0644700276159,500.8665220011608,5835.850906001724,0.0
1774106287,10,,Aggregated,11.200000,11.200000,510,510,590,610,680,1000,1000,1100,4300,5800,5800,3739,3739,510.0,581.9267607408186,500.8665220011608,5835.850906001724,0.0
1774106288,10,,Aggregated,11.000000,11.000000,510,510,590,610,680,1000,1000,1100,4300,5800,5800,3750,3750,510.0,581.8694181519776,500.8665220011608,5835.850906001724,0.0
1774106289,10,,Aggregated,11.000000,11.000000,510,510,590,610,680,1000,1000,1100,4300,5800,5800,3760,3760,510.0,581.8298751802967,500.8665220011608,5835.850906001724,0.0
1774106290,10,,Aggregated,10.900000,10.900000,510,510,590,610,670,1000,1000,1100,4300,5800,5800,3771,3771,510.0,581.7094204025208,500.8665220011608,5835.850906001724,0.0
1774106291,10,,Aggregated,11.000000,11.000000,510,510,590,610,670,1000,1000,1100,4300,5800,5800,3784,3784,510.0,581.6316198149864,500.8665220011608,5835.850906001724,0.0
1774106292,10,,Aggregated,10.900000,10.900000,510,510,590,610,670,1000,1000,1100,4300,5800,5800,3796,3796,510.0,581.4499723951285,500.8665220011608,5835.850906001724,0.0
1774106293,10,,Aggregated,11.000000,11.000000,510,510,590,610,670,1000,1000,1100,4300,5800,5800,3808,3808,510.0,581.2881613736622,500.8665220011608,5835.850906001724,0.0
1774106294,10,,Aggregated,11.100000,11.100000,510,510,590,610,670,1000,1000,1100,4300,5800,5800,3819,3819,510.0,581.145120214429,500.8665220011608,5835.850906001724,0.0
1774106295,10,,Aggregated,11.200000,11.200000,510,510,590,610,670,1000,1000,1100,4300,5800,5800,3830,3830,510.0,581.0272886772614,500.8665220011608,5835.850906001724,0.0
1774106296,10,,Aggregated,11.200000,11.200000,510,510,590,610,670,1000,1000,1100,4300,5800,5800,3840,3840,510.0,581.0295953898225,500.8665220011608,5835.850906001724,0.0
1774106297,10,,Aggregated,11.300000,11.300000,510,510,590,610,670,1000,1000,1100,4300,5800,5800,3851,3851,510.0,580.8649402165457,500.8665220011608,5835.850906001724,0.0
1774106298,10,,Aggregated,11.200000,11.200000,510,510,590,610,670,1000,1000,1100,4300,5800,5800,3864,3864,510.0,580.7716350558774,500.8665220011608,5835.850906001724,0.0
1774106299,10,,Aggregated,11.100000,11.100000,510,510,590,610,670,1000,1000,1100,4300,5800,5800,3875,3875,510.0,580.5941519253975,500.8665220011608,5835.850906001724,0.0
1774106300,10,,Aggregated,11.200000,11.200000,510,510,590,610,670,1000,1000,1100,4300,5800,5800,3885,3885,510.0,580.5028952632981,500.8665220011608,5835.850906001724,0.0
1774106301,10,,Aggregated,11.300000,11.300000,510,510,590,610,670,1000,1000,1100,4300,5800,5800,3896,3896,510.0,580.4901385895572,500.8665220011608,5835.850906001724,0.0
1774106302,10,,Aggregated,11.400000,11.400000,510,510,590,610,670,1000,1000,1100,4300,5800,5800,3906,3906,510.0,580.4444682155461,500.8665220011608,5835.850906001724,0.0
1774106303,10,,Aggregated,11.400000,11.400000,510,510,590,610,670,1000,1000,1100,4300,5800,5800,3917,3917,510.0,580.2670133579087,500.8665220011608,5835.850906001724,0.0
1774106304,10,,Aggregated,11.200000,11.200000,510,510,590,610,670,1000,1000,1100,4300,5800,5800,3929,3929,510.0,580.2757020656481,500.8665220011608,5835.850906001724,0.0
1774106305,10,,Aggregated,10.900000,10.900000,510,510,590,610,670,1000,1000,1100,4300,5800,5800,3941,3941,510.0,580.1015906117568,500.8665220011608,5835.850906001724,0.0
1774106306,10,,Aggregated,10.900000,10.900000,510,510,590,610,670,1000,1000,1100,4300,5800,5800,3953,3953,510.0,579.9184611737726,500.8665220011608,5835.850906001724,0.0
1774106307,10,,Aggregated,11.000000,11.000000,510,510,590,610,670,1000,1000,1100,4300,5800,5800,3964,3964,510.0,579.867841194231,500.8665220011608,5835.850906001724,0.0
1774106308,10,,Aggregated,11.200000,11.200000,510,510,590,610,670,1000,1000,1100,4300,5800,5800,3977,3977,510.0,579.667421852131,500.8665220011608,5835.850906001724,0.0
1774106309,10,,Aggregated,11.300000,11.300000,510,510,590,610,670,1000,1000,1100,4300,5800,5800,3988,3988,510.0,579.5522673653262,500.8665220011608,5835.850906001724,0.0
1774106310,10,,Aggregated,11.300000,11.300000,510,510,590,610,670,1000,1000,1100,4300,5800,5800,3998,3998,510.0,579.6762589774696,500.8665220011608,5835.850906001724,0.0
1774106311,10,,Aggregated,11.200000,11.200000,510,510,590,610,670,1000,1000,1000,4300,5800,5800,4010,4010,510.0,579.6335109229232,500.8665220011608,5835.850906001724,0.0
1774106312,10,,Aggregated,11.100000,11.100000,510,510,590,610,670,1000,1000,1000,4300,5800,5800,4020,4020,510.0,579.5064868701296,500.8665220011608,5835.850906001724,0.0
1774106313,10,,Aggregated,11.200000,11.200000,510,510,590,610,670,1000,1000,1000,4300,5800,5800,4030,4030,510.0,579.6193726754143,500.8665220011608,5835.850906001724,0.0
1774106314,10,,Aggregated,11.200000,11.200000,510,510,590,610,670,1000,1000,1000,4300,5800,5800,4041,4041,510.0,579.4884508416062,500.8665220011608,5835.850906001724,0.0
1774106315,10,,Aggregated,11.300000,11.300000,510,510,590,610,670,1000,1000,1000,4300,5800,5800,4051,4051,510.0,579.515470592676,500.8665220011608,5835.850906001724,0.0
1774106316,10,,Aggregated,11.100000,11.100000,510,510,590,610,670,1000,1000,1000,4300,5800,5800,4064,4064,510.0,579.3673296217851,500.8665220011608,5835.850906001724,0.0
1774106317,10,,Aggregated,11.100000,11.100000,510,510,590,610,670,1000,1000,1000,4300,5800,5800,4075,4075,510.0,579.2541762561776,500.8665220011608,5835.850906001724,0.0
1774106318,10,,Aggregated,11.000000,11.000000,510,510,590,610,670,1000,1000,1000,4300,5800,5800,4085,4085,510.0,579.1271573877434,500.8665220011608,5835.850906001724,0.0
1774106319,10,,Aggregated,10.900000,10.900000,510,510,590,610,670,1000,1000,1000,4300,5800,5800,4097,4097,510.0,579.0401418672033,500.8665220011608,5835.850906001724,0.0
1774106320,10,,Aggregated,10.900000,10.900000,510,510,590,610,670,1000,1000,1000,4300,5800,5800,4107,4107,510.0,578.8846221300049,500.8665220011608,5835.850906001724,0.0
1774106321,10,,Aggregated,11.000000,11.000000,510,510,590,610,670,1000,1000,1000,4300,5800,5800,4119,4119,510.0,578.7859953794425,500.8665220011608,5835.850906001724,0.0
1774106322,10,,Aggregated,11.000000,11.000000,510,510,590,610,660,1000,1000,1000,4300,5800,5800,4131,4131,510.0,578.6539500329028,500.8665220011608,5835.850906001724,0.0
1774106323,10,,Aggregated,10.900000,10.900000,510,510,590,610,660,1000,1000,1000,4300,5800,5800,4144,4144,510.0,578.5304211471812,500.8665220011608,5835.850906001724,0.0
1774106324,10,,Aggregated,11.000000,11.000000,510,510,590,610,660,1000,1000,1000,4300,5800,5800,4154,4154,510.0,578.4283335149038,500.8665220011608,5835.850906001724,0.0
1774106325,10,,Aggregated,11.100000,11.100000,510,510,590,610,660,1000,1000,1000,4300,5800,5800,4165,4165,510.0,578.3631628379121,500.8665220011608,5835.850906001724,0.0
1774106326,10,,Aggregated,11.300000,11.300000,510,510,590,610,660,1000,1000,1000,4300,5800,5800,4174,4174,510.0,578.2308042833993,500.8665220011608,5835.850906001724,0.0
1774106327,10,,Aggregated,11.200000,11.200000,510,510,590,610,660,1000,1000,1000,4300,5800,5800,4185,4185,510.0,578.3021069151517,500.8665220011608,5835.850906001724,0.0
1774106328,10,,Aggregated,11.000000,11.000000,510,510,590,610,660,1000,1000,1000,4300,5800,5800,4196,4196,510.0,578.2292511019797,500.8665220011608,5835.850906001724,0.0
1774106329,10,,Aggregated,10.800000,10.800000,510,510,590,610,660,1000,1000,1000,4300,5800,5800,4207,4207,510.0,578.1225914542217,500.8665220011608,5835.850906001724,0.0
1774106330,10,,Aggregated,10.700000,10.700000,510,510,590,610,660,1000,1000,1000,4300,5800,5800,4218,4218,510.0,578.1678911872724,500.8665220011608,5835.850906001724,0.0
1774106331,10,,Aggregated,10.800000,10.800000,510,510,590,610,660,1000,1000,1000,4300,5800,5800,4231,4231,510.0,578.018770014867,500.8665220011608,5835.850906001724,0.0
1774106332,10,,Aggregated,10.900000,10.900000,510,510,590,610,660,1000,1000,1000,4300,5800,5800,4241,4241,510.0,577.8758430697727,500.8665220011608,5835.850906001724,0.0
1774106333,10,,Aggregated,10.900000,10.900000,510,510,590,610,660,1000,1000,1000,4300,5800,5800,4252,4252,510.0,577.8283731542592,500.8665220011608,5835.850906001724,0.0
1774106334,10,,Aggregated,11.100000,11.100000,510,510,590,610,660,1000,1000,1000,4300,5800,5800,4261,4261,510.0,577.8518325364712,500.8665220011608,5835.850906001724,0.0
1774106335,10,,Aggregated,11.000000,11.000000,510,510,590,610,660,1000,1000,1000,4300,5800,5800,4273,4273,510.0,577.7428173035125,500.8665220011608,5835.850906001724,0.0
1774106336,10,,Aggregated,10.800000,10.800000,510,510,590,610,660,1000,1000,1000,4300,5800,5800,4283,4283,510.0,577.6125122028732,500.8665220011608,5835.850906001724,0.0
1774106337,10,,Aggregated,10.800000,10.800000,510,510,590,610,660,1000,1000,1000,4300,5800,5800,4293,4293,510.0,577.5685825261819,500.8665220011608,5835.850906001724,0.0
1774106338,10,,Aggregated,10.800000,10.800000,510,510,590,610,660,1000,1000,1000,4300,5800,5800,4304,4304,510.0,577.5854289135445,500.8665220011608,5835.850906001724,0.0
1774106339,10,,Aggregated,11.000000,11.000000,510,510,590,610,660,1000,1000,1000,4300,5800,5800,4316,4316,510.0,577.4508653718478,500.8665220011608,5835.850906001724,0.0
1774106340,10,,Aggregated,11.100000,11.100000,510,510,590,610,660,1000,1000,1000,4300,5800,5800,4329,4329,510.0,577.2918610852148,500.8665220011608,5835.850906001724,0.0
1774106341,10,,Aggregated,10.900000,10.900000,510,510,590,610,660,1000,1000,1000,4300,5800,5800,4340,4340,510.0,577.2061548796989,500.8665220011608,5835.850906001724,0.0
1774106342,10,,Aggregated,11.000000,11.000000,510,510,590,610,660,1000,1000,1000,4300,5800,5800,4350,4350,510.0,577.0887614013538,500.8665220011608,5835.850906001724,0.0
1774106343,10,,Aggregated,11.000000,11.000000,510,510,590,610,660,1000,1000,1000,4300,5800,5800,4364,4364,510.0,577.0146928796745,500.8665220011608,5835.850906001724,0.0
1774106344,10,,Aggregated,10.800000,10.800000,510,510,590,610,660,1000,1000,1000,4300,5800,5800,4374,4374,510.0,576.9928639409915,500.8665220011608,5835.850906001724,0.0
1774106345,10,,Aggregated,10.800000,10.800000,510,510,590,610,660,1000,1000,1000,4300,5800,5800,4384,4384,510.0,576.9926944712361,500.8665220011608,5835.850906001724,0.0
1774106346,10,,Aggregated,10.900000,10.900000,510,510,590,610,660,1000,1000,1000,4300,5800,5800,4395,4395,510.0,576.9320937665296,500.8665220011608,5835.850906001724,0.0
1774106347,10,,Aggregated,10.900000,10.900000,510,510,590,610,660,1000,1000,1000,4300,5800,5800,4407,4407,510.0,576.7684013335368,500.8665220011608,5835.850906001724,0.0
1774106348,10,,Aggregated,11.200000,11.200000,510,510,590,610,660,1000,1000,1000,4300,5800,5800,4419,4419,510.0,576.7035558479067,500.8665220011608,5835.850906001724,0.0
1774106349,10,,Aggregated,11.100000,11.100000,510,510,590,610,660,1000,1000,1000,4300,5800,5800,4429,4429,510.0,576.5693512122152,500.8665220011608,5835.850906001724,0.0
1774106350,10,,Aggregated,11.100000,11.100000,510,510,590,610,660,1000,1000,1000,4300,5800,5800,4438,4438,510.0,576.4662417593285,500.8665220011608,5835.850906001724,0.0
1774106351,10,,Aggregated,11.400000,11.400000,510,510,590,610,660,1000,1000,1000,4300,5800,5800,4449,4449,510.0,576.5584874016397,500.8665220011608,5835.850906001724,0.0
1774106352,10,,Aggregated,11.300000,11.300000,510,510,590,610,660,1000,1000,1000,4300,5800,5800,4462,4462,510.0,576.5218936487888,500.8665220011608,5835.850906001724,0.0
1774106353,10,,Aggregated,11.100000,11.100000,510,510,590,610,660,1000,1000,1000,4300,5800,5800,4471,4471,510.0,576.5394608141128,500.8665220011608,5835.850906001724,0.0
1774106354,10,,Aggregated,11.100000,11.100000,510,510,590,610,660,1000,1000,1000,4300,5800,5800,4481,4481,510.0,576.5150842858519,500.8665220011608,5835.850906001724,0.0
1774106355,10,,Aggregated,10.900000,10.900000,510,510,590,610,660,1000,1000,1000,4300,5800,5800,4492,4492,510.0,576.39993358101,500.8665220011608,5835.850906001724,0.0
1774106356,10,,Aggregated,11.100000,11.100000,510,510,590,610,660,1000,1000,1000,4300,5800,5800,4503,4503,510.0,576.2483840226292,500.8665220011608,5835.850906001724,0.0
1774106357,10,,Aggregated,11.200000,11.200000,510,510,590,610,660,1000,1000,1000,4300,5800,5800,4514,4514,510.0,576.1266724392761,500.8665220011608,5835.850906001724,0.0
1774106358,10,,Aggregated,11.000000,11.000000,510,510,590,610,660,1000,1000,1000,4300,5800,5800,4525,4525,510.0,576.1703014744505,500.8665220011608,5835.850906001724,0.0
1774106359,10,,Aggregated,11.100000,11.100000,510,510,590,610,660,1000,1000,1000,4300,5800,5800,4538,4538,510.0,575.9881447965823,500.8665220011608,5835.850906001724,0.0
1774106360,10,,Aggregated,10.900000,10.900000,510,510,590,610,660,1000,1000,1000,4300,5800,5800,4549,4549,510.0,575.8632867750907,500.8665220011608,5835.850906001724,0.0
1774106361,10,,Aggregated,10.500000,10.500000,510,510,590,610,660,1000,1000,1000,4300,5800,5800,4560,4560,510.0,575.7449848791422,500.8665220011608,5835.850906001724,0.0
1774106362,10,,Aggregated,10.600000,10.600000,510,510,590,610,660,1000,1000,1000,4300,5800,5800,4572,4572,510.0,575.6929924470447,500.8665220011608,5835.850906001724,0.0
1774106363,10,,Aggregated,11.000000,11.000000,510,510,590,610,660,1000,1000,1000,4300,5800,5800,4583,4583,510.0,575.5629685609634,500.8665220011608,5835.850906001724,0.0
1774106364,10,,Aggregated,11.000000,11.000000,510,510,590,610,660,1000,1000,1000,4300,5800,5800,4592,4592,510.0,575.468773379116,500.8665220011608,5835.850906001724,0.0
1774106365,10,,Aggregated,11.100000,11.100000,510,510,590,610,660,1000,1000,1000,4300,5800,5800,4604,4604,510.0,575.5426255920734,500.8665220011608,5835.850906001724,0.0
1774106366,10,,Aggregated,10.900000,10.900000,510,510,590,610,660,1000,1000,1000,4300,5800,5800,4617,4617,510.0,575.4111643829125,500.8665220011608,5835.850906001724,0.0
1774106367,10,,Aggregated,11.100000,11.100000,510,510,590,610,660,1000,1000,1000,4300,5800,5800,4628,4628,510.0,575.3518594273786,500.8665220011608,5835.850906001724,0.0
1774106368,10,,Aggregated,11.000000,11.000000,510,510,590,610,660,1000,1000,1000,4300,5800,5800,4639,4639,510.0,575.2183373500549,500.8665220011608,5835.850906001724,0.0
1774106369,10,,Aggregated,11.100000,11.100000,510,510,590,610,660,1000,1000,1000,4300,5800,5800,4650,4650,510.0,575.2876153186901,500.8665220011608,5835.850906001724,0.0
1774106370,10,,Aggregated,11.400000,11.400000,510,510,590,610,660,1000,1000,1000,4300,5800,5800,4662,4662,510.0,575.2014245797753,500.8665220011608,5835.850906001724,0.0
1774106371,10,,Aggregated,11.400000,11.400000,510,510,590,610,660,1000,1000,1000,4300,5800,5800,4673,4673,510.0,575.0872774194121,500.8665220011608,5835.850906001724,0.0
1774106372,10,,Aggregated,11.300000,11.300000,510,510,590,610,660,1000,1000,1000,4300,5800,5800,4683,4683,510.0,575.0608587729912,500.8665220011608,5835.850906001724,0.0
1774106373,10,,Aggregated,11.100000,11.100000,510,510,590,610,660,1000,1000,1000,4300,5800,5800,4693,4693,510.0,575.073266898126,500.8665220011608,5835.850906001724,0.0
1774106374,10,,Aggregated,11.100000,11.100000,510,510,590,610,660,1000,1000,1000,4300,5800,5800,4705,4705,510.0,575.0284957493967,500.8665220011608,5835.850906001724,0.0
1774106375,10,,Aggregated,11.300000,11.300000,510,510,590,610,660,1000,1000,1000,4300,5800,5800,4716,4716,510.0,574.8673399117696,500.8665220011608,5835.850906001724,0.0
1774106376,10,,Aggregated,11.400000,11.400000,510,510,590,610,660,1000,1000,1000,4300,5800,5800,4729,4729,510.0,574.8652388927716,500.8665220011608,5835.850906001724,0.0
1774106377,10,,Aggregated,11.100000,11.100000,510,510,590,610,660,1000,1000,1000,4300,5800,5800,4739,4739,510.0,574.8325759073472,500.8665220011608,5835.850906001724,0.0
1774106378,10,,Aggregated,11.100000,11.100000,510,510,590,610,660,1000,1000,1000,4300,5800,5800,4750,4750,510.0,574.708800416825,500.8665220011608,5835.850906001724,0.0
1774106379,10,,Aggregated,10.800000,10.800000,510,510,590,610,660,1000,1000,1000,4300,5800,5800,4759,4759,510.0,574.6624145072341,500.8665220011608,5835.850906001724,0.0
1774106380,10,,Aggregated,11.000000,11.000000,510,510,590,610,660,1000,1000,1000,4300,5800,5800,4770,4770,510.0,574.6729600727313,500.8665220011608,5835.850906001724,0.0
1774106381,10,,Aggregated,11.100000,11.100000,510,510,590,610,660,1000,1000,1000,4300,5800,5800,4782,4782,510.0,574.646835259709,500.8665220011608,5835.850906001724,0.0
1774106382,10,,Aggregated,11.200000,11.200000,510,510,590,610,660,1000,1000,1000,4300,5800,5800,4795,4795,510.0,574.4823869749598,500.8665220011608,5835.850906001724,0.0
1774106383,10,,Aggregated,11.100000,11.100000,510,510,590,610,650,1000,1000,1000,4300,5800,5800,4806,4806,510.0,574.3235634163381,500.8665220011608,5835.850906001724,0.0
1774106384,10,,Aggregated,11.000000,11.000000,510,510,590,610,650,1000,1000,1000,4300,5800,5800,4815,4815,510.0,574.2165786060069,500.8665220011608,5835.850906001724,0.0
1774106385,10,,Aggregated,10.800000,10.800000,510,510,590,610,650,1000,1000,1000,4300,5800,5800,4826,4826,510.0,574.3067809459026,500.8665220011608,5835.850906001724,0.0
1774106386,10,,Aggregated,10.900000,10.900000,510,510,590,610,650,1000,1000,1000,4300,5800,5800,4836,4836,510.0,574.2922553556504,500.8665220011608,5835.850906001724,0.0
1774106387,10,,Aggregated,10.800000,10.800000,510,510,590,610,650,1000,1000,1000,4300,5800,5800,4846,4846,510.0,574.3483346095593,500.8665220011608,5835.850906001724,0.0
1774106388,10,,Aggregated,11.000000,11.000000,510,510,590,610,650,1000,1000,1000,4300,5800,5800,4859,4859,510.0,574.1860760668688,500.8665220011608,5835.850906001724,0.0
1774106389,10,,Aggregated,11.100000,11.100000,510,510,590,610,650,1000,1000,1000,4300,5800,5800,4871,4871,510.0,574.1953329570754,500.8665220011608,5835.850906001724,0.0
1774106390,10,,Aggregated,10.900000,10.900000,510,510,590,610,660,1000,1000,1000,4300,5800,5800,4880,4880,510.0,574.2274959635059,500.8665220011608,5835.850906001724,0.0
1774106391,10,,Aggregated,10.800000,10.800000,510,510,590,610,650,1000,1000,1000,4300,5800,5800,4892,4892,510.0,574.2081206933564,500.8665220011608,5835.850906001724,0.0
1774106392,10,,Aggregated,10.700000,10.700000,510,510,590,610,660,1000,1000,1000,4300,5800,5800,4902,4902,510.0,574.3032129954931,500.8665220011608,5835.850906001724,0.0
1774106393,10,,Aggregated,10.900000,10.900000,510,510,590,610,650,1000,1000,1000,4300,5800,5800,4914,4914,510.0,574.2009677962803,500.8665220011608,5835.850906001724,0.0
1774106394,10,,Aggregated,10.700000,10.700000,510,510,590,610,650,1000,1000,1000,4300,5800,5800,4925,4925,510.0,574.1708473246538,500.8665220011608,5835.850906001724,0.0
1774106395,10,,Aggregated,11.000000,11.000000,510,510,590,610,650,1000,1000,1000,4300,5800,5800,4936,4936,510.0,574.0498192777397,500.8665220011608,5835.850906001724,0.0
1774106396,10,,Aggregated,10.900000,10.900000,510,510,590,610,650,1000,1000,1000,4300,5800,5800,4948,4948,510.0,573.9405695652628,500.8665220011608,5835.850906001724,0.0
1774106397,10,,Aggregated,11.000000,11.000000,510,510,590,610,650,1000,1000,1000,4300,5800,5800,4960,4960,510.0,573.9410003288164,500.8665220011608,5835.850906001724,0.0
1774106398,10,,Aggregated,11.000000,11.000000,510,510,590,610,650,1000,1000,1000,4300,5800,5800,4972,4972,510.0,573.8704132881992,500.8665220011608,5835.850906001724,0.0
1774106399,10,,Aggregated,11.100000,11.100000,510,510,590,610,650,1000,1000,1000,4300,5800,5800,4982,4982,510.0,573.733406109981,500.8665220011608,5835.850906001724,0.0
1774106400,10,,Aggregated,10.900000,10.900000,510,510,590,610,650,1000,1000,1000,4300,5800,5800,4993,4993,510.0,573.7291232587461,500.8665220011608,5835.850906001724,0.0
1774106401,10,,Aggregated,11.000000,11.000000,510,510,590,610,650,1000,1000,1000,4300,5800,5800,5004,5004,510.0,573.6208434268445,500.8665220011608,5835.850906001724,0.0
1774106402,10,,Aggregated,11.000000,11.000000,510,510,590,610,650,1000,1000,1000,4300,5800,5800,5014,5014,510.0,573.5037283737402,500.8665220011608,5835.850906001724,0.0
1774106403,10,,Aggregated,10.900000,10.900000,510,510,590,610,650,1000,1000,1000,4300,5800,5800,5025,5025,510.0,573.4918108533211,500.8665220011608,5835.850906001724,0.0
1774106404,10,,Aggregated,11.400000,11.400000,510,510,590,610,650,1000,1000,1000,4300,5800,5800,5036,5036,510.0,573.3676455404953,500.8665220011608,5835.850906001724,0.0
1774106405,10,,Aggregated,11.200000,11.200000,510,510,590,610,650,1000,1000,1000,4300,5800,5800,5048,5048,510.0,573.2831854215401,500.8665220011608,5835.850906001724,0.0
1774106406,10,,Aggregated,11.200000,11.200000,510,510,580,610,650,1000,1000,1000,4300,5800,5800,5060,5060,510.0,573.1235170762715,500.8665220011608,5835.850906001724,0.0
1774106407,10,,Aggregated,11.200000,11.200000,510,510,580,600,650,1000,1000,1000,4300,5800,5800,5073,5073,510.0,572.9727294165056,500.8665220011608,5835.850906001724,0.0
1774106408,10,,Aggregated,11.100000,11.100000,510,510,580,600,650,1000,1000,1000,4300,5800,5800,5083,5083,510.0,572.9105962897776,500.8665220011608,5835.850906001724,0.0
1774106409,10,,Aggregated,11.300000,11.300000,510,510,580,600,650,1000,1000,1000,4300,5800,5800,5094,5094,510.0,572.9060855390538,500.8665220011608,5835.850906001724,0.0
1774106410,10,,Aggregated,11.300000,11.300000,510,510,580,600,650,1000,1000,1000,4300,5800,5800,5104,5104,510.0,572.8335333736161,500.8665220011608,5835.850906001724,0.0
1774106411,10,,Aggregated,11.200000,11.200000,510,510,580,600,650,1000,1000,1000,4300,5800,5800,5116,5116,510.0,572.7426727695334,500.8665220011608,5835.850906001724,0.0
1774106412,10,,Aggregated,11.300000,11.300000,510,510,580,600,650,1000,1000,1000,4300,5800,5800,5129,5129,510.0,572.7303774655738,500.8665220011608,5835.850906001724,0.0
1774106413,10,,Aggregated,11.200000,11.200000,510,510,580,600,650,1000,1000,1000,4300,5800,5800,5140,5140,510.0,572.6041249941497,500.8665220011608,5835.850906001724,0.0
1774106414,10,,Aggregated,11.100000,11.100000,510,510,580,600,650,1000,1000,1000,4300,5800,5800,5150,5150,510.0,572.485149860764,500.8665220011608,5835.850906001724,0.0
1774106415,10,,Aggregated,11.200000,11.200000,510,510,580,600,650,1000,1000,1000,4300,5800,5800,5163,5163,510.0,572.4691245223597,500.8665220011608,5835.850906001724,0.0
1774106416,10,,Aggregated,11.500000,11.500000,510,510,580,600,650,1000,1000,1000,4300,5800,5800,5174,5174,510.0,572.4065208074879,500.8665220011608,5835.850906001724,0.0
1774106417,10,,Aggregated,11.400000,11.400000,510,510,580,600,650,1000,1000,1000,4300,5800,5800,5187,5187,510.0,572.2913590898299,500.8665220011608,5835.850906001724,0.0
1774106418,10,,Aggregated,11.400000,11.400000,510,510,580,600,650,1000,1000,1000,4300,5800,5800,5197,5197,510.0,572.2356829380303,500.8665220011608,5835.850906001724,0.0
1774106419,10,,Aggregated,11.100000,11.100000,510,510,580,600,650,1000,1000,1000,4300,5800,5800,5207,5207,510.0,572.232318965995,500.8665220011608,5835.850906001724,0.0
1774106420,10,,Aggregated,11.300000,11.300000,510,510,580,600,650,1000,1000,1000,4300,5800,5800,5218,5218,510.0,572.2712969700914,500.8665220011608,5835.850906001724,0.0
1774106421,10,,Aggregated,11.400000,11.400000,510,510,580,600,650,1000,1000,1000,4300,5800,5800,5229,5229,510.0,572.1494922419057,500.8665220011608,5835.850906001724,0.0
1774106422,10,,Aggregated,11.200000,11.200000,510,510,580,600,650,1000,1000,1000,4300,5800,5800,5240,5240,510.0,572.0108559286107,500.8665220011608,5835.850906001724,0.0
1774106423,10,,Aggregated,11.500000,11.500000,510,510,580,600,650,1000,1000,1000,4300,5800,5800,5251,5251,510.0,571.9650874280934,500.8665220011608,5835.850906001724,0.0
1774106424,10,,Aggregated,11.300000,11.300000,510,510,580,600,650,1000,1000,1000,4300,5800,5800,5263,5263,510.0,571.8427130400756,500.8665220011608,5835.850906001724,0.0
1774106425,10,,Aggregated,11.300000,11.300000,510,510,580,600,650,1000,1000,1000,4300,5800,5800,5275,5275,510.0,571.8593598979957,500.8665220011608,5835.850906001724,0.0
1774106426,10,,Aggregated,11.100000,11.100000,510,510,580,600,650,1000,1000,1000,4300,5800,5800,5287,5287,510.0,571.7675013497122,500.8665220011608,5835.850906001724,0.0
1774106427,10,,Aggregated,11.000000,11.000000,510,510,580,600,650,1000,1000,1000,4300,5800,5800,5297,5297,510.0,571.7204472629678,500.8665220011608,5835.850906001724,0.0
1774106428,10,,Aggregated,11.100000,11.100000,510,510,580,600,650,1000,1000,1000,4300,5800,5800,5309,5309,510.0,571.5808910693045,500.8665220011608,5835.850906001724,0.0
1774106429,10,,Aggregated,11.100000,11.100000,510,510,580,600,650,1000,1000,1000,4300,5800,5800,5320,5320,510.0,571.5049658851368,500.8665220011608,5835.850906001724,0.0
1774106430,10,,Aggregated,11.100000,11.100000,510,510,580,600,650,1000,1000,1000,4300,5800,5800,5330,5330,510.0,571.6497614793487,500.8665220011608,5835.850906001724,0.0
1774106431,10,,Aggregated,11.200000,11.200000,510,510,580,600,650,1000,1000,1000,4300,5800,5800,5340,5340,510.0,571.553180676392,500.8665220011608,5835.850906001724,0.0
1774106432,10,,Aggregated,11.100000,11.100000,510,510,580,600,650,1000,1000,1000,4300,5800,5800,5351,5351,510.0,571.4171468493603,500.8665220011608,5835.850906001724,0.0
1774106433,10,,Aggregated,10.900000,10.900000,510,510,580,600,650,1000,1000,1000,4300,5800,5800,5364,5364,510.0,571.3029904805984,500.8665220011608,5835.850906001724,0.0
1774106434,10,,Aggregated,11.000000,11.000000,510,510,580,600,650,1000,1000,1000,4300,5800,5800,5377,5377,510.0,571.2096288645964,500.8665220011608,5835.850906001724,0.0
1774106435,10,,Aggregated,11.000000,11.000000,510,510,580,600,650,1000,1000,1000,4300,5800,5800,5387,5387,510.0,571.2306715908547,500.8665220011608,5835.850906001724,0.0
1774106436,10,,Aggregated,11.100000,11.100000,510,510,580,600,650,1000,1000,1000,4300,5800,5800,5398,5398,510.0,571.2325993508597,500.8665220011608,5835.850906001724,0.0
1774106437,10,,Aggregated,11.200000,11.200000,510,510,580,600,650,1000,1000,1000,4300,5800,5800,5408,5408,510.0,571.157490723177,500.8665220011608,5835.850906001724,0.0
1774106438,10,,Aggregated,11.000000,11.000000,510,510,580,600,650,1000,1000,1000,4300,5800,5800,5421,5421,510.0,571.1277073226246,500.8665220011608,5835.850906001724,0.0
1774106439,10,,Aggregated,11.300000,11.300000,510,510,580,600,650,1000,1000,1000,4300,5800,5800,5433,5433,510.0,571.0638706362861,500.8665220011608,5835.850906001724,0.0
1774106440,10,,Aggregated,11.200000,11.200000,510,510,580,600,650,1000,1000,1000,4300,5800,5800,5443,5443,510.0,570.963953142926,500.8665220011608,5835.850906001724,0.0
1774106441,10,,Aggregated,11.400000,11.400000,510,510,580,600,650,1000,1000,1000,4300,5800,5800,5454,5454,510.0,571.0971618883281,500.8665220011608,5835.850906001724,0.0
1774106442,10,,Aggregated,11.500000,11.500000,510,510,580,600,650,1000,1000,1000,4300,5800,5800,5465,5465,510.0,570.9802057106932,500.8665220011608,5835.850906001724,0.0
1774106443,10,,Aggregated,11.300000,11.300000,510,510,580,600,650,1000,1000,1000,4300,5800,5800,5478,5478,510.0,570.9704454935998,500.8665220011608,5835.850906001724,0.0
1774106444,10,,Aggregated,11.400000,11.400000,510,510,580,600,650,1000,1000,1000,4300,5800,5800,5488,5488,510.0,570.8493733604114,500.8665220011608,5835.850906001724,0.0
1774106445,10,,Aggregated,11.400000,11.400000,510,510,580,600,650,1000,1000,1000,4300,5800,5800,5501,5501,510.0,570.7927140632505,500.8665220011608,5835.850906001724,0.0
1774106446,10,,Aggregated,11.300000,11.300000,510,510,580,600,650,1000,1000,1000,4300,5800,5800,5512,5512,510.0,570.6639954136327,500.8665220011608,5835.850906001724,0.0
1774106447,10,,Aggregated,11.300000,11.300000,510,510,580,600,650,1000,1000,1000,4300,5800,5800,5524,5524,510.0,570.651226537641,500.8665220011608,5835.850906001724,0.0
1774106448,10,,Aggregated,11.400000,11.400000,510,510,580,600,650,1000,1000,1000,4300,5800,5800,5534,5534,510.0,570.601452039561,500.8665220011608,5835.850906001724,0.0
1774106449,10,,Aggregated,11.300000,11.300000,510,510,580,600,650,1000,1000,1000,4300,5800,5800,5544,5544,510.0,570.5764834177359,500.8665220011608,5835.850906001724,0.0
1774106450,10,,Aggregated,11.300000,11.300000,510,510,580,600,650,1000,1000,1000,4300,5800,5800,5555,5555,510.0,570.5671191497601,500.8665220011608,5835.850906001724,0.0
1774106451,10,,Aggregated,10.900000,10.900000,510,510,580,600,650,1000,1000,1000,4300,5800,5800,5565,5565,510.0,570.478803937812,500.8665220011608,5835.850906001724,0.0
1774106452,10,,Aggregated,11.000000,11.000000,510,510,580,600,650,1000,1000,1000,4300,5800,5800,5576,5576,510.0,570.5459410030352,500.8665220011608,5835.850906001724,0.0
1774106453,10,,Aggregated,11.200000,11.200000,510,510,580,600,650,1000,1000,1000,4300,5800,5800,5587,5587,510.0,570.5688728526802,500.8665220011608,5835.850906001724,0.0
1774106454,10,,Aggregated,11.000000,11.000000,510,510,580,600,650,1000,1000,1000,4300,5800,5800,5598,5598,510.0,570.5626626698688,500.8665220011608,5835.850906001724,0.0
1774106455,10,,Aggregated,10.900000,10.900000,510,510,580,600,650,1000,1000,1000,4300,5800,5800,5611,5611,510.0,570.444065551047,500.8665220011608,5835.850906001724,0.0
1774106456,10,,Aggregated,11.000000,11.000000,510,510,580,600,650,1000,1000,1000,4300,5800,5800,5621,5621,510.0,570.4784035114601,500.8665220011608,5835.850906001724,0.0
1774106457,10,,Aggregated,11.100000,11.100000,510,510,580,600,650,1000,1000,1000,4300,5800,5800,5631,5631,510.0,570.3625872496751,500.8665220011608,5835.850906001724,0.0
1774106458,10,,Aggregated,11.000000,11.000000,510,510,580,600,650,1000,1000,1000,4300,5800,5800,5641,5641,510.0,570.3007896482752,500.8665220011608,5835.850906001724,0.0
1774106459,10,,Aggregated,10.800000,10.800000,510,510,580,600,650,1000,1000,1000,4300,5800,5800,5655,5655,510.0,570.2598379824792,500.8665220011608,5835.850906001724,0.0
1774106460,10,,Aggregated,10.600000,10.600000,510,510,580,600,650,1000,1000,1000,4300,5800,5800,5665,5665,510.0,570.1717862536464,500.8665220011608,5835.850906001724,0.0
1774106461,10,,Aggregated,11.000000,11.000000,510,510,580,600,650,1000,1000,1000,4300,5800,5800,5676,5676,510.0,570.1701243216878,500.8665220011608,5835.850906001724,0.0
1774106462,10,,Aggregated,11.100000,11.100000,510,510,580,600,650,1000,1000,1000,4300,5800,5800,5687,5687,510.0,570.1689966076851,500.8665220011608,5835.850906001724,0.0
1774106463,10,,Aggregated,11.200000,11.200000,510,510,580,600,650,1000,1000,1000,4300,5800,5800,5699,5699,510.0,570.0554347499394,500.8665220011608,5835.850906001724,0.0
1774106464,10,,Aggregated,11.200000,11.200000,510,510,580,600,650,1000,1000,1000,4300,5800,5800,5709,5709,510.0,569.96276670431,500.8665220011608,5835.850906001724,0.0
1774106465,10,,Aggregated,11.100000,11.100000,510,510,580,600,650,1000,1000,1000,4300,5800,5800,5722,5722,510.0,569.9717163521339,500.8665220011608,5835.850906001724,0.0
1774106466,10,,Aggregated,10.800000,10.800000,510,510,580,600,650,1000,1000,1000,4300,5800,5800,5731,5731,510.0,569.967802391887,500.8665220011608,5835.850906001724,0.0
1774106467,10,,Aggregated,10.800000,10.800000,510,510,580,600,650,1000,1000,1000,4300,5800,5800,5743,5743,510.0,569.9392355914845,500.8665220011608,5835.850906001724,0.0
1774106468,10,,Aggregated,11.000000,11.000000,510,510,580,600,650,1000,1000,1000,4300,5800,5800,5754,5754,510.0,570.0420898526066,500.8665220011608,5835.850906001724,0.0
1774106469,10,,Aggregated,11.100000,11.100000,510,510,580,600,650,1000,1000,1000,4300,5800,5800,5764,5764,510.0,570.0029300646934,500.8665220011608,5835.850906001724,0.0
1774106470,10,,Aggregated,11.300000,11.300000,510,510,580,600,650,1000,1000,1000,4300,5800,5800,5775,5775,510.0,569.9104370489866,500.8665220011608,5835.850906001724,0.0
1774106471,10,,Aggregated,10.900000,10.900000,510,510,580,600,650,1000,1000,1000,4300,5800,5800,5787,5787,510.0,569.7767667884732,500.8665220011608,5835.850906001724,0.0
1774106472,10,,Aggregated,10.900000,10.900000,510,510,580,600,650,1000,1000,1000,4300,5800,5800,5799,5799,510.0,569.7053088963423,500.8665220011608,5835.850906001724,0.0
1774106473,10,,Aggregated,10.900000,10.900000,510,510,580,600,650,1000,1000,1000,4300,5800,5800,5810,5810,510.0,569.5826103237338,500.8665220011608,5835.850906001724,0.0
1774106474,10,,Aggregated,10.900000,10.900000,510,510,580,600,650,1000,1000,1000,4300,5800,5800,5820,5820,510.0,569.589837007026,500.8665220011608,5835.850906001724,0.0
1774106475,10,,Aggregated,11.100000,11.100000,510,510,580,600,650,1000,1000,1000,4300,5800,5800,5833,5833,510.0,569.4969014004615,500.8665220011608,5835.850906001724,0.0
1774106476,10,,Aggregated,11.100000,11.100000,510,510,580,600,650,1000,1000,1000,4300,5800,5800,5843,5843,510.0,569.4870031762616,500.8665220011608,5835.850906001724,0.0
1774106477,10,,Aggregated,11.100000,11.100000,510,510,580,600,650,1000,1000,1000,4300,5800,5800,5855,5855,510.0,569.4742644889658,500.8665220011608,5835.850906001724,0.0
1774106478,10,,Aggregated,11.100000,11.100000,510,510,580,600,650,1000,1000,1000,4300,5800,5800,5866,5866,510.0,569.3905143211553,500.8665220011608,5835.850906001724,0.0
1774106479,10,,Aggregated,11.100000,11.100000,510,510,580,600,650,1000,1000,1000,4300,5800,5800,5876,5876,510.0,569.3132808692809,500.8665220011608,5835.850906001724,0.0
1774106480,10,,Aggregated,11.100000,11.100000,510,510,580,600,650,1000,1000,1000,4300,5800,5800,5886,5886,510.0,569.2411143431681,500.8665220011608,5835.850906001724,0.0
1774106481,10,,Aggregated,11.200000,11.200000,510,510,580,600,650,1000,1000,1000,4300,5800,5800,5899,5899,510.0,569.131944769264,500.8665220011608,5835.850906001724,0.0
1774106482,10,,Aggregated,11.000000,11.000000,510,510,580,600,650,1000,1000,1000,4300,5800,5800,5910,5910,510.0,569.0746225522657,500.8665220011608,5835.850906001724,0.0
1774106483,10,,Aggregated,11.000000,11.000000,510,510,580,600,650,1000,1000,1000,4300,5800,5800,5921,5921,510.0,569.0080937312762,500.8665220011608,5835.850906001724,0.0
1774106484,10,,Aggregated,11.200000,11.200000,510,510,580,600,650,1000,1000,1000,4300,5800,5800,5931,5931,510.0,568.9351592023078,500.8665220011608,5835.850906001724,0.0
1774106485,10,,Aggregated,11.100000,11.100000,510,510,580,600,650,1000,1000,1000,4300,5800,5800,5943,5943,510.0,568.8490644549706,500.8665220011608,5835.850906001724,0.0
1774106486,10,,Aggregated,11.200000,11.200000,510,510,580,600,650,1000,1000,1000,4300,5800,5800,5955,5955,510.0,568.8181415526261,500.8665220011608,5835.850906001724,0.0
1774106487,10,,Aggregated,11.000000,11.000000,510,510,580,600,650,1000,1000,1000,4300,5800,5800,5964,5964,510.0,568.8355501300963,500.8665220011608,5835.850906001724,0.0
1774106488,10,,Aggregated,11.200000,11.200000,510,510,580,600,650,1000,1000,1000,4300,5800,5800,5974,5974,510.0,569.0090957693159,500.8665220011608,5835.850906001724,0.0
1774106489,10,,Aggregated,11.200000,11.200000,510,510,580,600,650,1000,1000,1000,4300,5800,5800,5985,5985,510.0,568.976519814184,500.8665220011608,5835.850906001724,0.0
1774106490,10,,Aggregated,10.900000,10.900000,510,510,580,600,650,1000,1000,1000,4300,5800,5800,5994,5994,510.0,568.908964096578,500.8665220011608,5835.850906001724,0.0
1774106491,10,,Aggregated,10.900000,10.900000,510,510,580,600,650,1000,1000,1000,2900,5800,5800,6007,6007,510.0,568.8989714709312,500.8665220011608,5835.850906001724,0.0
1774106492,10,,Aggregated,10.900000,10.900000,510,510,580,600,650,1000,1000,1000,2900,5800,5800,6018,6018,510.0,568.8933677595362,500.8665220011608,5835.850906001724,0.0
1774106493,10,,Aggregated,10.600000,10.600000,510,510,580,600,650,1000,1000,1000,2900,5800,5800,6031,6031,510.0,568.8753386640514,500.8665220011608,5835.850906001724,0.0
1774106494,10,,Aggregated,10.800000,10.800000,510,510,580,600,650,1000,1000,1000,2900,5800,5800,6042,6042,510.0,568.7948700873695,500.8665220011608,5835.850906001724,0.0
1774106495,10,,Aggregated,10.800000,10.800000,510,510,580,600,650,1000,1000,1000,2900,5800,5800,6053,6053,510.0,568.7537692159079,500.8665220011608,5835.850906001724,0.0
1774106496,10,,Aggregated,10.900000,10.900000,510,510,580,600,650,1000,1000,1000,2900,5800,5800,6064,6064,510.0,568.7393135532463,500.8665220011608,5835.850906001724,0.0
1774106497,10,,Aggregated,11.100000,11.100000,510,510,580,600,650,1000,1000,1000,2900,5800,5800,6076,6076,510.0,568.6505425090331,500.8665220011608,5835.850906001724,0.0
1774106499,10,,Aggregated,10.800000,10.800000,510,510,580,600,650,1000,1000,1000,2900,5800,5800,6089,6089,510.0,568.57852475577,500.8665220011608,5835.850906001724,0.0
1774106500,10,,Aggregated,10.800000,10.800000,510,510,580,600,650,1000,1000,1000,2900,5800,5800,6099,6099,510.0,568.5982400039138,500.8665220011608,5835.850906001724,0.0
1774106501,10,,Aggregated,11.200000,11.200000,510,510,580,600,650,1000,1000,1000,2900,5800,5800,6111,6111,510.0,568.6362728572863,500.8665220011608,5835.850906001724,0.0
1774106502,10,,Aggregated,11.400000,11.400000,510,510,580,600,650,1000,1000,1000,2900,5800,5800,6121,6121,510.0,568.5832309199271,500.8665220011608,5835.850906001724,0.0
1774106503,10,,Aggregated,11.400000,11.400000,510,510,580,600,650,1000,1000,1000,2900,5800,5800,6131,6131,510.0,568.5946875460573,500.8665220011608,5835.850906001724,0.0
1774106504,10,,Aggregated,11.700000,11.700000,510,510,580,600,650,1000,1000,1000,2900,5800,5800,6144,6144,510.0,568.5569385103965,500.8665220011608,5835.850906001724,0.0
1774106505,10,,Aggregated,11.300000,11.300000,510,510,580,600,650,1000,1000,1000,2900,5800,5800,6155,6155,510.0,568.4553766987608,500.8665220011608,5835.850906001724,0.0
1774106506,10,,Aggregated,11.200000,11.200000,510,510,580,600,650,1000,1000,1000,2900,5800,5800,6165,6165,510.0,568.3795004389079,500.8665220011608,5835.850906001724,0.0
1774106507,10,,Aggregated,11.300000,11.300000,510,510,580,600,650,1000,1000,1000,2900,5800,5800,6176,6176,510.0,568.3968639591762,500.8665220011608,5835.850906001724,0.0
1774106508,10,,Aggregated,11.300000,11.300000,510,510,580,600,650,1000,1000,1000,2900,5800,5800,6187,6187,510.0,568.3004147020964,500.8665220011608,5835.850906001724,0.0
1774106509,10,,Aggregated,11.200000,11.200000,510,510,580,600,650,1000,1000,1000,2900,5800,5800,6198,6198,510.0,568.2872560509653,500.8665220011608,5835.850906001724,0.0
1774106510,10,,Aggregated,11.200000,11.200000,510,510,580,600,650,1000,1000,1000,2900,5800,5800,6210,6210,510.0,568.245035704973,500.8665220011608,5835.850906001724,0.0
1774106511,10,,Aggregated,11.100000,11.100000,510,510,580,600,650,1000,1000,1000,2900,5800,5800,6220,6220,510.0,568.1630157208815,500.8665220011608,5835.850906001724,0.0
1774106512,10,,Aggregated,11.100000,11.100000,510,510,580,600,650,1000,1000,1000,2900,5800,5800,6234,6234,510.0,568.2633734678996,500.8665220011608,5835.850906001724,0.0
1774106513,10,,Aggregated,10.900000,10.900000,510,510,580,600,650,1000,1000,1000,2900,5800,5800,6244,6244,510.0,568.1830513875536,500.8665220011608,5835.850906001724,0.0
1774106514,10,,Aggregated,10.900000,10.900000,510,510,580,600,650,1000,1000,1000,2900,5800,5800,6256,6256,510.0,568.2440744288499,500.8665220011608,5835.850906001724,0.0
1774106515,10,,Aggregated,11.200000,11.200000,510,510,580,600,650,1000,1000,1000,2900,5800,5800,6267,6267,510.0,568.1678250574255,500.8665220011608,5835.850906001724,0.0
1774106516,10,,Aggregated,11.200000,11.200000,510,510,580,600,650,1000,1000,1000,2900,5800,5800,6279,6279,510.0,568.1420637107638,500.8665220011608,5835.850906001724,0.0
1774106517,10,,Aggregated,11.200000,11.200000,510,510,580,600,650,1000,1000,1000,2900,5800,5800,6290,6290,510.0,568.1241839335277,500.8665220011608,5835.850906001724,0.0
1774106518,10,,Aggregated,11.200000,11.200000,510,510,580,600,650,1000,1000,1000,2900,5800,5800,6300,6300,510.0,568.1524968371248,500.8665220011608,5835.850906001724,0.0
1774106519,10,,Aggregated,11.200000,11.200000,510,510,580,600,650,1000,1000,1000,2900,5800,5800,6311,6311,510.0,568.0733672329086,500.8665220011608,5835.850906001724,0.0
1774106520,10,,Aggregated,11.300000,11.300000,510,510,580,600,640,1000,1000,1000,2900,5800,5800,6324,6324,510.0,567.9971392128211,500.8665220011608,5835.850906001724,0.0
1774106521,10,,Aggregated,11.300000,11.300000,510,510,580,600,640,1000,1000,1000,2900,5800,5800,6334,6334,510.0,567.9355277991601,500.8665220011608,5835.850906001724,0.0
1774106522,10,,Aggregated,11.200000,11.200000,510,510,580,600,640,1000,1000,1000,2900,5800,5800,6344,6344,510.0,567.8826168418809,500.8665220011608,5835.850906001724,0.0
1774106523,10,,Aggregated,11.400000,11.400000,510,510,580,600,640,1000,1000,1000,2900,5800,5800,6355,6355,510.0,567.7993801238225,500.8665220011608,5835.850906001724,0.0
1774106524,10,,Aggregated,11.100000,11.100000,510,510,580,600,640,1000,1000,1000,2900,5800,5800,6366,6366,510.0,567.7362095405113,500.8665220011608,5835.850906001724,0.0
1774106525,10,,Aggregated,11.100000,11.100000,510,510,580,600,640,1000,1000,1000,2900,5800,5800,6380,6380,510.0,567.6903982388553,500.8665220011608,5835.850906001724,0.0
1774106526,10,,Aggregated,10.900000,10.900000,510,510,580,600,640,1000,1000,1000,2900,5800,5800,6392,6392,510.0,567.5881781471993,500.8665220011608,5835.850906001724,0.0
1774106527,10,,Aggregated,10.900000,10.900000,510,510,580,600,640,1000,1000,1000,2900,5800,5800,6402,6402,510.0,567.5022390598074,500.8665220011608,5835.850906001724,0.0
1774106528,10,,Aggregated,11.300000,11.300000,510,510,580,600,640,1000,1000,1000,2900,5800,5800,6414,6414,510.0,567.4975017625334,500.8665220011608,5835.850906001724,0.0
1774106529,10,,Aggregated,11.400000,11.400000,510,510,580,600,640,1000,1000,1000,2900,5800,5800,6426,6426,510.0,567.4931409953136,500.8665220011608,5835.850906001724,0.0
1774106530,10,,Aggregated,11.300000,11.300000,510,510,580,600,640,1000,1000,1000,2900,5800,5800,6438,6438,510.0,567.4028131674268,500.8665220011608,5835.850906001724,0.0
1774106531,10,,Aggregated,11.300000,11.300000,510,510,580,600,640,1000,1000,1000,2900,5800,5800,6447,6447,510.0,567.3270654218846,500.8665220011608,5835.850906001724,0.0
1774106532,10,,Aggregated,11.500000,11.500000,510,510,580,600,640,1000,1000,1000,2900,5800,5800,6459,6459,510.0,567.3800972447582,500.8665220011608,5835.850906001724,0.0
1774106533,10,,Aggregated,11.300000,11.300000,510,510,580,600,640,1000,1000,1000,2900,5800,5800,6470,6470,510.0,567.3526320840638,500.8665220011608,5835.850906001724,0.0
1774106534,10,,Aggregated,11.400000,11.400000,510,510,580,600,640,1000,1000,1000,2900,5800,5800,6483,6483,510.0,567.2768494800084,500.8665220011608,5835.850906001724,0.0
1774106535,10,,Aggregated,11.300000,11.300000,510,510,580,600,640,1000,1000,1000,2900,5800,5800,6492,6492,510.0,567.2123266065763,500.8665220011608,5835.850906001724,0.0
1774106536,10,,Aggregated,11.300000,11.300000,510,510,580,600,640,1000,1000,1000,2900,5800,5800,6502,6502,510.0,567.3017834530756,500.8665220011608,5835.850906001724,0.0
