Method,Name,Error,Occurrences
FANOUT,K100,Exception('timeout_or_slo_miss: completed=69/100 errors=14 elapsed_ms=3515.2'),1
FANOUT,K100,Exception('timeout_or_slo_miss: completed=65/100 errors=35 elapsed_ms=1265.1'),1
FANOUT,K100,Exception('timeout_or_slo_miss: completed=68/100 errors=32 elapsed_ms=1140.5'),2
FANOUT,K100,Exception('timeout_or_slo_miss: completed=62/100 errors=38 elapsed_ms=1341.2'),1
FANOUT,K100,Exception('timeout_or_slo_miss: completed=66/100 errors=34 elapsed_ms=1167.0'),1
FANOUT,K100,Exception('timeout_or_slo_miss: completed=54/100 errors=46 elapsed_ms=2518.4'),1
FANOUT,K100,Exception('timeout_or_slo_miss: completed=68/100 errors=32 elapsed_ms=1151.8'),2
FANOUT,K100,Exception('timeout_or_slo_miss: completed=63/100 errors=37 elapsed_ms=1241.8'),1
FANOUT,K100,Exception('timeout_or_slo_miss: completed=69/100 errors=31 elapsed_ms=1158.7'),1
FANOUT,K100,Exception('timeout_or_slo_miss: completed=60/100 errors=40 elapsed_ms=1453.1'),1
FANOUT,K100,Exception('timeout_or_slo_miss: completed=61/100 errors=39 elapsed_ms=1297.8'),1
FANOUT,K100,Exception('timeout_or_slo_miss: completed=70/100 errors=30 elapsed_ms=1106.7'),1
FANOUT,K100,Exception('timeout_or_slo_miss: completed=64/100 errors=36 elapsed_ms=1248.4'),1
FANOUT,K100,Exception('timeout_or_slo_miss: completed=71/100 errors=29 elapsed_ms=1093.3'),1
FANOUT,K100,Exception('timeout_or_slo_miss: completed=72/100 errors=28 elapsed_ms=1125.4'),1
FANOUT,K100,Exception('timeout_or_slo_miss: completed=67/100 errors=33 elapsed_ms=1199.8'),1
FANOUT,K100,Exception('timeout_or_slo_miss: completed=71/100 errors=29 elapsed_ms=1130.8'),1
FANOUT,K100,Exception('timeout_or_slo_miss: completed=68/100 errors=32 elapsed_ms=1157.8'),1
FANOUT,K100,Exception('timeout_or_slo_miss: completed=28/100 errors=64 elapsed_ms=17257.4'),1
FANOUT,K100,Exception('timeout_or_slo_miss: completed=65/100 errors=35 elapsed_ms=1192.8'),1
FANOUT,K100,Exception('timeout_or_slo_miss: completed=64/100 errors=36 elapsed_ms=1332.0'),1
FANOUT,K100,Exception('timeout_or_slo_miss: completed=66/100 errors=23 elapsed_ms=2670.0'),1
FANOUT,K100,Exception('timeout_or_slo_miss: completed=63/100 errors=21 elapsed_ms=4061.6'),1
FANOUT,K100,Exception('timeout_or_slo_miss: completed=68/100 errors=32 elapsed_ms=1132.6'),1
FANOUT,K100,Exception('timeout_or_slo_miss: completed=61/100 errors=39 elapsed_ms=1409.4'),1
FANOUT,K100,Exception('timeout_or_slo_miss: completed=70/100 errors=30 elapsed_ms=1123.9'),1
FANOUT,K100,Exception('timeout_or_slo_miss: completed=69/100 errors=31 elapsed_ms=1169.2'),1
FANOUT,K100,Exception('timeout_or_slo_miss: completed=68/100 errors=32 elapsed_ms=1154.1'),1
FANOUT,K100,Exception('timeout_or_slo_miss: completed=51/100 errors=49 elapsed_ms=1606.1'),1
FANOUT,K100,Exception('timeout_or_slo_miss: completed=75/100 errors=25 elapsed_ms=1014.4'),1
FANOUT,K100,Exception('timeout_or_slo_miss: completed=63/100 errors=21 elapsed_ms=3907.6'),1
FANOUT,K100,Exception('timeout_or_slo_miss: completed=57/100 errors=26 elapsed_ms=6557.4'),1
FANOUT,K100,Exception('timeout_or_slo_miss: completed=68/100 errors=32 elapsed_ms=1159.6'),1
FANOUT,K100,Exception('timeout_or_slo_miss: completed=66/100 errors=34 elapsed_ms=1209.7'),2
FANOUT,K100,Exception('timeout_or_slo_miss: completed=67/100 errors=33 elapsed_ms=1220.3'),1
FANOUT,K100,Exception('timeout_or_slo_miss: completed=66/100 errors=34 elapsed_ms=1317.6'),1
FANOUT,K100,Exception('timeout_or_slo_miss: completed=63/100 errors=37 elapsed_ms=1268.8'),1
FANOUT,K100,Exception('timeout_or_slo_miss: completed=69/100 errors=31 elapsed_ms=1246.5'),1
FANOUT,K100,Exception('timeout_or_slo_miss: completed=68/100 errors=21 elapsed_ms=3203.1'),1
FANOUT,K100,Exception('timeout_or_slo_miss: completed=65/100 errors=35 elapsed_ms=1287.5'),1
FANOUT,K100,Exception('timeout_or_slo_miss: completed=75/100 errors=25 elapsed_ms=1075.9'),1
FANOUT,K100,Exception('timeout_or_slo_miss: completed=72/100 errors=28 elapsed_ms=1123.6'),1
FANOUT,K100,Exception('timeout_or_slo_miss: completed=64/100 errors=36 elapsed_ms=1199.1'),1
FANOUT,K100,Exception('timeout_or_slo_miss: completed=59/100 errors=41 elapsed_ms=1506.6'),1
FANOUT,K100,Exception('timeout_or_slo_miss: completed=66/100 errors=34 elapsed_ms=1147.6'),1
FANOUT,K100,Exception('timeout_or_slo_miss: completed=62/100 errors=38 elapsed_ms=1250.7'),1
FANOUT,K100,Exception('timeout_or_slo_miss: completed=67/100 errors=33 elapsed_ms=1157.0'),3
FANOUT,K100,Exception('timeout_or_slo_miss: completed=70/100 errors=30 elapsed_ms=1112.7'),1
FANOUT,K100,Exception('timeout_or_slo_miss: completed=70/100 errors=30 elapsed_ms=1127.0'),1
FANOUT,K100,Exception('timeout_or_slo_miss: completed=70/100 errors=30 elapsed_ms=1177.4'),1
FANOUT,K100,Exception('timeout_or_slo_miss: completed=71/100 errors=29 elapsed_ms=1056.9'),1
FANOUT,K100,Exception('timeout_or_slo_miss: completed=75/100 errors=25 elapsed_ms=1121.3'),1
FANOUT,K100,Exception('timeout_or_slo_miss: completed=68/100 errors=16 elapsed_ms=3211.6'),1
FANOUT,K100,Exception('timeout_or_slo_miss: completed=62/100 errors=38 elapsed_ms=1237.4'),1
FANOUT,K100,Exception('timeout_or_slo_miss: completed=69/100 errors=31 elapsed_ms=1146.8'),1
FANOUT,K100,Exception('timeout_or_slo_miss: completed=61/100 errors=39 elapsed_ms=1501.3'),1
FANOUT,K100,Exception('timeout_or_slo_miss: completed=72/100 errors=28 elapsed_ms=1100.7'),1
FANOUT,K100,Exception('timeout_or_slo_miss: completed=70/100 errors=30 elapsed_ms=1134.9'),1
FANOUT,K100,Exception('timeout_or_slo_miss: completed=59/100 errors=41 elapsed_ms=1507.4'),1
FANOUT,K100,Exception('timeout_or_slo_miss: completed=62/100 errors=38 elapsed_ms=1169.8'),1
FANOUT,K100,Exception('timeout_or_slo_miss: completed=61/100 errors=39 elapsed_ms=1334.1'),1
FANOUT,K100,Exception('timeout_or_slo_miss: completed=67/100 errors=33 elapsed_ms=1185.1'),1
FANOUT,K100,Exception('timeout_or_slo_miss: completed=63/100 errors=37 elapsed_ms=1284.4'),1
FANOUT,K100,Exception('timeout_or_slo_miss: completed=72/100 errors=28 elapsed_ms=1136.9'),1
FANOUT,K100,Exception('timeout_or_slo_miss: completed=65/100 errors=35 elapsed_ms=1172.9'),1
FANOUT,K100,Exception('timeout_or_slo_miss: completed=66/100 errors=34 elapsed_ms=1214.9'),1
FANOUT,K100,Exception('timeout_or_slo_miss: completed=65/100 errors=35 elapsed_ms=1275.6'),1
FANOUT,K100,Exception('timeout_or_slo_miss: completed=76/100 errors=24 elapsed_ms=1039.9'),1
FANOUT,K100,Exception('timeout_or_slo_miss: completed=60/100 errors=40 elapsed_ms=1504.2'),2
FANOUT,K100,Exception('timeout_or_slo_miss: completed=61/100 errors=39 elapsed_ms=1327.0'),1
FANOUT,K100,Exception('timeout_or_slo_miss: completed=65/100 errors=35 elapsed_ms=1232.4'),1
FANOUT,K100,Exception('timeout_or_slo_miss: completed=68/100 errors=32 elapsed_ms=1171.2'),2
FANOUT,K100,Exception('timeout_or_slo_miss: completed=65/100 errors=35 elapsed_ms=1248.9'),1
FANOUT,K100,Exception('timeout_or_slo_miss: completed=71/100 errors=29 elapsed_ms=1130.2'),1
FANOUT,K100,Exception('timeout_or_slo_miss: completed=71/100 errors=29 elapsed_ms=1142.7'),1
FANOUT,K100,Exception('timeout_or_slo_miss: completed=63/100 errors=37 elapsed_ms=1250.8'),1
FANOUT,K100,Exception('timeout_or_slo_miss: completed=64/100 errors=36 elapsed_ms=1273.8'),1
FANOUT,K100,Exception('timeout_or_slo_miss: completed=73/100 errors=27 elapsed_ms=1021.8'),1
FANOUT,K100,Exception('timeout_or_slo_miss: completed=65/100 errors=21 elapsed_ms=3863.9'),1
FANOUT,K100,Exception('timeout_or_slo_miss: completed=65/100 errors=35 elapsed_ms=1275.1'),1
FANOUT,K100,Exception('timeout_or_slo_miss: completed=72/100 errors=28 elapsed_ms=1141.4'),1
FANOUT,K100,Exception('timeout_or_slo_miss: completed=72/100 errors=28 elapsed_ms=1086.7'),1
FANOUT,K100,Exception('timeout_or_slo_miss: completed=69/100 errors=31 elapsed_ms=1187.6'),1
FANOUT,K100,Exception('timeout_or_slo_miss: completed=60/100 errors=40 elapsed_ms=1503.4'),1
FANOUT,K100,Exception('timeout_or_slo_miss: completed=73/100 errors=27 elapsed_ms=1135.5'),1
FANOUT,K100,Exception('timeout_or_slo_miss: completed=65/100 errors=19 elapsed_ms=3621.1'),1
FANOUT,K100,Exception('timeout_or_slo_miss: completed=65/100 errors=35 elapsed_ms=1213.5'),2
FANOUT,K100,Exception('timeout_or_slo_miss: completed=69/100 errors=31 elapsed_ms=1212.2'),1
FANOUT,K100,Exception('timeout_or_slo_miss: completed=62/100 errors=38 elapsed_ms=1351.0'),1
FANOUT,K100,Exception('timeout_or_slo_miss: completed=64/100 errors=36 elapsed_ms=1257.1'),1
FANOUT,K100,Exception('timeout_or_slo_miss: completed=65/100 errors=35 elapsed_ms=1279.4'),1
FANOUT,K100,Exception('timeout_or_slo_miss: completed=62/100 errors=38 elapsed_ms=1318.9'),1
FANOUT,K100,Exception('timeout_or_slo_miss: completed=71/100 errors=29 elapsed_ms=1026.7'),1
FANOUT,K100,Exception('timeout_or_slo_miss: completed=65/100 errors=35 elapsed_ms=1159.9'),1
FANOUT,K100,Exception('timeout_or_slo_miss: completed=62/100 errors=38 elapsed_ms=1359.7'),1
FANOUT,K100,Exception('timeout_or_slo_miss: completed=68/100 errors=16 elapsed_ms=3220.7'),1
FANOUT,K100,Exception('timeout_or_slo_miss: completed=60/100 errors=40 elapsed_ms=1504.9'),4
FANOUT,K100,Exception('timeout_or_slo_miss: completed=63/100 errors=37 elapsed_ms=1261.4'),1
FANOUT,K100,Exception('timeout_or_slo_miss: completed=71/100 errors=29 elapsed_ms=1153.3'),1
FANOUT,K100,Exception('timeout_or_slo_miss: completed=76/100 errors=24 elapsed_ms=1014.3'),1
FANOUT,K100,Exception('timeout_or_slo_miss: completed=72/100 errors=28 elapsed_ms=1138.9'),1
FANOUT,K100,Exception('timeout_or_slo_miss: completed=68/100 errors=32 elapsed_ms=1212.5'),1
FANOUT,K100,Exception('timeout_or_slo_miss: completed=70/100 errors=30 elapsed_ms=1146.5'),2
FANOUT,K100,Exception('timeout_or_slo_miss: completed=68/100 errors=32 elapsed_ms=1153.6'),1
FANOUT,K100,Exception('timeout_or_slo_miss: completed=70/100 errors=30 elapsed_ms=1134.2'),1
FANOUT,K100,Exception('timeout_or_slo_miss: completed=63/100 errors=37 elapsed_ms=1318.5'),1
FANOUT,K100,Exception('timeout_or_slo_miss: completed=61/100 errors=39 elapsed_ms=1502.2'),1
FANOUT,K100,Exception('timeout_or_slo_miss: completed=71/100 errors=29 elapsed_ms=1127.6'),2
FANOUT,K100,Exception('timeout_or_slo_miss: completed=66/100 errors=34 elapsed_ms=1157.6'),2
FANOUT,K100,Exception('timeout_or_slo_miss: completed=63/100 errors=37 elapsed_ms=1276.8'),1
FANOUT,K100,Exception('timeout_or_slo_miss: completed=74/100 errors=26 elapsed_ms=1023.6'),1
FANOUT,K100,Exception('timeout_or_slo_miss: completed=54/100 errors=46 elapsed_ms=1566.8'),1
FANOUT,K100,Exception('timeout_or_slo_miss: completed=66/100 errors=34 elapsed_ms=1237.4'),1
FANOUT,K100,Exception('timeout_or_slo_miss: completed=65/100 errors=19 elapsed_ms=3849.2'),1
FANOUT,K100,Exception('timeout_or_slo_miss: completed=66/100 errors=34 elapsed_ms=1140.8'),1
FANOUT,K100,Exception('timeout_or_slo_miss: completed=70/100 errors=30 elapsed_ms=1112.3'),1
FANOUT,K100,Exception('timeout_or_slo_miss: completed=69/100 errors=14 elapsed_ms=3645.3'),1
FANOUT,K100,Exception('timeout_or_slo_miss: completed=65/100 errors=35 elapsed_ms=1178.7'),1
FANOUT,K100,Exception('timeout_or_slo_miss: completed=59/100 errors=41 elapsed_ms=1504.8'),1
FANOUT,K100,Exception('timeout_or_slo_miss: completed=71/100 errors=29 elapsed_ms=1120.6'),1
FANOUT,K100,Exception('timeout_or_slo_miss: completed=80/100 errors=7 elapsed_ms=3240.1'),1
FANOUT,K100,Exception('timeout_or_slo_miss: completed=59/100 errors=41 elapsed_ms=1503.5'),3
FANOUT,K100,Exception('timeout_or_slo_miss: completed=73/100 errors=27 elapsed_ms=1112.9'),1
FANOUT,K100,Exception('timeout_or_slo_miss: completed=67/100 errors=33 elapsed_ms=1237.7'),1
FANOUT,K100,Exception('timeout_or_slo_miss: completed=66/100 errors=34 elapsed_ms=1145.4'),1
FANOUT,K100,Exception('timeout_or_slo_miss: completed=70/100 errors=30 elapsed_ms=1102.2'),1
FANOUT,K100,Exception('timeout_or_slo_miss: completed=63/100 errors=37 elapsed_ms=1297.0'),1
FANOUT,K100,Exception('timeout_or_slo_miss: completed=66/100 errors=34 elapsed_ms=1255.9'),1
FANOUT,K100,Exception('timeout_or_slo_miss: completed=72/100 errors=28 elapsed_ms=1127.0'),1
FANOUT,K100,Exception('timeout_or_slo_miss: completed=68/100 errors=32 elapsed_ms=1187.7'),1
FANOUT,K100,Exception('timeout_or_slo_miss: completed=66/100 errors=34 elapsed_ms=1124.8'),1
FANOUT,K100,Exception('timeout_or_slo_miss: completed=64/100 errors=21 elapsed_ms=3908.9'),1
FANOUT,K100,Exception('timeout_or_slo_miss: completed=67/100 errors=33 elapsed_ms=1147.2'),1
FANOUT,K100,Exception('timeout_or_slo_miss: completed=68/100 errors=16 elapsed_ms=3433.0'),1
FANOUT,K100,Exception('timeout_or_slo_miss: completed=70/100 errors=30 elapsed_ms=1128.0'),2
FANOUT,K100,Exception('timeout_or_slo_miss: completed=65/100 errors=35 elapsed_ms=1187.6'),1
FANOUT,K100,Exception('timeout_or_slo_miss: completed=70/100 errors=30 elapsed_ms=1142.1'),1
FANOUT,K100,Exception('timeout_or_slo_miss: completed=72/100 errors=28 elapsed_ms=1112.6'),1
FANOUT,K100,Exception('timeout_or_slo_miss: completed=63/100 errors=37 elapsed_ms=1333.3'),1
FANOUT,K100,Exception('timeout_or_slo_miss: completed=69/100 errors=31 elapsed_ms=1128.0'),1
FANOUT,K100,Exception('timeout_or_slo_miss: completed=68/100 errors=32 elapsed_ms=1143.1'),1
FANOUT,K100,Exception('timeout_or_slo_miss: completed=62/100 errors=38 elapsed_ms=1230.8'),1
FANOUT,K100,Exception('timeout_or_slo_miss: completed=63/100 errors=37 elapsed_ms=1350.9'),1
FANOUT,K100,Exception('timeout_or_slo_miss: completed=62/100 errors=38 elapsed_ms=1311.1'),2
FANOUT,K100,Exception('timeout_or_slo_miss: completed=79/100 errors=21 elapsed_ms=1004.3'),1
FANOUT,K100,Exception('timeout_or_slo_miss: completed=71/100 errors=29 elapsed_ms=1103.6'),1
FANOUT,K100,Exception('timeout_or_slo_miss: completed=66/100 errors=34 elapsed_ms=1156.2'),1
FANOUT,K100,Exception('timeout_or_slo_miss: completed=70/100 errors=30 elapsed_ms=1139.4'),1
FANOUT,K100,Exception('timeout_or_slo_miss: completed=72/100 errors=28 elapsed_ms=1218.1'),1
FANOUT,K100,Exception('timeout_or_slo_miss: completed=69/100 errors=31 elapsed_ms=1163.2'),1
FANOUT,K100,Exception('timeout_or_slo_miss: completed=65/100 errors=35 elapsed_ms=1298.4'),1
FANOUT,K100,Exception('timeout_or_slo_miss: completed=64/100 errors=36 elapsed_ms=1330.9'),1
FANOUT,K100,Exception('timeout_or_slo_miss: completed=77/100 errors=23 elapsed_ms=1011.6'),1
FANOUT,K100,Exception('timeout_or_slo_miss: completed=75/100 errors=25 elapsed_ms=1073.0'),1
FANOUT,K100,Exception('timeout_or_slo_miss: completed=72/100 errors=12 elapsed_ms=3023.6'),1
FANOUT,K100,Exception('timeout_or_slo_miss: completed=63/100 errors=37 elapsed_ms=1426.6'),1
FANOUT,K100,Exception('timeout_or_slo_miss: completed=68/100 errors=32 elapsed_ms=1196.8'),1
FANOUT,K100,Exception('timeout_or_slo_miss: completed=72/100 errors=28 elapsed_ms=1149.4'),1
FANOUT,K100,Exception('timeout_or_slo_miss: completed=69/100 errors=15 elapsed_ms=3255.6'),1
FANOUT,K100,Exception('timeout_or_slo_miss: completed=57/100 errors=43 elapsed_ms=1508.1'),1
FANOUT,K100,Exception('timeout_or_slo_miss: completed=63/100 errors=21 elapsed_ms=4022.2'),1
FANOUT,K100,Exception('timeout_or_slo_miss: completed=70/100 errors=14 elapsed_ms=3025.5'),1
FANOUT,K100,Exception('timeout_or_slo_miss: completed=60/100 errors=40 elapsed_ms=1505.7'),2
FANOUT,K100,Exception('timeout_or_slo_miss: completed=73/100 errors=27 elapsed_ms=1125.4'),1
FANOUT,K100,Exception('timeout_or_slo_miss: completed=63/100 errors=37 elapsed_ms=1230.5'),1
FANOUT,K100,Exception('timeout_or_slo_miss: completed=69/100 errors=31 elapsed_ms=1151.6'),1
FANOUT,K100,Exception('timeout_or_slo_miss: completed=72/100 errors=28 elapsed_ms=1071.0'),1
FANOUT,K100,Exception('timeout_or_slo_miss: completed=70/100 errors=30 elapsed_ms=1130.3'),1
FANOUT,K100,Exception('timeout_or_slo_miss: completed=56/100 errors=31 elapsed_ms=9944.0'),1
FANOUT,K100,Exception('timeout_or_slo_miss: completed=74/100 errors=26 elapsed_ms=1106.0'),1
FANOUT,K100,Exception('timeout_or_slo_miss: completed=63/100 errors=37 elapsed_ms=1380.4'),1
FANOUT,K100,Exception('timeout_or_slo_miss: completed=69/100 errors=31 elapsed_ms=1143.8'),1
FANOUT,K100,Exception('timeout_or_slo_miss: completed=58/100 errors=42 elapsed_ms=1512.6'),1
FANOUT,K100,Exception('timeout_or_slo_miss: completed=62/100 errors=38 elapsed_ms=1243.8'),1
FANOUT,K100,Exception('timeout_or_slo_miss: completed=67/100 errors=33 elapsed_ms=1125.2'),1
FANOUT,K100,Exception('timeout_or_slo_miss: completed=64/100 errors=36 elapsed_ms=1195.0'),1
FANOUT,K100,Exception('timeout_or_slo_miss: completed=70/100 errors=30 elapsed_ms=1140.7'),1
FANOUT,K100,Exception('timeout_or_slo_miss: completed=69/100 errors=31 elapsed_ms=1180.2'),1
FANOUT,K100,Exception('timeout_or_slo_miss: completed=64/100 errors=36 elapsed_ms=1242.6'),1
FANOUT,K100,Exception('timeout_or_slo_miss: completed=70/100 errors=14 elapsed_ms=3213.5'),1
FANOUT,K100,Exception('timeout_or_slo_miss: completed=57/100 errors=41 elapsed_ms=4517.8'),1
FANOUT,K100,Exception('timeout_or_slo_miss: completed=77/100 errors=23 elapsed_ms=1005.1'),1
FANOUT,K100,Exception('timeout_or_slo_miss: completed=68/100 errors=32 elapsed_ms=1124.2'),1
FANOUT,K100,Exception('timeout_or_slo_miss: completed=69/100 errors=31 elapsed_ms=1137.8'),1
FANOUT,K100,Exception('timeout_or_slo_miss: completed=70/100 errors=30 elapsed_ms=1142.2'),1
FANOUT,K100,Exception('timeout_or_slo_miss: completed=74/100 errors=26 elapsed_ms=1120.1'),1
FANOUT,K100,Exception('timeout_or_slo_miss: completed=76/100 errors=24 elapsed_ms=1030.9'),1
FANOUT,K100,Exception('timeout_or_slo_miss: completed=69/100 errors=31 elapsed_ms=1091.8'),1
FANOUT,K100,Exception('timeout_or_slo_miss: completed=66/100 errors=34 elapsed_ms=1220.8'),1
FANOUT,K100,Exception('timeout_or_slo_miss: completed=69/100 errors=31 elapsed_ms=1173.1'),1
FANOUT,K100,Exception('timeout_or_slo_miss: completed=75/100 errors=25 elapsed_ms=1013.1'),2
FANOUT,K100,Exception('timeout_or_slo_miss: completed=69/100 errors=31 elapsed_ms=1135.2'),1
FANOUT,K100,Exception('timeout_or_slo_miss: completed=65/100 errors=35 elapsed_ms=1365.4'),1
FANOUT,K100,Exception('timeout_or_slo_miss: completed=63/100 errors=37 elapsed_ms=1182.6'),1
FANOUT,K100,Exception('timeout_or_slo_miss: completed=62/100 errors=38 elapsed_ms=1229.3'),1
FANOUT,K100,Exception('timeout_or_slo_miss: completed=70/100 errors=30 elapsed_ms=1121.2'),1
FANOUT,K100,Exception('timeout_or_slo_miss: completed=63/100 errors=37 elapsed_ms=1248.9'),1
FANOUT,K100,Exception('timeout_or_slo_miss: completed=73/100 errors=27 elapsed_ms=1017.4'),1
FANOUT,K100,Exception('timeout_or_slo_miss: completed=68/100 errors=32 elapsed_ms=1148.1'),1
FANOUT,K100,Exception('timeout_or_slo_miss: completed=60/100 errors=40 elapsed_ms=1497.8'),1
FANOUT,K100,Exception('timeout_or_slo_miss: completed=57/100 errors=38 elapsed_ms=4584.7'),1
FANOUT,K100,Exception('timeout_or_slo_miss: completed=65/100 errors=35 elapsed_ms=1239.1'),1
FANOUT,K100,Exception('timeout_or_slo_miss: completed=59/100 errors=41 elapsed_ms=1506.9'),1
FANOUT,K100,Exception('timeout_or_slo_miss: completed=71/100 errors=29 elapsed_ms=1097.0'),1
FANOUT,K100,Exception('timeout_or_slo_miss: completed=71/100 errors=16 elapsed_ms=2391.7'),1
FANOUT,K100,Exception('timeout_or_slo_miss: completed=65/100 errors=35 elapsed_ms=1176.9'),1
FANOUT,K100,Exception('timeout_or_slo_miss: completed=66/100 errors=34 elapsed_ms=1223.0'),1
FANOUT,K100,Exception('timeout_or_slo_miss: completed=69/100 errors=31 elapsed_ms=1132.4'),1
FANOUT,K100,Exception('timeout_or_slo_miss: completed=70/100 errors=30 elapsed_ms=1130.4'),1
FANOUT,K100,Exception('timeout_or_slo_miss: completed=72/100 errors=28 elapsed_ms=1101.1'),1
FANOUT,K100,Exception('timeout_or_slo_miss: completed=59/100 errors=41 elapsed_ms=1503.7'),2
FANOUT,K100,Exception('timeout_or_slo_miss: completed=63/100 errors=37 elapsed_ms=1228.5'),1
FANOUT,K100,Exception('timeout_or_slo_miss: completed=71/100 errors=29 elapsed_ms=1023.1'),1
FANOUT,K100,Exception('timeout_or_slo_miss: completed=74/100 errors=26 elapsed_ms=1076.9'),1
FANOUT,K100,Exception('timeout_or_slo_miss: completed=70/100 errors=30 elapsed_ms=1132.4'),1
FANOUT,K100,Exception('timeout_or_slo_miss: completed=66/100 errors=34 elapsed_ms=1235.1'),1
FANOUT,K100,Exception('timeout_or_slo_miss: completed=71/100 errors=29 elapsed_ms=1156.4'),1
FANOUT,K100,Exception('timeout_or_slo_miss: completed=71/100 errors=29 elapsed_ms=1122.7'),1
FANOUT,K100,Exception('timeout_or_slo_miss: completed=59/100 errors=41 elapsed_ms=1517.8'),1
FANOUT,K100,Exception('timeout_or_slo_miss: completed=71/100 errors=29 elapsed_ms=1083.7'),1
FANOUT,K100,Exception('timeout_or_slo_miss: completed=68/100 errors=16 elapsed_ms=3415.1'),1
FANOUT,K100,Exception('timeout_or_slo_miss: completed=65/100 errors=35 elapsed_ms=1201.8'),1
FANOUT,K100,Exception('timeout_or_slo_miss: completed=71/100 errors=29 elapsed_ms=1187.3'),1
FANOUT,K100,Exception('timeout_or_slo_miss: completed=68/100 errors=32 elapsed_ms=1156.7'),1
FANOUT,K100,Exception('timeout_or_slo_miss: completed=63/100 errors=37 elapsed_ms=1283.8'),1
FANOUT,K100,Exception('timeout_or_slo_miss: completed=73/100 errors=27 elapsed_ms=1118.0'),1
FANOUT,K100,Exception('timeout_or_slo_miss: completed=64/100 errors=20 elapsed_ms=3698.9'),1
FANOUT,K100,Exception('timeout_or_slo_miss: completed=65/100 errors=35 elapsed_ms=1353.0'),1
FANOUT,K100,Exception('timeout_or_slo_miss: completed=63/100 errors=37 elapsed_ms=1328.4'),1
FANOUT,K100,Exception('timeout_or_slo_miss: completed=69/100 errors=31 elapsed_ms=1167.6'),1
FANOUT,K100,Exception('timeout_or_slo_miss: completed=51/100 errors=34 elapsed_ms=15327.0'),1
FANOUT,K100,Exception('timeout_or_slo_miss: completed=70/100 errors=30 elapsed_ms=1018.9'),1
FANOUT,K100,Exception('timeout_or_slo_miss: completed=72/100 errors=28 elapsed_ms=1012.6'),1
FANOUT,K100,Exception('timeout_or_slo_miss: completed=70/100 errors=30 elapsed_ms=1174.6'),1
FANOUT,K100,Exception('timeout_or_slo_miss: completed=69/100 errors=31 elapsed_ms=1142.9'),1
FANOUT,K100,Exception('timeout_or_slo_miss: completed=65/100 errors=35 elapsed_ms=1278.6'),1
FANOUT,K100,Exception('timeout_or_slo_miss: completed=70/100 errors=30 elapsed_ms=1108.0'),1
FANOUT,K100,Exception('timeout_or_slo_miss: completed=56/100 errors=44 elapsed_ms=1510.9'),1
FANOUT,K100,Exception('timeout_or_slo_miss: completed=71/100 errors=29 elapsed_ms=1127.7'),1
FANOUT,K100,Exception('timeout_or_slo_miss: completed=59/100 errors=41 elapsed_ms=1507.0'),1
FANOUT,K100,Exception('timeout_or_slo_miss: completed=68/100 errors=32 elapsed_ms=1210.2'),1
FANOUT,K100,Exception('timeout_or_slo_miss: completed=66/100 errors=34 elapsed_ms=1241.7'),1
FANOUT,K100,Exception('timeout_or_slo_miss: completed=64/100 errors=36 elapsed_ms=1328.5'),1
FANOUT,K100,Exception('timeout_or_slo_miss: completed=65/100 errors=35 elapsed_ms=1218.4'),1
FANOUT,K100,Exception('timeout_or_slo_miss: completed=60/100 errors=40 elapsed_ms=1506.2'),1
FANOUT,K100,Exception('timeout_or_slo_miss: completed=68/100 errors=32 elapsed_ms=1216.3'),1
FANOUT,K100,Exception('timeout_or_slo_miss: completed=62/100 errors=38 elapsed_ms=4604.6'),1
FANOUT,K100,Exception('timeout_or_slo_miss: completed=63/100 errors=37 elapsed_ms=1240.8'),1
FANOUT,K100,Exception('timeout_or_slo_miss: completed=68/100 errors=32 elapsed_ms=1170.6'),1
FANOUT,K100,Exception('timeout_or_slo_miss: completed=68/100 errors=32 elapsed_ms=1206.8'),1
FANOUT,K100,Exception('timeout_or_slo_miss: completed=63/100 errors=37 elapsed_ms=1275.7'),1
FANOUT,K100,Exception('timeout_or_slo_miss: completed=70/100 errors=30 elapsed_ms=1200.6'),1
FANOUT,K100,Exception('timeout_or_slo_miss: completed=62/100 errors=38 elapsed_ms=1303.3'),1
FANOUT,K100,Exception('timeout_or_slo_miss: completed=74/100 errors=26 elapsed_ms=1138.7'),1
FANOUT,K100,Exception('timeout_or_slo_miss: completed=74/100 errors=26 elapsed_ms=1121.4'),1
FANOUT,K100,Exception('timeout_or_slo_miss: completed=68/100 errors=32 elapsed_ms=1136.4'),2
FANOUT,K100,Exception('timeout_or_slo_miss: completed=67/100 errors=33 elapsed_ms=1163.5'),1
FANOUT,K100,Exception('timeout_or_slo_miss: completed=62/100 errors=38 elapsed_ms=1229.9'),1
FANOUT,K100,Exception('timeout_or_slo_miss: completed=71/100 errors=29 elapsed_ms=1102.3'),1
FANOUT,K100,Exception('timeout_or_slo_miss: completed=63/100 errors=37 elapsed_ms=1289.4'),1
FANOUT,K100,Exception('timeout_or_slo_miss: completed=64/100 errors=36 elapsed_ms=1279.5'),1
FANOUT,K100,Exception('timeout_or_slo_miss: completed=70/100 errors=14 elapsed_ms=2937.7'),1
FANOUT,K100,Exception('timeout_or_slo_miss: completed=62/100 errors=26 elapsed_ms=5842.7'),1
FANOUT,K100,Exception('timeout_or_slo_miss: completed=63/100 errors=37 elapsed_ms=1351.8'),1
FANOUT,K100,Exception('timeout_or_slo_miss: completed=60/100 errors=40 elapsed_ms=1502.7'),2
FANOUT,K100,Exception('timeout_or_slo_miss: completed=65/100 errors=35 elapsed_ms=1297.6'),1
FANOUT,K100,Exception('timeout_or_slo_miss: completed=62/100 errors=24 elapsed_ms=4135.2'),1
FANOUT,K100,Exception('timeout_or_slo_miss: completed=72/100 errors=28 elapsed_ms=1108.4'),1
FANOUT,K100,Exception('timeout_or_slo_miss: completed=59/100 errors=41 elapsed_ms=1505.2'),2
FANOUT,K100,Exception('timeout_or_slo_miss: completed=71/100 errors=12 elapsed_ms=3610.6'),1
FANOUT,K100,Exception('timeout_or_slo_miss: completed=64/100 errors=36 elapsed_ms=1232.6'),1
FANOUT,K100,Exception('timeout_or_slo_miss: completed=71/100 errors=29 elapsed_ms=1115.2'),1
FANOUT,K100,Exception('timeout_or_slo_miss: completed=59/100 errors=41 elapsed_ms=1504.9'),2
FANOUT,K100,Exception('timeout_or_slo_miss: completed=68/100 errors=32 elapsed_ms=1140.3'),1
FANOUT,K100,Exception('timeout_or_slo_miss: completed=59/100 errors=41 elapsed_ms=1506.2'),2
FANOUT,K100,Exception('timeout_or_slo_miss: completed=70/100 errors=30 elapsed_ms=1016.9'),1
FANOUT,K100,Exception('timeout_or_slo_miss: completed=72/100 errors=28 elapsed_ms=1112.4'),1
FANOUT,K100,Exception('timeout_or_slo_miss: completed=66/100 errors=34 elapsed_ms=1216.6'),1
FANOUT,K100,Exception('timeout_or_slo_miss: completed=57/100 errors=26 elapsed_ms=7811.1'),1
FANOUT,K100,Exception('timeout_or_slo_miss: completed=70/100 errors=30 elapsed_ms=1151.7'),1
FANOUT,K100,Exception('timeout_or_slo_miss: completed=64/100 errors=36 elapsed_ms=1176.0'),1
FANOUT,K100,Exception('timeout_or_slo_miss: completed=68/100 errors=32 elapsed_ms=1263.3'),1
FANOUT,K100,Exception('timeout_or_slo_miss: completed=61/100 errors=39 elapsed_ms=1505.0'),1
FANOUT,K100,Exception('timeout_or_slo_miss: completed=63/100 errors=32 elapsed_ms=2011.4'),1
FANOUT,K100,Exception('timeout_or_slo_miss: completed=61/100 errors=23 elapsed_ms=7138.9'),1
FANOUT,K100,Exception('timeout_or_slo_miss: completed=68/100 errors=32 elapsed_ms=1137.5'),1
FANOUT,K100,Exception('timeout_or_slo_miss: completed=70/100 errors=30 elapsed_ms=1121.1'),1
FANOUT,K100,Exception('timeout_or_slo_miss: completed=66/100 errors=34 elapsed_ms=1241.9'),1
FANOUT,K100,Exception('timeout_or_slo_miss: completed=68/100 errors=32 elapsed_ms=1146.4'),1
FANOUT,K100,Exception('timeout_or_slo_miss: completed=64/100 errors=36 elapsed_ms=1311.1'),1
FANOUT,K100,Exception('timeout_or_slo_miss: completed=66/100 errors=34 elapsed_ms=1256.6'),1
FANOUT,K100,Exception('timeout_or_slo_miss: completed=72/100 errors=28 elapsed_ms=1099.3'),1
FANOUT,K100,Exception('timeout_or_slo_miss: completed=65/100 errors=35 elapsed_ms=1296.5'),1
FANOUT,K100,Exception('timeout_or_slo_miss: completed=63/100 errors=37 elapsed_ms=1245.7'),1
FANOUT,K100,Exception('timeout_or_slo_miss: completed=66/100 errors=34 elapsed_ms=1185.9'),1
FANOUT,K100,Exception('timeout_or_slo_miss: completed=74/100 errors=26 elapsed_ms=1110.7'),1
FANOUT,K100,Exception('timeout_or_slo_miss: completed=57/100 errors=43 elapsed_ms=1506.2'),1
FANOUT,K100,Exception('timeout_or_slo_miss: completed=63/100 errors=37 elapsed_ms=1356.2'),1
FANOUT,K100,Exception('timeout_or_slo_miss: completed=63/100 errors=37 elapsed_ms=1346.9'),1
FANOUT,K100,Exception('timeout_or_slo_miss: completed=71/100 errors=29 elapsed_ms=1123.2'),1
FANOUT,K100,Exception('timeout_or_slo_miss: completed=64/100 errors=36 elapsed_ms=1159.0'),1
FANOUT,K100,Exception('timeout_or_slo_miss: completed=61/100 errors=39 elapsed_ms=1306.1'),1
FANOUT,K100,Exception('timeout_or_slo_miss: completed=71/100 errors=29 elapsed_ms=1113.6'),2
FANOUT,K100,Exception('timeout_or_slo_miss: completed=55/100 errors=45 elapsed_ms=1510.4'),1
FANOUT,K100,Exception('timeout_or_slo_miss: completed=75/100 errors=25 elapsed_ms=1109.5'),1
FANOUT,K100,Exception('timeout_or_slo_miss: completed=73/100 errors=27 elapsed_ms=1070.5'),1
FANOUT,K100,Exception('timeout_or_slo_miss: completed=67/100 errors=33 elapsed_ms=1150.6'),1
FANOUT,K100,Exception('timeout_or_slo_miss: completed=67/100 errors=33 elapsed_ms=1177.8'),2
FANOUT,K100,Exception('timeout_or_slo_miss: completed=61/100 errors=39 elapsed_ms=1362.1'),1
FANOUT,K100,Exception('timeout_or_slo_miss: completed=65/100 errors=35 elapsed_ms=1227.3'),1
FANOUT,K100,Exception('timeout_or_slo_miss: completed=67/100 errors=17 elapsed_ms=3889.5'),1
FANOUT,K100,Exception('timeout_or_slo_miss: completed=55/100 errors=31 elapsed_ms=6735.3'),1
FANOUT,K100,Exception('timeout_or_slo_miss: completed=67/100 errors=17 elapsed_ms=3300.7'),1
FANOUT,K100,Exception('timeout_or_slo_miss: completed=64/100 errors=36 elapsed_ms=1223.4'),1
FANOUT,K100,Exception('timeout_or_slo_miss: completed=71/100 errors=29 elapsed_ms=1144.5'),2
FANOUT,K100,Exception('timeout_or_slo_miss: completed=67/100 errors=33 elapsed_ms=1151.0'),1
FANOUT,K100,Exception('timeout_or_slo_miss: completed=70/100 errors=30 elapsed_ms=1147.7'),1
FANOUT,K100,Exception('timeout_or_slo_miss: completed=70/100 errors=30 elapsed_ms=1172.6'),1
FANOUT,K100,Exception('timeout_or_slo_miss: completed=65/100 errors=35 elapsed_ms=1340.2'),1
FANOUT,K100,Exception('timeout_or_slo_miss: completed=70/100 errors=30 elapsed_ms=1144.5'),1
FANOUT,K100,Exception('timeout_or_slo_miss: completed=66/100 errors=34 elapsed_ms=1232.4'),1
FANOUT,K100,Exception('timeout_or_slo_miss: completed=65/100 errors=35 elapsed_ms=1189.1'),1
FANOUT,K100,Exception('timeout_or_slo_miss: completed=64/100 errors=36 elapsed_ms=1143.5'),1
FANOUT,K100,Exception('timeout_or_slo_miss: completed=68/100 errors=32 elapsed_ms=1145.5'),1
FANOUT,K100,Exception('timeout_or_slo_miss: completed=71/100 errors=29 elapsed_ms=1100.8'),1
FANOUT,K100,Exception('timeout_or_slo_miss: completed=59/100 errors=41 elapsed_ms=1505.1'),2
FANOUT,K100,Exception('timeout_or_slo_miss: completed=65/100 errors=35 elapsed_ms=1239.2'),1
FANOUT,K100,Exception('timeout_or_slo_miss: completed=76/100 errors=24 elapsed_ms=1008.0'),1
FANOUT,K100,Exception('timeout_or_slo_miss: completed=62/100 errors=38 elapsed_ms=1303.0'),1
FANOUT,K100,Exception('timeout_or_slo_miss: completed=69/100 errors=15 elapsed_ms=3169.1'),1
FANOUT,K100,Exception('timeout_or_slo_miss: completed=64/100 errors=36 elapsed_ms=1224.4'),1
FANOUT,K100,Exception('timeout_or_slo_miss: completed=73/100 errors=27 elapsed_ms=1095.5'),1
FANOUT,K100,Exception('timeout_or_slo_miss: completed=71/100 errors=29 elapsed_ms=1093.4'),1
FANOUT,K100,Exception('timeout_or_slo_miss: completed=65/100 errors=35 elapsed_ms=1188.1'),1
FANOUT,K100,Exception('timeout_or_slo_miss: completed=67/100 errors=33 elapsed_ms=1187.3'),1
FANOUT,K100,Exception('timeout_or_slo_miss: completed=67/100 errors=17 elapsed_ms=3384.9'),1
FANOUT,K100,Exception('timeout_or_slo_miss: completed=64/100 errors=36 elapsed_ms=1229.1'),2
FANOUT,K100,Exception('timeout_or_slo_miss: completed=65/100 errors=35 elapsed_ms=1242.1'),1
FANOUT,K100,Exception('timeout_or_slo_miss: completed=52/100 errors=48 elapsed_ms=1628.0'),1
FANOUT,K100,Exception('timeout_or_slo_miss: completed=66/100 errors=34 elapsed_ms=1136.2'),1
FANOUT,K100,Exception('timeout_or_slo_miss: completed=77/100 errors=23 elapsed_ms=1007.9'),1
FANOUT,K100,Exception('timeout_or_slo_miss: completed=63/100 errors=37 elapsed_ms=1275.0'),1
FANOUT,K100,Exception('timeout_or_slo_miss: completed=58/100 errors=42 elapsed_ms=1508.8'),1
FANOUT,K100,Exception('timeout_or_slo_miss: completed=72/100 errors=28 elapsed_ms=1120.0'),1
FANOUT,K100,Exception('timeout_or_slo_miss: completed=71/100 errors=29 elapsed_ms=1114.9'),1
FANOUT,K100,Exception('timeout_or_slo_miss: completed=66/100 errors=34 elapsed_ms=1246.1'),1
FANOUT,K100,Exception('timeout_or_slo_miss: completed=68/100 errors=32 elapsed_ms=1139.5'),1
FANOUT,K100,Exception('timeout_or_slo_miss: completed=62/100 errors=38 elapsed_ms=1296.2'),1
FANOUT,K100,Exception('timeout_or_slo_miss: completed=68/100 errors=32 elapsed_ms=1115.5'),1
FANOUT,K100,Exception('timeout_or_slo_miss: completed=70/100 errors=30 elapsed_ms=1146.8'),1
FANOUT,K100,Exception('timeout_or_slo_miss: completed=63/100 errors=37 elapsed_ms=1385.2'),1
FANOUT,K100,Exception('timeout_or_slo_miss: completed=62/100 errors=38 elapsed_ms=1320.6'),1
FANOUT,K100,Exception('timeout_or_slo_miss: completed=70/100 errors=30 elapsed_ms=1153.3'),1
FANOUT,K100,Exception('timeout_or_slo_miss: completed=69/100 errors=31 elapsed_ms=1121.5'),1
FANOUT,K100,Exception('timeout_or_slo_miss: completed=62/100 errors=38 elapsed_ms=1420.5'),1
FANOUT,K100,Exception('timeout_or_slo_miss: completed=74/100 errors=9 elapsed_ms=3130.1'),1
FANOUT,K100,Exception('timeout_or_slo_miss: completed=72/100 errors=28 elapsed_ms=1125.9'),1
FANOUT,K100,Exception('timeout_or_slo_miss: completed=60/100 errors=34 elapsed_ms=5555.2'),1
FANOUT,K100,Exception('timeout_or_slo_miss: completed=71/100 errors=29 elapsed_ms=1156.7'),1
FANOUT,K100,Exception('timeout_or_slo_miss: completed=70/100 errors=30 elapsed_ms=1168.1'),1
FANOUT,K100,Exception('timeout_or_slo_miss: completed=80/100 errors=20 elapsed_ms=1004.1'),1
FANOUT,K100,Exception('timeout_or_slo_miss: completed=71/100 errors=29 elapsed_ms=1133.6'),1
FANOUT,K100,Exception('timeout_or_slo_miss: completed=67/100 errors=33 elapsed_ms=1266.7'),1
FANOUT,K100,Exception('timeout_or_slo_miss: completed=59/100 errors=41 elapsed_ms=1513.8'),1
FANOUT,K100,Exception('timeout_or_slo_miss: completed=62/100 errors=38 elapsed_ms=1371.7'),1
FANOUT,K100,Exception('timeout_or_slo_miss: completed=64/100 errors=36 elapsed_ms=1169.7'),1
FANOUT,K100,Exception('timeout_or_slo_miss: completed=65/100 errors=35 elapsed_ms=1304.6'),1
FANOUT,K100,Exception('timeout_or_slo_miss: completed=60/100 errors=40 elapsed_ms=1505.8'),1
FANOUT,K100,Exception('timeout_or_slo_miss: completed=72/100 errors=28 elapsed_ms=1118.2'),1
FANOUT,K100,Exception('timeout_or_slo_miss: completed=68/100 errors=32 elapsed_ms=1111.6'),1
FANOUT,K100,Exception('timeout_or_slo_miss: completed=66/100 errors=34 elapsed_ms=1133.5'),1
FANOUT,K100,Exception('timeout_or_slo_miss: completed=67/100 errors=33 elapsed_ms=1142.7'),1
FANOUT,K100,Exception('timeout_or_slo_miss: completed=74/100 errors=26 elapsed_ms=1133.8'),1
FANOUT,K100,Exception('timeout_or_slo_miss: completed=72/100 errors=28 elapsed_ms=1133.2'),1
FANOUT,K100,Exception('timeout_or_slo_miss: completed=70/100 errors=30 elapsed_ms=1089.7'),1
FANOUT,K100,Exception('timeout_or_slo_miss: completed=66/100 errors=34 elapsed_ms=1165.1'),1
FANOUT,K100,Exception('timeout_or_slo_miss: completed=66/100 errors=34 elapsed_ms=1291.0'),1
FANOUT,K100,Exception('timeout_or_slo_miss: completed=65/100 errors=35 elapsed_ms=1272.8'),1
FANOUT,K100,Exception('timeout_or_slo_miss: completed=66/100 errors=34 elapsed_ms=1159.4'),1
FANOUT,K100,Exception('timeout_or_slo_miss: completed=67/100 errors=33 elapsed_ms=1188.2'),1
FANOUT,K100,Exception('timeout_or_slo_miss: completed=61/100 errors=39 elapsed_ms=1309.5'),1
FANOUT,K100,Exception('timeout_or_slo_miss: completed=68/100 errors=16 elapsed_ms=3501.5'),1
FANOUT,K100,Exception('timeout_or_slo_miss: completed=67/100 errors=33 elapsed_ms=1122.8'),1
FANOUT,K100,Exception('timeout_or_slo_miss: completed=64/100 errors=36 elapsed_ms=1180.9'),1
FANOUT,K100,Exception('timeout_or_slo_miss: completed=64/100 errors=36 elapsed_ms=1307.0'),1
FANOUT,K100,Exception('timeout_or_slo_miss: completed=63/100 errors=37 elapsed_ms=1351.4'),1
FANOUT,K100,Exception('timeout_or_slo_miss: completed=68/100 errors=32 elapsed_ms=1135.2'),1
FANOUT,K100,Exception('timeout_or_slo_miss: completed=71/100 errors=29 elapsed_ms=1111.7'),1
FANOUT,K100,Exception('timeout_or_slo_miss: completed=66/100 errors=34 elapsed_ms=1163.9'),1
FANOUT,K100,Exception('timeout_or_slo_miss: completed=70/100 errors=30 elapsed_ms=1149.0'),1
FANOUT,K100,Exception('timeout_or_slo_miss: completed=64/100 errors=36 elapsed_ms=1231.2'),1
FANOUT,K100,Exception('timeout_or_slo_miss: completed=68/100 errors=32 elapsed_ms=1145.1'),1
FANOUT,K100,Exception('timeout_or_slo_miss: completed=64/100 errors=25 elapsed_ms=4525.4'),1
FANOUT,K100,Exception('timeout_or_slo_miss: completed=69/100 errors=31 elapsed_ms=1143.5'),1
FANOUT,K100,Exception('timeout_or_slo_miss: completed=69/100 errors=31 elapsed_ms=1091.3'),1
FANOUT,K100,Exception('timeout_or_slo_miss: completed=60/100 errors=40 elapsed_ms=1472.5'),1
FANOUT,K100,Exception('timeout_or_slo_miss: completed=72/100 errors=28 elapsed_ms=1126.1'),1
FANOUT,K100,Exception('timeout_or_slo_miss: completed=64/100 errors=36 elapsed_ms=1293.9'),1
FANOUT,K100,Exception('timeout_or_slo_miss: completed=62/100 errors=38 elapsed_ms=1238.6'),1
FANOUT,K100,Exception('timeout_or_slo_miss: completed=59/100 errors=41 elapsed_ms=1502.9'),2
FANOUT,K100,Exception('timeout_or_slo_miss: completed=69/100 errors=31 elapsed_ms=1119.8'),1
FANOUT,K100,Exception('timeout_or_slo_miss: completed=72/100 errors=28 elapsed_ms=1134.9'),1
FANOUT,K100,Exception('timeout_or_slo_miss: completed=68/100 errors=32 elapsed_ms=1197.9'),1
FANOUT,K100,Exception('timeout_or_slo_miss: completed=59/100 errors=41 elapsed_ms=1523.1'),1
FANOUT,K100,Exception('timeout_or_slo_miss: completed=73/100 errors=27 elapsed_ms=1152.4'),1
FANOUT,K100,Exception('timeout_or_slo_miss: completed=63/100 errors=37 elapsed_ms=2153.2'),1
FANOUT,K100,Exception('timeout_or_slo_miss: completed=63/100 errors=37 elapsed_ms=1285.3'),2
FANOUT,K100,Exception('timeout_or_slo_miss: completed=67/100 errors=33 elapsed_ms=1127.9'),1
FANOUT,K100,Exception('timeout_or_slo_miss: completed=59/100 errors=41 elapsed_ms=1510.7'),1
FANOUT,K100,Exception('timeout_or_slo_miss: completed=61/100 errors=39 elapsed_ms=1392.6'),1
FANOUT,K100,Exception('timeout_or_slo_miss: completed=72/100 errors=28 elapsed_ms=1046.8'),1
FANOUT,K100,Exception('timeout_or_slo_miss: completed=71/100 errors=29 elapsed_ms=1147.9'),1
FANOUT,K100,Exception('timeout_or_slo_miss: completed=66/100 errors=34 elapsed_ms=1280.8'),1
FANOUT,K100,Exception('timeout_or_slo_miss: completed=65/100 errors=35 elapsed_ms=1215.8'),1
FANOUT,K100,Exception('timeout_or_slo_miss: completed=66/100 errors=34 elapsed_ms=1183.5'),1
FANOUT,K100,Exception('timeout_or_slo_miss: completed=65/100 errors=35 elapsed_ms=1183.5'),1
FANOUT,K100,Exception('timeout_or_slo_miss: completed=68/100 errors=32 elapsed_ms=1129.4'),1
FANOUT,K100,Exception('timeout_or_slo_miss: completed=67/100 errors=33 elapsed_ms=1119.8'),1
FANOUT,K100,Exception('timeout_or_slo_miss: completed=65/100 errors=35 elapsed_ms=1235.8'),1
FANOUT,K100,Exception('timeout_or_slo_miss: completed=71/100 errors=29 elapsed_ms=1112.8'),2
FANOUT,K100,Exception('timeout_or_slo_miss: completed=63/100 errors=37 elapsed_ms=1356.5'),1
FANOUT,K100,Exception('timeout_or_slo_miss: completed=66/100 errors=34 elapsed_ms=1146.4'),1
FANOUT,K100,Exception('timeout_or_slo_miss: completed=69/100 errors=14 elapsed_ms=3905.1'),1
FANOUT,K100,Exception('timeout_or_slo_miss: completed=73/100 errors=27 elapsed_ms=1036.2'),1
FANOUT,K100,Exception('timeout_or_slo_miss: completed=65/100 errors=35 elapsed_ms=1205.5'),1
FANOUT,K100,Exception('timeout_or_slo_miss: completed=72/100 errors=28 elapsed_ms=1164.6'),1
FANOUT,K100,Exception('timeout_or_slo_miss: completed=65/100 errors=35 elapsed_ms=1146.7'),1
FANOUT,K100,Exception('timeout_or_slo_miss: completed=63/100 errors=37 elapsed_ms=1293.9'),1
FANOUT,K100,Exception('timeout_or_slo_miss: completed=71/100 errors=29 elapsed_ms=1097.1'),1
FANOUT,K100,Exception('timeout_or_slo_miss: completed=67/100 errors=33 elapsed_ms=1126.2'),1
FANOUT,K100,Exception('timeout_or_slo_miss: completed=64/100 errors=36 elapsed_ms=1267.0'),1
FANOUT,K100,Exception('timeout_or_slo_miss: completed=77/100 errors=23 elapsed_ms=1012.7'),1
FANOUT,K100,Exception('timeout_or_slo_miss: completed=68/100 errors=32 elapsed_ms=1119.8'),1
FANOUT,K100,Exception('timeout_or_slo_miss: completed=72/100 errors=28 elapsed_ms=1241.3'),1
FANOUT,K100,Exception('timeout_or_slo_miss: completed=63/100 errors=37 elapsed_ms=1255.8'),1
FANOUT,K100,Exception('timeout_or_slo_miss: completed=57/100 errors=43 elapsed_ms=1765.7'),1
FANOUT,K100,Exception('timeout_or_slo_miss: completed=61/100 errors=39 elapsed_ms=1311.9'),1
FANOUT,K100,Exception('timeout_or_slo_miss: completed=65/100 errors=35 elapsed_ms=1270.7'),1
FANOUT,K100,Exception('timeout_or_slo_miss: completed=75/100 errors=25 elapsed_ms=1014.2'),1
FANOUT,K100,Exception('timeout_or_slo_miss: completed=66/100 errors=34 elapsed_ms=1189.5'),1
FANOUT,K100,Exception('timeout_or_slo_miss: completed=67/100 errors=33 elapsed_ms=1218.2'),1
FANOUT,K100,Exception('timeout_or_slo_miss: completed=62/100 errors=38 elapsed_ms=1337.3'),1
FANOUT,K100,Exception('timeout_or_slo_miss: completed=65/100 errors=35 elapsed_ms=1145.6'),1
FANOUT,K100,Exception('timeout_or_slo_miss: completed=71/100 errors=29 elapsed_ms=1069.9'),1
FANOUT,K100,Exception('timeout_or_slo_miss: completed=69/100 errors=31 elapsed_ms=1125.2'),1
FANOUT,K100,Exception('timeout_or_slo_miss: completed=69/100 errors=31 elapsed_ms=1131.4'),1
FANOUT,K100,Exception('timeout_or_slo_miss: completed=64/100 errors=36 elapsed_ms=1307.7'),1
FANOUT,K100,Exception('timeout_or_slo_miss: completed=64/100 errors=36 elapsed_ms=1309.8'),1
FANOUT,K100,Exception('timeout_or_slo_miss: completed=62/100 errors=38 elapsed_ms=1309.4'),1
FANOUT,K100,Exception('timeout_or_slo_miss: completed=67/100 errors=33 elapsed_ms=1224.3'),1
FANOUT,K100,Exception('timeout_or_slo_miss: completed=67/100 errors=33 elapsed_ms=1137.0'),1
FANOUT,K100,Exception('timeout_or_slo_miss: completed=67/100 errors=33 elapsed_ms=1186.3'),1
FANOUT,K100,Exception('timeout_or_slo_miss: completed=67/100 errors=33 elapsed_ms=1193.7'),1
FANOUT,K100,Exception('timeout_or_slo_miss: completed=66/100 errors=34 elapsed_ms=1206.9'),1
FANOUT,K100,Exception('timeout_or_slo_miss: completed=59/100 errors=41 elapsed_ms=1505.0'),1
FANOUT,K100,Exception('timeout_or_slo_miss: completed=62/100 errors=38 elapsed_ms=1284.0'),1
FANOUT,K100,Exception('timeout_or_slo_miss: completed=76/100 errors=24 elapsed_ms=1023.0'),1
FANOUT,K100,Exception('timeout_or_slo_miss: completed=67/100 errors=33 elapsed_ms=1180.0'),1
FANOUT,K100,Exception('timeout_or_slo_miss: completed=80/100 errors=3 elapsed_ms=2081.4'),1
FANOUT,K100,Exception('timeout_or_slo_miss: completed=69/100 errors=31 elapsed_ms=1107.4'),1
FANOUT,K100,Exception('timeout_or_slo_miss: completed=64/100 errors=36 elapsed_ms=1303.8'),1
FANOUT,K100,Exception('timeout_or_slo_miss: completed=71/100 errors=29 elapsed_ms=1144.6'),1
FANOUT,K100,Exception('timeout_or_slo_miss: completed=74/100 errors=10 elapsed_ms=2571.2'),1
FANOUT,K100,Exception('timeout_or_slo_miss: completed=73/100 errors=27 elapsed_ms=1190.2'),1
FANOUT,K100,Exception('timeout_or_slo_miss: completed=76/100 errors=24 elapsed_ms=1133.8'),1
FANOUT,K100,Exception('timeout_or_slo_miss: completed=70/100 errors=30 elapsed_ms=1124.0'),1
FANOUT,K100,Exception('timeout_or_slo_miss: completed=61/100 errors=39 elapsed_ms=4778.1'),1
FANOUT,K100,Exception('timeout_or_slo_miss: completed=66/100 errors=34 elapsed_ms=1240.0'),1
FANOUT,K100,Exception('timeout_or_slo_miss: completed=59/100 errors=41 elapsed_ms=1505.5'),2
FANOUT,K100,Exception('timeout_or_slo_miss: completed=65/100 errors=35 elapsed_ms=1272.2'),1
FANOUT,K100,Exception('timeout_or_slo_miss: completed=65/100 errors=35 elapsed_ms=1232.1'),1
FANOUT,K100,Exception('timeout_or_slo_miss: completed=68/100 errors=32 elapsed_ms=1130.7'),1
FANOUT,K100,Exception('timeout_or_slo_miss: completed=71/100 errors=13 elapsed_ms=2876.7'),1
FANOUT,K100,Exception('timeout_or_slo_miss: completed=67/100 errors=33 elapsed_ms=1254.1'),1
FANOUT,K100,Exception('timeout_or_slo_miss: completed=68/100 errors=32 elapsed_ms=1203.5'),1
FANOUT,K100,Exception('timeout_or_slo_miss: completed=72/100 errors=28 elapsed_ms=1127.1'),1
FANOUT,K100,Exception('timeout_or_slo_miss: completed=57/100 errors=43 elapsed_ms=1508.9'),1
FANOUT,K100,Exception('timeout_or_slo_miss: completed=65/100 errors=35 elapsed_ms=1195.6'),1
FANOUT,K100,Exception('timeout_or_slo_miss: completed=67/100 errors=33 elapsed_ms=1138.5'),1
FANOUT,K100,Exception('timeout_or_slo_miss: completed=62/100 errors=38 elapsed_ms=1280.1'),1
FANOUT,K100,Exception('timeout_or_slo_miss: completed=59/100 errors=41 elapsed_ms=1507.8'),1
FANOUT,K100,Exception('timeout_or_slo_miss: completed=58/100 errors=42 elapsed_ms=1510.0'),1
FANOUT,K100,Exception('timeout_or_slo_miss: completed=65/100 errors=35 elapsed_ms=1204.1'),1
FANOUT,K100,Exception('timeout_or_slo_miss: completed=73/100 errors=27 elapsed_ms=1019.1'),1
FANOUT,K100,Exception('timeout_or_slo_miss: completed=61/100 errors=39 elapsed_ms=1503.1'),2
FANOUT,K100,Exception('timeout_or_slo_miss: completed=67/100 errors=33 elapsed_ms=1133.2'),1
FANOUT,K100,Exception('timeout_or_slo_miss: completed=70/100 errors=30 elapsed_ms=1136.3'),1
FANOUT,K100,Exception('timeout_or_slo_miss: completed=62/100 errors=38 elapsed_ms=1400.4'),1
FANOUT,K100,Exception('timeout_or_slo_miss: completed=67/100 errors=33 elapsed_ms=1173.0'),1
FANOUT,K100,Exception('timeout_or_slo_miss: completed=67/100 errors=33 elapsed_ms=1172.3'),1
FANOUT,K100,Exception('timeout_or_slo_miss: completed=64/100 errors=36 elapsed_ms=1181.3'),1
FANOUT,K100,Exception('timeout_or_slo_miss: completed=76/100 errors=24 elapsed_ms=1012.4'),1
FANOUT,K100,Exception('timeout_or_slo_miss: completed=63/100 errors=37 elapsed_ms=1210.0'),2
FANOUT,K100,Exception('timeout_or_slo_miss: completed=63/100 errors=37 elapsed_ms=1305.3'),1
FANOUT,K100,Exception('timeout_or_slo_miss: completed=67/100 errors=33 elapsed_ms=1119.6'),1
FANOUT,K100,Exception('timeout_or_slo_miss: completed=66/100 errors=34 elapsed_ms=1234.8'),1
FANOUT,K100,Exception('timeout_or_slo_miss: completed=63/100 errors=37 elapsed_ms=1342.2'),1
FANOUT,K100,Exception('timeout_or_slo_miss: completed=71/100 errors=29 elapsed_ms=1051.5'),1
FANOUT,K100,Exception('timeout_or_slo_miss: completed=64/100 errors=36 elapsed_ms=1331.2'),1
FANOUT,K100,Exception('timeout_or_slo_miss: completed=69/100 errors=31 elapsed_ms=1144.9'),1
FANOUT,K100,Exception('timeout_or_slo_miss: completed=71/100 errors=29 elapsed_ms=1099.6'),1
FANOUT,K100,Exception('timeout_or_slo_miss: completed=66/100 errors=34 elapsed_ms=1214.5'),1
FANOUT,K100,Exception('timeout_or_slo_miss: completed=68/100 errors=22 elapsed_ms=4173.2'),1
FANOUT,K100,Exception('timeout_or_slo_miss: completed=75/100 errors=25 elapsed_ms=1021.4'),1
FANOUT,K100,Exception('timeout_or_slo_miss: completed=63/100 errors=37 elapsed_ms=1282.9'),1
FANOUT,K100,Exception('timeout_or_slo_miss: completed=65/100 errors=35 elapsed_ms=1185.3'),2
FANOUT,K100,Exception('timeout_or_slo_miss: completed=66/100 errors=34 elapsed_ms=1160.3'),1
FANOUT,K100,Exception('timeout_or_slo_miss: completed=75/100 errors=25 elapsed_ms=1089.3'),1
FANOUT,K100,Exception('timeout_or_slo_miss: completed=71/100 errors=29 elapsed_ms=1132.1'),2
FANOUT,K100,Exception('timeout_or_slo_miss: completed=61/100 errors=39 elapsed_ms=1337.0'),1
FANOUT,K100,Exception('timeout_or_slo_miss: completed=75/100 errors=25 elapsed_ms=1014.6'),1
FANOUT,K100,Exception('timeout_or_slo_miss: completed=68/100 errors=32 elapsed_ms=1131.1'),1
FANOUT,K100,Exception('timeout_or_slo_miss: completed=67/100 errors=33 elapsed_ms=1178.4'),1
FANOUT,K100,Exception('timeout_or_slo_miss: completed=58/100 errors=42 elapsed_ms=1507.1'),1
FANOUT,K100,Exception('timeout_or_slo_miss: completed=73/100 errors=27 elapsed_ms=1141.1'),1
FANOUT,K100,Exception('timeout_or_slo_miss: completed=79/100 errors=21 elapsed_ms=1004.6'),1
FANOUT,K100,Exception('timeout_or_slo_miss: completed=67/100 errors=33 elapsed_ms=1162.5'),1
FANOUT,K100,Exception('timeout_or_slo_miss: completed=70/100 errors=30 elapsed_ms=1143.3'),1
FANOUT,K100,Exception('timeout_or_slo_miss: completed=67/100 errors=33 elapsed_ms=1155.5'),1
FANOUT,K100,Exception('timeout_or_slo_miss: completed=69/100 errors=31 elapsed_ms=1119.0'),1
FANOUT,K100,Exception('timeout_or_slo_miss: completed=64/100 errors=36 elapsed_ms=1217.7'),1
FANOUT,K100,Exception('timeout_or_slo_miss: completed=66/100 errors=34 elapsed_ms=1187.7'),1
FANOUT,K100,Exception('timeout_or_slo_miss: completed=73/100 errors=27 elapsed_ms=1121.8'),1
FANOUT,K100,Exception('timeout_or_slo_miss: completed=67/100 errors=33 elapsed_ms=1153.8'),1
FANOUT,K100,Exception('timeout_or_slo_miss: completed=63/100 errors=22 elapsed_ms=3890.4'),1
FANOUT,K100,Exception('timeout_or_slo_miss: completed=62/100 errors=38 elapsed_ms=1504.2'),1
FANOUT,K100,Exception('timeout_or_slo_miss: completed=65/100 errors=35 elapsed_ms=1214.6'),1
FANOUT,K100,Exception('timeout_or_slo_miss: completed=68/100 errors=32 elapsed_ms=1132.5'),2
FANOUT,K100,Exception('timeout_or_slo_miss: completed=65/100 errors=35 elapsed_ms=1264.4'),1
FANOUT,K100,Exception('timeout_or_slo_miss: completed=63/100 errors=37 elapsed_ms=1301.5'),1
FANOUT,K100,Exception('timeout_or_slo_miss: completed=61/100 errors=39 elapsed_ms=1436.1'),1
FANOUT,K100,Exception('timeout_or_slo_miss: completed=72/100 errors=28 elapsed_ms=1144.5'),1
FANOUT,K100,Exception('timeout_or_slo_miss: completed=73/100 errors=27 elapsed_ms=1138.4'),1
FANOUT,K100,Exception('timeout_or_slo_miss: completed=71/100 errors=29 elapsed_ms=1141.5'),1
FANOUT,K100,Exception('timeout_or_slo_miss: completed=71/100 errors=29 elapsed_ms=1147.4'),1
FANOUT,K100,Exception('timeout_or_slo_miss: completed=74/100 errors=26 elapsed_ms=1101.7'),1
FANOUT,K100,Exception('timeout_or_slo_miss: completed=64/100 errors=36 elapsed_ms=1254.3'),1
FANOUT,K100,Exception('timeout_or_slo_miss: completed=62/100 errors=38 elapsed_ms=1345.0'),1
FANOUT,K100,Exception('timeout_or_slo_miss: completed=29/100 errors=57 elapsed_ms=17257.5'),1
FANOUT,K100,Exception('timeout_or_slo_miss: completed=70/100 errors=30 elapsed_ms=1131.5'),1
FANOUT,K100,Exception('timeout_or_slo_miss: completed=62/100 errors=38 elapsed_ms=1260.1'),1
FANOUT,K100,Exception('timeout_or_slo_miss: completed=75/100 errors=25 elapsed_ms=1170.6'),1
FANOUT,K100,Exception('timeout_or_slo_miss: completed=71/100 errors=29 elapsed_ms=1181.1'),1
FANOUT,K100,Exception('timeout_or_slo_miss: completed=61/100 errors=39 elapsed_ms=1391.6'),1
FANOUT,K100,Exception('timeout_or_slo_miss: completed=74/100 errors=10 elapsed_ms=2688.3'),1
FANOUT,K100,Exception('timeout_or_slo_miss: completed=69/100 errors=31 elapsed_ms=1104.2'),1
FANOUT,K100,Exception('timeout_or_slo_miss: completed=63/100 errors=37 elapsed_ms=1187.7'),1
FANOUT,K100,Exception('timeout_or_slo_miss: completed=74/100 errors=26 elapsed_ms=1124.5'),1
FANOUT,K100,Exception('timeout_or_slo_miss: completed=70/100 errors=30 elapsed_ms=1121.7'),1
FANOUT,K100,Exception('timeout_or_slo_miss: completed=66/100 errors=34 elapsed_ms=1214.4'),1
FANOUT,K100,Exception('timeout_or_slo_miss: completed=56/100 errors=44 elapsed_ms=1506.6'),1
FANOUT,K100,Exception('timeout_or_slo_miss: completed=64/100 errors=36 elapsed_ms=1273.9'),1
FANOUT,K100,Exception('timeout_or_slo_miss: completed=54/100 errors=46 elapsed_ms=1506.8'),1
FANOUT,K100,Exception('timeout_or_slo_miss: completed=67/100 errors=33 elapsed_ms=1158.9'),1
FANOUT,K100,Exception('timeout_or_slo_miss: completed=70/100 errors=30 elapsed_ms=1140.4'),1
FANOUT,K100,Exception('timeout_or_slo_miss: completed=69/100 errors=31 elapsed_ms=1154.5'),1
FANOUT,K100,Exception('timeout_or_slo_miss: completed=64/100 errors=36 elapsed_ms=1271.6'),1
FANOUT,K100,Exception('timeout_or_slo_miss: completed=60/100 errors=40 elapsed_ms=1505.3'),1
FANOUT,K100,Exception('timeout_or_slo_miss: completed=70/100 errors=30 elapsed_ms=1109.3'),1
FANOUT,K100,Exception('timeout_or_slo_miss: completed=66/100 errors=18 elapsed_ms=3544.5'),1
FANOUT,K100,Exception('timeout_or_slo_miss: completed=61/100 errors=36 elapsed_ms=4368.9'),1
FANOUT,K100,Exception('timeout_or_slo_miss: completed=71/100 errors=29 elapsed_ms=1145.6'),1
FANOUT,K100,Exception('timeout_or_slo_miss: completed=28/100 errors=61 elapsed_ms=17254.9'),1
FANOUT,K100,Exception('timeout_or_slo_miss: completed=79/100 errors=21 elapsed_ms=1002.0'),1
FANOUT,K100,Exception('timeout_or_slo_miss: completed=62/100 errors=38 elapsed_ms=1612.8'),1
FANOUT,K100,Exception('timeout_or_slo_miss: completed=62/100 errors=38 elapsed_ms=1299.8'),1
FANOUT,K100,Exception('timeout_or_slo_miss: completed=61/100 errors=25 elapsed_ms=4470.4'),1
FANOUT,K100,Exception('timeout_or_slo_miss: completed=67/100 errors=33 elapsed_ms=1176.5'),1
FANOUT,K100,Exception('timeout_or_slo_miss: completed=76/100 errors=24 elapsed_ms=1107.6'),1
FANOUT,K100,Exception('timeout_or_slo_miss: completed=66/100 errors=34 elapsed_ms=1236.3'),1
FANOUT,K100,Exception('timeout_or_slo_miss: completed=58/100 errors=42 elapsed_ms=1503.5'),2
FANOUT,K100,Exception('timeout_or_slo_miss: completed=63/100 errors=37 elapsed_ms=1288.3'),1
FANOUT,K100,Exception('timeout_or_slo_miss: completed=77/100 errors=23 elapsed_ms=1005.9'),1
FANOUT,K100,Exception('timeout_or_slo_miss: completed=70/100 errors=30 elapsed_ms=1135.0'),1
FANOUT,K100,Exception('timeout_or_slo_miss: completed=69/100 errors=31 elapsed_ms=1094.0'),1
FANOUT,K100,Exception('timeout_or_slo_miss: completed=68/100 errors=32 elapsed_ms=1171.4'),1
FANOUT,K100,Exception('timeout_or_slo_miss: completed=62/100 errors=38 elapsed_ms=1429.4'),1
FANOUT,K100,Exception('timeout_or_slo_miss: completed=68/100 errors=20 elapsed_ms=4021.7'),1
FANOUT,K100,Exception('timeout_or_slo_miss: completed=64/100 errors=36 elapsed_ms=1241.9'),1
FANOUT,K100,Exception('timeout_or_slo_miss: completed=64/100 errors=36 elapsed_ms=1250.4'),1
FANOUT,K100,Exception('timeout_or_slo_miss: completed=63/100 errors=37 elapsed_ms=1313.0'),1
FANOUT,K100,Exception('timeout_or_slo_miss: completed=69/100 errors=31 elapsed_ms=1140.2'),1
FANOUT,K100,Exception('timeout_or_slo_miss: completed=57/100 errors=43 elapsed_ms=1505.8'),1
FANOUT,K100,Exception('timeout_or_slo_miss: completed=67/100 errors=33 elapsed_ms=1245.3'),1
FANOUT,K100,Exception('timeout_or_slo_miss: completed=62/100 errors=38 elapsed_ms=4812.9'),1
FANOUT,K100,Exception('timeout_or_slo_miss: completed=67/100 errors=33 elapsed_ms=1121.5'),1
FANOUT,K100,Exception('timeout_or_slo_miss: completed=68/100 errors=32 elapsed_ms=1138.4'),1
FANOUT,K100,Exception('timeout_or_slo_miss: completed=72/100 errors=28 elapsed_ms=1120.7'),1
FANOUT,K100,Exception('timeout_or_slo_miss: completed=63/100 errors=37 elapsed_ms=1250.2'),1
FANOUT,K100,Exception('timeout_or_slo_miss: completed=66/100 errors=18 elapsed_ms=3587.5'),1
FANOUT,K100,Exception('timeout_or_slo_miss: completed=58/100 errors=42 elapsed_ms=1505.8'),1
FANOUT,K100,Exception('timeout_or_slo_miss: completed=64/100 errors=36 elapsed_ms=1290.9'),1
FANOUT,K100,Exception('timeout_or_slo_miss: completed=64/100 errors=36 elapsed_ms=1233.8'),1
FANOUT,K100,Exception('timeout_or_slo_miss: completed=68/100 errors=16 elapsed_ms=3448.5'),1
FANOUT,K100,Exception('timeout_or_slo_miss: completed=58/100 errors=35 elapsed_ms=3988.8'),1
FANOUT,K100,Exception('timeout_or_slo_miss: completed=65/100 errors=35 elapsed_ms=1259.7'),1
FANOUT,K100,Exception('timeout_or_slo_miss: completed=68/100 errors=32 elapsed_ms=1158.3'),1
FANOUT,K100,Exception('timeout_or_slo_miss: completed=68/100 errors=32 elapsed_ms=1125.9'),1
FANOUT,K100,Exception('timeout_or_slo_miss: completed=69/100 errors=31 elapsed_ms=1105.3'),1
FANOUT,K100,Exception('timeout_or_slo_miss: completed=62/100 errors=38 elapsed_ms=1321.4'),2
FANOUT,K100,Exception('timeout_or_slo_miss: completed=61/100 errors=25 elapsed_ms=7325.4'),1
FANOUT,K100,Exception('timeout_or_slo_miss: completed=67/100 errors=33 elapsed_ms=1153.9'),1
FANOUT,K100,Exception('timeout_or_slo_miss: completed=67/100 errors=33 elapsed_ms=1203.7'),1
FANOUT,K100,Exception('timeout_or_slo_miss: completed=27/100 errors=56 elapsed_ms=21030.9'),1
FANOUT,K100,Exception('timeout_or_slo_miss: completed=67/100 errors=33 elapsed_ms=1145.5'),1
FANOUT,K100,Exception('timeout_or_slo_miss: completed=63/100 errors=37 elapsed_ms=1210.3'),1
FANOUT,K100,Exception('timeout_or_slo_miss: completed=70/100 errors=30 elapsed_ms=1162.9'),2
FANOUT,K100,Exception('timeout_or_slo_miss: completed=57/100 errors=43 elapsed_ms=1507.4'),1
FANOUT,K100,Exception('timeout_or_slo_miss: completed=69/100 errors=31 elapsed_ms=1085.5'),1
FANOUT,K100,Exception('timeout_or_slo_miss: completed=66/100 errors=34 elapsed_ms=1318.0'),1
FANOUT,K100,Exception('timeout_or_slo_miss: completed=70/100 errors=30 elapsed_ms=1116.0'),1
FANOUT,K100,Exception('timeout_or_slo_miss: completed=57/100 errors=43 elapsed_ms=1505.0'),1
FANOUT,K100,Exception('timeout_or_slo_miss: completed=70/100 errors=30 elapsed_ms=1143.0'),2
FANOUT,K100,Exception('timeout_or_slo_miss: completed=66/100 errors=34 elapsed_ms=1194.1'),1
FANOUT,K100,Exception('timeout_or_slo_miss: completed=70/100 errors=30 elapsed_ms=1142.9'),2
FANOUT,K100,Exception('timeout_or_slo_miss: completed=73/100 errors=27 elapsed_ms=1101.9'),1
FANOUT,K100,Exception('timeout_or_slo_miss: completed=62/100 errors=38 elapsed_ms=1275.9'),1
FANOUT,K100,Exception('timeout_or_slo_miss: completed=68/100 errors=32 elapsed_ms=1181.5'),1
FANOUT,K100,Exception('timeout_or_slo_miss: completed=63/100 errors=37 elapsed_ms=1259.6'),1
FANOUT,K100,Exception('timeout_or_slo_miss: completed=62/100 errors=38 elapsed_ms=1313.4'),1
FANOUT,K100,Exception('timeout_or_slo_miss: completed=74/100 errors=26 elapsed_ms=1101.4'),1
FANOUT,K100,Exception('timeout_or_slo_miss: completed=63/100 errors=37 elapsed_ms=1286.6'),1
FANOUT,K100,Exception('timeout_or_slo_miss: completed=63/100 errors=37 elapsed_ms=1153.4'),1
FANOUT,K100,Exception('timeout_or_slo_miss: completed=62/100 errors=38 elapsed_ms=1364.4'),1
FANOUT,K100,Exception('timeout_or_slo_miss: completed=64/100 errors=36 elapsed_ms=1286.2'),1
FANOUT,K100,Exception('timeout_or_slo_miss: completed=66/100 errors=34 elapsed_ms=1257.8'),1
FANOUT,K100,Exception('timeout_or_slo_miss: completed=66/100 errors=34 elapsed_ms=1213.2'),1
FANOUT,K100,Exception('timeout_or_slo_miss: completed=65/100 errors=19 elapsed_ms=3699.7'),1
FANOUT,K100,Exception('timeout_or_slo_miss: completed=68/100 errors=32 elapsed_ms=1139.7'),1
FANOUT,K100,Exception('timeout_or_slo_miss: completed=61/100 errors=39 elapsed_ms=1451.8'),1
FANOUT,K100,Exception('timeout_or_slo_miss: completed=64/100 errors=36 elapsed_ms=1294.6'),1
FANOUT,K100,Exception('timeout_or_slo_miss: completed=72/100 errors=28 elapsed_ms=1117.1'),1
FANOUT,K100,Exception('timeout_or_slo_miss: completed=68/100 errors=15 elapsed_ms=4062.4'),1
FANOUT,K100,Exception('timeout_or_slo_miss: completed=61/100 errors=39 elapsed_ms=1370.5'),1
FANOUT,K100,Exception('timeout_or_slo_miss: completed=63/100 errors=37 elapsed_ms=1345.7'),1
FANOUT,K100,Exception('timeout_or_slo_miss: completed=66/100 errors=34 elapsed_ms=1129.7'),1
FANOUT,K100,Exception('timeout_or_slo_miss: completed=62/100 errors=38 elapsed_ms=1309.6'),1
FANOUT,K100,Exception('timeout_or_slo_miss: completed=63/100 errors=37 elapsed_ms=1283.4'),1
FANOUT,K100,Exception('timeout_or_slo_miss: completed=75/100 errors=25 elapsed_ms=1011.3'),1
FANOUT,K100,Exception('timeout_or_slo_miss: completed=58/100 errors=42 elapsed_ms=1730.8'),1
FANOUT,K100,Exception('timeout_or_slo_miss: completed=65/100 errors=35 elapsed_ms=1290.3'),1
FANOUT,K100,Exception('timeout_or_slo_miss: completed=66/100 errors=34 elapsed_ms=1260.8'),1
FANOUT,K100,Exception('timeout_or_slo_miss: completed=61/100 errors=39 elapsed_ms=1240.9'),1
FANOUT,K100,Exception('timeout_or_slo_miss: completed=63/100 errors=37 elapsed_ms=1290.0'),1
FANOUT,K100,Exception('timeout_or_slo_miss: completed=64/100 errors=36 elapsed_ms=1392.8'),1
FANOUT,K100,Exception('timeout_or_slo_miss: completed=68/100 errors=32 elapsed_ms=1229.8'),1
FANOUT,K100,Exception('timeout_or_slo_miss: completed=67/100 errors=33 elapsed_ms=1215.0'),1
FANOUT,K100,Exception('timeout_or_slo_miss: completed=64/100 errors=36 elapsed_ms=1285.9'),1
FANOUT,K100,Exception('timeout_or_slo_miss: completed=60/100 errors=40 elapsed_ms=1368.8'),1
FANOUT,K100,Exception('timeout_or_slo_miss: completed=66/100 errors=34 elapsed_ms=1175.9'),1
FANOUT,K100,Exception('timeout_or_slo_miss: completed=70/100 errors=30 elapsed_ms=1186.6'),1
FANOUT,K100,Exception('timeout_or_slo_miss: completed=68/100 errors=32 elapsed_ms=1152.2'),1
FANOUT,K100,Exception('timeout_or_slo_miss: completed=65/100 errors=35 elapsed_ms=1350.6'),1
FANOUT,K100,Exception('timeout_or_slo_miss: completed=66/100 errors=34 elapsed_ms=1297.9'),1
FANOUT,K100,Exception('timeout_or_slo_miss: completed=59/100 errors=41 elapsed_ms=1503.6'),1
FANOUT,K100,Exception('timeout_or_slo_miss: completed=69/100 errors=31 elapsed_ms=1105.0'),1
FANOUT,K100,Exception('timeout_or_slo_miss: completed=69/100 errors=31 elapsed_ms=1175.7'),1
FANOUT,K100,Exception('timeout_or_slo_miss: completed=60/100 errors=40 elapsed_ms=1332.7'),1
FANOUT,K100,Exception('timeout_or_slo_miss: completed=66/100 errors=34 elapsed_ms=1228.6'),1
FANOUT,K100,Exception('timeout_or_slo_miss: completed=65/100 errors=35 elapsed_ms=1246.1'),1
FANOUT,K100,Exception('timeout_or_slo_miss: completed=72/100 errors=28 elapsed_ms=1117.4'),2
FANOUT,K100,Exception('timeout_or_slo_miss: completed=65/100 errors=19 elapsed_ms=3574.8'),1
FANOUT,K100,Exception('timeout_or_slo_miss: completed=43/100 errors=42 elapsed_ms=15437.6'),1
FANOUT,K100,Exception('timeout_or_slo_miss: completed=73/100 errors=27 elapsed_ms=1021.0'),1
FANOUT,K100,Exception('timeout_or_slo_miss: completed=68/100 errors=32 elapsed_ms=1163.9'),1
FANOUT,K100,Exception('timeout_or_slo_miss: completed=67/100 errors=33 elapsed_ms=1183.6'),2
FANOUT,K100,Exception('timeout_or_slo_miss: completed=75/100 errors=9 elapsed_ms=2544.1'),1
FANOUT,K100,Exception('timeout_or_slo_miss: completed=74/100 errors=26 elapsed_ms=1071.9'),1
FANOUT,K100,Exception('timeout_or_slo_miss: completed=69/100 errors=15 elapsed_ms=3326.4'),1
FANOUT,K100,Exception('timeout_or_slo_miss: completed=74/100 errors=26 elapsed_ms=1087.9'),1
FANOUT,K100,Exception('timeout_or_slo_miss: completed=65/100 errors=35 elapsed_ms=1226.7'),1
FANOUT,K100,Exception('timeout_or_slo_miss: completed=61/100 errors=39 elapsed_ms=1319.3'),1
FANOUT,K100,Exception('timeout_or_slo_miss: completed=64/100 errors=36 elapsed_ms=1228.4'),1
FANOUT,K100,Exception('timeout_or_slo_miss: completed=60/100 errors=40 elapsed_ms=1505.4'),1
FANOUT,K100,Exception('timeout_or_slo_miss: completed=70/100 errors=30 elapsed_ms=1165.3'),1
FANOUT,K100,Exception('timeout_or_slo_miss: completed=74/100 errors=26 elapsed_ms=1119.4'),1
FANOUT,K100,Exception('timeout_or_slo_miss: completed=62/100 errors=38 elapsed_ms=1335.4'),1
FANOUT,K100,Exception('timeout_or_slo_miss: completed=61/100 errors=39 elapsed_ms=1418.8'),1
FANOUT,K100,Exception('timeout_or_slo_miss: completed=67/100 errors=33 elapsed_ms=1138.7'),1
FANOUT,K100,Exception('timeout_or_slo_miss: completed=62/100 errors=38 elapsed_ms=1334.0'),1
FANOUT,K100,Exception('timeout_or_slo_miss: completed=66/100 errors=34 elapsed_ms=1130.5'),1
FANOUT,K100,Exception('timeout_or_slo_miss: completed=61/100 errors=39 elapsed_ms=1369.7'),1
FANOUT,K100,Exception('timeout_or_slo_miss: completed=71/100 errors=29 elapsed_ms=1128.0'),1
FANOUT,K100,Exception('timeout_or_slo_miss: completed=67/100 errors=33 elapsed_ms=1141.5'),1
FANOUT,K100,Exception('timeout_or_slo_miss: completed=68/100 errors=32 elapsed_ms=1151.4'),1
FANOUT,K100,Exception('timeout_or_slo_miss: completed=62/100 errors=38 elapsed_ms=1342.7'),1
FANOUT,K100,Exception('timeout_or_slo_miss: completed=70/100 errors=30 elapsed_ms=1142.6'),1
FANOUT,K100,Exception('timeout_or_slo_miss: completed=73/100 errors=27 elapsed_ms=1137.1'),1
FANOUT,K100,Exception('timeout_or_slo_miss: completed=71/100 errors=13 elapsed_ms=2920.7'),1
FANOUT,K100,Exception('timeout_or_slo_miss: completed=69/100 errors=15 elapsed_ms=3018.0'),1
FANOUT,K100,Exception('timeout_or_slo_miss: completed=72/100 errors=11 elapsed_ms=3279.1'),1
FANOUT,K100,Exception('timeout_or_slo_miss: completed=72/100 errors=11 elapsed_ms=3358.6'),1
FANOUT,K100,Exception('timeout_or_slo_miss: completed=64/100 errors=36 elapsed_ms=1191.6'),1
FANOUT,K100,Exception('timeout_or_slo_miss: completed=65/100 errors=35 elapsed_ms=1191.8'),1
FANOUT,K100,Exception('timeout_or_slo_miss: completed=67/100 errors=33 elapsed_ms=1183.9'),1
FANOUT,K100,Exception('timeout_or_slo_miss: completed=55/100 errors=45 elapsed_ms=1506.8'),1
FANOUT,K100,Exception('timeout_or_slo_miss: completed=56/100 errors=44 elapsed_ms=1508.4'),2
FANOUT,K100,Exception('timeout_or_slo_miss: completed=67/100 errors=33 elapsed_ms=1267.1'),1
FANOUT,K100,Exception('timeout_or_slo_miss: completed=65/100 errors=19 elapsed_ms=3768.1'),1
FANOUT,K100,Exception('timeout_or_slo_miss: completed=63/100 errors=37 elapsed_ms=1236.3'),3
FANOUT,K100,Exception('timeout_or_slo_miss: completed=60/100 errors=40 elapsed_ms=1368.6'),1
FANOUT,K100,Exception('timeout_or_slo_miss: completed=66/100 errors=34 elapsed_ms=1188.0'),1
FANOUT,K100,Exception('timeout_or_slo_miss: completed=66/100 errors=34 elapsed_ms=1172.3'),3
FANOUT,K100,Exception('timeout_or_slo_miss: completed=66/100 errors=34 elapsed_ms=1264.7'),3
FANOUT,K100,Exception('timeout_or_slo_miss: completed=69/100 errors=31 elapsed_ms=1144.5'),1
FANOUT,K100,Exception('timeout_or_slo_miss: completed=67/100 errors=33 elapsed_ms=1177.7'),1
FANOUT,K100,Exception('timeout_or_slo_miss: completed=65/100 errors=35 elapsed_ms=1304.9'),1
FANOUT,K100,Exception('timeout_or_slo_miss: completed=66/100 errors=34 elapsed_ms=1286.2'),1
FANOUT,K100,Exception('timeout_or_slo_miss: completed=63/100 errors=27 elapsed_ms=4467.0'),1
FANOUT,K100,Exception('timeout_or_slo_miss: completed=75/100 errors=25 elapsed_ms=1096.9'),1
FANOUT,K100,Exception('timeout_or_slo_miss: completed=62/100 errors=38 elapsed_ms=4769.7'),1
FANOUT,K100,Exception('timeout_or_slo_miss: completed=70/100 errors=30 elapsed_ms=1151.6'),2
FANOUT,K100,Exception('timeout_or_slo_miss: completed=69/100 errors=31 elapsed_ms=1123.5'),1
FANOUT,K100,Exception('timeout_or_slo_miss: completed=62/100 errors=38 elapsed_ms=1504.3'),1
FANOUT,K100,Exception('timeout_or_slo_miss: completed=71/100 errors=29 elapsed_ms=1031.1'),1
FANOUT,K100,Exception('timeout_or_slo_miss: completed=73/100 errors=27 elapsed_ms=1158.4'),1
FANOUT,K100,Exception('timeout_or_slo_miss: completed=62/100 errors=38 elapsed_ms=1322.0'),1
FANOUT,K100,Exception('timeout_or_slo_miss: completed=66/100 errors=34 elapsed_ms=1177.9'),1
FANOUT,K100,Exception('timeout_or_slo_miss: completed=60/100 errors=40 elapsed_ms=1506.3'),2
FANOUT,K100,Exception('timeout_or_slo_miss: completed=78/100 errors=22 elapsed_ms=1004.8'),1
FANOUT,K100,Exception('timeout_or_slo_miss: completed=63/100 errors=37 elapsed_ms=1489.9'),1
FANOUT,K100,Exception('timeout_or_slo_miss: completed=69/100 errors=31 elapsed_ms=1133.8'),1
FANOUT,K100,Exception('timeout_or_slo_miss: completed=67/100 errors=33 elapsed_ms=1240.3'),1
FANOUT,K100,Exception('timeout_or_slo_miss: completed=70/100 errors=30 elapsed_ms=1141.7'),1
FANOUT,K100,Exception('timeout_or_slo_miss: completed=72/100 errors=28 elapsed_ms=1123.9'),1
FANOUT,K100,Exception('timeout_or_slo_miss: completed=68/100 errors=32 elapsed_ms=1121.9'),1
FANOUT,K100,Exception('timeout_or_slo_miss: completed=68/100 errors=30 elapsed_ms=1756.7'),1
FANOUT,K100,Exception('timeout_or_slo_miss: completed=60/100 errors=40 elapsed_ms=1401.8'),1
FANOUT,K100,Exception('timeout_or_slo_miss: completed=73/100 errors=27 elapsed_ms=1124.5'),1
FANOUT,K100,Exception('timeout_or_slo_miss: completed=61/100 errors=39 elapsed_ms=1379.6'),1
FANOUT,K100,Exception('timeout_or_slo_miss: completed=72/100 errors=28 elapsed_ms=1131.9'),1
FANOUT,K100,Exception('timeout_or_slo_miss: completed=68/100 errors=32 elapsed_ms=1148.9'),2
FANOUT,K100,Exception('timeout_or_slo_miss: completed=61/100 errors=39 elapsed_ms=1411.6'),1
FANOUT,K100,Exception('timeout_or_slo_miss: completed=63/100 errors=37 elapsed_ms=1269.0'),1
FANOUT,K100,Exception('timeout_or_slo_miss: completed=65/100 errors=32 elapsed_ms=4651.9'),1
FANOUT,K100,Exception('timeout_or_slo_miss: completed=66/100 errors=34 elapsed_ms=1247.3'),1
FANOUT,K100,Exception('timeout_or_slo_miss: completed=68/100 errors=32 elapsed_ms=1169.5'),1
FANOUT,K100,Exception('timeout_or_slo_miss: completed=71/100 errors=29 elapsed_ms=1014.6'),1
FANOUT,K100,Exception('timeout_or_slo_miss: completed=56/100 errors=44 elapsed_ms=1508.2'),1
FANOUT,K100,Exception('timeout_or_slo_miss: completed=70/100 errors=30 elapsed_ms=1159.2'),1
FANOUT,K100,Exception('timeout_or_slo_miss: completed=67/100 errors=33 elapsed_ms=1181.0'),1
FANOUT,K100,Exception('timeout_or_slo_miss: completed=66/100 errors=34 elapsed_ms=1261.9'),1
FANOUT,K100,Exception('timeout_or_slo_miss: completed=63/100 errors=37 elapsed_ms=1259.2'),1
FANOUT,K100,Exception('timeout_or_slo_miss: completed=63/100 errors=37 elapsed_ms=1296.4'),1
FANOUT,K100,Exception('timeout_or_slo_miss: completed=63/100 errors=36 elapsed_ms=4734.4'),1
FANOUT,K100,Exception('timeout_or_slo_miss: completed=65/100 errors=35 elapsed_ms=1172.4'),1
FANOUT,K100,Exception('timeout_or_slo_miss: completed=61/100 errors=39 elapsed_ms=1475.5'),1
FANOUT,K100,Exception('timeout_or_slo_miss: completed=63/100 errors=37 elapsed_ms=1174.6'),1
FANOUT,K100,Exception('timeout_or_slo_miss: completed=69/100 errors=31 elapsed_ms=1194.6'),1
FANOUT,K100,Exception('timeout_or_slo_miss: completed=64/100 errors=36 elapsed_ms=1264.3'),1
FANOUT,K100,Exception('timeout_or_slo_miss: completed=28/100 errors=61 elapsed_ms=17071.7'),1
FANOUT,K100,Exception('timeout_or_slo_miss: completed=72/100 errors=28 elapsed_ms=1121.7'),1
FANOUT,K100,Exception('timeout_or_slo_miss: completed=70/100 errors=30 elapsed_ms=1146.7'),1
FANOUT,K100,Exception('timeout_or_slo_miss: completed=64/100 errors=36 elapsed_ms=1341.3'),1
FANOUT,K100,Exception('timeout_or_slo_miss: completed=63/100 errors=21 elapsed_ms=4108.9'),1
FANOUT,K100,Exception('timeout_or_slo_miss: completed=62/100 errors=38 elapsed_ms=1314.5'),1
FANOUT,K100,Exception('timeout_or_slo_miss: completed=65/100 errors=35 elapsed_ms=1221.6'),1
FANOUT,K100,Exception('timeout_or_slo_miss: completed=72/100 errors=28 elapsed_ms=1012.8'),1
FANOUT,K100,Exception('timeout_or_slo_miss: completed=72/100 errors=28 elapsed_ms=1130.4'),1
FANOUT,K100,Exception('timeout_or_slo_miss: completed=65/100 errors=35 elapsed_ms=1292.5'),1
FANOUT,K100,Exception('timeout_or_slo_miss: completed=62/100 errors=38 elapsed_ms=1358.9'),2
FANOUT,K100,Exception('timeout_or_slo_miss: completed=58/100 errors=42 elapsed_ms=1508.9'),1
FANOUT,K100,Exception('timeout_or_slo_miss: completed=62/100 errors=38 elapsed_ms=1336.8'),1
FANOUT,K100,Exception('timeout_or_slo_miss: completed=68/100 errors=32 elapsed_ms=1149.0'),1
FANOUT,K100,Exception('timeout_or_slo_miss: completed=74/100 errors=26 elapsed_ms=1122.9'),1
FANOUT,K100,Exception('timeout_or_slo_miss: completed=70/100 errors=30 elapsed_ms=1100.2'),1
FANOUT,K100,Exception('timeout_or_slo_miss: completed=67/100 errors=22 elapsed_ms=4402.0'),1
FANOUT,K100,Exception('timeout_or_slo_miss: completed=65/100 errors=35 elapsed_ms=1257.8'),1
FANOUT,K100,Exception('timeout_or_slo_miss: completed=66/100 errors=34 elapsed_ms=1227.7'),1
FANOUT,K100,Exception('timeout_or_slo_miss: completed=73/100 errors=27 elapsed_ms=1096.0'),1
FANOUT,K100,Exception('timeout_or_slo_miss: completed=68/100 errors=32 elapsed_ms=1198.3'),1
FANOUT,K100,Exception('timeout_or_slo_miss: completed=64/100 errors=36 elapsed_ms=1246.2'),1
FANOUT,K100,Exception('timeout_or_slo_miss: completed=70/100 errors=14 elapsed_ms=3117.6'),1
FANOUT,K100,Exception('timeout_or_slo_miss: completed=65/100 errors=35 elapsed_ms=1141.5'),1
FANOUT,K100,Exception('timeout_or_slo_miss: completed=69/100 errors=31 elapsed_ms=1101.1'),1
FANOUT,K100,Exception('timeout_or_slo_miss: completed=69/100 errors=31 elapsed_ms=1208.6'),1
FANOUT,K100,Exception('timeout_or_slo_miss: completed=66/100 errors=34 elapsed_ms=1199.7'),1
FANOUT,K100,Exception('timeout_or_slo_miss: completed=70/100 errors=14 elapsed_ms=3098.4'),1
FANOUT,K100,Exception('timeout_or_slo_miss: completed=62/100 errors=38 elapsed_ms=1285.5'),1
FANOUT,K100,Exception('timeout_or_slo_miss: completed=72/100 errors=12 elapsed_ms=3003.3'),1
FANOUT,K100,Exception('timeout_or_slo_miss: completed=67/100 errors=33 elapsed_ms=1190.5'),1
FANOUT,K100,Exception('timeout_or_slo_miss: completed=74/100 errors=26 elapsed_ms=1134.5'),1
FANOUT,K100,Exception('timeout_or_slo_miss: completed=76/100 errors=24 elapsed_ms=1062.6'),1
FANOUT,K100,Exception('timeout_or_slo_miss: completed=69/100 errors=31 elapsed_ms=1172.7'),1
FANOUT,K100,Exception('timeout_or_slo_miss: completed=71/100 errors=29 elapsed_ms=1109.2'),1
FANOUT,K100,Exception('timeout_or_slo_miss: completed=58/100 errors=42 elapsed_ms=1503.7'),3
FANOUT,K100,Exception('timeout_or_slo_miss: completed=67/100 errors=17 elapsed_ms=3380.5'),1
FANOUT,K100,Exception('timeout_or_slo_miss: completed=69/100 errors=31 elapsed_ms=1134.1'),2
FANOUT,K100,Exception('timeout_or_slo_miss: completed=64/100 errors=36 elapsed_ms=1187.3'),1
FANOUT,K100,Exception('timeout_or_slo_miss: completed=62/100 errors=38 elapsed_ms=1339.9'),1
FANOUT,K100,Exception('timeout_or_slo_miss: completed=66/100 errors=34 elapsed_ms=1221.5'),1
FANOUT,K100,Exception('timeout_or_slo_miss: completed=61/100 errors=39 elapsed_ms=1367.1'),1
FANOUT,K100,Exception('timeout_or_slo_miss: completed=60/100 errors=40 elapsed_ms=1361.8'),1
FANOUT,K100,Exception('timeout_or_slo_miss: completed=69/100 errors=31 elapsed_ms=1161.3'),1
FANOUT,K100,Exception('timeout_or_slo_miss: completed=62/100 errors=38 elapsed_ms=1267.4'),1
FANOUT,K100,Exception('timeout_or_slo_miss: completed=65/100 errors=35 elapsed_ms=1300.1'),1
FANOUT,K100,Exception('timeout_or_slo_miss: completed=64/100 errors=36 elapsed_ms=1228.0'),1
FANOUT,K100,Exception('timeout_or_slo_miss: completed=64/100 errors=36 elapsed_ms=1233.7'),1
FANOUT,K100,Exception('timeout_or_slo_miss: completed=64/100 errors=36 elapsed_ms=1247.4'),1
FANOUT,K100,Exception('timeout_or_slo_miss: completed=68/100 errors=32 elapsed_ms=1234.3'),1
FANOUT,K100,Exception('timeout_or_slo_miss: completed=70/100 errors=30 elapsed_ms=1192.5'),1
FANOUT,K100,Exception('timeout_or_slo_miss: completed=69/100 errors=31 elapsed_ms=1122.5'),1
FANOUT,K100,Exception('timeout_or_slo_miss: completed=66/100 errors=34 elapsed_ms=1266.4'),1
FANOUT,K100,Exception('timeout_or_slo_miss: completed=71/100 errors=29 elapsed_ms=1137.7'),1
FANOUT,K100,Exception('timeout_or_slo_miss: completed=72/100 errors=28 elapsed_ms=1132.2'),1
FANOUT,K100,Exception('timeout_or_slo_miss: completed=66/100 errors=34 elapsed_ms=1227.0'),1
FANOUT,K100,Exception('timeout_or_slo_miss: completed=67/100 errors=33 elapsed_ms=1185.0'),1
FANOUT,K100,Exception('timeout_or_slo_miss: completed=68/100 errors=16 elapsed_ms=3320.7'),1
FANOUT,K100,Exception('timeout_or_slo_miss: completed=68/100 errors=32 elapsed_ms=1156.5'),1
FANOUT,K100,Exception('timeout_or_slo_miss: completed=68/100 errors=16 elapsed_ms=3312.7'),1
FANOUT,K100,Exception('timeout_or_slo_miss: completed=65/100 errors=35 elapsed_ms=1377.4'),1
FANOUT,K100,Exception('timeout_or_slo_miss: completed=59/100 errors=41 elapsed_ms=1507.9'),1
FANOUT,K100,Exception('timeout_or_slo_miss: completed=73/100 errors=11 elapsed_ms=2695.0'),1
FANOUT,K100,Exception('timeout_or_slo_miss: completed=65/100 errors=35 elapsed_ms=1215.4'),1
FANOUT,K100,Exception('timeout_or_slo_miss: completed=62/100 errors=38 elapsed_ms=1227.7'),1
FANOUT,K100,Exception('timeout_or_slo_miss: completed=64/100 errors=36 elapsed_ms=1242.4'),1
FANOUT,K100,Exception('timeout_or_slo_miss: completed=67/100 errors=33 elapsed_ms=1190.3'),1
FANOUT,K100,Exception('timeout_or_slo_miss: completed=61/100 errors=39 elapsed_ms=1313.3'),1
FANOUT,K100,Exception('timeout_or_slo_miss: completed=69/100 errors=14 elapsed_ms=3806.4'),1
FANOUT,K100,Exception('timeout_or_slo_miss: completed=65/100 errors=19 elapsed_ms=3556.4'),1
FANOUT,K100,Exception('timeout_or_slo_miss: completed=69/100 errors=31 elapsed_ms=1147.6'),1
FANOUT,K100,Exception('timeout_or_slo_miss: completed=76/100 errors=24 elapsed_ms=1012.0'),1
FANOUT,K100,Exception('timeout_or_slo_miss: completed=67/100 errors=33 elapsed_ms=1158.0'),1
FANOUT,K100,Exception('timeout_or_slo_miss: completed=72/100 errors=28 elapsed_ms=1184.2'),1
FANOUT,K100,Exception('timeout_or_slo_miss: completed=61/100 errors=38 elapsed_ms=5100.4'),1
FANOUT,K100,Exception('timeout_or_slo_miss: completed=57/100 errors=43 elapsed_ms=1513.4'),1
FANOUT,K100,Exception('timeout_or_slo_miss: completed=74/100 errors=10 elapsed_ms=2464.5'),1
FANOUT,K100,Exception('timeout_or_slo_miss: completed=58/100 errors=42 elapsed_ms=1512.1'),1
FANOUT,K100,Exception('timeout_or_slo_miss: completed=57/100 errors=43 elapsed_ms=4405.6'),1
FANOUT,K100,Exception('timeout_or_slo_miss: completed=74/100 errors=10 elapsed_ms=2769.5'),1
FANOUT,K100,Exception('timeout_or_slo_miss: completed=68/100 errors=32 elapsed_ms=1105.9'),1
FANOUT,K100,Exception('timeout_or_slo_miss: completed=70/100 errors=30 elapsed_ms=1100.1'),1
FANOUT,K100,Exception('timeout_or_slo_miss: completed=65/100 errors=35 elapsed_ms=1300.9'),1
FANOUT,K100,Exception('timeout_or_slo_miss: completed=65/100 errors=35 elapsed_ms=1228.1'),1
FANOUT,K100,Exception('timeout_or_slo_miss: completed=64/100 errors=20 elapsed_ms=3943.6'),1
FANOUT,K100,Exception('timeout_or_slo_miss: completed=65/100 errors=35 elapsed_ms=1160.8'),2
FANOUT,K100,Exception('timeout_or_slo_miss: completed=63/100 errors=37 elapsed_ms=1262.9'),1
FANOUT,K100,Exception('timeout_or_slo_miss: completed=67/100 errors=33 elapsed_ms=1221.9'),1
FANOUT,K100,Exception('timeout_or_slo_miss: completed=71/100 errors=29 elapsed_ms=1140.1'),1
FANOUT,K100,Exception('timeout_or_slo_miss: completed=71/100 errors=13 elapsed_ms=2851.2'),1
FANOUT,K100,Exception('timeout_or_slo_miss: completed=68/100 errors=32 elapsed_ms=1177.5'),1
FANOUT,K100,Exception('timeout_or_slo_miss: completed=62/100 errors=38 elapsed_ms=1386.8'),1
FANOUT,K100,Exception('timeout_or_slo_miss: completed=68/100 errors=32 elapsed_ms=1233.6'),1
FANOUT,K100,Exception('timeout_or_slo_miss: completed=73/100 errors=27 elapsed_ms=1019.0'),1
FANOUT,K100,Exception('timeout_or_slo_miss: completed=60/100 errors=40 elapsed_ms=1484.8'),1
FANOUT,K100,Exception('timeout_or_slo_miss: completed=63/100 errors=37 elapsed_ms=1436.4'),1
FANOUT,K100,Exception('timeout_or_slo_miss: completed=67/100 errors=33 elapsed_ms=1183.7'),1
FANOUT,K100,Exception('timeout_or_slo_miss: completed=64/100 errors=36 elapsed_ms=1356.0'),1
FANOUT,K100,Exception('timeout_or_slo_miss: completed=73/100 errors=27 elapsed_ms=1096.6'),1
FANOUT,K100,Exception('timeout_or_slo_miss: completed=66/100 errors=34 elapsed_ms=1129.0'),1
FANOUT,K100,Exception('timeout_or_slo_miss: completed=63/100 errors=37 elapsed_ms=1209.4'),1
FANOUT,K100,Exception('timeout_or_slo_miss: completed=69/100 errors=13 elapsed_ms=7259.4'),1
FANOUT,K100,Exception('timeout_or_slo_miss: completed=65/100 errors=19 elapsed_ms=3742.2'),1
FANOUT,K100,Exception('timeout_or_slo_miss: completed=65/100 errors=35 elapsed_ms=1245.7'),1
FANOUT,K100,Exception('timeout_or_slo_miss: completed=69/100 errors=31 elapsed_ms=1170.2'),1
FANOUT,K100,Exception('timeout_or_slo_miss: completed=65/100 errors=35 elapsed_ms=1284.6'),1
FANOUT,K100,Exception('timeout_or_slo_miss: completed=54/100 errors=46 elapsed_ms=1632.8'),1
FANOUT,K100,Exception('timeout_or_slo_miss: completed=68/100 errors=32 elapsed_ms=1140.4'),1
FANOUT,K100,Exception('timeout_or_slo_miss: completed=65/100 errors=35 elapsed_ms=1272.4'),1
FANOUT,K100,Exception('timeout_or_slo_miss: completed=64/100 errors=36 elapsed_ms=1211.4'),1
FANOUT,K100,Exception('timeout_or_slo_miss: completed=64/100 errors=20 elapsed_ms=3603.1'),1
FANOUT,K100,Exception('timeout_or_slo_miss: completed=70/100 errors=30 elapsed_ms=1155.5'),1
FANOUT,K100,Exception('timeout_or_slo_miss: completed=65/100 errors=35 elapsed_ms=1269.0'),1
FANOUT,K100,Exception('timeout_or_slo_miss: completed=68/100 errors=32 elapsed_ms=1197.3'),1
FANOUT,K100,Exception('timeout_or_slo_miss: completed=65/100 errors=35 elapsed_ms=1295.1'),1
FANOUT,K100,Exception('timeout_or_slo_miss: completed=60/100 errors=40 elapsed_ms=1339.8'),1
FANOUT,K100,Exception('timeout_or_slo_miss: completed=70/100 errors=30 elapsed_ms=1144.2'),1
FANOUT,K100,Exception('timeout_or_slo_miss: completed=71/100 errors=29 elapsed_ms=1085.4'),1
FANOUT,K100,Exception('timeout_or_slo_miss: completed=67/100 errors=33 elapsed_ms=1134.0'),1
FANOUT,K100,Exception('timeout_or_slo_miss: completed=65/100 errors=35 elapsed_ms=1166.2'),1
FANOUT,K100,Exception('timeout_or_slo_miss: completed=72/100 errors=28 elapsed_ms=1106.8'),1
FANOUT,K100,Exception('timeout_or_slo_miss: completed=67/100 errors=33 elapsed_ms=1149.3'),1
FANOUT,K100,Exception('timeout_or_slo_miss: completed=58/100 errors=42 elapsed_ms=1504.7'),2
FANOUT,K100,Exception('timeout_or_slo_miss: completed=60/100 errors=40 elapsed_ms=1464.6'),1
FANOUT,K100,Exception('timeout_or_slo_miss: completed=72/100 errors=28 elapsed_ms=1122.9'),1
FANOUT,K100,Exception('timeout_or_slo_miss: completed=66/100 errors=34 elapsed_ms=1212.5'),1
FANOUT,K100,Exception('timeout_or_slo_miss: completed=62/100 errors=38 elapsed_ms=1332.6'),1
FANOUT,K100,Exception('timeout_or_slo_miss: completed=66/100 errors=34 elapsed_ms=1179.8'),1
FANOUT,K100,Exception('timeout_or_slo_miss: completed=67/100 errors=33 elapsed_ms=1161.5'),1
FANOUT,K100,Exception('timeout_or_slo_miss: completed=60/100 errors=40 elapsed_ms=1437.5'),1
FANOUT,K100,Exception('timeout_or_slo_miss: completed=63/100 errors=37 elapsed_ms=1276.7'),1
FANOUT,K100,Exception('timeout_or_slo_miss: completed=72/100 errors=12 elapsed_ms=2882.2'),1
FANOUT,K100,Exception('timeout_or_slo_miss: completed=66/100 errors=34 elapsed_ms=1255.6'),1
FANOUT,K100,Exception('timeout_or_slo_miss: completed=66/100 errors=34 elapsed_ms=1246.8'),1
FANOUT,K100,Exception('timeout_or_slo_miss: completed=67/100 errors=33 elapsed_ms=1271.4'),1
FANOUT,K100,Exception('timeout_or_slo_miss: completed=58/100 errors=42 elapsed_ms=1504.8'),1
FANOUT,K100,Exception('timeout_or_slo_miss: completed=73/100 errors=11 elapsed_ms=2792.3'),1
FANOUT,K100,Exception('timeout_or_slo_miss: completed=69/100 errors=31 elapsed_ms=1127.9'),1
FANOUT,K100,Exception('timeout_or_slo_miss: completed=65/100 errors=35 elapsed_ms=1265.6'),1
FANOUT,K100,Exception('timeout_or_slo_miss: completed=61/100 errors=39 elapsed_ms=1468.0'),1
FANOUT,K100,Exception('timeout_or_slo_miss: completed=68/100 errors=32 elapsed_ms=1129.9'),1
FANOUT,K100,Exception('timeout_or_slo_miss: completed=62/100 errors=21 elapsed_ms=6086.5'),1
FANOUT,K100,Exception('timeout_or_slo_miss: completed=58/100 errors=42 elapsed_ms=1504.4'),1
FANOUT,K100,Exception('timeout_or_slo_miss: completed=65/100 errors=35 elapsed_ms=1241.9'),1
FANOUT,K100,Exception('timeout_or_slo_miss: completed=67/100 errors=33 elapsed_ms=1178.8'),1
FANOUT,K100,Exception('timeout_or_slo_miss: completed=66/100 errors=34 elapsed_ms=1268.9'),1
FANOUT,K100,Exception('timeout_or_slo_miss: completed=67/100 errors=33 elapsed_ms=1160.7'),1
FANOUT,K100,Exception('timeout_or_slo_miss: completed=77/100 errors=22 elapsed_ms=1536.5'),1
FANOUT,K100,Exception('timeout_or_slo_miss: completed=63/100 errors=37 elapsed_ms=1329.8'),1
FANOUT,K100,Exception('timeout_or_slo_miss: completed=64/100 errors=36 elapsed_ms=1277.4'),1
FANOUT,K100,Exception('timeout_or_slo_miss: completed=61/100 errors=39 elapsed_ms=1505.3'),1
FANOUT,K100,Exception('timeout_or_slo_miss: completed=74/100 errors=26 elapsed_ms=1117.8'),1
FANOUT,K100,Exception('timeout_or_slo_miss: completed=63/100 errors=37 elapsed_ms=1289.8'),1
FANOUT,K100,Exception('timeout_or_slo_miss: completed=67/100 errors=33 elapsed_ms=1248.4'),1
FANOUT,K100,Exception('timeout_or_slo_miss: completed=65/100 errors=35 elapsed_ms=1155.7'),1
FANOUT,K100,Exception('timeout_or_slo_miss: completed=67/100 errors=33 elapsed_ms=1242.6'),1
FANOUT,K100,Exception('timeout_or_slo_miss: completed=66/100 errors=34 elapsed_ms=1162.4'),1
FANOUT,K100,Exception('timeout_or_slo_miss: completed=71/100 errors=29 elapsed_ms=1142.6'),1
FANOUT,K100,Exception('timeout_or_slo_miss: completed=68/100 errors=32 elapsed_ms=1090.9'),1
FANOUT,K100,Exception('timeout_or_slo_miss: completed=66/100 errors=18 elapsed_ms=3689.0'),1
FANOUT,K100,Exception('timeout_or_slo_miss: completed=69/100 errors=31 elapsed_ms=1129.7'),1
FANOUT,K100,Exception('timeout_or_slo_miss: completed=72/100 errors=12 elapsed_ms=2944.2'),1
FANOUT,K100,Exception('timeout_or_slo_miss: completed=68/100 errors=32 elapsed_ms=1159.9'),1
FANOUT,K100,Exception('timeout_or_slo_miss: completed=76/100 errors=24 elapsed_ms=1141.0'),1
FANOUT,K100,Exception('timeout_or_slo_miss: completed=72/100 errors=28 elapsed_ms=1113.7'),1
FANOUT,K100,Exception('timeout_or_slo_miss: completed=69/100 errors=31 elapsed_ms=1155.5'),1
FANOUT,K100,Exception('timeout_or_slo_miss: completed=68/100 errors=32 elapsed_ms=1172.0'),1
FANOUT,K100,Exception('timeout_or_slo_miss: completed=65/100 errors=35 elapsed_ms=1241.7'),1
FANOUT,K100,Exception('timeout_or_slo_miss: completed=72/100 errors=28 elapsed_ms=1130.6'),2
FANOUT,K100,Exception('timeout_or_slo_miss: completed=67/100 errors=33 elapsed_ms=1196.5'),1
FANOUT,K100,Exception('timeout_or_slo_miss: completed=73/100 errors=27 elapsed_ms=1122.7'),1
FANOUT,K100,Exception('timeout_or_slo_miss: completed=63/100 errors=37 elapsed_ms=1279.2'),1
FANOUT,K100,Exception('timeout_or_slo_miss: completed=71/100 errors=29 elapsed_ms=1142.3'),1
FANOUT,K100,Exception('timeout_or_slo_miss: completed=63/100 errors=37 elapsed_ms=1376.2'),1
FANOUT,K100,Exception('timeout_or_slo_miss: completed=58/100 errors=42 elapsed_ms=1502.8'),1
FANOUT,K100,Exception('timeout_or_slo_miss: completed=67/100 errors=17 elapsed_ms=3301.5'),1
FANOUT,K100,Exception('timeout_or_slo_miss: completed=73/100 errors=27 elapsed_ms=1079.3'),1
FANOUT,K100,Exception('timeout_or_slo_miss: completed=73/100 errors=27 elapsed_ms=1080.1'),1
FANOUT,K100,Exception('timeout_or_slo_miss: completed=66/100 errors=34 elapsed_ms=1215.9'),1
FANOUT,K100,Exception('timeout_or_slo_miss: completed=73/100 errors=27 elapsed_ms=1108.6'),1
FANOUT,K100,Exception('timeout_or_slo_miss: completed=71/100 errors=29 elapsed_ms=1110.9'),1
FANOUT,K100,Exception('timeout_or_slo_miss: completed=69/100 errors=15 elapsed_ms=3179.0'),2
FANOUT,K100,Exception('timeout_or_slo_miss: completed=69/100 errors=31 elapsed_ms=1100.7'),1
FANOUT,K100,Exception('timeout_or_slo_miss: completed=66/100 errors=34 elapsed_ms=1210.1'),1
FANOUT,K100,Exception('timeout_or_slo_miss: completed=77/100 errors=23 elapsed_ms=1005.4'),1
FANOUT,K100,Exception('timeout_or_slo_miss: completed=66/100 errors=34 elapsed_ms=1264.8'),1
FANOUT,K100,Exception('timeout_or_slo_miss: completed=74/100 errors=26 elapsed_ms=1122.2'),1
FANOUT,K100,Exception('timeout_or_slo_miss: completed=63/100 errors=37 elapsed_ms=1319.0'),1
FANOUT,K100,Exception('timeout_or_slo_miss: completed=61/100 errors=29 elapsed_ms=4322.2'),1
FANOUT,K100,Exception('timeout_or_slo_miss: completed=73/100 errors=11 elapsed_ms=2873.7'),1
FANOUT,K100,Exception('timeout_or_slo_miss: completed=62/100 errors=27 elapsed_ms=4061.7'),1
FANOUT,K100,Exception('timeout_or_slo_miss: completed=64/100 errors=36 elapsed_ms=1144.3'),1
FANOUT,K100,Exception('timeout_or_slo_miss: completed=62/100 errors=38 elapsed_ms=1360.0'),1
FANOUT,K100,Exception('timeout_or_slo_miss: completed=64/100 errors=36 elapsed_ms=1193.8'),1
FANOUT,K100,Exception('timeout_or_slo_miss: completed=65/100 errors=35 elapsed_ms=1230.2'),1
FANOUT,K100,Exception('timeout_or_slo_miss: completed=69/100 errors=31 elapsed_ms=1156.8'),1
FANOUT,K100,Exception('timeout_or_slo_miss: completed=66/100 errors=34 elapsed_ms=1321.7'),1
FANOUT,K100,Exception('timeout_or_slo_miss: completed=72/100 errors=11 elapsed_ms=3422.8'),1
FANOUT,K100,Exception('timeout_or_slo_miss: completed=65/100 errors=35 elapsed_ms=1214.3'),1
FANOUT,K100,Exception('timeout_or_slo_miss: completed=60/100 errors=40 elapsed_ms=1351.9'),1
FANOUT,K100,Exception('timeout_or_slo_miss: completed=57/100 errors=43 elapsed_ms=1510.1'),1
FANOUT,K100,Exception('timeout_or_slo_miss: completed=68/100 errors=32 elapsed_ms=1178.3'),1
FANOUT,K100,Exception('timeout_or_slo_miss: completed=63/100 errors=37 elapsed_ms=1279.6'),1
FANOUT,K100,Exception('timeout_or_slo_miss: completed=69/100 errors=14 elapsed_ms=3946.4'),1
FANOUT,K100,Exception('timeout_or_slo_miss: completed=61/100 errors=39 elapsed_ms=1457.3'),1
FANOUT,K100,Exception('timeout_or_slo_miss: completed=65/100 errors=35 elapsed_ms=1201.2'),1
FANOUT,K100,Exception('timeout_or_slo_miss: completed=58/100 errors=42 elapsed_ms=1506.1'),1
FANOUT,K100,Exception('timeout_or_slo_miss: completed=64/100 errors=36 elapsed_ms=1244.2'),1
FANOUT,K100,Exception('timeout_or_slo_miss: completed=69/100 errors=31 elapsed_ms=1139.9'),3
FANOUT,K100,Exception('timeout_or_slo_miss: completed=62/100 errors=38 elapsed_ms=1404.7'),1
FANOUT,K100,Exception('timeout_or_slo_miss: completed=69/100 errors=31 elapsed_ms=1138.9'),1
FANOUT,K100,Exception('timeout_or_slo_miss: completed=66/100 errors=34 elapsed_ms=1233.4'),1
FANOUT,K100,Exception('timeout_or_slo_miss: completed=64/100 errors=21 elapsed_ms=4110.4'),1
FANOUT,K100,Exception('timeout_or_slo_miss: completed=62/100 errors=27 elapsed_ms=4100.0'),1
FANOUT,K100,Exception('timeout_or_slo_miss: completed=65/100 errors=35 elapsed_ms=1229.8'),1
FANOUT,K100,Exception('timeout_or_slo_miss: completed=69/100 errors=31 elapsed_ms=1129.2'),1
FANOUT,K100,Exception('timeout_or_slo_miss: completed=67/100 errors=33 elapsed_ms=1290.6'),1
FANOUT,K100,Exception('timeout_or_slo_miss: completed=64/100 errors=32 elapsed_ms=1744.9'),1
FANOUT,K100,Exception('timeout_or_slo_miss: completed=69/100 errors=31 elapsed_ms=1143.0'),1
FANOUT,K100,Exception('timeout_or_slo_miss: completed=65/100 errors=35 elapsed_ms=1268.6'),1
FANOUT,K100,Exception('timeout_or_slo_miss: completed=66/100 errors=34 elapsed_ms=1243.4'),1
FANOUT,K100,Exception('timeout_or_slo_miss: completed=71/100 errors=29 elapsed_ms=1085.9'),1
FANOUT,K100,Exception('timeout_or_slo_miss: completed=64/100 errors=36 elapsed_ms=1295.6'),1
FANOUT,K100,Exception('timeout_or_slo_miss: completed=66/100 errors=34 elapsed_ms=1236.0'),1
FANOUT,K100,Exception('timeout_or_slo_miss: completed=67/100 errors=33 elapsed_ms=1197.9'),1
FANOUT,K100,Exception('timeout_or_slo_miss: completed=61/100 errors=39 elapsed_ms=1442.6'),1
FANOUT,K100,Exception('timeout_or_slo_miss: completed=75/100 errors=25 elapsed_ms=1007.7'),1
FANOUT,K100,Exception('timeout_or_slo_miss: completed=67/100 errors=33 elapsed_ms=1140.2'),1
FANOUT,K100,Exception('timeout_or_slo_miss: completed=66/100 errors=34 elapsed_ms=1188.5'),1
FANOUT,K100,Exception('timeout_or_slo_miss: completed=66/100 errors=18 elapsed_ms=3737.6'),1
FANOUT,K100,Exception('timeout_or_slo_miss: completed=66/100 errors=34 elapsed_ms=1162.6'),1
FANOUT,K100,Exception('timeout_or_slo_miss: completed=32/100 errors=50 elapsed_ms=19308.0'),1
FANOUT,K100,Exception('timeout_or_slo_miss: completed=65/100 errors=35 elapsed_ms=1236.3'),1
FANOUT,K100,Exception('timeout_or_slo_miss: completed=70/100 errors=30 elapsed_ms=1136.2'),1
FANOUT,K100,Exception('timeout_or_slo_miss: completed=75/100 errors=9 elapsed_ms=2417.0'),1
FANOUT,K100,Exception('timeout_or_slo_miss: completed=68/100 errors=32 elapsed_ms=1252.3'),1
FANOUT,K100,Exception('timeout_or_slo_miss: completed=70/100 errors=30 elapsed_ms=1101.8'),1
FANOUT,K100,Exception('timeout_or_slo_miss: completed=64/100 errors=24 elapsed_ms=2820.7'),1
FANOUT,K100,Exception('timeout_or_slo_miss: completed=68/100 errors=32 elapsed_ms=1210.9'),1
FANOUT,K100,Exception('timeout_or_slo_miss: completed=66/100 errors=34 elapsed_ms=1123.0'),1
FANOUT,K100,Exception('timeout_or_slo_miss: completed=74/100 errors=26 elapsed_ms=1109.3'),1
FANOUT,K100,Exception('timeout_or_slo_miss: completed=71/100 errors=13 elapsed_ms=2989.0'),1
FANOUT,K100,Exception('timeout_or_slo_miss: completed=62/100 errors=38 elapsed_ms=1299.4'),1
FANOUT,K100,Exception('timeout_or_slo_miss: completed=69/100 errors=31 elapsed_ms=1100.4'),1
FANOUT,K100,Exception('timeout_or_slo_miss: completed=70/100 errors=30 elapsed_ms=1130.2'),2
FANOUT,K100,Exception('timeout_or_slo_miss: completed=73/100 errors=27 elapsed_ms=1132.5'),1
FANOUT,K100,Exception('timeout_or_slo_miss: completed=65/100 errors=35 elapsed_ms=1269.9'),1
FANOUT,K100,Exception('timeout_or_slo_miss: completed=62/100 errors=38 elapsed_ms=1491.5'),1
FANOUT,K100,Exception('timeout_or_slo_miss: completed=68/100 errors=32 elapsed_ms=1117.9'),1
FANOUT,K100,Exception('timeout_or_slo_miss: completed=64/100 errors=36 elapsed_ms=1295.2'),1
FANOUT,K100,Exception('timeout_or_slo_miss: completed=66/100 errors=34 elapsed_ms=1197.2'),1
FANOUT,K100,Exception('timeout_or_slo_miss: completed=59/100 errors=41 elapsed_ms=1507.7'),1
FANOUT,K100,Exception('timeout_or_slo_miss: completed=62/100 errors=38 elapsed_ms=1385.7'),1
FANOUT,K100,Exception('timeout_or_slo_miss: completed=58/100 errors=42 elapsed_ms=1507.5'),2
FANOUT,K100,Exception('timeout_or_slo_miss: completed=66/100 errors=34 elapsed_ms=1138.0'),1
FANOUT,K100,Exception('timeout_or_slo_miss: completed=65/100 errors=35 elapsed_ms=1185.9'),1
FANOUT,K100,Exception('timeout_or_slo_miss: completed=67/100 errors=33 elapsed_ms=1195.9'),1
FANOUT,K100,Exception('timeout_or_slo_miss: completed=76/100 errors=24 elapsed_ms=1005.8'),1
FANOUT,K100,Exception('timeout_or_slo_miss: completed=61/100 errors=39 elapsed_ms=1242.1'),1
FANOUT,K100,Exception('timeout_or_slo_miss: completed=71/100 errors=12 elapsed_ms=3606.3'),1
FANOUT,K100,Exception('timeout_or_slo_miss: completed=73/100 errors=27 elapsed_ms=1092.5'),1
FANOUT,K100,Exception('timeout_or_slo_miss: completed=65/100 errors=35 elapsed_ms=1150.4'),2
FANOUT,K100,Exception('timeout_or_slo_miss: completed=65/100 errors=19 elapsed_ms=3526.7'),1
FANOUT,K100,Exception('timeout_or_slo_miss: completed=57/100 errors=43 elapsed_ms=1509.0'),1
FANOUT,K100,Exception('timeout_or_slo_miss: completed=66/100 errors=18 elapsed_ms=3413.6'),1
FANOUT,K100,Exception('timeout_or_slo_miss: completed=66/100 errors=34 elapsed_ms=1197.6'),1
FANOUT,K100,Exception('timeout_or_slo_miss: completed=71/100 errors=29 elapsed_ms=1215.2'),1
FANOUT,K100,Exception('timeout_or_slo_miss: completed=63/100 errors=37 elapsed_ms=1312.6'),2
FANOUT,K100,Exception('timeout_or_slo_miss: completed=63/100 errors=37 elapsed_ms=1247.8'),1
FANOUT,K100,Exception('timeout_or_slo_miss: completed=74/100 errors=26 elapsed_ms=1014.9'),2
FANOUT,K100,Exception('timeout_or_slo_miss: completed=59/100 errors=41 elapsed_ms=1507.6'),1
FANOUT,K100,Exception('timeout_or_slo_miss: completed=71/100 errors=29 elapsed_ms=1155.0'),1
FANOUT,K100,Exception('timeout_or_slo_miss: completed=71/100 errors=29 elapsed_ms=1087.2'),1
FANOUT,K100,Exception('timeout_or_slo_miss: completed=63/100 errors=36 elapsed_ms=1798.0'),1
FANOUT,K100,Exception('timeout_or_slo_miss: completed=64/100 errors=36 elapsed_ms=1224.9'),1
FANOUT,K100,Exception('timeout_or_slo_miss: completed=64/100 errors=36 elapsed_ms=1355.0'),1
FANOUT,K100,Exception('timeout_or_slo_miss: completed=70/100 errors=30 elapsed_ms=1100.6'),1
FANOUT,K100,Exception('timeout_or_slo_miss: completed=65/100 errors=35 elapsed_ms=1239.5'),1
FANOUT,K100,Exception('timeout_or_slo_miss: completed=69/100 errors=29 elapsed_ms=1771.3'),1
FANOUT,K100,Exception('timeout_or_slo_miss: completed=59/100 errors=41 elapsed_ms=1503.4'),3
FANOUT,K100,Exception('timeout_or_slo_miss: completed=68/100 errors=16 elapsed_ms=3429.4'),1
FANOUT,K100,Exception('timeout_or_slo_miss: completed=70/100 errors=30 elapsed_ms=1153.0'),1
FANOUT,K100,Exception('timeout_or_slo_miss: completed=66/100 errors=34 elapsed_ms=1362.5'),1
FANOUT,K100,Exception('timeout_or_slo_miss: completed=72/100 errors=28 elapsed_ms=1134.3'),1
FANOUT,K100,Exception('timeout_or_slo_miss: completed=74/100 errors=26 elapsed_ms=1131.6'),1
FANOUT,K100,Exception('timeout_or_slo_miss: completed=73/100 errors=10 elapsed_ms=3071.6'),1
FANOUT,K100,Exception('timeout_or_slo_miss: completed=64/100 errors=36 elapsed_ms=1160.7'),1
FANOUT,K100,Exception('timeout_or_slo_miss: completed=59/100 errors=41 elapsed_ms=1504.7'),1
FANOUT,K100,Exception('timeout_or_slo_miss: completed=67/100 errors=33 elapsed_ms=1139.8'),1
FANOUT,K100,Exception('timeout_or_slo_miss: completed=63/100 errors=37 elapsed_ms=1292.3'),2
FANOUT,K100,Exception('timeout_or_slo_miss: completed=68/100 errors=32 elapsed_ms=1255.9'),1
FANOUT,K100,Exception('timeout_or_slo_miss: completed=67/100 errors=17 elapsed_ms=3717.5'),1
FANOUT,K100,Exception('timeout_or_slo_miss: completed=71/100 errors=29 elapsed_ms=1171.4'),1
FANOUT,K100,Exception('timeout_or_slo_miss: completed=66/100 errors=34 elapsed_ms=1184.2'),1
FANOUT,K100,Exception('timeout_or_slo_miss: completed=66/100 errors=34 elapsed_ms=1203.9'),1
FANOUT,K100,Exception('timeout_or_slo_miss: completed=64/100 errors=36 elapsed_ms=1244.3'),1
FANOUT,K100,Exception('timeout_or_slo_miss: completed=76/100 errors=24 elapsed_ms=1018.3'),1
FANOUT,K100,Exception('timeout_or_slo_miss: completed=63/100 errors=37 elapsed_ms=1281.0'),1
FANOUT,K100,Exception('timeout_or_slo_miss: completed=70/100 errors=30 elapsed_ms=1163.8'),1
FANOUT,K100,Exception('timeout_or_slo_miss: completed=65/100 errors=19 elapsed_ms=3874.8'),1
FANOUT,K100,Exception('timeout_or_slo_miss: completed=68/100 errors=32 elapsed_ms=1171.8'),1
FANOUT,K100,Exception('timeout_or_slo_miss: completed=66/100 errors=34 elapsed_ms=1150.9'),2
FANOUT,K100,Exception('timeout_or_slo_miss: completed=65/100 errors=35 elapsed_ms=1162.5'),1
FANOUT,K100,Exception('timeout_or_slo_miss: completed=64/100 errors=36 elapsed_ms=1291.1'),2
FANOUT,K100,Exception('timeout_or_slo_miss: completed=65/100 errors=35 elapsed_ms=1225.2'),1
FANOUT,K100,Exception('timeout_or_slo_miss: completed=61/100 errors=39 elapsed_ms=1311.6'),1
FANOUT,K100,Exception('timeout_or_slo_miss: completed=75/100 errors=9 elapsed_ms=2549.4'),1
FANOUT,K100,Exception('timeout_or_slo_miss: completed=67/100 errors=33 elapsed_ms=1193.0'),1
FANOUT,K100,Exception('timeout_or_slo_miss: completed=63/100 errors=37 elapsed_ms=1250.3'),1
FANOUT,K100,Exception('timeout_or_slo_miss: completed=66/100 errors=34 elapsed_ms=1149.3'),1
FANOUT,K100,Exception('timeout_or_slo_miss: completed=70/100 errors=30 elapsed_ms=1154.5'),1
FANOUT,K100,Exception('timeout_or_slo_miss: completed=71/100 errors=29 elapsed_ms=1154.8'),1
FANOUT,K100,Exception('timeout_or_slo_miss: completed=71/100 errors=29 elapsed_ms=1133.0'),1
FANOUT,K100,Exception('timeout_or_slo_miss: completed=63/100 errors=37 elapsed_ms=1167.4'),1
FANOUT,K100,Exception('timeout_or_slo_miss: completed=67/100 errors=33 elapsed_ms=1134.2'),1
FANOUT,K100,Exception('timeout_or_slo_miss: completed=63/100 errors=37 elapsed_ms=1343.2'),1
FANOUT,K100,Exception('timeout_or_slo_miss: completed=69/100 errors=31 elapsed_ms=1157.4'),1
FANOUT,K100,Exception('timeout_or_slo_miss: completed=70/100 errors=30 elapsed_ms=1140.2'),1
FANOUT,K100,Exception('timeout_or_slo_miss: completed=65/100 errors=35 elapsed_ms=1203.3'),1
FANOUT,K100,Exception('timeout_or_slo_miss: completed=57/100 errors=43 elapsed_ms=1504.9'),1
FANOUT,K100,Exception('timeout_or_slo_miss: completed=57/100 errors=43 elapsed_ms=1505.2'),2
FANOUT,K100,Exception('timeout_or_slo_miss: completed=70/100 errors=30 elapsed_ms=1132.5'),1
FANOUT,K100,Exception('timeout_or_slo_miss: completed=73/100 errors=27 elapsed_ms=1142.7'),1
FANOUT,K100,Exception('timeout_or_slo_miss: completed=63/100 errors=37 elapsed_ms=1270.9'),1
FANOUT,K100,Exception('timeout_or_slo_miss: completed=75/100 errors=25 elapsed_ms=1104.5'),1
FANOUT,K100,Exception('timeout_or_slo_miss: completed=62/100 errors=38 elapsed_ms=1229.8'),1
FANOUT,K100,Exception('timeout_or_slo_miss: completed=71/100 errors=29 elapsed_ms=1136.5'),1
FANOUT,K100,Exception('timeout_or_slo_miss: completed=62/100 errors=38 elapsed_ms=1444.0'),1
FANOUT,K100,Exception('timeout_or_slo_miss: completed=71/100 errors=29 elapsed_ms=1117.9'),1
FANOUT,K100,Exception('timeout_or_slo_miss: completed=65/100 errors=35 elapsed_ms=1147.3'),1
FANOUT,K100,Exception('timeout_or_slo_miss: completed=62/100 errors=38 elapsed_ms=1413.1'),1
FANOUT,K100,Exception('timeout_or_slo_miss: completed=72/100 errors=28 elapsed_ms=1123.2'),1
FANOUT,K100,Exception('timeout_or_slo_miss: completed=67/100 errors=33 elapsed_ms=1122.6'),1
FANOUT,K100,Exception('timeout_or_slo_miss: completed=62/100 errors=38 elapsed_ms=1313.3'),1
FANOUT,K100,Exception('timeout_or_slo_miss: completed=79/100 errors=21 elapsed_ms=1010.1'),1
FANOUT,K100,Exception('timeout_or_slo_miss: completed=67/100 errors=33 elapsed_ms=1171.3'),1
FANOUT,K100,Exception('timeout_or_slo_miss: completed=69/100 errors=31 elapsed_ms=1141.3'),1
FANOUT,K100,Exception('timeout_or_slo_miss: completed=74/100 errors=25 elapsed_ms=1691.0'),1
FANOUT,K100,Exception('timeout_or_slo_miss: completed=62/100 errors=38 elapsed_ms=1509.0'),1
FANOUT,K100,Exception('timeout_or_slo_miss: completed=68/100 errors=32 elapsed_ms=1228.0'),1
FANOUT,K100,Exception('timeout_or_slo_miss: completed=64/100 errors=35 elapsed_ms=4722.9'),1
FANOUT,K100,Exception('timeout_or_slo_miss: completed=63/100 errors=37 elapsed_ms=1145.4'),1
FANOUT,K100,Exception('timeout_or_slo_miss: completed=67/100 errors=33 elapsed_ms=1196.7'),1
FANOUT,K100,Exception('timeout_or_slo_miss: completed=63/100 errors=37 elapsed_ms=1137.0'),1
FANOUT,K100,Exception('timeout_or_slo_miss: completed=67/100 errors=33 elapsed_ms=1155.2'),1
FANOUT,K100,Exception('timeout_or_slo_miss: completed=61/100 errors=39 elapsed_ms=1306.2'),1
FANOUT,K100,Exception('timeout_or_slo_miss: completed=64/100 errors=36 elapsed_ms=1172.8'),1
FANOUT,K100,Exception('timeout_or_slo_miss: completed=69/100 errors=15 elapsed_ms=3536.9'),1
FANOUT,K100,Exception('timeout_or_slo_miss: completed=71/100 errors=29 elapsed_ms=1141.0'),1
FANOUT,K100,Exception('timeout_or_slo_miss: completed=66/100 errors=32 elapsed_ms=4389.9'),1
FANOUT,K100,Exception('timeout_or_slo_miss: completed=72/100 errors=28 elapsed_ms=1031.9'),1
FANOUT,K100,Exception('timeout_or_slo_miss: completed=70/100 errors=30 elapsed_ms=1084.1'),1
FANOUT,K100,Exception('timeout_or_slo_miss: completed=64/100 errors=36 elapsed_ms=1323.3'),1
FANOUT,K100,Exception('timeout_or_slo_miss: completed=76/100 errors=24 elapsed_ms=1005.3'),1
FANOUT,K100,Exception('timeout_or_slo_miss: completed=65/100 errors=35 elapsed_ms=1158.7'),1
FANOUT,K100,Exception('timeout_or_slo_miss: completed=61/100 errors=39 elapsed_ms=1257.7'),1
FANOUT,K100,Exception('timeout_or_slo_miss: completed=74/100 errors=10 elapsed_ms=2575.7'),1
FANOUT,K100,Exception('timeout_or_slo_miss: completed=63/100 errors=37 elapsed_ms=4490.2'),1
FANOUT,K100,Exception('timeout_or_slo_miss: completed=68/100 errors=32 elapsed_ms=1108.0'),1
FANOUT,K100,Exception('timeout_or_slo_miss: completed=69/100 errors=31 elapsed_ms=1128.9'),1
FANOUT,K100,Exception('timeout_or_slo_miss: completed=65/100 errors=35 elapsed_ms=1238.3'),1
FANOUT,K100,Exception('timeout_or_slo_miss: completed=62/100 errors=38 elapsed_ms=1356.7'),1
FANOUT,K100,Exception('timeout_or_slo_miss: completed=66/100 errors=34 elapsed_ms=1178.4'),1
FANOUT,K100,Exception('timeout_or_slo_miss: completed=70/100 errors=30 elapsed_ms=1166.8'),1
FANOUT,K100,Exception('timeout_or_slo_miss: completed=63/100 errors=37 elapsed_ms=1323.3'),1
FANOUT,K100,Exception('timeout_or_slo_miss: completed=64/100 errors=20 elapsed_ms=3936.9'),1
FANOUT,K100,Exception('timeout_or_slo_miss: completed=63/100 errors=37 elapsed_ms=1238.5'),1
FANOUT,K100,Exception('timeout_or_slo_miss: completed=61/100 errors=39 elapsed_ms=1462.9'),1
FANOUT,K100,Exception('timeout_or_slo_miss: completed=64/100 errors=20 elapsed_ms=3744.7'),1
FANOUT,K100,Exception('timeout_or_slo_miss: completed=62/100 errors=38 elapsed_ms=1369.5'),1
FANOUT,K100,Exception('timeout_or_slo_miss: completed=66/100 errors=34 elapsed_ms=1260.6'),1
FANOUT,K100,Exception('timeout_or_slo_miss: completed=65/100 errors=19 elapsed_ms=3893.7'),1
FANOUT,K100,Exception('timeout_or_slo_miss: completed=65/100 errors=35 elapsed_ms=1162.7'),1
FANOUT,K100,Exception('timeout_or_slo_miss: completed=70/100 errors=30 elapsed_ms=1127.4'),1
FANOUT,K100,Exception('timeout_or_slo_miss: completed=72/100 errors=28 elapsed_ms=1145.7'),1
FANOUT,K100,Exception('timeout_or_slo_miss: completed=63/100 errors=37 elapsed_ms=1278.9'),1
FANOUT,K100,Exception('timeout_or_slo_miss: completed=65/100 errors=35 elapsed_ms=1329.4'),2
FANOUT,K100,Exception('timeout_or_slo_miss: completed=67/100 errors=33 elapsed_ms=1187.9'),1
FANOUT,K100,Exception('timeout_or_slo_miss: completed=71/100 errors=29 elapsed_ms=1172.1'),1
FANOUT,K100,Exception('timeout_or_slo_miss: completed=62/100 errors=38 elapsed_ms=1287.9'),1
FANOUT,K100,Exception('timeout_or_slo_miss: completed=65/100 errors=21 elapsed_ms=3182.9'),1
FANOUT,K100,Exception('timeout_or_slo_miss: completed=67/100 errors=33 elapsed_ms=1164.0'),1
FANOUT,K100,Exception('timeout_or_slo_miss: completed=63/100 errors=37 elapsed_ms=1257.0'),2
FANOUT,K100,Exception('timeout_or_slo_miss: completed=64/100 errors=36 elapsed_ms=1247.2'),1
FANOUT,K100,Exception('timeout_or_slo_miss: completed=61/100 errors=39 elapsed_ms=1346.0'),1
FANOUT,K100,Exception('timeout_or_slo_miss: completed=62/100 errors=38 elapsed_ms=1235.4'),1
FANOUT,K100,Exception('timeout_or_slo_miss: completed=76/100 errors=24 elapsed_ms=1034.7'),1
FANOUT,K100,Exception('timeout_or_slo_miss: completed=62/100 errors=38 elapsed_ms=1296.9'),1
FANOUT,K100,Exception('timeout_or_slo_miss: completed=72/100 errors=28 elapsed_ms=1155.3'),1
FANOUT,K100,Exception('timeout_or_slo_miss: completed=62/100 errors=38 elapsed_ms=1331.8'),2
FANOUT,K100,Exception('timeout_or_slo_miss: completed=66/100 errors=34 elapsed_ms=1219.7'),1
FANOUT,K100,Exception('timeout_or_slo_miss: completed=63/100 errors=23 elapsed_ms=3818.2'),1
FANOUT,K100,Exception('timeout_or_slo_miss: completed=62/100 errors=38 elapsed_ms=1371.3'),1
FANOUT,K100,Exception('timeout_or_slo_miss: completed=75/100 errors=25 elapsed_ms=1106.2'),1
FANOUT,K100,Exception('timeout_or_slo_miss: completed=70/100 errors=13 elapsed_ms=3526.3'),1
FANOUT,K100,Exception('timeout_or_slo_miss: completed=75/100 errors=25 elapsed_ms=1126.9'),1
FANOUT,K100,Exception('timeout_or_slo_miss: completed=73/100 errors=27 elapsed_ms=1124.9'),1
FANOUT,K100,Exception('timeout_or_slo_miss: completed=64/100 errors=36 elapsed_ms=1237.5'),1
FANOUT,K100,Exception('timeout_or_slo_miss: completed=65/100 errors=35 elapsed_ms=1264.9'),2
FANOUT,K100,Exception('timeout_or_slo_miss: completed=65/100 errors=35 elapsed_ms=1859.4'),1
FANOUT,K100,Exception('timeout_or_slo_miss: completed=69/100 errors=31 elapsed_ms=1182.7'),1
FANOUT,K100,Exception('timeout_or_slo_miss: completed=63/100 errors=37 elapsed_ms=1231.5'),1
FANOUT,K100,Exception('timeout_or_slo_miss: completed=59/100 errors=41 elapsed_ms=1533.7'),1
FANOUT,K100,Exception('timeout_or_slo_miss: completed=61/100 errors=39 elapsed_ms=1431.0'),1
FANOUT,K100,Exception('timeout_or_slo_miss: completed=64/100 errors=36 elapsed_ms=1278.2'),1
FANOUT,K100,Exception('timeout_or_slo_miss: completed=74/100 errors=26 elapsed_ms=1016.4'),1
FANOUT,K100,Exception('timeout_or_slo_miss: completed=72/100 errors=28 elapsed_ms=1021.2'),1
FANOUT,K100,Exception('timeout_or_slo_miss: completed=63/100 errors=37 elapsed_ms=1345.8'),1
FANOUT,K100,Exception('timeout_or_slo_miss: completed=67/100 errors=33 elapsed_ms=1186.1'),1
FANOUT,K100,Exception('timeout_or_slo_miss: completed=74/100 errors=25 elapsed_ms=1662.2'),1
FANOUT,K100,Exception('timeout_or_slo_miss: completed=67/100 errors=33 elapsed_ms=1225.6'),1
FANOUT,K100,Exception('timeout_or_slo_miss: completed=60/100 errors=40 elapsed_ms=1371.5'),1
FANOUT,K100,Exception('timeout_or_slo_miss: completed=68/100 errors=32 elapsed_ms=1179.4'),1
FANOUT,K100,Exception('timeout_or_slo_miss: completed=67/100 errors=33 elapsed_ms=1142.6'),1
FANOUT,K100,Exception('timeout_or_slo_miss: completed=68/100 errors=32 elapsed_ms=1161.1'),1
FANOUT,K100,Exception('timeout_or_slo_miss: completed=70/100 errors=30 elapsed_ms=1122.1'),1
FANOUT,K100,Exception('timeout_or_slo_miss: completed=61/100 errors=39 elapsed_ms=1317.6'),1
FANOUT,K100,Exception('timeout_or_slo_miss: completed=72/100 errors=12 elapsed_ms=2971.6'),1
FANOUT,K100,Exception('timeout_or_slo_miss: completed=61/100 errors=39 elapsed_ms=1427.4'),1
FANOUT,K100,Exception('timeout_or_slo_miss: completed=69/100 errors=31 elapsed_ms=1161.7'),1
FANOUT,K100,Exception('timeout_or_slo_miss: completed=59/100 errors=32 elapsed_ms=3617.2'),1
FANOUT,K100,Exception('timeout_or_slo_miss: completed=72/100 errors=28 elapsed_ms=1135.6'),1
FANOUT,K100,Exception('timeout_or_slo_miss: completed=72/100 errors=28 elapsed_ms=1092.6'),1
FANOUT,K100,Exception('timeout_or_slo_miss: completed=61/100 errors=39 elapsed_ms=1448.8'),1
FANOUT,K100,Exception('timeout_or_slo_miss: completed=63/100 errors=37 elapsed_ms=4651.9'),1
FANOUT,K100,Exception('timeout_or_slo_miss: completed=72/100 errors=28 elapsed_ms=1118.8'),1
FANOUT,K100,Exception('timeout_or_slo_miss: completed=62/100 errors=38 elapsed_ms=1285.1'),1
FANOUT,K100,Exception('timeout_or_slo_miss: completed=69/100 errors=14 elapsed_ms=6343.6'),1
FANOUT,K100,Exception('timeout_or_slo_miss: completed=69/100 errors=31 elapsed_ms=1139.5'),1
FANOUT,K100,Exception('timeout_or_slo_miss: completed=62/100 errors=38 elapsed_ms=1241.8'),1
FANOUT,K100,Exception('timeout_or_slo_miss: completed=64/100 errors=36 elapsed_ms=1231.3'),1
FANOUT,K100,Exception('timeout_or_slo_miss: completed=71/100 errors=29 elapsed_ms=1120.3'),1
FANOUT,K100,Exception('timeout_or_slo_miss: completed=68/100 errors=32 elapsed_ms=1155.6'),1
FANOUT,K100,Exception('timeout_or_slo_miss: completed=58/100 errors=42 elapsed_ms=1506.5'),2
FANOUT,K100,Exception('timeout_or_slo_miss: completed=68/100 errors=32 elapsed_ms=1111.0'),1
FANOUT,K100,Exception('timeout_or_slo_miss: completed=73/100 errors=27 elapsed_ms=1099.3'),1
FANOUT,K100,Exception('timeout_or_slo_miss: completed=66/100 errors=34 elapsed_ms=1135.8'),1
FANOUT,K100,Exception('timeout_or_slo_miss: completed=69/100 errors=31 elapsed_ms=1112.0'),1
FANOUT,K100,Exception('timeout_or_slo_miss: completed=68/100 errors=32 elapsed_ms=1173.8'),1
FANOUT,K100,Exception('timeout_or_slo_miss: completed=63/100 errors=37 elapsed_ms=1305.2'),1
FANOUT,K100,Exception('timeout_or_slo_miss: completed=61/100 errors=39 elapsed_ms=1322.4'),1
FANOUT,K100,Exception('timeout_or_slo_miss: completed=62/100 errors=38 elapsed_ms=1441.8'),1
FANOUT,K100,Exception('timeout_or_slo_miss: completed=65/100 errors=35 elapsed_ms=1210.2'),1
FANOUT,K100,Exception('timeout_or_slo_miss: completed=64/100 errors=36 elapsed_ms=1325.6'),1
FANOUT,K100,Exception('timeout_or_slo_miss: completed=64/100 errors=20 elapsed_ms=3909.8'),1
FANOUT,K100,Exception('timeout_or_slo_miss: completed=58/100 errors=42 elapsed_ms=1505.0'),2
FANOUT,K100,Exception('timeout_or_slo_miss: completed=64/100 errors=36 elapsed_ms=1183.7'),1
FANOUT,K100,Exception('timeout_or_slo_miss: completed=71/100 errors=13 elapsed_ms=3005.5'),1
FANOUT,K100,Exception('timeout_or_slo_miss: completed=30/100 errors=58 elapsed_ms=17219.3'),1
FANOUT,K100,Exception('timeout_or_slo_miss: completed=69/100 errors=31 elapsed_ms=1105.1'),1
FANOUT,K100,Exception('timeout_or_slo_miss: completed=75/100 errors=25 elapsed_ms=1135.1'),1
FANOUT,K100,Exception('timeout_or_slo_miss: completed=69/100 errors=31 elapsed_ms=1152.7'),1
FANOUT,K100,Exception('timeout_or_slo_miss: completed=66/100 errors=27 elapsed_ms=2732.0'),1
FANOUT,K100,Exception('timeout_or_slo_miss: completed=70/100 errors=30 elapsed_ms=1202.7'),1
FANOUT,K100,Exception('timeout_or_slo_miss: completed=76/100 errors=24 elapsed_ms=1086.6'),1
FANOUT,K100,Exception('timeout_or_slo_miss: completed=67/100 errors=33 elapsed_ms=1137.6'),1
FANOUT,K100,Exception('timeout_or_slo_miss: completed=68/100 errors=32 elapsed_ms=1171.3'),1
FANOUT,K100,Exception('timeout_or_slo_miss: completed=67/100 errors=33 elapsed_ms=1171.5'),2
FANOUT,K100,Exception('timeout_or_slo_miss: completed=61/100 errors=39 elapsed_ms=1482.3'),1
FANOUT,K100,Exception('timeout_or_slo_miss: completed=69/100 errors=31 elapsed_ms=1158.2'),1
FANOUT,K100,Exception('timeout_or_slo_miss: completed=73/100 errors=27 elapsed_ms=1138.5'),1
FANOUT,K100,Exception('timeout_or_slo_miss: completed=76/100 errors=24 elapsed_ms=1077.7'),1
FANOUT,K100,Exception('timeout_or_slo_miss: completed=67/100 errors=33 elapsed_ms=1142.0'),2
FANOUT,K100,Exception('timeout_or_slo_miss: completed=69/100 errors=31 elapsed_ms=1136.7'),1
FANOUT,K100,Exception('timeout_or_slo_miss: completed=64/100 errors=35 elapsed_ms=1894.4'),1
FANOUT,K100,Exception('timeout_or_slo_miss: completed=73/100 errors=27 elapsed_ms=1121.9'),1
FANOUT,K100,Exception('timeout_or_slo_miss: completed=65/100 errors=35 elapsed_ms=1294.8'),1
FANOUT,K100,Exception('timeout_or_slo_miss: completed=70/100 errors=30 elapsed_ms=1146.2'),1
FANOUT,K100,Exception('timeout_or_slo_miss: completed=68/100 errors=32 elapsed_ms=1158.0'),1
FANOUT,K100,Exception('timeout_or_slo_miss: completed=66/100 errors=34 elapsed_ms=1222.0'),1
FANOUT,K100,Exception('timeout_or_slo_miss: completed=63/100 errors=37 elapsed_ms=1417.1'),1
FANOUT,K100,Exception('timeout_or_slo_miss: completed=70/100 errors=30 elapsed_ms=1156.2'),1
FANOUT,K100,Exception('timeout_or_slo_miss: completed=65/100 errors=35 elapsed_ms=1141.4'),1
FANOUT,K100,Exception('timeout_or_slo_miss: completed=75/100 errors=25 elapsed_ms=1051.0'),1
FANOUT,K100,Exception('timeout_or_slo_miss: completed=71/100 errors=29 elapsed_ms=1162.0'),1
FANOUT,K100,Exception('timeout_or_slo_miss: completed=67/100 errors=33 elapsed_ms=1225.4'),1
FANOUT,K100,Exception('timeout_or_slo_miss: completed=61/100 errors=39 elapsed_ms=1424.9'),1
FANOUT,K100,Exception('timeout_or_slo_miss: completed=76/100 errors=24 elapsed_ms=1023.6'),1
FANOUT,K100,Exception('timeout_or_slo_miss: completed=55/100 errors=45 elapsed_ms=1512.7'),1
FANOUT,K100,Exception('timeout_or_slo_miss: completed=68/100 errors=32 elapsed_ms=1266.9'),1
FANOUT,K100,Exception('timeout_or_slo_miss: completed=72/100 errors=28 elapsed_ms=1124.4'),1
FANOUT,K100,Exception('timeout_or_slo_miss: completed=67/100 errors=33 elapsed_ms=1252.6'),1
FANOUT,K100,Exception('timeout_or_slo_miss: completed=60/100 errors=39 elapsed_ms=2009.5'),1
FANOUT,K100,Exception('timeout_or_slo_miss: completed=62/100 errors=38 elapsed_ms=1367.8'),1
FANOUT,K100,Exception('timeout_or_slo_miss: completed=69/100 errors=31 elapsed_ms=1148.1'),1
FANOUT,K100,Exception('timeout_or_slo_miss: completed=69/100 errors=31 elapsed_ms=1097.0'),1
FANOUT,K100,Exception('timeout_or_slo_miss: completed=67/100 errors=33 elapsed_ms=1144.8'),1
FANOUT,K100,Exception('timeout_or_slo_miss: completed=66/100 errors=34 elapsed_ms=1239.9'),1
FANOUT,K100,Exception('timeout_or_slo_miss: completed=64/100 errors=36 elapsed_ms=1252.5'),1
FANOUT,K100,Exception('timeout_or_slo_miss: completed=66/100 errors=34 elapsed_ms=1236.1'),1
FANOUT,K100,Exception('timeout_or_slo_miss: completed=71/100 errors=29 elapsed_ms=1154.7'),1
FANOUT,K100,Exception('timeout_or_slo_miss: completed=67/100 errors=33 elapsed_ms=1222.9'),1
FANOUT,K100,Exception('timeout_or_slo_miss: completed=74/100 errors=26 elapsed_ms=1123.1'),1
FANOUT,K100,Exception('timeout_or_slo_miss: completed=73/100 errors=10 elapsed_ms=3193.0'),1
FANOUT,K100,Exception('timeout_or_slo_miss: completed=60/100 errors=40 elapsed_ms=1397.5'),1
FANOUT,K100,Exception('timeout_or_slo_miss: completed=60/100 errors=40 elapsed_ms=1466.2'),1
FANOUT,K100,Exception('timeout_or_slo_miss: completed=68/100 errors=32 elapsed_ms=1252.8'),1
FANOUT,K100,Exception('timeout_or_slo_miss: completed=63/100 errors=22 elapsed_ms=3759.6'),1
FANOUT,K100,Exception('timeout_or_slo_miss: completed=73/100 errors=11 elapsed_ms=2604.4'),1
FANOUT,K100,Exception('timeout_or_slo_miss: completed=70/100 errors=30 elapsed_ms=1140.0'),1
FANOUT,K100,Exception('timeout_or_slo_miss: completed=61/100 errors=39 elapsed_ms=1330.1'),1
FANOUT,K100,Exception('timeout_or_slo_miss: completed=71/100 errors=29 elapsed_ms=1150.5'),1
FANOUT,K100,Exception('timeout_or_slo_miss: completed=71/100 errors=29 elapsed_ms=1093.2'),1
FANOUT,K100,Exception('timeout_or_slo_miss: completed=68/100 errors=32 elapsed_ms=1242.8'),1
FANOUT,K100,Exception('timeout_or_slo_miss: completed=69/100 errors=31 elapsed_ms=1155.3'),1
FANOUT,K100,Exception('timeout_or_slo_miss: completed=61/100 errors=39 elapsed_ms=1305.2'),1
FANOUT,K100,Exception('timeout_or_slo_miss: completed=61/100 errors=39 elapsed_ms=1299.4'),1
FANOUT,K100,Exception('timeout_or_slo_miss: completed=73/100 errors=27 elapsed_ms=1061.4'),1
FANOUT,K100,Exception('timeout_or_slo_miss: completed=66/100 errors=34 elapsed_ms=1119.5'),1
FANOUT,K100,Exception('timeout_or_slo_miss: completed=64/100 errors=36 elapsed_ms=1249.8'),1
FANOUT,K100,Exception('timeout_or_slo_miss: completed=69/100 errors=31 elapsed_ms=1185.9'),1
FANOUT,K100,Exception('timeout_or_slo_miss: completed=61/100 errors=39 elapsed_ms=1356.6'),1
FANOUT,K100,Exception('timeout_or_slo_miss: completed=68/100 errors=32 elapsed_ms=1161.8'),1
FANOUT,K100,Exception('timeout_or_slo_miss: completed=70/100 errors=30 elapsed_ms=1176.7'),1
FANOUT,K100,Exception('timeout_or_slo_miss: completed=65/100 errors=35 elapsed_ms=1181.4'),1
FANOUT,K100,Exception('timeout_or_slo_miss: completed=68/100 errors=32 elapsed_ms=1143.0'),2
FANOUT,K100,Exception('timeout_or_slo_miss: completed=58/100 errors=30 elapsed_ms=4535.0'),1
FANOUT,K100,Exception('timeout_or_slo_miss: completed=78/100 errors=22 elapsed_ms=1007.1'),1
FANOUT,K100,Exception('timeout_or_slo_miss: completed=63/100 errors=37 elapsed_ms=1306.8'),1
FANOUT,K100,Exception('timeout_or_slo_miss: completed=64/100 errors=36 elapsed_ms=1194.7'),1
FANOUT,K100,Exception('timeout_or_slo_miss: completed=73/100 errors=27 elapsed_ms=1019.9'),2
FANOUT,K100,Exception('timeout_or_slo_miss: completed=74/100 errors=26 elapsed_ms=1104.0'),1
FANOUT,K100,Exception('timeout_or_slo_miss: completed=62/100 errors=38 elapsed_ms=1415.3'),1
FANOUT,K100,Exception('timeout_or_slo_miss: completed=69/100 errors=31 elapsed_ms=1168.4'),1
FANOUT,K100,Exception('timeout_or_slo_miss: completed=59/100 errors=41 elapsed_ms=1509.0'),1
FANOUT,K100,Exception('timeout_or_slo_miss: completed=69/100 errors=31 elapsed_ms=1157.5'),1
FANOUT,K100,Exception('timeout_or_slo_miss: completed=62/100 errors=38 elapsed_ms=1282.8'),1
FANOUT,K100,Exception('timeout_or_slo_miss: completed=67/100 errors=33 elapsed_ms=1235.4'),2
FANOUT,K100,Exception('timeout_or_slo_miss: completed=68/100 errors=32 elapsed_ms=1174.1'),1
FANOUT,K100,Exception('timeout_or_slo_miss: completed=71/100 errors=29 elapsed_ms=1128.7'),2
FANOUT,K100,Exception('timeout_or_slo_miss: completed=75/100 errors=25 elapsed_ms=1044.1'),1
FANOUT,K100,Exception('timeout_or_slo_miss: completed=67/100 errors=33 elapsed_ms=1230.5'),1
FANOUT,K100,Exception('timeout_or_slo_miss: completed=72/100 errors=28 elapsed_ms=1094.9'),2
FANOUT,K100,Exception('timeout_or_slo_miss: completed=80/100 errors=20 elapsed_ms=1007.8'),1
FANOUT,K100,Exception('timeout_or_slo_miss: completed=64/100 errors=36 elapsed_ms=1289.5'),1
FANOUT,K100,Exception('timeout_or_slo_miss: completed=69/100 errors=31 elapsed_ms=1179.2'),1
FANOUT,K100,Exception('timeout_or_slo_miss: completed=69/100 errors=31 elapsed_ms=1146.3'),2
FANOUT,K100,Exception('timeout_or_slo_miss: completed=67/100 errors=17 elapsed_ms=3613.3'),1
FANOUT,K100,Exception('timeout_or_slo_miss: completed=66/100 errors=34 elapsed_ms=1261.2'),1
FANOUT,K100,Exception('timeout_or_slo_miss: completed=63/100 errors=37 elapsed_ms=1332.4'),1
FANOUT,K100,Exception('timeout_or_slo_miss: completed=58/100 errors=42 elapsed_ms=1515.1'),1
FANOUT,K100,Exception('timeout_or_slo_miss: completed=67/100 errors=33 elapsed_ms=1150.9'),1
FANOUT,K100,Exception('timeout_or_slo_miss: completed=52/100 errors=48 elapsed_ms=1625.6'),1
FANOUT,K100,Exception('timeout_or_slo_miss: completed=69/100 errors=31 elapsed_ms=1120.6'),1
FANOUT,K100,Exception('timeout_or_slo_miss: completed=63/100 errors=24 elapsed_ms=3906.5'),1
FANOUT,K100,Exception('timeout_or_slo_miss: completed=74/100 errors=26 elapsed_ms=1032.6'),1
FANOUT,K100,Exception('timeout_or_slo_miss: completed=74/100 errors=26 elapsed_ms=1083.2'),1
FANOUT,K100,Exception('timeout_or_slo_miss: completed=71/100 errors=29 elapsed_ms=1109.0'),1
FANOUT,K100,Exception('timeout_or_slo_miss: completed=75/100 errors=25 elapsed_ms=1028.2'),1
FANOUT,K100,Exception('timeout_or_slo_miss: completed=67/100 errors=33 elapsed_ms=1189.1'),1
FANOUT,K100,Exception('timeout_or_slo_miss: completed=69/100 errors=31 elapsed_ms=1136.4'),2
FANOUT,K100,Exception('timeout_or_slo_miss: completed=61/100 errors=37 elapsed_ms=4981.0'),1
FANOUT,K100,Exception('timeout_or_slo_miss: completed=65/100 errors=35 elapsed_ms=1278.8'),1
FANOUT,K100,Exception('timeout_or_slo_miss: completed=63/100 errors=37 elapsed_ms=1263.2'),1
FANOUT,K100,Exception('timeout_or_slo_miss: completed=72/100 errors=28 elapsed_ms=1129.0'),2
FANOUT,K100,Exception('timeout_or_slo_miss: completed=62/100 errors=38 elapsed_ms=1944.9'),1
FANOUT,K100,Exception('timeout_or_slo_miss: completed=75/100 errors=25 elapsed_ms=1089.4'),1
FANOUT,K100,Exception('timeout_or_slo_miss: completed=59/100 errors=41 elapsed_ms=1505.7'),1
FANOUT,K100,Exception('timeout_or_slo_miss: completed=63/100 errors=37 elapsed_ms=1181.3'),1
FANOUT,K100,Exception('timeout_or_slo_miss: completed=71/100 errors=29 elapsed_ms=1159.1'),1
FANOUT,K100,Exception('timeout_or_slo_miss: completed=71/100 errors=29 elapsed_ms=1127.9'),1
FANOUT,K100,Exception('timeout_or_slo_miss: completed=74/100 errors=26 elapsed_ms=1128.6'),1
FANOUT,K100,Exception('timeout_or_slo_miss: completed=62/100 errors=23 elapsed_ms=3958.3'),1
FANOUT,K100,Exception('timeout_or_slo_miss: completed=69/100 errors=31 elapsed_ms=1156.5'),1
FANOUT,K100,Exception('timeout_or_slo_miss: completed=62/100 errors=38 elapsed_ms=1238.0'),1
FANOUT,K100,Exception('timeout_or_slo_miss: completed=68/100 errors=32 elapsed_ms=1178.6'),1
FANOUT,K100,Exception('timeout_or_slo_miss: completed=65/100 errors=35 elapsed_ms=1227.5'),1
FANOUT,K100,Exception('timeout_or_slo_miss: completed=70/100 errors=30 elapsed_ms=1158.8'),1
FANOUT,K100,Exception('timeout_or_slo_miss: completed=68/100 errors=32 elapsed_ms=1209.2'),1
FANOUT,K100,Exception('timeout_or_slo_miss: completed=75/100 errors=25 elapsed_ms=1084.8'),1
FANOUT,K100,Exception('timeout_or_slo_miss: completed=63/100 errors=37 elapsed_ms=1220.8'),1
FANOUT,K100,Exception('timeout_or_slo_miss: completed=69/100 errors=31 elapsed_ms=1156.1'),1
FANOUT,K100,Exception('timeout_or_slo_miss: completed=64/100 errors=36 elapsed_ms=1208.1'),1
FANOUT,K100,Exception('timeout_or_slo_miss: completed=66/100 errors=34 elapsed_ms=1165.2'),1
FANOUT,K100,Exception('timeout_or_slo_miss: completed=67/100 errors=33 elapsed_ms=1281.8'),1
FANOUT,K100,Exception('timeout_or_slo_miss: completed=64/100 errors=36 elapsed_ms=1237.9'),1
FANOUT,K100,Exception('timeout_or_slo_miss: completed=67/100 errors=33 elapsed_ms=1168.9'),2
FANOUT,K100,Exception('timeout_or_slo_miss: completed=66/100 errors=34 elapsed_ms=1144.1'),1
FANOUT,K100,Exception('timeout_or_slo_miss: completed=66/100 errors=34 elapsed_ms=1224.4'),1
FANOUT,K100,Exception('timeout_or_slo_miss: completed=67/100 errors=33 elapsed_ms=1141.3'),1
FANOUT,K100,Exception('timeout_or_slo_miss: completed=67/100 errors=33 elapsed_ms=1156.0'),1
FANOUT,K100,Exception('timeout_or_slo_miss: completed=72/100 errors=28 elapsed_ms=1134.2'),1
FANOUT,K100,Exception('timeout_or_slo_miss: completed=66/100 errors=34 elapsed_ms=1131.5'),1
FANOUT,K100,Exception('timeout_or_slo_miss: completed=72/100 errors=28 elapsed_ms=1013.3'),1
FANOUT,K100,Exception('timeout_or_slo_miss: completed=69/100 errors=31 elapsed_ms=1177.4'),1
FANOUT,K100,Exception('timeout_or_slo_miss: completed=72/100 errors=28 elapsed_ms=1087.5'),1
FANOUT,K100,Exception('timeout_or_slo_miss: completed=68/100 errors=32 elapsed_ms=1136.3'),1
FANOUT,K100,Exception('timeout_or_slo_miss: completed=68/100 errors=32 elapsed_ms=1144.7'),1
FANOUT,K100,Exception('timeout_or_slo_miss: completed=77/100 errors=23 elapsed_ms=1018.2'),1
FANOUT,K100,Exception('timeout_or_slo_miss: completed=63/100 errors=37 elapsed_ms=1326.6'),1
FANOUT,K100,Exception('timeout_or_slo_miss: completed=73/100 errors=27 elapsed_ms=1140.8'),1
FANOUT,K100,Exception('timeout_or_slo_miss: completed=70/100 errors=30 elapsed_ms=1261.5'),1
FANOUT,K100,Exception('timeout_or_slo_miss: completed=62/100 errors=38 elapsed_ms=1341.7'),2
FANOUT,K100,Exception('timeout_or_slo_miss: completed=71/100 errors=29 elapsed_ms=1137.4'),1
FANOUT,K100,Exception('timeout_or_slo_miss: completed=74/100 errors=26 elapsed_ms=1081.8'),1
FANOUT,K100,Exception('timeout_or_slo_miss: completed=67/100 errors=33 elapsed_ms=1146.4'),1
FANOUT,K100,Exception('timeout_or_slo_miss: completed=69/100 errors=31 elapsed_ms=1146.1'),1
FANOUT,K100,Exception('timeout_or_slo_miss: completed=69/100 errors=31 elapsed_ms=1132.8'),1
FANOUT,K100,Exception('timeout_or_slo_miss: completed=62/100 errors=38 elapsed_ms=1359.2'),1
FANOUT,K100,Exception('timeout_or_slo_miss: completed=61/100 errors=39 elapsed_ms=1408.2'),1
FANOUT,K100,Exception('timeout_or_slo_miss: completed=67/100 errors=33 elapsed_ms=1164.8'),1
FANOUT,K100,Exception('timeout_or_slo_miss: completed=75/100 errors=25 elapsed_ms=1008.0'),1
FANOUT,K100,Exception('timeout_or_slo_miss: completed=73/100 errors=27 elapsed_ms=1017.1'),1
FANOUT,K100,Exception('timeout_or_slo_miss: completed=66/100 errors=34 elapsed_ms=1174.7'),1
FANOUT,K100,Exception('timeout_or_slo_miss: completed=71/100 errors=29 elapsed_ms=1137.3'),1
FANOUT,K100,Exception('timeout_or_slo_miss: completed=62/100 errors=38 elapsed_ms=1302.2'),1
FANOUT,K100,Exception('timeout_or_slo_miss: completed=64/100 errors=36 elapsed_ms=1154.0'),1
FANOUT,K100,Exception('timeout_or_slo_miss: completed=74/100 errors=26 elapsed_ms=1078.5'),1
FANOUT,K100,Exception('timeout_or_slo_miss: completed=60/100 errors=40 elapsed_ms=1503.8'),4
FANOUT,K100,Exception('timeout_or_slo_miss: completed=73/100 errors=27 elapsed_ms=1124.7'),1
FANOUT,K100,Exception('timeout_or_slo_miss: completed=78/100 errors=22 elapsed_ms=1060.3'),1
FANOUT,K100,Exception('timeout_or_slo_miss: completed=73/100 errors=27 elapsed_ms=1108.8'),1
FANOUT,K100,Exception('timeout_or_slo_miss: completed=62/100 errors=23 elapsed_ms=4090.1'),1
FANOUT,K100,Exception('timeout_or_slo_miss: completed=63/100 errors=37 elapsed_ms=1227.4'),1
FANOUT,K100,Exception('timeout_or_slo_miss: completed=64/100 errors=36 elapsed_ms=1192.4'),1
FANOUT,K100,Exception('timeout_or_slo_miss: completed=65/100 errors=35 elapsed_ms=1208.7'),1
FANOUT,K100,Exception('timeout_or_slo_miss: completed=66/100 errors=34 elapsed_ms=1199.8'),1
FANOUT,K100,Exception('timeout_or_slo_miss: completed=65/100 errors=35 elapsed_ms=1248.3'),1
FANOUT,K100,Exception('timeout_or_slo_miss: completed=71/100 errors=29 elapsed_ms=1134.1'),1
FANOUT,K100,Exception('timeout_or_slo_miss: completed=67/100 errors=33 elapsed_ms=1242.5'),1
FANOUT,K100,Exception('timeout_or_slo_miss: completed=73/100 errors=27 elapsed_ms=1015.2'),1
FANOUT,K100,Exception('timeout_or_slo_miss: completed=66/100 errors=18 elapsed_ms=3518.8'),1
FANOUT,K100,Exception('timeout_or_slo_miss: completed=61/100 errors=39 elapsed_ms=1387.2'),1
FANOUT,K100,Exception('timeout_or_slo_miss: completed=66/100 errors=34 elapsed_ms=1291.7'),1
FANOUT,K100,Exception('timeout_or_slo_miss: completed=40/100 errors=48 elapsed_ms=18324.0'),1
FANOUT,K100,Exception('timeout_or_slo_miss: completed=64/100 errors=36 elapsed_ms=1267.2'),1
FANOUT,K100,Exception('timeout_or_slo_miss: completed=71/100 errors=29 elapsed_ms=1132.7'),2
FANOUT,K100,Exception('timeout_or_slo_miss: completed=66/100 errors=34 elapsed_ms=1161.0'),1
FANOUT,K100,Exception('timeout_or_slo_miss: completed=71/100 errors=29 elapsed_ms=1149.5'),1
FANOUT,K100,Exception('timeout_or_slo_miss: completed=72/100 errors=28 elapsed_ms=1120.3'),1
FANOUT,K100,Exception('timeout_or_slo_miss: completed=58/100 errors=42 elapsed_ms=1506.7'),2
FANOUT,K100,Exception('timeout_or_slo_miss: completed=66/100 errors=34 elapsed_ms=1141.6'),1
FANOUT,K100,Exception('timeout_or_slo_miss: completed=66/100 errors=34 elapsed_ms=1188.3'),1
FANOUT,K100,Exception('timeout_or_slo_miss: completed=71/100 errors=29 elapsed_ms=1119.6'),1
FANOUT,K100,Exception('timeout_or_slo_miss: completed=72/100 errors=28 elapsed_ms=1127.6'),1
FANOUT,K100,Exception('timeout_or_slo_miss: completed=69/100 errors=31 elapsed_ms=1181.6'),1
FANOUT,K100,Exception('timeout_or_slo_miss: completed=56/100 errors=44 elapsed_ms=1509.9'),1
FANOUT,K100,Exception('timeout_or_slo_miss: completed=72/100 errors=28 elapsed_ms=1089.7'),1
FANOUT,K100,Exception('timeout_or_slo_miss: completed=71/100 errors=12 elapsed_ms=3668.2'),1
FANOUT,K100,Exception('timeout_or_slo_miss: completed=75/100 errors=25 elapsed_ms=1009.3'),1
FANOUT,K100,Exception('timeout_or_slo_miss: completed=62/100 errors=38 elapsed_ms=1278.7'),1
FANOUT,K100,Exception('timeout_or_slo_miss: completed=68/100 errors=32 elapsed_ms=1155.9'),1
FANOUT,K100,Exception('timeout_or_slo_miss: completed=60/100 errors=40 elapsed_ms=1503.2'),1
FANOUT,K100,Exception('timeout_or_slo_miss: completed=60/100 errors=40 elapsed_ms=1414.3'),1
FANOUT,K100,Exception('timeout_or_slo_miss: completed=64/100 errors=21 elapsed_ms=3967.2'),1
FANOUT,K100,Exception('timeout_or_slo_miss: completed=70/100 errors=30 elapsed_ms=1073.8'),1
FANOUT,K100,Exception('timeout_or_slo_miss: completed=59/100 errors=41 elapsed_ms=1684.6'),1
FANOUT,K100,Exception('timeout_or_slo_miss: completed=70/100 errors=30 elapsed_ms=1156.3'),1
FANOUT,K100,Exception('timeout_or_slo_miss: completed=66/100 errors=34 elapsed_ms=1135.2'),1
FANOUT,K100,Exception('timeout_or_slo_miss: completed=79/100 errors=5 elapsed_ms=2244.6'),1
FANOUT,K100,Exception('timeout_or_slo_miss: completed=68/100 errors=32 elapsed_ms=1239.3'),1
FANOUT,K100,Exception('timeout_or_slo_miss: completed=67/100 errors=33 elapsed_ms=1286.3'),1
FANOUT,K100,Exception('timeout_or_slo_miss: completed=70/100 errors=30 elapsed_ms=1135.9'),1
FANOUT,K100,Exception('timeout_or_slo_miss: completed=66/100 errors=34 elapsed_ms=1140.9'),1
FANOUT,K100,Exception('timeout_or_slo_miss: completed=65/100 errors=35 elapsed_ms=1267.0'),1
FANOUT,K100,Exception('timeout_or_slo_miss: completed=61/100 errors=39 elapsed_ms=1505.7'),1
FANOUT,K100,Exception('timeout_or_slo_miss: completed=71/100 errors=29 elapsed_ms=1167.3'),1
FANOUT,K100,Exception('timeout_or_slo_miss: completed=76/100 errors=8 elapsed_ms=2453.0'),1
FANOUT,K100,Exception('timeout_or_slo_miss: completed=71/100 errors=29 elapsed_ms=1146.0'),1
FANOUT,K100,Exception('timeout_or_slo_miss: completed=69/100 errors=31 elapsed_ms=1122.1'),1
FANOUT,K100,Exception('timeout_or_slo_miss: completed=68/100 errors=32 elapsed_ms=1204.0'),1
FANOUT,K100,Exception('timeout_or_slo_miss: completed=74/100 errors=26 elapsed_ms=1136.6'),1
FANOUT,K100,Exception('timeout_or_slo_miss: completed=66/100 errors=34 elapsed_ms=1212.1'),1
FANOUT,K100,Exception('timeout_or_slo_miss: completed=64/100 errors=36 elapsed_ms=1237.1'),1
FANOUT,K100,Exception('timeout_or_slo_miss: completed=70/100 errors=30 elapsed_ms=1159.1'),1
FANOUT,K100,Exception('timeout_or_slo_miss: completed=67/100 errors=33 elapsed_ms=1251.3'),2
FANOUT,K100,Exception('timeout_or_slo_miss: completed=67/100 errors=33 elapsed_ms=1202.3'),1
FANOUT,K100,Exception('timeout_or_slo_miss: completed=66/100 errors=18 elapsed_ms=3755.0'),1
FANOUT,K100,Exception('timeout_or_slo_miss: completed=69/100 errors=31 elapsed_ms=1148.4'),1
FANOUT,K100,Exception('timeout_or_slo_miss: completed=72/100 errors=28 elapsed_ms=1010.7'),1
FANOUT,K100,Exception('timeout_or_slo_miss: completed=66/100 errors=34 elapsed_ms=1133.9'),1
FANOUT,K100,Exception('timeout_or_slo_miss: completed=67/100 errors=33 elapsed_ms=1194.6'),1
FANOUT,K100,Exception('timeout_or_slo_miss: completed=63/100 errors=37 elapsed_ms=1206.5'),1
FANOUT,K100,Exception('timeout_or_slo_miss: completed=65/100 errors=35 elapsed_ms=1348.0'),1
FANOUT,K100,Exception('timeout_or_slo_miss: completed=70/100 errors=30 elapsed_ms=1125.5'),1
FANOUT,K100,Exception('timeout_or_slo_miss: completed=71/100 errors=29 elapsed_ms=1201.1'),1
FANOUT,K100,Exception('timeout_or_slo_miss: completed=78/100 errors=22 elapsed_ms=1008.3'),1
FANOUT,K100,Exception('timeout_or_slo_miss: completed=62/100 errors=30 elapsed_ms=4308.0'),1
FANOUT,K100,Exception('timeout_or_slo_miss: completed=74/100 errors=26 elapsed_ms=1064.6'),1
FANOUT,K100,Exception('timeout_or_slo_miss: completed=69/100 errors=31 elapsed_ms=1238.1'),1
FANOUT,K100,Exception('timeout_or_slo_miss: completed=67/100 errors=33 elapsed_ms=1277.2'),1
FANOUT,K100,Exception('timeout_or_slo_miss: completed=72/100 errors=28 elapsed_ms=1129.5'),1
FANOUT,K100,Exception('timeout_or_slo_miss: completed=67/100 errors=33 elapsed_ms=1180.8'),1
FANOUT,K100,Exception('timeout_or_slo_miss: completed=67/100 errors=33 elapsed_ms=1176.8'),1
FANOUT,K100,Exception('timeout_or_slo_miss: completed=67/100 errors=33 elapsed_ms=1281.9'),1
FANOUT,K100,Exception('timeout_or_slo_miss: completed=64/100 errors=36 elapsed_ms=1279.7'),1
FANOUT,K100,Exception('timeout_or_slo_miss: completed=65/100 errors=35 elapsed_ms=1513.9'),1
FANOUT,K100,Exception('timeout_or_slo_miss: completed=65/100 errors=35 elapsed_ms=1189.8'),1
FANOUT,K100,Exception('timeout_or_slo_miss: completed=72/100 errors=28 elapsed_ms=1131.4'),1
FANOUT,K100,Exception('timeout_or_slo_miss: completed=69/100 errors=31 elapsed_ms=1120.2'),1
FANOUT,K100,Exception('timeout_or_slo_miss: completed=65/100 errors=19 elapsed_ms=3768.9'),1
FANOUT,K100,Exception('timeout_or_slo_miss: completed=68/100 errors=32 elapsed_ms=1136.0'),2
FANOUT,K100,Exception('timeout_or_slo_miss: completed=68/100 errors=32 elapsed_ms=1118.5'),2
FANOUT,K100,Exception('timeout_or_slo_miss: completed=63/100 errors=37 elapsed_ms=1219.6'),1
FANOUT,K100,Exception('timeout_or_slo_miss: completed=65/100 errors=35 elapsed_ms=1153.0'),1
FANOUT,K100,Exception('timeout_or_slo_miss: completed=72/100 errors=28 elapsed_ms=1119.0'),1
FANOUT,K100,Exception('timeout_or_slo_miss: completed=66/100 errors=34 elapsed_ms=1135.7'),1
FANOUT,K100,Exception('timeout_or_slo_miss: completed=67/100 errors=33 elapsed_ms=1193.8'),1
FANOUT,K100,Exception('timeout_or_slo_miss: completed=65/100 errors=35 elapsed_ms=1230.7'),1
FANOUT,K100,Exception('timeout_or_slo_miss: completed=63/100 errors=37 elapsed_ms=1341.1'),1
FANOUT,K100,Exception('timeout_or_slo_miss: completed=60/100 errors=40 elapsed_ms=1371.4'),1
FANOUT,K100,Exception('timeout_or_slo_miss: completed=53/100 errors=47 elapsed_ms=1509.2'),1
FANOUT,K100,Exception('timeout_or_slo_miss: completed=66/100 errors=34 elapsed_ms=1277.1'),1
FANOUT,K100,Exception('timeout_or_slo_miss: completed=68/100 errors=32 elapsed_ms=1183.7'),1
FANOUT,K100,Exception('timeout_or_slo_miss: completed=61/100 errors=39 elapsed_ms=1496.8'),1
FANOUT,K100,Exception('timeout_or_slo_miss: completed=70/100 errors=30 elapsed_ms=1124.2'),1
FANOUT,K100,Exception('timeout_or_slo_miss: completed=66/100 errors=34 elapsed_ms=1172.7'),1
FANOUT,K100,Exception('timeout_or_slo_miss: completed=68/100 errors=32 elapsed_ms=1225.7'),1
FANOUT,K100,Exception('timeout_or_slo_miss: completed=61/100 errors=39 elapsed_ms=1473.3'),1
FANOUT,K100,Exception('timeout_or_slo_miss: completed=66/100 errors=34 elapsed_ms=1203.3'),1
FANOUT,K100,Exception('timeout_or_slo_miss: completed=61/100 errors=39 elapsed_ms=1283.5'),1
FANOUT,K100,Exception('timeout_or_slo_miss: completed=71/100 errors=29 elapsed_ms=1127.8'),1
FANOUT,K100,Exception('timeout_or_slo_miss: completed=66/100 errors=34 elapsed_ms=1250.7'),2
FANOUT,K100,Exception('timeout_or_slo_miss: completed=68/100 errors=32 elapsed_ms=1142.1'),2
FANOUT,K100,Exception('timeout_or_slo_miss: completed=62/100 errors=38 elapsed_ms=1277.7'),1
FANOUT,K100,Exception('timeout_or_slo_miss: completed=69/100 errors=31 elapsed_ms=1127.2'),1
FANOUT,K100,Exception('timeout_or_slo_miss: completed=73/100 errors=27 elapsed_ms=1146.8'),1
FANOUT,K100,Exception('timeout_or_slo_miss: completed=74/100 errors=26 elapsed_ms=1158.2'),1
FANOUT,K100,Exception('timeout_or_slo_miss: completed=69/100 errors=15 elapsed_ms=3276.0'),1
FANOUT,K100,Exception('timeout_or_slo_miss: completed=69/100 errors=31 elapsed_ms=1159.8'),1
FANOUT,K100,Exception('timeout_or_slo_miss: completed=70/100 errors=30 elapsed_ms=1151.4'),1
FANOUT,K100,Exception('timeout_or_slo_miss: completed=60/100 errors=40 elapsed_ms=1502.2'),1
FANOUT,K100,Exception('timeout_or_slo_miss: completed=70/100 errors=30 elapsed_ms=1146.1'),1
FANOUT,K100,Exception('timeout_or_slo_miss: completed=66/100 errors=34 elapsed_ms=1233.0'),1
FANOUT,K100,Exception('timeout_or_slo_miss: completed=66/100 errors=34 elapsed_ms=1168.9'),1
FANOUT,K100,Exception('timeout_or_slo_miss: completed=61/100 errors=39 elapsed_ms=1433.6'),1
FANOUT,K100,Exception('timeout_or_slo_miss: completed=63/100 errors=37 elapsed_ms=1251.3'),1
FANOUT,K100,Exception('timeout_or_slo_miss: completed=61/100 errors=39 elapsed_ms=1458.2'),1
FANOUT,K100,Exception('timeout_or_slo_miss: completed=65/100 errors=35 elapsed_ms=1228.0'),1
FANOUT,K100,Exception('timeout_or_slo_miss: completed=70/100 errors=30 elapsed_ms=1157.0'),1
FANOUT,K100,Exception('timeout_or_slo_miss: completed=68/100 errors=32 elapsed_ms=1121.4'),1
FANOUT,K100,Exception('timeout_or_slo_miss: completed=62/100 errors=38 elapsed_ms=1258.4'),1
FANOUT,K100,Exception('timeout_or_slo_miss: completed=67/100 errors=33 elapsed_ms=1165.5'),1
FANOUT,K100,Exception('timeout_or_slo_miss: completed=68/100 errors=32 elapsed_ms=1190.1'),1
FANOUT,K100,Exception('timeout_or_slo_miss: completed=68/100 errors=32 elapsed_ms=1152.7'),1
FANOUT,K100,Exception('timeout_or_slo_miss: completed=74/100 errors=26 elapsed_ms=1014.0'),1
FANOUT,K100,Exception('timeout_or_slo_miss: completed=70/100 errors=30 elapsed_ms=1156.5'),1
FANOUT,K100,Exception('timeout_or_slo_miss: completed=64/100 errors=36 elapsed_ms=1303.5'),1
FANOUT,K100,Exception('timeout_or_slo_miss: completed=60/100 errors=40 elapsed_ms=1501.7'),1
FANOUT,K100,Exception('timeout_or_slo_miss: completed=67/100 errors=33 elapsed_ms=1147.1'),1
FANOUT,K100,Exception('timeout_or_slo_miss: completed=71/100 errors=29 elapsed_ms=1140.7'),2
FANOUT,K100,Exception('timeout_or_slo_miss: completed=66/100 errors=34 elapsed_ms=1209.6'),1
FANOUT,K100,Exception('timeout_or_slo_miss: completed=65/100 errors=29 elapsed_ms=4339.9'),1
FANOUT,K100,Exception('timeout_or_slo_miss: completed=74/100 errors=26 elapsed_ms=1109.9'),1
FANOUT,K100,Exception('timeout_or_slo_miss: completed=70/100 errors=30 elapsed_ms=1131.1'),2
FANOUT,K100,Exception('timeout_or_slo_miss: completed=68/100 errors=32 elapsed_ms=1171.6'),1
FANOUT,K100,Exception('timeout_or_slo_miss: completed=69/100 errors=31 elapsed_ms=1167.2'),1
FANOUT,K100,Exception('timeout_or_slo_miss: completed=60/100 errors=40 elapsed_ms=1502.3'),1
FANOUT,K100,Exception('timeout_or_slo_miss: completed=63/100 errors=22 elapsed_ms=4147.3'),1
FANOUT,K100,Exception('timeout_or_slo_miss: completed=75/100 errors=25 elapsed_ms=1017.8'),1
FANOUT,K100,Exception('timeout_or_slo_miss: completed=70/100 errors=30 elapsed_ms=1196.0'),1
FANOUT,K100,Exception('timeout_or_slo_miss: completed=66/100 errors=34 elapsed_ms=1152.8'),2
FANOUT,K100,Exception('timeout_or_slo_miss: completed=66/100 errors=34 elapsed_ms=1317.2'),1
FANOUT,K100,Exception('timeout_or_slo_miss: completed=63/100 errors=37 elapsed_ms=1312.1'),1
FANOUT,K100,Exception('timeout_or_slo_miss: completed=68/100 errors=32 elapsed_ms=1138.5'),1
FANOUT,K100,Exception('timeout_or_slo_miss: completed=65/100 errors=19 elapsed_ms=3872.8'),1
FANOUT,K100,Exception('timeout_or_slo_miss: completed=69/100 errors=31 elapsed_ms=1114.4'),1
FANOUT,K100,Exception('timeout_or_slo_miss: completed=73/100 errors=27 elapsed_ms=1120.6'),1
FANOUT,K100,Exception('timeout_or_slo_miss: completed=70/100 errors=30 elapsed_ms=1126.8'),2
FANOUT,K100,Exception('timeout_or_slo_miss: completed=65/100 errors=35 elapsed_ms=1350.0'),1
FANOUT,K100,Exception('timeout_or_slo_miss: completed=65/100 errors=19 elapsed_ms=3837.9'),1
FANOUT,K100,Exception('timeout_or_slo_miss: completed=65/100 errors=35 elapsed_ms=1252.7'),1
FANOUT,K100,Exception('timeout_or_slo_miss: completed=62/100 errors=38 elapsed_ms=1383.0'),1
FANOUT,K100,Exception('timeout_or_slo_miss: completed=77/100 errors=23 elapsed_ms=1006.3'),1
FANOUT,K100,Exception('timeout_or_slo_miss: completed=56/100 errors=44 elapsed_ms=1504.6'),1
FANOUT,K100,Exception('timeout_or_slo_miss: completed=64/100 errors=36 elapsed_ms=1232.8'),1
FANOUT,K100,Exception('timeout_or_slo_miss: completed=74/100 errors=10 elapsed_ms=2669.7'),1
FANOUT,K100,Exception('timeout_or_slo_miss: completed=68/100 errors=32 elapsed_ms=1209.1'),1
FANOUT,K100,Exception('timeout_or_slo_miss: completed=66/100 errors=34 elapsed_ms=1253.4'),1
FANOUT,K100,Exception('timeout_or_slo_miss: completed=67/100 errors=16 elapsed_ms=4163.8'),1
FANOUT,K100,Exception('timeout_or_slo_miss: completed=71/100 errors=15 elapsed_ms=3065.6'),1
FANOUT,K100,Exception('timeout_or_slo_miss: completed=71/100 errors=29 elapsed_ms=1158.8'),1
FANOUT,K100,Exception('timeout_or_slo_miss: completed=76/100 errors=24 elapsed_ms=1010.7'),1
FANOUT,K100,Exception('timeout_or_slo_miss: completed=66/100 errors=34 elapsed_ms=1244.6'),2
FANOUT,K100,Exception('timeout_or_slo_miss: completed=59/100 errors=41 elapsed_ms=1506.5'),2
FANOUT,K100,Exception('timeout_or_slo_miss: completed=66/100 errors=34 elapsed_ms=1314.7'),1
FANOUT,K100,Exception('timeout_or_slo_miss: completed=72/100 errors=28 elapsed_ms=1151.7'),1
FANOUT,K100,Exception('timeout_or_slo_miss: completed=68/100 errors=32 elapsed_ms=1128.4'),1
FANOUT,K100,Exception('timeout_or_slo_miss: completed=72/100 errors=28 elapsed_ms=1128.9'),1
FANOUT,K100,Exception('timeout_or_slo_miss: completed=64/100 errors=36 elapsed_ms=1293.8'),1
FANOUT,K100,Exception('timeout_or_slo_miss: completed=68/100 errors=32 elapsed_ms=1136.1'),1
FANOUT,K100,Exception('timeout_or_slo_miss: completed=67/100 errors=33 elapsed_ms=1168.2'),2
FANOUT,K100,Exception('timeout_or_slo_miss: completed=64/100 errors=36 elapsed_ms=1180.6'),1
FANOUT,K100,Exception('timeout_or_slo_miss: completed=73/100 errors=27 elapsed_ms=1106.9'),1
FANOUT,K100,Exception('timeout_or_slo_miss: completed=61/100 errors=39 elapsed_ms=1328.3'),1
FANOUT,K100,Exception('timeout_or_slo_miss: completed=69/100 errors=31 elapsed_ms=1246.2'),1
FANOUT,K100,Exception('timeout_or_slo_miss: completed=71/100 errors=29 elapsed_ms=1149.7'),1
FANOUT,K100,Exception('timeout_or_slo_miss: completed=67/100 errors=33 elapsed_ms=1172.6'),1
FANOUT,K100,Exception('timeout_or_slo_miss: completed=53/100 errors=34 elapsed_ms=8579.2'),1
FANOUT,K100,Exception('timeout_or_slo_miss: completed=65/100 errors=35 elapsed_ms=1285.2'),1
FANOUT,K100,Exception('timeout_or_slo_miss: completed=68/100 errors=32 elapsed_ms=1135.5'),1
FANOUT,K100,Exception('timeout_or_slo_miss: completed=66/100 errors=34 elapsed_ms=1272.5'),1
FANOUT,K100,Exception('timeout_or_slo_miss: completed=72/100 errors=28 elapsed_ms=1127.3'),1
FANOUT,K100,Exception('timeout_or_slo_miss: completed=79/100 errors=21 elapsed_ms=1019.4'),1
FANOUT,K100,Exception('timeout_or_slo_miss: completed=75/100 errors=8 elapsed_ms=3794.1'),1
FANOUT,K100,Exception('timeout_or_slo_miss: completed=71/100 errors=13 elapsed_ms=2972.4'),1
FANOUT,K100,Exception('timeout_or_slo_miss: completed=64/100 errors=36 elapsed_ms=1263.5'),1
FANOUT,K100,Exception('timeout_or_slo_miss: completed=65/100 errors=35 elapsed_ms=1273.5'),1
FANOUT,K100,Exception('timeout_or_slo_miss: completed=65/100 errors=35 elapsed_ms=1156.1'),1
FANOUT,K100,Exception('timeout_or_slo_miss: completed=71/100 errors=29 elapsed_ms=1118.0'),2
FANOUT,K100,Exception('timeout_or_slo_miss: completed=69/100 errors=31 elapsed_ms=1152.0'),1
FANOUT,K100,Exception('timeout_or_slo_miss: completed=61/100 errors=39 elapsed_ms=1345.3'),1
FANOUT,K100,Exception('timeout_or_slo_miss: completed=68/100 errors=16 elapsed_ms=3586.9'),1
FANOUT,K100,Exception('timeout_or_slo_miss: completed=57/100 errors=43 elapsed_ms=1502.8'),1
FANOUT,K100,Exception('timeout_or_slo_miss: completed=74/100 errors=26 elapsed_ms=1010.8'),1
FANOUT,K100,Exception('timeout_or_slo_miss: completed=71/100 errors=29 elapsed_ms=1118.5'),1
FANOUT,K100,Exception('timeout_or_slo_miss: completed=62/100 errors=38 elapsed_ms=1205.3'),1
FANOUT,K100,Exception('timeout_or_slo_miss: completed=62/100 errors=38 elapsed_ms=1296.8'),2
FANOUT,K100,Exception('timeout_or_slo_miss: completed=73/100 errors=11 elapsed_ms=2599.1'),1
FANOUT,K100,Exception('timeout_or_slo_miss: completed=57/100 errors=43 elapsed_ms=1504.1'),1
FANOUT,K100,Exception('timeout_or_slo_miss: completed=70/100 errors=30 elapsed_ms=1162.4'),1
FANOUT,K100,Exception('timeout_or_slo_miss: completed=72/100 errors=12 elapsed_ms=2996.7'),1
FANOUT,K100,Exception('timeout_or_slo_miss: completed=57/100 errors=43 elapsed_ms=1504.6'),1
FANOUT,K100,Exception('timeout_or_slo_miss: completed=66/100 errors=34 elapsed_ms=1204.4'),1
FANOUT,K100,Exception('timeout_or_slo_miss: completed=66/100 errors=34 elapsed_ms=1352.1'),1
FANOUT,K100,Exception('timeout_or_slo_miss: completed=57/100 errors=43 elapsed_ms=1506.8'),1
FANOUT,K100,Exception('timeout_or_slo_miss: completed=62/100 errors=38 elapsed_ms=1286.5'),1
FANOUT,K100,Exception('timeout_or_slo_miss: completed=69/100 errors=31 elapsed_ms=1136.6'),1
FANOUT,K100,Exception('timeout_or_slo_miss: completed=67/100 errors=33 elapsed_ms=1153.2'),1
FANOUT,K100,Exception('timeout_or_slo_miss: completed=69/100 errors=31 elapsed_ms=1129.5'),1
FANOUT,K100,Exception('timeout_or_slo_miss: completed=73/100 errors=11 elapsed_ms=2901.1'),1
FANOUT,K100,Exception('timeout_or_slo_miss: completed=71/100 errors=29 elapsed_ms=1182.6'),1
FANOUT,K100,Exception('timeout_or_slo_miss: completed=71/100 errors=29 elapsed_ms=1331.2'),1
FANOUT,K100,Exception('timeout_or_slo_miss: completed=77/100 errors=23 elapsed_ms=1008.7'),1
FANOUT,K100,Exception('timeout_or_slo_miss: completed=75/100 errors=9 elapsed_ms=2477.1'),1
FANOUT,K100,Exception('timeout_or_slo_miss: completed=74/100 errors=26 elapsed_ms=1024.9'),1
FANOUT,K100,Exception('timeout_or_slo_miss: completed=69/100 errors=31 elapsed_ms=1175.5'),1
FANOUT,K100,Exception('timeout_or_slo_miss: completed=62/100 errors=38 elapsed_ms=1269.9'),1
FANOUT,K100,Exception('timeout_or_slo_miss: completed=57/100 errors=43 elapsed_ms=1507.0'),1
FANOUT,K100,Exception('timeout_or_slo_miss: completed=61/100 errors=39 elapsed_ms=1293.2'),1
FANOUT,K100,Exception('timeout_or_slo_miss: completed=58/100 errors=42 elapsed_ms=1503.9'),1
FANOUT,K100,Exception('timeout_or_slo_miss: completed=70/100 errors=30 elapsed_ms=1109.5'),1
FANOUT,K100,Exception('timeout_or_slo_miss: completed=65/100 errors=35 elapsed_ms=1372.0'),1
FANOUT,K100,Exception('timeout_or_slo_miss: completed=65/100 errors=19 elapsed_ms=3473.3'),1
FANOUT,K100,Exception('timeout_or_slo_miss: completed=71/100 errors=29 elapsed_ms=1140.2'),1
FANOUT,K100,Exception('timeout_or_slo_miss: completed=75/100 errors=25 elapsed_ms=1104.0'),1
FANOUT,K100,Exception('timeout_or_slo_miss: completed=73/100 errors=27 elapsed_ms=1091.9'),1
FANOUT,K100,Exception('timeout_or_slo_miss: completed=65/100 errors=35 elapsed_ms=1251.3'),1
FANOUT,K100,Exception('timeout_or_slo_miss: completed=73/100 errors=27 elapsed_ms=1019.7'),2
FANOUT,K100,Exception('timeout_or_slo_miss: completed=61/100 errors=39 elapsed_ms=1445.5'),1
FANOUT,K100,Exception('timeout_or_slo_miss: completed=66/100 errors=34 elapsed_ms=1140.3'),1
FANOUT,K100,Exception('timeout_or_slo_miss: completed=69/100 errors=31 elapsed_ms=1188.4'),1
FANOUT,K100,Exception('timeout_or_slo_miss: completed=67/100 errors=33 elapsed_ms=1253.7'),1
FANOUT,K100,Exception('timeout_or_slo_miss: completed=65/100 errors=35 elapsed_ms=1176.1'),1
FANOUT,K100,Exception('timeout_or_slo_miss: completed=70/100 errors=30 elapsed_ms=1200.1'),1
FANOUT,K100,Exception('timeout_or_slo_miss: completed=64/100 errors=36 elapsed_ms=1319.3'),1
FANOUT,K100,Exception('timeout_or_slo_miss: completed=70/100 errors=30 elapsed_ms=1189.4'),1
FANOUT,K100,Exception('timeout_or_slo_miss: completed=64/100 errors=22 elapsed_ms=4175.4'),1
FANOUT,K100,Exception('timeout_or_slo_miss: completed=57/100 errors=43 elapsed_ms=1510.8'),2
FANOUT,K100,Exception('timeout_or_slo_miss: completed=68/100 errors=32 elapsed_ms=1148.2'),1
FANOUT,K100,Exception('timeout_or_slo_miss: completed=63/100 errors=37 elapsed_ms=1271.0'),1
FANOUT,K100,Exception('timeout_or_slo_miss: completed=76/100 errors=24 elapsed_ms=1102.9'),1
FANOUT,K100,Exception('timeout_or_slo_miss: completed=71/100 errors=29 elapsed_ms=1120.4'),1
FANOUT,K100,Exception('timeout_or_slo_miss: completed=61/100 errors=39 elapsed_ms=1532.1'),1
FANOUT,K100,Exception('timeout_or_slo_miss: completed=69/100 errors=31 elapsed_ms=1116.0'),1
FANOUT,K100,Exception('timeout_or_slo_miss: completed=71/100 errors=29 elapsed_ms=1125.4'),1
FANOUT,K100,Exception('timeout_or_slo_miss: completed=57/100 errors=42 elapsed_ms=4514.5'),1
FANOUT,K100,Exception('timeout_or_slo_miss: completed=61/100 errors=39 elapsed_ms=1376.5'),1
FANOUT,K100,Exception('timeout_or_slo_miss: completed=70/100 errors=30 elapsed_ms=1134.5'),1
FANOUT,K100,Exception('timeout_or_slo_miss: completed=73/100 errors=27 elapsed_ms=1146.9'),1
FANOUT,K100,Exception('timeout_or_slo_miss: completed=75/100 errors=25 elapsed_ms=1014.0'),1
FANOUT,K100,Exception('timeout_or_slo_miss: completed=64/100 errors=36 elapsed_ms=1228.2'),1
FANOUT,K100,Exception('timeout_or_slo_miss: completed=67/100 errors=33 elapsed_ms=1149.6'),1
FANOUT,K100,Exception('timeout_or_slo_miss: completed=73/100 errors=27 elapsed_ms=1131.1'),1
FANOUT,K100,Exception('timeout_or_slo_miss: completed=67/100 errors=33 elapsed_ms=1204.3'),1
FANOUT,K100,Exception('timeout_or_slo_miss: completed=67/100 errors=33 elapsed_ms=1270.2'),1
FANOUT,K100,Exception('timeout_or_slo_miss: completed=61/100 errors=39 elapsed_ms=1405.5'),1
FANOUT,K100,Exception('timeout_or_slo_miss: completed=67/100 errors=33 elapsed_ms=1145.8'),1
FANOUT,K100,Exception('timeout_or_slo_miss: completed=63/100 errors=37 elapsed_ms=1249.2'),1
FANOUT,K100,Exception('timeout_or_slo_miss: completed=71/100 errors=29 elapsed_ms=1106.2'),1
FANOUT,K100,Exception('timeout_or_slo_miss: completed=61/100 errors=30 elapsed_ms=4233.9'),1
FANOUT,K100,Exception('timeout_or_slo_miss: completed=58/100 errors=42 elapsed_ms=1538.7'),1
FANOUT,K100,Exception('timeout_or_slo_miss: completed=67/100 errors=33 elapsed_ms=1184.1'),1
FANOUT,K100,Exception('timeout_or_slo_miss: completed=72/100 errors=28 elapsed_ms=1091.6'),1
FANOUT,K100,Exception('timeout_or_slo_miss: completed=66/100 errors=34 elapsed_ms=1275.9'),1
FANOUT,K100,Exception('timeout_or_slo_miss: completed=71/100 errors=13 elapsed_ms=2996.2'),1
FANOUT,K100,Exception('timeout_or_slo_miss: completed=63/100 errors=37 elapsed_ms=1267.8'),1
FANOUT,K100,Exception('timeout_or_slo_miss: completed=66/100 errors=34 elapsed_ms=1288.0'),1
FANOUT,K100,Exception('timeout_or_slo_miss: completed=63/100 errors=21 elapsed_ms=4024.6'),1
FANOUT,K100,Exception('timeout_or_slo_miss: completed=69/100 errors=31 elapsed_ms=1135.5'),1
FANOUT,K100,Exception('timeout_or_slo_miss: completed=68/100 errors=32 elapsed_ms=1192.9'),1
FANOUT,K100,Exception('timeout_or_slo_miss: completed=65/100 errors=35 elapsed_ms=1173.1'),1
FANOUT,K100,Exception('timeout_or_slo_miss: completed=69/100 errors=31 elapsed_ms=1146.4'),1
FANOUT,K100,Exception('timeout_or_slo_miss: completed=67/100 errors=33 elapsed_ms=1144.3'),1
FANOUT,K100,Exception('timeout_or_slo_miss: completed=60/100 errors=40 elapsed_ms=1437.7'),1
FANOUT,K100,Exception('timeout_or_slo_miss: completed=67/100 errors=33 elapsed_ms=1268.1'),1
FANOUT,K100,Exception('timeout_or_slo_miss: completed=65/100 errors=35 elapsed_ms=1215.1'),1
FANOUT,K100,Exception('timeout_or_slo_miss: completed=68/100 errors=32 elapsed_ms=1164.2'),1
FANOUT,K100,Exception('timeout_or_slo_miss: completed=70/100 errors=30 elapsed_ms=1209.0'),1
FANOUT,K100,Exception('timeout_or_slo_miss: completed=65/100 errors=19 elapsed_ms=3631.6'),1
FANOUT,K100,Exception('timeout_or_slo_miss: completed=67/100 errors=33 elapsed_ms=1219.1'),1
FANOUT,K100,Exception('timeout_or_slo_miss: completed=65/100 errors=35 elapsed_ms=1267.8'),1
FANOUT,K100,Exception('timeout_or_slo_miss: completed=65/100 errors=35 elapsed_ms=1191.6'),1
FANOUT,K100,Exception('timeout_or_slo_miss: completed=61/100 errors=39 elapsed_ms=1303.7'),1
FANOUT,K100,Exception('timeout_or_slo_miss: completed=66/100 errors=34 elapsed_ms=1183.7'),1
FANOUT,K100,Exception('timeout_or_slo_miss: completed=67/100 errors=33 elapsed_ms=1170.4'),1
FANOUT,K100,Exception('timeout_or_slo_miss: completed=66/100 errors=34 elapsed_ms=1139.0'),1
FANOUT,K100,Exception('timeout_or_slo_miss: completed=70/100 errors=14 elapsed_ms=2983.4'),1
FANOUT,K100,Exception('timeout_or_slo_miss: completed=76/100 errors=24 elapsed_ms=1012.3'),1
FANOUT,K100,Exception('timeout_or_slo_miss: completed=63/100 errors=37 elapsed_ms=1385.9'),1
FANOUT,K100,Exception('timeout_or_slo_miss: completed=66/100 errors=34 elapsed_ms=1233.8'),2
FANOUT,K100,Exception('timeout_or_slo_miss: completed=69/100 errors=31 elapsed_ms=1211.4'),1
FANOUT,K100,Exception('timeout_or_slo_miss: completed=73/100 errors=27 elapsed_ms=1109.6'),1
FANOUT,K100,Exception('timeout_or_slo_miss: completed=65/100 errors=35 elapsed_ms=1230.5'),1
FANOUT,K100,Exception('timeout_or_slo_miss: completed=67/100 errors=33 elapsed_ms=1166.8'),1
FANOUT,K100,Exception('timeout_or_slo_miss: completed=65/100 errors=35 elapsed_ms=1281.7'),1
FANOUT,K100,Exception('timeout_or_slo_miss: completed=65/100 errors=35 elapsed_ms=1174.5'),2
FANOUT,K100,Exception('timeout_or_slo_miss: completed=69/100 errors=31 elapsed_ms=1141.9'),1
FANOUT,K100,Exception('timeout_or_slo_miss: completed=73/100 errors=27 elapsed_ms=1132.2'),1
FANOUT,K100,Exception('timeout_or_slo_miss: completed=73/100 errors=11 elapsed_ms=2734.7'),1
FANOUT,K100,Exception('timeout_or_slo_miss: completed=74/100 errors=26 elapsed_ms=1006.7'),1
FANOUT,K100,Exception('timeout_or_slo_miss: completed=62/100 errors=38 elapsed_ms=1346.3'),1
FANOUT,K100,Exception('timeout_or_slo_miss: completed=60/100 errors=40 elapsed_ms=1427.2'),1
FANOUT,K100,Exception('timeout_or_slo_miss: completed=61/100 errors=39 elapsed_ms=1403.0'),1
FANOUT,K100,Exception('timeout_or_slo_miss: completed=62/100 errors=38 elapsed_ms=1412.2'),1
FANOUT,K100,Exception('timeout_or_slo_miss: completed=70/100 errors=30 elapsed_ms=1174.4'),1
FANOUT,K100,Exception('timeout_or_slo_miss: completed=65/100 errors=35 elapsed_ms=1234.9'),1
FANOUT,K100,Exception('timeout_or_slo_miss: completed=61/100 errors=39 elapsed_ms=1282.4'),1
FANOUT,K100,Exception('timeout_or_slo_miss: completed=70/100 errors=30 elapsed_ms=1104.3'),1
FANOUT,K100,Exception('timeout_or_slo_miss: completed=73/100 errors=27 elapsed_ms=1026.2'),1
FANOUT,K100,Exception('timeout_or_slo_miss: completed=59/100 errors=41 elapsed_ms=1502.7'),1
FANOUT,K100,Exception('timeout_or_slo_miss: completed=70/100 errors=30 elapsed_ms=1105.5'),1
FANOUT,K100,Exception('timeout_or_slo_miss: completed=69/100 errors=31 elapsed_ms=1114.1'),1
FANOUT,K100,Exception('timeout_or_slo_miss: completed=69/100 errors=31 elapsed_ms=1144.2'),1
FANOUT,K100,Exception('timeout_or_slo_miss: completed=70/100 errors=30 elapsed_ms=1136.4'),1
FANOUT,K100,Exception('timeout_or_slo_miss: completed=68/100 errors=32 elapsed_ms=1196.4'),1
FANOUT,K100,Exception('timeout_or_slo_miss: completed=76/100 errors=8 elapsed_ms=2542.2'),1
FANOUT,K100,Exception('timeout_or_slo_miss: completed=64/100 errors=36 elapsed_ms=1290.8'),1
FANOUT,K100,Exception('timeout_or_slo_miss: completed=66/100 errors=34 elapsed_ms=1293.3'),1
FANOUT,K100,Exception('timeout_or_slo_miss: completed=61/100 errors=39 elapsed_ms=1283.4'),1
FANOUT,K100,Exception('timeout_or_slo_miss: completed=55/100 errors=45 elapsed_ms=1505.1'),1
FANOUT,K100,Exception('timeout_or_slo_miss: completed=64/100 errors=31 elapsed_ms=4755.8'),1
FANOUT,K100,Exception('timeout_or_slo_miss: completed=71/100 errors=29 elapsed_ms=1110.3'),1
FANOUT,K100,Exception('timeout_or_slo_miss: completed=64/100 errors=36 elapsed_ms=1257.3'),1
FANOUT,K100,Exception('timeout_or_slo_miss: completed=71/100 errors=29 elapsed_ms=1155.3'),1
FANOUT,K100,Exception('timeout_or_slo_miss: completed=61/100 errors=39 elapsed_ms=1367.5'),1
FANOUT,K100,Exception('timeout_or_slo_miss: completed=64/100 errors=36 elapsed_ms=1307.2'),1
FANOUT,K100,Exception('timeout_or_slo_miss: completed=69/100 errors=31 elapsed_ms=1153.6'),1
FANOUT,K100,Exception('timeout_or_slo_miss: completed=62/100 errors=38 elapsed_ms=1252.7'),1
FANOUT,K100,Exception('timeout_or_slo_miss: completed=62/100 errors=38 elapsed_ms=1198.7'),1
FANOUT,K100,Exception('timeout_or_slo_miss: completed=67/100 errors=33 elapsed_ms=1136.0'),1
FANOUT,K100,Exception('timeout_or_slo_miss: completed=53/100 errors=35 elapsed_ms=8765.2'),1
FANOUT,K100,Exception('timeout_or_slo_miss: completed=63/100 errors=36 elapsed_ms=1852.7'),1
FANOUT,K100,Exception('timeout_or_slo_miss: completed=64/100 errors=20 elapsed_ms=3907.8'),1
FANOUT,K100,Exception('timeout_or_slo_miss: completed=72/100 errors=11 elapsed_ms=3280.6'),1
FANOUT,K100,Exception('timeout_or_slo_miss: completed=67/100 errors=33 elapsed_ms=1161.2'),1
FANOUT,K100,Exception('timeout_or_slo_miss: completed=70/100 errors=30 elapsed_ms=1104.5'),1
FANOUT,K100,Exception('timeout_or_slo_miss: completed=67/100 errors=33 elapsed_ms=1139.1'),1
FANOUT,K100,Exception('timeout_or_slo_miss: completed=59/100 errors=41 elapsed_ms=1503.0'),3
FANOUT,K100,Exception('timeout_or_slo_miss: completed=66/100 errors=34 elapsed_ms=1151.5'),1
FANOUT,K100,Exception('timeout_or_slo_miss: completed=64/100 errors=36 elapsed_ms=1281.1'),1
FANOUT,K100,Exception('timeout_or_slo_miss: completed=67/100 errors=17 elapsed_ms=3597.2'),1
FANOUT,K100,Exception('timeout_or_slo_miss: completed=65/100 errors=35 elapsed_ms=1325.7'),1
FANOUT,K100,Exception('timeout_or_slo_miss: completed=67/100 errors=33 elapsed_ms=1231.3'),1
FANOUT,K100,Exception('timeout_or_slo_miss: completed=70/100 errors=30 elapsed_ms=1129.6'),1
FANOUT,K100,Exception('timeout_or_slo_miss: completed=62/100 errors=38 elapsed_ms=1434.9'),1
FANOUT,K100,Exception('timeout_or_slo_miss: completed=61/100 errors=39 elapsed_ms=1508.8'),1
FANOUT,K100,Exception('timeout_or_slo_miss: completed=60/100 errors=40 elapsed_ms=1504.3'),3
FANOUT,K100,Exception('timeout_or_slo_miss: completed=70/100 errors=30 elapsed_ms=1171.0'),1
FANOUT,K100,Exception('timeout_or_slo_miss: completed=69/100 errors=31 elapsed_ms=1184.0'),2
FANOUT,K100,Exception('timeout_or_slo_miss: completed=66/100 errors=34 elapsed_ms=1155.2'),1
FANOUT,K100,Exception('timeout_or_slo_miss: completed=70/100 errors=30 elapsed_ms=1124.8'),1
FANOUT,K100,Exception('timeout_or_slo_miss: completed=73/100 errors=27 elapsed_ms=1116.8'),2
FANOUT,K100,Exception('timeout_or_slo_miss: completed=66/100 errors=18 elapsed_ms=3282.3'),1
FANOUT,K100,Exception('timeout_or_slo_miss: completed=75/100 errors=25 elapsed_ms=1164.9'),1
FANOUT,K100,Exception('timeout_or_slo_miss: completed=65/100 errors=19 elapsed_ms=3886.7'),1
FANOUT,K100,Exception('timeout_or_slo_miss: completed=64/100 errors=36 elapsed_ms=1231.4'),1
FANOUT,K100,Exception('timeout_or_slo_miss: completed=71/100 errors=29 elapsed_ms=1132.3'),1
FANOUT,K100,Exception('timeout_or_slo_miss: completed=66/100 errors=34 elapsed_ms=1139.9'),1
FANOUT,K100,Exception('timeout_or_slo_miss: completed=65/100 errors=35 elapsed_ms=1258.9'),1
FANOUT,K100,Exception('timeout_or_slo_miss: completed=57/100 errors=43 elapsed_ms=1507.6'),1
FANOUT,K100,Exception('timeout_or_slo_miss: completed=70/100 errors=30 elapsed_ms=1079.2'),1
FANOUT,K100,Exception('timeout_or_slo_miss: completed=62/100 errors=38 elapsed_ms=1221.3'),1
FANOUT,K100,Exception('timeout_or_slo_miss: completed=72/100 errors=28 elapsed_ms=1092.4'),1
FANOUT,K100,Exception('timeout_or_slo_miss: completed=63/100 errors=37 elapsed_ms=1309.7'),1
FANOUT,K100,Exception('timeout_or_slo_miss: completed=68/100 errors=32 elapsed_ms=1172.8'),1
FANOUT,K100,Exception('timeout_or_slo_miss: completed=66/100 errors=34 elapsed_ms=1234.7'),1
FANOUT,K100,Exception('timeout_or_slo_miss: completed=61/100 errors=39 elapsed_ms=1356.0'),1
FANOUT,K100,Exception('timeout_or_slo_miss: completed=73/100 errors=27 elapsed_ms=1163.7'),1
FANOUT,K100,Exception('timeout_or_slo_miss: completed=69/100 errors=31 elapsed_ms=1102.7'),1
FANOUT,K100,Exception('timeout_or_slo_miss: completed=67/100 errors=17 elapsed_ms=3365.5'),1
FANOUT,K100,Exception('timeout_or_slo_miss: completed=59/100 errors=41 elapsed_ms=1504.1'),2
FANOUT,K100,Exception('timeout_or_slo_miss: completed=67/100 errors=33 elapsed_ms=1188.0'),1
FANOUT,K100,Exception('timeout_or_slo_miss: completed=64/100 errors=36 elapsed_ms=1290.5'),1
FANOUT,K100,Exception('timeout_or_slo_miss: completed=72/100 errors=28 elapsed_ms=1178.9'),1
FANOUT,K100,Exception('timeout_or_slo_miss: completed=76/100 errors=24 elapsed_ms=1016.2'),1
FANOUT,K100,Exception('timeout_or_slo_miss: completed=62/100 errors=38 elapsed_ms=1235.6'),1
FANOUT,K100,Exception('timeout_or_slo_miss: completed=73/100 errors=27 elapsed_ms=1113.3'),2
FANOUT,K100,Exception('timeout_or_slo_miss: completed=65/100 errors=35 elapsed_ms=1620.4'),1
FANOUT,K100,Exception('timeout_or_slo_miss: completed=63/100 errors=37 elapsed_ms=1226.8'),1
FANOUT,K100,Exception('timeout_or_slo_miss: completed=70/100 errors=30 elapsed_ms=1137.2'),2
FANOUT,K100,Exception('timeout_or_slo_miss: completed=66/100 errors=34 elapsed_ms=1286.8'),1
FANOUT,K100,Exception('timeout_or_slo_miss: completed=68/100 errors=32 elapsed_ms=1207.4'),1
FANOUT,K100,Exception('timeout_or_slo_miss: completed=67/100 errors=33 elapsed_ms=1180.1'),1
FANOUT,K100,Exception('timeout_or_slo_miss: completed=68/100 errors=32 elapsed_ms=1158.9'),1
FANOUT,K100,Exception('timeout_or_slo_miss: completed=67/100 errors=33 elapsed_ms=1112.9'),1
FANOUT,K100,Exception('timeout_or_slo_miss: completed=70/100 errors=30 elapsed_ms=1239.1'),1
FANOUT,K100,Exception('timeout_or_slo_miss: completed=66/100 errors=34 elapsed_ms=1150.1'),1
FANOUT,K100,Exception('timeout_or_slo_miss: completed=65/100 errors=35 elapsed_ms=1208.0'),1
FANOUT,K100,Exception('timeout_or_slo_miss: completed=64/100 errors=36 elapsed_ms=1273.7'),1
FANOUT,K100,Exception('timeout_or_slo_miss: completed=67/100 errors=17 elapsed_ms=3556.9'),1
FANOUT,K100,Exception('timeout_or_slo_miss: completed=61/100 errors=39 elapsed_ms=1366.3'),1
FANOUT,K100,Exception('timeout_or_slo_miss: completed=69/100 errors=31 elapsed_ms=1209.3'),1
FANOUT,K100,Exception('timeout_or_slo_miss: completed=65/100 errors=35 elapsed_ms=1221.4'),1
FANOUT,K100,Exception('timeout_or_slo_miss: completed=65/100 errors=35 elapsed_ms=1195.2'),1
FANOUT,K100,Exception('timeout_or_slo_miss: completed=71/100 errors=29 elapsed_ms=1155.2'),1
FANOUT,K100,Exception('timeout_or_slo_miss: completed=72/100 errors=28 elapsed_ms=1095.5'),1
FANOUT,K100,Exception('timeout_or_slo_miss: completed=71/100 errors=29 elapsed_ms=1119.7'),2
FANOUT,K100,Exception('timeout_or_slo_miss: completed=64/100 errors=36 elapsed_ms=1157.0'),1
FANOUT,K100,Exception('timeout_or_slo_miss: completed=70/100 errors=30 elapsed_ms=1119.8'),1
FANOUT,K100,Exception('timeout_or_slo_miss: completed=72/100 errors=12 elapsed_ms=3042.6'),1
FANOUT,K100,Exception('timeout_or_slo_miss: completed=79/100 errors=21 elapsed_ms=1004.5'),1
FANOUT,K100,Exception('timeout_or_slo_miss: completed=66/100 errors=34 elapsed_ms=1167.8'),1
FANOUT,K100,Exception('timeout_or_slo_miss: completed=64/100 errors=20 elapsed_ms=3779.3'),1
FANOUT,K100,Exception('timeout_or_slo_miss: completed=67/100 errors=33 elapsed_ms=1154.6'),1
FANOUT,K100,Exception('timeout_or_slo_miss: completed=63/100 errors=37 elapsed_ms=1267.4'),1
FANOUT,K100,Exception('timeout_or_slo_miss: completed=72/100 errors=28 elapsed_ms=1087.4'),1
FANOUT,K100,Exception('timeout_or_slo_miss: completed=66/100 errors=34 elapsed_ms=1252.8'),2
FANOUT,K100,Exception('timeout_or_slo_miss: completed=70/100 errors=14 elapsed_ms=2986.7'),1
FANOUT,K100,Exception('timeout_or_slo_miss: completed=71/100 errors=29 elapsed_ms=1124.4'),1
FANOUT,K100,Exception('timeout_or_slo_miss: completed=66/100 errors=18 elapsed_ms=3707.7'),1
FANOUT,K100,Exception('timeout_or_slo_miss: completed=69/100 errors=31 elapsed_ms=1158.6'),1
FANOUT,K100,Exception('timeout_or_slo_miss: completed=70/100 errors=30 elapsed_ms=1150.2'),1
FANOUT,K100,Exception('timeout_or_slo_miss: completed=64/100 errors=36 elapsed_ms=1232.0'),1
FANOUT,K100,Exception('timeout_or_slo_miss: completed=60/100 errors=40 elapsed_ms=1293.0'),1
FANOUT,K100,Exception('timeout_or_slo_miss: completed=61/100 errors=39 elapsed_ms=1503.4'),1
FANOUT,K100,Exception('timeout_or_slo_miss: completed=71/100 errors=29 elapsed_ms=1131.9'),1
FANOUT,K100,Exception('timeout_or_slo_miss: completed=54/100 errors=45 elapsed_ms=4902.3'),1
FANOUT,K100,Exception('timeout_or_slo_miss: completed=66/100 errors=34 elapsed_ms=1205.1'),1
FANOUT,K100,Exception('timeout_or_slo_miss: completed=63/100 errors=37 elapsed_ms=1295.6'),1
FANOUT,K100,Exception('timeout_or_slo_miss: completed=65/100 errors=35 elapsed_ms=1336.1'),1
FANOUT,K100,Exception('timeout_or_slo_miss: completed=64/100 errors=20 elapsed_ms=3784.9'),1
FANOUT,K100,Exception('timeout_or_slo_miss: completed=61/100 errors=39 elapsed_ms=1400.4'),1
FANOUT,K100,Exception('timeout_or_slo_miss: completed=67/100 errors=33 elapsed_ms=1133.9'),1
FANOUT,K100,Exception('timeout_or_slo_miss: completed=71/100 errors=13 elapsed_ms=3086.1'),1
FANOUT,K100,Exception('timeout_or_slo_miss: completed=26/100 errors=56 elapsed_ms=20214.6'),1
FANOUT,K100,Exception('timeout_or_slo_miss: completed=78/100 errors=22 elapsed_ms=1002.5'),1
FANOUT,K100,Exception('timeout_or_slo_miss: completed=57/100 errors=43 elapsed_ms=1507.7'),1
FANOUT,K100,Exception('timeout_or_slo_miss: completed=74/100 errors=26 elapsed_ms=1028.3'),1
FANOUT,K100,Exception('timeout_or_slo_miss: completed=69/100 errors=31 elapsed_ms=1151.1'),1
FANOUT,K100,Exception('timeout_or_slo_miss: completed=66/100 errors=34 elapsed_ms=1217.3'),1
FANOUT,K100,Exception('timeout_or_slo_miss: completed=64/100 errors=36 elapsed_ms=1162.9'),1
FANOUT,K100,Exception('timeout_or_slo_miss: completed=69/100 errors=31 elapsed_ms=1243.8'),1
FANOUT,K100,Exception('timeout_or_slo_miss: completed=70/100 errors=30 elapsed_ms=1136.7'),1
FANOUT,K100,Exception('timeout_or_slo_miss: completed=73/100 errors=27 elapsed_ms=1097.2'),1
FANOUT,K100,Exception('timeout_or_slo_miss: completed=66/100 errors=34 elapsed_ms=1226.1'),1
FANOUT,K100,Exception('timeout_or_slo_miss: completed=71/100 errors=29 elapsed_ms=1153.1'),1
FANOUT,K100,Exception('timeout_or_slo_miss: completed=63/100 errors=37 elapsed_ms=1371.8'),1
FANOUT,K100,Exception('timeout_or_slo_miss: completed=66/100 errors=34 elapsed_ms=1228.3'),1
FANOUT,K100,Exception('timeout_or_slo_miss: completed=68/100 errors=32 elapsed_ms=1088.4'),1
FANOUT,K100,Exception('timeout_or_slo_miss: completed=67/100 errors=33 elapsed_ms=1269.3'),1
FANOUT,K100,Exception('timeout_or_slo_miss: completed=62/100 errors=38 elapsed_ms=1200.2'),1
FANOUT,K100,Exception('timeout_or_slo_miss: completed=69/100 errors=31 elapsed_ms=1147.4'),2
FANOUT,K100,Exception('timeout_or_slo_miss: completed=69/100 errors=31 elapsed_ms=1122.8'),1
FANOUT,K100,Exception('timeout_or_slo_miss: completed=66/100 errors=34 elapsed_ms=1227.3'),1
FANOUT,K100,Exception('timeout_or_slo_miss: completed=71/100 errors=13 elapsed_ms=2974.3'),1
FANOUT,K100,Exception('timeout_or_slo_miss: completed=70/100 errors=14 elapsed_ms=3039.9'),1
FANOUT,K100,Exception('timeout_or_slo_miss: completed=67/100 errors=33 elapsed_ms=1165.3'),1
FANOUT,K100,Exception('timeout_or_slo_miss: completed=67/100 errors=33 elapsed_ms=1158.1'),1
FANOUT,K100,Exception('timeout_or_slo_miss: completed=75/100 errors=25 elapsed_ms=1136.5'),1
FANOUT,K100,Exception('timeout_or_slo_miss: completed=68/100 errors=32 elapsed_ms=1154.9'),1
FANOUT,K100,Exception('timeout_or_slo_miss: completed=63/100 errors=37 elapsed_ms=1395.2'),1
FANOUT,K100,Exception('timeout_or_slo_miss: completed=63/100 errors=37 elapsed_ms=1293.3'),1
FANOUT,K100,Exception('timeout_or_slo_miss: completed=68/100 errors=32 elapsed_ms=1145.8'),1
FANOUT,K100,Exception('timeout_or_slo_miss: completed=74/100 errors=26 elapsed_ms=1143.6'),1
FANOUT,K100,Exception('timeout_or_slo_miss: completed=70/100 errors=30 elapsed_ms=1077.3'),1
FANOUT,K100,Exception('timeout_or_slo_miss: completed=74/100 errors=26 elapsed_ms=1023.4'),1
FANOUT,K100,Exception('timeout_or_slo_miss: completed=63/100 errors=37 elapsed_ms=1264.0'),1
FANOUT,K100,Exception('timeout_or_slo_miss: completed=63/100 errors=37 elapsed_ms=1433.0'),1
FANOUT,K100,Exception('timeout_or_slo_miss: completed=67/100 errors=33 elapsed_ms=1246.5'),1
FANOUT,K100,Exception('timeout_or_slo_miss: completed=66/100 errors=34 elapsed_ms=1249.4'),2
FANOUT,K100,Exception('timeout_or_slo_miss: completed=66/100 errors=19 elapsed_ms=4479.6'),1
FANOUT,K100,Exception('timeout_or_slo_miss: completed=79/100 errors=21 elapsed_ms=1008.6'),1
FANOUT,K100,Exception('timeout_or_slo_miss: completed=66/100 errors=34 elapsed_ms=1230.2'),1
FANOUT,K100,Exception('timeout_or_slo_miss: completed=60/100 errors=40 elapsed_ms=1455.4'),1
FANOUT,K100,Exception('timeout_or_slo_miss: completed=69/100 errors=31 elapsed_ms=1142.0'),3
FANOUT,K100,Exception('timeout_or_slo_miss: completed=65/100 errors=35 elapsed_ms=1171.2'),1
FANOUT,K100,Exception('timeout_or_slo_miss: completed=73/100 errors=11 elapsed_ms=2828.8'),1
FANOUT,K100,Exception('timeout_or_slo_miss: completed=70/100 errors=30 elapsed_ms=1113.0'),1
FANOUT,K100,Exception('timeout_or_slo_miss: completed=77/100 errors=23 elapsed_ms=1013.7'),1
FANOUT,K100,Exception('timeout_or_slo_miss: completed=71/100 errors=29 elapsed_ms=1133.1'),1
FANOUT,K100,Exception('timeout_or_slo_miss: completed=62/100 errors=38 elapsed_ms=1265.5'),1
FANOUT,K100,Exception('timeout_or_slo_miss: completed=77/100 errors=23 elapsed_ms=1022.6'),1
FANOUT,K100,Exception('timeout_or_slo_miss: completed=72/100 errors=28 elapsed_ms=1124.7'),1
FANOUT,K100,Exception('timeout_or_slo_miss: completed=68/100 errors=32 elapsed_ms=1181.3'),1
FANOUT,K100,Exception('timeout_or_slo_miss: completed=69/100 errors=31 elapsed_ms=1188.3'),1
FANOUT,K100,Exception('timeout_or_slo_miss: completed=64/100 errors=36 elapsed_ms=1256.2'),1
FANOUT,K100,Exception('timeout_or_slo_miss: completed=67/100 errors=33 elapsed_ms=1232.5'),1
FANOUT,K100,Exception('timeout_or_slo_miss: completed=67/100 errors=33 elapsed_ms=1129.9'),1
FANOUT,K100,Exception('timeout_or_slo_miss: completed=74/100 errors=26 elapsed_ms=1157.0'),1
FANOUT,K100,Exception('timeout_or_slo_miss: completed=61/100 errors=39 elapsed_ms=1462.2'),1
FANOUT,K100,Exception('timeout_or_slo_miss: completed=67/100 errors=33 elapsed_ms=1182.3'),1
FANOUT,K100,Exception('timeout_or_slo_miss: completed=60/100 errors=40 elapsed_ms=1404.8'),1
FANOUT,K100,Exception('timeout_or_slo_miss: completed=68/100 errors=32 elapsed_ms=1199.1'),1
FANOUT,K100,Exception('timeout_or_slo_miss: completed=68/100 errors=32 elapsed_ms=1130.8'),1
FANOUT,K100,Exception('timeout_or_slo_miss: completed=56/100 errors=44 elapsed_ms=1506.5'),1
FANOUT,K100,Exception('timeout_or_slo_miss: completed=74/100 errors=26 elapsed_ms=1123.3'),1
FANOUT,K100,Exception('timeout_or_slo_miss: completed=72/100 errors=12 elapsed_ms=3023.5'),1
FANOUT,K100,Exception('timeout_or_slo_miss: completed=61/100 errors=39 elapsed_ms=1294.5'),1
FANOUT,K100,Exception('timeout_or_slo_miss: completed=71/100 errors=13 elapsed_ms=2820.0'),1
FANOUT,K100,Exception('timeout_or_slo_miss: completed=66/100 errors=34 elapsed_ms=1174.3'),1
FANOUT,K100,Exception('timeout_or_slo_miss: completed=69/100 errors=31 elapsed_ms=1181.3'),1
FANOUT,K100,Exception('timeout_or_slo_miss: completed=65/100 errors=35 elapsed_ms=1257.2'),1
FANOUT,K100,Exception('timeout_or_slo_miss: completed=71/100 errors=29 elapsed_ms=1132.6'),1
FANOUT,K100,Exception('timeout_or_slo_miss: completed=60/100 errors=31 elapsed_ms=4345.5'),1
FANOUT,K100,Exception('timeout_or_slo_miss: completed=81/100 errors=19 elapsed_ms=1016.7'),1
FANOUT,K100,Exception('timeout_or_slo_miss: completed=67/100 errors=33 elapsed_ms=1217.1'),1
FANOUT,K100,Exception('timeout_or_slo_miss: completed=59/100 errors=41 elapsed_ms=4489.9'),1
FANOUT,K100,Exception('timeout_or_slo_miss: completed=73/100 errors=27 elapsed_ms=1122.8'),1
FANOUT,K100,Exception('timeout_or_slo_miss: completed=67/100 errors=33 elapsed_ms=1174.5'),1
FANOUT,K100,Exception('timeout_or_slo_miss: completed=68/100 errors=32 elapsed_ms=1226.7'),1
FANOUT,K100,Exception('timeout_or_slo_miss: completed=65/100 errors=35 elapsed_ms=1142.2'),1
FANOUT,K100,Exception('timeout_or_slo_miss: completed=66/100 errors=34 elapsed_ms=1251.4'),1
FANOUT,K100,Exception('timeout_or_slo_miss: completed=63/100 errors=37 elapsed_ms=1257.2'),1
FANOUT,K100,Exception('timeout_or_slo_miss: completed=69/100 errors=31 elapsed_ms=1090.7'),1
FANOUT,K100,Exception('timeout_or_slo_miss: completed=60/100 errors=40 elapsed_ms=1504.6'),2
FANOUT,K100,Exception('timeout_or_slo_miss: completed=68/100 errors=32 elapsed_ms=1263.1'),1
FANOUT,K100,Exception('timeout_or_slo_miss: completed=69/100 errors=15 elapsed_ms=3233.0'),1
FANOUT,K100,Exception('timeout_or_slo_miss: completed=68/100 errors=32 elapsed_ms=1248.6'),1
FANOUT,K100,Exception('timeout_or_slo_miss: completed=68/100 errors=32 elapsed_ms=1238.7'),1
FANOUT,K100,Exception('timeout_or_slo_miss: completed=64/100 errors=36 elapsed_ms=1178.2'),1
FANOUT,K100,Exception('timeout_or_slo_miss: completed=66/100 errors=34 elapsed_ms=1178.3'),1
FANOUT,K100,Exception('timeout_or_slo_miss: completed=71/100 errors=29 elapsed_ms=1148.5'),1
FANOUT,K100,Exception('timeout_or_slo_miss: completed=46/100 errors=39 elapsed_ms=15977.6'),1
FANOUT,K100,Exception('timeout_or_slo_miss: completed=64/100 errors=36 elapsed_ms=1238.6'),1
FANOUT,K100,Exception('timeout_or_slo_miss: completed=62/100 errors=38 elapsed_ms=1275.3'),1
FANOUT,K100,Exception('timeout_or_slo_miss: completed=59/100 errors=41 elapsed_ms=1502.5'),2
FANOUT,K100,Exception('timeout_or_slo_miss: completed=62/100 errors=38 elapsed_ms=1280.0'),1
FANOUT,K100,Exception('timeout_or_slo_miss: completed=70/100 errors=14 elapsed_ms=3189.5'),1
FANOUT,K100,Exception('timeout_or_slo_miss: completed=72/100 errors=28 elapsed_ms=1096.3'),1
FANOUT,K100,Exception('timeout_or_slo_miss: completed=77/100 errors=23 elapsed_ms=1016.0'),1
FANOUT,K100,Exception('timeout_or_slo_miss: completed=67/100 errors=33 elapsed_ms=1155.7'),1
FANOUT,K100,Exception('timeout_or_slo_miss: completed=71/100 errors=29 elapsed_ms=1184.9'),1
FANOUT,K100,Exception('timeout_or_slo_miss: completed=68/100 errors=32 elapsed_ms=1160.8'),2
FANOUT,K100,Exception('timeout_or_slo_miss: completed=73/100 errors=27 elapsed_ms=1109.0'),1
FANOUT,K100,Exception('timeout_or_slo_miss: completed=70/100 errors=30 elapsed_ms=1198.6'),2
FANOUT,K100,Exception('timeout_or_slo_miss: completed=66/100 errors=34 elapsed_ms=1286.1'),1
FANOUT,K100,Exception('timeout_or_slo_miss: completed=68/100 errors=32 elapsed_ms=1242.0'),1
FANOUT,K100,Exception('timeout_or_slo_miss: completed=66/100 errors=34 elapsed_ms=1247.6'),1
FANOUT,K100,Exception('timeout_or_slo_miss: completed=64/100 errors=36 elapsed_ms=1268.3'),1
FANOUT,K100,Exception('timeout_or_slo_miss: completed=47/100 errors=40 elapsed_ms=16279.5'),1
FANOUT,K100,Exception('timeout_or_slo_miss: completed=68/100 errors=32 elapsed_ms=1281.5'),1
FANOUT,K100,Exception('timeout_or_slo_miss: completed=65/100 errors=35 elapsed_ms=1155.6'),1
FANOUT,K100,Exception('timeout_or_slo_miss: completed=74/100 errors=26 elapsed_ms=1091.6'),1
FANOUT,K100,Exception('timeout_or_slo_miss: completed=66/100 errors=34 elapsed_ms=1142.9'),1
FANOUT,K100,Exception('timeout_or_slo_miss: completed=63/100 errors=37 elapsed_ms=1276.4'),1
FANOUT,K100,Exception('timeout_or_slo_miss: completed=71/100 errors=29 elapsed_ms=1116.2'),1
FANOUT,K100,Exception('timeout_or_slo_miss: completed=73/100 errors=27 elapsed_ms=1103.4'),1
FANOUT,K100,Exception('timeout_or_slo_miss: completed=65/100 errors=35 elapsed_ms=1227.8'),1
FANOUT,K100,Exception('timeout_or_slo_miss: completed=69/100 errors=31 elapsed_ms=1170.9'),1
FANOUT,K100,Exception('timeout_or_slo_miss: completed=69/100 errors=31 elapsed_ms=1172.3'),1
FANOUT,K100,Exception('timeout_or_slo_miss: completed=76/100 errors=24 elapsed_ms=1123.3'),1
FANOUT,K100,Exception('timeout_or_slo_miss: completed=63/100 errors=37 elapsed_ms=1321.0'),1
FANOUT,K100,Exception('timeout_or_slo_miss: completed=65/100 errors=35 elapsed_ms=1323.2'),1
FANOUT,K100,Exception('timeout_or_slo_miss: completed=63/100 errors=37 elapsed_ms=1221.7'),1
FANOUT,K100,Exception('timeout_or_slo_miss: completed=66/100 errors=20 elapsed_ms=6880.9'),1
FANOUT,K100,Exception('timeout_or_slo_miss: completed=68/100 errors=32 elapsed_ms=1166.0'),1
FANOUT,K100,Exception('timeout_or_slo_miss: completed=59/100 errors=41 elapsed_ms=1506.4'),1
FANOUT,K100,Exception('timeout_or_slo_miss: completed=68/100 errors=32 elapsed_ms=1245.6'),1
FANOUT,K100,Exception('timeout_or_slo_miss: completed=77/100 errors=23 elapsed_ms=1121.3'),1
FANOUT,K100,Exception('timeout_or_slo_miss: completed=68/100 errors=32 elapsed_ms=1264.1'),1
FANOUT,K100,Exception('timeout_or_slo_miss: completed=64/100 errors=36 elapsed_ms=1200.4'),1
FANOUT,K100,Exception('timeout_or_slo_miss: completed=70/100 errors=30 elapsed_ms=1095.1'),1
FANOUT,K100,Exception('timeout_or_slo_miss: completed=51/100 errors=49 elapsed_ms=1510.6'),1
FANOUT,K100,Exception('timeout_or_slo_miss: completed=64/100 errors=36 elapsed_ms=1166.5'),1
FANOUT,K100,Exception('timeout_or_slo_miss: completed=74/100 errors=26 elapsed_ms=1017.1'),1
FANOUT,K100,Exception('timeout_or_slo_miss: completed=59/100 errors=40 elapsed_ms=4781.6'),1
FANOUT,K100,Exception('timeout_or_slo_miss: completed=60/100 errors=40 elapsed_ms=1503.9'),1
FANOUT,K100,Exception('timeout_or_slo_miss: completed=73/100 errors=27 elapsed_ms=1018.8'),1
FANOUT,K100,Exception('timeout_or_slo_miss: completed=55/100 errors=45 elapsed_ms=1511.2'),1
FANOUT,K100,Exception('timeout_or_slo_miss: completed=68/100 errors=32 elapsed_ms=1149.1'),1
FANOUT,K100,Exception('timeout_or_slo_miss: completed=68/100 errors=32 elapsed_ms=1231.2'),1
FANOUT,K100,Exception('timeout_or_slo_miss: completed=63/100 errors=37 elapsed_ms=1322.2'),1
FANOUT,K100,Exception('timeout_or_slo_miss: completed=64/100 errors=36 elapsed_ms=1248.6'),1
FANOUT,K100,Exception('timeout_or_slo_miss: completed=66/100 errors=34 elapsed_ms=1254.9'),1
FANOUT,K100,Exception('timeout_or_slo_miss: completed=67/100 errors=33 elapsed_ms=1160.3'),1
FANOUT,K100,Exception('timeout_or_slo_miss: completed=62/100 errors=38 elapsed_ms=1273.3'),1
FANOUT,K100,Exception('timeout_or_slo_miss: completed=65/100 errors=35 elapsed_ms=1352.5'),1
FANOUT,K100,Exception('timeout_or_slo_miss: completed=67/100 errors=33 elapsed_ms=1278.5'),1
FANOUT,K100,Exception('timeout_or_slo_miss: completed=64/100 errors=36 elapsed_ms=1355.4'),1
FANOUT,K100,Exception('timeout_or_slo_miss: completed=73/100 errors=27 elapsed_ms=1106.7'),1
FANOUT,K100,Exception('timeout_or_slo_miss: completed=62/100 errors=38 elapsed_ms=1245.5'),1
FANOUT,K100,Exception('timeout_or_slo_miss: completed=72/100 errors=28 elapsed_ms=1146.7'),1
FANOUT,K100,Exception('timeout_or_slo_miss: completed=69/100 errors=31 elapsed_ms=1169.1'),1
FANOUT,K100,Exception('timeout_or_slo_miss: completed=62/100 errors=38 elapsed_ms=1340.7'),1
FANOUT,K100,Exception('timeout_or_slo_miss: completed=74/100 errors=26 elapsed_ms=1016.6'),1
FANOUT,K100,Exception('timeout_or_slo_miss: completed=60/100 errors=40 elapsed_ms=1508.9'),1
FANOUT,K100,Exception('timeout_or_slo_miss: completed=74/100 errors=26 elapsed_ms=1089.7'),2
FANOUT,K100,Exception('timeout_or_slo_miss: completed=65/100 errors=25 elapsed_ms=6724.9'),1
FANOUT,K100,Exception('timeout_or_slo_miss: completed=69/100 errors=31 elapsed_ms=1149.6'),1
FANOUT,K100,Exception('timeout_or_slo_miss: completed=58/100 errors=42 elapsed_ms=1504.3'),3
FANOUT,K100,Exception('timeout_or_slo_miss: completed=66/100 errors=34 elapsed_ms=1158.5'),1
FANOUT,K100,Exception('timeout_or_slo_miss: completed=61/100 errors=39 elapsed_ms=1429.8'),1
FANOUT,K100,Exception('timeout_or_slo_miss: completed=66/100 errors=34 elapsed_ms=1174.6'),1
FANOUT,K100,Exception('timeout_or_slo_miss: completed=69/100 errors=31 elapsed_ms=1155.7'),1
FANOUT,K100,Exception('timeout_or_slo_miss: completed=66/100 errors=34 elapsed_ms=1160.5'),1
FANOUT,K100,Exception('timeout_or_slo_miss: completed=73/100 errors=11 elapsed_ms=2647.5'),1
FANOUT,K100,Exception('timeout_or_slo_miss: completed=72/100 errors=28 elapsed_ms=1121.3'),1
FANOUT,K100,Exception('timeout_or_slo_miss: completed=74/100 errors=26 elapsed_ms=1101.6'),1
FANOUT,K100,Exception('timeout_or_slo_miss: completed=65/100 errors=35 elapsed_ms=1218.6'),1
FANOUT,K100,Exception('timeout_or_slo_miss: completed=67/100 errors=33 elapsed_ms=1200.3'),1
FANOUT,K100,Exception('timeout_or_slo_miss: completed=71/100 errors=29 elapsed_ms=1153.7'),1
FANOUT,K100,Exception('timeout_or_slo_miss: completed=72/100 errors=28 elapsed_ms=1125.1'),1
FANOUT,K100,Exception('timeout_or_slo_miss: completed=74/100 errors=10 elapsed_ms=2521.4'),1
FANOUT,K100,Exception('timeout_or_slo_miss: completed=74/100 errors=26 elapsed_ms=1112.4'),1
FANOUT,K100,Exception('timeout_or_slo_miss: completed=71/100 errors=29 elapsed_ms=1127.4'),1
FANOUT,K100,Exception('timeout_or_slo_miss: completed=73/100 errors=10 elapsed_ms=3433.7'),1
FANOUT,K100,Exception('timeout_or_slo_miss: completed=68/100 errors=16 elapsed_ms=3981.6'),1
FANOUT,K100,Exception('timeout_or_slo_miss: completed=63/100 errors=37 elapsed_ms=1273.4'),1
FANOUT,K100,Exception('timeout_or_slo_miss: completed=68/100 errors=32 elapsed_ms=1123.2'),1
FANOUT,K100,Exception('timeout_or_slo_miss: completed=58/100 errors=42 elapsed_ms=1503.4'),1
FANOUT,K100,Exception('timeout_or_slo_miss: completed=67/100 errors=33 elapsed_ms=1118.2'),1
FANOUT,K100,Exception('timeout_or_slo_miss: completed=41/100 errors=40 elapsed_ms=17329.9'),1
FANOUT,K100,Exception('timeout_or_slo_miss: completed=65/100 errors=35 elapsed_ms=1226.6'),1
FANOUT,K100,Exception('timeout_or_slo_miss: completed=71/100 errors=29 elapsed_ms=1126.9'),1
FANOUT,K100,Exception('timeout_or_slo_miss: completed=59/100 errors=41 elapsed_ms=1503.9'),2
FANOUT,K100,Exception('timeout_or_slo_miss: completed=66/100 errors=34 elapsed_ms=1260.2'),1
FANOUT,K100,Exception('timeout_or_slo_miss: completed=63/100 errors=37 elapsed_ms=1290.8'),1
FANOUT,K100,Exception('timeout_or_slo_miss: completed=59/100 errors=40 elapsed_ms=5218.9'),1
FANOUT,K100,Exception('timeout_or_slo_miss: completed=64/100 errors=36 elapsed_ms=1266.9'),1
FANOUT,K100,Exception('timeout_or_slo_miss: completed=64/100 errors=36 elapsed_ms=1309.7'),1
FANOUT,K100,Exception('timeout_or_slo_miss: completed=66/100 errors=34 elapsed_ms=1148.6'),2
FANOUT,K100,Exception('timeout_or_slo_miss: completed=66/100 errors=34 elapsed_ms=1162.1'),1
FANOUT,K100,Exception('timeout_or_slo_miss: completed=57/100 errors=43 elapsed_ms=1508.4'),1
FANOUT,K100,Exception('timeout_or_slo_miss: completed=63/100 errors=23 elapsed_ms=4324.6'),1
FANOUT,K100,Exception('timeout_or_slo_miss: completed=65/100 errors=35 elapsed_ms=1259.9'),1
FANOUT,K100,Exception('timeout_or_slo_miss: completed=58/100 errors=42 elapsed_ms=1504.2'),1
FANOUT,K100,Exception('timeout_or_slo_miss: completed=63/100 errors=37 elapsed_ms=4529.0'),1
FANOUT,K100,Exception('timeout_or_slo_miss: completed=63/100 errors=37 elapsed_ms=1305.7'),1
FANOUT,K100,Exception('timeout_or_slo_miss: completed=68/100 errors=32 elapsed_ms=1158.7'),1
FANOUT,K100,Exception('timeout_or_slo_miss: completed=68/100 errors=32 elapsed_ms=1163.5'),3
FANOUT,K100,Exception('timeout_or_slo_miss: completed=67/100 errors=33 elapsed_ms=1173.3'),1
FANOUT,K100,Exception('timeout_or_slo_miss: completed=62/100 errors=38 elapsed_ms=1383.7'),1
FANOUT,K100,Exception('timeout_or_slo_miss: completed=64/100 errors=36 elapsed_ms=1213.1'),1
FANOUT,K100,Exception('timeout_or_slo_miss: completed=67/100 errors=33 elapsed_ms=1140.5'),1
FANOUT,K100,Exception('timeout_or_slo_miss: completed=67/100 errors=33 elapsed_ms=1263.6'),1
FANOUT,K100,Exception('timeout_or_slo_miss: completed=61/100 errors=39 elapsed_ms=1432.5'),1
FANOUT,K100,Exception('timeout_or_slo_miss: completed=64/100 errors=36 elapsed_ms=1328.0'),1
FANOUT,K100,Exception('timeout_or_slo_miss: completed=62/100 errors=38 elapsed_ms=1331.1'),1
FANOUT,K100,Exception('timeout_or_slo_miss: completed=65/100 errors=35 elapsed_ms=1190.4'),1
FANOUT,K100,Exception('timeout_or_slo_miss: completed=62/100 errors=38 elapsed_ms=1144.1'),1
FANOUT,K100,Exception('timeout_or_slo_miss: completed=74/100 errors=26 elapsed_ms=1122.3'),1
FANOUT,K100,Exception('timeout_or_slo_miss: completed=67/100 errors=18 elapsed_ms=4064.9'),1
FANOUT,K100,Exception('timeout_or_slo_miss: completed=72/100 errors=28 elapsed_ms=1113.9'),1
FANOUT,K100,Exception('timeout_or_slo_miss: completed=62/100 errors=23 elapsed_ms=3943.5'),1
FANOUT,K100,Exception('timeout_or_slo_miss: completed=61/100 errors=37 elapsed_ms=5064.9'),1
FANOUT,K100,Exception('timeout_or_slo_miss: completed=66/100 errors=34 elapsed_ms=1237.9'),2
FANOUT,K100,Exception('timeout_or_slo_miss: completed=72/100 errors=28 elapsed_ms=1149.3'),1
FANOUT,K100,Exception('timeout_or_slo_miss: completed=76/100 errors=8 elapsed_ms=2463.6'),1
FANOUT,K100,Exception('timeout_or_slo_miss: completed=73/100 errors=27 elapsed_ms=1103.6'),2
FANOUT,K100,Exception('timeout_or_slo_miss: completed=73/100 errors=11 elapsed_ms=2744.0'),1
FANOUT,K100,Exception('timeout_or_slo_miss: completed=67/100 errors=33 elapsed_ms=1237.9'),1
FANOUT,K100,Exception('timeout_or_slo_miss: completed=66/100 errors=34 elapsed_ms=1202.0'),1
FANOUT,K100,Exception('timeout_or_slo_miss: completed=67/100 errors=33 elapsed_ms=1138.8'),1
FANOUT,K100,Exception('timeout_or_slo_miss: completed=66/100 errors=34 elapsed_ms=1215.6'),1
FANOUT,K100,Exception('timeout_or_slo_miss: completed=68/100 errors=32 elapsed_ms=1140.0'),1
FANOUT,K100,Exception('timeout_or_slo_miss: completed=64/100 errors=36 elapsed_ms=1374.2'),1
FANOUT,K100,Exception('timeout_or_slo_miss: completed=66/100 errors=34 elapsed_ms=1326.9'),1
FANOUT,K100,Exception('timeout_or_slo_miss: completed=56/100 errors=44 elapsed_ms=1507.7'),1
FANOUT,K100,Exception('timeout_or_slo_miss: completed=67/100 errors=33 elapsed_ms=1238.4'),1
FANOUT,K100,Exception('timeout_or_slo_miss: completed=65/100 errors=35 elapsed_ms=1262.4'),1
FANOUT,K100,Exception('timeout_or_slo_miss: completed=71/100 errors=29 elapsed_ms=1099.5'),1
FANOUT,K100,Exception('timeout_or_slo_miss: completed=60/100 errors=40 elapsed_ms=1504.1'),1
FANOUT,K100,Exception('timeout_or_slo_miss: completed=65/100 errors=35 elapsed_ms=1191.0'),1
FANOUT,K100,Exception('timeout_or_slo_miss: completed=61/100 errors=39 elapsed_ms=1503.3'),1
FANOUT,K100,Exception('timeout_or_slo_miss: completed=65/100 errors=35 elapsed_ms=1236.7'),1
FANOUT,K100,Exception('timeout_or_slo_miss: completed=73/100 errors=27 elapsed_ms=1112.3'),2
FANOUT,K100,Exception('timeout_or_slo_miss: completed=73/100 errors=27 elapsed_ms=1015.5'),1
FANOUT,K100,Exception('timeout_or_slo_miss: completed=61/100 errors=39 elapsed_ms=1282.1'),1
FANOUT,K100,Exception('timeout_or_slo_miss: completed=62/100 errors=38 elapsed_ms=1306.5'),1
FANOUT,K100,Exception('timeout_or_slo_miss: completed=65/100 errors=35 elapsed_ms=1178.3'),1
FANOUT,K100,Exception('timeout_or_slo_miss: completed=62/100 errors=38 elapsed_ms=1326.4'),1
FANOUT,K100,Exception('timeout_or_slo_miss: completed=65/100 errors=35 elapsed_ms=1159.1'),1
FANOUT,K100,Exception('timeout_or_slo_miss: completed=61/100 errors=39 elapsed_ms=1388.1'),1
FANOUT,K100,Exception('timeout_or_slo_miss: completed=64/100 errors=36 elapsed_ms=1351.3'),1
FANOUT,K100,Exception('timeout_or_slo_miss: completed=70/100 errors=14 elapsed_ms=3049.3'),1
FANOUT,K100,Exception('timeout_or_slo_miss: completed=64/100 errors=36 elapsed_ms=1240.5'),1
FANOUT,K100,Exception('timeout_or_slo_miss: completed=63/100 errors=37 elapsed_ms=1274.5'),1
FANOUT,K100,Exception('timeout_or_slo_miss: completed=73/100 errors=27 elapsed_ms=1097.5'),1
FANOUT,K100,Exception('timeout_or_slo_miss: completed=70/100 errors=30 elapsed_ms=1170.8'),1
FANOUT,K100,Exception('timeout_or_slo_miss: completed=65/100 errors=35 elapsed_ms=1283.8'),2
FANOUT,K100,Exception('timeout_or_slo_miss: completed=61/100 errors=39 elapsed_ms=1430.0'),1
FANOUT,K100,Exception('timeout_or_slo_miss: completed=60/100 errors=24 elapsed_ms=4311.0'),1
FANOUT,K100,Exception('timeout_or_slo_miss: completed=61/100 errors=38 elapsed_ms=2011.6'),1
FANOUT,K100,Exception('timeout_or_slo_miss: completed=65/100 errors=35 elapsed_ms=1254.7'),2
FANOUT,K100,Exception('timeout_or_slo_miss: completed=60/100 errors=40 elapsed_ms=1503.7'),1
FANOUT,K100,Exception('timeout_or_slo_miss: completed=62/100 errors=38 elapsed_ms=2261.3'),1
FANOUT,K100,Exception('timeout_or_slo_miss: completed=67/100 errors=33 elapsed_ms=1271.5'),1
FANOUT,K100,Exception('timeout_or_slo_miss: completed=70/100 errors=30 elapsed_ms=1149.9'),1
FANOUT,K100,Exception('timeout_or_slo_miss: completed=66/100 errors=34 elapsed_ms=1265.9'),1
FANOUT,K100,Exception('timeout_or_slo_miss: completed=73/100 errors=27 elapsed_ms=1143.7'),1
FANOUT,K100,Exception('timeout_or_slo_miss: completed=67/100 errors=33 elapsed_ms=1171.7'),1
FANOUT,K100,Exception('timeout_or_slo_miss: completed=70/100 errors=30 elapsed_ms=1134.7'),1
FANOUT,K100,Exception('timeout_or_slo_miss: completed=68/100 errors=32 elapsed_ms=1167.6'),1
FANOUT,K100,Exception('timeout_or_slo_miss: completed=68/100 errors=32 elapsed_ms=1200.6'),1
FANOUT,K100,Exception('timeout_or_slo_miss: completed=63/100 errors=37 elapsed_ms=1266.9'),1
FANOUT,K100,Exception('timeout_or_slo_miss: completed=72/100 errors=28 elapsed_ms=1020.0'),1
FANOUT,K100,Exception('timeout_or_slo_miss: completed=63/100 errors=37 elapsed_ms=1265.6'),1
FANOUT,K100,Exception('timeout_or_slo_miss: completed=68/100 errors=32 elapsed_ms=1101.1'),1
FANOUT,K100,Exception('timeout_or_slo_miss: completed=61/100 errors=39 elapsed_ms=1449.0'),1
FANOUT,K100,Exception('timeout_or_slo_miss: completed=67/100 errors=33 elapsed_ms=1137.5'),1
FANOUT,K100,Exception('timeout_or_slo_miss: completed=67/100 errors=33 elapsed_ms=1227.1'),2
FANOUT,K100,Exception('timeout_or_slo_miss: completed=54/100 errors=46 elapsed_ms=1511.2'),1
FANOUT,K100,Exception('timeout_or_slo_miss: completed=60/100 errors=27 elapsed_ms=10088.3'),1
FANOUT,K100,Exception('timeout_or_slo_miss: completed=59/100 errors=40 elapsed_ms=5093.4'),1
FANOUT,K100,Exception('timeout_or_slo_miss: completed=59/100 errors=41 elapsed_ms=1503.1'),4
FANOUT,K100,Exception('timeout_or_slo_miss: completed=60/100 errors=40 elapsed_ms=1487.1'),1
FANOUT,K100,Exception('timeout_or_slo_miss: completed=62/100 errors=38 elapsed_ms=1332.2'),1
FANOUT,K100,Exception('timeout_or_slo_miss: completed=70/100 errors=29 elapsed_ms=1675.2'),1
FANOUT,K100,Exception('timeout_or_slo_miss: completed=60/100 errors=40 elapsed_ms=1504.4'),3
FANOUT,K100,Exception('timeout_or_slo_miss: completed=63/100 errors=37 elapsed_ms=1352.1'),1
FANOUT,K100,Exception('timeout_or_slo_miss: completed=69/100 errors=31 elapsed_ms=1159.9'),1
FANOUT,K100,Exception('timeout_or_slo_miss: completed=67/100 errors=33 elapsed_ms=1183.8'),1
FANOUT,K100,Exception('timeout_or_slo_miss: completed=70/100 errors=30 elapsed_ms=1120.1'),1
FANOUT,K100,Exception('timeout_or_slo_miss: completed=64/100 errors=36 elapsed_ms=1295.5'),1
FANOUT,K100,Exception('timeout_or_slo_miss: completed=72/100 errors=28 elapsed_ms=1139.2'),1
FANOUT,K100,Exception('timeout_or_slo_miss: completed=66/100 errors=34 elapsed_ms=1155.5'),2
FANOUT,K100,Exception('timeout_or_slo_miss: completed=63/100 errors=37 elapsed_ms=1322.8'),1
FANOUT,K100,Exception('timeout_or_slo_miss: completed=70/100 errors=30 elapsed_ms=1128.4'),1
FANOUT,K100,Exception('timeout_or_slo_miss: completed=65/100 errors=19 elapsed_ms=3832.0'),1
FANOUT,K100,Exception('timeout_or_slo_miss: completed=66/100 errors=34 elapsed_ms=1175.0'),1
FANOUT,K100,Exception('timeout_or_slo_miss: completed=61/100 errors=39 elapsed_ms=1357.7'),1
FANOUT,K100,Exception('timeout_or_slo_miss: completed=70/100 errors=30 elapsed_ms=1143.1'),1
FANOUT,K100,Exception('timeout_or_slo_miss: completed=64/100 errors=36 elapsed_ms=1318.8'),1
FANOUT,K100,Exception('timeout_or_slo_miss: completed=67/100 errors=33 elapsed_ms=1368.7'),1
FANOUT,K100,Exception('timeout_or_slo_miss: completed=63/100 errors=37 elapsed_ms=1261.0'),1
FANOUT,K100,Exception('timeout_or_slo_miss: completed=65/100 errors=35 elapsed_ms=1154.8'),1
FANOUT,K100,Exception('timeout_or_slo_miss: completed=68/100 errors=32 elapsed_ms=1195.8'),1
FANOUT,K100,Exception('timeout_or_slo_miss: completed=76/100 errors=24 elapsed_ms=1008.8'),1
FANOUT,K100,Exception('timeout_or_slo_miss: completed=70/100 errors=30 elapsed_ms=1153.6'),1
FANOUT,K100,Exception('timeout_or_slo_miss: completed=67/100 errors=33 elapsed_ms=1173.7'),1
FANOUT,K100,Exception('timeout_or_slo_miss: completed=64/100 errors=36 elapsed_ms=1213.6'),1
FANOUT,K100,Exception('timeout_or_slo_miss: completed=67/100 errors=33 elapsed_ms=1187.2'),1
FANOUT,K100,Exception('timeout_or_slo_miss: completed=68/100 errors=16 elapsed_ms=3495.0'),1
FANOUT,K100,Exception('timeout_or_slo_miss: completed=62/100 errors=38 elapsed_ms=1307.7'),1
FANOUT,K100,Exception('timeout_or_slo_miss: completed=65/100 errors=35 elapsed_ms=1219.4'),1
FANOUT,K100,Exception('timeout_or_slo_miss: completed=71/100 errors=13 elapsed_ms=3765.2'),1
FANOUT,K100,Exception('timeout_or_slo_miss: completed=62/100 errors=38 elapsed_ms=1294.0'),1
FANOUT,K100,Exception('timeout_or_slo_miss: completed=72/100 errors=28 elapsed_ms=1110.3'),1
FANOUT,K100,Exception('timeout_or_slo_miss: completed=73/100 errors=27 elapsed_ms=1131.4'),1
FANOUT,K100,Exception('timeout_or_slo_miss: completed=64/100 errors=36 elapsed_ms=1237.8'),2
FANOUT,K100,Exception('timeout_or_slo_miss: completed=71/100 errors=29 elapsed_ms=1141.6'),1
FANOUT,K100,Exception('timeout_or_slo_miss: completed=66/100 errors=34 elapsed_ms=1146.0'),1
FANOUT,K100,Exception('timeout_or_slo_miss: completed=64/100 errors=36 elapsed_ms=1217.3'),1
FANOUT,K100,Exception('timeout_or_slo_miss: completed=66/100 errors=34 elapsed_ms=1200.0'),1
FANOUT,K100,Exception('timeout_or_slo_miss: completed=64/100 errors=36 elapsed_ms=1415.2'),1
FANOUT,K100,Exception('timeout_or_slo_miss: completed=72/100 errors=28 elapsed_ms=1144.0'),1
FANOUT,K100,Exception('timeout_or_slo_miss: completed=63/100 errors=37 elapsed_ms=1267.6'),1
FANOUT,K100,Exception('timeout_or_slo_miss: completed=69/100 errors=31 elapsed_ms=1162.0'),1
FANOUT,K100,Exception('timeout_or_slo_miss: completed=67/100 errors=33 elapsed_ms=1159.5'),1
FANOUT,K100,Exception('timeout_or_slo_miss: completed=71/100 errors=29 elapsed_ms=1128.5'),3
FANOUT,K100,Exception('timeout_or_slo_miss: completed=70/100 errors=30 elapsed_ms=1099.5'),1
FANOUT,K100,Exception('timeout_or_slo_miss: completed=64/100 errors=36 elapsed_ms=1378.3'),1
FANOUT,K100,Exception('timeout_or_slo_miss: completed=65/100 errors=35 elapsed_ms=1177.8'),1
FANOUT,K100,Exception('timeout_or_slo_miss: completed=65/100 errors=35 elapsed_ms=1313.2'),1
FANOUT,K100,Exception('timeout_or_slo_miss: completed=67/100 errors=33 elapsed_ms=1190.6'),1
FANOUT,K100,Exception('timeout_or_slo_miss: completed=58/100 errors=42 elapsed_ms=1507.3'),1
FANOUT,K100,Exception('timeout_or_slo_miss: completed=63/100 errors=37 elapsed_ms=1350.5'),1
FANOUT,K100,Exception('timeout_or_slo_miss: completed=63/100 errors=37 elapsed_ms=1307.6'),1
FANOUT,K100,Exception('timeout_or_slo_miss: completed=62/100 errors=38 elapsed_ms=1503.3'),1
FANOUT,K100,Exception('timeout_or_slo_miss: completed=63/100 errors=37 elapsed_ms=1216.3'),1
FANOUT,K100,Exception('timeout_or_slo_miss: completed=66/100 errors=34 elapsed_ms=1260.1'),1
FANOUT,K100,Exception('timeout_or_slo_miss: completed=65/100 errors=35 elapsed_ms=1224.4'),1
FANOUT,K100,Exception('timeout_or_slo_miss: completed=69/100 errors=31 elapsed_ms=1194.0'),1
FANOUT,K100,Exception('timeout_or_slo_miss: completed=66/100 errors=34 elapsed_ms=1162.9'),1
FANOUT,K100,Exception('timeout_or_slo_miss: completed=62/100 errors=38 elapsed_ms=1312.2'),1
FANOUT,K100,Exception('timeout_or_slo_miss: completed=70/100 errors=30 elapsed_ms=1183.3'),1
FANOUT,K100,Exception('timeout_or_slo_miss: completed=72/100 errors=28 elapsed_ms=1010.3'),1
FANOUT,K100,Exception('timeout_or_slo_miss: completed=68/100 errors=32 elapsed_ms=1204.3'),1
FANOUT,K100,Exception('timeout_or_slo_miss: completed=64/100 errors=36 elapsed_ms=1218.7'),1
FANOUT,K100,Exception('timeout_or_slo_miss: completed=64/100 errors=36 elapsed_ms=1180.4'),1
FANOUT,K100,Exception('timeout_or_slo_miss: completed=66/100 errors=34 elapsed_ms=1205.0'),1
FANOUT,K100,Exception('timeout_or_slo_miss: completed=61/100 errors=39 elapsed_ms=1419.6'),1
FANOUT,K100,Exception('timeout_or_slo_miss: completed=64/100 errors=21 elapsed_ms=3904.7'),1
FANOUT,K100,Exception('timeout_or_slo_miss: completed=70/100 errors=30 elapsed_ms=1128.2'),1
FANOUT,K100,Exception('timeout_or_slo_miss: completed=69/100 errors=31 elapsed_ms=1217.9'),1
FANOUT,K100,Exception('timeout_or_slo_miss: completed=61/100 errors=39 elapsed_ms=1367.6'),1
FANOUT,K100,Exception('timeout_or_slo_miss: completed=70/100 errors=30 elapsed_ms=1107.9'),1
FANOUT,K100,Exception('timeout_or_slo_miss: completed=64/100 errors=36 elapsed_ms=1205.7'),1
FANOUT,K100,Exception('timeout_or_slo_miss: completed=70/100 errors=30 elapsed_ms=1132.6'),1
FANOUT,K100,Exception('timeout_or_slo_miss: completed=65/100 errors=35 elapsed_ms=1192.0'),1
FANOUT,K100,Exception('timeout_or_slo_miss: completed=67/100 errors=33 elapsed_ms=1256.6'),1
FANOUT,K100,Exception('timeout_or_slo_miss: completed=70/100 errors=30 elapsed_ms=1135.5'),1
FANOUT,K100,Exception('timeout_or_slo_miss: completed=69/100 errors=31 elapsed_ms=1157.8'),1
FANOUT,K100,Exception('timeout_or_slo_miss: completed=67/100 errors=17 elapsed_ms=3580.3'),1
FANOUT,K100,Exception('timeout_or_slo_miss: completed=62/100 errors=38 elapsed_ms=1262.3'),1
FANOUT,K100,Exception('timeout_or_slo_miss: completed=68/100 errors=32 elapsed_ms=1200.3'),1
FANOUT,K100,Exception('timeout_or_slo_miss: completed=67/100 errors=33 elapsed_ms=1284.8'),1
FANOUT,K100,Exception('timeout_or_slo_miss: completed=68/100 errors=32 elapsed_ms=1162.8'),2
FANOUT,K100,Exception('timeout_or_slo_miss: completed=67/100 errors=33 elapsed_ms=1194.1'),1
FANOUT,K100,Exception('timeout_or_slo_miss: completed=59/100 errors=41 elapsed_ms=1507.2'),1
FANOUT,K100,Exception('timeout_or_slo_miss: completed=60/100 errors=26 elapsed_ms=4018.4'),1
FANOUT,K100,Exception('timeout_or_slo_miss: completed=66/100 errors=34 elapsed_ms=1291.2'),1
FANOUT,K100,Exception('timeout_or_slo_miss: completed=71/100 errors=29 elapsed_ms=1126.3'),2
FANOUT,K100,Exception('timeout_or_slo_miss: completed=71/100 errors=29 elapsed_ms=1140.6'),1
FANOUT,K100,Exception('timeout_or_slo_miss: completed=66/100 errors=34 elapsed_ms=1161.7'),1
FANOUT,K100,Exception('timeout_or_slo_miss: completed=68/100 errors=32 elapsed_ms=1172.1'),1
FANOUT,K100,Exception('timeout_or_slo_miss: completed=70/100 errors=30 elapsed_ms=1117.9'),1
FANOUT,K100,Exception('timeout_or_slo_miss: completed=61/100 errors=39 elapsed_ms=1454.1'),1
FANOUT,K100,Exception('timeout_or_slo_miss: completed=65/100 errors=35 elapsed_ms=1212.5'),1
FANOUT,K100,Exception('timeout_or_slo_miss: completed=60/100 errors=40 elapsed_ms=1428.9'),1
FANOUT,K100,Exception('timeout_or_slo_miss: completed=70/100 errors=30 elapsed_ms=1127.5'),1
FANOUT,K100,Exception('timeout_or_slo_miss: completed=71/100 errors=13 elapsed_ms=3129.4'),1
FANOUT,K100,Exception('timeout_or_slo_miss: completed=58/100 errors=42 elapsed_ms=1510.4'),1
FANOUT,K100,Exception('timeout_or_slo_miss: completed=46/100 errors=40 elapsed_ms=17005.3'),1
FANOUT,K100,Exception('timeout_or_slo_miss: completed=73/100 errors=11 elapsed_ms=2744.8'),1
FANOUT,K100,Exception('timeout_or_slo_miss: completed=76/100 errors=24 elapsed_ms=1018.5'),1
FANOUT,K100,Exception('timeout_or_slo_miss: completed=66/100 errors=34 elapsed_ms=1213.9'),1
FANOUT,K100,Exception('timeout_or_slo_miss: completed=56/100 errors=44 elapsed_ms=1505.8'),1
FANOUT,K100,Exception('timeout_or_slo_miss: completed=73/100 errors=27 elapsed_ms=1153.2'),1
FANOUT,K100,Exception('timeout_or_slo_miss: completed=65/100 errors=35 elapsed_ms=1237.0'),1
FANOUT,K100,Exception('timeout_or_slo_miss: completed=67/100 errors=33 elapsed_ms=1123.2'),1
FANOUT,K100,Exception('timeout_or_slo_miss: completed=62/100 errors=38 elapsed_ms=1505.2'),1
FANOUT,K100,Exception('timeout_or_slo_miss: completed=73/100 errors=27 elapsed_ms=1019.6'),1
FANOUT,K100,Exception('timeout_or_slo_miss: completed=61/100 errors=39 elapsed_ms=1306.5'),1
FANOUT,K100,Exception('timeout_or_slo_miss: completed=65/100 errors=35 elapsed_ms=1280.9'),1
FANOUT,K100,Exception('timeout_or_slo_miss: completed=76/100 errors=24 elapsed_ms=1023.7'),1
FANOUT,K100,Exception('timeout_or_slo_miss: completed=68/100 errors=32 elapsed_ms=1180.2'),1
FANOUT,K100,Exception('timeout_or_slo_miss: completed=60/100 errors=40 elapsed_ms=1506.4'),1
FANOUT,K100,Exception('timeout_or_slo_miss: completed=70/100 errors=30 elapsed_ms=1132.3'),1
FANOUT,K100,Exception('timeout_or_slo_miss: completed=60/100 errors=40 elapsed_ms=1443.3'),1
FANOUT,K100,Exception('timeout_or_slo_miss: completed=62/100 errors=38 elapsed_ms=1315.8'),1
FANOUT,K100,Exception('timeout_or_slo_miss: completed=74/100 errors=26 elapsed_ms=1109.1'),1
FANOUT,K100,Exception('timeout_or_slo_miss: completed=67/100 errors=33 elapsed_ms=1152.3'),1
FANOUT,K100,Exception('timeout_or_slo_miss: completed=57/100 errors=43 elapsed_ms=1509.5'),1
FANOUT,K100,Exception('timeout_or_slo_miss: completed=71/100 errors=29 elapsed_ms=1092.9'),1
FANOUT,K100,Exception('timeout_or_slo_miss: completed=68/100 errors=16 elapsed_ms=3462.5'),1
FANOUT,K100,Exception('timeout_or_slo_miss: completed=68/100 errors=32 elapsed_ms=1120.6'),1
FANOUT,K100,Exception('timeout_or_slo_miss: completed=68/100 errors=16 elapsed_ms=3343.0'),1
FANOUT,K100,Exception('timeout_or_slo_miss: completed=70/100 errors=30 elapsed_ms=1083.5'),1
FANOUT,K100,Exception('timeout_or_slo_miss: completed=68/100 errors=32 elapsed_ms=1152.8'),1
FANOUT,K100,Exception('timeout_or_slo_miss: completed=65/100 errors=35 elapsed_ms=1204.5'),1
FANOUT,K100,Exception('timeout_or_slo_miss: completed=69/100 errors=31 elapsed_ms=1153.2'),1
FANOUT,K100,Exception('timeout_or_slo_miss: completed=61/100 errors=39 elapsed_ms=1502.7'),1
FANOUT,K100,Exception('timeout_or_slo_miss: completed=57/100 errors=43 elapsed_ms=1507.2'),1
FANOUT,K100,Exception('timeout_or_slo_miss: completed=66/100 errors=34 elapsed_ms=1147.2'),1
FANOUT,K100,Exception('timeout_or_slo_miss: completed=60/100 errors=40 elapsed_ms=1333.9'),1
FANOUT,K100,Exception('timeout_or_slo_miss: completed=66/100 errors=34 elapsed_ms=1238.5'),1
FANOUT,K100,Exception('timeout_or_slo_miss: completed=60/100 errors=35 elapsed_ms=4408.8'),1
FANOUT,K100,Exception('timeout_or_slo_miss: completed=67/100 errors=33 elapsed_ms=1128.1'),1
FANOUT,K100,Exception('timeout_or_slo_miss: completed=71/100 errors=13 elapsed_ms=2984.2'),1
FANOUT,K100,Exception('timeout_or_slo_miss: completed=70/100 errors=30 elapsed_ms=1122.8'),1
FANOUT,K100,Exception('timeout_or_slo_miss: completed=75/100 errors=9 elapsed_ms=2288.3'),1
FANOUT,K100,Exception('timeout_or_slo_miss: completed=70/100 errors=30 elapsed_ms=1117.5'),1
FANOUT,K100,Exception('timeout_or_slo_miss: completed=66/100 errors=34 elapsed_ms=1156.5'),1
FANOUT,K100,Exception('timeout_or_slo_miss: completed=67/100 errors=33 elapsed_ms=1118.5'),1
FANOUT,K100,Exception('timeout_or_slo_miss: completed=68/100 errors=32 elapsed_ms=1193.0'),1
FANOUT,K100,Exception('timeout_or_slo_miss: completed=64/100 errors=36 elapsed_ms=1173.8'),1
FANOUT,K100,Exception('timeout_or_slo_miss: completed=70/100 errors=30 elapsed_ms=1143.5'),1
FANOUT,K100,Exception('timeout_or_slo_miss: completed=75/100 errors=25 elapsed_ms=1129.7'),1
FANOUT,K100,Exception('timeout_or_slo_miss: completed=66/100 errors=34 elapsed_ms=1241.3'),1
FANOUT,K100,Exception('timeout_or_slo_miss: completed=63/100 errors=37 elapsed_ms=1276.1'),1
FANOUT,K100,Exception('timeout_or_slo_miss: completed=65/100 errors=35 elapsed_ms=1247.4'),1
FANOUT,K100,Exception('timeout_or_slo_miss: completed=56/100 errors=44 elapsed_ms=1511.4'),1
FANOUT,K100,Exception('timeout_or_slo_miss: completed=69/100 errors=31 elapsed_ms=1120.1'),2
FANOUT,K100,Exception('timeout_or_slo_miss: completed=75/100 errors=25 elapsed_ms=1016.8'),1
FANOUT,K100,Exception('timeout_or_slo_miss: completed=64/100 errors=36 elapsed_ms=1284.6'),1
FANOUT,K100,Exception('timeout_or_slo_miss: completed=73/100 errors=27 elapsed_ms=1126.3'),1
FANOUT,K100,Exception('timeout_or_slo_miss: completed=69/100 errors=31 elapsed_ms=1160.5'),1
FANOUT,K100,Exception('timeout_or_slo_miss: completed=64/100 errors=36 elapsed_ms=1503.7'),1
FANOUT,K100,Exception('timeout_or_slo_miss: completed=61/100 errors=39 elapsed_ms=1474.8'),1
FANOUT,K100,Exception('timeout_or_slo_miss: completed=69/100 errors=31 elapsed_ms=1310.0'),1
FANOUT,K100,Exception('timeout_or_slo_miss: completed=62/100 errors=38 elapsed_ms=1505.9'),1
FANOUT,K100,Exception('timeout_or_slo_miss: completed=68/100 errors=23 elapsed_ms=4198.2'),1
FANOUT,K100,Exception('timeout_or_slo_miss: completed=62/100 errors=22 elapsed_ms=3795.7'),1
FANOUT,K100,Exception('timeout_or_slo_miss: completed=63/100 errors=37 elapsed_ms=1396.8'),1
FANOUT,K100,Exception('timeout_or_slo_miss: completed=73/100 errors=10 elapsed_ms=3210.7'),1
FANOUT,K100,Exception('timeout_or_slo_miss: completed=61/100 errors=39 elapsed_ms=1299.0'),1
FANOUT,K100,Exception('timeout_or_slo_miss: completed=67/100 errors=33 elapsed_ms=1217.4'),1
FANOUT,K100,Exception('timeout_or_slo_miss: completed=70/100 errors=30 elapsed_ms=1181.3'),1
FANOUT,K100,Exception('timeout_or_slo_miss: completed=66/100 errors=34 elapsed_ms=1189.9'),1
FANOUT,K100,Exception('timeout_or_slo_miss: completed=61/100 errors=39 elapsed_ms=1285.0'),2
FANOUT,K100,Exception('timeout_or_slo_miss: completed=64/100 errors=36 elapsed_ms=1306.7'),1
FANOUT,K100,Exception('timeout_or_slo_miss: completed=67/100 errors=33 elapsed_ms=1256.0'),1
FANOUT,K100,Exception('timeout_or_slo_miss: completed=62/100 errors=38 elapsed_ms=1371.4'),1
FANOUT,K100,Exception('timeout_or_slo_miss: completed=62/100 errors=38 elapsed_ms=1275.0'),1
FANOUT,K100,Exception('timeout_or_slo_miss: completed=67/100 errors=33 elapsed_ms=1192.4'),1
FANOUT,K100,Exception('timeout_or_slo_miss: completed=65/100 errors=35 elapsed_ms=1162.3'),1
FANOUT,K100,Exception('timeout_or_slo_miss: completed=76/100 errors=24 elapsed_ms=1015.7'),1
FANOUT,K100,Exception('timeout_or_slo_miss: completed=68/100 errors=32 elapsed_ms=1126.7'),1
FANOUT,K100,Exception('timeout_or_slo_miss: completed=61/100 errors=39 elapsed_ms=1303.1'),1
FANOUT,K100,Exception('timeout_or_slo_miss: completed=68/100 errors=32 elapsed_ms=1186.2'),1
FANOUT,K100,Exception('timeout_or_slo_miss: completed=65/100 errors=35 elapsed_ms=1290.0'),1
FANOUT,K100,Exception('timeout_or_slo_miss: completed=74/100 errors=26 elapsed_ms=1018.3'),1
FANOUT,K100,Exception('timeout_or_slo_miss: completed=63/100 errors=37 elapsed_ms=1306.4'),1
FANOUT,K100,Exception('timeout_or_slo_miss: completed=68/100 errors=32 elapsed_ms=1228.1'),1
FANOUT,K100,Exception('timeout_or_slo_miss: completed=59/100 errors=41 elapsed_ms=1504.3'),2
FANOUT,K100,Exception('timeout_or_slo_miss: completed=68/100 errors=32 elapsed_ms=1124.0'),2
FANOUT,K100,Exception('timeout_or_slo_miss: completed=62/100 errors=38 elapsed_ms=1438.6'),1
FANOUT,K100,Exception('timeout_or_slo_miss: completed=70/100 errors=30 elapsed_ms=1135.4'),1
FANOUT,K100,Exception('timeout_or_slo_miss: completed=62/100 errors=38 elapsed_ms=1496.5'),1
FANOUT,K100,Exception('timeout_or_slo_miss: completed=68/100 errors=32 elapsed_ms=1146.6'),2
FANOUT,K100,Exception('timeout_or_slo_miss: completed=66/100 errors=34 elapsed_ms=1193.7'),1
FANOUT,K100,Exception('timeout_or_slo_miss: completed=62/100 errors=38 elapsed_ms=1347.9'),1
FANOUT,K100,Exception('timeout_or_slo_miss: completed=69/100 errors=31 elapsed_ms=1130.3'),1
FANOUT,K100,Exception('timeout_or_slo_miss: completed=67/100 errors=33 elapsed_ms=1198.4'),1
FANOUT,K100,Exception('timeout_or_slo_miss: completed=60/100 errors=40 elapsed_ms=1358.0'),1
FANOUT,K100,Exception('timeout_or_slo_miss: completed=62/100 errors=38 elapsed_ms=1268.0'),1
FANOUT,K100,Exception('timeout_or_slo_miss: completed=61/100 errors=39 elapsed_ms=1433.9'),1
FANOUT,K100,Exception('timeout_or_slo_miss: completed=65/100 errors=35 elapsed_ms=1154.7'),1
FANOUT,K100,Exception('timeout_or_slo_miss: completed=63/100 errors=37 elapsed_ms=1190.3'),1
FANOUT,K100,Exception('timeout_or_slo_miss: completed=63/100 errors=37 elapsed_ms=1328.9'),1
FANOUT,K100,Exception('timeout_or_slo_miss: completed=65/100 errors=35 elapsed_ms=1242.5'),2
FANOUT,K100,Exception('timeout_or_slo_miss: completed=64/100 errors=36 elapsed_ms=1299.3'),1
FANOUT,K100,Exception('timeout_or_slo_miss: completed=75/100 errors=25 elapsed_ms=1083.6'),1
FANOUT,K100,Exception('timeout_or_slo_miss: completed=63/100 errors=37 elapsed_ms=1320.8'),1
FANOUT,K100,Exception('timeout_or_slo_miss: completed=73/100 errors=27 elapsed_ms=1103.1'),1
FANOUT,K100,Exception('timeout_or_slo_miss: completed=60/100 errors=40 elapsed_ms=1501.0'),1
FANOUT,K100,Exception('timeout_or_slo_miss: completed=69/100 errors=31 elapsed_ms=1160.3'),1
FANOUT,K100,Exception('timeout_or_slo_miss: completed=65/100 errors=35 elapsed_ms=1269.3'),1
FANOUT,K100,Exception('timeout_or_slo_miss: completed=66/100 errors=34 elapsed_ms=1254.2'),1
FANOUT,K100,Exception('timeout_or_slo_miss: completed=63/100 errors=37 elapsed_ms=1262.2'),1
FANOUT,K100,Exception('timeout_or_slo_miss: completed=68/100 errors=32 elapsed_ms=1200.8'),1
FANOUT,K100,Exception('timeout_or_slo_miss: completed=66/100 errors=34 elapsed_ms=1245.1'),1
FANOUT,K100,Exception('timeout_or_slo_miss: completed=67/100 errors=33 elapsed_ms=1128.7'),1
FANOUT,K100,Exception('timeout_or_slo_miss: completed=67/100 errors=33 elapsed_ms=1158.7'),1
FANOUT,K100,Exception('timeout_or_slo_miss: completed=65/100 errors=35 elapsed_ms=1256.2'),1
FANOUT,K100,Exception('timeout_or_slo_miss: completed=61/100 errors=39 elapsed_ms=1346.2'),1
FANOUT,K100,Exception('timeout_or_slo_miss: completed=64/100 errors=36 elapsed_ms=1332.7'),1
FANOUT,K100,Exception('timeout_or_slo_miss: completed=66/100 errors=34 elapsed_ms=1240.4'),1
FANOUT,K100,Exception('timeout_or_slo_miss: completed=71/100 errors=29 elapsed_ms=1042.8'),1
FANOUT,K100,Exception('timeout_or_slo_miss: completed=76/100 errors=24 elapsed_ms=1017.8'),1
FANOUT,K100,Exception('timeout_or_slo_miss: completed=70/100 errors=30 elapsed_ms=1117.2'),1
FANOUT,K100,Exception('timeout_or_slo_miss: completed=61/100 errors=39 elapsed_ms=1374.5'),1
FANOUT,K100,Exception('timeout_or_slo_miss: completed=72/100 errors=28 elapsed_ms=1154.6'),2
FANOUT,K100,Exception('timeout_or_slo_miss: completed=66/100 errors=34 elapsed_ms=1225.8'),1
FANOUT,K100,Exception('timeout_or_slo_miss: completed=64/100 errors=36 elapsed_ms=1264.0'),1
FANOUT,K100,Exception('timeout_or_slo_miss: completed=71/100 errors=29 elapsed_ms=1091.3'),1
FANOUT,K100,Exception('timeout_or_slo_miss: completed=72/100 errors=28 elapsed_ms=1112.3'),1
FANOUT,K100,Exception('timeout_or_slo_miss: completed=61/100 errors=27 elapsed_ms=4077.0'),1
FANOUT,K100,Exception('timeout_or_slo_miss: completed=71/100 errors=29 elapsed_ms=1097.5'),1
FANOUT,K100,Exception('timeout_or_slo_miss: completed=73/100 errors=27 elapsed_ms=1100.8'),1
FANOUT,K100,Exception('timeout_or_slo_miss: completed=52/100 errors=34 elapsed_ms=9407.8'),1
FANOUT,K100,Exception('timeout_or_slo_miss: completed=67/100 errors=33 elapsed_ms=1200.2'),2
FANOUT,K100,Exception('timeout_or_slo_miss: completed=65/100 errors=35 elapsed_ms=1219.7'),1
FANOUT,K100,Exception('timeout_or_slo_miss: completed=81/100 errors=3 elapsed_ms=1777.7'),1
FANOUT,K100,Exception('timeout_or_slo_miss: completed=67/100 errors=33 elapsed_ms=1249.6'),1
FANOUT,K100,Exception('timeout_or_slo_miss: completed=63/100 errors=37 elapsed_ms=1152.7'),1
FANOUT,K100,Exception('timeout_or_slo_miss: completed=68/100 errors=32 elapsed_ms=1118.9'),1
FANOUT,K100,Exception('timeout_or_slo_miss: completed=59/100 errors=41 elapsed_ms=1503.2'),2
FANOUT,K100,Exception('timeout_or_slo_miss: completed=69/100 errors=31 elapsed_ms=1201.3'),1
FANOUT,K100,Exception('timeout_or_slo_miss: completed=74/100 errors=26 elapsed_ms=1022.6'),1
FANOUT,K100,Exception('timeout_or_slo_miss: completed=60/100 errors=35 elapsed_ms=4338.2'),1
FANOUT,K100,Exception('timeout_or_slo_miss: completed=73/100 errors=27 elapsed_ms=1132.3'),1
FANOUT,K100,Exception('timeout_or_slo_miss: completed=65/100 errors=35 elapsed_ms=1239.9'),1
FANOUT,K100,Exception('timeout_or_slo_miss: completed=67/100 errors=21 elapsed_ms=4389.1'),1
FANOUT,K100,Exception('timeout_or_slo_miss: completed=68/100 errors=32 elapsed_ms=1174.2'),1
FANOUT,K100,Exception('timeout_or_slo_miss: completed=69/100 errors=31 elapsed_ms=1170.4'),1
FANOUT,K100,Exception('timeout_or_slo_miss: completed=75/100 errors=25 elapsed_ms=1067.8'),1
FANOUT,K100,Exception('timeout_or_slo_miss: completed=67/100 errors=33 elapsed_ms=1140.4'),1
FANOUT,K100,Exception('timeout_or_slo_miss: completed=66/100 errors=34 elapsed_ms=1227.5'),1
FANOUT,K100,Exception('timeout_or_slo_miss: completed=73/100 errors=27 elapsed_ms=1109.2'),1
FANOUT,K100,Exception('timeout_or_slo_miss: completed=68/100 errors=32 elapsed_ms=1129.3'),1
FANOUT,K100,Exception('timeout_or_slo_miss: completed=67/100 errors=33 elapsed_ms=1255.9'),1
FANOUT,K100,Exception('timeout_or_slo_miss: completed=63/100 errors=37 elapsed_ms=1296.6'),1
FANOUT,K100,Exception('timeout_or_slo_miss: completed=54/100 errors=46 elapsed_ms=1631.4'),1
FANOUT,K100,Exception('timeout_or_slo_miss: completed=69/100 errors=31 elapsed_ms=1122.3'),1
FANOUT,K100,Exception('timeout_or_slo_miss: completed=60/100 errors=37 elapsed_ms=4329.6'),1
FANOUT,K100,Exception('timeout_or_slo_miss: completed=77/100 errors=23 elapsed_ms=1013.3'),1
FANOUT,K100,Exception('timeout_or_slo_miss: completed=65/100 errors=35 elapsed_ms=1248.5'),1
FANOUT,K100,Exception('timeout_or_slo_miss: completed=61/100 errors=39 elapsed_ms=1395.1'),1
FANOUT,K100,Exception('timeout_or_slo_miss: completed=66/100 errors=34 elapsed_ms=1207.0'),1
FANOUT,K100,Exception('timeout_or_slo_miss: completed=64/100 errors=36 elapsed_ms=1335.1'),1
FANOUT,K100,Exception('timeout_or_slo_miss: completed=71/100 errors=29 elapsed_ms=1022.8'),1
FANOUT,K100,Exception('timeout_or_slo_miss: completed=59/100 errors=41 elapsed_ms=1506.1'),1
FANOUT,K100,Exception('timeout_or_slo_miss: completed=65/100 errors=35 elapsed_ms=1273.7'),1
FANOUT,K100,Exception('timeout_or_slo_miss: completed=64/100 errors=36 elapsed_ms=1306.0'),1
FANOUT,K100,Exception('timeout_or_slo_miss: completed=68/100 errors=32 elapsed_ms=1146.7'),1
FANOUT,K100,Exception('timeout_or_slo_miss: completed=61/100 errors=39 elapsed_ms=1334.4'),1
FANOUT,K100,Exception('timeout_or_slo_miss: completed=73/100 errors=27 elapsed_ms=1131.7'),1
FANOUT,K100,Exception('timeout_or_slo_miss: completed=69/100 errors=31 elapsed_ms=1147.8'),2
FANOUT,K100,Exception('timeout_or_slo_miss: completed=63/100 errors=37 elapsed_ms=1326.2'),1
FANOUT,K100,Exception('timeout_or_slo_miss: completed=69/100 errors=31 elapsed_ms=1217.1'),1
FANOUT,K100,Exception('timeout_or_slo_miss: completed=66/100 errors=34 elapsed_ms=1262.8'),1
FANOUT,K100,Exception('timeout_or_slo_miss: completed=69/100 errors=31 elapsed_ms=1124.4'),1
FANOUT,K100,Exception('timeout_or_slo_miss: completed=68/100 errors=32 elapsed_ms=1170.3'),1
FANOUT,K100,Exception('timeout_or_slo_miss: completed=66/100 errors=34 elapsed_ms=1159.1'),1
FANOUT,K100,Exception('timeout_or_slo_miss: completed=67/100 errors=17 elapsed_ms=3353.0'),1
FANOUT,K100,Exception('timeout_or_slo_miss: completed=61/100 errors=39 elapsed_ms=1438.8'),1
FANOUT,K100,Exception('timeout_or_slo_miss: completed=65/100 errors=35 elapsed_ms=1195.1'),1
FANOUT,K100,Exception('timeout_or_slo_miss: completed=65/100 errors=35 elapsed_ms=1216.3'),1
FANOUT,K100,Exception('timeout_or_slo_miss: completed=66/100 errors=34 elapsed_ms=1219.9'),1
FANOUT,K100,Exception('timeout_or_slo_miss: completed=71/100 errors=29 elapsed_ms=1129.4'),1
FANOUT,K100,Exception('timeout_or_slo_miss: completed=67/100 errors=33 elapsed_ms=1257.6'),1
FANOUT,K100,Exception('timeout_or_slo_miss: completed=74/100 errors=26 elapsed_ms=1096.5'),1
FANOUT,K100,Exception('timeout_or_slo_miss: completed=69/100 errors=31 elapsed_ms=1190.0'),2
FANOUT,K100,Exception('timeout_or_slo_miss: completed=61/100 errors=23 elapsed_ms=4130.8'),1
FANOUT,K100,Exception('timeout_or_slo_miss: completed=74/100 errors=26 elapsed_ms=1012.9'),1
FANOUT,K100,Exception('timeout_or_slo_miss: completed=64/100 errors=20 elapsed_ms=3973.3'),1
FANOUT,K100,Exception('timeout_or_slo_miss: completed=61/100 errors=39 elapsed_ms=1356.2'),1
FANOUT,K100,Exception('timeout_or_slo_miss: completed=33/100 errors=53 elapsed_ms=16917.9'),1
FANOUT,K100,Exception('timeout_or_slo_miss: completed=62/100 errors=38 elapsed_ms=1279.0'),1
FANOUT,K100,Exception('timeout_or_slo_miss: completed=72/100 errors=28 elapsed_ms=1154.9'),1
FANOUT,K100,Exception('timeout_or_slo_miss: completed=71/100 errors=29 elapsed_ms=1122.2'),1
FANOUT,K100,Exception('timeout_or_slo_miss: completed=65/100 errors=35 elapsed_ms=1166.3'),1
FANOUT,K100,Exception('timeout_or_slo_miss: completed=63/100 errors=21 elapsed_ms=3963.2'),1
FANOUT,K100,Exception('timeout_or_slo_miss: completed=68/100 errors=32 elapsed_ms=1201.2'),2
FANOUT,K100,Exception('timeout_or_slo_miss: completed=67/100 errors=33 elapsed_ms=1226.1'),2
FANOUT,K100,Exception('timeout_or_slo_miss: completed=64/100 errors=36 elapsed_ms=1273.2'),1
FANOUT,K100,Exception('timeout_or_slo_miss: completed=60/100 errors=40 elapsed_ms=1503.5'),1
FANOUT,K100,Exception('timeout_or_slo_miss: completed=69/100 errors=31 elapsed_ms=1207.0'),1
FANOUT,K100,Exception('timeout_or_slo_miss: completed=62/100 errors=23 elapsed_ms=3825.1'),1
FANOUT,K100,Exception('timeout_or_slo_miss: completed=64/100 errors=36 elapsed_ms=1165.5'),1
FANOUT,K100,Exception('timeout_or_slo_miss: completed=65/100 errors=35 elapsed_ms=1265.5'),1
FANOUT,K100,Exception('timeout_or_slo_miss: completed=63/100 errors=37 elapsed_ms=1291.1'),1
FANOUT,K100,Exception('timeout_or_slo_miss: completed=67/100 errors=17 elapsed_ms=3578.3'),1
FANOUT,K100,Exception('timeout_or_slo_miss: completed=66/100 errors=34 elapsed_ms=1249.3'),1
FANOUT,K100,Exception('timeout_or_slo_miss: completed=69/100 errors=31 elapsed_ms=1174.9'),1
FANOUT,K100,Exception('timeout_or_slo_miss: completed=66/100 errors=34 elapsed_ms=1173.0'),1
FANOUT,K100,Exception('timeout_or_slo_miss: completed=60/100 errors=40 elapsed_ms=1430.3'),1
FANOUT,K100,Exception('timeout_or_slo_miss: completed=63/100 errors=37 elapsed_ms=1176.9'),1
FANOUT,K100,Exception('timeout_or_slo_miss: completed=61/100 errors=39 elapsed_ms=1504.6'),1
FANOUT,K100,Exception('timeout_or_slo_miss: completed=64/100 errors=36 elapsed_ms=1305.3'),1
FANOUT,K100,Exception('timeout_or_slo_miss: completed=73/100 errors=27 elapsed_ms=1099.6'),1
FANOUT,K100,Exception('timeout_or_slo_miss: completed=63/100 errors=37 elapsed_ms=1257.9'),1
FANOUT,K100,Exception('timeout_or_slo_miss: completed=63/100 errors=37 elapsed_ms=1287.2'),1
FANOUT,K100,Exception('timeout_or_slo_miss: completed=69/100 errors=31 elapsed_ms=1154.6'),1
FANOUT,K100,Exception('timeout_or_slo_miss: completed=64/100 errors=36 elapsed_ms=1227.8'),1
FANOUT,K100,Exception('timeout_or_slo_miss: completed=62/100 errors=26 elapsed_ms=3995.4'),1
FANOUT,K100,Exception('timeout_or_slo_miss: completed=70/100 errors=14 elapsed_ms=3372.4'),1
FANOUT,K100,Exception('timeout_or_slo_miss: completed=78/100 errors=22 elapsed_ms=1017.6'),1
FANOUT,K100,Exception('timeout_or_slo_miss: completed=59/100 errors=41 elapsed_ms=1504.0'),3
FANOUT,K100,Exception('timeout_or_slo_miss: completed=67/100 errors=33 elapsed_ms=1174.8'),2
FANOUT,K100,Exception('timeout_or_slo_miss: completed=70/100 errors=30 elapsed_ms=1189.0'),1
FANOUT,K100,Exception('timeout_or_slo_miss: completed=68/100 errors=32 elapsed_ms=1145.9'),1
FANOUT,K100,Exception('timeout_or_slo_miss: completed=76/100 errors=24 elapsed_ms=1045.1'),1
FANOUT,K100,Exception('timeout_or_slo_miss: completed=65/100 errors=19 elapsed_ms=3441.6'),1
FANOUT,K100,Exception('timeout_or_slo_miss: completed=64/100 errors=21 elapsed_ms=3953.0'),1
FANOUT,K100,Exception('timeout_or_slo_miss: completed=71/100 errors=29 elapsed_ms=1244.4'),1
FANOUT,K100,Exception('timeout_or_slo_miss: completed=71/100 errors=29 elapsed_ms=1125.8'),1
FANOUT,K100,Exception('timeout_or_slo_miss: completed=58/100 errors=42 elapsed_ms=1506.9'),1
FANOUT,K100,Exception('timeout_or_slo_miss: completed=68/100 errors=23 elapsed_ms=4165.3'),1
FANOUT,K100,Exception('timeout_or_slo_miss: completed=69/100 errors=31 elapsed_ms=1138.0'),2
FANOUT,K100,Exception('timeout_or_slo_miss: completed=71/100 errors=29 elapsed_ms=1162.1'),1
FANOUT,K100,Exception('timeout_or_slo_miss: completed=69/100 errors=31 elapsed_ms=1149.1'),1
FANOUT,K100,Exception('timeout_or_slo_miss: completed=66/100 errors=34 elapsed_ms=1217.2'),1
FANOUT,K100,Exception('timeout_or_slo_miss: completed=65/100 errors=35 elapsed_ms=1343.3'),1
FANOUT,K100,Exception('timeout_or_slo_miss: completed=68/100 errors=32 elapsed_ms=1173.2'),1
FANOUT,K100,Exception('timeout_or_slo_miss: completed=75/100 errors=25 elapsed_ms=1012.3'),1
FANOUT,K100,Exception('timeout_or_slo_miss: completed=55/100 errors=45 elapsed_ms=1506.5'),1
FANOUT,K100,Exception('timeout_or_slo_miss: completed=65/100 errors=35 elapsed_ms=1260.9'),1
FANOUT,K100,Exception('timeout_or_slo_miss: completed=73/100 errors=27 elapsed_ms=1116.2'),1
FANOUT,K100,Exception('timeout_or_slo_miss: completed=66/100 errors=34 elapsed_ms=1163.8'),1
FANOUT,K100,Exception('timeout_or_slo_miss: completed=72/100 errors=28 elapsed_ms=1152.8'),1
FANOUT,K100,Exception('timeout_or_slo_miss: completed=76/100 errors=24 elapsed_ms=1004.8'),2
FANOUT,K100,Exception('timeout_or_slo_miss: completed=64/100 errors=36 elapsed_ms=1183.4'),1
FANOUT,K100,Exception('timeout_or_slo_miss: completed=57/100 errors=43 elapsed_ms=1511.7'),1
FANOUT,K100,Exception('timeout_or_slo_miss: completed=65/100 errors=35 elapsed_ms=1217.5'),1
FANOUT,K100,Exception('timeout_or_slo_miss: completed=67/100 errors=33 elapsed_ms=1158.3'),1
FANOUT,K100,Exception('timeout_or_slo_miss: completed=69/100 errors=31 elapsed_ms=1173.6'),1
FANOUT,K100,Exception('timeout_or_slo_miss: completed=63/100 errors=22 elapsed_ms=4026.2'),1
FANOUT,K100,Exception('timeout_or_slo_miss: completed=58/100 errors=42 elapsed_ms=1506.4'),1
FANOUT,K100,Exception('timeout_or_slo_miss: completed=63/100 errors=37 elapsed_ms=1248.8'),1
FANOUT,K100,Exception('timeout_or_slo_miss: completed=56/100 errors=44 elapsed_ms=1570.6'),1
FANOUT,K100,Exception('timeout_or_slo_miss: completed=69/100 errors=31 elapsed_ms=1143.7'),1
FANOUT,K100,Exception('timeout_or_slo_miss: completed=67/100 errors=16 elapsed_ms=4044.5'),1
FANOUT,K100,Exception('timeout_or_slo_miss: completed=68/100 errors=32 elapsed_ms=1164.0'),1
FANOUT,K100,Exception('timeout_or_slo_miss: completed=72/100 errors=27 elapsed_ms=1644.6'),1
FANOUT,K100,Exception('timeout_or_slo_miss: completed=63/100 errors=37 elapsed_ms=1329.0'),1
FANOUT,K100,Exception('timeout_or_slo_miss: completed=74/100 errors=26 elapsed_ms=1117.3'),1
FANOUT,K100,Exception('timeout_or_slo_miss: completed=69/100 errors=31 elapsed_ms=1180.6'),1
FANOUT,K100,Exception('timeout_or_slo_miss: completed=27/100 errors=58 elapsed_ms=17522.6'),1
FANOUT,K100,Exception('timeout_or_slo_miss: completed=63/100 errors=37 elapsed_ms=1270.2'),1
FANOUT,K100,Exception('timeout_or_slo_miss: completed=69/100 errors=31 elapsed_ms=1150.8'),1
FANOUT,K100,Exception('timeout_or_slo_miss: completed=68/100 errors=32 elapsed_ms=1157.7'),1
FANOUT,K100,Exception('timeout_or_slo_miss: completed=71/100 errors=29 elapsed_ms=1173.8'),1
FANOUT,K100,Exception('timeout_or_slo_miss: completed=61/100 errors=39 elapsed_ms=1322.5'),1
FANOUT,K100,Exception('timeout_or_slo_miss: completed=57/100 errors=43 elapsed_ms=1507.8'),1
FANOUT,K100,Exception('timeout_or_slo_miss: completed=65/100 errors=35 elapsed_ms=1304.1'),1
FANOUT,K100,Exception('timeout_or_slo_miss: completed=70/100 errors=30 elapsed_ms=1118.6'),1
FANOUT,K100,Exception('timeout_or_slo_miss: completed=68/100 errors=32 elapsed_ms=1279.7'),1
FANOUT,K100,Exception('timeout_or_slo_miss: completed=62/100 errors=38 elapsed_ms=1447.0'),1
FANOUT,K100,Exception('timeout_or_slo_miss: completed=62/100 errors=38 elapsed_ms=1313.9'),1
FANOUT,K100,Exception('timeout_or_slo_miss: completed=64/100 errors=36 elapsed_ms=1279.1'),1
FANOUT,K100,Exception('timeout_or_slo_miss: completed=65/100 errors=19 elapsed_ms=4218.5'),1
FANOUT,K100,Exception('timeout_or_slo_miss: completed=69/100 errors=31 elapsed_ms=1128.7'),1
FANOUT,K100,Exception('timeout_or_slo_miss: completed=71/100 errors=29 elapsed_ms=1152.5'),1
FANOUT,K100,Exception('timeout_or_slo_miss: completed=63/100 errors=37 elapsed_ms=1300.5'),1
FANOUT,K100,Exception('timeout_or_slo_miss: completed=72/100 errors=28 elapsed_ms=1108.7'),1
FANOUT,K100,Exception('timeout_or_slo_miss: completed=67/100 errors=33 elapsed_ms=1147.3'),1
FANOUT,K100,Exception('timeout_or_slo_miss: completed=59/100 errors=41 elapsed_ms=1505.6'),2
FANOUT,K100,Exception('timeout_or_slo_miss: completed=64/100 errors=36 elapsed_ms=1365.1'),1
FANOUT,K100,Exception('timeout_or_slo_miss: completed=68/100 errors=32 elapsed_ms=1114.3'),1
FANOUT,K100,Exception('timeout_or_slo_miss: completed=70/100 errors=30 elapsed_ms=1156.8'),1
FANOUT,K100,Exception('timeout_or_slo_miss: completed=61/100 errors=39 elapsed_ms=1502.5'),1
FANOUT,K100,Exception('timeout_or_slo_miss: completed=70/100 errors=30 elapsed_ms=1139.2'),1
FANOUT,K100,Exception('timeout_or_slo_miss: completed=62/100 errors=38 elapsed_ms=1208.6'),1
FANOUT,K100,Exception('timeout_or_slo_miss: completed=61/100 errors=39 elapsed_ms=1309.9'),1
FANOUT,K100,Exception('timeout_or_slo_miss: completed=65/100 errors=26 elapsed_ms=4308.4'),1
FANOUT,K100,Exception('timeout_or_slo_miss: completed=76/100 errors=24 elapsed_ms=1080.5'),2
FANOUT,K100,Exception('timeout_or_slo_miss: completed=71/100 errors=29 elapsed_ms=1145.9'),1
FANOUT,K100,Exception('timeout_or_slo_miss: completed=62/100 errors=38 elapsed_ms=1311.9'),1
FANOUT,K100,Exception('timeout_or_slo_miss: completed=68/100 errors=32 elapsed_ms=1212.9'),1
FANOUT,K100,Exception('timeout_or_slo_miss: completed=68/100 errors=32 elapsed_ms=1166.8'),1
FANOUT,K100,Exception('timeout_or_slo_miss: completed=59/100 errors=41 elapsed_ms=1509.9'),1
FANOUT,K100,Exception('timeout_or_slo_miss: completed=62/100 errors=38 elapsed_ms=1373.6'),1
FANOUT,K100,Exception('timeout_or_slo_miss: completed=69/100 errors=24 elapsed_ms=2030.7'),1
FANOUT,K100,Exception('timeout_or_slo_miss: completed=67/100 errors=33 elapsed_ms=1143.8'),1
FANOUT,K100,Exception('timeout_or_slo_miss: completed=64/100 errors=36 elapsed_ms=1229.4'),1
FANOUT,K100,Exception('timeout_or_slo_miss: completed=62/100 errors=38 elapsed_ms=1246.3'),1
FANOUT,K100,Exception('timeout_or_slo_miss: completed=57/100 errors=43 elapsed_ms=1508.6'),1
FANOUT,K100,Exception('timeout_or_slo_miss: completed=67/100 errors=33 elapsed_ms=1156.5'),1
FANOUT,K100,Exception('timeout_or_slo_miss: completed=68/100 errors=32 elapsed_ms=1148.4'),1
FANOUT,K100,Exception('timeout_or_slo_miss: completed=68/100 errors=32 elapsed_ms=1209.6'),1
FANOUT,K100,Exception('timeout_or_slo_miss: completed=60/100 errors=40 elapsed_ms=1455.8'),1
FANOUT,K100,Exception('timeout_or_slo_miss: completed=59/100 errors=41 elapsed_ms=1504.5'),1
FANOUT,K100,Exception('timeout_or_slo_miss: completed=66/100 errors=34 elapsed_ms=1170.3'),1
FANOUT,K100,Exception('timeout_or_slo_miss: completed=65/100 errors=35 elapsed_ms=1282.7'),1
FANOUT,K100,Exception('timeout_or_slo_miss: completed=66/100 errors=34 elapsed_ms=1311.6'),1
FANOUT,K100,Exception('timeout_or_slo_miss: completed=71/100 errors=12 elapsed_ms=3397.4'),1
FANOUT,K100,Exception('timeout_or_slo_miss: completed=71/100 errors=29 elapsed_ms=1102.9'),1
FANOUT,K100,Exception('timeout_or_slo_miss: completed=66/100 errors=34 elapsed_ms=1158.1'),1
FANOUT,K100,Exception('timeout_or_slo_miss: completed=70/100 errors=13 elapsed_ms=3358.3'),1
FANOUT,K100,Exception('timeout_or_slo_miss: completed=55/100 errors=45 elapsed_ms=1509.1'),1
FANOUT,K100,Exception('timeout_or_slo_miss: completed=69/100 errors=31 elapsed_ms=1184.9'),1
FANOUT,K100,Exception('timeout_or_slo_miss: completed=70/100 errors=14 elapsed_ms=3103.2'),1
FANOUT,K100,Exception('timeout_or_slo_miss: completed=73/100 errors=27 elapsed_ms=1127.8'),1
FANOUT,K100,Exception('timeout_or_slo_miss: completed=65/100 errors=35 elapsed_ms=1168.5'),1
FANOUT,K100,Exception('timeout_or_slo_miss: completed=65/100 errors=35 elapsed_ms=1165.5'),1
FANOUT,K100,Exception('timeout_or_slo_miss: completed=68/100 errors=32 elapsed_ms=1211.4'),1
FANOUT,K100,Exception('timeout_or_slo_miss: completed=66/100 errors=34 elapsed_ms=1161.5'),1
FANOUT,K100,Exception('timeout_or_slo_miss: completed=68/100 errors=32 elapsed_ms=1189.3'),1
FANOUT,K100,Exception('timeout_or_slo_miss: completed=65/100 errors=35 elapsed_ms=1185.2'),1
FANOUT,K100,Exception('timeout_or_slo_miss: completed=66/100 errors=34 elapsed_ms=1267.0'),1
FANOUT,K100,Exception('timeout_or_slo_miss: completed=69/100 errors=31 elapsed_ms=1143.3'),1
FANOUT,K100,Exception('timeout_or_slo_miss: completed=70/100 errors=30 elapsed_ms=1114.5'),1
FANOUT,K100,Exception('timeout_or_slo_miss: completed=65/100 errors=35 elapsed_ms=1244.5'),1
FANOUT,K100,Exception('timeout_or_slo_miss: completed=68/100 errors=32 elapsed_ms=1221.5'),1
FANOUT,K100,Exception('timeout_or_slo_miss: completed=71/100 errors=12 elapsed_ms=3553.6'),1
FANOUT,K100,Exception('timeout_or_slo_miss: completed=64/100 errors=36 elapsed_ms=1285.5'),1
FANOUT,K100,Exception('timeout_or_slo_miss: completed=63/100 errors=37 elapsed_ms=1244.2'),1
FANOUT,K100,Exception('timeout_or_slo_miss: completed=63/100 errors=37 elapsed_ms=1184.3'),1
FANOUT,K100,Exception('timeout_or_slo_miss: completed=68/100 errors=32 elapsed_ms=1232.6'),1
FANOUT,K100,Exception('timeout_or_slo_miss: completed=64/100 errors=36 elapsed_ms=1206.6'),1
FANOUT,K100,Exception('timeout_or_slo_miss: completed=65/100 errors=35 elapsed_ms=1326.1'),1
FANOUT,K100,Exception('timeout_or_slo_miss: completed=70/100 errors=30 elapsed_ms=1103.1'),1
FANOUT,K100,Exception('timeout_or_slo_miss: completed=68/100 errors=32 elapsed_ms=1191.5'),1
FANOUT,K100,Exception('timeout_or_slo_miss: completed=69/100 errors=31 elapsed_ms=1249.7'),1
FANOUT,K100,Exception('timeout_or_slo_miss: completed=71/100 errors=29 elapsed_ms=1137.2'),1
FANOUT,K100,Exception('timeout_or_slo_miss: completed=59/100 errors=33 elapsed_ms=9140.6'),1
FANOUT,K100,Exception('timeout_or_slo_miss: completed=63/100 errors=37 elapsed_ms=1336.4'),1
FANOUT,K100,Exception('timeout_or_slo_miss: completed=67/100 errors=33 elapsed_ms=1192.9'),1
FANOUT,K100,Exception('timeout_or_slo_miss: completed=59/100 errors=41 elapsed_ms=1505.3'),1
FANOUT,K100,Exception('timeout_or_slo_miss: completed=68/100 errors=32 elapsed_ms=1229.3'),1
FANOUT,K100,Exception('timeout_or_slo_miss: completed=75/100 errors=25 elapsed_ms=1011.5'),1
FANOUT,K100,Exception('timeout_or_slo_miss: completed=71/100 errors=29 elapsed_ms=1100.4'),1
FANOUT,K100,Exception('timeout_or_slo_miss: completed=66/100 errors=34 elapsed_ms=1164.1'),1
FANOUT,K100,Exception('timeout_or_slo_miss: completed=64/100 errors=36 elapsed_ms=1201.3'),1
FANOUT,K100,Exception('timeout_or_slo_miss: completed=68/100 errors=32 elapsed_ms=1231.0'),1
FANOUT,K100,Exception('timeout_or_slo_miss: completed=73/100 errors=27 elapsed_ms=1065.8'),1
FANOUT,K100,Exception('timeout_or_slo_miss: completed=64/100 errors=36 elapsed_ms=1272.9'),1
FANOUT,K100,Exception('timeout_or_slo_miss: completed=62/100 errors=38 elapsed_ms=1316.2'),1
FANOUT,K100,Exception('timeout_or_slo_miss: completed=69/100 errors=31 elapsed_ms=1137.5'),2
FANOUT,K100,Exception('timeout_or_slo_miss: completed=68/100 errors=32 elapsed_ms=1130.1'),1
FANOUT,K100,Exception('timeout_or_slo_miss: completed=64/100 errors=36 elapsed_ms=1295.0'),1
FANOUT,K100,Exception('timeout_or_slo_miss: completed=68/100 errors=32 elapsed_ms=1113.4'),1
FANOUT,K100,Exception('timeout_or_slo_miss: completed=69/100 errors=31 elapsed_ms=1145.5'),1
FANOUT,K100,Exception('timeout_or_slo_miss: completed=71/100 errors=29 elapsed_ms=1147.0'),1
FANOUT,K100,Exception('timeout_or_slo_miss: completed=61/100 errors=33 elapsed_ms=4117.4'),1
FANOUT,K100,Exception('timeout_or_slo_miss: completed=62/100 errors=38 elapsed_ms=1331.5'),1
FANOUT,K100,Exception('timeout_or_slo_miss: completed=72/100 errors=28 elapsed_ms=1112.9'),1
FANOUT,K100,Exception('timeout_or_slo_miss: completed=66/100 errors=34 elapsed_ms=1292.1'),1
FANOUT,K100,Exception('timeout_or_slo_miss: completed=73/100 errors=27 elapsed_ms=1122.3'),1
FANOUT,K100,Exception('timeout_or_slo_miss: completed=73/100 errors=11 elapsed_ms=2906.0'),1
FANOUT,K100,Exception('timeout_or_slo_miss: completed=68/100 errors=32 elapsed_ms=1165.1'),1
FANOUT,K100,Exception('timeout_or_slo_miss: completed=60/100 errors=40 elapsed_ms=1422.3'),1
FANOUT,K100,Exception('timeout_or_slo_miss: completed=65/100 errors=35 elapsed_ms=1270.4'),1
FANOUT,K100,Exception('timeout_or_slo_miss: completed=70/100 errors=30 elapsed_ms=1124.6'),1
FANOUT,K100,Exception('timeout_or_slo_miss: completed=65/100 errors=35 elapsed_ms=1154.5'),1
FANOUT,K100,Exception('timeout_or_slo_miss: completed=68/100 errors=32 elapsed_ms=1235.8'),1
FANOUT,K100,Exception('timeout_or_slo_miss: completed=61/100 errors=39 elapsed_ms=1366.5'),1
FANOUT,K100,Exception('timeout_or_slo_miss: completed=71/100 errors=29 elapsed_ms=1137.6'),1
FANOUT,K100,Exception('timeout_or_slo_miss: completed=64/100 errors=36 elapsed_ms=1320.2'),1
FANOUT,K100,Exception('timeout_or_slo_miss: completed=64/100 errors=36 elapsed_ms=1276.7'),1
FANOUT,K100,Exception('timeout_or_slo_miss: completed=72/100 errors=28 elapsed_ms=1126.9'),1
FANOUT,K100,Exception('timeout_or_slo_miss: completed=71/100 errors=29 elapsed_ms=1157.1'),1
FANOUT,K100,Exception('timeout_or_slo_miss: completed=67/100 errors=33 elapsed_ms=1132.4'),1
FANOUT,K100,Exception('timeout_or_slo_miss: completed=64/100 errors=36 elapsed_ms=1192.5'),1
FANOUT,K100,Exception('timeout_or_slo_miss: completed=67/100 errors=33 elapsed_ms=1209.3'),1
FANOUT,K100,Exception('timeout_or_slo_miss: completed=69/100 errors=31 elapsed_ms=1136.8'),1
FANOUT,K100,Exception('timeout_or_slo_miss: completed=70/100 errors=30 elapsed_ms=1118.2'),1
FANOUT,K100,Exception('timeout_or_slo_miss: completed=59/100 errors=41 elapsed_ms=1503.8'),2
FANOUT,K100,Exception('timeout_or_slo_miss: completed=72/100 errors=28 elapsed_ms=1103.5'),1
FANOUT,K100,Exception('timeout_or_slo_miss: completed=58/100 errors=42 elapsed_ms=1506.2'),1
FANOUT,K100,Exception('timeout_or_slo_miss: completed=64/100 errors=36 elapsed_ms=1219.0'),1
FANOUT,K100,Exception('timeout_or_slo_miss: completed=53/100 errors=47 elapsed_ms=1595.2'),1
FANOUT,K100,Exception('timeout_or_slo_miss: completed=63/100 errors=37 elapsed_ms=1235.1'),1
FANOUT,K100,Exception('timeout_or_slo_miss: completed=70/100 errors=30 elapsed_ms=1096.3'),1
FANOUT,K100,Exception('timeout_or_slo_miss: completed=67/100 errors=33 elapsed_ms=1134.4'),1
FANOUT,K100,Exception('timeout_or_slo_miss: completed=62/100 errors=38 elapsed_ms=1205.4'),1
FANOUT,K100,Exception('timeout_or_slo_miss: completed=69/100 errors=15 elapsed_ms=3124.3'),1
FANOUT,K100,Exception('timeout_or_slo_miss: completed=61/100 errors=39 elapsed_ms=1409.2'),1
FANOUT,K100,Exception('timeout_or_slo_miss: completed=72/100 errors=28 elapsed_ms=1106.6'),2
FANOUT,K100,Exception('timeout_or_slo_miss: completed=65/100 errors=35 elapsed_ms=1241.6'),1
FANOUT,K100,Exception('timeout_or_slo_miss: completed=71/100 errors=29 elapsed_ms=1166.9'),1
FANOUT,K100,Exception('timeout_or_slo_miss: completed=67/100 errors=33 elapsed_ms=1213.2'),2
FANOUT,K100,Exception('timeout_or_slo_miss: completed=66/100 errors=18 elapsed_ms=3595.5'),1
FANOUT,K100,Exception('timeout_or_slo_miss: completed=71/100 errors=29 elapsed_ms=1125.5'),1
FANOUT,K100,Exception('timeout_or_slo_miss: completed=62/100 errors=38 elapsed_ms=1389.3'),1
FANOUT,K100,Exception('timeout_or_slo_miss: completed=72/100 errors=28 elapsed_ms=1103.8'),1
FANOUT,K100,Exception('timeout_or_slo_miss: completed=61/100 errors=39 elapsed_ms=1504.1'),1
FANOUT,K100,Exception('timeout_or_slo_miss: completed=79/100 errors=21 elapsed_ms=1007.8'),1
FANOUT,K100,Exception('timeout_or_slo_miss: completed=71/100 errors=29 elapsed_ms=1148.2'),1
FANOUT,K100,Exception('timeout_or_slo_miss: completed=74/100 errors=26 elapsed_ms=1021.3'),1
FANOUT,K100,Exception('timeout_or_slo_miss: completed=65/100 errors=35 elapsed_ms=1212.6'),1
FANOUT,K100,Exception('timeout_or_slo_miss: completed=69/100 errors=31 elapsed_ms=1191.4'),1
FANOUT,K100,Exception('timeout_or_slo_miss: completed=70/100 errors=30 elapsed_ms=1180.3'),1
FANOUT,K100,Exception('timeout_or_slo_miss: completed=66/100 errors=34 elapsed_ms=1223.4'),1
FANOUT,K100,Exception('timeout_or_slo_miss: completed=70/100 errors=30 elapsed_ms=1111.6'),1
FANOUT,K100,Exception('timeout_or_slo_miss: completed=68/100 errors=32 elapsed_ms=1264.3'),1
FANOUT,K100,Exception('timeout_or_slo_miss: completed=72/100 errors=12 elapsed_ms=3081.4'),1
FANOUT,K100,Exception('timeout_or_slo_miss: completed=71/100 errors=29 elapsed_ms=1135.0'),2
FANOUT,K100,Exception('timeout_or_slo_miss: completed=71/100 errors=29 elapsed_ms=1180.0'),1
FANOUT,K100,Exception('timeout_or_slo_miss: completed=64/100 errors=36 elapsed_ms=1191.8'),1
FANOUT,K100,Exception('timeout_or_slo_miss: completed=71/100 errors=29 elapsed_ms=1148.8'),1
FANOUT,K100,Exception('timeout_or_slo_miss: completed=70/100 errors=30 elapsed_ms=1027.5'),1
FANOUT,K100,Exception('timeout_or_slo_miss: completed=60/100 errors=40 elapsed_ms=1446.1'),1
FANOUT,K100,Exception('timeout_or_slo_miss: completed=71/100 errors=29 elapsed_ms=1046.1'),1
FANOUT,K100,Exception('timeout_or_slo_miss: completed=71/100 errors=29 elapsed_ms=1135.7'),1
FANOUT,K100,Exception('timeout_or_slo_miss: completed=67/100 errors=17 elapsed_ms=3338.3'),1
FANOUT,K100,Exception('timeout_or_slo_miss: completed=69/100 errors=14 elapsed_ms=3748.4'),1
FANOUT,K100,Exception('timeout_or_slo_miss: completed=75/100 errors=25 elapsed_ms=1077.9'),1
FANOUT,K100,Exception('timeout_or_slo_miss: completed=62/100 errors=38 elapsed_ms=1292.0'),1
FANOUT,K100,Exception('timeout_or_slo_miss: completed=61/100 errors=39 elapsed_ms=1503.2'),1
FANOUT,K100,Exception('timeout_or_slo_miss: completed=65/100 errors=35 elapsed_ms=1212.9'),1
FANOUT,K100,Exception('timeout_or_slo_miss: completed=30/100 errors=54 elapsed_ms=17518.4'),1
FANOUT,K100,Exception('timeout_or_slo_miss: completed=66/100 errors=34 elapsed_ms=1279.1'),1
FANOUT,K100,Exception('timeout_or_slo_miss: completed=72/100 errors=28 elapsed_ms=1094.6'),1
FANOUT,K100,Exception('timeout_or_slo_miss: completed=63/100 errors=37 elapsed_ms=1178.0'),1
FANOUT,K100,Exception('timeout_or_slo_miss: completed=65/100 errors=35 elapsed_ms=1231.6'),1
FANOUT,K100,Exception('timeout_or_slo_miss: completed=60/100 errors=40 elapsed_ms=1506.0'),1
FANOUT,K100,Exception('timeout_or_slo_miss: completed=64/100 errors=36 elapsed_ms=1283.6'),1
FANOUT,K100,Exception('timeout_or_slo_miss: completed=70/100 errors=30 elapsed_ms=1113.3'),1
FANOUT,K100,Exception('timeout_or_slo_miss: completed=63/100 errors=37 elapsed_ms=1271.8'),1
FANOUT,K100,Exception('timeout_or_slo_miss: completed=74/100 errors=26 elapsed_ms=1064.5'),1
FANOUT,K100,Exception('timeout_or_slo_miss: completed=66/100 errors=34 elapsed_ms=1123.3'),1
FANOUT,K100,Exception('timeout_or_slo_miss: completed=72/100 errors=28 elapsed_ms=1010.0'),1
FANOUT,K100,Exception('timeout_or_slo_miss: completed=67/100 errors=17 elapsed_ms=5878.1'),1
FANOUT,K100,Exception('timeout_or_slo_miss: completed=63/100 errors=37 elapsed_ms=1491.5'),1
FANOUT,K100,Exception('timeout_or_slo_miss: completed=67/100 errors=33 elapsed_ms=1174.7'),1
FANOUT,K100,Exception('timeout_or_slo_miss: completed=64/100 errors=36 elapsed_ms=1318.0'),1
FANOUT,K100,Exception('timeout_or_slo_miss: completed=72/100 errors=28 elapsed_ms=1109.9'),1
FANOUT,K100,Exception('timeout_or_slo_miss: completed=65/100 errors=35 elapsed_ms=1266.9'),1
FANOUT,K100,Exception('timeout_or_slo_miss: completed=66/100 errors=34 elapsed_ms=1136.6'),1
FANOUT,K100,Exception('timeout_or_slo_miss: completed=73/100 errors=27 elapsed_ms=1143.2'),1
FANOUT,K100,Exception('timeout_or_slo_miss: completed=57/100 errors=43 elapsed_ms=1508.3'),1
FANOUT,K100,Exception('timeout_or_slo_miss: completed=71/100 errors=29 elapsed_ms=1212.0'),1
FANOUT,K100,Exception('timeout_or_slo_miss: completed=68/100 errors=32 elapsed_ms=1168.7'),1
FANOUT,K100,Exception('timeout_or_slo_miss: completed=73/100 errors=27 elapsed_ms=1085.1'),1
FANOUT,K100,Exception('timeout_or_slo_miss: completed=63/100 errors=37 elapsed_ms=1280.5'),1
FANOUT,K100,Exception('timeout_or_slo_miss: completed=65/100 errors=35 elapsed_ms=1246.6'),1
FANOUT,K100,Exception('timeout_or_slo_miss: completed=77/100 errors=23 elapsed_ms=1037.9'),1
FANOUT,K100,Exception('timeout_or_slo_miss: completed=58/100 errors=42 elapsed_ms=1507.4'),2
FANOUT,K100,Exception('timeout_or_slo_miss: completed=58/100 errors=42 elapsed_ms=1507.6'),1
FANOUT,K100,Exception('timeout_or_slo_miss: completed=67/100 errors=33 elapsed_ms=1198.7'),1
FANOUT,K100,Exception('timeout_or_slo_miss: completed=71/100 errors=29 elapsed_ms=1024.0'),1
FANOUT,K100,Exception('timeout_or_slo_miss: completed=62/100 errors=38 elapsed_ms=1344.6'),1
FANOUT,K100,Exception('timeout_or_slo_miss: completed=62/100 errors=38 elapsed_ms=1305.3'),1
FANOUT,K100,Exception('timeout_or_slo_miss: completed=66/100 errors=34 elapsed_ms=1265.4'),1
FANOUT,K100,Exception('timeout_or_slo_miss: completed=74/100 errors=26 elapsed_ms=1106.3'),1
FANOUT,K100,Exception('timeout_or_slo_miss: completed=71/100 errors=13 elapsed_ms=2870.7'),1
FANOUT,K100,Exception('timeout_or_slo_miss: completed=65/100 errors=35 elapsed_ms=1215.6'),1
FANOUT,K100,Exception('timeout_or_slo_miss: completed=67/100 errors=33 elapsed_ms=1148.9'),1
FANOUT,K100,Exception('timeout_or_slo_miss: completed=65/100 errors=35 elapsed_ms=1203.8'),1
FANOUT,K100,Exception('timeout_or_slo_miss: completed=65/100 errors=35 elapsed_ms=1198.6'),1
FANOUT,K100,Exception('timeout_or_slo_miss: completed=68/100 errors=16 elapsed_ms=3407.1'),1
FANOUT,K100,Exception('timeout_or_slo_miss: completed=70/100 errors=30 elapsed_ms=1150.1'),1
FANOUT,K100,Exception('timeout_or_slo_miss: completed=68/100 errors=16 elapsed_ms=3492.5'),1
FANOUT,K100,Exception('timeout_or_slo_miss: completed=71/100 errors=29 elapsed_ms=1096.9'),1
FANOUT,K100,Exception('timeout_or_slo_miss: completed=66/100 errors=34 elapsed_ms=1153.6'),1
FANOUT,K100,Exception('timeout_or_slo_miss: completed=75/100 errors=25 elapsed_ms=1055.1'),1
FANOUT,K100,Exception('timeout_or_slo_miss: completed=66/100 errors=34 elapsed_ms=1186.5'),1
FANOUT,K100,Exception('timeout_or_slo_miss: completed=72/100 errors=28 elapsed_ms=1115.9'),1
FANOUT,K100,Exception('timeout_or_slo_miss: completed=63/100 errors=37 elapsed_ms=1278.5'),1
FANOUT,K100,Exception('timeout_or_slo_miss: completed=66/100 errors=34 elapsed_ms=1290.2'),1
FANOUT,K100,Exception('timeout_or_slo_miss: completed=71/100 errors=29 elapsed_ms=1134.2'),2
FANOUT,K100,Exception('timeout_or_slo_miss: completed=63/100 errors=23 elapsed_ms=4052.0'),1
FANOUT,K100,Exception('timeout_or_slo_miss: completed=75/100 errors=25 elapsed_ms=1018.7'),1
FANOUT,K100,Exception('timeout_or_slo_miss: completed=68/100 errors=32 elapsed_ms=1165.7'),1
FANOUT,K100,Exception('timeout_or_slo_miss: completed=73/100 errors=27 elapsed_ms=1095.2'),1
FANOUT,K100,Exception('timeout_or_slo_miss: completed=59/100 errors=41 elapsed_ms=1508.2'),1
FANOUT,K100,Exception('timeout_or_slo_miss: completed=73/100 errors=11 elapsed_ms=2581.1'),1
FANOUT,K100,Exception('timeout_or_slo_miss: completed=68/100 errors=32 elapsed_ms=1232.0'),1
FANOUT,K100,Exception('timeout_or_slo_miss: completed=64/100 errors=36 elapsed_ms=1236.8'),1
FANOUT,K100,Exception('timeout_or_slo_miss: completed=57/100 errors=29 elapsed_ms=5768.6'),1
FANOUT,K100,Exception('timeout_or_slo_miss: completed=59/100 errors=39 elapsed_ms=4343.5'),1
FANOUT,K100,Exception('timeout_or_slo_miss: completed=73/100 errors=27 elapsed_ms=1109.8'),1
FANOUT,K100,Exception('timeout_or_slo_miss: completed=74/100 errors=26 elapsed_ms=1025.4'),1
FANOUT,K100,Exception('timeout_or_slo_miss: completed=75/100 errors=25 elapsed_ms=1126.7'),1
FANOUT,K100,Exception('timeout_or_slo_miss: completed=72/100 errors=28 elapsed_ms=1018.5'),1
FANOUT,K100,Exception('timeout_or_slo_miss: completed=62/100 errors=38 elapsed_ms=1328.1'),1
FANOUT,K100,Exception('timeout_or_slo_miss: completed=69/100 errors=31 elapsed_ms=1182.3'),1
FANOUT,K100,Exception('timeout_or_slo_miss: completed=63/100 errors=37 elapsed_ms=1308.0'),2
FANOUT,K100,Exception('timeout_or_slo_miss: completed=66/100 errors=34 elapsed_ms=1147.5'),1
FANOUT,K100,Exception('timeout_or_slo_miss: completed=66/100 errors=34 elapsed_ms=1233.6'),1
FANOUT,K100,Exception('timeout_or_slo_miss: completed=68/100 errors=32 elapsed_ms=1160.0'),1
FANOUT,K100,Exception('timeout_or_slo_miss: completed=59/100 errors=41 elapsed_ms=1504.6'),1
FANOUT,K100,Exception('timeout_or_slo_miss: completed=68/100 errors=16 elapsed_ms=3294.0'),1
FANOUT,K100,Exception('timeout_or_slo_miss: completed=65/100 errors=35 elapsed_ms=1209.6'),1
FANOUT,K100,Exception('timeout_or_slo_miss: completed=69/100 errors=15 elapsed_ms=3225.2'),1
FANOUT,K100,Exception('timeout_or_slo_miss: completed=64/100 errors=36 elapsed_ms=1221.7'),1
FANOUT,K100,Exception('timeout_or_slo_miss: completed=62/100 errors=38 elapsed_ms=1231.7'),1
FANOUT,K100,Exception('timeout_or_slo_miss: completed=64/100 errors=36 elapsed_ms=1223.7'),1
FANOUT,K100,Exception('timeout_or_slo_miss: completed=63/100 errors=37 elapsed_ms=1230.2'),1
FANOUT,K100,Exception('timeout_or_slo_miss: completed=67/100 errors=33 elapsed_ms=1171.6'),1
FANOUT,K100,Exception('timeout_or_slo_miss: completed=60/100 errors=40 elapsed_ms=1503.1'),2
FANOUT,K100,Exception('timeout_or_slo_miss: completed=72/100 errors=28 elapsed_ms=1146.4'),1
FANOUT,K100,Exception('timeout_or_slo_miss: completed=64/100 errors=36 elapsed_ms=1295.3'),1
FANOUT,K100,Exception('timeout_or_slo_miss: completed=76/100 errors=24 elapsed_ms=1090.0'),2
FANOUT,K100,Exception('timeout_or_slo_miss: completed=61/100 errors=39 elapsed_ms=1499.4'),1
FANOUT,K100,Exception('timeout_or_slo_miss: completed=71/100 errors=29 elapsed_ms=1127.0'),1
FANOUT,K100,Exception('timeout_or_slo_miss: completed=75/100 errors=25 elapsed_ms=1091.8'),1
FANOUT,K100,Exception('timeout_or_slo_miss: completed=71/100 errors=29 elapsed_ms=1090.4'),1
FANOUT,K100,Exception('timeout_or_slo_miss: completed=67/100 errors=33 elapsed_ms=1174.6'),1
FANOUT,K100,Exception('timeout_or_slo_miss: completed=60/100 errors=40 elapsed_ms=1422.4'),1
FANOUT,K100,Exception('timeout_or_slo_miss: completed=69/100 errors=31 elapsed_ms=1182.2'),1
FANOUT,K100,Exception('timeout_or_slo_miss: completed=65/100 errors=35 elapsed_ms=1161.5'),1
FANOUT,K100,Exception('timeout_or_slo_miss: completed=65/100 errors=35 elapsed_ms=1184.0'),1
FANOUT,K100,Exception('timeout_or_slo_miss: completed=69/100 errors=31 elapsed_ms=1134.8'),1
FANOUT,K100,Exception('timeout_or_slo_miss: completed=64/100 errors=36 elapsed_ms=1276.4'),1
FANOUT,K100,Exception('timeout_or_slo_miss: completed=59/100 errors=41 elapsed_ms=1507.3'),1
FANOUT,K100,Exception('timeout_or_slo_miss: completed=69/100 errors=31 elapsed_ms=1166.5'),1
FANOUT,K100,Exception('timeout_or_slo_miss: completed=54/100 errors=46 elapsed_ms=1514.7'),1
FANOUT,K100,Exception('timeout_or_slo_miss: completed=71/100 errors=29 elapsed_ms=1137.8'),1
FANOUT,K100,Exception('timeout_or_slo_miss: completed=69/100 errors=31 elapsed_ms=1108.8'),1
FANOUT,K100,Exception('timeout_or_slo_miss: completed=69/100 errors=31 elapsed_ms=1178.2'),1
FANOUT,K100,Exception('timeout_or_slo_miss: completed=68/100 errors=16 elapsed_ms=3261.5'),1
FANOUT,K100,Exception('timeout_or_slo_miss: completed=67/100 errors=33 elapsed_ms=1193.1'),2
FANOUT,K100,Exception('timeout_or_slo_miss: completed=75/100 errors=9 elapsed_ms=2485.7'),1
FANOUT,K100,Exception('timeout_or_slo_miss: completed=65/100 errors=35 elapsed_ms=1263.2'),1
FANOUT,K100,Exception('timeout_or_slo_miss: completed=70/100 errors=30 elapsed_ms=1160.3'),1
FANOUT,K100,Exception('timeout_or_slo_miss: completed=64/100 errors=36 elapsed_ms=1259.6'),1
FANOUT,K100,Exception('timeout_or_slo_miss: completed=68/100 errors=32 elapsed_ms=1150.7'),2
FANOUT,K100,Exception('timeout_or_slo_miss: completed=70/100 errors=30 elapsed_ms=1154.0'),1
FANOUT,K100,Exception('timeout_or_slo_miss: completed=64/100 errors=36 elapsed_ms=1130.3'),1
FANOUT,K100,Exception('timeout_or_slo_miss: completed=70/100 errors=30 elapsed_ms=1111.1'),2
FANOUT,K100,Exception('timeout_or_slo_miss: completed=65/100 errors=35 elapsed_ms=1163.3'),1
FANOUT,K100,Exception('timeout_or_slo_miss: completed=63/100 errors=37 elapsed_ms=1266.5'),1
FANOUT,K100,Exception('timeout_or_slo_miss: completed=62/100 errors=38 elapsed_ms=1234.4'),2
FANOUT,K100,Exception('timeout_or_slo_miss: completed=60/100 errors=40 elapsed_ms=1406.9'),1
FANOUT,K100,Exception('timeout_or_slo_miss: completed=59/100 errors=23 elapsed_ms=9439.4'),1
FANOUT,K100,Exception('timeout_or_slo_miss: completed=65/100 errors=35 elapsed_ms=1251.6'),1
FANOUT,K100,Exception('timeout_or_slo_miss: completed=68/100 errors=32 elapsed_ms=1144.4'),1
FANOUT,K100,Exception('timeout_or_slo_miss: completed=65/100 errors=35 elapsed_ms=1144.9'),1
FANOUT,K100,Exception('timeout_or_slo_miss: completed=68/100 errors=32 elapsed_ms=1126.2'),1
FANOUT,K100,Exception('timeout_or_slo_miss: completed=63/100 errors=37 elapsed_ms=1166.3'),1
FANOUT,K100,Exception('timeout_or_slo_miss: completed=70/100 errors=30 elapsed_ms=1246.1'),1
FANOUT,K100,Exception('timeout_or_slo_miss: completed=70/100 errors=30 elapsed_ms=1087.1'),1
FANOUT,K100,Exception('timeout_or_slo_miss: completed=64/100 errors=36 elapsed_ms=1164.3'),1
FANOUT,K100,Exception('timeout_or_slo_miss: completed=60/100 errors=40 elapsed_ms=1486.3'),1
FANOUT,K100,Exception('timeout_or_slo_miss: completed=63/100 errors=37 elapsed_ms=1236.4'),1
FANOUT,K100,Exception('timeout_or_slo_miss: completed=59/100 errors=41 elapsed_ms=1504.2'),1
FANOUT,K100,Exception('timeout_or_slo_miss: completed=69/100 errors=31 elapsed_ms=1159.1'),1
FANOUT,K100,Exception('timeout_or_slo_miss: completed=68/100 errors=32 elapsed_ms=1118.0'),1
FANOUT,K100,Exception('timeout_or_slo_miss: completed=69/100 errors=31 elapsed_ms=1127.5'),1
FANOUT,K100,Exception('timeout_or_slo_miss: completed=63/100 errors=37 elapsed_ms=1292.4'),1
FANOUT,K100,Exception('timeout_or_slo_miss: completed=75/100 errors=25 elapsed_ms=1011.8'),1
FANOUT,K100,Exception('timeout_or_slo_miss: completed=69/100 errors=15 elapsed_ms=3120.4'),1
FANOUT,K100,Exception('timeout_or_slo_miss: completed=65/100 errors=35 elapsed_ms=1215.2'),1
FANOUT,K100,Exception('timeout_or_slo_miss: completed=61/100 errors=39 elapsed_ms=1406.1'),1
FANOUT,K100,Exception('timeout_or_slo_miss: completed=67/100 errors=33 elapsed_ms=1159.7'),1
FANOUT,K100,Exception('timeout_or_slo_miss: completed=60/100 errors=40 elapsed_ms=1329.2'),1
FANOUT,K100,Exception('timeout_or_slo_miss: completed=72/100 errors=28 elapsed_ms=1097.1'),1
FANOUT,K100,Exception('timeout_or_slo_miss: completed=64/100 errors=36 elapsed_ms=1272.8'),1
FANOUT,K100,Exception('timeout_or_slo_miss: completed=70/100 errors=30 elapsed_ms=1113.1'),1
FANOUT,K100,Exception('timeout_or_slo_miss: completed=72/100 errors=28 elapsed_ms=1141.5'),1
FANOUT,K100,Exception('timeout_or_slo_miss: completed=73/100 errors=27 elapsed_ms=1117.9'),1
FANOUT,K100,Exception('timeout_or_slo_miss: completed=68/100 errors=32 elapsed_ms=1154.5'),1
FANOUT,K100,Exception('timeout_or_slo_miss: completed=63/100 errors=37 elapsed_ms=1303.0'),1
FANOUT,K100,Exception('timeout_or_slo_miss: completed=70/100 errors=30 elapsed_ms=1132.8'),2
FANOUT,K100,Exception('timeout_or_slo_miss: completed=76/100 errors=24 elapsed_ms=1008.5'),1
FANOUT,K100,Exception('timeout_or_slo_miss: completed=63/100 errors=37 elapsed_ms=1383.3'),1
FANOUT,K100,Exception('timeout_or_slo_miss: completed=65/100 errors=35 elapsed_ms=1301.8'),1
FANOUT,K100,Exception('timeout_or_slo_miss: completed=68/100 errors=32 elapsed_ms=1152.4'),1
FANOUT,K100,Exception('timeout_or_slo_miss: completed=66/100 errors=34 elapsed_ms=1254.7'),1
FANOUT,K100,Exception('timeout_or_slo_miss: completed=69/100 errors=31 elapsed_ms=1137.2'),1
FANOUT,K100,Exception('timeout_or_slo_miss: completed=71/100 errors=29 elapsed_ms=1078.1'),1
FANOUT,K100,Exception('timeout_or_slo_miss: completed=62/100 errors=38 elapsed_ms=1278.4'),1
FANOUT,K100,Exception('timeout_or_slo_miss: completed=70/100 errors=30 elapsed_ms=1148.1'),1
FANOUT,K100,Exception('timeout_or_slo_miss: completed=71/100 errors=29 elapsed_ms=1108.5'),1
FANOUT,K100,Exception('timeout_or_slo_miss: completed=67/100 errors=33 elapsed_ms=1195.0'),1
FANOUT,K100,Exception('timeout_or_slo_miss: completed=71/100 errors=29 elapsed_ms=1115.3'),1
FANOUT,K100,Exception('timeout_or_slo_miss: completed=72/100 errors=28 elapsed_ms=1112.8'),1
FANOUT,K100,Exception('timeout_or_slo_miss: completed=71/100 errors=29 elapsed_ms=1205.8'),1
FANOUT,K100,Exception('timeout_or_slo_miss: completed=58/100 errors=42 elapsed_ms=1506.8'),1
FANOUT,K100,Exception('timeout_or_slo_miss: completed=69/100 errors=31 elapsed_ms=1206.8'),1
FANOUT,K100,Exception('timeout_or_slo_miss: completed=74/100 errors=26 elapsed_ms=1127.3'),1
FANOUT,K100,Exception('timeout_or_slo_miss: completed=70/100 errors=30 elapsed_ms=1153.8'),1
FANOUT,K100,Exception('timeout_or_slo_miss: completed=69/100 errors=31 elapsed_ms=1105.8'),1
FANOUT,K100,Exception('timeout_or_slo_miss: completed=71/100 errors=29 elapsed_ms=1129.8'),1
FANOUT,K100,Exception('timeout_or_slo_miss: completed=70/100 errors=14 elapsed_ms=3077.8'),1
FANOUT,K100,Exception('timeout_or_slo_miss: completed=71/100 errors=29 elapsed_ms=1112.6'),1
FANOUT,K100,Exception('timeout_or_slo_miss: completed=62/100 errors=38 elapsed_ms=1274.9'),1
FANOUT,K100,Exception('timeout_or_slo_miss: completed=70/100 errors=30 elapsed_ms=1228.7'),1
FANOUT,K100,Exception('timeout_or_slo_miss: completed=65/100 errors=35 elapsed_ms=1156.5'),1
FANOUT,K100,Exception('timeout_or_slo_miss: completed=64/100 errors=35 elapsed_ms=2154.5'),1
FANOUT,K100,Exception('timeout_or_slo_miss: completed=68/100 errors=32 elapsed_ms=1211.5'),1
FANOUT,K100,Exception('timeout_or_slo_miss: completed=69/100 errors=31 elapsed_ms=1235.6'),1
FANOUT,K100,Exception('timeout_or_slo_miss: completed=62/100 errors=30 elapsed_ms=4070.0'),1
FANOUT,K100,Exception('timeout_or_slo_miss: completed=68/100 errors=16 elapsed_ms=3200.4'),1
FANOUT,K100,Exception('timeout_or_slo_miss: completed=71/100 errors=29 elapsed_ms=1114.4'),1
FANOUT,K100,Exception('timeout_or_slo_miss: completed=65/100 errors=35 elapsed_ms=1140.3'),1
FANOUT,K100,Exception('timeout_or_slo_miss: completed=66/100 errors=34 elapsed_ms=1165.4'),1
FANOUT,K100,Exception('timeout_or_slo_miss: completed=72/100 errors=28 elapsed_ms=1130.2'),1
FANOUT,K100,Exception('timeout_or_slo_miss: completed=64/100 errors=36 elapsed_ms=1263.8'),1
FANOUT,K100,Exception('timeout_or_slo_miss: completed=74/100 errors=10 elapsed_ms=2767.9'),1
FANOUT,K100,Exception('timeout_or_slo_miss: completed=67/100 errors=33 elapsed_ms=1149.5'),1
FANOUT,K100,Exception('timeout_or_slo_miss: completed=64/100 errors=36 elapsed_ms=1260.1'),1
FANOUT,K100,Exception('timeout_or_slo_miss: completed=63/100 errors=37 elapsed_ms=1361.5'),1
FANOUT,K100,Exception('timeout_or_slo_miss: completed=74/100 errors=26 elapsed_ms=1128.9'),1
FANOUT,K100,Exception('timeout_or_slo_miss: completed=71/100 errors=29 elapsed_ms=1126.7'),1
FANOUT,K100,Exception('timeout_or_slo_miss: completed=54/100 errors=46 elapsed_ms=1510.1'),1
FANOUT,K100,Exception('timeout_or_slo_miss: completed=69/100 errors=31 elapsed_ms=1237.3'),1
FANOUT,K100,Exception('timeout_or_slo_miss: completed=69/100 errors=31 elapsed_ms=1158.4'),1
FANOUT,K100,Exception('timeout_or_slo_miss: completed=63/100 errors=21 elapsed_ms=3770.8'),1
FANOUT,K100,Exception('timeout_or_slo_miss: completed=76/100 errors=24 elapsed_ms=1012.2'),1
FANOUT,K100,Exception('timeout_or_slo_miss: completed=68/100 errors=16 elapsed_ms=3452.3'),1
FANOUT,K100,Exception('timeout_or_slo_miss: completed=29/100 errors=55 elapsed_ms=17307.2'),1
FANOUT,K100,Exception('timeout_or_slo_miss: completed=70/100 errors=30 elapsed_ms=1147.5'),1
FANOUT,K100,Exception('timeout_or_slo_miss: completed=73/100 errors=27 elapsed_ms=1089.9'),1
FANOUT,K100,Exception('timeout_or_slo_miss: completed=74/100 errors=26 elapsed_ms=1159.4'),1
FANOUT,K100,Exception('timeout_or_slo_miss: completed=72/100 errors=28 elapsed_ms=1100.5'),1
FANOUT,K100,Exception('timeout_or_slo_miss: completed=71/100 errors=29 elapsed_ms=1238.7'),1
FANOUT,K100,Exception('timeout_or_slo_miss: completed=73/100 errors=27 elapsed_ms=1107.8'),1
FANOUT,K100,Exception('timeout_or_slo_miss: completed=64/100 errors=36 elapsed_ms=1288.0'),1
FANOUT,K100,Exception('timeout_or_slo_miss: completed=66/100 errors=34 elapsed_ms=1153.7'),1
FANOUT,K100,Exception('timeout_or_slo_miss: completed=71/100 errors=29 elapsed_ms=1143.9'),1
FANOUT,K100,Exception('timeout_or_slo_miss: completed=71/100 errors=29 elapsed_ms=1126.0'),1
FANOUT,K100,Exception('timeout_or_slo_miss: completed=61/100 errors=39 elapsed_ms=1257.2'),1
FANOUT,K100,Exception('timeout_or_slo_miss: completed=67/100 errors=33 elapsed_ms=1211.6'),1
FANOUT,K100,Exception('timeout_or_slo_miss: completed=66/100 errors=34 elapsed_ms=1153.4'),1
FANOUT,K100,Exception('timeout_or_slo_miss: completed=73/100 errors=27 elapsed_ms=1103.8'),1
FANOUT,K100,Exception('timeout_or_slo_miss: completed=64/100 errors=36 elapsed_ms=1137.0'),1
FANOUT,K100,Exception('timeout_or_slo_miss: completed=68/100 errors=32 elapsed_ms=1150.9'),1
FANOUT,K100,Exception('timeout_or_slo_miss: completed=61/100 errors=39 elapsed_ms=1460.3'),1
FANOUT,K100,Exception('timeout_or_slo_miss: completed=58/100 errors=42 elapsed_ms=1509.4'),1
FANOUT,K100,Exception('timeout_or_slo_miss: completed=68/100 errors=32 elapsed_ms=1138.0'),1
FANOUT,K100,Exception('timeout_or_slo_miss: completed=71/100 errors=29 elapsed_ms=1129.3'),2
FANOUT,K100,Exception('timeout_or_slo_miss: completed=64/100 errors=36 elapsed_ms=1215.6'),1
FANOUT,K100,Exception('timeout_or_slo_miss: completed=61/100 errors=39 elapsed_ms=1427.7'),1
FANOUT,K100,Exception('timeout_or_slo_miss: completed=67/100 errors=33 elapsed_ms=1154.0'),1
FANOUT,K100,Exception('timeout_or_slo_miss: completed=68/100 errors=32 elapsed_ms=1181.6'),1
FANOUT,K100,Exception('timeout_or_slo_miss: completed=64/100 errors=36 elapsed_ms=1243.9'),1
FANOUT,K100,Exception('timeout_or_slo_miss: completed=65/100 errors=35 elapsed_ms=1245.6'),1
FANOUT,K100,Exception('timeout_or_slo_miss: completed=67/100 errors=33 elapsed_ms=1203.1'),1
FANOUT,K100,Exception('timeout_or_slo_miss: completed=67/100 errors=33 elapsed_ms=1145.4'),2
FANOUT,K100,Exception('timeout_or_slo_miss: completed=69/100 errors=31 elapsed_ms=1135.0'),1
FANOUT,K100,Exception('timeout_or_slo_miss: completed=42/100 errors=40 elapsed_ms=16885.1'),1
FANOUT,K100,Exception('timeout_or_slo_miss: completed=65/100 errors=35 elapsed_ms=1153.7'),1
FANOUT,K100,Exception('timeout_or_slo_miss: completed=61/100 errors=39 elapsed_ms=1460.5'),1
FANOUT,K100,Exception('timeout_or_slo_miss: completed=61/100 errors=39 elapsed_ms=1456.3'),1
FANOUT,K100,Exception('timeout_or_slo_miss: completed=67/100 errors=33 elapsed_ms=1178.3'),1
FANOUT,K100,Exception('timeout_or_slo_miss: completed=69/100 errors=31 elapsed_ms=1143.6'),1
FANOUT,K100,Exception('timeout_or_slo_miss: completed=55/100 errors=45 elapsed_ms=1607.8'),1
FANOUT,K100,Exception('timeout_or_slo_miss: completed=74/100 errors=26 elapsed_ms=1083.3'),1
FANOUT,K100,Exception('timeout_or_slo_miss: completed=62/100 errors=38 elapsed_ms=1446.9'),1
FANOUT,K100,Exception('timeout_or_slo_miss: completed=67/100 errors=33 elapsed_ms=1219.5'),2
FANOUT,K100,Exception('timeout_or_slo_miss: completed=74/100 errors=8 elapsed_ms=3677.7'),1
FANOUT,K100,Exception('timeout_or_slo_miss: completed=67/100 errors=33 elapsed_ms=1192.1'),1
FANOUT,K100,Exception('timeout_or_slo_miss: completed=65/100 errors=35 elapsed_ms=1226.5'),1
FANOUT,K100,Exception('timeout_or_slo_miss: completed=60/100 errors=40 elapsed_ms=1462.1'),1
FANOUT,K100,Exception('timeout_or_slo_miss: completed=63/100 errors=37 elapsed_ms=1377.2'),1
FANOUT,K100,Exception('timeout_or_slo_miss: completed=71/100 errors=29 elapsed_ms=1158.3'),2
FANOUT,K100,Exception('timeout_or_slo_miss: completed=65/100 errors=35 elapsed_ms=1213.1'),1
FANOUT,K100,Exception('timeout_or_slo_miss: completed=69/100 errors=31 elapsed_ms=1143.2'),2
FANOUT,K100,Exception('timeout_or_slo_miss: completed=71/100 errors=29 elapsed_ms=1067.7'),1
FANOUT,K100,Exception('timeout_or_slo_miss: completed=70/100 errors=30 elapsed_ms=1130.5'),2
FANOUT,K100,Exception('timeout_or_slo_miss: completed=68/100 errors=32 elapsed_ms=1167.1'),1
FANOUT,K100,Exception('timeout_or_slo_miss: completed=58/100 errors=42 elapsed_ms=1505.3'),3
FANOUT,K100,Exception('timeout_or_slo_miss: completed=65/100 errors=35 elapsed_ms=1388.1'),1
FANOUT,K100,Exception('timeout_or_slo_miss: completed=72/100 errors=28 elapsed_ms=1153.4'),1
FANOUT,K100,Exception('timeout_or_slo_miss: completed=68/100 errors=32 elapsed_ms=1128.2'),1
FANOUT,K100,Exception('timeout_or_slo_miss: completed=64/100 errors=36 elapsed_ms=1204.2'),1
FANOUT,K100,Exception('timeout_or_slo_miss: completed=65/100 errors=35 elapsed_ms=1239.3'),1
FANOUT,K100,Exception('timeout_or_slo_miss: completed=63/100 errors=37 elapsed_ms=1208.7'),1
FANOUT,K100,Exception('timeout_or_slo_miss: completed=71/100 errors=29 elapsed_ms=1022.9'),1
FANOUT,K100,Exception('timeout_or_slo_miss: completed=68/100 errors=32 elapsed_ms=1118.7'),1
FANOUT,K100,Exception('timeout_or_slo_miss: completed=63/100 errors=37 elapsed_ms=1407.4'),1
FANOUT,K100,Exception('timeout_or_slo_miss: completed=68/100 errors=32 elapsed_ms=1197.6'),1
FANOUT,K100,Exception('timeout_or_slo_miss: completed=57/100 errors=43 elapsed_ms=1505.9'),2
FANOUT,K100,Exception('timeout_or_slo_miss: completed=67/100 errors=33 elapsed_ms=1156.7'),1
FANOUT,K100,Exception('timeout_or_slo_miss: completed=63/100 errors=37 elapsed_ms=1289.1'),1
FANOUT,K100,Exception('timeout_or_slo_miss: completed=70/100 errors=30 elapsed_ms=1141.6'),1
FANOUT,K100,Exception('timeout_or_slo_miss: completed=65/100 errors=35 elapsed_ms=1188.2'),1
FANOUT,K100,Exception('timeout_or_slo_miss: completed=71/100 errors=29 elapsed_ms=1119.2'),1
FANOUT,K100,Exception('timeout_or_slo_miss: completed=72/100 errors=28 elapsed_ms=1120.2'),1
FANOUT,K100,Exception('timeout_or_slo_miss: completed=69/100 errors=15 elapsed_ms=3406.0'),1
FANOUT,K100,Exception('timeout_or_slo_miss: completed=59/100 errors=40 elapsed_ms=4376.6'),1
FANOUT,K100,Exception('timeout_or_slo_miss: completed=68/100 errors=16 elapsed_ms=3288.6'),1
FANOUT,K100,Exception('timeout_or_slo_miss: completed=63/100 errors=37 elapsed_ms=1241.7'),1
FANOUT,K100,Exception('timeout_or_slo_miss: completed=67/100 errors=17 elapsed_ms=3690.7'),1
FANOUT,K100,Exception('timeout_or_slo_miss: completed=60/100 errors=40 elapsed_ms=1259.9'),1
FANOUT,K100,Exception('timeout_or_slo_miss: completed=69/100 errors=31 elapsed_ms=1139.0'),1
FANOUT,K100,Exception('timeout_or_slo_miss: completed=68/100 errors=32 elapsed_ms=1205.6'),1
FANOUT,K100,Exception('timeout_or_slo_miss: completed=67/100 errors=33 elapsed_ms=1179.5'),1
FANOUT,K100,Exception('timeout_or_slo_miss: completed=64/100 errors=36 elapsed_ms=1341.4'),1
FANOUT,K100,Exception('timeout_or_slo_miss: completed=69/100 errors=31 elapsed_ms=1098.1'),1
FANOUT,K100,Exception('timeout_or_slo_miss: completed=67/100 errors=33 elapsed_ms=1124.6'),1
FANOUT,K100,Exception('timeout_or_slo_miss: completed=65/100 errors=35 elapsed_ms=1281.4'),1
FANOUT,K100,Exception('timeout_or_slo_miss: completed=65/100 errors=35 elapsed_ms=1163.6'),1
FANOUT,K100,Exception('timeout_or_slo_miss: completed=73/100 errors=27 elapsed_ms=1019.2'),1
FANOUT,K100,Exception('timeout_or_slo_miss: completed=67/100 errors=33 elapsed_ms=1150.8'),1
FANOUT,K100,Exception('timeout_or_slo_miss: completed=56/100 errors=44 elapsed_ms=1512.1'),1
FANOUT,K100,Exception('timeout_or_slo_miss: completed=61/100 errors=39 elapsed_ms=1457.6'),2
FANOUT,K100,Exception('timeout_or_slo_miss: completed=63/100 errors=37 elapsed_ms=1242.9'),1
FANOUT,K100,Exception('timeout_or_slo_miss: completed=66/100 errors=34 elapsed_ms=1226.9'),1
FANOUT,K100,Exception('timeout_or_slo_miss: completed=72/100 errors=28 elapsed_ms=1111.8'),1
FANOUT,K100,Exception('timeout_or_slo_miss: completed=68/100 errors=31 elapsed_ms=1717.5'),1
FANOUT,K100,Exception('timeout_or_slo_miss: completed=66/100 errors=34 elapsed_ms=1294.3'),1
FANOUT,K100,Exception('timeout_or_slo_miss: completed=65/100 errors=20 elapsed_ms=3921.0'),1
FANOUT,K100,Exception('timeout_or_slo_miss: completed=63/100 errors=37 elapsed_ms=1335.2'),1
FANOUT,K100,Exception('timeout_or_slo_miss: completed=68/100 errors=32 elapsed_ms=1146.5'),2
FANOUT,K100,Exception('timeout_or_slo_miss: completed=62/100 errors=38 elapsed_ms=1318.3'),1
FANOUT,K100,Exception('timeout_or_slo_miss: completed=80/100 errors=4 elapsed_ms=1925.4'),1
FANOUT,K100,Exception('timeout_or_slo_miss: completed=73/100 errors=27 elapsed_ms=1010.5'),1
FANOUT,K100,Exception('timeout_or_slo_miss: completed=76/100 errors=24 elapsed_ms=1103.5'),1
FANOUT,K100,Exception('timeout_or_slo_miss: completed=71/100 errors=13 elapsed_ms=2969.5'),1
FANOUT,K100,Exception('timeout_or_slo_miss: completed=54/100 errors=46 elapsed_ms=1599.8'),1
FANOUT,K100,Exception('timeout_or_slo_miss: completed=68/100 errors=32 elapsed_ms=1169.2'),1
FANOUT,K100,Exception('timeout_or_slo_miss: completed=68/100 errors=32 elapsed_ms=1093.4'),1
FANOUT,K100,Exception('timeout_or_slo_miss: completed=64/100 errors=36 elapsed_ms=1179.2'),1
FANOUT,K100,Exception('timeout_or_slo_miss: completed=68/100 errors=32 elapsed_ms=1141.4'),1
