Timestamp,User Count,Type,Name,Requests/s,Failures/s,50%,66%,75%,80%,90%,95%,98%,99%,99.9%,99.99%,100%,Total Request Count,Total Failure Count,Total Median Response Time,Total Average Response Time,Total Min Response Time,Total Max Response Time,Total Average Content Size
1772211874,0,,Aggregated,0.000000,0.000000,N/A,N/A,N/A,N/A,N/A,N/A,N/A,N/A,N/A,N/A,N/A,0,0,0,0.0,0,0,0
1772211875,10,,Aggregated,0.000000,0.000000,N/A,N/A,N/A,N/A,N/A,N/A,N/A,N/A,N/A,N/A,N/A,0,0,0,0.0,0,0,0
1772211876,10,,Aggregated,0.000000,0.000000,1800,1800,1800,2000,2000,2000,2000,2000,2000,2000,2000,10,10,1700.0,1747.3506027998155,1507.8283149996423,1987.3902269991959,0.0
1772211877,10,,Aggregated,0.000000,0.000000,1700,1800,1800,1800,2000,2000,2000,2000,2000,2000,2000,11,11,1700.0,1695.7121315453232,1179.3274190004013,1987.3902269991959,0.0
1772211878,10,,Aggregated,0.000000,0.000000,1700,1700,1800,1800,2000,2000,2000,2000,2000,2000,2000,20,20,1700.0,1648.9351814000656,1179.3274190004013,1987.3902269991959,0.0
1772211879,10,,Aggregated,3.333333,3.333333,1700,1700,1700,1800,1800,2000,2000,2000,2000,2000,2000,24,20,1600.0,1526.012318958389,797.35030700067,1987.3902269991959,0.0
1772211880,10,,Aggregated,3.000000,3.000000,1500,1700,1700,1700,1800,2000,2000,2000,2000,2000,2000,33,22,1500.0,1352.422706575894,695.7963219992962,1987.3902269991959,0.0
1772211881,10,,Aggregated,4.200000,4.000000,1200,1600,1700,1700,1800,1800,2000,2000,2000,2000,2000,42,27,1200.0,1286.7950178572626,695.7963219992962,1987.3902269991959,0.0
1772211882,10,,Aggregated,4.833333,3.666667,1200,1500,1700,1700,1800,1800,2000,2000,2000,2000,2000,45,27,1200.0,1245.6689811333895,612.6504679996287,1987.3902269991959,0.0
1772211883,10,,Aggregated,4.714286,3.142857,1100,1300,1600,1700,1700,1800,2000,2000,2000,2000,2000,55,35,1100.0,1215.3067404728063,612.6504679996287,1987.3902269991959,0.0
1772211884,10,,Aggregated,5.500000,3.375000,1200,1200,1500,1600,1700,1800,2000,2000,2000,2000,2000,63,43,1200.0,1217.7901682540642,612.6504679996287,1987.3902269991959,0.0
1772211885,10,,Aggregated,5.444444,3.444444,1100,1200,1500,1600,1700,1800,2000,2000,2000,2000,2000,67,45,1100.0,1206.686405283678,612.6504679996287,1987.3902269991959,0.0
1772211886,10,,Aggregated,5.500000,3.500000,1100,1200,1400,1500,1700,1800,2000,2000,2000,2000,2000,76,48,1100.0,1178.3323381447956,612.6504679996287,1987.3902269991959,0.0
1772211887,10,,Aggregated,6.500000,4.500000,1100,1200,1300,1400,1700,1800,2000,2000,2000,2000,2000,86,50,1100.0,1144.7635558953723,612.6504679996287,1987.3902269991959,0.0
1772211888,10,,Aggregated,6.900000,4.500000,1000,1200,1200,1400,1700,1800,2000,2000,2000,2000,2000,91,50,1000.0,1129.0533484725229,612.6504679996287,1987.3902269991959,0.0
1772211889,10,,Aggregated,6.800000,3.800000,1000,1100,1200,1300,1700,1700,1800,2000,2000,2000,2000,101,51,1000.0,1097.6945244455605,612.6504679996287,1987.3902269991959,0.0
1772211890,10,,Aggregated,7.400000,3.800000,970,1100,1200,1200,1700,1700,1800,2000,2000,2000,2000,111,51,970.0,1074.3930015946103,612.6504679996287,1987.3902269991959,0.0
1772211891,10,,Aggregated,7.500000,3.100000,970,1100,1200,1200,1700,1700,1800,2000,2000,2000,2000,117,55,970.0,1072.9200685641251,612.6504679996287,1987.3902269991959,0.0
1772211892,10,,Aggregated,7.300000,2.900000,970,1100,1200,1200,1600,1700,1800,2000,2000,2000,2000,123,57,970.0,1067.8514049837775,612.6504679996287,1987.3902269991959,0.0
1772211893,10,,Aggregated,7.800000,2.900000,970,1100,1200,1200,1600,1700,1800,2000,2000,2000,2000,133,61,970.0,1058.7860449774912,612.6504679996287,1987.3902269991959,0.0
1772211894,10,,Aggregated,7.500000,3.000000,970,1100,1100,1200,1600,1700,1800,2000,2000,2000,2000,142,63,970.0,1050.0090053099125,612.6504679996287,1987.3902269991959,0.0
1772211895,10,,Aggregated,7.500000,2.700000,970,1100,1100,1200,1600,1700,1800,2000,2000,2000,2000,148,63,960.0,1039.2401954257095,612.6504679996287,1987.3902269991959,0.0
1772211896,10,,Aggregated,8.000000,2.600000,970,1100,1100,1200,1500,1700,1800,2000,2000,2000,2000,158,69,970.0,1037.017229949395,612.6504679996287,1987.3902269991959,0.0
1772211897,10,,Aggregated,7.800000,1.800000,970,1100,1100,1200,1500,1700,1800,2000,2000,2000,2000,163,70,970.0,1034.649794128858,612.6504679996287,1987.3902269991959,0.0
1772211898,10,,Aggregated,7.900000,1.800000,970,1100,1100,1100,1400,1700,1800,2000,2000,2000,2000,172,73,960.0,1028.08056650582,612.6504679996287,1987.3902269991959,0.0
1772211899,10,,Aggregated,8.000000,2.100000,970,1000,1100,1100,1400,1700,1800,2000,2000,2000,2000,180,75,960.0,1023.569630005558,612.6504679996287,1987.3902269991959,0.0
1772211900,10,,Aggregated,8.100000,2.300000,960,1000,1100,1100,1400,1700,1800,2000,2000,2000,2000,189,77,960.0,1019.659361846583,612.6504679996287,1987.3902269991959,0.0
1772211901,10,,Aggregated,7.700000,2.200000,960,1000,1100,1100,1300,1700,1800,2000,2000,2000,2000,196,78,960.0,1014.105185755138,612.6504679996287,1987.3902269991959,0.0
1772211902,10,,Aggregated,8.000000,2.400000,960,1000,1100,1100,1300,1700,1800,1800,2000,2000,2000,203,78,960.0,1008.5248367487998,612.6504679996287,1987.3902269991959,0.0
1772211903,10,,Aggregated,7.900000,2.600000,960,1000,1100,1100,1300,1700,1800,1800,2000,2000,2000,213,87,960.0,1008.7161603897018,612.6504679996287,1987.3902269991959,0.0
1772211904,10,,Aggregated,7.900000,2.100000,960,1000,1100,1100,1300,1700,1800,1800,2000,2000,2000,220,87,960.0,1001.4006386591147,612.6504679996287,1987.3902269991959,0.0
1772211905,10,,Aggregated,7.900000,2.000000,960,1000,1100,1100,1200,1700,1800,1800,2000,2000,2000,228,87,960.0,994.5155241930004,612.6504679996287,1987.3902269991959,0.0
1772211906,10,,Aggregated,7.800000,2.600000,950,1000,1100,1100,1200,1700,1800,1800,2000,2000,2000,238,87,950.0,990.1715656218848,612.6504679996287,1987.3902269991959,0.0
1772211907,10,,Aggregated,8.000000,2.400000,950,1000,1100,1100,1200,1600,1800,1800,2000,2000,2000,245,87,950.0,987.4523042898234,612.6504679996287,1987.3902269991959,0.0
1772211908,10,,Aggregated,8.100000,2.400000,950,1000,1100,1100,1200,1600,1700,1800,2000,2000,2000,252,87,950.0,982.2527182500386,612.6504679996287,1987.3902269991959,0.0
1772211909,10,,Aggregated,8.000000,1.800000,950,1000,1100,1100,1200,1600,1700,1800,2000,2000,2000,262,93,950.0,982.1166867862983,612.6504679996287,1987.3902269991959,0.0
1772211910,10,,Aggregated,7.900000,1.400000,950,1000,1100,1100,1200,1600,1700,1800,2000,2000,2000,269,94,950.0,980.718352877362,612.6504679996287,1987.3902269991959,0.0
1772211911,10,,Aggregated,7.900000,1.400000,950,1000,1100,1100,1200,1600,1700,1800,2000,2000,2000,278,94,950.0,977.4037703381706,612.6504679996287,1987.3902269991959,0.0
1772211912,10,,Aggregated,8.000000,1.800000,950,1000,1000,1100,1200,1600,1700,1800,2000,2000,2000,285,95,950.0,975.3963024421471,612.6504679996287,1987.3902269991959,0.0
1772211913,10,,Aggregated,7.900000,1.700000,950,1000,1100,1100,1200,1600,1700,1800,2000,2000,2000,294,101,950.0,976.5062163469776,612.6504679996287,1987.3902269991959,0.0
1772211915,10,,Aggregated,8.000000,1.600000,950,1000,1000,1100,1200,1500,1700,1800,2000,2000,2000,301,102,950.0,974.9312674252835,612.6504679996287,1987.3902269991959,0.0
1772211916,10,,Aggregated,8.200000,1.700000,950,1000,1000,1100,1200,1500,1700,1800,2000,2000,2000,310,105,950.0,971.3882431419769,612.6504679996287,1987.3902269991959,0.0
1772211917,10,,Aggregated,8.100000,1.400000,940,1000,1000,1100,1200,1500,1700,1800,2000,2000,2000,318,106,940.0,969.8501630535013,612.6504679996287,1987.3902269991959,0.0
1772211918,10,,Aggregated,7.800000,1.500000,940,990,1000,1100,1200,1500,1700,1800,2000,2000,2000,327,106,940.0,967.1886324098199,612.6504679996287,1987.3902269991959,0.0
1772211919,10,,Aggregated,8.100000,1.800000,940,990,1000,1100,1200,1500,1700,1800,2000,2000,2000,334,107,940.0,965.4346660389537,612.6504679996287,1987.3902269991959,0.0
1772211920,10,,Aggregated,8.000000,1.900000,940,990,1000,1100,1100,1400,1700,1800,2000,2000,2000,341,108,940.0,964.6436227273025,612.6504679996287,1987.3902269991959,0.0
1772211921,10,,Aggregated,8.100000,1.900000,940,980,1000,1100,1100,1400,1700,1800,2000,2000,2000,351,108,940.0,962.2431265128497,612.6504679996287,1987.3902269991959,0.0
1772211922,10,,Aggregated,7.900000,1.500000,940,990,1000,1100,1100,1400,1700,1800,2000,2000,2000,361,113,940.0,962.8317987230268,612.6504679996287,1987.3902269991959,0.0
1772211923,10,,Aggregated,7.900000,1.500000,940,980,1000,1100,1100,1400,1700,1800,2000,2000,2000,363,113,940.0,962.8755658760681,612.6504679996287,1987.3902269991959,0.0
1772211924,10,,Aggregated,8.200000,1.400000,940,990,1000,1100,1100,1400,1700,1800,2000,2000,2000,373,120,940.0,964.1886986863583,612.6504679996287,1987.3902269991959,0.0
1772211925,10,,Aggregated,8.100000,1.800000,940,990,1000,1100,1100,1300,1700,1800,2000,2000,2000,383,126,940.0,964.923637707608,612.6504679996287,1987.3902269991959,0.0
1772211926,10,,Aggregated,7.900000,1.900000,940,990,1000,1100,1100,1300,1700,1800,2000,2000,2000,389,127,940.0,963.6478153650787,612.6504679996287,1987.3902269991959,0.0
1772211927,10,,Aggregated,8.200000,2.400000,940,990,1000,1100,1100,1300,1700,1800,2000,2000,2000,396,129,940.0,963.9628783863993,612.6504679996287,1987.3902269991959,0.0
1772211928,10,,Aggregated,7.700000,2.100000,940,990,1000,1100,1100,1300,1700,1800,2000,2000,2000,405,132,940.0,964.3005269506567,612.6504679996287,1987.3902269991959,0.0
1772211929,10,,Aggregated,7.700000,2.300000,940,990,1000,1100,1100,1300,1700,1800,2000,2000,2000,410,133,940.0,962.9958480293091,612.6504679996287,1987.3902269991959,0.0
1772211930,10,,Aggregated,7.700000,2.600000,950,1000,1000,1100,1200,1400,1700,1800,2000,2000,2000,418,141,940.0,971.0535040383112,612.6504679996287,1987.3902269991959,0.0
1772211931,10,,Aggregated,7.500000,2.500000,950,1000,1000,1100,1200,1400,1700,1800,2000,2000,2000,421,144,950.0,972.3815240475398,612.6504679996287,1987.3902269991959,0.0
1772211932,10,,Aggregated,7.600000,3.200000,950,1000,1100,1100,1200,1500,1700,1800,2000,2000,2000,430,153,950.0,980.4787584093382,612.6504679996287,1987.3902269991959,0.0
1772211933,10,,Aggregated,6.900000,3.500000,950,1000,1100,1100,1200,1500,1700,1800,2000,2000,2000,436,158,950.0,982.6076125344401,612.6504679996287,1987.3902269991959,0.0
1772211934,10,,Aggregated,6.900000,3.900000,950,1000,1100,1100,1200,1400,1700,1800,2000,2000,2000,443,160,950.0,982.9866851106424,612.6504679996287,1987.3902269991959,0.0
1772211935,10,,Aggregated,7.000000,4.200000,950,1000,1100,1100,1200,1400,1700,1800,2000,2000,2000,452,165,950.0,982.3682659181743,612.6504679996287,1987.3902269991959,0.0
1772211936,10,,Aggregated,6.800000,4.000000,950,1000,1100,1100,1200,1400,1700,1800,2000,2000,2000,461,168,950.0,981.5741167961341,612.6504679996287,1987.3902269991959,0.0
1772211937,10,,Aggregated,6.800000,3.900000,950,1000,1100,1100,1200,1400,1700,1800,2000,2000,2000,467,168,950.0,980.5486425781997,612.6504679996287,1987.3902269991959,0.0
1772211938,10,,Aggregated,6.800000,3.900000,950,1000,1100,1100,1200,1400,1700,1800,2000,2000,2000,475,169,950.0,978.781363757939,612.6504679996287,1987.3902269991959,0.0
1772211939,10,,Aggregated,7.000000,3.900000,950,1000,1100,1100,1200,1400,1700,1800,2000,2000,2000,485,175,950.0,980.267477529944,612.6504679996287,1987.3902269991959,0.0
1772211940,10,,Aggregated,7.100000,3.700000,950,1000,1100,1100,1200,1400,1700,1800,2000,2000,2000,491,176,950.0,979.7218477739767,612.6504679996287,1987.3902269991959,0.0
1772211941,10,,Aggregated,7.400000,4.300000,950,1000,1100,1100,1200,1400,1700,1800,2000,2000,2000,499,179,950.0,978.6154895892282,612.6504679996287,1987.3902269991959,0.0
1772211942,10,,Aggregated,7.100000,3.500000,950,1000,1100,1100,1200,1400,1700,1700,2000,2000,2000,508,181,950.0,977.281333460671,612.6504679996287,1987.3902269991959,0.0
1772211943,10,,Aggregated,7.600000,3.600000,950,1000,1100,1100,1200,1400,1700,1700,2000,2000,2000,513,181,950.0,976.3018838850346,612.6504679996287,1987.3902269991959,0.0
1772211944,10,,Aggregated,7.800000,3.000000,950,1000,1100,1100,1200,1400,1700,1700,2000,2000,2000,522,185,950.0,976.8611347241846,612.6504679996287,1987.3902269991959,0.0
1772211945,10,,Aggregated,7.800000,2.600000,950,1000,1100,1100,1200,1400,1700,1700,2000,2000,2000,532,186,950.0,975.8106050620743,612.6504679996287,1987.3902269991959,0.0
1772211946,10,,Aggregated,8.000000,2.500000,950,1000,1100,1100,1200,1400,1700,1700,2000,2000,2000,539,188,950.0,975.2272450167438,612.6504679996287,1987.3902269991959,0.0
1772211947,10,,Aggregated,7.700000,2.100000,950,1000,1000,1100,1200,1400,1700,1700,2000,2000,2000,546,190,950.0,974.9720501465738,612.6504679996287,1987.3902269991959,0.0
1772211948,10,,Aggregated,8.000000,2.100000,950,1000,1000,1100,1200,1400,1700,1700,2000,2000,2000,556,195,950.0,975.1510651637245,612.6504679996287,1987.3902269991959,0.0
1772211949,10,,Aggregated,7.800000,2.200000,950,1000,1100,1100,1200,1400,1700,1700,2000,2000,2000,560,199,950.0,976.0967753554056,612.6504679996287,1987.3902269991959,0.0
1772211950,10,,Aggregated,7.700000,2.400000,950,1000,1100,1100,1200,1400,1700,1700,2000,2000,2000,568,206,950.0,978.9374998944203,612.6504679996287,1987.3902269991959,0.0
1772211951,10,,Aggregated,7.400000,2.100000,950,1000,1100,1100,1200,1400,1700,1700,2000,2000,2000,576,206,950.0,977.2624442326928,612.6504679996287,1987.3902269991959,0.0
1772211952,10,,Aggregated,7.600000,2.800000,950,1000,1100,1100,1200,1400,1700,1700,2000,2000,2000,584,208,950.0,976.5879781969762,612.6504679996287,1987.3902269991959,0.0
1772211953,10,,Aggregated,7.700000,2.700000,950,1000,1000,1100,1200,1400,1700,1700,2000,2000,2000,593,208,950.0,974.2328218600868,612.6504679996287,1987.3902269991959,0.0
1772211954,10,,Aggregated,7.400000,2.500000,950,1000,1100,1100,1200,1400,1700,1700,2000,2000,2000,598,211,950.0,975.2302068846661,612.6504679996287,1987.3902269991959,0.0
1772211955,10,,Aggregated,7.800000,2.700000,950,1000,1100,1100,1200,1400,1600,1700,2000,2000,2000,605,218,950.0,979.7151490215325,612.6504679996287,1987.3902269991959,0.0
1772211956,10,,Aggregated,7.400000,2.300000,950,1000,1100,1100,1200,1400,1600,1700,2000,2000,2000,614,222,950.0,979.7807202948263,612.6504679996287,1987.3902269991959,0.0
1772211957,10,,Aggregated,7.300000,2.800000,950,1000,1100,1100,1200,1400,1600,1700,2000,2000,2000,623,222,950.0,978.1612598892839,612.6504679996287,1987.3902269991959,0.0
1772211958,10,,Aggregated,7.300000,3.500000,950,1000,1100,1100,1200,1400,1600,1700,2000,2000,2000,630,222,950.0,975.8514125444793,612.6504679996287,1987.3902269991959,0.0
1772211959,10,,Aggregated,7.300000,3.200000,950,1000,1000,1100,1200,1400,1600,1700,2000,2000,2000,638,222,950.0,974.0370649075563,612.6504679996287,1987.3902269991959,0.0
1772211960,10,,Aggregated,7.300000,2.900000,950,1000,1100,1100,1200,1400,1600,1700,2000,2000,2000,646,228,950.0,974.6722943777418,612.6504679996287,1987.3902269991959,0.0
1772211961,10,,Aggregated,7.800000,2.600000,950,1000,1100,1100,1200,1400,1600,1700,2000,2000,2000,652,228,950.0,973.0993462576993,612.6504679996287,1987.3902269991959,0.0
1772211962,10,,Aggregated,7.600000,2.100000,950,1000,1000,1100,1200,1400,1600,1700,2000,2000,2000,661,233,950.0,973.5107656656916,612.6504679996287,1987.3902269991959,0.0
1772211963,10,,Aggregated,7.600000,2.200000,950,1000,1100,1100,1200,1400,1600,1700,2000,2000,2000,669,237,950.0,974.2198711599742,612.6504679996287,1987.3902269991959,0.0
1772211964,10,,Aggregated,7.600000,2.500000,950,1000,1000,1100,1200,1400,1600,1700,2000,2000,2000,678,239,950.0,973.7551740310081,612.6504679996287,1987.3902269991959,0.0
1772211965,10,,Aggregated,7.500000,2.700000,950,1000,1000,1100,1200,1300,1600,1700,2000,2000,2000,683,240,950.0,973.0980681274142,612.6504679996287,1987.3902269991959,0.0
1772211966,10,,Aggregated,7.600000,2.900000,950,1000,1000,1100,1200,1300,1600,1700,2000,2000,2000,693,244,950.0,972.5734222309148,612.6504679996287,1987.3902269991959,0.0
1772211967,10,,Aggregated,7.900000,2.500000,950,1000,1000,1100,1200,1300,1600,1700,2000,2000,2000,702,244,950.0,970.8145505527399,612.6504679996287,1987.3902269991959,0.0
1772211968,10,,Aggregated,8.000000,2.300000,950,1000,1000,1100,1200,1300,1600,1700,2000,2000,2000,710,244,950.0,969.0809689915857,612.6504679996287,1987.3902269991959,0.0
1772211969,10,,Aggregated,7.900000,2.200000,950,1000,1000,1100,1200,1300,1600,1700,2000,2000,2000,719,247,950.0,968.6910351989249,612.6504679996287,1987.3902269991959,0.0
1772211970,10,,Aggregated,8.000000,2.200000,950,1000,1000,1100,1200,1300,1600,1700,2000,2000,2000,724,247,950.0,967.9222543384349,612.6504679996287,1987.3902269991959,0.0
1772211971,10,,Aggregated,7.500000,2.200000,950,1000,1000,1100,1200,1300,1600,1700,2000,2000,2000,733,249,950.0,967.0195206753459,612.6504679996287,1987.3902269991959,0.0
1772211972,10,,Aggregated,8.000000,2.300000,950,1000,1000,1100,1200,1300,1600,1700,2000,2000,2000,743,254,950.0,967.4294547200967,612.6504679996287,1987.3902269991959,0.0
1772211973,10,,Aggregated,7.900000,2.100000,950,1000,1000,1100,1200,1300,1600,1700,2000,2000,2000,749,255,950.0,967.2066464820178,612.6504679996287,1987.3902269991959,0.0
1772211974,10,,Aggregated,7.700000,1.800000,950,1000,1000,1100,1200,1300,1600,1700,2000,2000,2000,755,257,950.0,967.06761822786,612.6504679996287,1987.3902269991959,0.0
1772211975,10,,Aggregated,7.900000,1.900000,950,1000,1000,1100,1200,1300,1600,1700,2000,2000,2000,763,259,950.0,966.7631268571868,612.6504679996287,1987.3902269991959,0.0
1772211976,10,,Aggregated,8.000000,1.900000,950,1000,1000,1100,1200,1300,1600,1700,2000,2000,2000,773,261,950.0,966.4502541656328,612.6504679996287,1987.3902269991959,0.0
1772211977,10,,Aggregated,7.800000,1.900000,950,1000,1000,1100,1200,1300,1600,1700,2000,2000,2000,780,265,950.0,966.4165605320985,612.6504679996287,1987.3902269991959,0.0
1772211978,10,,Aggregated,7.500000,1.500000,950,1000,1000,1100,1200,1300,1600,1700,2000,2000,2000,786,268,950.0,966.0954049707867,612.6504679996287,1987.3902269991959,0.0
1772211979,10,,Aggregated,7.900000,1.700000,950,1000,1000,1100,1200,1300,1600,1700,2000,2000,2000,796,275,950.0,966.8177356583371,612.6504679996287,1987.3902269991959,0.0
1772211980,10,,Aggregated,7.800000,2.400000,950,1000,1000,1100,1200,1300,1500,1700,2000,2000,2000,806,279,950.0,966.8324171129453,612.6504679996287,1987.3902269991959,0.0
1772211981,10,,Aggregated,7.700000,2.500000,950,1000,1000,1100,1200,1300,1500,1700,2000,2000,2000,809,279,950.0,966.0700260865674,607.6457649996883,1987.3902269991959,0.0
1772211982,10,,Aggregated,7.600000,2.800000,950,1000,1000,1100,1200,1300,1500,1700,2000,2000,2000,819,281,950.0,965.6992498559628,607.6457649996883,1987.3902269991959,0.0
1772211983,10,,Aggregated,7.800000,3.000000,950,1000,1000,1100,1200,1300,1500,1700,2000,2000,2000,828,282,950.0,965.4872681111523,607.6457649996883,1987.3902269991959,0.0
1772211984,10,,Aggregated,7.600000,3.000000,950,1000,1000,1100,1200,1300,1500,1700,2000,2000,2000,832,282,950.0,965.0391928570148,607.6457649996883,1987.3902269991959,0.0
1772211985,10,,Aggregated,7.600000,2.700000,950,1000,1000,1100,1200,1300,1500,1700,2000,2000,2000,842,287,950.0,964.8722051425553,600.6549289995746,1987.3902269991959,0.0
1772211986,10,,Aggregated,7.700000,2.600000,950,1000,1000,1100,1100,1300,1500,1700,2000,2000,2000,851,290,950.0,964.5226636028526,600.6549289995746,1987.3902269991959,0.0
1772211987,10,,Aggregated,7.500000,2.400000,950,1000,1000,1100,1200,1300,1500,1700,2000,2000,2000,855,292,950.0,964.7197336281008,600.6549289995746,1987.3902269991959,0.0
1772211988,10,,Aggregated,7.800000,2.800000,950,1000,1000,1100,1200,1300,1500,1700,2000,2000,2000,862,298,950.0,966.6445301369254,600.6549289995746,1987.3902269991959,0.0
1772211989,10,,Aggregated,7.800000,2.900000,950,1000,1000,1100,1200,1300,1500,1700,2000,2000,2000,869,304,950.0,967.874917830874,600.6549289995746,1987.3902269991959,0.0
1772211990,10,,Aggregated,7.200000,2.400000,950,1000,1000,1100,1200,1300,1500,1700,2000,2000,2000,875,308,950.0,969.0019285451775,600.6549289995746,1987.3902269991959,0.0
1772211991,10,,Aggregated,7.500000,2.900000,950,1000,1100,1100,1200,1300,1500,1700,2000,2000,2000,884,316,950.0,971.1978274163215,600.6549289995746,1987.3902269991959,0.0
1772211992,10,,Aggregated,7.300000,2.900000,950,1000,1100,1100,1200,1300,1500,1700,2000,2000,2000,889,317,950.0,971.2307558830479,600.6549289995746,1987.3902269991959,0.0
1772211994,10,,Aggregated,7.000000,3.000000,950,1000,1100,1100,1200,1300,1500,1700,2000,2000,2000,898,319,950.0,970.6235186993663,600.6549289995746,1987.3902269991959,0.0
1772211995,10,,Aggregated,7.500000,3.700000,950,1000,1100,1100,1200,1300,1500,1700,2000,2000,2000,908,325,950.0,971.3881698954092,600.6549289995746,1987.3902269991959,0.0
1772211996,10,,Aggregated,7.000000,3.700000,950,1000,1100,1100,1200,1300,1500,1700,2000,2000,2000,913,326,950.0,970.9027885093444,600.6549289995746,1987.3902269991959,0.0
1772211997,10,,Aggregated,7.000000,3.700000,950,1000,1100,1100,1200,1300,1500,1700,2000,2000,2000,923,329,950.0,969.7205292784729,519.5793120001326,1987.3902269991959,0.0
1772211998,10,,Aggregated,7.500000,4.300000,950,1000,1100,1100,1200,1300,1500,1700,2000,2000,2000,931,332,950.0,969.7825217626561,519.5793120001326,1987.3902269991959,0.0
1772211999,10,,Aggregated,7.100000,3.900000,950,1000,1100,1100,1200,1300,1500,1700,2000,2000,2000,937,335,950.0,969.6643281088926,519.5793120001326,1987.3902269991959,0.0
1772212000,10,,Aggregated,7.100000,3.900000,950,1000,1100,1100,1200,1300,1500,1700,2000,2000,2000,946,338,950.0,969.239949756908,519.5793120001326,1987.3902269991959,0.0
1772212001,10,,Aggregated,7.600000,4.000000,950,1000,1100,1100,1200,1300,1500,1700,2000,2000,2000,954,340,950.0,969.1660899790702,519.5793120001326,1987.3902269991959,0.0
1772212002,10,,Aggregated,7.700000,3.400000,950,1000,1100,1100,1200,1300,1500,1700,2000,2000,2000,960,343,950.0,969.1068543125313,519.5793120001326,1987.3902269991959,0.0
1772212003,10,,Aggregated,7.700000,3.400000,950,1000,1100,1100,1200,1300,1500,1700,2000,2000,2000,968,347,950.0,969.0016041405303,519.5793120001326,1987.3902269991959,0.0
1772212004,10,,Aggregated,7.400000,2.500000,950,1000,1100,1100,1200,1300,1500,1700,2000,2000,2000,978,354,950.0,970.0290648926712,519.5793120001326,1987.3902269991959,0.0
1772212005,10,,Aggregated,7.900000,3.000000,950,1000,1100,1100,1200,1300,1500,1700,2000,2000,2000,983,355,950.0,969.793704394744,519.5793120001326,1987.3902269991959,0.0
1772212006,10,,Aggregated,7.700000,3.200000,950,1000,1100,1100,1200,1300,1500,1700,2000,2000,2000,991,355,950.0,968.9741676448383,519.5793120001326,1987.3902269991959,0.0
1772212007,10,,Aggregated,7.300000,2.900000,950,1000,1100,1100,1200,1300,1500,1700,2000,2000,2000,1000,356,950.0,968.4998324170339,519.5793120001326,1987.3902269991959,0.0
1772212008,10,,Aggregated,7.300000,2.900000,950,1000,1000,1100,1200,1300,1500,1700,2000,2000,2000,1006,357,950.0,968.3787754264764,519.5793120001326,1987.3902269991959,0.0
1772212009,10,,Aggregated,7.600000,2.700000,950,1000,1100,1100,1200,1300,1500,1700,2000,2000,2000,1016,362,950.0,968.5499050866512,519.5793120001326,1987.3902269991959,0.0
1772212010,10,,Aggregated,7.500000,2.500000,950,1000,1000,1100,1200,1300,1500,1700,2000,2000,2000,1025,363,950.0,968.1385920751591,519.5793120001326,1987.3902269991959,0.0
1772212011,10,,Aggregated,7.500000,2.500000,950,1000,1000,1100,1200,1300,1500,1700,2000,2000,2000,1029,363,950.0,967.410296530648,519.5793120001326,1987.3902269991959,0.0
1772212012,10,,Aggregated,7.600000,2.500000,950,1000,1000,1100,1200,1300,1500,1700,2000,2000,2000,1039,368,950.0,967.7060862598993,519.5793120001326,1987.3902269991959,0.0
1772212013,10,,Aggregated,7.600000,2.500000,950,1000,1000,1100,1200,1300,1500,1700,2000,2000,2000,1045,372,950.0,968.1209042622374,519.5793120001326,1987.3902269991959,0.0
1772212014,10,,Aggregated,7.900000,2.700000,950,1000,1100,1100,1200,1300,1500,1700,2000,2000,2000,1052,377,950.0,968.8214352690457,519.5793120001326,1987.3902269991959,0.0
1772212015,10,,Aggregated,7.900000,2.700000,950,1000,1100,1100,1200,1300,1500,1700,2000,2000,2000,1060,384,950.0,969.7900947613566,519.5793120001326,1987.3902269991959,0.0
1772212016,10,,Aggregated,7.500000,2.400000,950,1000,1100,1100,1200,1300,1500,1700,2000,2000,2000,1067,389,950.0,970.2014916991914,519.5793120001326,1987.3902269991959,0.0
1772212017,10,,Aggregated,7.500000,2.400000,950,1000,1100,1100,1200,1300,1500,1700,2000,2000,2000,1073,391,950.0,969.97670250609,519.5793120001326,1987.3902269991959,0.0
1772212018,10,,Aggregated,7.300000,3.100000,950,1000,1100,1100,1200,1300,1500,1700,2000,2000,2000,1083,394,950.0,969.9480868781475,519.5793120001326,1987.3902269991959,0.0
1772212019,10,,Aggregated,7.400000,3.500000,950,1000,1100,1100,1200,1300,1500,1700,2000,2000,2000,1091,400,950.0,970.7104829276212,519.5793120001326,1987.3902269991959,0.0
1772212020,10,,Aggregated,7.400000,3.500000,960,1000,1100,1100,1200,1300,1500,1700,2000,2000,2000,1094,401,950.0,970.6079161956453,519.5793120001326,1987.3902269991959,0.0
1772212021,10,,Aggregated,7.600000,3.700000,960,1000,1100,1100,1200,1300,1500,1700,2000,2000,2000,1104,409,960.0,971.3832698016621,519.5793120001326,1987.3902269991959,0.0
1772212022,10,,Aggregated,7.200000,3.800000,960,1000,1100,1100,1200,1300,1500,1700,2000,2000,2000,1114,414,960.0,971.3560786517352,519.5793120001326,1987.3902269991959,0.0
1772212023,10,,Aggregated,7.500000,4.600000,960,1000,1100,1100,1200,1300,1500,1700,2000,2000,2000,1118,414,960.0,970.7394295044994,519.5793120001326,1987.3902269991959,0.0
1772212024,10,,Aggregated,7.300000,4.400000,960,1000,1100,1100,1200,1300,1500,1700,2000,2000,2000,1127,419,960.0,970.8047683425287,519.5793120001326,1987.3902269991959,0.0
1772212025,10,,Aggregated,7.100000,4.200000,960,1000,1100,1100,1200,1300,1500,1700,2000,2000,2000,1137,427,960.0,971.651441613923,519.5793120001326,1987.3902269991959,0.0
1772212026,10,,Aggregated,7.600000,4.400000,960,1000,1100,1100,1200,1300,1500,1700,2000,2000,2000,1141,427,960.0,971.2568403155378,519.5793120001326,1987.3902269991959,0.0
1772212027,10,,Aggregated,6.900000,3.600000,960,1000,1100,1100,1200,1300,1500,1700,2000,2000,2000,1149,432,960.0,971.3105303081184,519.5793120001326,1987.3902269991959,0.0
1772212028,10,,Aggregated,7.500000,4.100000,960,1000,1100,1100,1200,1300,1400,1700,2000,2000,2000,1159,434,960.0,971.0314581216812,519.5793120001326,1987.3902269991959,0.0
1772212029,10,,Aggregated,7.500000,4.100000,960,1000,1100,1100,1200,1200,1400,1700,2000,2000,2000,1166,436,960.0,970.8137894365589,519.5793120001326,1987.3902269991959,0.0
1772212030,10,,Aggregated,7.300000,3.900000,960,1000,1100,1100,1200,1200,1400,1700,2000,2000,2000,1172,436,960.0,970.1636359744255,519.5793120001326,1987.3902269991959,0.0
1772212031,10,,Aggregated,7.600000,3.800000,960,1000,1100,1100,1200,1300,1500,1700,2000,2000,2000,1178,442,960.0,972.2228499380542,519.5793120001326,1987.3902269991959,0.0
1772212032,10,,Aggregated,7.700000,3.500000,960,1000,1100,1100,1200,1300,1500,1700,2000,2000,2000,1185,446,960.0,972.7915746169052,519.5793120001326,1987.3902269991959,0.0
1772212033,10,,Aggregated,7.000000,2.900000,960,1000,1100,1100,1200,1300,1500,1700,2000,2000,2000,1193,451,960.0,973.6396687611316,519.5793120001326,1987.3902269991959,0.0
1772212034,10,,Aggregated,7.400000,3.400000,960,1000,1100,1100,1200,1300,1500,1700,2000,2000,2000,1197,453,960.0,973.7639370292666,519.5793120001326,1987.3902269991959,0.0
1772212035,10,,Aggregated,7.200000,3.300000,960,1000,1100,1100,1200,1300,1500,1600,2000,2000,2000,1206,462,960.0,976.8088012653674,519.5793120001326,1987.3902269991959,0.0
1772212036,10,,Aggregated,7.000000,3.400000,960,1000,1100,1100,1200,1300,1500,1600,2000,2000,2000,1210,466,960.0,977.4933930801924,519.5793120001326,1987.3902269991959,0.0
1772212037,10,,Aggregated,7.300000,3.800000,960,1000,1100,1100,1200,1300,1500,1600,2000,2000,2000,1218,473,960.0,978.4488923161159,519.5793120001326,1987.3902269991959,0.0
1772212038,10,,Aggregated,6.900000,3.600000,960,1000,1100,1100,1200,1300,1500,1600,2000,2000,2000,1227,477,960.0,978.4549548036108,519.5793120001326,1987.3902269991959,0.0
1772212039,10,,Aggregated,6.800000,4.000000,960,1000,1100,1100,1200,1300,1500,1600,2000,2000,2000,1233,481,960.0,978.7987027153544,519.5793120001326,1987.3902269991959,0.0
1772212040,10,,Aggregated,6.500000,4.000000,960,1000,1100,1100,1200,1300,1500,1600,2000,2000,2000,1241,484,960.0,978.5357201555458,519.5793120001326,1987.3902269991959,0.0
1772212041,10,,Aggregated,6.600000,4.300000,960,1000,1100,1100,1200,1300,1500,1600,2000,2000,2000,1251,486,960.0,977.9584915859589,519.5793120001326,1987.3902269991959,0.0
1772212042,10,,Aggregated,6.700000,4.800000,960,1000,1100,1100,1200,1300,1500,1600,2000,2000,2000,1258,486,960.0,977.1365625970068,519.5793120001326,1987.3902269991959,0.0
1772212043,10,,Aggregated,7.300000,4.800000,960,1000,1100,1100,1200,1300,1500,1600,2000,2000,2000,1267,486,960.0,976.307621662219,519.5793120001326,1987.3902269991959,0.0
1772212044,10,,Aggregated,6.900000,4.000000,960,1000,1100,1100,1200,1300,1500,1600,2000,2000,2000,1276,486,960.0,975.1421417962657,519.5793120001326,1987.3902269991959,0.0
1772212045,10,,Aggregated,7.300000,3.900000,960,1000,1100,1100,1200,1300,1500,1600,2000,2000,2000,1283,490,960.0,975.3460211309717,519.5793120001326,1987.3902269991959,0.0
1772212046,10,,Aggregated,7.500000,3.300000,960,1000,1100,1100,1200,1300,1500,1600,2000,2000,2000,1288,491,960.0,975.1773065916434,519.5793120001326,1987.3902269991959,0.0
1772212047,10,,Aggregated,7.500000,2.800000,960,1000,1100,1100,1200,1300,1500,1600,2000,2000,2000,1297,494,960.0,974.9137209699593,519.5793120001326,1987.3902269991959,0.0
1772212048,10,,Aggregated,8.000000,2.800000,960,1000,1100,1100,1200,1300,1500,1600,2000,2000,2000,1307,499,960.0,974.9906174789885,519.5793120001326,1987.3902269991959,0.0
1772212049,10,,Aggregated,7.800000,2.200000,960,1000,1100,1100,1200,1300,1500,1600,2000,2000,2000,1311,501,960.0,974.9544599229881,519.5793120001326,1987.3902269991959,0.0
1772212050,10,,Aggregated,7.900000,2.100000,960,1000,1100,1100,1200,1300,1500,1600,2000,2000,2000,1319,507,960.0,976.2348018279273,519.5793120001326,1987.3902269991959,0.0
1772212051,10,,Aggregated,8.100000,2.200000,960,1000,1100,1100,1200,1300,1500,1600,2000,2000,2000,1329,514,960.0,976.4062324371965,519.5793120001326,1987.3902269991959,0.0
1772212052,10,,Aggregated,7.600000,2.000000,960,1000,1100,1100,1200,1300,1500,1600,2000,2000,2000,1335,514,960.0,975.7047971580776,519.5793120001326,1987.3902269991959,0.0
1772212053,10,,Aggregated,7.400000,2.200000,960,1000,1100,1100,1200,1300,1500,1600,2000,2000,2000,1344,515,960.0,975.0287696175824,519.5793120001326,1987.3902269991959,0.0
1772212054,10,,Aggregated,7.700000,2.800000,960,1000,1100,1100,1200,1300,1400,1600,2000,2000,2000,1352,515,960.0,974.3072435015001,519.5793120001326,1987.3902269991959,0.0
1772212055,10,,Aggregated,7.800000,2.900000,960,1000,1100,1100,1200,1300,1400,1600,2000,2000,2000,1358,517,960.0,974.1887333903012,519.5793120001326,1987.3902269991959,0.0
1772212056,10,,Aggregated,7.400000,2.900000,960,1000,1100,1100,1200,1300,1400,1600,2000,2000,2000,1366,523,960.0,974.6081056515586,519.5793120001326,1987.3902269991959,0.0
1772212057,10,,Aggregated,7.600000,2.900000,960,1000,1100,1100,1200,1300,1400,1600,2000,2000,2000,1372,528,960.0,974.9201254016257,519.5793120001326,1987.3902269991959,0.0
1772212058,10,,Aggregated,7.300000,2.700000,960,1000,1100,1100,1200,1300,1400,1600,2000,2000,2000,1380,533,960.0,975.4553346478468,519.5793120001326,1987.3902269991959,0.0
1772212059,10,,Aggregated,7.300000,2.900000,960,1000,1100,1100,1200,1300,1400,1600,2000,2000,2000,1386,539,960.0,976.1664559718807,519.5793120001326,1987.3902269991959,0.0
1772212060,10,,Aggregated,7.700000,3.600000,960,1000,1100,1100,1200,1300,1400,1600,2000,2000,2000,1390,543,960.0,976.8482703079338,519.5793120001326,1987.3902269991959,0.0
1772212061,10,,Aggregated,7.200000,3.500000,960,1000,1100,1100,1200,1300,1500,1600,2000,2000,2000,1400,551,960.0,978.0759689114494,519.5793120001326,1987.3902269991959,0.0
1772212062,10,,Aggregated,7.200000,3.500000,960,1000,1100,1100,1200,1300,1400,1600,2000,2000,2000,1406,557,960.0,978.6083154061403,519.5793120001326,1987.3902269991959,0.0
1772212063,10,,Aggregated,7.300000,3.900000,960,1000,1100,1100,1200,1300,1400,1600,2000,2000,2000,1414,562,960.0,978.763765082061,519.5793120001326,1987.3902269991959,0.0
1772212064,10,,Aggregated,7.000000,3.700000,960,1000,1100,1100,1200,1300,1400,1600,2000,2000,2000,1421,563,960.0,978.6770007480894,519.5793120001326,1987.3902269991959,0.0
1772212065,10,,Aggregated,7.100000,4.500000,960,1000,1100,1100,1200,1300,1400,1600,2000,2000,2000,1431,565,960.0,978.3275634004419,519.5793120001326,1987.3902269991959,0.0
1772212066,10,,Aggregated,7.100000,4.700000,960,1000,1100,1100,1200,1300,1400,1600,2000,2000,2000,1440,566,960.0,977.7640834430774,519.5793120001326,1987.3902269991959,0.0
1772212067,10,,Aggregated,7.000000,4.800000,960,1000,1100,1100,1200,1300,1400,1600,2000,2000,2000,1447,566,960.0,976.9691964962175,519.5793120001326,1987.3902269991959,0.0
1772212068,10,,Aggregated,7.200000,4.700000,960,1000,1100,1100,1200,1300,1400,1600,2000,2000,2000,1455,566,960.0,976.2794531354141,519.5793120001326,1987.3902269991959,0.0
1772212069,10,,Aggregated,7.400000,4.300000,960,1000,1100,1100,1200,1300,1400,1600,2000,2000,2000,1465,567,960.0,975.8353357802222,519.5793120001326,1987.3902269991959,0.0
1772212070,10,,Aggregated,7.100000,3.600000,960,1000,1100,1100,1200,1300,1400,1600,2000,2000,2000,1471,567,960.0,975.3606888749313,519.5793120001326,1987.3902269991959,0.0
1772212071,10,,Aggregated,7.500000,3.200000,960,1000,1100,1100,1200,1300,1400,1600,2000,2000,2000,1480,569,960.0,975.013315378391,519.5793120001326,1987.3902269991959,0.0
1772212072,10,,Aggregated,7.900000,2.800000,960,1000,1100,1100,1200,1300,1400,1600,2000,2000,2000,1486,573,960.0,975.3204692321807,519.5793120001326,1987.3902269991959,0.0
1772212073,10,,Aggregated,7.700000,2.000000,960,1000,1100,1100,1200,1300,1400,1600,2000,2000,2000,1493,579,960.0,975.667132671145,519.5793120001326,1987.3902269991959,0.0
1772212074,10,,Aggregated,8.000000,1.800000,960,1000,1100,1100,1200,1300,1400,1600,2000,2000,2000,1500,583,960.0,975.7725330173478,519.5793120001326,1987.3902269991959,0.0
1772212075,10,,Aggregated,7.600000,1.300000,960,1000,1100,1100,1200,1300,1400,1600,2000,2000,2000,1508,588,960.0,976.2699944496179,519.5793120001326,1987.3902269991959,0.0
1772212076,10,,Aggregated,7.800000,1.800000,960,1000,1100,1100,1200,1300,1400,1600,2000,2000,2000,1514,592,960.0,976.5036694141521,519.5793120001326,1987.3902269991959,0.0
1772212077,10,,Aggregated,7.700000,2.000000,960,1000,1100,1100,1200,1300,1400,1600,2000,2000,2000,1520,596,960.0,977.1034895684402,519.5793120001326,1987.3902269991959,0.0
1772212078,10,,Aggregated,7.600000,2.300000,960,1000,1100,1100,1200,1300,1400,1600,2000,2000,2000,1529,605,960.0,978.4211298083883,519.5793120001326,1987.3902269991959,0.0
1772212080,10,,Aggregated,7.300000,2.600000,960,1000,1100,1100,1200,1300,1400,1600,2000,2000,2000,1534,606,960.0,978.2399598148806,519.5793120001326,1987.3902269991959,0.0
1772212081,10,,Aggregated,7.300000,3.000000,960,1000,1100,1100,1200,1300,1400,1600,2000,2000,2000,1544,610,960.0,978.1634260447053,519.5793120001326,1987.3902269991959,0.0
1772212082,10,,Aggregated,7.300000,3.900000,960,1000,1100,1100,1200,1300,1400,1600,2000,2000,2000,1549,614,960.0,978.422291864446,519.5793120001326,1987.3902269991959,0.0
1772212083,10,,Aggregated,6.900000,3.900000,960,1000,1100,1100,1200,1300,1400,1600,2000,2000,2000,1555,620,960.0,979.2374818469634,519.5793120001326,1987.3902269991959,0.0
1772212084,10,,Aggregated,6.900000,4.500000,960,1000,1100,1100,1200,1300,1400,1600,2000,2000,2000,1565,626,960.0,979.6254688766924,519.5793120001326,1987.3902269991959,0.0
1772212085,10,,Aggregated,6.900000,4.700000,960,1000,1100,1100,1200,1300,1400,1600,2000,2000,2000,1571,630,960.0,980.1976276028138,519.5793120001326,1987.3902269991959,0.0
1772212086,10,,Aggregated,6.900000,4.700000,960,1000,1100,1100,1200,1300,1400,1600,2000,2000,2000,1577,634,960.0,980.5362057596813,519.5793120001326,1987.3902269991959,0.0
1772212087,10,,Aggregated,7.000000,4.600000,970,1000,1100,1100,1200,1300,1400,1600,2000,2000,2000,1587,643,970.0,981.3791257422911,519.5793120001326,1987.3902269991959,0.0
1772212088,10,,Aggregated,6.900000,4.600000,970,1000,1100,1100,1200,1300,1400,1600,2000,2000,2000,1592,644,970.0,981.140102351769,519.5793120001326,1987.3902269991959,0.0
1772212089,10,,Aggregated,6.900000,4.600000,970,1000,1100,1100,1200,1300,1400,1600,2000,2000,2000,1599,649,970.0,981.6113680825598,519.5793120001326,1987.3902269991959,0.0
1772212090,10,,Aggregated,7.100000,4.800000,970,1000,1100,1100,1200,1300,1400,1500,2000,2000,2000,1607,656,970.0,982.4805605619263,519.5793120001326,1987.3902269991959,0.0
1772212091,10,,Aggregated,7.000000,4.400000,970,1000,1100,1100,1200,1300,1400,1500,2000,2000,2000,1613,658,970.0,982.554488415384,519.5793120001326,1987.3902269991959,0.0
1772212092,10,,Aggregated,7.100000,4.800000,970,1000,1100,1100,1200,1300,1400,1500,2000,2000,2000,1620,663,970.0,983.1322124197615,519.5793120001326,1987.3902269991959,0.0
1772212093,10,,Aggregated,7.100000,4.800000,970,1000,1100,1100,1200,1300,1400,1500,2000,2000,2000,1627,668,970.0,983.6196849575983,519.5793120001326,1987.3902269991959,0.0
1772212094,10,,Aggregated,6.700000,4.800000,970,1000,1100,1100,1200,1300,1400,1500,2000,2000,2000,1636,670,970.0,983.1311938918158,519.5793120001326,1987.3902269991959,0.0
1772212095,10,,Aggregated,7.200000,4.800000,970,1000,1100,1100,1200,1300,1400,1500,2000,2000,2000,1644,670,970.0,982.4740362129014,519.5793120001326,1987.3902269991959,0.0
1772212096,10,,Aggregated,7.200000,4.400000,970,1000,1100,1100,1200,1300,1400,1500,2000,2000,2000,1653,670,970.0,981.4446119443473,519.5793120001326,1987.3902269991959,0.0
1772212097,10,,Aggregated,7.400000,4.300000,970,1000,1100,1100,1200,1300,1400,1500,2000,2000,2000,1661,670,970.0,981.0298796213168,519.5793120001326,1987.3902269991959,0.0
1772212098,10,,Aggregated,7.400000,3.600000,970,1000,1100,1100,1200,1300,1400,1500,2000,2000,2000,1668,671,970.0,980.6356632781817,519.5793120001326,1987.3902269991959,0.0
1772212099,10,,Aggregated,7.400000,3.600000,970,1000,1100,1100,1200,1300,1400,1500,2000,2000,2000,1676,677,970.0,980.6793703460671,519.5793120001326,1987.3902269991959,0.0
1772212100,10,,Aggregated,7.500000,2.600000,960,1000,1100,1100,1200,1300,1400,1500,2000,2000,2000,1685,677,960.0,979.8326458712213,519.5793120001326,1987.3902269991959,0.0
1772212101,10,,Aggregated,7.700000,2.800000,960,1000,1100,1100,1200,1300,1400,1500,2000,2000,2000,1693,677,960.0,979.109139445959,519.5793120001326,1987.3902269991959,0.0
1772212102,10,,Aggregated,7.700000,2.300000,960,1000,1100,1100,1200,1300,1400,1500,2000,2000,2000,1702,677,960.0,978.4907581122266,519.5793120001326,1987.3902269991959,0.0
1772212103,10,,Aggregated,7.900000,1.900000,960,1000,1100,1100,1200,1300,1400,1500,2000,2000,2000,1709,677,960.0,978.180159537746,519.5793120001326,1987.3902269991959,0.0
1772212104,10,,Aggregated,8.200000,1.600000,960,1000,1100,1100,1200,1300,1400,1500,2000,2000,2000,1719,678,960.0,977.6656651140238,519.5793120001326,1987.3902269991959,0.0
1772212105,10,,Aggregated,8.100000,0.900000,960,1000,1100,1100,1200,1300,1400,1500,2000,2000,2000,1726,679,960.0,977.2620879409083,519.5793120001326,1987.3902269991959,0.0
1772212106,10,,Aggregated,7.900000,0.800000,960,1000,1100,1100,1200,1300,1400,1500,2000,2000,2000,1734,679,960.0,976.7697717612497,519.5793120001326,1987.3902269991959,0.0
1772212107,10,,Aggregated,8.200000,0.900000,960,1000,1100,1100,1200,1300,1400,1500,2000,2000,2000,1743,680,960.0,976.5677633780863,519.5793120001326,1987.3902269991959,0.0
1772212108,10,,Aggregated,8.100000,0.900000,960,1000,1100,1100,1200,1300,1400,1500,2000,2000,2000,1751,683,960.0,976.3771609034856,519.5793120001326,1987.3902269991959,0.0
1772212109,10,,Aggregated,8.100000,1.000000,960,1000,1100,1100,1200,1300,1400,1500,2000,2000,2000,1756,686,960.0,976.5191506230087,519.5793120001326,1987.3902269991959,0.0
1772212110,10,,Aggregated,8.000000,1.000000,960,1000,1100,1100,1200,1300,1400,1500,2000,2000,2000,1763,693,960.0,977.8941877532615,519.5793120001326,1987.3902269991959,0.0
1772212111,10,,Aggregated,7.900000,0.900000,960,1000,1100,1100,1200,1300,1400,1500,2000,2000,2000,1770,698,960.0,978.6840016966099,519.5793120001326,1987.3902269991959,0.0
1772212112,10,,Aggregated,7.700000,1.200000,960,1000,1100,1100,1200,1300,1400,1500,2000,2000,2000,1777,704,960.0,979.4440141693863,519.5793120001326,1987.3902269991959,0.0
1772212113,10,,Aggregated,7.700000,1.900000,960,1000,1100,1100,1200,1300,1400,1500,2000,2000,2000,1785,706,960.0,979.2337946481796,519.5793120001326,1987.3902269991959,0.0
1772212114,10,,Aggregated,7.300000,2.300000,960,1000,1100,1100,1200,1300,1400,1500,2000,2000,2000,1791,706,960.0,978.8846824455602,519.5793120001326,1987.3902269991959,0.0
1772212115,10,,Aggregated,7.200000,2.700000,960,1000,1100,1100,1200,1300,1400,1500,2000,2000,2000,1801,715,960.0,980.0641116529686,519.5793120001326,1987.3902269991959,0.0
1772212116,10,,Aggregated,7.500000,2.800000,960,1000,1100,1100,1200,1300,1400,1500,2000,2000,2000,1809,720,960.0,980.1158674477604,519.5793120001326,1987.3902269991959,0.0
1772212117,10,,Aggregated,7.000000,3.000000,960,1000,1100,1100,1200,1300,1400,1500,2000,2000,2000,1813,720,960.0,979.8448636034198,519.5793120001326,1987.3902269991959,0.0
1772212118,10,,Aggregated,7.000000,3.600000,960,1000,1100,1100,1200,1300,1400,1500,2000,2000,2000,1822,727,960.0,979.921358525796,519.5793120001326,1987.3902269991959,0.0
1772212119,10,,Aggregated,7.000000,4.000000,960,1000,1100,1100,1200,1300,1400,1500,2000,2000,2000,1832,732,960.0,980.0412555878831,519.5793120001326,1987.3902269991959,0.0
1772212120,10,,Aggregated,7.500000,4.700000,960,1000,1100,1100,1200,1300,1400,1500,2000,2000,2000,1838,732,960.0,979.6375345968455,519.5793120001326,1987.3902269991959,0.0
1772212121,10,,Aggregated,6.900000,4.200000,960,1000,1100,1100,1200,1300,1400,1500,2000,2000,2000,1847,735,960.0,979.3113607027597,519.5793120001326,1987.3902269991959,0.0
1772212122,10,,Aggregated,7.500000,4.300000,960,1000,1100,1100,1200,1300,1400,1500,2000,2000,2000,1856,736,960.0,978.8492536654081,519.5793120001326,1987.3902269991959,0.0
1772212123,10,,Aggregated,7.600000,3.900000,960,1000,1100,1100,1200,1300,1400,1500,2000,2000,2000,1864,736,960.0,978.2270598395899,519.5793120001326,1987.3902269991959,0.0
1772212124,10,,Aggregated,7.700000,3.500000,960,1000,1100,1100,1200,1300,1400,1500,2000,2000,2000,1871,736,960.0,977.8574080122899,519.5793120001326,1987.3902269991959,0.0
1772212125,10,,Aggregated,7.800000,3.200000,960,1000,1100,1100,1200,1300,1400,1500,2000,2000,2000,1879,736,960.0,977.519263210748,519.5793120001326,1987.3902269991959,0.0
1772212126,10,,Aggregated,7.700000,3.000000,960,1000,1100,1100,1200,1300,1400,1500,2000,2000,2000,1889,742,960.0,977.7695295844345,519.5793120001326,1987.3902269991959,0.0
1772212127,10,,Aggregated,8.100000,2.700000,960,1000,1100,1100,1200,1300,1400,1500,2000,2000,2000,1895,742,960.0,977.4900018411589,519.5793120001326,1987.3902269991959,0.0
1772212128,10,,Aggregated,8.000000,2.100000,960,1000,1100,1100,1200,1300,1400,1500,2000,2000,2000,1904,743,960.0,976.9971226780466,519.5793120001326,1987.3902269991959,0.0
1772212129,10,,Aggregated,7.900000,2.200000,960,1000,1100,1100,1200,1300,1400,1500,2000,2000,2000,1913,744,960.0,976.433808361738,519.5793120001326,1987.3902269991959,0.0
1772212130,10,,Aggregated,7.800000,1.600000,960,1000,1100,1100,1200,1300,1400,1500,2000,2000,2000,1920,746,960.0,976.1004564692726,519.5793120001326,1987.3902269991959,0.0
1772212131,10,,Aggregated,8.300000,1.500000,960,1000,1100,1100,1200,1300,1400,1500,2000,2000,2000,1928,753,960.0,976.5820850254175,519.5793120001326,1987.3902269991959,0.0
1772212132,10,,Aggregated,8.100000,1.200000,960,1000,1100,1100,1200,1300,1400,1500,2000,2000,2000,1931,755,960.0,976.9588164194747,519.5793120001326,1987.3902269991959,0.0
1772212133,10,,Aggregated,7.800000,1.200000,960,1000,1100,1100,1200,1300,1400,1600,2000,2000,2000,1939,763,960.0,979.4785532702443,519.5793120001326,1987.3902269991959,0.0
1772212134,10,,Aggregated,7.900000,1.800000,960,1000,1100,1100,1200,1300,1400,1600,2000,2000,2000,1945,767,960.0,979.7533481012871,519.5793120001326,1987.3902269991959,0.0
1772212135,10,,Aggregated,7.300000,1.900000,960,1000,1100,1100,1200,1300,1400,1600,2000,2000,2000,1952,770,960.0,979.6443121705946,519.5793120001326,1987.3902269991959,0.0
1772212136,10,,Aggregated,7.300000,2.800000,960,1000,1100,1100,1200,1300,1400,1600,2000,2000,2000,1962,773,960.0,979.5544221213048,519.5793120001326,1987.3902269991959,0.0
1772212137,10,,Aggregated,7.100000,3.200000,960,1000,1100,1100,1200,1300,1400,1600,2000,2000,2000,1970,778,960.0,979.4845191253802,519.5793120001326,1987.3902269991959,0.0
1772212138,10,,Aggregated,7.100000,3.400000,960,1000,1100,1100,1200,1300,1400,1600,2000,2000,2000,1975,779,960.0,979.0365333529099,519.5793120001326,1987.3902269991959,0.0
1772212139,10,,Aggregated,7.200000,3.100000,960,1000,1100,1100,1200,1300,1400,1600,2000,2000,2000,1984,784,960.0,979.1988352464706,519.5793120001326,1987.3902269991959,0.0
1772212140,10,,Aggregated,7.300000,3.600000,960,1000,1100,1100,1200,1300,1400,1600,2000,2000,2000,1990,789,960.0,979.5776940939686,519.5793120001326,1987.3902269991959,0.0
1772212141,10,,Aggregated,6.900000,3.600000,960,1000,1100,1100,1200,1300,1400,1600,2000,2000,2000,1998,793,960.0,979.5661288143139,519.5793120001326,1987.3902269991959,0.0
1772212142,10,,Aggregated,6.900000,4.000000,960,1000,1100,1100,1200,1300,1400,1600,1800,2000,2000,2008,796,960.0,979.3879689427289,519.5793120001326,1987.3902269991959,0.0
1772212143,10,,Aggregated,7.000000,4.300000,960,1000,1100,1100,1200,1300,1400,1600,1800,2000,2000,2016,798,960.0,979.1344217207342,519.5793120001326,1987.3902269991959,0.0
1772212144,10,,Aggregated,6.900000,4.000000,960,1000,1100,1100,1200,1300,1400,1600,1800,2000,2000,2020,798,960.0,978.8344224683169,519.5793120001326,1987.3902269991959,0.0
1772212146,10,,Aggregated,7.700000,4.100000,960,1000,1100,1100,1200,1300,1400,1600,1800,2000,2000,2029,805,960.0,979.7030372025637,519.5793120001326,1987.3902269991959,0.0
1772212147,10,,Aggregated,7.600000,3.400000,960,1000,1100,1100,1200,1300,1400,1600,1800,2000,2000,2035,809,960.0,980.0709878412797,519.5793120001326,1987.3902269991959,0.0
1772212148,10,,Aggregated,7.400000,3.000000,960,1000,1100,1100,1200,1300,1400,1600,1800,2000,2000,2042,815,960.0,980.6951223119514,519.5793120001326,1987.3902269991959,0.0
1772212149,10,,Aggregated,7.600000,3.500000,960,1000,1100,1100,1200,1300,1400,1600,1800,2000,2000,2049,821,960.0,981.2096579389967,519.5793120001326,1987.3902269991959,0.0
1772212150,10,,Aggregated,7.300000,3.600000,960,1000,1100,1100,1200,1300,1400,1600,1800,2000,2000,2057,824,960.0,980.9710551229967,519.5793120001326,1987.3902269991959,0.0
1772212151,10,,Aggregated,7.000000,3.600000,960,1000,1100,1100,1200,1300,1400,1600,1800,2000,2000,2066,824,960.0,980.5326325963247,519.5793120001326,1987.3902269991959,0.0
1772212152,10,,Aggregated,7.300000,4.000000,960,1000,1100,1100,1200,1300,1400,1600,1800,2000,2000,2076,828,960.0,980.4854005592523,519.5793120001326,1987.3902269991959,0.0
1772212153,10,,Aggregated,7.500000,3.400000,960,1000,1100,1100,1200,1300,1400,1600,1800,2000,2000,2081,828,960.0,980.0483671206168,519.5793120001326,1987.3902269991959,0.0
1772212154,10,,Aggregated,7.500000,3.400000,960,1000,1100,1100,1200,1300,1400,1600,1800,2000,2000,2087,834,960.0,980.7931575673199,519.5793120001326,1987.3902269991959,0.0
1772212155,10,,Aggregated,7.500000,3.500000,960,1000,1100,1100,1200,1300,1400,1600,1800,2000,2000,2092,838,960.0,981.1224646247615,519.5793120001326,1987.3902269991959,0.0
1772212156,10,,Aggregated,7.100000,3.200000,960,1000,1100,1100,1200,1300,1400,1500,1800,2000,2000,2101,846,960.0,981.6543990642563,519.5793120001326,1987.3902269991959,0.0
1772212157,10,,Aggregated,7.200000,4.000000,960,1000,1100,1100,1200,1300,1400,1500,1800,2000,2000,2111,849,960.0,981.8069860611078,519.5793120001326,1987.3902269991959,0.0
1772212158,10,,Aggregated,7.200000,4.100000,960,1000,1100,1100,1200,1300,1400,1500,1800,2000,2000,2116,849,960.0,981.4036733913046,519.5793120001326,1987.3902269991959,0.0
1772212159,10,,Aggregated,7.300000,4.000000,960,1000,1100,1100,1200,1300,1400,1500,1800,2000,2000,2126,852,960.0,981.1143396683902,519.5793120001326,1987.3902269991959,0.0
1772212160,10,,Aggregated,7.300000,3.400000,960,1000,1100,1100,1200,1300,1400,1500,1800,2000,2000,2135,852,960.0,980.499008455269,519.5793120001326,1987.3902269991959,0.0
1772212161,10,,Aggregated,7.500000,3.100000,960,1000,1100,1100,1200,1300,1400,1500,1800,2000,2000,2141,852,960.0,980.3262931574014,519.5793120001326,1987.3902269991959,0.0
1772212162,10,,Aggregated,7.600000,2.800000,960,1000,1100,1100,1200,1300,1400,1500,1800,2000,2000,2150,854,960.0,980.151262133018,519.5793120001326,1987.3902269991959,0.0
1772212163,10,,Aggregated,7.400000,2.800000,960,1000,1100,1100,1200,1300,1400,1500,1800,2000,2000,2158,854,960.0,979.6058888202024,519.5793120001326,1987.3902269991959,0.0
1772212164,10,,Aggregated,7.300000,2.600000,960,1000,1100,1100,1200,1300,1400,1500,1800,2000,2000,2166,854,960.0,979.2712253753477,519.5793120001326,1987.3902269991959,0.0
1772212165,10,,Aggregated,7.700000,2.600000,960,1000,1100,1100,1200,1300,1400,1500,1800,2000,2000,2174,855,960.0,978.9619497166501,519.5793120001326,1987.3902269991959,0.0
1772212166,10,,Aggregated,7.700000,2.600000,960,1000,1100,1100,1200,1300,1400,1500,1800,2000,2000,2178,855,960.0,978.919099667123,519.5793120001326,1987.3902269991959,0.0
1772212167,10,,Aggregated,7.900000,1.600000,960,1000,1100,1100,1200,1300,1400,1500,1800,2000,2000,2187,864,960.0,980.1356544732538,519.5793120001326,1987.3902269991959,0.0
1772212168,10,,Aggregated,7.700000,0.900000,960,1000,1100,1100,1200,1300,1400,1500,1800,2000,2000,2192,869,960.0,980.4459529101305,519.5793120001326,1987.3902269991959,0.0
1772212169,10,,Aggregated,7.600000,1.200000,960,1000,1100,1100,1200,1300,1400,1500,1800,2000,2000,2199,875,960.0,981.2265063060495,519.5793120001326,1987.3902269991959,0.0
1772212170,10,,Aggregated,7.500000,1.800000,960,1000,1100,1100,1200,1300,1400,1500,1800,2000,2000,2204,879,960.0,981.8258916565336,519.5793120001326,1987.3902269991959,0.0
1772212171,10,,Aggregated,7.400000,2.200000,960,1000,1100,1100,1200,1300,1400,1600,1800,2000,2000,2212,886,960.0,982.8229444240505,519.5793120001326,1987.3902269991959,0.0
1772212172,10,,Aggregated,6.900000,2.500000,960,1000,1100,1100,1200,1300,1400,1600,1800,2000,2000,2221,893,960.0,983.1369088923886,519.5793120001326,1987.3902269991959,0.0
1772212173,10,,Aggregated,7.000000,3.300000,960,1000,1100,1100,1200,1300,1400,1600,1800,2000,2000,2229,895,960.0,983.0019555428421,519.5793120001326,1987.3902269991959,0.0
1772212174,10,,Aggregated,7.300000,3.900000,960,1000,1100,1100,1200,1300,1400,1600,1800,2000,2000,2235,895,960.0,982.6847810071584,519.5793120001326,1987.3902269991959,0.0
1772212175,10,,Aggregated,6.900000,3.900000,960,1000,1100,1100,1200,1300,1400,1600,1800,2000,2000,2245,899,960.0,982.7010862093523,519.5793120001326,1987.3902269991959,0.0
1772212176,10,,Aggregated,7.000000,4.100000,960,1000,1100,1100,1200,1300,1400,1600,1800,2000,2000,2254,903,960.0,982.6636510949431,519.5793120001326,1987.3902269991959,0.0
1772212177,10,,Aggregated,7.200000,4.400000,960,1000,1100,1100,1200,1300,1400,1600,1800,2000,2000,2259,903,960.0,982.281186546703,519.5793120001326,1987.3902269991959,0.0
1772212178,10,,Aggregated,7.000000,4.400000,960,1000,1100,1100,1200,1300,1400,1600,1800,2000,2000,2268,907,960.0,982.2647987050264,519.5793120001326,1987.3902269991959,0.0
1772212179,10,,Aggregated,7.300000,4.200000,960,1000,1100,1100,1200,1300,1400,1600,1800,2000,2000,2277,907,960.0,981.6069976499779,519.5793120001326,1987.3902269991959,0.0
1772212180,10,,Aggregated,7.600000,4.000000,960,1000,1100,1100,1200,1300,1400,1600,1800,2000,2000,2285,907,960.0,980.9754330288793,519.5793120001326,1987.3902269991959,0.0
1772212181,10,,Aggregated,7.500000,3.300000,960,1000,1100,1100,1200,1300,1400,1600,1800,2000,2000,2294,910,960.0,980.8690122558829,519.5793120001326,1987.3902269991959,0.0
1772212182,10,,Aggregated,7.900000,3.000000,960,1000,1100,1100,1200,1300,1400,1500,1800,2000,2000,2301,913,960.0,980.7907797231609,519.5793120001326,1987.3902269991959,0.0
1772212183,10,,Aggregated,7.900000,2.300000,960,1000,1100,1100,1200,1300,1400,1500,1800,2000,2000,2308,914,960.0,980.4449575545896,519.5793120001326,1987.3902269991959,0.0
1772212184,10,,Aggregated,7.700000,1.700000,960,1000,1100,1100,1200,1300,1400,1500,1800,2000,2000,2317,920,960.0,980.5859027280923,519.5793120001326,1987.3902269991959,0.0
1772212185,10,,Aggregated,8.100000,2.100000,960,1000,1100,1100,1200,1300,1400,1500,1800,2000,2000,2322,923,960.0,980.6194262342754,519.5793120001326,1987.3902269991959,0.0
1772212186,10,,Aggregated,7.700000,2.200000,960,1000,1100,1100,1200,1300,1400,1500,1800,2000,2000,2330,926,960.0,980.4570674918392,519.5793120001326,1987.3902269991959,0.0
1772212187,10,,Aggregated,7.500000,2.200000,960,1000,1100,1100,1200,1300,1400,1500,1800,2000,2000,2340,935,960.0,980.7637967234997,519.5793120001326,1987.3902269991959,0.0
1772212188,10,,Aggregated,8.000000,2.700000,960,1000,1100,1100,1200,1300,1400,1500,1800,2000,2000,2346,937,960.0,980.6712811734811,519.5793120001326,1987.3902269991959,0.0
1772212189,10,,Aggregated,7.600000,2.600000,960,1000,1100,1100,1200,1300,1400,1500,1800,2000,2000,2354,939,960.0,980.4141621886113,519.5793120001326,1987.3902269991959,0.0
1772212190,10,,Aggregated,7.400000,2.800000,960,1000,1100,1100,1200,1300,1400,1500,1800,2000,2000,2364,940,960.0,979.8925672732635,519.5793120001326,1987.3902269991959,0.0
1772212191,10,,Aggregated,7.700000,3.100000,960,1000,1100,1100,1200,1300,1400,1500,1800,2000,2000,2373,940,960.0,979.3783795714262,519.5793120001326,1987.3902269991959,0.0
1772212192,10,,Aggregated,7.800000,3.300000,960,1000,1100,1100,1200,1300,1400,1500,1800,2000,2000,2382,942,960.0,979.1470328950428,519.5793120001326,1987.3902269991959,0.0
1772212193,10,,Aggregated,7.800000,3.200000,960,1000,1100,1100,1200,1300,1400,1500,1800,2000,2000,2386,942,960.0,978.8150613273233,519.5793120001326,1987.3902269991959,0.0
1772212194,10,,Aggregated,7.800000,3.000000,960,1000,1100,1100,1200,1300,1400,1500,1800,2000,2000,2395,946,960.0,978.779505191644,519.5793120001326,1987.3902269991959,0.0
1772212195,10,,Aggregated,7.700000,2.800000,960,1000,1100,1100,1200,1300,1400,1500,1800,2000,2000,2405,955,960.0,979.4845708498948,519.5793120001326,1987.3902269991959,0.0
1772212196,10,,Aggregated,7.700000,2.800000,960,1000,1100,1100,1200,1300,1400,1500,1800,2000,2000,2406,955,960.0,979.3512091354935,519.5793120001326,1987.3902269991959,0.0
1772212197,10,,Aggregated,7.800000,2.600000,960,1000,1100,1100,1200,1300,1400,1500,1800,2000,2000,2416,964,960.0,979.6096282785586,519.5793120001326,1987.3902269991959,0.0
1772212198,10,,Aggregated,7.800000,2.900000,960,1000,1100,1100,1200,1300,1400,1500,1800,2000,2000,2426,973,960.0,980.0079578730384,519.5793120001326,1987.3902269991959,0.0
1772212199,10,,Aggregated,7.800000,3.100000,960,1000,1100,1100,1200,1300,1400,1500,1800,2000,2000,2431,973,960.0,979.7834376997108,519.5793120001326,1987.3902269991959,0.0
1772212200,10,,Aggregated,7.700000,2.900000,960,1000,1100,1100,1200,1300,1400,1500,1800,2000,2000,2438,976,960.0,979.7186598921217,519.5793120001326,1987.3902269991959,0.0
1772212201,10,,Aggregated,7.700000,3.500000,960,1000,1100,1100,1200,1300,1400,1500,1800,2000,2000,2448,983,960.0,980.1657276985256,519.5793120001326,1987.3902269991959,0.0
1772212202,10,,Aggregated,7.700000,3.500000,960,1000,1100,1100,1200,1300,1400,1500,1800,2000,2000,2454,986,960.0,979.9648951361025,519.5793120001326,1987.3902269991959,0.0
1772212203,10,,Aggregated,7.300000,3.600000,960,1000,1100,1100,1200,1300,1400,1500,1800,2000,2000,2460,990,960.0,980.0356303260137,519.5793120001326,1987.3902269991959,0.0
1772212204,10,,Aggregated,7.600000,4.300000,970,1000,1100,1100,1200,1300,1400,1500,1800,2000,2000,2470,1000,960.0,980.8505330554655,519.5793120001326,1987.3902269991959,0.0
1772212205,10,,Aggregated,7.500000,4.800000,970,1000,1100,1100,1200,1300,1400,1500,1800,2000,2000,2474,1002,970.0,980.7473169155193,519.5793120001326,1987.3902269991959,0.0
1772212206,10,,Aggregated,7.000000,4.500000,970,1000,1100,1100,1200,1300,1400,1500,1800,2000,2000,2483,1008,970.0,980.776634484089,519.5793120001326,1987.3902269991959,0.0
1772212207,10,,Aggregated,7.400000,5.400000,970,1000,1100,1100,1200,1300,1400,1500,1800,2000,2000,2492,1016,970.0,981.1482670674135,519.5793120001326,1987.3902269991959,0.0
1772212208,10,,Aggregated,6.900000,4.800000,970,1000,1100,1100,1200,1300,1400,1500,1800,2000,2000,2498,1021,970.0,981.2433180052027,519.5793120001326,1987.3902269991959,0.0
1772212209,10,,Aggregated,7.200000,4.800000,970,1000,1100,1100,1200,1300,1400,1500,1800,2000,2000,2503,1026,970.0,981.6143907862544,519.5793120001326,1987.3902269991959,0.0
1772212210,10,,Aggregated,7.500000,5.200000,970,1000,1100,1100,1200,1300,1400,1500,1800,2000,2000,2513,1030,970.0,981.6189883935544,519.5793120001326,1987.3902269991959,0.0
1772212211,10,,Aggregated,7.100000,4.800000,970,1000,1100,1100,1200,1300,1400,1500,1800,2000,2000,2520,1030,970.0,981.192359840875,519.5793120001326,1987.3902269991959,0.0
1772212213,10,,Aggregated,6.800000,5.100000,970,1000,1100,1100,1200,1300,1400,1500,1800,2000,2000,2528,1033,970.0,981.0284948425655,519.5793120001326,1987.3902269991959,0.0
1772212214,10,,Aggregated,7.300000,5.400000,970,1000,1100,1100,1200,1300,1400,1500,1800,2000,2000,2536,1037,970.0,981.1896695248452,519.5793120001326,1987.3902269991959,0.0
1772212215,10,,Aggregated,7.000000,4.700000,970,1000,1100,1100,1200,1300,1400,1500,1800,2000,2000,2542,1042,970.0,981.3208636498837,519.5793120001326,1987.3902269991959,0.0
1772212216,10,,Aggregated,7.000000,4.300000,970,1000,1100,1100,1200,1300,1400,1500,1800,2000,2000,2550,1046,970.0,981.240962074901,519.5793120001326,1987.3902269991959,0.0
1772212217,10,,Aggregated,7.600000,4.700000,970,1000,1100,1100,1200,1300,1400,1500,1800,2000,2000,2560,1046,970.0,980.7441889710906,519.5793120001326,1987.3902269991959,0.0
1772212218,10,,Aggregated,7.500000,4.300000,970,1000,1100,1100,1200,1300,1400,1500,1800,2000,2000,2568,1046,970.0,980.5672365809944,519.5793120001326,1987.3902269991959,0.0
1772212219,10,,Aggregated,7.700000,3.800000,960,1000,1100,1100,1200,1300,1400,1500,1800,2000,2000,2576,1046,960.0,980.2214879716606,519.5793120001326,1987.3902269991959,0.0
1772212220,10,,Aggregated,7.700000,3.800000,960,1000,1100,1100,1200,1300,1400,1500,1800,2000,2000,2583,1047,960.0,979.6893803248145,519.5793120001326,1987.3902269991959,0.0
1772212221,10,,Aggregated,7.500000,3.000000,960,1000,1100,1100,1200,1300,1400,1500,1800,2000,2000,2593,1054,960.0,979.8271958075537,519.5793120001326,1987.3902269991959,0.0
1772212222,10,,Aggregated,7.900000,2.100000,970,1000,1100,1100,1200,1300,1400,1500,1800,2000,2000,2602,1056,960.0,979.6640964646356,519.5793120001326,1987.3902269991959,0.0
1772212223,10,,Aggregated,7.900000,2.100000,960,1000,1100,1100,1200,1300,1400,1500,1800,2000,2000,2605,1056,960.0,979.5226630909715,519.5793120001326,1987.3902269991959,0.0
1772212224,10,,Aggregated,8.000000,2.400000,970,1000,1100,1100,1200,1300,1400,1500,1800,2000,2000,2615,1064,970.0,979.6017553074522,519.5793120001326,1987.3902269991959,0.0
1772212225,10,,Aggregated,7.700000,2.300000,970,1000,1100,1100,1200,1300,1400,1500,1800,2000,2000,2625,1071,970.0,979.7609832765677,519.5793120001326,1987.3902269991959,0.0
1772212226,10,,Aggregated,7.900000,2.700000,970,1000,1100,1100,1200,1300,1400,1500,1800,2000,2000,2629,1072,970.0,979.693922785085,519.5793120001326,1987.3902269991959,0.0
1772212227,10,,Aggregated,7.900000,2.700000,970,1000,1100,1100,1200,1300,1400,1500,1800,2000,2000,2636,1076,970.0,979.7027421604641,519.5793120001326,1987.3902269991959,0.0
1772212228,10,,Aggregated,7.700000,2.500000,970,1000,1100,1100,1200,1300,1400,1500,1800,2000,2000,2647,1078,970.0,979.5132989308603,519.5793120001326,1987.3902269991959,0.0
1772212229,10,,Aggregated,7.600000,3.000000,970,1000,1100,1100,1200,1300,1400,1500,1800,2000,2000,2656,1084,970.0,979.5775457639263,519.5793120001326,1987.3902269991959,0.0
1772212230,10,,Aggregated,7.800000,3.200000,970,1000,1100,1100,1200,1300,1400,1500,1800,2000,2000,2660,1085,970.0,979.5671147360852,519.5793120001326,1987.3902269991959,0.0
1772212231,10,,Aggregated,7.800000,3.600000,970,1000,1100,1100,1200,1300,1400,1500,1800,2000,2000,2670,1092,970.0,980.4778225396938,519.5793120001326,1987.3902269991959,0.0
1772212232,10,,Aggregated,7.400000,3.700000,970,1000,1100,1100,1200,1300,1400,1500,1800,2000,2000,2673,1094,970.0,980.601854472122,519.5793120001326,1987.3902269991959,0.0
1772212233,10,,Aggregated,7.400000,3.800000,970,1000,1100,1100,1200,1300,1400,1500,1800,2000,2000,2681,1099,970.0,980.8770103424031,519.5793120001326,1987.3902269991959,0.0
1772212234,10,,Aggregated,7.200000,3.800000,970,1000,1100,1100,1200,1300,1400,1500,1800,2000,2000,2690,1102,970.0,980.7994431159784,519.5793120001326,1987.3902269991959,0.0
1772212235,10,,Aggregated,7.500000,4.300000,970,1000,1100,1100,1200,1300,1400,1500,1800,2000,2000,2698,1104,970.0,980.6617942509197,519.5793120001326,1987.3902269991959,0.0
1772212236,10,,Aggregated,7.500000,4.300000,970,1000,1100,1100,1200,1300,1400,1500,1800,2000,2000,2704,1105,970.0,980.4429457817964,519.5793120001326,1987.3902269991959,0.0
1772212237,10,,Aggregated,7.100000,3.100000,970,1000,1100,1100,1200,1300,1400,1500,1800,2000,2000,2714,1107,970.0,980.3328358732409,519.5793120001326,1987.3902269991959,0.0
1772212238,10,,Aggregated,7.700000,3.400000,970,1000,1100,1100,1200,1300,1400,1500,1800,2000,2000,2721,1107,970.0,979.9652876762148,519.5793120001326,1987.3902269991959,0.0
1772212239,10,,Aggregated,7.400000,3.100000,970,1000,1100,1100,1200,1300,1400,1500,1800,2000,2000,2730,1108,970.0,979.8429731893706,519.5793120001326,1987.3902269991959,0.0
1772212240,10,,Aggregated,7.400000,2.900000,970,1000,1100,1100,1200,1300,1400,1500,1800,2000,2000,2736,1114,970.0,980.314975010226,519.5793120001326,1987.3902269991959,0.0
1772212241,10,,Aggregated,7.400000,2.500000,970,1000,1100,1100,1200,1300,1400,1500,1800,2000,2000,2741,1118,970.0,980.410576076608,519.5793120001326,1987.3902269991959,0.0
1772212242,10,,Aggregated,7.500000,2.600000,970,1000,1100,1100,1200,1300,1400,1500,1800,2000,2000,2751,1126,970.0,980.8538967880698,519.5793120001326,1987.3902269991959,0.0
1772212243,10,,Aggregated,7.300000,2.500000,970,1000,1100,1100,1200,1300,1400,1500,1800,2000,2000,2761,1130,970.0,980.898854977898,519.5793120001326,1987.3902269991959,0.0
1772212244,10,,Aggregated,7.700000,3.200000,970,1000,1100,1100,1200,1300,1400,1500,1800,2000,2000,2762,1131,970.0,980.9064877686365,519.5793120001326,1987.3902269991959,0.0
1772212245,10,,Aggregated,7.700000,3.200000,970,1000,1100,1100,1200,1300,1400,1500,1800,2000,2000,2771,1140,970.0,981.5819119278162,519.5793120001326,1987.3902269991959,0.0
1772212246,10,,Aggregated,7.200000,2.800000,970,1000,1100,1100,1200,1300,1400,1500,1800,2000,2000,2781,1141,970.0,981.3867106709724,519.5793120001326,1987.3902269991959,0.0
1772212247,10,,Aggregated,7.700000,3.800000,970,1000,1100,1100,1200,1300,1400,1500,1800,2000,2000,2785,1142,970.0,981.1646991303301,519.5793120001326,1987.3902269991959,0.0
1772212248,10,,Aggregated,7.200000,3.500000,970,1000,1100,1100,1200,1300,1400,1500,1800,2000,2000,2795,1149,970.0,981.371387692296,519.5793120001326,1987.3902269991959,0.0
1772212249,10,,Aggregated,7.300000,3.400000,970,1000,1100,1100,1200,1300,1400,1500,1800,2000,2000,2804,1153,970.0,981.3662620171066,519.5793120001326,1987.3902269991959,0.0
1772212250,10,,Aggregated,7.300000,4.100000,970,1000,1100,1100,1200,1300,1400,1500,1800,2000,2000,2812,1153,970.0,981.0119823104433,519.5793120001326,1987.3902269991959,0.0
1772212251,10,,Aggregated,7.200000,4.300000,970,1000,1100,1100,1200,1300,1400,1500,1800,2000,2000,2819,1154,970.0,980.8407055501847,519.5793120001326,1987.3902269991959,0.0
1772212252,10,,Aggregated,7.400000,4.300000,970,1000,1100,1100,1200,1300,1400,1500,1800,2000,2000,2828,1156,970.0,980.7410881527468,519.5793120001326,1987.3902269991959,0.0
1772212253,10,,Aggregated,7.500000,3.700000,970,1000,1100,1100,1200,1300,1400,1500,1800,2000,2000,2836,1157,970.0,980.4144852781967,519.5793120001326,1987.3902269991959,0.0
1772212254,10,,Aggregated,7.500000,3.200000,970,1000,1100,1100,1200,1300,1400,1500,1800,2000,2000,2845,1157,970.0,980.0631213289853,519.5793120001326,1987.3902269991959,0.0
1772212255,10,,Aggregated,7.800000,3.000000,970,1000,1100,1100,1200,1300,1400,1500,1800,2000,2000,2850,1158,970.0,979.9874015115682,519.5793120001326,1987.3902269991959,0.0
1772212256,10,,Aggregated,7.900000,2.700000,970,1000,1100,1100,1200,1300,1400,1500,1800,2000,2000,2858,1164,970.0,980.2723856025126,519.5793120001326,1987.3902269991959,0.0
1772212257,10,,Aggregated,7.500000,1.700000,970,1000,1100,1100,1200,1300,1400,1500,1800,2000,2000,2864,1170,970.0,980.6069786546707,519.5793120001326,1987.3902269991959,0.0
1772212258,10,,Aggregated,7.800000,2.100000,970,1000,1100,1100,1200,1300,1400,1500,1800,2000,2000,2869,1175,970.0,981.2976518588275,519.5793120001326,1987.3902269991959,0.0
1772212259,10,,Aggregated,7.600000,2.400000,970,1000,1100,1100,1200,1300,1400,1500,1800,2000,2000,2877,1183,970.0,982.293826030581,519.5793120001326,1987.3902269991959,0.0
1772212260,10,,Aggregated,7.400000,2.400000,970,1000,1100,1100,1200,1300,1400,1500,1800,2000,2000,2887,1183,970.0,981.8288646210511,519.5793120001326,1987.3902269991959,0.0
1772212261,10,,Aggregated,7.300000,2.700000,970,1000,1100,1100,1200,1300,1400,1500,1800,2000,2000,2895,1185,970.0,981.8121771813394,519.5793120001326,1987.3902269991959,0.0
1772212262,10,,Aggregated,7.400000,3.000000,970,1000,1100,1100,1200,1300,1400,1500,1800,2000,2000,2900,1187,970.0,981.8406379751649,519.5793120001326,1987.3902269991959,0.0
1772212263,10,,Aggregated,7.200000,2.900000,970,1000,1100,1100,1200,1300,1400,1500,1800,2000,2000,2908,1193,970.0,982.2737266103758,519.5793120001326,1987.3902269991959,0.0
1772212264,10,,Aggregated,7.400000,2.900000,970,1000,1100,1100,1200,1300,1400,1500,1800,2000,2000,2917,1195,970.0,982.0953643126394,519.5793120001326,1987.3902269991959,0.0
1772212265,10,,Aggregated,7.000000,3.100000,970,1000,1100,1100,1200,1300,1400,1500,1800,2000,2000,2923,1196,970.0,981.7614272989965,519.5793120001326,1987.3902269991959,0.0
1772212266,10,,Aggregated,6.900000,3.700000,970,1000,1100,1100,1200,1300,1400,1500,1800,2000,2000,2931,1199,970.0,981.6478463258186,519.5793120001326,1987.3902269991959,0.0
1772212267,10,,Aggregated,7.300000,3.800000,970,1000,1100,1100,1200,1300,1400,1500,1800,2000,2000,2941,1200,970.0,981.4088936337854,519.5793120001326,1987.3902269991959,0.0
1772212268,10,,Aggregated,7.000000,3.600000,970,1000,1100,1100,1200,1300,1400,1500,1800,2000,2000,2949,1200,970.0,981.0514368060226,519.5793120001326,1987.3902269991959,0.0
1772212269,10,,Aggregated,7.400000,3.400000,970,1000,1100,1100,1200,1300,1400,1500,1800,2000,2000,2956,1200,970.0,980.6190216336139,519.5793120001326,1987.3902269991959,0.0
1772212270,10,,Aggregated,7.500000,2.800000,970,1000,1100,1100,1200,1300,1400,1500,1800,2000,2000,2965,1200,970.0,980.196935592568,519.5793120001326,1987.3902269991959,0.0
1772212271,10,,Aggregated,8.000000,2.300000,960,1000,1100,1100,1200,1300,1400,1500,1800,2000,2000,2974,1200,960.0,979.7304949788036,519.5793120001326,1987.3902269991959,0.0
1772212272,10,,Aggregated,7.900000,1.700000,960,1000,1100,1100,1200,1300,1400,1500,1800,2000,2000,2982,1200,960.0,979.3469706515643,519.5793120001326,1987.3902269991959,0.0
1772212273,10,,Aggregated,8.000000,1.700000,960,1000,1100,1100,1200,1300,1400,1500,1800,2000,2000,2990,1200,960.0,979.0243751130324,519.5793120001326,1987.3902269991959,0.0
1772212274,10,,Aggregated,7.900000,1.500000,960,1000,1100,1100,1200,1300,1400,1500,1800,2000,2000,2999,1208,960.0,979.3587735608392,519.5793120001326,1987.3902269991959,0.0
1772212276,10,,Aggregated,8.300000,1.300000,960,1000,1100,1100,1200,1300,1400,1500,1800,2000,2000,3003,1208,960.0,979.2083696500011,519.5793120001326,1987.3902269991959,0.0
1772212277,10,,Aggregated,8.100000,0.600000,960,1000,1100,1100,1200,1300,1400,1500,1800,2000,2000,3011,1211,960.0,979.099954844221,519.5793120001326,1987.3902269991959,0.0
1772212278,10,,Aggregated,8.000000,1.300000,960,1000,1100,1100,1200,1300,1400,1500,1800,2000,2000,3021,1212,960.0,978.7915184978318,519.5793120001326,1987.3902269991959,0.0
1772212279,10,,Aggregated,7.900000,1.100000,960,1000,1100,1100,1200,1300,1400,1500,1800,2000,2000,3028,1217,960.0,978.9227012945668,519.5793120001326,1987.3902269991959,0.0
1772212280,10,,Aggregated,7.800000,1.200000,960,1000,1100,1100,1200,1300,1400,1500,1800,2000,2000,3033,1220,960.0,978.8316117991919,519.5793120001326,1987.3902269991959,0.0
1772212281,10,,Aggregated,7.700000,1.700000,960,1000,1100,1100,1200,1300,1400,1500,1800,2000,2000,3043,1229,960.0,979.183304780792,519.5793120001326,1987.3902269991959,0.0
1772212282,10,,Aggregated,7.400000,2.000000,970,1000,1100,1100,1200,1300,1400,1500,1800,2000,2000,3050,1235,970.0,979.3179834871963,519.5793120001326,1987.3902269991959,0.0
1772212283,10,,Aggregated,7.500000,2.900000,970,1000,1100,1100,1200,1300,1400,1500,1800,2000,2000,3055,1236,970.0,979.1363681934347,519.5793120001326,1987.3902269991959,0.0
1772212284,10,,Aggregated,7.200000,3.200000,970,1000,1100,1100,1200,1300,1400,1500,1800,2000,2000,3065,1243,970.0,979.2370199487599,519.5793120001326,1987.3902269991959,0.0
1772212285,10,,Aggregated,7.100000,3.600000,970,1000,1100,1100,1200,1300,1400,1500,1800,2000,2000,3074,1248,970.0,979.3171206951697,519.5793120001326,1987.3902269991959,0.0
1772212286,10,,Aggregated,7.400000,4.300000,970,1000,1100,1100,1200,1300,1400,1500,1800,2000,2000,3077,1249,970.0,979.2312872151286,519.5793120001326,1987.3902269991959,0.0
1772212287,10,,Aggregated,7.400000,4.300000,970,1000,1100,1100,1200,1300,1400,1500,1800,2000,2000,3085,1257,970.0,980.1336438687043,519.5793120001326,1987.3902269991959,0.0
1772212288,10,,Aggregated,7.300000,4.000000,970,1000,1100,1100,1200,1300,1400,1500,1800,2000,2000,3094,1263,970.0,980.2597850045098,519.5793120001326,1987.3902269991959,0.0
1772212289,10,,Aggregated,7.400000,4.600000,970,1000,1100,1100,1200,1300,1400,1500,1800,2000,2000,3101,1264,970.0,980.1026250793122,519.5793120001326,1987.3902269991959,0.0
1772212290,10,,Aggregated,7.000000,4.900000,970,1000,1100,1100,1200,1300,1400,1500,1800,2000,2000,3109,1264,970.0,979.7107782720957,519.5793120001326,1987.3902269991959,0.0
1772212291,10,,Aggregated,7.100000,4.700000,970,1000,1100,1100,1200,1300,1400,1500,1800,2000,2000,3119,1265,970.0,979.2059079163016,519.5793120001326,1987.3902269991959,0.0
1772212292,10,,Aggregated,7.500000,4.400000,970,1000,1100,1100,1200,1300,1400,1500,1800,2000,2000,3126,1268,970.0,979.1943036880809,519.5793120001326,1987.3902269991959,0.0
1772212293,10,,Aggregated,7.500000,4.400000,970,1000,1100,1100,1200,1300,1400,1500,1800,2000,2000,3131,1268,970.0,978.9273698818083,519.5793120001326,1987.3902269991959,0.0
1772212294,10,,Aggregated,7.600000,3.400000,970,1000,1100,1100,1200,1300,1400,1500,1800,2000,2000,3136,1273,970.0,979.7588873839119,519.5793120001326,1987.3902269991959,0.0
1772212295,10,,Aggregated,7.700000,3.200000,970,1000,1100,1100,1200,1300,1400,1500,1800,2000,2000,3142,1279,970.0,980.8685990766847,519.5793120001326,1987.3902269991959,0.0
1772212296,10,,Aggregated,7.100000,2.900000,970,1000,1100,1100,1200,1300,1400,1500,1800,2000,2000,3151,1288,970.0,981.4854375252135,519.5793120001326,1987.3902269991959,0.0
1772212297,10,,Aggregated,7.100000,2.900000,970,1000,1100,1100,1200,1300,1400,1500,1800,2000,2000,3156,1288,970.0,981.2933544568901,519.5793120001326,1987.3902269991959,0.0
1772212298,10,,Aggregated,7.300000,3.800000,970,1000,1100,1100,1200,1300,1400,1500,1800,2000,2000,3166,1294,970.0,981.295241909331,519.5793120001326,1987.3902269991959,0.0
1772212299,10,,Aggregated,7.100000,3.100000,970,1000,1100,1100,1200,1300,1400,1500,1800,2000,2000,3170,1297,970.0,981.5624858577114,519.5793120001326,1987.3902269991959,0.0
1772212300,10,,Aggregated,7.400000,3.300000,970,1000,1100,1100,1200,1300,1400,1600,1800,2000,2000,3178,1305,970.0,982.7184698250305,519.5793120001326,1987.3902269991959,0.0
1772212301,10,,Aggregated,6.900000,3.100000,970,1000,1100,1100,1200,1300,1400,1600,1800,2000,2000,3186,1306,970.0,982.5016791067014,519.5793120001326,1987.3902269991959,0.0
1772212302,10,,Aggregated,6.800000,3.900000,970,1000,1100,1100,1200,1300,1400,1600,1800,2000,2000,3195,1308,970.0,982.2172033386393,519.5793120001326,1987.3902269991959,0.0
1772212303,10,,Aggregated,6.600000,4.100000,970,1000,1100,1100,1200,1300,1400,1600,1800,2000,2000,3202,1308,970.0,981.986213833839,519.5793120001326,1987.3902269991959,0.0
1772212304,10,,Aggregated,6.800000,4.000000,970,1000,1100,1100,1200,1300,1400,1600,1800,2000,2000,3211,1309,970.0,981.7346832687494,519.5793120001326,1987.3902269991959,0.0
1772212305,10,,Aggregated,6.800000,4.000000,970,1000,1100,1100,1200,1300,1400,1600,1800,2000,2000,3219,1310,970.0,981.4140762040867,519.5793120001326,1987.3902269991959,0.0
1772212306,10,,Aggregated,7.200000,3.700000,960,1000,1100,1100,1200,1300,1400,1600,1800,2000,2000,3227,1312,960.0,981.188645026945,519.5793120001326,1987.3902269991959,0.0
1772212307,10,,Aggregated,7.400000,3.100000,960,1000,1100,1100,1200,1300,1400,1600,1800,2000,2000,3236,1316,960.0,981.1128365472667,519.5793120001326,1987.3902269991959,0.0
1772212308,10,,Aggregated,7.500000,2.600000,960,1000,1100,1100,1200,1300,1400,1600,1800,2000,2000,3244,1317,960.0,980.8540674972107,519.5793120001326,1987.3902269991959,0.0
1772212309,10,,Aggregated,7.400000,2.500000,960,1000,1100,1100,1200,1300,1400,1600,1800,2000,2000,3249,1317,960.0,980.7574881858885,519.5793120001326,1987.3902269991959,0.0
1772212310,10,,Aggregated,7.300000,2.200000,960,1000,1100,1100,1200,1300,1400,1600,1800,2000,2000,3257,1322,960.0,980.8291505225512,519.5793120001326,1987.3902269991959,0.0
1772212311,10,,Aggregated,7.900000,2.200000,960,1000,1100,1100,1200,1300,1400,1600,1800,2000,2000,3267,1327,960.0,980.8026884679962,519.5793120001326,1987.3902269991959,0.0
1772212312,10,,Aggregated,8.000000,1.900000,960,1000,1100,1100,1200,1300,1400,1600,1800,2000,2000,3272,1332,960.0,980.9906999327445,519.5793120001326,1987.3902269991959,0.0
1772212313,10,,Aggregated,7.600000,1.600000,970,1000,1100,1100,1200,1300,1400,1600,1800,2000,2000,3278,1336,960.0,981.0528843578207,519.5793120001326,1987.3902269991959,0.0
1772212314,10,,Aggregated,7.600000,2.100000,970,1000,1100,1100,1200,1300,1400,1600,1800,2000,2000,3289,1344,970.0,981.1979030160946,519.5793120001326,1987.3902269991959,0.0
1772212315,10,,Aggregated,7.800000,2.800000,970,1000,1100,1100,1200,1300,1400,1600,1800,2000,2000,3297,1345,970.0,981.1159767461129,519.5793120001326,1987.3902269991959,0.0
1772212316,10,,Aggregated,7.200000,2.700000,970,1000,1100,1100,1200,1300,1400,1600,1800,2000,2000,3299,1346,970.0,981.1002807914318,519.5793120001326,1987.3902269991959,0.0
1772212317,10,,Aggregated,7.400000,3.500000,970,1000,1100,1100,1200,1300,1400,1600,1800,2000,2000,3309,1354,970.0,981.334009240536,519.5793120001326,1987.3902269991959,0.0
1772212318,10,,Aggregated,7.400000,3.400000,970,1000,1100,1100,1200,1300,1400,1600,1800,2000,2000,3319,1354,970.0,981.1340212648216,519.5793120001326,1987.3902269991959,0.0
1772212319,10,,Aggregated,7.400000,3.800000,970,1000,1100,1100,1200,1300,1400,1600,1800,2000,2000,3328,1359,970.0,981.193446567589,519.5793120001326,1987.3902269991959,0.0
1772212320,10,,Aggregated,7.300000,3.800000,970,1000,1100,1100,1200,1300,1400,1600,1800,2000,2000,3331,1359,970.0,981.0819345451638,519.5793120001326,1987.3902269991959,0.0
1772212321,10,,Aggregated,7.200000,3.700000,970,1000,1100,1100,1200,1300,1400,1600,1800,2000,2000,3340,1367,970.0,981.465241454176,519.5793120001326,1987.3902269991959,0.0
1772212322,10,,Aggregated,7.300000,3.700000,970,1000,1100,1100,1200,1300,1400,1600,1800,2000,2000,3349,1370,970.0,981.3845203556141,519.5793120001326,1987.3902269991959,0.0
1772212323,10,,Aggregated,7.400000,3.900000,970,1000,1100,1100,1200,1300,1400,1600,1800,2000,2000,3354,1370,970.0,981.1024910256282,519.5793120001326,1987.3902269991959,0.0
1772212324,10,,Aggregated,7.500000,4.000000,970,1000,1100,1100,1200,1300,1400,1600,1800,2000,2000,3363,1374,970.0,981.1241818807482,519.5793120001326,1987.3902269991959,0.0
1772212325,10,,Aggregated,7.300000,3.400000,970,1000,1100,1100,1200,1300,1400,1600,1800,2000,2000,3370,1377,970.0,981.1875583901965,519.5793120001326,1987.3902269991959,0.0
1772212326,10,,Aggregated,7.800000,3.500000,970,1000,1100,1100,1200,1300,1400,1600,1800,2000,2000,3377,1381,970.0,981.3148154113,519.5793120001326,1987.3902269991959,0.0
1772212327,10,,Aggregated,7.400000,3.000000,970,1000,1100,1100,1200,1300,1400,1600,1800,2000,2000,3383,1386,970.0,981.5054079748601,519.5793120001326,1987.3902269991959,0.0
1772212328,10,,Aggregated,7.400000,3.300000,970,1000,1100,1100,1200,1300,1400,1600,1800,2000,2000,3392,1394,970.0,981.7004552685554,519.5793120001326,1987.3902269991959,0.0
1772212329,10,,Aggregated,7.300000,3.000000,970,1000,1100,1100,1200,1300,1400,1600,1800,2000,2000,3399,1396,970.0,981.6976968687665,519.5793120001326,1987.3902269991959,0.0
1772212330,10,,Aggregated,7.400000,3.400000,970,1000,1100,1100,1200,1300,1400,1500,1800,2000,2000,3408,1404,970.0,981.9824667983955,519.5793120001326,1987.3902269991959,0.0
1772212331,10,,Aggregated,7.300000,4.000000,970,1000,1100,1100,1200,1300,1400,1500,1800,2000,2000,3414,1405,970.0,981.7848363544018,519.5793120001326,1987.3902269991959,0.0
1772212332,10,,Aggregated,7.000000,3.700000,970,1000,1100,1100,1200,1300,1400,1500,1800,2000,2000,3424,1412,970.0,981.8044777307044,519.5793120001326,1987.3902269991959,0.0
1772212333,10,,Aggregated,7.500000,4.300000,970,1000,1100,1100,1200,1300,1400,1500,1800,2000,2000,3430,1414,970.0,981.7908633973564,519.5793120001326,1987.3902269991959,0.0
1772212335,10,,Aggregated,7.200000,3.800000,970,1000,1100,1100,1200,1300,1400,1500,1800,2000,2000,3437,1417,970.0,981.7078241064686,519.5793120001326,1987.3902269991959,0.0
1772212336,10,,Aggregated,7.400000,4.200000,970,1000,1100,1100,1200,1300,1400,1500,1800,2000,2000,3446,1418,970.0,981.5229022617357,519.5793120001326,1987.3902269991959,0.0
1772212337,10,,Aggregated,7.300000,4.300000,970,1000,1100,1100,1200,1300,1400,1500,1800,2000,2000,3456,1422,970.0,981.4278489316945,519.5793120001326,1987.3902269991959,0.0
1772212338,10,,Aggregated,7.400000,3.900000,970,1000,1100,1100,1200,1300,1400,1500,1800,2000,2000,3461,1423,970.0,981.3181783660591,519.5793120001326,1987.3902269991959,0.0
1772212339,10,,Aggregated,7.400000,3.900000,970,1000,1100,1100,1200,1300,1400,1500,1800,2000,2000,3470,1426,970.0,981.1721974406161,519.5793120001326,1987.3902269991959,0.0
1772212340,10,,Aggregated,7.500000,3.400000,970,1000,1100,1100,1200,1300,1400,1500,1800,2000,2000,3479,1428,970.0,981.068895240283,519.5793120001326,1987.3902269991959,0.0
1772212341,10,,Aggregated,7.800000,3.200000,970,1000,1100,1100,1200,1300,1400,1500,1800,2000,2000,3488,1428,970.0,980.7181887001007,519.5793120001326,1987.3902269991959,0.0
1772212342,10,,Aggregated,7.800000,3.200000,970,1000,1100,1100,1200,1300,1400,1500,1800,2000,2000,3494,1428,970.0,980.4064120128634,519.5793120001326,1987.3902269991959,0.0
1772212343,10,,Aggregated,7.800000,2.400000,970,1000,1100,1100,1200,1300,1400,1500,1800,2000,2000,3504,1429,970.0,980.1842771646546,519.5793120001326,1987.3902269991959,0.0
1772212344,10,,Aggregated,8.000000,2.300000,970,1000,1100,1100,1200,1300,1400,1500,1800,2000,2000,3514,1431,970.0,979.913224920021,519.5793120001326,1987.3902269991959,0.0
1772212345,10,,Aggregated,7.900000,1.700000,970,1000,1100,1100,1200,1300,1400,1500,1800,2000,2000,3522,1432,970.0,979.7317326124232,519.5793120001326,1987.3902269991959,0.0
1772212346,10,,Aggregated,8.200000,1.700000,970,1000,1100,1100,1200,1300,1400,1500,1800,2000,2000,3526,1433,970.0,979.7494944185904,519.5793120001326,1987.3902269991959,0.0
1772212347,10,,Aggregated,8.100000,1.400000,970,1000,1100,1100,1200,1300,1400,1500,1800,2000,2000,3536,1440,970.0,979.7486287234021,519.5793120001326,1987.3902269991959,0.0
1772212348,10,,Aggregated,7.900000,1.400000,970,1000,1100,1100,1200,1300,1400,1500,1800,2000,2000,3544,1448,970.0,980.0411324779777,519.5793120001326,1987.3902269991959,0.0
1772212349,10,,Aggregated,7.800000,1.800000,970,1000,1100,1100,1200,1300,1400,1500,1800,2000,2000,3548,1448,970.0,979.9954824867409,519.5793120001326,1987.3902269991959,0.0
1772212350,10,,Aggregated,7.800000,2.000000,970,1000,1100,1100,1200,1300,1400,1500,1800,2000,2000,3558,1456,970.0,980.1192119952104,519.5793120001326,1987.3902269991959,0.0
1772212351,10,,Aggregated,7.700000,2.200000,970,1000,1100,1100,1200,1300,1400,1500,1800,2000,2000,3567,1464,970.0,980.35912338182,519.5793120001326,1987.3902269991959,0.0
1772212352,10,,Aggregated,7.900000,2.800000,970,1000,1100,1100,1200,1300,1400,1500,1800,2000,2000,3570,1464,970.0,980.2529997369608,519.5793120001326,1987.3902269991959,0.0
1772212353,10,,Aggregated,7.500000,3.000000,970,1000,1100,1100,1200,1300,1400,1500,1800,2000,2000,3581,1471,970.0,980.2049114964964,519.5793120001326,1987.3902269991959,0.0
1772212354,10,,Aggregated,7.500000,3.600000,970,1000,1100,1100,1200,1300,1400,1500,1800,2000,2000,3590,1476,970.0,980.2677470244987,519.5793120001326,1987.3902269991959,0.0
1772212355,10,,Aggregated,7.600000,4.200000,970,1000,1100,1100,1200,1300,1400,1500,1800,2000,2000,3594,1476,970.0,980.1050926340984,519.5793120001326,1987.3902269991959,0.0
1772212356,10,,Aggregated,7.200000,4.100000,970,1000,1100,1100,1200,1300,1400,1500,1800,2000,2000,3604,1480,970.0,980.0644567555378,519.5793120001326,1987.3902269991959,0.0
1772212357,10,,Aggregated,7.400000,4.500000,970,1000,1100,1100,1200,1300,1400,1500,1800,2000,2000,3611,1485,970.0,980.1990668138903,519.5793120001326,1987.3902269991959,0.0
1772212358,10,,Aggregated,7.600000,4.800000,970,1000,1100,1100,1200,1300,1400,1500,1800,2000,2000,3619,1487,970.0,980.1512670248577,519.5793120001326,1987.3902269991959,0.0
1772212359,10,,Aggregated,7.200000,4.000000,970,1000,1100,1100,1200,1300,1400,1500,1800,2000,2000,3628,1488,970.0,979.9530396761197,519.5793120001326,1987.3902269991959,0.0
1772212360,10,,Aggregated,7.800000,4.500000,970,1000,1100,1100,1200,1300,1400,1500,1800,2000,2000,3635,1488,970.0,979.6744904008154,519.5793120001326,1987.3902269991959,0.0
1772212361,10,,Aggregated,7.700000,4.000000,970,1000,1100,1100,1200,1300,1400,1500,1800,2000,2000,3644,1491,970.0,979.5865555998803,519.5793120001326,1987.3902269991959,0.0
1772212362,10,,Aggregated,7.500000,3.200000,970,1000,1100,1100,1200,1300,1400,1500,1800,2000,2000,3649,1494,970.0,979.6598683414535,519.5793120001326,1987.3902269991959,0.0
1772212363,10,,Aggregated,8.000000,3.200000,970,1000,1100,1100,1200,1300,1400,1500,1800,2000,2000,3656,1499,970.0,979.7621741884469,519.5793120001326,1987.3902269991959,0.0
1772212364,10,,Aggregated,7.600000,2.700000,970,1000,1100,1100,1200,1300,1400,1500,1800,2000,2000,3665,1500,970.0,979.5926511918028,519.5793120001326,1987.3902269991959,0.0
1772212365,10,,Aggregated,7.600000,2.800000,970,1000,1100,1100,1200,1300,1400,1500,1800,2000,2000,3675,1502,970.0,979.3834756193093,519.5793120001326,1987.3902269991959,0.0
1772212366,10,,Aggregated,7.800000,2.800000,970,1000,1100,1100,1200,1300,1400,1500,1800,2000,2000,3681,1502,970.0,979.1265567239786,519.5793120001326,1987.3902269991959,0.0
1772212367,10,,Aggregated,7.700000,2.400000,970,1000,1100,1100,1200,1300,1400,1500,1800,2000,2000,3689,1509,970.0,979.433587926801,519.5793120001326,1987.3902269991959,0.0
1772212368,10,,Aggregated,7.700000,2.200000,970,1000,1100,1100,1200,1300,1400,1500,1800,2000,2000,3696,1511,970.0,979.3633015530208,519.5793120001326,1987.3902269991959,0.0
1772212369,10,,Aggregated,7.900000,2.600000,970,1000,1100,1100,1200,1300,1400,1500,1800,2000,2000,3705,1511,970.0,979.1626469379124,519.5793120001326,1987.3902269991959,0.0
1772212370,10,,Aggregated,7.500000,2.200000,970,1000,1100,1100,1200,1300,1400,1500,1800,2000,2000,3714,1511,970.0,978.8570486238458,519.5793120001326,1987.3902269991959,0.0
1772212371,10,,Aggregated,7.600000,2.300000,970,1000,1100,1100,1200,1300,1400,1500,1800,2000,2000,3718,1515,970.0,979.0122371245188,519.5793120001326,1987.3902269991959,0.0
1772212372,10,,Aggregated,7.700000,2.300000,970,1000,1100,1100,1200,1300,1400,1500,1800,2000,2000,3728,1520,970.0,979.070696386791,519.5793120001326,1987.3902269991959,0.0
1772212373,10,,Aggregated,7.400000,2.200000,970,1000,1100,1100,1200,1300,1400,1500,1800,2000,2000,3737,1524,970.0,979.1137813802397,519.5793120001326,1987.3902269991959,0.0
1772212374,10,,Aggregated,7.900000,2.900000,970,1000,1100,1100,1200,1300,1400,1500,1800,2000,2000,3742,1525,970.0,979.0392965510313,519.5793120001326,1987.3902269991959,0.0
1772212375,10,,Aggregated,7.400000,2.100000,970,1000,1100,1100,1200,1300,1400,1500,1800,2000,2000,3752,1528,970.0,978.7129802870367,519.5793120001326,1987.3902269991959,0.0
1772212376,10,,Aggregated,7.700000,2.400000,970,1000,1100,1100,1200,1300,1400,1500,1800,2000,2000,3761,1531,970.0,978.6398007261271,519.5793120001326,1987.3902269991959,0.0
1772212377,10,,Aggregated,7.900000,2.800000,970,1000,1100,1100,1200,1300,1400,1500,1800,2000,2000,3766,1533,970.0,978.5538514867128,519.5793120001326,1987.3902269991959,0.0
1772212378,10,,Aggregated,7.500000,2.600000,970,1000,1100,1100,1200,1300,1400,1500,1800,2000,2000,3774,1538,970.0,978.6336046555277,519.5793120001326,1987.3902269991959,0.0
1772212379,10,,Aggregated,7.700000,2.500000,970,1000,1100,1100,1200,1300,1400,1500,1800,2000,2000,3782,1545,970.0,978.9405643812676,519.5793120001326,1987.3902269991959,0.0
1772212380,10,,Aggregated,7.700000,2.600000,970,1000,1100,1100,1200,1300,1400,1500,1800,2000,2000,3787,1547,970.0,978.9971792225917,519.5793120001326,1987.3902269991959,0.0
1772212381,10,,Aggregated,7.400000,2.700000,970,1000,1100,1100,1200,1300,1400,1500,1800,2000,2000,3795,1555,970.0,979.5526715944541,519.5793120001326,1987.3902269991959,0.0
1772212382,10,,Aggregated,7.400000,3.400000,970,1000,1100,1100,1200,1300,1400,1500,1800,2000,2000,3799,1558,970.0,979.6372648660055,519.5793120001326,1987.3902269991959,0.0
1772212383,10,,Aggregated,7.300000,3.600000,970,1000,1100,1100,1200,1300,1400,1500,1800,2000,2000,3807,1566,970.0,980.4816053454043,519.5793120001326,1987.3902269991959,0.0
1772212384,10,,Aggregated,7.200000,3.600000,970,1000,1100,1100,1200,1300,1400,1500,1800,2000,2000,3813,1572,970.0,980.8900728528614,519.5793120001326,1987.3902269991959,0.0
1772212385,10,,Aggregated,7.100000,3.900000,970,1000,1100,1100,1200,1300,1400,1500,1800,2000,2000,3819,1577,970.0,981.1332260120367,519.5793120001326,1987.3902269991959,0.0
1772212386,10,,Aggregated,6.800000,4.200000,970,1000,1100,1100,1200,1300,1400,1500,1800,2000,2000,3829,1579,970.0,980.983651235301,519.5793120001326,1987.3902269991959,0.0
1772212387,10,,Aggregated,6.600000,4.500000,970,1000,1100,1100,1200,1300,1400,1500,1800,2000,2000,3837,1581,970.0,980.9215065574585,519.5793120001326,1987.3902269991959,0.0
1772212388,10,,Aggregated,6.700000,4.900000,970,1000,1100,1100,1200,1300,1400,1500,1800,2000,2000,3844,1582,970.0,980.7191029203863,519.5793120001326,1987.3902269991959,0.0
1772212389,10,,Aggregated,6.700000,4.800000,970,1000,1100,1100,1200,1300,1400,1500,1800,2000,2000,3852,1583,970.0,980.6091175866999,519.5793120001326,1987.3902269991959,0.0
1772212390,10,,Aggregated,7.000000,4.600000,970,1000,1100,1100,1200,1300,1400,1500,1800,2000,2000,3862,1585,970.0,980.3143662369163,519.5793120001326,1987.3902269991959,0.0
1772212391,10,,Aggregated,7.000000,4.400000,970,1000,1100,1100,1200,1300,1400,1500,1800,2000,2000,3869,1588,970.0,980.3215805833479,519.5793120001326,1987.3902269991959,0.0
1772212392,10,,Aggregated,6.900000,3.800000,970,1000,1100,1100,1200,1300,1400,1500,1800,2000,2000,3875,1588,970.0,980.1794023143145,519.5793120001326,1987.3902269991959,0.0
1772212394,10,,Aggregated,7.400000,3.700000,970,1000,1100,1100,1200,1300,1400,1500,1800,2000,2000,3884,1594,970.0,980.21784758856,519.5793120001326,1987.3902269991959,0.0
1772212395,10,,Aggregated,7.300000,3.200000,970,1000,1100,1100,1200,1300,1400,1500,1800,2000,2000,3888,1598,970.0,980.5296710889836,519.5793120001326,1987.3902269991959,0.0
1772212396,10,,Aggregated,7.700000,2.800000,970,1000,1100,1100,1200,1300,1400,1500,1800,2000,2000,3898,1604,970.0,980.8980740751591,519.5793120001326,1987.3902269991959,0.0
1772212397,10,,Aggregated,7.400000,2.500000,970,1000,1100,1100,1200,1300,1400,1500,1800,2000,2000,3905,1609,970.0,980.9851061236797,519.5793120001326,1987.3902269991959,0.0
1772212398,10,,Aggregated,7.400000,2.500000,970,1000,1100,1100,1200,1300,1400,1500,1800,2000,2000,3912,1614,970.0,981.1569775751456,519.5793120001326,1987.3902269991959,0.0
1772212399,10,,Aggregated,7.700000,2.700000,970,1000,1100,1100,1200,1300,1400,1500,1800,2000,2000,3918,1620,970.0,981.5518399953985,519.5793120001326,1987.3902269991959,0.0
1772212400,10,,Aggregated,7.400000,3.300000,970,1000,1100,1100,1200,1300,1400,1500,1800,2000,2000,3925,1622,970.0,981.60841116891,519.5793120001326,1987.3902269991959,0.0
1772212401,10,,Aggregated,7.400000,3.800000,970,1000,1100,1100,1200,1300,1400,1500,1800,2000,2000,3931,1628,970.0,982.265475600605,519.5793120001326,1987.3902269991959,0.0
1772212402,10,,Aggregated,7.200000,3.900000,970,1000,1100,1100,1200,1300,1400,1500,1800,2000,2000,3937,1632,970.0,982.4435348079697,519.5793120001326,1987.3902269991959,0.0
1772212403,10,,Aggregated,6.700000,4.100000,970,1000,1100,1100,1200,1300,1400,1500,1800,2000,2000,3947,1637,970.0,982.3939851773441,519.5793120001326,1987.3902269991959,0.0
1772212404,10,,Aggregated,6.700000,4.400000,970,1000,1100,1100,1200,1300,1400,1500,1800,2000,2000,3954,1643,970.0,982.7008661982742,519.5793120001326,1987.3902269991959,0.0
1772212405,10,,Aggregated,6.700000,4.400000,970,1000,1100,1100,1200,1300,1400,1500,1800,2000,2000,3958,1645,970.0,982.6580140704843,519.5793120001326,1987.3902269991959,0.0
1772212406,10,,Aggregated,6.400000,4.300000,970,1000,1100,1100,1200,1300,1400,1500,1800,2000,2000,3968,1653,970.0,982.832025456395,519.5793120001326,1987.3902269991959,0.0
1772212407,10,,Aggregated,7.000000,4.700000,970,1000,1100,1100,1200,1300,1400,1500,1800,2000,2000,3976,1655,970.0,982.7940805616133,519.5793120001326,1987.3902269991959,0.0
1772212408,10,,Aggregated,7.000000,4.900000,970,1000,1100,1100,1200,1300,1400,1500,1800,2000,2000,3981,1656,970.0,982.7145988663592,519.5793120001326,1987.3902269991959,0.0
1772212409,10,,Aggregated,7.000000,4.600000,970,1000,1100,1100,1200,1300,1400,1500,1800,2000,2000,3991,1660,970.0,982.5774045472263,519.5793120001326,1987.3902269991959,0.0
1772212410,10,,Aggregated,6.700000,4.200000,970,1000,1100,1100,1200,1300,1400,1500,1800,2000,2000,4000,1665,970.0,982.6676844489969,519.5793120001326,1987.3902269991959,0.0
1772212411,10,,Aggregated,7.100000,4.000000,970,1000,1100,1100,1200,1300,1400,1500,1800,2000,2000,4005,1666,970.0,982.5590425141038,519.5793120001326,1987.3902269991959,0.0
1772212412,10,,Aggregated,7.200000,4.100000,970,1000,1100,1100,1200,1300,1400,1500,1800,2000,2000,4014,1668,970.0,982.3935914902828,519.5793120001326,1987.3902269991959,0.0
1772212413,10,,Aggregated,7.300000,3.900000,970,1000,1100,1100,1200,1300,1400,1500,1800,2000,2000,4021,1673,970.0,982.492289457348,519.5793120001326,1987.3902269991959,0.0
1772212414,10,,Aggregated,7.500000,3.600000,970,1000,1100,1100,1200,1300,1400,1500,1800,2000,2000,4028,1679,970.0,982.6290088684206,519.5793120001326,1987.3902269991959,0.0
1772212415,10,,Aggregated,7.400000,3.400000,970,1000,1100,1100,1200,1300,1400,1500,1800,2000,2000,4036,1683,970.0,982.8055106553514,519.5793120001326,1987.3902269991959,0.0
1772212416,10,,Aggregated,7.400000,3.400000,970,1000,1100,1100,1200,1300,1400,1500,1800,2000,2000,4041,1683,970.0,982.7447489331834,519.5793120001326,1987.3902269991959,0.0
1772212417,10,,Aggregated,7.300000,3.500000,970,1000,1100,1100,1200,1300,1400,1500,1800,2000,2000,4051,1689,970.0,982.8223277106881,519.5793120001326,1987.3902269991959,0.0
1772212418,10,,Aggregated,7.400000,3.000000,970,1000,1100,1100,1200,1300,1400,1500,1800,2000,2000,4059,1694,970.0,982.9344552956369,519.5793120001326,1987.3902269991959,0.0
1772212419,10,,Aggregated,7.500000,3.500000,970,1000,1100,1100,1200,1300,1400,1500,1800,2000,2000,4064,1695,970.0,982.8048932057064,519.5793120001326,1987.3902269991959,0.0
1772212420,10,,Aggregated,7.400000,3.400000,970,1000,1100,1100,1200,1300,1400,1500,1800,2000,2000,4074,1701,970.0,982.9472771163435,519.5793120001326,1987.3902269991959,0.0
1772212421,10,,Aggregated,7.300000,3.500000,970,1000,1100,1100,1200,1300,1400,1500,1800,2000,2000,4082,1702,970.0,982.7905492145965,519.5793120001326,1987.3902269991959,0.0
1772212422,10,,Aggregated,7.500000,3.800000,970,1000,1100,1100,1200,1300,1400,1500,1800,2000,2000,4089,1702,970.0,982.4602428826079,519.5793120001326,1987.3902269991959,0.0
1772212423,10,,Aggregated,7.600000,3.600000,970,1000,1100,1100,1200,1300,1400,1500,1800,2000,2000,4098,1704,970.0,982.3282793643208,519.5793120001326,1987.3902269991959,0.0
1772212424,10,,Aggregated,7.600000,3.400000,970,1000,1100,1100,1200,1300,1400,1500,1800,2000,2000,4106,1706,970.0,982.1795903380381,519.5793120001326,1987.3902269991959,0.0
1772212425,10,,Aggregated,7.500000,3.200000,970,1000,1100,1100,1200,1300,1400,1500,1800,2000,2000,4112,1707,970.0,982.0491484202298,519.5793120001326,1987.3902269991959,0.0
1772212426,10,,Aggregated,7.600000,2.600000,970,1000,1100,1100,1200,1300,1400,1500,1800,2000,2000,4123,1710,970.0,981.9102471561941,519.5793120001326,1987.3902269991959,0.0
1772212427,10,,Aggregated,7.900000,2.600000,970,1000,1100,1100,1200,1300,1400,1500,1800,2000,2000,4130,1710,970.0,981.7151485159771,519.5793120001326,1987.3902269991959,0.0
1772212428,10,,Aggregated,7.700000,2.700000,970,1000,1100,1100,1200,1300,1400,1500,1800,2000,2000,4135,1710,970.0,981.5311989368772,519.5793120001326,1987.3902269991959,0.0
1772212429,10,,Aggregated,7.700000,2.100000,970,1000,1100,1100,1200,1300,1400,1500,1800,2000,2000,4145,1715,970.0,981.5300051674262,519.5793120001326,1987.3902269991959,0.0
1772212430,10,,Aggregated,8.100000,2.000000,970,1000,1100,1100,1200,1300,1400,1500,1800,2000,2000,4153,1720,970.0,981.6824920166102,519.5793120001326,1987.3902269991959,0.0
1772212431,10,,Aggregated,7.900000,1.800000,970,1000,1100,1100,1200,1300,1400,1500,1800,2000,2000,4157,1721,970.0,981.646262561699,519.5793120001326,1987.3902269991959,0.0
1772212432,10,,Aggregated,7.500000,1.400000,970,1000,1100,1100,1200,1300,1400,1500,1800,2000,2000,4167,1730,970.0,981.9155421579019,519.5793120001326,1987.3902269991959,0.0
1772212433,10,,Aggregated,7.800000,2.000000,970,1000,1100,1100,1200,1300,1400,1500,1800,2000,2000,4176,1733,970.0,981.9366044882626,519.5793120001326,1987.3902269991959,0.0
1772212434,10,,Aggregated,7.500000,2.400000,970,1000,1100,1100,1200,1300,1400,1500,1800,2000,2000,4183,1734,970.0,981.8028434881626,519.5793120001326,1987.3902269991959,0.0
1772212435,10,,Aggregated,7.500000,2.700000,970,1000,1100,1100,1200,1300,1400,1500,1800,2000,2000,4191,1734,970.0,981.6280638575482,519.5793120001326,1987.3902269991959,0.0
1772212436,10,,Aggregated,7.600000,2.900000,970,1000,1100,1100,1200,1300,1400,1500,1800,2000,2000,4200,1735,970.0,981.3124911128536,519.5793120001326,1987.3902269991959,0.0
1772212437,10,,Aggregated,7.600000,2.800000,970,1000,1100,1100,1200,1300,1400,1500,1800,2000,2000,4208,1736,970.0,981.2128483897293,519.5793120001326,1987.3902269991959,0.0
1772212438,10,,Aggregated,7.700000,2.500000,970,1000,1100,1100,1200,1300,1400,1500,1800,2000,2000,4214,1736,970.0,981.0773557071609,519.5793120001326,1987.3902269991959,0.0
1772212439,10,,Aggregated,7.600000,2.500000,970,1000,1100,1100,1200,1300,1400,1500,1800,2000,2000,4223,1737,970.0,980.9043035526803,519.5793120001326,1987.3902269991959,0.0
1772212440,10,,Aggregated,7.600000,2.600000,970,1000,1100,1100,1200,1300,1400,1500,1800,2000,2000,4232,1739,970.0,980.8048555815141,519.5793120001326,1987.3902269991959,0.0
1772212441,10,,Aggregated,7.700000,2.400000,970,1000,1100,1100,1200,1300,1400,1500,1800,2000,2000,4240,1745,970.0,980.8725340018797,519.5793120001326,1987.3902269991959,0.0
1772212442,10,,Aggregated,7.800000,2.200000,970,1000,1100,1100,1200,1300,1400,1500,1800,2000,2000,4244,1748,970.0,980.905676921058,519.5793120001326,1987.3902269991959,0.0
1772212443,10,,Aggregated,7.700000,1.800000,970,1000,1100,1100,1200,1300,1400,1500,1800,2000,2000,4254,1757,970.0,981.4413733925653,519.5793120001326,1987.3902269991959,0.0
1772212444,10,,Aggregated,8.000000,2.100000,970,1000,1100,1100,1200,1300,1400,1500,1800,2000,2000,4262,1757,970.0,981.3165283085352,519.5793120001326,1987.3902269991959,0.0
1772212445,10,,Aggregated,7.700000,2.000000,970,1000,1100,1100,1200,1300,1400,1500,1800,2000,2000,4269,1757,970.0,981.068477474578,519.5793120001326,1987.3902269991959,0.0
1772212446,10,,Aggregated,7.600000,2.400000,970,1000,1100,1100,1200,1300,1400,1500,1800,2000,2000,4278,1758,970.0,980.8110227963949,519.5793120001326,1987.3902269991959,0.0
1772212447,10,,Aggregated,7.800000,2.300000,970,1000,1100,1100,1200,1300,1400,1500,1800,2000,2000,4285,1763,970.0,980.9296887423515,519.5793120001326,1987.3902269991959,0.0
1772212448,10,,Aggregated,7.500000,2.200000,970,1000,1100,1100,1200,1300,1400,1500,1800,2000,2000,4292,1765,970.0,980.96807219198,519.5793120001326,1987.3902269991959,0.0
1772212449,10,,Aggregated,7.700000,2.300000,970,1000,1100,1100,1200,1300,1400,1500,1800,2000,2000,4298,1768,970.0,980.9214970502497,519.5793120001326,1987.3902269991959,0.0
1772212450,10,,Aggregated,7.600000,2.800000,970,1000,1100,1100,1200,1300,1400,1500,1800,2000,2000,4306,1775,970.0,981.3930769073329,519.5793120001326,1987.3902269991959,0.0
1772212451,10,,Aggregated,7.500000,2.900000,970,1000,1100,1100,1200,1300,1400,1500,1800,2000,2000,4311,1780,970.0,981.7731051516984,519.5793120001326,1987.3902269991959,0.0
1772212452,10,,Aggregated,7.400000,3.100000,970,1000,1100,1100,1200,1300,1400,1500,1800,2000,2000,4320,1787,970.0,981.9761962226779,519.5793120001326,1987.3902269991959,0.0
1772212454,10,,Aggregated,6.900000,3.300000,970,1000,1100,1100,1200,1300,1400,1500,1800,2000,2000,4329,1793,970.0,982.0445304467479,519.5793120001326,1987.3902269991959,0.0
1772212455,10,,Aggregated,6.900000,3.300000,970,1000,1100,1100,1200,1300,1400,1500,1800,2000,2000,4331,1793,970.0,981.9667898231291,519.5793120001326,1987.3902269991959,0.0
1772212456,10,,Aggregated,7.400000,3.700000,970,1000,1100,1100,1200,1300,1400,1500,1800,2000,2000,4341,1802,970.0,982.1773260859165,519.5793120001326,1987.3902269991959,0.0
1772212457,10,,Aggregated,6.700000,3.600000,970,1000,1100,1100,1200,1300,1400,1500,1800,2000,2000,4348,1809,970.0,982.5147073463592,519.5793120001326,1987.3902269991959,0.0
1772212458,10,,Aggregated,7.100000,4.500000,970,1000,1100,1100,1200,1300,1400,1500,1800,2000,2000,4354,1813,970.0,982.6941647785872,519.5793120001326,1987.3902269991959,0.0
1772212459,10,,Aggregated,7.100000,4.500000,970,1000,1100,1100,1200,1300,1400,1500,1800,2000,2000,4362,1818,970.0,982.6922508927016,519.5793120001326,1987.3902269991959,0.0
1772212460,10,,Aggregated,6.800000,4.900000,970,1000,1100,1100,1200,1300,1400,1500,1800,2000,2000,4371,1820,970.0,982.621450750392,519.5793120001326,1987.3902269991959,0.0
1772212461,10,,Aggregated,6.900000,5.200000,970,1000,1100,1100,1200,1300,1400,1500,1800,2000,2000,4378,1820,970.0,982.4664771587404,519.5793120001326,1987.3902269991959,0.0
1772212462,10,,Aggregated,7.300000,5.200000,970,1000,1100,1100,1200,1300,1400,1500,1800,2000,2000,4385,1823,970.0,982.4771833977098,519.5793120001326,1987.3902269991959,0.0
1772212463,10,,Aggregated,7.000000,4.400000,970,1000,1100,1100,1200,1300,1400,1500,1800,2000,2000,4394,1824,970.0,982.331370846827,519.5793120001326,1987.3902269991959,0.0
1772212464,10,,Aggregated,7.300000,4.300000,970,1000,1100,1100,1200,1300,1400,1500,1800,2000,2000,4403,1824,970.0,982.0346793885881,519.5793120001326,1987.3902269991959,0.0
1772212465,10,,Aggregated,7.300000,4.300000,970,1000,1100,1100,1200,1300,1400,1500,1800,2000,2000,4409,1824,970.0,981.8370970716597,519.5793120001326,1987.3902269991959,0.0
1772212466,10,,Aggregated,7.400000,3.200000,970,1000,1100,1100,1200,1300,1400,1500,1800,2000,2000,4419,1824,970.0,981.5420768069582,519.5793120001326,1987.3902269991959,0.0
1772212467,10,,Aggregated,7.800000,3.100000,970,1000,1100,1100,1200,1300,1400,1500,1800,2000,2000,4428,1824,970.0,981.2611315821918,519.5793120001326,1987.3902269991959,0.0
1772212468,10,,Aggregated,7.600000,2.200000,970,1000,1100,1100,1200,1300,1400,1500,1800,2000,2000,4435,1829,970.0,981.3018540022416,519.5793120001326,1987.3902269991959,0.0
1772212469,10,,Aggregated,8.000000,1.700000,970,1000,1100,1100,1200,1300,1400,1500,1800,2000,2000,4442,1831,970.0,981.1292717397426,519.5793120001326,1987.3902269991959,0.0
1772212470,10,,Aggregated,7.900000,1.300000,970,1000,1100,1100,1200,1300,1400,1500,1800,2000,2000,4453,1836,970.0,981.0208894497964,519.5793120001326,1987.3902269991959,0.0
1772212471,10,,Aggregated,7.900000,1.300000,970,1000,1100,1100,1200,1300,1400,1500,1800,2000,2000,4460,1842,970.0,981.1287126620956,519.5793120001326,1987.3902269991959,0.0
1772212472,10,,Aggregated,7.900000,1.600000,970,1000,1100,1100,1200,1300,1400,1500,1800,2000,2000,4464,1842,970.0,980.9885042374441,519.5793120001326,1987.3902269991959,0.0
1772212473,10,,Aggregated,7.600000,1.600000,970,1000,1100,1100,1200,1300,1400,1500,1800,2000,2000,4474,1850,970.0,981.1005162956956,519.5793120001326,1987.3902269991959,0.0
