Method,Name,Error,Occurrences
FANOUT,K100,Exception('timeout_or_slo_miss: completed=100/100 errors=0 elapsed_ms=1036.3'),1
FANOUT,K100,Exception('timeout_or_slo_miss: completed=100/100 errors=0 elapsed_ms=1035.5'),1
FANOUT,K100,Exception('timeout_or_slo_miss: completed=100/100 errors=0 elapsed_ms=1028.6'),1
FANOUT,K100,Exception('timeout_or_slo_miss: completed=100/100 errors=0 elapsed_ms=1088.6'),1
FANOUT,K100,Exception('timeout_or_slo_miss: completed=100/100 errors=0 elapsed_ms=1004.1'),1
FANOUT,K100,Exception('timeout_or_slo_miss: completed=100/100 errors=0 elapsed_ms=1054.3'),2
FANOUT,K100,Exception('timeout_or_slo_miss: completed=100/100 errors=0 elapsed_ms=1193.1'),1
FANOUT,K100,Exception('timeout_or_slo_miss: completed=100/100 errors=0 elapsed_ms=1183.7'),1
FANOUT,K100,Exception('timeout_or_slo_miss: completed=100/100 errors=0 elapsed_ms=1086.2'),1
FANOUT,K100,Exception('timeout_or_slo_miss: completed=100/100 errors=0 elapsed_ms=1018.3'),1
FANOUT,K100,Exception('timeout_or_slo_miss: completed=100/100 errors=0 elapsed_ms=1293.0'),1
FANOUT,K100,Exception('timeout_or_slo_miss: completed=100/100 errors=0 elapsed_ms=1302.2'),1
FANOUT,K100,Exception('timeout_or_slo_miss: completed=100/100 errors=0 elapsed_ms=1140.8'),1
FANOUT,K100,Exception('timeout_or_slo_miss: completed=100/100 errors=0 elapsed_ms=1159.0'),2
FANOUT,K100,Exception('timeout_or_slo_miss: completed=100/100 errors=0 elapsed_ms=1180.5'),1
FANOUT,K100,Exception('timeout_or_slo_miss: completed=100/100 errors=0 elapsed_ms=1148.8'),1
FANOUT,K100,Exception('timeout_or_slo_miss: completed=100/100 errors=0 elapsed_ms=1074.9'),1
FANOUT,K100,Exception('timeout_or_slo_miss: completed=100/100 errors=0 elapsed_ms=1129.4'),2
FANOUT,K100,Exception('timeout_or_slo_miss: completed=100/100 errors=0 elapsed_ms=1078.3'),1
FANOUT,K100,Exception('timeout_or_slo_miss: completed=100/100 errors=0 elapsed_ms=1058.3'),1
FANOUT,K100,Exception('timeout_or_slo_miss: completed=100/100 errors=0 elapsed_ms=1235.4'),1
FANOUT,K100,Exception('timeout_or_slo_miss: completed=100/100 errors=0 elapsed_ms=1031.5'),2
FANOUT,K100,Exception('timeout_or_slo_miss: completed=100/100 errors=0 elapsed_ms=1013.2'),2
FANOUT,K100,Exception('timeout_or_slo_miss: completed=100/100 errors=0 elapsed_ms=1244.4'),1
FANOUT,K100,Exception('timeout_or_slo_miss: completed=100/100 errors=0 elapsed_ms=1185.7'),1
FANOUT,K100,Exception('timeout_or_slo_miss: completed=100/100 errors=0 elapsed_ms=1338.3'),1
FANOUT,K100,Exception('timeout_or_slo_miss: completed=100/100 errors=0 elapsed_ms=1281.7'),1
FANOUT,K100,Exception('timeout_or_slo_miss: completed=100/100 errors=0 elapsed_ms=1277.3'),1
FANOUT,K100,Exception('timeout_or_slo_miss: completed=100/100 errors=0 elapsed_ms=1402.3'),1
FANOUT,K100,Exception('timeout_or_slo_miss: completed=100/100 errors=0 elapsed_ms=1356.0'),2
FANOUT,K100,Exception('timeout_or_slo_miss: completed=100/100 errors=0 elapsed_ms=1025.0'),1
FANOUT,K100,Exception('timeout_or_slo_miss: completed=100/100 errors=0 elapsed_ms=1554.1'),1
FANOUT,K100,Exception('timeout_or_slo_miss: completed=100/100 errors=0 elapsed_ms=1087.9'),3
FANOUT,K100,Exception('timeout_or_slo_miss: completed=100/100 errors=0 elapsed_ms=1361.3'),1
FANOUT,K100,Exception('timeout_or_slo_miss: completed=100/100 errors=0 elapsed_ms=1069.1'),1
FANOUT,K100,Exception('timeout_or_slo_miss: completed=100/100 errors=0 elapsed_ms=1089.9'),3
FANOUT,K100,Exception('timeout_or_slo_miss: completed=100/100 errors=0 elapsed_ms=1030.8'),1
FANOUT,K100,Exception('timeout_or_slo_miss: completed=100/100 errors=0 elapsed_ms=1008.7'),1
FANOUT,K100,Exception('timeout_or_slo_miss: completed=100/100 errors=0 elapsed_ms=1326.9'),1
FANOUT,K100,Exception('timeout_or_slo_miss: completed=100/100 errors=0 elapsed_ms=1513.3'),1
FANOUT,K100,Exception('timeout_or_slo_miss: completed=100/100 errors=0 elapsed_ms=1049.5'),2
FANOUT,K100,Exception('timeout_or_slo_miss: completed=100/100 errors=0 elapsed_ms=1009.6'),1
FANOUT,K100,Exception('timeout_or_slo_miss: completed=100/100 errors=0 elapsed_ms=1164.1'),1
FANOUT,K100,Exception('timeout_or_slo_miss: completed=100/100 errors=0 elapsed_ms=1075.5'),1
FANOUT,K100,Exception('timeout_or_slo_miss: completed=100/100 errors=0 elapsed_ms=1224.4'),1
FANOUT,K100,Exception('timeout_or_slo_miss: completed=100/100 errors=0 elapsed_ms=1003.3'),2
FANOUT,K100,Exception('timeout_or_slo_miss: completed=100/100 errors=0 elapsed_ms=1196.5'),1
FANOUT,K100,Exception('timeout_or_slo_miss: completed=100/100 errors=0 elapsed_ms=1068.0'),2
FANOUT,K100,Exception('timeout_or_slo_miss: completed=100/100 errors=0 elapsed_ms=1129.9'),1
FANOUT,K100,Exception('timeout_or_slo_miss: completed=100/100 errors=0 elapsed_ms=1101.0'),1
FANOUT,K100,Exception('timeout_or_slo_miss: completed=100/100 errors=0 elapsed_ms=1181.5'),1
FANOUT,K100,Exception('timeout_or_slo_miss: completed=100/100 errors=0 elapsed_ms=1040.9'),2
FANOUT,K100,Exception('timeout_or_slo_miss: completed=100/100 errors=0 elapsed_ms=1153.9'),1
FANOUT,K100,Exception('timeout_or_slo_miss: completed=100/100 errors=0 elapsed_ms=1142.5'),1
FANOUT,K100,Exception('timeout_or_slo_miss: completed=100/100 errors=0 elapsed_ms=1030.9'),1
FANOUT,K100,Exception('timeout_or_slo_miss: completed=100/100 errors=0 elapsed_ms=1171.3'),1
FANOUT,K100,Exception('timeout_or_slo_miss: completed=100/100 errors=0 elapsed_ms=1113.3'),1
FANOUT,K100,Exception('timeout_or_slo_miss: completed=100/100 errors=0 elapsed_ms=1203.7'),1
FANOUT,K100,Exception('timeout_or_slo_miss: completed=100/100 errors=0 elapsed_ms=1097.3'),2
FANOUT,K100,Exception('timeout_or_slo_miss: completed=100/100 errors=0 elapsed_ms=1020.5'),1
FANOUT,K100,Exception('timeout_or_slo_miss: completed=100/100 errors=0 elapsed_ms=1048.5'),3
FANOUT,K100,Exception('timeout_or_slo_miss: completed=100/100 errors=0 elapsed_ms=1211.7'),1
FANOUT,K100,Exception('timeout_or_slo_miss: completed=100/100 errors=0 elapsed_ms=1092.0'),1
FANOUT,K100,Exception('timeout_or_slo_miss: completed=100/100 errors=0 elapsed_ms=1120.6'),1
FANOUT,K100,Exception('timeout_or_slo_miss: completed=100/100 errors=0 elapsed_ms=1266.9'),1
FANOUT,K100,Exception('timeout_or_slo_miss: completed=100/100 errors=0 elapsed_ms=1147.1'),1
FANOUT,K100,Exception('timeout_or_slo_miss: completed=100/100 errors=0 elapsed_ms=1188.0'),1
FANOUT,K100,Exception('timeout_or_slo_miss: completed=100/100 errors=0 elapsed_ms=1175.9'),2
FANOUT,K100,Exception('timeout_or_slo_miss: completed=100/100 errors=0 elapsed_ms=1155.3'),1
FANOUT,K100,Exception('timeout_or_slo_miss: completed=100/100 errors=0 elapsed_ms=1548.1'),1
FANOUT,K100,Exception('timeout_or_slo_miss: completed=100/100 errors=0 elapsed_ms=1011.5'),2
FANOUT,K100,Exception('timeout_or_slo_miss: completed=100/100 errors=0 elapsed_ms=1230.4'),1
FANOUT,K100,Exception('timeout_or_slo_miss: completed=100/100 errors=0 elapsed_ms=1252.7'),1
FANOUT,K100,Exception('timeout_or_slo_miss: completed=100/100 errors=0 elapsed_ms=1077.3'),2
FANOUT,K100,Exception('timeout_or_slo_miss: completed=100/100 errors=0 elapsed_ms=1047.6'),2
FANOUT,K100,Exception('timeout_or_slo_miss: completed=100/100 errors=0 elapsed_ms=1109.5'),2
FANOUT,K100,Exception('timeout_or_slo_miss: completed=100/100 errors=0 elapsed_ms=1032.0'),1
FANOUT,K100,Exception('timeout_or_slo_miss: completed=100/100 errors=0 elapsed_ms=1014.1'),2
FANOUT,K100,Exception('timeout_or_slo_miss: completed=100/100 errors=0 elapsed_ms=1020.2'),1
FANOUT,K100,Exception('timeout_or_slo_miss: completed=100/100 errors=0 elapsed_ms=1177.5'),1
FANOUT,K100,Exception('timeout_or_slo_miss: completed=100/100 errors=0 elapsed_ms=1175.7'),1
FANOUT,K100,Exception('timeout_or_slo_miss: completed=100/100 errors=0 elapsed_ms=1120.9'),1
FANOUT,K100,Exception('timeout_or_slo_miss: completed=100/100 errors=0 elapsed_ms=1184.0'),1
FANOUT,K100,Exception('timeout_or_slo_miss: completed=100/100 errors=0 elapsed_ms=1160.7'),1
FANOUT,K100,Exception('timeout_or_slo_miss: completed=100/100 errors=0 elapsed_ms=1480.8'),1
FANOUT,K100,Exception('timeout_or_slo_miss: completed=100/100 errors=0 elapsed_ms=1050.4'),2
FANOUT,K100,Exception('timeout_or_slo_miss: completed=100/100 errors=0 elapsed_ms=1478.3'),1
FANOUT,K100,Exception('timeout_or_slo_miss: completed=100/100 errors=0 elapsed_ms=1251.7'),1
FANOUT,K100,Exception('timeout_or_slo_miss: completed=100/100 errors=0 elapsed_ms=1260.0'),1
FANOUT,K100,Exception('timeout_or_slo_miss: completed=100/100 errors=0 elapsed_ms=1114.6'),1
FANOUT,K100,Exception('timeout_or_slo_miss: completed=100/100 errors=0 elapsed_ms=1094.7'),2
FANOUT,K100,Exception('timeout_or_slo_miss: completed=100/100 errors=0 elapsed_ms=1099.9'),1
FANOUT,K100,Exception('timeout_or_slo_miss: completed=100/100 errors=0 elapsed_ms=1081.6'),3
FANOUT,K100,Exception('timeout_or_slo_miss: completed=100/100 errors=0 elapsed_ms=1392.7'),1
FANOUT,K100,Exception('timeout_or_slo_miss: completed=100/100 errors=0 elapsed_ms=1036.2'),1
FANOUT,K100,Exception('timeout_or_slo_miss: completed=100/100 errors=0 elapsed_ms=1221.9'),2
FANOUT,K100,Exception('timeout_or_slo_miss: completed=100/100 errors=0 elapsed_ms=1337.0'),1
FANOUT,K100,Exception('timeout_or_slo_miss: completed=100/100 errors=0 elapsed_ms=1246.9'),1
FANOUT,K100,Exception('timeout_or_slo_miss: completed=100/100 errors=0 elapsed_ms=1071.4'),1
FANOUT,K100,Exception('timeout_or_slo_miss: completed=100/100 errors=0 elapsed_ms=1721.1'),1
FANOUT,K100,Exception('timeout_or_slo_miss: completed=100/100 errors=0 elapsed_ms=1034.2'),2
FANOUT,K100,Exception('timeout_or_slo_miss: completed=100/100 errors=0 elapsed_ms=1192.0'),2
FANOUT,K100,Exception('timeout_or_slo_miss: completed=100/100 errors=0 elapsed_ms=1008.1'),2
FANOUT,K100,Exception('timeout_or_slo_miss: completed=100/100 errors=0 elapsed_ms=1117.0'),1
FANOUT,K100,Exception('timeout_or_slo_miss: completed=100/100 errors=0 elapsed_ms=1209.0'),1
FANOUT,K100,Exception('timeout_or_slo_miss: completed=100/100 errors=0 elapsed_ms=1009.1'),2
FANOUT,K100,Exception('timeout_or_slo_miss: completed=100/100 errors=0 elapsed_ms=1146.9'),1
FANOUT,K100,Exception('timeout_or_slo_miss: completed=100/100 errors=0 elapsed_ms=1360.8'),1
FANOUT,K100,Exception('timeout_or_slo_miss: completed=100/100 errors=0 elapsed_ms=1043.9'),1
FANOUT,K100,Exception('timeout_or_slo_miss: completed=100/100 errors=0 elapsed_ms=1103.3'),4
FANOUT,K100,Exception('timeout_or_slo_miss: completed=100/100 errors=0 elapsed_ms=1059.2'),1
FANOUT,K100,Exception('timeout_or_slo_miss: completed=100/100 errors=0 elapsed_ms=1204.9'),1
FANOUT,K100,Exception('timeout_or_slo_miss: completed=100/100 errors=0 elapsed_ms=1169.9'),1
FANOUT,K100,Exception('timeout_or_slo_miss: completed=100/100 errors=0 elapsed_ms=1125.6'),1
FANOUT,K100,Exception('timeout_or_slo_miss: completed=100/100 errors=0 elapsed_ms=1081.2'),1
FANOUT,K100,Exception('timeout_or_slo_miss: completed=100/100 errors=0 elapsed_ms=1205.9'),1
FANOUT,K100,Exception('timeout_or_slo_miss: completed=100/100 errors=0 elapsed_ms=1058.5'),1
FANOUT,K100,Exception('timeout_or_slo_miss: completed=100/100 errors=0 elapsed_ms=1136.0'),1
FANOUT,K100,Exception('timeout_or_slo_miss: completed=100/100 errors=0 elapsed_ms=1055.5'),2
FANOUT,K100,Exception('timeout_or_slo_miss: completed=100/100 errors=0 elapsed_ms=1023.3'),2
FANOUT,K100,Exception('timeout_or_slo_miss: completed=100/100 errors=0 elapsed_ms=1199.6'),2
FANOUT,K100,Exception('timeout_or_slo_miss: completed=100/100 errors=0 elapsed_ms=1002.6'),1
FANOUT,K100,Exception('timeout_or_slo_miss: completed=100/100 errors=0 elapsed_ms=1327.4'),2
FANOUT,K100,Exception('timeout_or_slo_miss: completed=100/100 errors=0 elapsed_ms=1140.3'),1
FANOUT,K100,Exception('timeout_or_slo_miss: completed=100/100 errors=0 elapsed_ms=1044.4'),2
FANOUT,K100,Exception('timeout_or_slo_miss: completed=100/100 errors=0 elapsed_ms=1098.7'),1
FANOUT,K100,Exception('timeout_or_slo_miss: completed=100/100 errors=0 elapsed_ms=1292.1'),1
FANOUT,K100,Exception('timeout_or_slo_miss: completed=100/100 errors=0 elapsed_ms=1218.9'),1
FANOUT,K100,Exception('timeout_or_slo_miss: completed=100/100 errors=0 elapsed_ms=1086.5'),1
FANOUT,K100,Exception('timeout_or_slo_miss: completed=100/100 errors=0 elapsed_ms=1163.8'),1
FANOUT,K100,Exception('timeout_or_slo_miss: completed=100/100 errors=0 elapsed_ms=1197.5'),1
FANOUT,K100,Exception('timeout_or_slo_miss: completed=100/100 errors=0 elapsed_ms=1109.9'),4
FANOUT,K100,Exception('timeout_or_slo_miss: completed=100/100 errors=0 elapsed_ms=1091.5'),1
FANOUT,K100,Exception('timeout_or_slo_miss: completed=100/100 errors=0 elapsed_ms=1010.8'),1
FANOUT,K100,Exception('timeout_or_slo_miss: completed=100/100 errors=0 elapsed_ms=1212.8'),1
FANOUT,K100,Exception('timeout_or_slo_miss: completed=100/100 errors=0 elapsed_ms=1083.3'),2
FANOUT,K100,Exception('timeout_or_slo_miss: completed=100/100 errors=0 elapsed_ms=1070.3'),2
FANOUT,K100,Exception('timeout_or_slo_miss: completed=100/100 errors=0 elapsed_ms=1183.9'),1
FANOUT,K100,Exception('timeout_or_slo_miss: completed=100/100 errors=0 elapsed_ms=1079.8'),2
FANOUT,K100,Exception('timeout_or_slo_miss: completed=100/100 errors=0 elapsed_ms=1114.3'),1
FANOUT,K100,Exception('timeout_or_slo_miss: completed=100/100 errors=0 elapsed_ms=1194.6'),1
FANOUT,K100,Exception('timeout_or_slo_miss: completed=100/100 errors=0 elapsed_ms=1057.4'),1
FANOUT,K100,Exception('timeout_or_slo_miss: completed=100/100 errors=0 elapsed_ms=1186.6'),1
FANOUT,K100,Exception('timeout_or_slo_miss: completed=100/100 errors=0 elapsed_ms=1226.8'),2
FANOUT,K100,Exception('timeout_or_slo_miss: completed=100/100 errors=0 elapsed_ms=1060.9'),1
FANOUT,K100,Exception('timeout_or_slo_miss: completed=100/100 errors=0 elapsed_ms=1007.3'),1
FANOUT,K100,Exception('timeout_or_slo_miss: completed=100/100 errors=0 elapsed_ms=1102.2'),2
FANOUT,K100,Exception('timeout_or_slo_miss: completed=100/100 errors=0 elapsed_ms=1031.4'),1
FANOUT,K100,Exception('timeout_or_slo_miss: completed=100/100 errors=0 elapsed_ms=1034.7'),1
FANOUT,K100,Exception('timeout_or_slo_miss: completed=100/100 errors=0 elapsed_ms=1144.0'),1
FANOUT,K100,Exception('timeout_or_slo_miss: completed=100/100 errors=0 elapsed_ms=1507.5'),1
FANOUT,K100,Exception('timeout_or_slo_miss: completed=100/100 errors=0 elapsed_ms=1174.4'),1
FANOUT,K100,Exception('timeout_or_slo_miss: completed=100/100 errors=0 elapsed_ms=1117.7'),1
FANOUT,K100,Exception('timeout_or_slo_miss: completed=100/100 errors=0 elapsed_ms=1108.0'),2
FANOUT,K100,Exception('timeout_or_slo_miss: completed=100/100 errors=0 elapsed_ms=1022.0'),1
FANOUT,K100,Exception('timeout_or_slo_miss: completed=100/100 errors=0 elapsed_ms=1097.1'),2
FANOUT,K100,Exception('timeout_or_slo_miss: completed=100/100 errors=0 elapsed_ms=1205.6'),1
FANOUT,K100,Exception('timeout_or_slo_miss: completed=100/100 errors=0 elapsed_ms=1064.9'),1
FANOUT,K100,Exception('timeout_or_slo_miss: completed=100/100 errors=0 elapsed_ms=1180.1'),1
FANOUT,K100,Exception('timeout_or_slo_miss: completed=100/100 errors=0 elapsed_ms=1151.9'),1
FANOUT,K100,Exception('timeout_or_slo_miss: completed=100/100 errors=0 elapsed_ms=1031.8'),1
FANOUT,K100,Exception('timeout_or_slo_miss: completed=100/100 errors=0 elapsed_ms=1428.4'),1
FANOUT,K100,Exception('timeout_or_slo_miss: completed=100/100 errors=0 elapsed_ms=1173.5'),1
FANOUT,K100,Exception('timeout_or_slo_miss: completed=100/100 errors=0 elapsed_ms=1132.2'),1
FANOUT,K100,Exception('timeout_or_slo_miss: completed=100/100 errors=0 elapsed_ms=1229.4'),2
FANOUT,K100,Exception('timeout_or_slo_miss: completed=100/100 errors=0 elapsed_ms=1097.8'),1
FANOUT,K100,Exception('timeout_or_slo_miss: completed=100/100 errors=0 elapsed_ms=1075.3'),1
FANOUT,K100,Exception('timeout_or_slo_miss: completed=100/100 errors=0 elapsed_ms=1115.6'),1
FANOUT,K100,Exception('timeout_or_slo_miss: completed=100/100 errors=0 elapsed_ms=1141.4'),1
FANOUT,K100,Exception('timeout_or_slo_miss: completed=100/100 errors=0 elapsed_ms=1111.0'),1
FANOUT,K100,Exception('timeout_or_slo_miss: completed=100/100 errors=0 elapsed_ms=1176.4'),1
FANOUT,K100,Exception('timeout_or_slo_miss: completed=100/100 errors=0 elapsed_ms=1071.3'),1
FANOUT,K100,Exception('timeout_or_slo_miss: completed=100/100 errors=0 elapsed_ms=1078.6'),1
FANOUT,K100,Exception('timeout_or_slo_miss: completed=100/100 errors=0 elapsed_ms=1001.6'),2
FANOUT,K100,Exception('timeout_or_slo_miss: completed=100/100 errors=0 elapsed_ms=1092.5'),1
FANOUT,K100,Exception('timeout_or_slo_miss: completed=100/100 errors=0 elapsed_ms=1094.8'),1
FANOUT,K100,Exception('timeout_or_slo_miss: completed=100/100 errors=0 elapsed_ms=1009.2'),2
FANOUT,K100,Exception('timeout_or_slo_miss: completed=100/100 errors=0 elapsed_ms=1239.8'),1
FANOUT,K100,Exception('timeout_or_slo_miss: completed=100/100 errors=0 elapsed_ms=1026.6'),1
FANOUT,K100,Exception('timeout_or_slo_miss: completed=100/100 errors=0 elapsed_ms=1717.3'),1
FANOUT,K100,Exception('timeout_or_slo_miss: completed=100/100 errors=0 elapsed_ms=1427.1'),1
FANOUT,K100,Exception('timeout_or_slo_miss: completed=100/100 errors=0 elapsed_ms=1208.3'),1
FANOUT,K100,Exception('timeout_or_slo_miss: completed=100/100 errors=0 elapsed_ms=1208.5'),2
FANOUT,K100,Exception('timeout_or_slo_miss: completed=100/100 errors=0 elapsed_ms=1060.7'),2
FANOUT,K100,Exception('timeout_or_slo_miss: completed=100/100 errors=0 elapsed_ms=1001.2'),2
FANOUT,K100,Exception('timeout_or_slo_miss: completed=100/100 errors=0 elapsed_ms=1166.6'),2
FANOUT,K100,Exception('timeout_or_slo_miss: completed=100/100 errors=0 elapsed_ms=1063.2'),1
FANOUT,K100,Exception('timeout_or_slo_miss: completed=100/100 errors=0 elapsed_ms=1445.1'),1
FANOUT,K100,Exception('timeout_or_slo_miss: completed=100/100 errors=0 elapsed_ms=1135.7'),1
FANOUT,K100,Exception('timeout_or_slo_miss: completed=100/100 errors=0 elapsed_ms=1417.2'),1
FANOUT,K100,Exception('timeout_or_slo_miss: completed=100/100 errors=0 elapsed_ms=1072.9'),3
FANOUT,K100,Exception('timeout_or_slo_miss: completed=100/100 errors=0 elapsed_ms=1135.4'),2
FANOUT,K100,Exception('timeout_or_slo_miss: completed=100/100 errors=0 elapsed_ms=1347.2'),1
FANOUT,K100,Exception('timeout_or_slo_miss: completed=100/100 errors=0 elapsed_ms=1113.5'),1
FANOUT,K100,Exception('timeout_or_slo_miss: completed=100/100 errors=0 elapsed_ms=1382.6'),1
FANOUT,K100,Exception('timeout_or_slo_miss: completed=100/100 errors=0 elapsed_ms=1201.8'),1
FANOUT,K100,Exception('timeout_or_slo_miss: completed=100/100 errors=0 elapsed_ms=1021.9'),2
FANOUT,K100,Exception('timeout_or_slo_miss: completed=100/100 errors=0 elapsed_ms=1783.1'),1
FANOUT,K100,Exception('timeout_or_slo_miss: completed=100/100 errors=0 elapsed_ms=1141.2'),2
FANOUT,K100,Exception('timeout_or_slo_miss: completed=100/100 errors=0 elapsed_ms=1037.9'),1
FANOUT,K100,Exception('timeout_or_slo_miss: completed=100/100 errors=0 elapsed_ms=1108.8'),1
FANOUT,K100,Exception('timeout_or_slo_miss: completed=100/100 errors=0 elapsed_ms=1082.8'),2
FANOUT,K100,Exception('timeout_or_slo_miss: completed=100/100 errors=0 elapsed_ms=1089.7'),1
FANOUT,K100,Exception('timeout_or_slo_miss: completed=100/100 errors=0 elapsed_ms=1004.2'),1
FANOUT,K100,Exception('timeout_or_slo_miss: completed=100/100 errors=0 elapsed_ms=1038.3'),3
FANOUT,K100,Exception('timeout_or_slo_miss: completed=100/100 errors=0 elapsed_ms=1052.0'),1
FANOUT,K100,Exception('timeout_or_slo_miss: completed=100/100 errors=0 elapsed_ms=1165.6'),2
FANOUT,K100,Exception('timeout_or_slo_miss: completed=100/100 errors=0 elapsed_ms=1024.8'),1
FANOUT,K100,Exception('timeout_or_slo_miss: completed=100/100 errors=0 elapsed_ms=1252.2'),1
FANOUT,K100,Exception('timeout_or_slo_miss: completed=100/100 errors=0 elapsed_ms=1198.7'),1
FANOUT,K100,Exception('timeout_or_slo_miss: completed=100/100 errors=0 elapsed_ms=1085.2'),2
FANOUT,K100,Exception('timeout_or_slo_miss: completed=100/100 errors=0 elapsed_ms=1100.5'),1
FANOUT,K100,Exception('timeout_or_slo_miss: completed=100/100 errors=0 elapsed_ms=1716.8'),1
FANOUT,K100,Exception('timeout_or_slo_miss: completed=100/100 errors=0 elapsed_ms=1073.6'),2
FANOUT,K100,Exception('timeout_or_slo_miss: completed=100/100 errors=0 elapsed_ms=1107.2'),2
FANOUT,K100,Exception('timeout_or_slo_miss: completed=100/100 errors=0 elapsed_ms=1629.4'),1
FANOUT,K100,Exception('timeout_or_slo_miss: completed=100/100 errors=0 elapsed_ms=1562.0'),1
FANOUT,K100,Exception('timeout_or_slo_miss: completed=100/100 errors=0 elapsed_ms=1030.1'),1
FANOUT,K100,Exception('timeout_or_slo_miss: completed=100/100 errors=0 elapsed_ms=1048.2'),3
FANOUT,K100,Exception('timeout_or_slo_miss: completed=100/100 errors=0 elapsed_ms=1148.1'),1
FANOUT,K100,Exception('timeout_or_slo_miss: completed=100/100 errors=0 elapsed_ms=1133.1'),1
FANOUT,K100,Exception('timeout_or_slo_miss: completed=100/100 errors=0 elapsed_ms=1017.9'),3
FANOUT,K100,Exception('timeout_or_slo_miss: completed=100/100 errors=0 elapsed_ms=1300.5'),1
FANOUT,K100,Exception('timeout_or_slo_miss: completed=100/100 errors=0 elapsed_ms=1130.0'),1
FANOUT,K100,Exception('timeout_or_slo_miss: completed=100/100 errors=0 elapsed_ms=1026.0'),3
FANOUT,K100,Exception('timeout_or_slo_miss: completed=100/100 errors=0 elapsed_ms=1054.9'),1
FANOUT,K100,Exception('timeout_or_slo_miss: completed=100/100 errors=0 elapsed_ms=1451.0'),1
FANOUT,K100,Exception('timeout_or_slo_miss: completed=100/100 errors=0 elapsed_ms=1304.7'),1
FANOUT,K100,Exception('timeout_or_slo_miss: completed=100/100 errors=0 elapsed_ms=1120.8'),1
FANOUT,K100,Exception('timeout_or_slo_miss: completed=100/100 errors=0 elapsed_ms=1094.2'),1
FANOUT,K100,Exception('timeout_or_slo_miss: completed=100/100 errors=0 elapsed_ms=1247.1'),2
FANOUT,K100,Exception('timeout_or_slo_miss: completed=100/100 errors=0 elapsed_ms=1272.7'),1
FANOUT,K100,Exception('timeout_or_slo_miss: completed=100/100 errors=0 elapsed_ms=1054.1'),1
FANOUT,K100,Exception('timeout_or_slo_miss: completed=100/100 errors=0 elapsed_ms=1052.4'),1
FANOUT,K100,Exception('timeout_or_slo_miss: completed=100/100 errors=0 elapsed_ms=1447.8'),1
FANOUT,K100,Exception('timeout_or_slo_miss: completed=100/100 errors=0 elapsed_ms=1268.7'),1
FANOUT,K100,Exception('timeout_or_slo_miss: completed=100/100 errors=0 elapsed_ms=1058.0'),1
FANOUT,K100,Exception('timeout_or_slo_miss: completed=100/100 errors=0 elapsed_ms=1253.7'),1
FANOUT,K100,Exception('timeout_or_slo_miss: completed=100/100 errors=0 elapsed_ms=1280.2'),1
FANOUT,K100,Exception('timeout_or_slo_miss: completed=100/100 errors=0 elapsed_ms=1126.0'),1
FANOUT,K100,Exception('timeout_or_slo_miss: completed=100/100 errors=0 elapsed_ms=1153.4'),1
FANOUT,K100,Exception('timeout_or_slo_miss: completed=100/100 errors=0 elapsed_ms=1068.4'),1
FANOUT,K100,Exception('timeout_or_slo_miss: completed=100/100 errors=0 elapsed_ms=1036.9'),1
FANOUT,K100,Exception('timeout_or_slo_miss: completed=100/100 errors=0 elapsed_ms=1059.5'),4
FANOUT,K100,Exception('timeout_or_slo_miss: completed=100/100 errors=0 elapsed_ms=1120.4'),1
FANOUT,K100,Exception('timeout_or_slo_miss: completed=100/100 errors=0 elapsed_ms=1061.4'),1
FANOUT,K100,Exception('timeout_or_slo_miss: completed=100/100 errors=0 elapsed_ms=1050.1'),3
FANOUT,K100,Exception('timeout_or_slo_miss: completed=100/100 errors=0 elapsed_ms=1421.2'),1
FANOUT,K100,Exception('timeout_or_slo_miss: completed=100/100 errors=0 elapsed_ms=1069.8'),2
FANOUT,K100,Exception('timeout_or_slo_miss: completed=100/100 errors=0 elapsed_ms=1051.5'),2
FANOUT,K100,Exception('timeout_or_slo_miss: completed=100/100 errors=0 elapsed_ms=1237.1'),1
FANOUT,K100,Exception('timeout_or_slo_miss: completed=100/100 errors=0 elapsed_ms=1099.4'),1
FANOUT,K100,Exception('timeout_or_slo_miss: completed=100/100 errors=0 elapsed_ms=1002.5'),4
FANOUT,K100,Exception('timeout_or_slo_miss: completed=100/100 errors=0 elapsed_ms=1339.5'),1
FANOUT,K100,Exception('timeout_or_slo_miss: completed=100/100 errors=0 elapsed_ms=1640.5'),1
FANOUT,K100,Exception('timeout_or_slo_miss: completed=100/100 errors=0 elapsed_ms=1095.2'),1
FANOUT,K100,Exception('timeout_or_slo_miss: completed=100/100 errors=0 elapsed_ms=1289.8'),1
FANOUT,K100,Exception('timeout_or_slo_miss: completed=100/100 errors=0 elapsed_ms=1031.6'),1
FANOUT,K100,Exception('timeout_or_slo_miss: completed=100/100 errors=0 elapsed_ms=1170.8'),1
FANOUT,K100,Exception('timeout_or_slo_miss: completed=100/100 errors=0 elapsed_ms=1232.8'),1
FANOUT,K100,Exception('timeout_or_slo_miss: completed=100/100 errors=0 elapsed_ms=1034.0'),1
FANOUT,K100,Exception('timeout_or_slo_miss: completed=100/100 errors=0 elapsed_ms=1262.1'),1
FANOUT,K100,Exception('timeout_or_slo_miss: completed=100/100 errors=0 elapsed_ms=1200.0'),1
FANOUT,K100,Exception('timeout_or_slo_miss: completed=100/100 errors=0 elapsed_ms=1070.9'),1
FANOUT,K100,Exception('timeout_or_slo_miss: completed=100/100 errors=0 elapsed_ms=1130.6'),1
FANOUT,K100,Exception('timeout_or_slo_miss: completed=100/100 errors=0 elapsed_ms=1242.2'),2
FANOUT,K100,Exception('timeout_or_slo_miss: completed=100/100 errors=0 elapsed_ms=1082.4'),1
FANOUT,K100,Exception('timeout_or_slo_miss: completed=100/100 errors=0 elapsed_ms=1429.5'),1
FANOUT,K100,Exception('timeout_or_slo_miss: completed=100/100 errors=0 elapsed_ms=1159.2'),1
FANOUT,K100,Exception('timeout_or_slo_miss: completed=100/100 errors=0 elapsed_ms=1218.6'),1
FANOUT,K100,Exception('timeout_or_slo_miss: completed=100/100 errors=0 elapsed_ms=1096.6'),3
FANOUT,K100,Exception('timeout_or_slo_miss: completed=100/100 errors=0 elapsed_ms=1131.7'),1
FANOUT,K100,Exception('timeout_or_slo_miss: completed=100/100 errors=0 elapsed_ms=1072.8'),1
FANOUT,K100,Exception('timeout_or_slo_miss: completed=100/100 errors=0 elapsed_ms=1188.4'),1
FANOUT,K100,Exception('timeout_or_slo_miss: completed=100/100 errors=0 elapsed_ms=1105.0'),1
FANOUT,K100,Exception('timeout_or_slo_miss: completed=100/100 errors=0 elapsed_ms=1000.6'),1
FANOUT,K100,Exception('timeout_or_slo_miss: completed=100/100 errors=0 elapsed_ms=1039.7'),2
FANOUT,K100,Exception('timeout_or_slo_miss: completed=100/100 errors=0 elapsed_ms=1254.8'),1
FANOUT,K100,Exception('timeout_or_slo_miss: completed=100/100 errors=0 elapsed_ms=1015.2'),2
FANOUT,K100,Exception('timeout_or_slo_miss: completed=100/100 errors=0 elapsed_ms=1181.4'),1
FANOUT,K100,Exception('timeout_or_slo_miss: completed=100/100 errors=0 elapsed_ms=1165.2'),1
FANOUT,K100,Exception('timeout_or_slo_miss: completed=100/100 errors=0 elapsed_ms=1049.7'),1
FANOUT,K100,Exception('timeout_or_slo_miss: completed=100/100 errors=0 elapsed_ms=1122.2'),1
FANOUT,K100,Exception('timeout_or_slo_miss: completed=100/100 errors=0 elapsed_ms=1030.6'),1
FANOUT,K100,Exception('timeout_or_slo_miss: completed=100/100 errors=0 elapsed_ms=1026.8'),4
FANOUT,K100,Exception('timeout_or_slo_miss: completed=100/100 errors=0 elapsed_ms=1226.6'),1
FANOUT,K100,Exception('timeout_or_slo_miss: completed=100/100 errors=0 elapsed_ms=1413.5'),1
FANOUT,K100,Exception('timeout_or_slo_miss: completed=100/100 errors=0 elapsed_ms=1328.9'),1
FANOUT,K100,Exception('timeout_or_slo_miss: completed=100/100 errors=0 elapsed_ms=1078.2'),2
FANOUT,K100,Exception('timeout_or_slo_miss: completed=100/100 errors=0 elapsed_ms=1251.1'),1
FANOUT,K100,Exception('timeout_or_slo_miss: completed=100/100 errors=0 elapsed_ms=1134.3'),1
FANOUT,K100,Exception('timeout_or_slo_miss: completed=100/100 errors=0 elapsed_ms=1125.1'),1
FANOUT,K100,Exception('timeout_or_slo_miss: completed=100/100 errors=0 elapsed_ms=1002.1'),1
FANOUT,K100,Exception('timeout_or_slo_miss: completed=100/100 errors=0 elapsed_ms=1073.1'),3
FANOUT,K100,Exception('timeout_or_slo_miss: completed=100/100 errors=0 elapsed_ms=1128.0'),1
FANOUT,K100,Exception('timeout_or_slo_miss: completed=100/100 errors=0 elapsed_ms=1053.0'),1
FANOUT,K100,Exception('timeout_or_slo_miss: completed=100/100 errors=0 elapsed_ms=1020.4'),1
FANOUT,K100,Exception('timeout_or_slo_miss: completed=100/100 errors=0 elapsed_ms=1154.9'),2
FANOUT,K100,Exception('timeout_or_slo_miss: completed=100/100 errors=0 elapsed_ms=1003.6'),1
FANOUT,K100,Exception('timeout_or_slo_miss: completed=100/100 errors=0 elapsed_ms=1208.7'),2
FANOUT,K100,Exception('timeout_or_slo_miss: completed=100/100 errors=0 elapsed_ms=1210.7'),1
FANOUT,K100,Exception('timeout_or_slo_miss: completed=100/100 errors=0 elapsed_ms=1241.6'),1
FANOUT,K100,Exception('timeout_or_slo_miss: completed=100/100 errors=0 elapsed_ms=1227.6'),1
FANOUT,K100,Exception('timeout_or_slo_miss: completed=100/100 errors=0 elapsed_ms=1032.6'),1
FANOUT,K100,Exception('timeout_or_slo_miss: completed=100/100 errors=0 elapsed_ms=1100.1'),1
FANOUT,K100,Exception('timeout_or_slo_miss: completed=100/100 errors=0 elapsed_ms=1093.3'),1
FANOUT,K100,Exception('timeout_or_slo_miss: completed=100/100 errors=0 elapsed_ms=1064.4'),3
FANOUT,K100,Exception('timeout_or_slo_miss: completed=100/100 errors=0 elapsed_ms=1103.5'),2
FANOUT,K100,Exception('timeout_or_slo_miss: completed=100/100 errors=0 elapsed_ms=1036.4'),1
FANOUT,K100,Exception('timeout_or_slo_miss: completed=100/100 errors=0 elapsed_ms=1000.5'),3
FANOUT,K100,Exception('timeout_or_slo_miss: completed=100/100 errors=0 elapsed_ms=1283.2'),1
FANOUT,K100,Exception('timeout_or_slo_miss: completed=100/100 errors=0 elapsed_ms=1028.7'),2
FANOUT,K100,Exception('timeout_or_slo_miss: completed=100/100 errors=0 elapsed_ms=1074.0'),2
FANOUT,K100,Exception('timeout_or_slo_miss: completed=100/100 errors=0 elapsed_ms=1169.4'),1
FANOUT,K100,Exception('timeout_or_slo_miss: completed=100/100 errors=0 elapsed_ms=1168.8'),1
FANOUT,K100,Exception('timeout_or_slo_miss: completed=100/100 errors=0 elapsed_ms=1048.1'),1
FANOUT,K100,Exception('timeout_or_slo_miss: completed=100/100 errors=0 elapsed_ms=1188.5'),1
FANOUT,K100,Exception('timeout_or_slo_miss: completed=100/100 errors=0 elapsed_ms=1020.0'),3
FANOUT,K100,Exception('timeout_or_slo_miss: completed=100/100 errors=0 elapsed_ms=1149.8'),1
FANOUT,K100,Exception('timeout_or_slo_miss: completed=100/100 errors=0 elapsed_ms=1176.6'),1
FANOUT,K100,Exception('timeout_or_slo_miss: completed=100/100 errors=0 elapsed_ms=1228.9'),1
FANOUT,K100,Exception('timeout_or_slo_miss: completed=100/100 errors=0 elapsed_ms=1083.0'),2
FANOUT,K100,Exception('timeout_or_slo_miss: completed=100/100 errors=0 elapsed_ms=1007.9'),2
FANOUT,K100,Exception('timeout_or_slo_miss: completed=100/100 errors=0 elapsed_ms=1347.8'),1
FANOUT,K100,Exception('timeout_or_slo_miss: completed=100/100 errors=0 elapsed_ms=1229.5'),1
FANOUT,K100,Exception('timeout_or_slo_miss: completed=100/100 errors=0 elapsed_ms=1324.3'),1
FANOUT,K100,Exception('timeout_or_slo_miss: completed=100/100 errors=0 elapsed_ms=1158.6'),1
FANOUT,K100,Exception('timeout_or_slo_miss: completed=100/100 errors=0 elapsed_ms=1157.6'),1
FANOUT,K100,Exception('timeout_or_slo_miss: completed=100/100 errors=0 elapsed_ms=1543.7'),1
FANOUT,K100,Exception('timeout_or_slo_miss: completed=100/100 errors=0 elapsed_ms=1090.1'),1
FANOUT,K100,Exception('timeout_or_slo_miss: completed=100/100 errors=0 elapsed_ms=1307.9'),1
FANOUT,K100,Exception('timeout_or_slo_miss: completed=100/100 errors=0 elapsed_ms=1013.6'),1
FANOUT,K100,Exception('timeout_or_slo_miss: completed=100/100 errors=0 elapsed_ms=1006.6'),2
FANOUT,K100,Exception('timeout_or_slo_miss: completed=100/100 errors=0 elapsed_ms=1629.6'),1
FANOUT,K100,Exception('timeout_or_slo_miss: completed=100/100 errors=0 elapsed_ms=1154.6'),2
FANOUT,K100,Exception('timeout_or_slo_miss: completed=100/100 errors=0 elapsed_ms=1038.2'),1
FANOUT,K100,Exception('timeout_or_slo_miss: completed=100/100 errors=0 elapsed_ms=1083.9'),2
FANOUT,K100,Exception('timeout_or_slo_miss: completed=100/100 errors=0 elapsed_ms=1161.1'),1
FANOUT,K100,Exception('timeout_or_slo_miss: completed=100/100 errors=0 elapsed_ms=1086.3'),1
FANOUT,K100,Exception('timeout_or_slo_miss: completed=100/100 errors=0 elapsed_ms=1120.7'),1
FANOUT,K100,Exception('timeout_or_slo_miss: completed=100/100 errors=0 elapsed_ms=1204.4'),1
FANOUT,K100,Exception('timeout_or_slo_miss: completed=100/100 errors=0 elapsed_ms=1019.0'),1
FANOUT,K100,Exception('timeout_or_slo_miss: completed=100/100 errors=0 elapsed_ms=1016.8'),1
FANOUT,K100,Exception('timeout_or_slo_miss: completed=100/100 errors=0 elapsed_ms=1064.7'),1
FANOUT,K100,Exception('timeout_or_slo_miss: completed=100/100 errors=0 elapsed_ms=1007.4'),2
FANOUT,K100,Exception('timeout_or_slo_miss: completed=100/100 errors=0 elapsed_ms=1019.5'),2
FANOUT,K100,Exception('timeout_or_slo_miss: completed=100/100 errors=0 elapsed_ms=1038.7'),3
FANOUT,K100,Exception('timeout_or_slo_miss: completed=100/100 errors=0 elapsed_ms=1103.4'),1
FANOUT,K100,Exception('timeout_or_slo_miss: completed=100/100 errors=0 elapsed_ms=1200.6'),1
FANOUT,K100,Exception('timeout_or_slo_miss: completed=100/100 errors=0 elapsed_ms=1332.2'),1
FANOUT,K100,Exception('timeout_or_slo_miss: completed=100/100 errors=0 elapsed_ms=1007.2'),2
FANOUT,K100,Exception('timeout_or_slo_miss: completed=100/100 errors=0 elapsed_ms=1164.4'),1
FANOUT,K100,Exception('timeout_or_slo_miss: completed=100/100 errors=0 elapsed_ms=1018.5'),1
FANOUT,K100,Exception('timeout_or_slo_miss: completed=100/100 errors=0 elapsed_ms=1117.4'),1
FANOUT,K100,Exception('timeout_or_slo_miss: completed=100/100 errors=0 elapsed_ms=1126.8'),1
FANOUT,K100,Exception('timeout_or_slo_miss: completed=100/100 errors=0 elapsed_ms=1207.6'),1
FANOUT,K100,Exception('timeout_or_slo_miss: completed=100/100 errors=0 elapsed_ms=1155.0'),1
FANOUT,K100,Exception('timeout_or_slo_miss: completed=100/100 errors=0 elapsed_ms=1096.5'),2
FANOUT,K100,Exception('timeout_or_slo_miss: completed=100/100 errors=0 elapsed_ms=1198.0'),1
FANOUT,K100,Exception('timeout_or_slo_miss: completed=100/100 errors=0 elapsed_ms=1127.1'),2
FANOUT,K100,Exception('timeout_or_slo_miss: completed=100/100 errors=0 elapsed_ms=1017.6'),1
FANOUT,K100,Exception('timeout_or_slo_miss: completed=100/100 errors=0 elapsed_ms=1183.5'),2
FANOUT,K100,Exception('timeout_or_slo_miss: completed=100/100 errors=0 elapsed_ms=1043.1'),1
FANOUT,K100,Exception('timeout_or_slo_miss: completed=100/100 errors=0 elapsed_ms=1231.9'),1
FANOUT,K100,Exception('timeout_or_slo_miss: completed=100/100 errors=0 elapsed_ms=1238.2'),1
FANOUT,K100,Exception('timeout_or_slo_miss: completed=100/100 errors=0 elapsed_ms=1097.9'),1
FANOUT,K100,Exception('timeout_or_slo_miss: completed=100/100 errors=0 elapsed_ms=1074.8'),4
FANOUT,K100,Exception('timeout_or_slo_miss: completed=100/100 errors=0 elapsed_ms=1063.9'),3
FANOUT,K100,Exception('timeout_or_slo_miss: completed=100/100 errors=0 elapsed_ms=1141.5'),1
FANOUT,K100,Exception('timeout_or_slo_miss: completed=100/100 errors=0 elapsed_ms=1106.1'),1
FANOUT,K100,Exception('timeout_or_slo_miss: completed=100/100 errors=0 elapsed_ms=1172.2'),1
FANOUT,K100,Exception('timeout_or_slo_miss: completed=100/100 errors=0 elapsed_ms=1080.1'),1
FANOUT,K100,Exception('timeout_or_slo_miss: completed=100/100 errors=0 elapsed_ms=1103.6'),2
FANOUT,K100,Exception('timeout_or_slo_miss: completed=100/100 errors=0 elapsed_ms=1053.1'),2
FANOUT,K100,Exception('timeout_or_slo_miss: completed=100/100 errors=0 elapsed_ms=1150.0'),2
FANOUT,K100,Exception('timeout_or_slo_miss: completed=100/100 errors=0 elapsed_ms=1115.9'),1
FANOUT,K100,Exception('timeout_or_slo_miss: completed=100/100 errors=0 elapsed_ms=1220.1'),1
FANOUT,K100,Exception('timeout_or_slo_miss: completed=100/100 errors=0 elapsed_ms=1032.1'),1
FANOUT,K100,Exception('timeout_or_slo_miss: completed=100/100 errors=0 elapsed_ms=1071.5'),1
FANOUT,K100,Exception('timeout_or_slo_miss: completed=100/100 errors=0 elapsed_ms=1242.6'),1
FANOUT,K100,Exception('timeout_or_slo_miss: completed=100/100 errors=0 elapsed_ms=1059.9'),2
FANOUT,K100,Exception('timeout_or_slo_miss: completed=100/100 errors=0 elapsed_ms=1346.6'),1
FANOUT,K100,Exception('timeout_or_slo_miss: completed=100/100 errors=0 elapsed_ms=1233.0'),1
FANOUT,K100,Exception('timeout_or_slo_miss: completed=100/100 errors=0 elapsed_ms=1762.7'),1
FANOUT,K100,Exception('timeout_or_slo_miss: completed=100/100 errors=0 elapsed_ms=1000.9'),1
FANOUT,K100,Exception('timeout_or_slo_miss: completed=100/100 errors=0 elapsed_ms=1179.0'),2
FANOUT,K100,Exception('timeout_or_slo_miss: completed=100/100 errors=0 elapsed_ms=1043.4'),1
FANOUT,K100,Exception('timeout_or_slo_miss: completed=100/100 errors=0 elapsed_ms=1080.9'),1
FANOUT,K100,Exception('timeout_or_slo_miss: completed=100/100 errors=0 elapsed_ms=1115.5'),1
FANOUT,K100,Exception('timeout_or_slo_miss: completed=100/100 errors=0 elapsed_ms=1036.6'),1
FANOUT,K100,Exception('timeout_or_slo_miss: completed=100/100 errors=0 elapsed_ms=1030.2'),1
FANOUT,K100,Exception('timeout_or_slo_miss: completed=100/100 errors=0 elapsed_ms=1048.8'),1
FANOUT,K100,Exception('timeout_or_slo_miss: completed=100/100 errors=0 elapsed_ms=1225.7'),1
FANOUT,K100,Exception('timeout_or_slo_miss: completed=100/100 errors=0 elapsed_ms=1067.7'),1
FANOUT,K100,Exception('timeout_or_slo_miss: completed=100/100 errors=0 elapsed_ms=1099.7'),3
FANOUT,K100,Exception('timeout_or_slo_miss: completed=100/100 errors=0 elapsed_ms=1139.1'),1
FANOUT,K100,Exception('timeout_or_slo_miss: completed=100/100 errors=0 elapsed_ms=1118.2'),1
FANOUT,K100,Exception('timeout_or_slo_miss: completed=100/100 errors=0 elapsed_ms=1160.3'),1
FANOUT,K100,Exception('timeout_or_slo_miss: completed=100/100 errors=0 elapsed_ms=1334.1'),1
FANOUT,K100,Exception('timeout_or_slo_miss: completed=100/100 errors=0 elapsed_ms=1104.4'),1
FANOUT,K100,Exception('timeout_or_slo_miss: completed=100/100 errors=0 elapsed_ms=1301.6'),1
FANOUT,K100,Exception('timeout_or_slo_miss: completed=100/100 errors=0 elapsed_ms=1027.5'),1
FANOUT,K100,Exception('timeout_or_slo_miss: completed=100/100 errors=0 elapsed_ms=1057.5'),2
FANOUT,K100,Exception('timeout_or_slo_miss: completed=100/100 errors=0 elapsed_ms=1088.0'),2
FANOUT,K100,Exception('timeout_or_slo_miss: completed=100/100 errors=0 elapsed_ms=1214.1'),1
FANOUT,K100,Exception('timeout_or_slo_miss: completed=100/100 errors=0 elapsed_ms=1012.5'),1
FANOUT,K100,Exception('timeout_or_slo_miss: completed=100/100 errors=0 elapsed_ms=1071.2'),1
FANOUT,K100,Exception('timeout_or_slo_miss: completed=100/100 errors=0 elapsed_ms=1138.9'),1
FANOUT,K100,Exception('timeout_or_slo_miss: completed=100/100 errors=0 elapsed_ms=1135.8'),1
FANOUT,K100,Exception('timeout_or_slo_miss: completed=100/100 errors=0 elapsed_ms=1135.2'),1
FANOUT,K100,Exception('timeout_or_slo_miss: completed=100/100 errors=0 elapsed_ms=1059.8'),1
FANOUT,K100,Exception('timeout_or_slo_miss: completed=100/100 errors=0 elapsed_ms=1140.4'),2
FANOUT,K100,Exception('timeout_or_slo_miss: completed=100/100 errors=0 elapsed_ms=1001.3'),2
FANOUT,K100,Exception('timeout_or_slo_miss: completed=100/100 errors=0 elapsed_ms=1396.1'),1
FANOUT,K100,Exception('timeout_or_slo_miss: completed=100/100 errors=0 elapsed_ms=1097.5'),2
FANOUT,K100,Exception('timeout_or_slo_miss: completed=100/100 errors=0 elapsed_ms=1016.3'),1
FANOUT,K100,Exception('timeout_or_slo_miss: completed=100/100 errors=0 elapsed_ms=1077.0'),1
FANOUT,K100,Exception('timeout_or_slo_miss: completed=100/100 errors=0 elapsed_ms=1242.0'),1
FANOUT,K100,Exception('timeout_or_slo_miss: completed=100/100 errors=0 elapsed_ms=1067.1'),1
FANOUT,K100,Exception('timeout_or_slo_miss: completed=100/100 errors=0 elapsed_ms=1483.8'),1
FANOUT,K100,Exception('timeout_or_slo_miss: completed=100/100 errors=0 elapsed_ms=1035.3'),2
FANOUT,K100,Exception('timeout_or_slo_miss: completed=100/100 errors=0 elapsed_ms=1114.7'),1
FANOUT,K100,Exception('timeout_or_slo_miss: completed=100/100 errors=0 elapsed_ms=1322.6'),1
FANOUT,K100,Exception('timeout_or_slo_miss: completed=100/100 errors=0 elapsed_ms=1180.2'),1
FANOUT,K100,Exception('timeout_or_slo_miss: completed=100/100 errors=0 elapsed_ms=1019.7'),2
FANOUT,K100,Exception('timeout_or_slo_miss: completed=100/100 errors=0 elapsed_ms=1001.5'),4
FANOUT,K100,Exception('timeout_or_slo_miss: completed=100/100 errors=0 elapsed_ms=1322.9'),1
FANOUT,K100,Exception('timeout_or_slo_miss: completed=100/100 errors=0 elapsed_ms=1096.9'),1
FANOUT,K100,Exception('timeout_or_slo_miss: completed=100/100 errors=0 elapsed_ms=1659.8'),1
FANOUT,K100,Exception('timeout_or_slo_miss: completed=100/100 errors=0 elapsed_ms=1111.4'),1
FANOUT,K100,Exception('timeout_or_slo_miss: completed=100/100 errors=0 elapsed_ms=1329.6'),1
FANOUT,K100,Exception('timeout_or_slo_miss: completed=100/100 errors=0 elapsed_ms=1056.5'),3
FANOUT,K100,Exception('timeout_or_slo_miss: completed=100/100 errors=0 elapsed_ms=1077.2'),1
FANOUT,K100,Exception('timeout_or_slo_miss: completed=100/100 errors=0 elapsed_ms=1106.9'),2
FANOUT,K100,Exception('timeout_or_slo_miss: completed=100/100 errors=0 elapsed_ms=1027.9'),1
FANOUT,K100,Exception('timeout_or_slo_miss: completed=100/100 errors=0 elapsed_ms=1107.5'),2
FANOUT,K100,Exception('timeout_or_slo_miss: completed=100/100 errors=0 elapsed_ms=1250.0'),1
FANOUT,K100,Exception('timeout_or_slo_miss: completed=100/100 errors=0 elapsed_ms=1016.0'),2
FANOUT,K100,Exception('timeout_or_slo_miss: completed=100/100 errors=0 elapsed_ms=1057.6'),3
FANOUT,K100,Exception('timeout_or_slo_miss: completed=100/100 errors=0 elapsed_ms=1115.8'),1
FANOUT,K100,Exception('timeout_or_slo_miss: completed=100/100 errors=0 elapsed_ms=1073.4'),1
FANOUT,K100,Exception('timeout_or_slo_miss: completed=100/100 errors=0 elapsed_ms=1160.1'),1
FANOUT,K100,Exception('timeout_or_slo_miss: completed=100/100 errors=0 elapsed_ms=1167.7'),2
FANOUT,K100,Exception('timeout_or_slo_miss: completed=100/100 errors=0 elapsed_ms=1089.8'),2
FANOUT,K100,Exception('timeout_or_slo_miss: completed=100/100 errors=0 elapsed_ms=1178.2'),1
FANOUT,K100,Exception('timeout_or_slo_miss: completed=100/100 errors=0 elapsed_ms=1681.0'),1
FANOUT,K100,Exception('timeout_or_slo_miss: completed=100/100 errors=0 elapsed_ms=1215.0'),1
FANOUT,K100,Exception('timeout_or_slo_miss: completed=100/100 errors=0 elapsed_ms=1071.7'),1
FANOUT,K100,Exception('timeout_or_slo_miss: completed=100/100 errors=0 elapsed_ms=1093.0'),1
FANOUT,K100,Exception('timeout_or_slo_miss: completed=100/100 errors=0 elapsed_ms=1090.4'),4
FANOUT,K100,Exception('timeout_or_slo_miss: completed=100/100 errors=0 elapsed_ms=1055.7'),1
FANOUT,K100,Exception('timeout_or_slo_miss: completed=100/100 errors=0 elapsed_ms=1462.5'),1
FANOUT,K100,Exception('timeout_or_slo_miss: completed=100/100 errors=0 elapsed_ms=1091.9'),1
FANOUT,K100,Exception('timeout_or_slo_miss: completed=100/100 errors=0 elapsed_ms=1816.5'),1
FANOUT,K100,Exception('timeout_or_slo_miss: completed=100/100 errors=0 elapsed_ms=1111.5'),1
FANOUT,K100,Exception('timeout_or_slo_miss: completed=100/100 errors=0 elapsed_ms=1222.8'),1
FANOUT,K100,Exception('timeout_or_slo_miss: completed=100/100 errors=0 elapsed_ms=1088.1'),2
FANOUT,K100,Exception('timeout_or_slo_miss: completed=100/100 errors=0 elapsed_ms=1028.4'),1
FANOUT,K100,Exception('timeout_or_slo_miss: completed=100/100 errors=0 elapsed_ms=1067.4'),1
FANOUT,K100,Exception('timeout_or_slo_miss: completed=100/100 errors=0 elapsed_ms=1013.5'),2
FANOUT,K100,Exception('timeout_or_slo_miss: completed=100/100 errors=0 elapsed_ms=1283.9'),1
FANOUT,K100,Exception('timeout_or_slo_miss: completed=100/100 errors=0 elapsed_ms=1061.3'),1
FANOUT,K100,Exception('timeout_or_slo_miss: completed=100/100 errors=0 elapsed_ms=1004.3'),1
FANOUT,K100,Exception('timeout_or_slo_miss: completed=100/100 errors=0 elapsed_ms=1194.8'),1
FANOUT,K100,Exception('timeout_or_slo_miss: completed=100/100 errors=0 elapsed_ms=1105.9'),1
FANOUT,K100,Exception('timeout_or_slo_miss: completed=100/100 errors=0 elapsed_ms=1461.8'),1
FANOUT,K100,Exception('timeout_or_slo_miss: completed=100/100 errors=0 elapsed_ms=1188.8'),1
FANOUT,K100,Exception('timeout_or_slo_miss: completed=100/100 errors=0 elapsed_ms=1053.2'),3
FANOUT,K100,Exception('timeout_or_slo_miss: completed=100/100 errors=0 elapsed_ms=1075.8'),2
FANOUT,K100,Exception('timeout_or_slo_miss: completed=100/100 errors=0 elapsed_ms=1574.8'),1
FANOUT,K100,Exception('timeout_or_slo_miss: completed=100/100 errors=0 elapsed_ms=1045.9'),1
FANOUT,K100,Exception('timeout_or_slo_miss: completed=100/100 errors=0 elapsed_ms=1065.0'),1
FANOUT,K100,Exception('timeout_or_slo_miss: completed=100/100 errors=0 elapsed_ms=1059.4'),2
FANOUT,K100,Exception('timeout_or_slo_miss: completed=100/100 errors=0 elapsed_ms=1020.7'),1
FANOUT,K100,Exception('timeout_or_slo_miss: completed=100/100 errors=0 elapsed_ms=1102.0'),1
FANOUT,K100,Exception('timeout_or_slo_miss: completed=100/100 errors=0 elapsed_ms=1390.5'),1
FANOUT,K100,Exception('timeout_or_slo_miss: completed=100/100 errors=0 elapsed_ms=1051.9'),1
FANOUT,K100,Exception('timeout_or_slo_miss: completed=100/100 errors=0 elapsed_ms=1010.9'),1
FANOUT,K100,Exception('timeout_or_slo_miss: completed=100/100 errors=0 elapsed_ms=1153.0'),1
FANOUT,K100,Exception('timeout_or_slo_miss: completed=100/100 errors=0 elapsed_ms=1051.0'),1
FANOUT,K100,Exception('timeout_or_slo_miss: completed=100/100 errors=0 elapsed_ms=1021.3'),1
FANOUT,K100,Exception('timeout_or_slo_miss: completed=100/100 errors=0 elapsed_ms=1050.6'),1
FANOUT,K100,Exception('timeout_or_slo_miss: completed=100/100 errors=0 elapsed_ms=1125.8'),1
FANOUT,K100,Exception('timeout_or_slo_miss: completed=100/100 errors=0 elapsed_ms=1704.9'),1
FANOUT,K100,Exception('timeout_or_slo_miss: completed=100/100 errors=0 elapsed_ms=1088.5'),2
FANOUT,K100,Exception('timeout_or_slo_miss: completed=100/100 errors=0 elapsed_ms=1193.7'),1
FANOUT,K100,Exception('timeout_or_slo_miss: completed=100/100 errors=0 elapsed_ms=1066.9'),2
FANOUT,K100,Exception('timeout_or_slo_miss: completed=100/100 errors=0 elapsed_ms=1003.7'),1
FANOUT,K100,Exception('timeout_or_slo_miss: completed=100/100 errors=0 elapsed_ms=1022.3'),2
FANOUT,K100,Exception('timeout_or_slo_miss: completed=100/100 errors=0 elapsed_ms=1008.9'),2
FANOUT,K100,Exception('timeout_or_slo_miss: completed=100/100 errors=0 elapsed_ms=1058.7'),1
FANOUT,K100,Exception('timeout_or_slo_miss: completed=100/100 errors=0 elapsed_ms=1194.2'),3
FANOUT,K100,Exception('timeout_or_slo_miss: completed=100/100 errors=0 elapsed_ms=1023.5'),2
FANOUT,K100,Exception('timeout_or_slo_miss: completed=100/100 errors=0 elapsed_ms=1048.3'),3
FANOUT,K100,Exception('timeout_or_slo_miss: completed=100/100 errors=0 elapsed_ms=1068.8'),1
FANOUT,K100,Exception('timeout_or_slo_miss: completed=100/100 errors=0 elapsed_ms=1118.5'),1
FANOUT,K100,Exception('timeout_or_slo_miss: completed=100/100 errors=0 elapsed_ms=1063.1'),1
FANOUT,K100,Exception('timeout_or_slo_miss: completed=100/100 errors=0 elapsed_ms=1139.5'),1
FANOUT,K100,Exception('timeout_or_slo_miss: completed=100/100 errors=0 elapsed_ms=1137.7'),1
FANOUT,K100,Exception('timeout_or_slo_miss: completed=100/100 errors=0 elapsed_ms=1109.0'),2
FANOUT,K100,Exception('timeout_or_slo_miss: completed=100/100 errors=0 elapsed_ms=1042.0'),2
FANOUT,K100,Exception('timeout_or_slo_miss: completed=100/100 errors=0 elapsed_ms=1070.4'),3
FANOUT,K100,Exception('timeout_or_slo_miss: completed=100/100 errors=0 elapsed_ms=1076.9'),2
FANOUT,K100,Exception('timeout_or_slo_miss: completed=100/100 errors=0 elapsed_ms=1085.9'),1
FANOUT,K100,Exception('timeout_or_slo_miss: completed=100/100 errors=0 elapsed_ms=1118.4'),2
FANOUT,K100,Exception('timeout_or_slo_miss: completed=100/100 errors=0 elapsed_ms=1043.3'),1
FANOUT,K100,Exception('timeout_or_slo_miss: completed=100/100 errors=0 elapsed_ms=1622.6'),1
FANOUT,K100,Exception('timeout_or_slo_miss: completed=100/100 errors=0 elapsed_ms=1170.3'),1
FANOUT,K100,Exception('timeout_or_slo_miss: completed=100/100 errors=0 elapsed_ms=1095.8'),1
FANOUT,K100,Exception('timeout_or_slo_miss: completed=100/100 errors=0 elapsed_ms=1128.9'),3
FANOUT,K100,Exception('timeout_or_slo_miss: completed=100/100 errors=0 elapsed_ms=1096.8'),1
FANOUT,K100,Exception('timeout_or_slo_miss: completed=100/100 errors=0 elapsed_ms=1161.7'),1
FANOUT,K100,Exception('timeout_or_slo_miss: completed=100/100 errors=0 elapsed_ms=1015.6'),1
FANOUT,K100,Exception('timeout_or_slo_miss: completed=100/100 errors=0 elapsed_ms=1080.3'),1
FANOUT,K100,Exception('timeout_or_slo_miss: completed=100/100 errors=0 elapsed_ms=1007.8'),1
FANOUT,K100,Exception('timeout_or_slo_miss: completed=100/100 errors=0 elapsed_ms=1176.1'),1
FANOUT,K100,Exception('timeout_or_slo_miss: completed=100/100 errors=0 elapsed_ms=1037.2'),2
FANOUT,K100,Exception('timeout_or_slo_miss: completed=100/100 errors=0 elapsed_ms=1051.1'),1
FANOUT,K100,Exception('timeout_or_slo_miss: completed=100/100 errors=0 elapsed_ms=1137.9'),1
FANOUT,K100,Exception('timeout_or_slo_miss: completed=100/100 errors=0 elapsed_ms=1008.0'),2
FANOUT,K100,Exception('timeout_or_slo_miss: completed=100/100 errors=0 elapsed_ms=1128.8'),1
FANOUT,K100,Exception('timeout_or_slo_miss: completed=100/100 errors=0 elapsed_ms=1073.9'),2
FANOUT,K100,Exception('timeout_or_slo_miss: completed=100/100 errors=0 elapsed_ms=1259.0'),1
FANOUT,K100,Exception('timeout_or_slo_miss: completed=100/100 errors=0 elapsed_ms=1457.5'),1
FANOUT,K100,Exception('timeout_or_slo_miss: completed=100/100 errors=0 elapsed_ms=1008.5'),2
FANOUT,K100,Exception('timeout_or_slo_miss: completed=100/100 errors=0 elapsed_ms=1283.8'),1
FANOUT,K100,Exception('timeout_or_slo_miss: completed=100/100 errors=0 elapsed_ms=1315.1'),1
FANOUT,K100,Exception('timeout_or_slo_miss: completed=100/100 errors=0 elapsed_ms=1131.4'),1
FANOUT,K100,Exception('timeout_or_slo_miss: completed=100/100 errors=0 elapsed_ms=1255.7'),1
FANOUT,K100,Exception('timeout_or_slo_miss: completed=100/100 errors=0 elapsed_ms=1213.8'),1
FANOUT,K100,Exception('timeout_or_slo_miss: completed=100/100 errors=0 elapsed_ms=1304.9'),1
FANOUT,K100,Exception('timeout_or_slo_miss: completed=100/100 errors=0 elapsed_ms=1085.8'),1
FANOUT,K100,Exception('timeout_or_slo_miss: completed=100/100 errors=0 elapsed_ms=1093.5'),1
FANOUT,K100,Exception('timeout_or_slo_miss: completed=100/100 errors=0 elapsed_ms=1071.8'),1
FANOUT,K100,Exception('timeout_or_slo_miss: completed=100/100 errors=0 elapsed_ms=1046.9'),2
FANOUT,K100,Exception('timeout_or_slo_miss: completed=100/100 errors=0 elapsed_ms=1216.6'),2
FANOUT,K100,Exception('timeout_or_slo_miss: completed=100/100 errors=0 elapsed_ms=1008.6'),1
FANOUT,K100,Exception('timeout_or_slo_miss: completed=100/100 errors=0 elapsed_ms=1015.0'),1
FANOUT,K100,Exception('timeout_or_slo_miss: completed=100/100 errors=0 elapsed_ms=1158.0'),1
FANOUT,K100,Exception('timeout_or_slo_miss: completed=100/100 errors=0 elapsed_ms=1015.9'),2
FANOUT,K100,Exception('timeout_or_slo_miss: completed=100/100 errors=0 elapsed_ms=1005.3'),3
FANOUT,K100,Exception('timeout_or_slo_miss: completed=100/100 errors=0 elapsed_ms=1165.5'),1
FANOUT,K100,Exception('timeout_or_slo_miss: completed=100/100 errors=0 elapsed_ms=1034.1'),2
FANOUT,K100,Exception('timeout_or_slo_miss: completed=100/100 errors=0 elapsed_ms=1987.4'),1
FANOUT,K100,Exception('timeout_or_slo_miss: completed=100/100 errors=0 elapsed_ms=1366.2'),1
FANOUT,K100,Exception('timeout_or_slo_miss: completed=100/100 errors=0 elapsed_ms=1052.5'),3
FANOUT,K100,Exception('timeout_or_slo_miss: completed=100/100 errors=0 elapsed_ms=1374.2'),1
FANOUT,K100,Exception('timeout_or_slo_miss: completed=100/100 errors=0 elapsed_ms=1027.6'),3
FANOUT,K100,Exception('timeout_or_slo_miss: completed=100/100 errors=0 elapsed_ms=1080.7'),1
FANOUT,K100,Exception('timeout_or_slo_miss: completed=100/100 errors=0 elapsed_ms=1092.6'),2
FANOUT,K100,Exception('timeout_or_slo_miss: completed=100/100 errors=0 elapsed_ms=1032.4'),2
FANOUT,K100,Exception('timeout_or_slo_miss: completed=100/100 errors=0 elapsed_ms=1378.3'),1
FANOUT,K100,Exception('timeout_or_slo_miss: completed=100/100 errors=0 elapsed_ms=1010.5'),2
FANOUT,K100,Exception('timeout_or_slo_miss: completed=100/100 errors=0 elapsed_ms=1231.4'),1
FANOUT,K100,Exception('timeout_or_slo_miss: completed=100/100 errors=0 elapsed_ms=1042.7'),2
FANOUT,K100,Exception('timeout_or_slo_miss: completed=100/100 errors=0 elapsed_ms=1210.3'),2
FANOUT,K100,Exception('timeout_or_slo_miss: completed=100/100 errors=0 elapsed_ms=1022.7'),1
FANOUT,K100,Exception('timeout_or_slo_miss: completed=100/100 errors=0 elapsed_ms=1051.4'),1
FANOUT,K100,Exception('timeout_or_slo_miss: completed=100/100 errors=0 elapsed_ms=1275.9'),1
FANOUT,K100,Exception('timeout_or_slo_miss: completed=100/100 errors=0 elapsed_ms=1179.8'),1
FANOUT,K100,Exception('timeout_or_slo_miss: completed=100/100 errors=0 elapsed_ms=1011.8'),2
FANOUT,K100,Exception('timeout_or_slo_miss: completed=100/100 errors=0 elapsed_ms=1027.4'),2
FANOUT,K100,Exception('timeout_or_slo_miss: completed=100/100 errors=0 elapsed_ms=1195.8'),1
FANOUT,K100,Exception('timeout_or_slo_miss: completed=100/100 errors=0 elapsed_ms=1166.2'),1
FANOUT,K100,Exception('timeout_or_slo_miss: completed=100/100 errors=0 elapsed_ms=1164.3'),1
FANOUT,K100,Exception('timeout_or_slo_miss: completed=100/100 errors=0 elapsed_ms=1170.2'),1
FANOUT,K100,Exception('timeout_or_slo_miss: completed=100/100 errors=0 elapsed_ms=1421.4'),1
FANOUT,K100,Exception('timeout_or_slo_miss: completed=100/100 errors=0 elapsed_ms=1064.6'),1
FANOUT,K100,Exception('timeout_or_slo_miss: completed=100/100 errors=0 elapsed_ms=1737.7'),1
FANOUT,K100,Exception('timeout_or_slo_miss: completed=100/100 errors=0 elapsed_ms=1069.7'),1
FANOUT,K100,Exception('timeout_or_slo_miss: completed=100/100 errors=0 elapsed_ms=1150.7'),3
FANOUT,K100,Exception('timeout_or_slo_miss: completed=100/100 errors=0 elapsed_ms=1012.0'),1
FANOUT,K100,Exception('timeout_or_slo_miss: completed=100/100 errors=0 elapsed_ms=1097.7'),1
FANOUT,K100,Exception('timeout_or_slo_miss: completed=100/100 errors=0 elapsed_ms=1220.5'),1
FANOUT,K100,Exception('timeout_or_slo_miss: completed=100/100 errors=0 elapsed_ms=1038.8'),1
FANOUT,K100,Exception('timeout_or_slo_miss: completed=100/100 errors=0 elapsed_ms=1141.9'),1
FANOUT,K100,Exception('timeout_or_slo_miss: completed=100/100 errors=0 elapsed_ms=1258.1'),1
FANOUT,K100,Exception('timeout_or_slo_miss: completed=100/100 errors=0 elapsed_ms=1025.6'),2
FANOUT,K100,Exception('timeout_or_slo_miss: completed=100/100 errors=0 elapsed_ms=1097.6'),2
FANOUT,K100,Exception('timeout_or_slo_miss: completed=100/100 errors=0 elapsed_ms=1012.7'),2
FANOUT,K100,Exception('timeout_or_slo_miss: completed=100/100 errors=0 elapsed_ms=1131.0'),1
FANOUT,K100,Exception('timeout_or_slo_miss: completed=100/100 errors=0 elapsed_ms=1068.6'),1
FANOUT,K100,Exception('timeout_or_slo_miss: completed=100/100 errors=0 elapsed_ms=1120.2'),2
FANOUT,K100,Exception('timeout_or_slo_miss: completed=100/100 errors=0 elapsed_ms=1117.8'),1
FANOUT,K100,Exception('timeout_or_slo_miss: completed=100/100 errors=0 elapsed_ms=1032.5'),1
FANOUT,K100,Exception('timeout_or_slo_miss: completed=100/100 errors=0 elapsed_ms=1309.7'),1
FANOUT,K100,Exception('timeout_or_slo_miss: completed=100/100 errors=0 elapsed_ms=1062.4'),2
FANOUT,K100,Exception('timeout_or_slo_miss: completed=100/100 errors=0 elapsed_ms=1035.0'),4
FANOUT,K100,Exception('timeout_or_slo_miss: completed=100/100 errors=0 elapsed_ms=1323.4'),1
FANOUT,K100,Exception('timeout_or_slo_miss: completed=100/100 errors=0 elapsed_ms=1052.8'),1
FANOUT,K100,Exception('timeout_or_slo_miss: completed=100/100 errors=0 elapsed_ms=1071.0'),1
FANOUT,K100,Exception('timeout_or_slo_miss: completed=100/100 errors=0 elapsed_ms=1003.5'),1
FANOUT,K100,Exception('timeout_or_slo_miss: completed=100/100 errors=0 elapsed_ms=1072.2'),2
FANOUT,K100,Exception('timeout_or_slo_miss: completed=100/100 errors=0 elapsed_ms=1039.0'),1
FANOUT,K100,Exception('timeout_or_slo_miss: completed=100/100 errors=0 elapsed_ms=1311.7'),1
FANOUT,K100,Exception('timeout_or_slo_miss: completed=100/100 errors=0 elapsed_ms=1378.5'),1
FANOUT,K100,Exception('timeout_or_slo_miss: completed=100/100 errors=0 elapsed_ms=1077.9'),1
FANOUT,K100,Exception('timeout_or_slo_miss: completed=100/100 errors=0 elapsed_ms=1218.4'),1
FANOUT,K100,Exception('timeout_or_slo_miss: completed=100/100 errors=0 elapsed_ms=1157.7'),1
FANOUT,K100,Exception('timeout_or_slo_miss: completed=100/100 errors=0 elapsed_ms=1174.9'),1
FANOUT,K100,Exception('timeout_or_slo_miss: completed=100/100 errors=0 elapsed_ms=1005.5'),1
FANOUT,K100,Exception('timeout_or_slo_miss: completed=100/100 errors=0 elapsed_ms=1034.5'),1
FANOUT,K100,Exception('timeout_or_slo_miss: completed=100/100 errors=0 elapsed_ms=1644.7'),1
FANOUT,K100,Exception('timeout_or_slo_miss: completed=100/100 errors=0 elapsed_ms=1190.5'),1
FANOUT,K100,Exception('timeout_or_slo_miss: completed=100/100 errors=0 elapsed_ms=1252.4'),1
FANOUT,K100,Exception('timeout_or_slo_miss: completed=100/100 errors=0 elapsed_ms=1150.1'),1
FANOUT,K100,Exception('timeout_or_slo_miss: completed=100/100 errors=0 elapsed_ms=1209.4'),1
FANOUT,K100,Exception('timeout_or_slo_miss: completed=100/100 errors=0 elapsed_ms=1192.3'),1
FANOUT,K100,Exception('timeout_or_slo_miss: completed=100/100 errors=0 elapsed_ms=1269.9'),1
FANOUT,K100,Exception('timeout_or_slo_miss: completed=100/100 errors=0 elapsed_ms=1308.4'),1
FANOUT,K100,Exception('timeout_or_slo_miss: completed=100/100 errors=0 elapsed_ms=1108.6'),1
FANOUT,K100,Exception('timeout_or_slo_miss: completed=100/100 errors=0 elapsed_ms=1079.1'),1
FANOUT,K100,Exception('timeout_or_slo_miss: completed=100/100 errors=0 elapsed_ms=1136.4'),1
FANOUT,K100,Exception('timeout_or_slo_miss: completed=100/100 errors=0 elapsed_ms=1077.5'),1
FANOUT,K100,Exception('timeout_or_slo_miss: completed=100/100 errors=0 elapsed_ms=1037.6'),1
FANOUT,K100,Exception('timeout_or_slo_miss: completed=100/100 errors=0 elapsed_ms=1001.7'),2
FANOUT,K100,Exception('timeout_or_slo_miss: completed=100/100 errors=0 elapsed_ms=1489.3'),2
FANOUT,K100,Exception('timeout_or_slo_miss: completed=100/100 errors=0 elapsed_ms=1017.0'),2
FANOUT,K100,Exception('timeout_or_slo_miss: completed=100/100 errors=0 elapsed_ms=1123.8'),1
FANOUT,K100,Exception('timeout_or_slo_miss: completed=100/100 errors=0 elapsed_ms=1111.7'),1
FANOUT,K100,Exception('timeout_or_slo_miss: completed=100/100 errors=0 elapsed_ms=1191.2'),1
FANOUT,K100,Exception('timeout_or_slo_miss: completed=100/100 errors=0 elapsed_ms=1009.9'),1
FANOUT,K100,Exception('timeout_or_slo_miss: completed=100/100 errors=0 elapsed_ms=1240.8'),1
FANOUT,K100,Exception('timeout_or_slo_miss: completed=100/100 errors=0 elapsed_ms=1013.0'),1
FANOUT,K100,Exception('timeout_or_slo_miss: completed=100/100 errors=0 elapsed_ms=1154.1'),1
FANOUT,K100,Exception('timeout_or_slo_miss: completed=100/100 errors=0 elapsed_ms=1302.5'),1
FANOUT,K100,Exception('timeout_or_slo_miss: completed=100/100 errors=0 elapsed_ms=1030.3'),2
FANOUT,K100,Exception('timeout_or_slo_miss: completed=100/100 errors=0 elapsed_ms=1128.2'),1
FANOUT,K100,Exception('timeout_or_slo_miss: completed=100/100 errors=0 elapsed_ms=1972.8'),1
FANOUT,K100,Exception('timeout_or_slo_miss: completed=100/100 errors=0 elapsed_ms=1039.8'),1
FANOUT,K100,Exception('timeout_or_slo_miss: completed=100/100 errors=0 elapsed_ms=1055.2'),1
FANOUT,K100,Exception('timeout_or_slo_miss: completed=100/100 errors=0 elapsed_ms=1130.5'),2
FANOUT,K100,Exception('timeout_or_slo_miss: completed=100/100 errors=0 elapsed_ms=1127.5'),1
FANOUT,K100,Exception('timeout_or_slo_miss: completed=100/100 errors=0 elapsed_ms=1281.2'),1
FANOUT,K100,Exception('timeout_or_slo_miss: completed=100/100 errors=0 elapsed_ms=1125.4'),1
FANOUT,K100,Exception('timeout_or_slo_miss: completed=100/100 errors=0 elapsed_ms=1047.1'),1
FANOUT,K100,Exception('timeout_or_slo_miss: completed=100/100 errors=0 elapsed_ms=1077.4'),1
FANOUT,K100,Exception('timeout_or_slo_miss: completed=100/100 errors=0 elapsed_ms=1324.8'),1
FANOUT,K100,Exception('timeout_or_slo_miss: completed=100/100 errors=0 elapsed_ms=1106.6'),1
FANOUT,K100,Exception('timeout_or_slo_miss: completed=100/100 errors=0 elapsed_ms=1046.1'),1
FANOUT,K100,Exception('timeout_or_slo_miss: completed=100/100 errors=0 elapsed_ms=1010.2'),2
FANOUT,K100,Exception('timeout_or_slo_miss: completed=100/100 errors=0 elapsed_ms=1374.6'),1
FANOUT,K100,Exception('timeout_or_slo_miss: completed=100/100 errors=0 elapsed_ms=1076.4'),2
FANOUT,K100,Exception('timeout_or_slo_miss: completed=100/100 errors=0 elapsed_ms=1258.9'),2
FANOUT,K100,Exception('timeout_or_slo_miss: completed=100/100 errors=0 elapsed_ms=1145.8'),1
FANOUT,K100,Exception('timeout_or_slo_miss: completed=100/100 errors=0 elapsed_ms=1069.5'),2
FANOUT,K100,Exception('timeout_or_slo_miss: completed=100/100 errors=0 elapsed_ms=1074.5'),1
FANOUT,K100,Exception('timeout_or_slo_miss: completed=100/100 errors=0 elapsed_ms=1228.6'),1
FANOUT,K100,Exception('timeout_or_slo_miss: completed=100/100 errors=0 elapsed_ms=1399.7'),1
FANOUT,K100,Exception('timeout_or_slo_miss: completed=100/100 errors=0 elapsed_ms=1054.6'),2
FANOUT,K100,Exception('timeout_or_slo_miss: completed=100/100 errors=0 elapsed_ms=1046.4'),1
FANOUT,K100,Exception('timeout_or_slo_miss: completed=100/100 errors=0 elapsed_ms=1044.8'),2
FANOUT,K100,Exception('timeout_or_slo_miss: completed=100/100 errors=0 elapsed_ms=1202.9'),1
FANOUT,K100,Exception('timeout_or_slo_miss: completed=100/100 errors=0 elapsed_ms=1094.5'),1
FANOUT,K100,Exception('timeout_or_slo_miss: completed=100/100 errors=0 elapsed_ms=1077.6'),1
FANOUT,K100,Exception('timeout_or_slo_miss: completed=100/100 errors=0 elapsed_ms=1226.4'),2
FANOUT,K100,Exception('timeout_or_slo_miss: completed=98/100 errors=0 elapsed_ms=1725.5'),1
FANOUT,K100,Exception('timeout_or_slo_miss: completed=100/100 errors=0 elapsed_ms=1010.1'),1
FANOUT,K100,Exception('timeout_or_slo_miss: completed=100/100 errors=0 elapsed_ms=1332.8'),1
FANOUT,K100,Exception('timeout_or_slo_miss: completed=100/100 errors=0 elapsed_ms=1133.6'),1
FANOUT,K100,Exception('timeout_or_slo_miss: completed=100/100 errors=0 elapsed_ms=1049.0'),3
FANOUT,K100,Exception('timeout_or_slo_miss: completed=100/100 errors=0 elapsed_ms=1015.1'),1
FANOUT,K100,Exception('timeout_or_slo_miss: completed=100/100 errors=0 elapsed_ms=1193.4'),1
FANOUT,K100,Exception('timeout_or_slo_miss: completed=100/100 errors=0 elapsed_ms=1107.8'),1
FANOUT,K100,Exception('timeout_or_slo_miss: completed=100/100 errors=0 elapsed_ms=1073.2'),1
FANOUT,K100,Exception('timeout_or_slo_miss: completed=100/100 errors=0 elapsed_ms=1276.3'),1
FANOUT,K100,Exception('timeout_or_slo_miss: completed=100/100 errors=0 elapsed_ms=1268.3'),1
FANOUT,K100,Exception('timeout_or_slo_miss: completed=100/100 errors=0 elapsed_ms=1006.2'),3
FANOUT,K100,Exception('timeout_or_slo_miss: completed=100/100 errors=0 elapsed_ms=1048.4'),1
FANOUT,K100,Exception('timeout_or_slo_miss: completed=100/100 errors=0 elapsed_ms=1064.2'),1
FANOUT,K100,Exception('timeout_or_slo_miss: completed=100/100 errors=0 elapsed_ms=1012.6'),1
FANOUT,K100,Exception('timeout_or_slo_miss: completed=100/100 errors=0 elapsed_ms=1100.0'),1
FANOUT,K100,Exception('timeout_or_slo_miss: completed=100/100 errors=0 elapsed_ms=1034.3'),2
FANOUT,K100,Exception('timeout_or_slo_miss: completed=100/100 errors=0 elapsed_ms=1115.7'),1
FANOUT,K100,Exception('timeout_or_slo_miss: completed=100/100 errors=0 elapsed_ms=1200.7'),1
FANOUT,K100,Exception('timeout_or_slo_miss: completed=100/100 errors=0 elapsed_ms=1137.2'),2
FANOUT,K100,Exception('timeout_or_slo_miss: completed=100/100 errors=0 elapsed_ms=1121.5'),3
FANOUT,K100,Exception('timeout_or_slo_miss: completed=100/100 errors=0 elapsed_ms=1180.4'),2
FANOUT,K100,Exception('timeout_or_slo_miss: completed=100/100 errors=0 elapsed_ms=1014.0'),1
FANOUT,K100,Exception('timeout_or_slo_miss: completed=100/100 errors=0 elapsed_ms=1120.5'),3
FANOUT,K100,Exception('timeout_or_slo_miss: completed=100/100 errors=0 elapsed_ms=1097.0'),2
FANOUT,K100,Exception('timeout_or_slo_miss: completed=100/100 errors=0 elapsed_ms=1163.7'),1
FANOUT,K100,Exception('timeout_or_slo_miss: completed=100/100 errors=0 elapsed_ms=1137.4'),1
FANOUT,K100,Exception('timeout_or_slo_miss: completed=100/100 errors=0 elapsed_ms=1182.0'),1
FANOUT,K100,Exception('timeout_or_slo_miss: completed=100/100 errors=0 elapsed_ms=1017.8'),1
FANOUT,K100,Exception('timeout_or_slo_miss: completed=100/100 errors=0 elapsed_ms=1002.3'),2
FANOUT,K100,Exception('timeout_or_slo_miss: completed=100/100 errors=0 elapsed_ms=1095.5'),1
FANOUT,K100,Exception('timeout_or_slo_miss: completed=100/100 errors=0 elapsed_ms=1307.7'),1
FANOUT,K100,Exception('timeout_or_slo_miss: completed=100/100 errors=0 elapsed_ms=1073.8'),1
FANOUT,K100,Exception('timeout_or_slo_miss: completed=100/100 errors=0 elapsed_ms=1067.8'),1
FANOUT,K100,Exception('timeout_or_slo_miss: completed=100/100 errors=0 elapsed_ms=1315.2'),1
FANOUT,K100,Exception('timeout_or_slo_miss: completed=100/100 errors=0 elapsed_ms=1181.0'),1
FANOUT,K100,Exception('timeout_or_slo_miss: completed=100/100 errors=0 elapsed_ms=1134.0'),1
FANOUT,K100,Exception('timeout_or_slo_miss: completed=100/100 errors=0 elapsed_ms=1016.4'),2
FANOUT,K100,Exception('timeout_or_slo_miss: completed=100/100 errors=0 elapsed_ms=1041.3'),1
FANOUT,K100,Exception('timeout_or_slo_miss: completed=100/100 errors=0 elapsed_ms=1028.8'),2
FANOUT,K100,Exception('timeout_or_slo_miss: completed=100/100 errors=0 elapsed_ms=1059.0'),2
FANOUT,K100,Exception('timeout_or_slo_miss: completed=100/100 errors=0 elapsed_ms=1004.5'),2
FANOUT,K100,Exception('timeout_or_slo_miss: completed=100/100 errors=0 elapsed_ms=1384.9'),1
FANOUT,K100,Exception('timeout_or_slo_miss: completed=100/100 errors=0 elapsed_ms=1015.3'),1
FANOUT,K100,Exception('timeout_or_slo_miss: completed=100/100 errors=0 elapsed_ms=1170.6'),2
FANOUT,K100,Exception('timeout_or_slo_miss: completed=100/100 errors=0 elapsed_ms=1144.7'),1
FANOUT,K100,Exception('timeout_or_slo_miss: completed=100/100 errors=0 elapsed_ms=1206.1'),1
FANOUT,K100,Exception('timeout_or_slo_miss: completed=100/100 errors=0 elapsed_ms=1006.1'),1
FANOUT,K100,Exception('timeout_or_slo_miss: completed=100/100 errors=0 elapsed_ms=1020.3'),1
FANOUT,K100,Exception('timeout_or_slo_miss: completed=100/100 errors=0 elapsed_ms=1254.0'),1
FANOUT,K100,Exception('timeout_or_slo_miss: completed=100/100 errors=0 elapsed_ms=1009.3'),1
FANOUT,K100,Exception('timeout_or_slo_miss: completed=100/100 errors=0 elapsed_ms=1043.7'),2
FANOUT,K100,Exception('timeout_or_slo_miss: completed=100/100 errors=0 elapsed_ms=1223.8'),1
FANOUT,K100,Exception('timeout_or_slo_miss: completed=100/100 errors=0 elapsed_ms=1053.5'),1
FANOUT,K100,Exception('timeout_or_slo_miss: completed=100/100 errors=0 elapsed_ms=1383.7'),1
FANOUT,K100,Exception('timeout_or_slo_miss: completed=100/100 errors=0 elapsed_ms=1041.8'),2
FANOUT,K100,Exception('timeout_or_slo_miss: completed=100/100 errors=0 elapsed_ms=1138.7'),1
FANOUT,K100,Exception('timeout_or_slo_miss: completed=100/100 errors=0 elapsed_ms=1185.6'),1
FANOUT,K100,Exception('timeout_or_slo_miss: completed=100/100 errors=0 elapsed_ms=1234.4'),1
FANOUT,K100,Exception('timeout_or_slo_miss: completed=100/100 errors=0 elapsed_ms=1143.3'),1
FANOUT,K100,Exception('timeout_or_slo_miss: completed=100/100 errors=0 elapsed_ms=1229.3'),2
FANOUT,K100,Exception('timeout_or_slo_miss: completed=100/100 errors=0 elapsed_ms=1155.5'),1
FANOUT,K100,Exception('timeout_or_slo_miss: completed=100/100 errors=0 elapsed_ms=1133.4'),1
FANOUT,K100,Exception('timeout_or_slo_miss: completed=100/100 errors=0 elapsed_ms=1225.9'),1
FANOUT,K100,Exception('timeout_or_slo_miss: completed=100/100 errors=0 elapsed_ms=1034.4'),3
FANOUT,K100,Exception('timeout_or_slo_miss: completed=100/100 errors=0 elapsed_ms=1005.6'),2
FANOUT,K100,Exception('timeout_or_slo_miss: completed=100/100 errors=0 elapsed_ms=1107.9'),1
FANOUT,K100,Exception('timeout_or_slo_miss: completed=100/100 errors=0 elapsed_ms=1781.8'),1
FANOUT,K100,Exception('timeout_or_slo_miss: completed=100/100 errors=0 elapsed_ms=1285.8'),1
FANOUT,K100,Exception('timeout_or_slo_miss: completed=100/100 errors=0 elapsed_ms=1031.7'),2
FANOUT,K100,Exception('timeout_or_slo_miss: completed=100/100 errors=0 elapsed_ms=1251.4'),1
FANOUT,K100,Exception('timeout_or_slo_miss: completed=100/100 errors=0 elapsed_ms=1081.8'),1
FANOUT,K100,Exception('timeout_or_slo_miss: completed=100/100 errors=0 elapsed_ms=1275.8'),1
FANOUT,K100,Exception('timeout_or_slo_miss: completed=100/100 errors=0 elapsed_ms=1132.4'),1
FANOUT,K100,Exception('timeout_or_slo_miss: completed=100/100 errors=0 elapsed_ms=1190.0'),1
FANOUT,K100,Exception('timeout_or_slo_miss: completed=100/100 errors=0 elapsed_ms=1388.3'),1
FANOUT,K100,Exception('timeout_or_slo_miss: completed=100/100 errors=0 elapsed_ms=1131.1'),1
FANOUT,K100,Exception('timeout_or_slo_miss: completed=100/100 errors=0 elapsed_ms=1038.4'),4
FANOUT,K100,Exception('timeout_or_slo_miss: completed=100/100 errors=0 elapsed_ms=1023.2'),1
FANOUT,K100,Exception('timeout_or_slo_miss: completed=100/100 errors=0 elapsed_ms=1113.7'),1
FANOUT,K100,Exception('timeout_or_slo_miss: completed=100/100 errors=0 elapsed_ms=1001.4'),1
FANOUT,K100,Exception('timeout_or_slo_miss: completed=100/100 errors=0 elapsed_ms=1119.7'),1
FANOUT,K100,Exception('timeout_or_slo_miss: completed=100/100 errors=0 elapsed_ms=1221.4'),1
FANOUT,K100,Exception('timeout_or_slo_miss: completed=100/100 errors=0 elapsed_ms=1173.3'),1
FANOUT,K100,Exception('timeout_or_slo_miss: completed=100/100 errors=0 elapsed_ms=1035.9'),1
FANOUT,K100,Exception('timeout_or_slo_miss: completed=100/100 errors=0 elapsed_ms=1043.5'),1
FANOUT,K100,Exception('timeout_or_slo_miss: completed=100/100 errors=0 elapsed_ms=1068.2'),3
FANOUT,K100,Exception('timeout_or_slo_miss: completed=100/100 errors=0 elapsed_ms=1191.6'),1
FANOUT,K100,Exception('timeout_or_slo_miss: completed=100/100 errors=0 elapsed_ms=1196.0'),1
FANOUT,K100,Exception('timeout_or_slo_miss: completed=100/100 errors=0 elapsed_ms=1081.5'),1
FANOUT,K100,Exception('timeout_or_slo_miss: completed=100/100 errors=0 elapsed_ms=1089.6'),2
FANOUT,K100,Exception('timeout_or_slo_miss: completed=100/100 errors=0 elapsed_ms=1007.7'),2
FANOUT,K100,Exception('timeout_or_slo_miss: completed=100/100 errors=0 elapsed_ms=1644.4'),1
FANOUT,K100,Exception('timeout_or_slo_miss: completed=100/100 errors=0 elapsed_ms=1204.6'),1
FANOUT,K100,Exception('timeout_or_slo_miss: completed=100/100 errors=0 elapsed_ms=1634.0'),1
FANOUT,K100,Exception('timeout_or_slo_miss: completed=100/100 errors=0 elapsed_ms=1151.7'),1
FANOUT,K100,Exception('timeout_or_slo_miss: completed=100/100 errors=0 elapsed_ms=1413.1'),1
FANOUT,K100,Exception('timeout_or_slo_miss: completed=100/100 errors=0 elapsed_ms=1091.2'),1
FANOUT,K100,Exception('timeout_or_slo_miss: completed=100/100 errors=0 elapsed_ms=1150.6'),1
FANOUT,K100,Exception('timeout_or_slo_miss: completed=100/100 errors=0 elapsed_ms=1098.2'),1
FANOUT,K100,Exception('timeout_or_slo_miss: completed=100/100 errors=0 elapsed_ms=1001.1'),1
FANOUT,K100,Exception('timeout_or_slo_miss: completed=100/100 errors=0 elapsed_ms=1323.2'),1
FANOUT,K100,Exception('timeout_or_slo_miss: completed=100/100 errors=0 elapsed_ms=1346.2'),1
FANOUT,K100,Exception('timeout_or_slo_miss: completed=100/100 errors=0 elapsed_ms=1103.8'),1
FANOUT,K100,Exception('timeout_or_slo_miss: completed=100/100 errors=0 elapsed_ms=1182.9'),1
FANOUT,K100,Exception('timeout_or_slo_miss: completed=100/100 errors=0 elapsed_ms=1107.3'),1
FANOUT,K100,Exception('timeout_or_slo_miss: completed=100/100 errors=0 elapsed_ms=1030.0'),1
FANOUT,K100,Exception('timeout_or_slo_miss: completed=100/100 errors=0 elapsed_ms=1062.0'),2
FANOUT,K100,Exception('timeout_or_slo_miss: completed=100/100 errors=0 elapsed_ms=1112.0'),1
FANOUT,K100,Exception('timeout_or_slo_miss: completed=100/100 errors=0 elapsed_ms=1371.4'),1
FANOUT,K100,Exception('timeout_or_slo_miss: completed=100/100 errors=0 elapsed_ms=1103.9'),1
FANOUT,K100,Exception('timeout_or_slo_miss: completed=100/100 errors=0 elapsed_ms=1047.3'),1
FANOUT,K100,Exception('timeout_or_slo_miss: completed=100/100 errors=0 elapsed_ms=1383.8'),2
FANOUT,K100,Exception('timeout_or_slo_miss: completed=100/100 errors=0 elapsed_ms=1040.3'),1
FANOUT,K100,Exception('timeout_or_slo_miss: completed=100/100 errors=0 elapsed_ms=1188.2'),2
FANOUT,K100,Exception('timeout_or_slo_miss: completed=100/100 errors=0 elapsed_ms=1188.7'),1
FANOUT,K100,Exception('timeout_or_slo_miss: completed=100/100 errors=0 elapsed_ms=1074.1'),1
FANOUT,K100,Exception('timeout_or_slo_miss: completed=100/100 errors=0 elapsed_ms=1000.3'),1
FANOUT,K100,Exception('timeout_or_slo_miss: completed=100/100 errors=0 elapsed_ms=1026.1'),1
FANOUT,K100,Exception('timeout_or_slo_miss: completed=100/100 errors=0 elapsed_ms=1577.9'),1
FANOUT,K100,Exception('timeout_or_slo_miss: completed=100/100 errors=0 elapsed_ms=1399.0'),1
FANOUT,K100,Exception('timeout_or_slo_miss: completed=100/100 errors=0 elapsed_ms=1091.1'),1
FANOUT,K100,Exception('timeout_or_slo_miss: completed=100/100 errors=0 elapsed_ms=1144.9'),1
FANOUT,K100,Exception('timeout_or_slo_miss: completed=100/100 errors=0 elapsed_ms=1038.0'),2
FANOUT,K100,Exception('timeout_or_slo_miss: completed=100/100 errors=0 elapsed_ms=1350.1'),1
FANOUT,K100,Exception('timeout_or_slo_miss: completed=100/100 errors=0 elapsed_ms=1217.7'),1
FANOUT,K100,Exception('timeout_or_slo_miss: completed=100/100 errors=0 elapsed_ms=1229.1'),1
FANOUT,K100,Exception('timeout_or_slo_miss: completed=100/100 errors=0 elapsed_ms=1217.8'),1
FANOUT,K100,Exception('timeout_or_slo_miss: completed=100/100 errors=0 elapsed_ms=1251.8'),1
FANOUT,K100,Exception('timeout_or_slo_miss: completed=100/100 errors=0 elapsed_ms=1370.6'),1
FANOUT,K100,Exception('timeout_or_slo_miss: completed=100/100 errors=0 elapsed_ms=1436.8'),1
FANOUT,K100,Exception('timeout_or_slo_miss: completed=100/100 errors=0 elapsed_ms=1223.9'),1
FANOUT,K100,Exception('timeout_or_slo_miss: completed=100/100 errors=0 elapsed_ms=1460.3'),1
FANOUT,K100,Exception('timeout_or_slo_miss: completed=100/100 errors=0 elapsed_ms=1137.1'),3
FANOUT,K100,Exception('timeout_or_slo_miss: completed=100/100 errors=0 elapsed_ms=1032.8'),1
FANOUT,K100,Exception('timeout_or_slo_miss: completed=100/100 errors=0 elapsed_ms=1105.6'),1
FANOUT,K100,Exception('timeout_or_slo_miss: completed=100/100 errors=0 elapsed_ms=1117.9'),2
FANOUT,K100,Exception('timeout_or_slo_miss: completed=100/100 errors=0 elapsed_ms=1100.9'),1
FANOUT,K100,Exception('timeout_or_slo_miss: completed=100/100 errors=0 elapsed_ms=1090.8'),3
FANOUT,K100,Exception('timeout_or_slo_miss: completed=100/100 errors=0 elapsed_ms=1123.9'),2
FANOUT,K100,Exception('timeout_or_slo_miss: completed=100/100 errors=0 elapsed_ms=1056.9'),1
FANOUT,K100,Exception('timeout_or_slo_miss: completed=100/100 errors=0 elapsed_ms=1154.8'),1
FANOUT,K100,Exception('timeout_or_slo_miss: completed=100/100 errors=0 elapsed_ms=1050.5'),1
FANOUT,K100,Exception('timeout_or_slo_miss: completed=100/100 errors=0 elapsed_ms=1154.4'),1
FANOUT,K100,Exception('timeout_or_slo_miss: completed=100/100 errors=0 elapsed_ms=1105.4'),1
FANOUT,K100,Exception('timeout_or_slo_miss: completed=100/100 errors=0 elapsed_ms=1148.2'),1
FANOUT,K100,Exception('timeout_or_slo_miss: completed=100/100 errors=0 elapsed_ms=1020.1'),2
FANOUT,K100,Exception('timeout_or_slo_miss: completed=100/100 errors=0 elapsed_ms=1290.7'),1
FANOUT,K100,Exception('timeout_or_slo_miss: completed=100/100 errors=0 elapsed_ms=1011.6'),1
FANOUT,K100,Exception('timeout_or_slo_miss: completed=100/100 errors=0 elapsed_ms=1210.8'),1
FANOUT,K100,Exception('timeout_or_slo_miss: completed=100/100 errors=0 elapsed_ms=1035.6'),1
FANOUT,K100,Exception('timeout_or_slo_miss: completed=100/100 errors=0 elapsed_ms=1143.9'),1
FANOUT,K100,Exception('timeout_or_slo_miss: completed=100/100 errors=0 elapsed_ms=1015.4'),1
FANOUT,K100,Exception('timeout_or_slo_miss: completed=100/100 errors=0 elapsed_ms=1153.1'),1
FANOUT,K100,Exception('timeout_or_slo_miss: completed=100/100 errors=0 elapsed_ms=1018.2'),1
FANOUT,K100,Exception('timeout_or_slo_miss: completed=100/100 errors=0 elapsed_ms=1185.0'),1
FANOUT,K100,Exception('timeout_or_slo_miss: completed=100/100 errors=0 elapsed_ms=1361.8'),1
FANOUT,K100,Exception('timeout_or_slo_miss: completed=100/100 errors=0 elapsed_ms=1155.1'),1
FANOUT,K100,Exception('timeout_or_slo_miss: completed=100/100 errors=0 elapsed_ms=1115.4'),1
FANOUT,K100,Exception('timeout_or_slo_miss: completed=100/100 errors=0 elapsed_ms=1124.5'),1
FANOUT,K100,Exception('timeout_or_slo_miss: completed=100/100 errors=0 elapsed_ms=1016.2'),1
FANOUT,K100,Exception('timeout_or_slo_miss: completed=100/100 errors=0 elapsed_ms=1102.7'),1
FANOUT,K100,Exception('timeout_or_slo_miss: completed=100/100 errors=0 elapsed_ms=1041.4'),2
FANOUT,K100,Exception('timeout_or_slo_miss: completed=100/100 errors=0 elapsed_ms=1181.7'),1
FANOUT,K100,Exception('timeout_or_slo_miss: completed=100/100 errors=0 elapsed_ms=1814.5'),1
FANOUT,K100,Exception('timeout_or_slo_miss: completed=100/100 errors=0 elapsed_ms=1604.3'),1
FANOUT,K100,Exception('timeout_or_slo_miss: completed=100/100 errors=0 elapsed_ms=1012.8'),4
FANOUT,K100,Exception('timeout_or_slo_miss: completed=100/100 errors=0 elapsed_ms=1040.5'),1
FANOUT,K100,Exception('timeout_or_slo_miss: completed=100/100 errors=0 elapsed_ms=1208.1'),3
FANOUT,K100,Exception('timeout_or_slo_miss: completed=100/100 errors=0 elapsed_ms=1535.5'),1
FANOUT,K100,Exception('timeout_or_slo_miss: completed=100/100 errors=0 elapsed_ms=1104.6'),1
FANOUT,K100,Exception('timeout_or_slo_miss: completed=100/100 errors=0 elapsed_ms=1232.0'),1
FANOUT,K100,Exception('timeout_or_slo_miss: completed=100/100 errors=0 elapsed_ms=1009.5'),4
FANOUT,K100,Exception('timeout_or_slo_miss: completed=100/100 errors=0 elapsed_ms=1129.8'),2
FANOUT,K100,Exception('timeout_or_slo_miss: completed=100/100 errors=0 elapsed_ms=1209.7'),2
FANOUT,K100,Exception('timeout_or_slo_miss: completed=100/100 errors=0 elapsed_ms=1176.8'),2
FANOUT,K100,Exception('timeout_or_slo_miss: completed=100/100 errors=0 elapsed_ms=1258.6'),1
FANOUT,K100,Exception('timeout_or_slo_miss: completed=100/100 errors=0 elapsed_ms=1131.5'),1
FANOUT,K100,Exception('timeout_or_slo_miss: completed=100/100 errors=0 elapsed_ms=1204.8'),1
FANOUT,K100,Exception('timeout_or_slo_miss: completed=100/100 errors=0 elapsed_ms=1180.6'),1
FANOUT,K100,Exception('timeout_or_slo_miss: completed=100/100 errors=0 elapsed_ms=1004.9'),1
FANOUT,K100,Exception('timeout_or_slo_miss: completed=100/100 errors=0 elapsed_ms=1110.0'),1
FANOUT,K100,Exception('timeout_or_slo_miss: completed=100/100 errors=0 elapsed_ms=1158.5'),1
FANOUT,K100,Exception('timeout_or_slo_miss: completed=100/100 errors=0 elapsed_ms=1183.6'),1
FANOUT,K100,Exception('timeout_or_slo_miss: completed=100/100 errors=0 elapsed_ms=1070.1'),2
FANOUT,K100,Exception('timeout_or_slo_miss: completed=100/100 errors=0 elapsed_ms=1183.1'),1
FANOUT,K100,Exception('timeout_or_slo_miss: completed=100/100 errors=0 elapsed_ms=1140.7'),2
FANOUT,K100,Exception('timeout_or_slo_miss: completed=100/100 errors=0 elapsed_ms=1080.6'),2
FANOUT,K100,Exception('timeout_or_slo_miss: completed=100/100 errors=0 elapsed_ms=1557.8'),1
FANOUT,K100,Exception('timeout_or_slo_miss: completed=100/100 errors=0 elapsed_ms=1033.3'),1
FANOUT,K100,Exception('timeout_or_slo_miss: completed=100/100 errors=0 elapsed_ms=1270.1'),2
FANOUT,K100,Exception('timeout_or_slo_miss: completed=100/100 errors=0 elapsed_ms=1228.7'),1
FANOUT,K100,Exception('timeout_or_slo_miss: completed=100/100 errors=0 elapsed_ms=1130.4'),1
FANOUT,K100,Exception('timeout_or_slo_miss: completed=100/100 errors=0 elapsed_ms=1014.2'),1
FANOUT,K100,Exception('timeout_or_slo_miss: completed=100/100 errors=0 elapsed_ms=1108.1'),1
FANOUT,K100,Exception('timeout_or_slo_miss: completed=100/100 errors=0 elapsed_ms=1143.2'),1
FANOUT,K100,Exception('timeout_or_slo_miss: completed=100/100 errors=0 elapsed_ms=1266.5'),2
FANOUT,K100,Exception('timeout_or_slo_miss: completed=100/100 errors=0 elapsed_ms=1230.1'),1
FANOUT,K100,Exception('timeout_or_slo_miss: completed=100/100 errors=0 elapsed_ms=1050.7'),3
FANOUT,K100,Exception('timeout_or_slo_miss: completed=100/100 errors=0 elapsed_ms=1025.9'),2
FANOUT,K100,Exception('timeout_or_slo_miss: completed=100/100 errors=0 elapsed_ms=1309.4'),1
FANOUT,K100,Exception('timeout_or_slo_miss: completed=100/100 errors=0 elapsed_ms=1013.3'),1
FANOUT,K100,Exception('timeout_or_slo_miss: completed=100/100 errors=0 elapsed_ms=1128.7'),1
FANOUT,K100,Exception('timeout_or_slo_miss: completed=100/100 errors=0 elapsed_ms=1210.6'),1
FANOUT,K100,Exception('timeout_or_slo_miss: completed=100/100 errors=0 elapsed_ms=1109.8'),1
FANOUT,K100,Exception('timeout_or_slo_miss: completed=100/100 errors=0 elapsed_ms=1191.3'),2
FANOUT,K100,Exception('timeout_or_slo_miss: completed=100/100 errors=0 elapsed_ms=1079.2'),1
FANOUT,K100,Exception('timeout_or_slo_miss: completed=100/100 errors=0 elapsed_ms=1236.9'),1
FANOUT,K100,Exception('timeout_or_slo_miss: completed=100/100 errors=0 elapsed_ms=1137.0'),1
FANOUT,K100,Exception('timeout_or_slo_miss: completed=100/100 errors=0 elapsed_ms=1067.6'),1
FANOUT,K100,Exception('timeout_or_slo_miss: completed=100/100 errors=0 elapsed_ms=1072.4'),2
FANOUT,K100,Exception('timeout_or_slo_miss: completed=100/100 errors=0 elapsed_ms=1290.6'),1
FANOUT,K100,Exception('timeout_or_slo_miss: completed=100/100 errors=0 elapsed_ms=1116.0'),1
FANOUT,K100,Exception('timeout_or_slo_miss: completed=100/100 errors=0 elapsed_ms=1024.5'),1
FANOUT,K100,Exception('timeout_or_slo_miss: completed=100/100 errors=0 elapsed_ms=1092.9'),3
FANOUT,K100,Exception('timeout_or_slo_miss: completed=100/100 errors=0 elapsed_ms=1111.9'),2
FANOUT,K100,Exception('timeout_or_slo_miss: completed=100/100 errors=0 elapsed_ms=1186.1'),1
FANOUT,K100,Exception('timeout_or_slo_miss: completed=100/100 errors=0 elapsed_ms=1161.8'),1
FANOUT,K100,Exception('timeout_or_slo_miss: completed=100/100 errors=0 elapsed_ms=1372.8'),1
FANOUT,K100,Exception('timeout_or_slo_miss: completed=100/100 errors=0 elapsed_ms=1038.5'),1
FANOUT,K100,Exception('timeout_or_slo_miss: completed=100/100 errors=0 elapsed_ms=1027.0'),1
FANOUT,K100,Exception('timeout_or_slo_miss: completed=100/100 errors=0 elapsed_ms=1259.6'),1
FANOUT,K100,Exception('timeout_or_slo_miss: completed=100/100 errors=0 elapsed_ms=1128.5'),1
FANOUT,K100,Exception('timeout_or_slo_miss: completed=100/100 errors=0 elapsed_ms=1127.2'),1
FANOUT,K100,Exception('timeout_or_slo_miss: completed=100/100 errors=0 elapsed_ms=1121.0'),1
FANOUT,K100,Exception('timeout_or_slo_miss: completed=100/100 errors=0 elapsed_ms=1056.6'),2
FANOUT,K100,Exception('timeout_or_slo_miss: completed=100/100 errors=0 elapsed_ms=1122.0'),1
FANOUT,K100,Exception('timeout_or_slo_miss: completed=100/100 errors=0 elapsed_ms=1274.0'),2
FANOUT,K100,Exception('timeout_or_slo_miss: completed=100/100 errors=0 elapsed_ms=1023.6'),1
FANOUT,K100,Exception('timeout_or_slo_miss: completed=100/100 errors=0 elapsed_ms=1021.6'),1
FANOUT,K100,Exception('timeout_or_slo_miss: completed=100/100 errors=0 elapsed_ms=1132.1'),1
FANOUT,K100,Exception('timeout_or_slo_miss: completed=100/100 errors=0 elapsed_ms=1602.5'),1
FANOUT,K100,Exception('timeout_or_slo_miss: completed=100/100 errors=0 elapsed_ms=1078.0'),1
FANOUT,K100,Exception('timeout_or_slo_miss: completed=100/100 errors=0 elapsed_ms=1075.2'),2
FANOUT,K100,Exception('timeout_or_slo_miss: completed=100/100 errors=0 elapsed_ms=1078.8'),1
FANOUT,K100,Exception('timeout_or_slo_miss: completed=100/100 errors=0 elapsed_ms=1006.3'),2
FANOUT,K100,Exception('timeout_or_slo_miss: completed=100/100 errors=0 elapsed_ms=1232.6'),1
FANOUT,K100,Exception('timeout_or_slo_miss: completed=100/100 errors=0 elapsed_ms=1129.7'),2
FANOUT,K100,Exception('timeout_or_slo_miss: completed=100/100 errors=0 elapsed_ms=1065.5'),1
FANOUT,K100,Exception('timeout_or_slo_miss: completed=100/100 errors=0 elapsed_ms=1029.2'),2
FANOUT,K100,Exception('timeout_or_slo_miss: completed=100/100 errors=0 elapsed_ms=1253.5'),1
FANOUT,K100,Exception('timeout_or_slo_miss: completed=100/100 errors=0 elapsed_ms=1118.3'),2
FANOUT,K100,Exception('timeout_or_slo_miss: completed=100/100 errors=0 elapsed_ms=1199.0'),1
FANOUT,K100,Exception('timeout_or_slo_miss: completed=100/100 errors=0 elapsed_ms=1107.1'),1
FANOUT,K100,Exception('timeout_or_slo_miss: completed=100/100 errors=0 elapsed_ms=1342.0'),2
FANOUT,K100,Exception('timeout_or_slo_miss: completed=100/100 errors=0 elapsed_ms=1660.2'),1
FANOUT,K100,Exception('timeout_or_slo_miss: completed=100/100 errors=0 elapsed_ms=1301.3'),1
FANOUT,K100,Exception('timeout_or_slo_miss: completed=100/100 errors=0 elapsed_ms=1440.0'),1
FANOUT,K100,Exception('timeout_or_slo_miss: completed=100/100 errors=0 elapsed_ms=1028.1'),1
FANOUT,K100,Exception('timeout_or_slo_miss: completed=100/100 errors=0 elapsed_ms=1157.2'),1
FANOUT,K100,Exception('timeout_or_slo_miss: completed=100/100 errors=0 elapsed_ms=1261.6'),1
FANOUT,K100,Exception('timeout_or_slo_miss: completed=100/100 errors=0 elapsed_ms=1067.2'),2
FANOUT,K100,Exception('timeout_or_slo_miss: completed=100/100 errors=0 elapsed_ms=1026.9'),2
FANOUT,K100,Exception('timeout_or_slo_miss: completed=100/100 errors=0 elapsed_ms=1018.0'),1
FANOUT,K100,Exception('timeout_or_slo_miss: completed=100/100 errors=0 elapsed_ms=1211.2'),2
FANOUT,K100,Exception('timeout_or_slo_miss: completed=100/100 errors=0 elapsed_ms=1093.6'),1
FANOUT,K100,Exception('timeout_or_slo_miss: completed=100/100 errors=0 elapsed_ms=1117.3'),1
FANOUT,K100,Exception('timeout_or_slo_miss: completed=100/100 errors=0 elapsed_ms=1072.0'),1
FANOUT,K100,Exception('timeout_or_slo_miss: completed=100/100 errors=0 elapsed_ms=1127.7'),1
FANOUT,K100,Exception('timeout_or_slo_miss: completed=100/100 errors=0 elapsed_ms=1203.4'),2
FANOUT,K100,Exception('timeout_or_slo_miss: completed=100/100 errors=0 elapsed_ms=1068.5'),1
FANOUT,K100,Exception('timeout_or_slo_miss: completed=100/100 errors=0 elapsed_ms=1056.4'),1
FANOUT,K100,Exception('timeout_or_slo_miss: completed=100/100 errors=0 elapsed_ms=1202.8'),1
FANOUT,K100,Exception('timeout_or_slo_miss: completed=100/100 errors=0 elapsed_ms=1045.0'),2
FANOUT,K100,Exception('timeout_or_slo_miss: completed=100/100 errors=0 elapsed_ms=1217.2'),1
FANOUT,K100,Exception('timeout_or_slo_miss: completed=100/100 errors=0 elapsed_ms=1125.5'),1
FANOUT,K100,Exception('timeout_or_slo_miss: completed=100/100 errors=0 elapsed_ms=1019.4'),1
FANOUT,K100,Exception('timeout_or_slo_miss: completed=100/100 errors=0 elapsed_ms=1065.8'),1
FANOUT,K100,Exception('timeout_or_slo_miss: completed=100/100 errors=0 elapsed_ms=1238.0'),1
FANOUT,K100,Exception('timeout_or_slo_miss: completed=100/100 errors=0 elapsed_ms=1365.9'),1
FANOUT,K100,Exception('timeout_or_slo_miss: completed=100/100 errors=0 elapsed_ms=1279.8'),1
FANOUT,K100,Exception('timeout_or_slo_miss: completed=100/100 errors=0 elapsed_ms=1182.6'),1
FANOUT,K100,Exception('timeout_or_slo_miss: completed=100/100 errors=0 elapsed_ms=1082.7'),3
FANOUT,K100,Exception('timeout_or_slo_miss: completed=100/100 errors=0 elapsed_ms=1081.1'),3
FANOUT,K100,Exception('timeout_or_slo_miss: completed=100/100 errors=0 elapsed_ms=1061.7'),3
FANOUT,K100,Exception('timeout_or_slo_miss: completed=100/100 errors=0 elapsed_ms=1285.5'),1
FANOUT,K100,Exception('timeout_or_slo_miss: completed=100/100 errors=0 elapsed_ms=1005.1'),1
FANOUT,K100,Exception('timeout_or_slo_miss: completed=100/100 errors=0 elapsed_ms=1101.9'),1
FANOUT,K100,Exception('timeout_or_slo_miss: completed=100/100 errors=0 elapsed_ms=1354.3'),1
FANOUT,K100,Exception('timeout_or_slo_miss: completed=100/100 errors=0 elapsed_ms=1457.8'),1
FANOUT,K100,Exception('timeout_or_slo_miss: completed=100/100 errors=0 elapsed_ms=1163.0'),1
FANOUT,K100,Exception('timeout_or_slo_miss: completed=100/100 errors=0 elapsed_ms=1043.2'),2
FANOUT,K100,Exception('timeout_or_slo_miss: completed=100/100 errors=0 elapsed_ms=1179.3'),1
FANOUT,K100,Exception('timeout_or_slo_miss: completed=100/100 errors=0 elapsed_ms=1055.9'),1
FANOUT,K100,Exception('timeout_or_slo_miss: completed=100/100 errors=0 elapsed_ms=1015.8'),2
FANOUT,K100,Exception('timeout_or_slo_miss: completed=100/100 errors=0 elapsed_ms=1098.1'),1
FANOUT,K100,Exception('timeout_or_slo_miss: completed=100/100 errors=0 elapsed_ms=1064.5'),4
FANOUT,K100,Exception('timeout_or_slo_miss: completed=100/100 errors=0 elapsed_ms=1123.4'),1
FANOUT,K100,Exception('timeout_or_slo_miss: completed=100/100 errors=0 elapsed_ms=1040.8'),1
FANOUT,K100,Exception('timeout_or_slo_miss: completed=100/100 errors=0 elapsed_ms=1234.7'),1
FANOUT,K100,Exception('timeout_or_slo_miss: completed=100/100 errors=0 elapsed_ms=1223.3'),1
FANOUT,K100,Exception('timeout_or_slo_miss: completed=100/100 errors=0 elapsed_ms=1282.4'),1
FANOUT,K100,Exception('timeout_or_slo_miss: completed=100/100 errors=0 elapsed_ms=1072.7'),1
FANOUT,K100,Exception('timeout_or_slo_miss: completed=100/100 errors=0 elapsed_ms=1224.5'),1
FANOUT,K100,Exception('timeout_or_slo_miss: completed=100/100 errors=0 elapsed_ms=1084.5'),2
FANOUT,K100,Exception('timeout_or_slo_miss: completed=100/100 errors=0 elapsed_ms=1070.6'),1
FANOUT,K100,Exception('timeout_or_slo_miss: completed=100/100 errors=0 elapsed_ms=1263.7'),1
FANOUT,K100,Exception('timeout_or_slo_miss: completed=100/100 errors=0 elapsed_ms=1131.9'),1
FANOUT,K100,Exception('timeout_or_slo_miss: completed=100/100 errors=0 elapsed_ms=1220.2'),1
FANOUT,K100,Exception('timeout_or_slo_miss: completed=100/100 errors=0 elapsed_ms=1259.4'),1
FANOUT,K100,Exception('timeout_or_slo_miss: completed=100/100 errors=0 elapsed_ms=1009.8'),1
FANOUT,K100,Exception('timeout_or_slo_miss: completed=100/100 errors=0 elapsed_ms=1127.6'),1
FANOUT,K100,Exception('timeout_or_slo_miss: completed=100/100 errors=0 elapsed_ms=1090.0'),3
FANOUT,K100,Exception('timeout_or_slo_miss: completed=100/100 errors=0 elapsed_ms=1191.4'),1
FANOUT,K100,Exception('timeout_or_slo_miss: completed=100/100 errors=0 elapsed_ms=1160.9'),2
FANOUT,K100,Exception('timeout_or_slo_miss: completed=100/100 errors=0 elapsed_ms=1414.3'),1
FANOUT,K100,Exception('timeout_or_slo_miss: completed=100/100 errors=0 elapsed_ms=1019.2'),1
FANOUT,K100,Exception('timeout_or_slo_miss: completed=100/100 errors=0 elapsed_ms=1104.2'),1
FANOUT,K100,Exception('timeout_or_slo_miss: completed=100/100 errors=0 elapsed_ms=1034.8'),2
FANOUT,K100,Exception('timeout_or_slo_miss: completed=100/100 errors=0 elapsed_ms=1002.7'),1
FANOUT,K100,Exception('timeout_or_slo_miss: completed=100/100 errors=0 elapsed_ms=1098.4'),1
FANOUT,K100,Exception('timeout_or_slo_miss: completed=100/100 errors=0 elapsed_ms=1016.6'),1
FANOUT,K100,Exception('timeout_or_slo_miss: completed=100/100 errors=0 elapsed_ms=1222.3'),1
FANOUT,K100,Exception('timeout_or_slo_miss: completed=100/100 errors=0 elapsed_ms=1037.3'),1
FANOUT,K100,Exception('timeout_or_slo_miss: completed=100/100 errors=0 elapsed_ms=1020.6'),1
FANOUT,K100,Exception('timeout_or_slo_miss: completed=100/100 errors=0 elapsed_ms=1213.6'),1
FANOUT,K100,Exception('timeout_or_slo_miss: completed=100/100 errors=0 elapsed_ms=1038.9'),1
FANOUT,K100,Exception('timeout_or_slo_miss: completed=100/100 errors=0 elapsed_ms=1006.7'),1
FANOUT,K100,Exception('timeout_or_slo_miss: completed=100/100 errors=0 elapsed_ms=1104.7'),2
FANOUT,K100,Exception('timeout_or_slo_miss: completed=100/100 errors=0 elapsed_ms=1131.6'),1
FANOUT,K100,Exception('timeout_or_slo_miss: completed=100/100 errors=0 elapsed_ms=1008.8'),1
FANOUT,K100,Exception('timeout_or_slo_miss: completed=100/100 errors=0 elapsed_ms=1039.6'),3
FANOUT,K100,Exception('timeout_or_slo_miss: completed=100/100 errors=0 elapsed_ms=1005.7'),4
FANOUT,K100,Exception('timeout_or_slo_miss: completed=100/100 errors=0 elapsed_ms=1510.5'),1
FANOUT,K100,Exception('timeout_or_slo_miss: completed=100/100 errors=0 elapsed_ms=1113.2'),1
FANOUT,K100,Exception('timeout_or_slo_miss: completed=100/100 errors=0 elapsed_ms=1308.5'),1
FANOUT,K100,Exception('timeout_or_slo_miss: completed=100/100 errors=0 elapsed_ms=1047.0'),2
FANOUT,K100,Exception('timeout_or_slo_miss: completed=100/100 errors=0 elapsed_ms=1012.3'),1
FANOUT,K100,Exception('timeout_or_slo_miss: completed=100/100 errors=0 elapsed_ms=1058.4'),4
FANOUT,K100,Exception('timeout_or_slo_miss: completed=100/100 errors=0 elapsed_ms=1093.4'),1
FANOUT,K100,Exception('timeout_or_slo_miss: completed=100/100 errors=0 elapsed_ms=1267.3'),1
FANOUT,K100,Exception('timeout_or_slo_miss: completed=100/100 errors=0 elapsed_ms=1105.2'),1
FANOUT,K100,Exception('timeout_or_slo_miss: completed=100/100 errors=0 elapsed_ms=1006.5'),2
FANOUT,K100,Exception('timeout_or_slo_miss: completed=100/100 errors=0 elapsed_ms=1094.6'),1
FANOUT,K100,Exception('timeout_or_slo_miss: completed=100/100 errors=0 elapsed_ms=1116.1'),1
FANOUT,K100,Exception('timeout_or_slo_miss: completed=100/100 errors=0 elapsed_ms=1033.8'),2
FANOUT,K100,Exception('timeout_or_slo_miss: completed=100/100 errors=0 elapsed_ms=1104.1'),1
FANOUT,K100,Exception('timeout_or_slo_miss: completed=100/100 errors=0 elapsed_ms=1180.9'),1
FANOUT,K100,Exception('timeout_or_slo_miss: completed=100/100 errors=0 elapsed_ms=1020.9'),1
FANOUT,K100,Exception('timeout_or_slo_miss: completed=100/100 errors=0 elapsed_ms=1072.3'),1
FANOUT,K100,Exception('timeout_or_slo_miss: completed=100/100 errors=0 elapsed_ms=1015.5'),1
FANOUT,K100,Exception('timeout_or_slo_miss: completed=100/100 errors=0 elapsed_ms=1501.0'),1
FANOUT,K100,Exception('timeout_or_slo_miss: completed=100/100 errors=0 elapsed_ms=1095.0'),2
FANOUT,K100,Exception('timeout_or_slo_miss: completed=100/100 errors=0 elapsed_ms=1572.5'),1
FANOUT,K100,Exception('timeout_or_slo_miss: completed=100/100 errors=0 elapsed_ms=1264.1'),1
FANOUT,K100,Exception('timeout_or_slo_miss: completed=100/100 errors=0 elapsed_ms=1107.4'),1
FANOUT,K100,Exception('timeout_or_slo_miss: completed=100/100 errors=0 elapsed_ms=1150.5'),1
FANOUT,K100,Exception('timeout_or_slo_miss: completed=100/100 errors=0 elapsed_ms=1140.5'),1
FANOUT,K100,Exception('timeout_or_slo_miss: completed=100/100 errors=0 elapsed_ms=1143.4'),1
FANOUT,K100,Exception('timeout_or_slo_miss: completed=100/100 errors=0 elapsed_ms=1360.4'),1
FANOUT,K100,Exception('timeout_or_slo_miss: completed=100/100 errors=0 elapsed_ms=1065.3'),1
FANOUT,K100,Exception('timeout_or_slo_miss: completed=100/100 errors=0 elapsed_ms=1123.5'),1
FANOUT,K100,Exception('timeout_or_slo_miss: completed=100/100 errors=0 elapsed_ms=1045.6'),1
FANOUT,K100,Exception('timeout_or_slo_miss: completed=100/100 errors=0 elapsed_ms=1361.5'),1
FANOUT,K100,Exception('timeout_or_slo_miss: completed=100/100 errors=0 elapsed_ms=1069.0'),1
FANOUT,K100,Exception('timeout_or_slo_miss: completed=100/100 errors=0 elapsed_ms=1149.2'),2
FANOUT,K100,Exception('timeout_or_slo_miss: completed=100/100 errors=0 elapsed_ms=1098.8'),1
FANOUT,K100,Exception('timeout_or_slo_miss: completed=100/100 errors=0 elapsed_ms=1003.2'),1
FANOUT,K100,Exception('timeout_or_slo_miss: completed=100/100 errors=0 elapsed_ms=1047.5'),1
FANOUT,K100,Exception('timeout_or_slo_miss: completed=100/100 errors=0 elapsed_ms=1039.5'),1
FANOUT,K100,Exception('timeout_or_slo_miss: completed=100/100 errors=0 elapsed_ms=1086.7'),3
FANOUT,K100,Exception('timeout_or_slo_miss: completed=100/100 errors=0 elapsed_ms=1079.0'),1
FANOUT,K100,Exception('timeout_or_slo_miss: completed=100/100 errors=0 elapsed_ms=1156.8'),1
FANOUT,K100,Exception('timeout_or_slo_miss: completed=100/100 errors=0 elapsed_ms=1125.9'),2
FANOUT,K100,Exception('timeout_or_slo_miss: completed=100/100 errors=0 elapsed_ms=1063.7'),2
FANOUT,K100,Exception('timeout_or_slo_miss: completed=100/100 errors=0 elapsed_ms=1435.2'),1
FANOUT,K100,Exception('timeout_or_slo_miss: completed=100/100 errors=0 elapsed_ms=1057.8'),2
FANOUT,K100,Exception('timeout_or_slo_miss: completed=100/100 errors=0 elapsed_ms=1123.1'),1
FANOUT,K100,Exception('timeout_or_slo_miss: completed=100/100 errors=0 elapsed_ms=1137.8'),1
FANOUT,K100,Exception('timeout_or_slo_miss: completed=100/100 errors=0 elapsed_ms=1383.6'),1
FANOUT,K100,Exception('timeout_or_slo_miss: completed=100/100 errors=0 elapsed_ms=1147.9'),1
FANOUT,K100,Exception('timeout_or_slo_miss: completed=100/100 errors=0 elapsed_ms=1069.6'),1
FANOUT,K100,Exception('timeout_or_slo_miss: completed=100/100 errors=0 elapsed_ms=1011.1'),2
FANOUT,K100,Exception('timeout_or_slo_miss: completed=100/100 errors=0 elapsed_ms=1042.4'),4
FANOUT,K100,Exception('timeout_or_slo_miss: completed=100/100 errors=0 elapsed_ms=1087.4'),1
FANOUT,K100,Exception('timeout_or_slo_miss: completed=100/100 errors=0 elapsed_ms=1037.8'),2
FANOUT,K100,Exception('timeout_or_slo_miss: completed=100/100 errors=0 elapsed_ms=1057.3'),1
FANOUT,K100,Exception('timeout_or_slo_miss: completed=100/100 errors=0 elapsed_ms=1088.9'),3
FANOUT,K100,Exception('timeout_or_slo_miss: completed=100/100 errors=0 elapsed_ms=1016.1'),1
FANOUT,K100,Exception('timeout_or_slo_miss: completed=100/100 errors=0 elapsed_ms=1113.6'),1
FANOUT,K100,Exception('timeout_or_slo_miss: completed=100/100 errors=0 elapsed_ms=1011.3'),1
FANOUT,K100,Exception('timeout_or_slo_miss: completed=100/100 errors=0 elapsed_ms=1013.8'),1
FANOUT,K100,Exception('timeout_or_slo_miss: completed=100/100 errors=0 elapsed_ms=1121.9'),2
FANOUT,K100,Exception('timeout_or_slo_miss: completed=100/100 errors=0 elapsed_ms=1110.2'),2
FANOUT,K100,Exception('timeout_or_slo_miss: completed=100/100 errors=0 elapsed_ms=1112.9'),1
FANOUT,K100,Exception('timeout_or_slo_miss: completed=100/100 errors=0 elapsed_ms=1547.8'),1
FANOUT,K100,Exception('timeout_or_slo_miss: completed=100/100 errors=0 elapsed_ms=1070.0'),1
FANOUT,K100,Exception('timeout_or_slo_miss: completed=100/100 errors=0 elapsed_ms=1093.2'),1
FANOUT,K100,Exception('timeout_or_slo_miss: completed=100/100 errors=0 elapsed_ms=1022.1'),1
FANOUT,K100,Exception('timeout_or_slo_miss: completed=100/100 errors=0 elapsed_ms=1231.8'),1
FANOUT,K100,Exception('timeout_or_slo_miss: completed=100/100 errors=0 elapsed_ms=1018.1'),1
FANOUT,K100,Exception('timeout_or_slo_miss: completed=100/100 errors=0 elapsed_ms=1010.3'),1
FANOUT,K100,Exception('timeout_or_slo_miss: completed=100/100 errors=0 elapsed_ms=1029.0'),3
FANOUT,K100,Exception('timeout_or_slo_miss: completed=100/100 errors=0 elapsed_ms=1045.3'),2
FANOUT,K100,Exception('timeout_or_slo_miss: completed=100/100 errors=0 elapsed_ms=1256.0'),1
FANOUT,K100,Exception('timeout_or_slo_miss: completed=100/100 errors=0 elapsed_ms=1043.6'),2
FANOUT,K100,Exception('timeout_or_slo_miss: completed=100/100 errors=0 elapsed_ms=1068.1'),3
FANOUT,K100,Exception('timeout_or_slo_miss: completed=100/100 errors=0 elapsed_ms=1158.2'),1
FANOUT,K100,Exception('timeout_or_slo_miss: completed=100/100 errors=0 elapsed_ms=1098.9'),2
FANOUT,K100,Exception('timeout_or_slo_miss: completed=100/100 errors=0 elapsed_ms=1228.0'),1
FANOUT,K100,Exception('timeout_or_slo_miss: completed=100/100 errors=0 elapsed_ms=1421.8'),1
FANOUT,K100,Exception('timeout_or_slo_miss: completed=100/100 errors=0 elapsed_ms=1023.1'),1
FANOUT,K100,Exception('timeout_or_slo_miss: completed=100/100 errors=0 elapsed_ms=1005.4'),2
FANOUT,K100,Exception('timeout_or_slo_miss: completed=100/100 errors=0 elapsed_ms=1087.8'),1
FANOUT,K100,Exception('timeout_or_slo_miss: completed=100/100 errors=0 elapsed_ms=1099.2'),1
FANOUT,K100,Exception('timeout_or_slo_miss: completed=100/100 errors=0 elapsed_ms=1280.6'),1
FANOUT,K100,Exception('timeout_or_slo_miss: completed=100/100 errors=0 elapsed_ms=1033.2'),1
FANOUT,K100,Exception('timeout_or_slo_miss: completed=100/100 errors=0 elapsed_ms=1433.6'),1
FANOUT,K100,Exception('timeout_or_slo_miss: completed=100/100 errors=0 elapsed_ms=1019.9'),1
FANOUT,K100,Exception('timeout_or_slo_miss: completed=100/100 errors=0 elapsed_ms=1507.8'),1
FANOUT,K100,Exception('timeout_or_slo_miss: completed=100/100 errors=0 elapsed_ms=1437.0'),1
FANOUT,K100,Exception('timeout_or_slo_miss: completed=100/100 errors=0 elapsed_ms=1244.6'),2
FANOUT,K100,Exception('timeout_or_slo_miss: completed=100/100 errors=0 elapsed_ms=1118.8'),1
FANOUT,K100,Exception('timeout_or_slo_miss: completed=100/100 errors=0 elapsed_ms=1059.1'),1
FANOUT,K100,Exception('timeout_or_slo_miss: completed=100/100 errors=0 elapsed_ms=1132.3'),1
FANOUT,K100,Exception('timeout_or_slo_miss: completed=100/100 errors=0 elapsed_ms=1081.0'),2
FANOUT,K100,Exception('timeout_or_slo_miss: completed=100/100 errors=0 elapsed_ms=1342.1'),1
FANOUT,K100,Exception('timeout_or_slo_miss: completed=100/100 errors=0 elapsed_ms=1236.8'),1
FANOUT,K100,Exception('timeout_or_slo_miss: completed=100/100 errors=0 elapsed_ms=1285.2'),1
FANOUT,K100,Exception('timeout_or_slo_miss: completed=100/100 errors=0 elapsed_ms=1322.0'),1
FANOUT,K100,Exception('timeout_or_slo_miss: completed=100/100 errors=0 elapsed_ms=1323.5'),1
FANOUT,K100,Exception('timeout_or_slo_miss: completed=100/100 errors=0 elapsed_ms=1273.4'),1
FANOUT,K100,Exception('timeout_or_slo_miss: completed=100/100 errors=0 elapsed_ms=1435.9'),1
FANOUT,K100,Exception('timeout_or_slo_miss: completed=100/100 errors=0 elapsed_ms=1007.0'),1
FANOUT,K100,Exception('timeout_or_slo_miss: completed=100/100 errors=0 elapsed_ms=1119.0'),2
FANOUT,K100,Exception('timeout_or_slo_miss: completed=100/100 errors=0 elapsed_ms=1171.4'),1
FANOUT,K100,Exception('timeout_or_slo_miss: completed=100/100 errors=0 elapsed_ms=1278.1'),1
FANOUT,K100,Exception('timeout_or_slo_miss: completed=100/100 errors=0 elapsed_ms=1100.8'),1
FANOUT,K100,Exception('timeout_or_slo_miss: completed=100/100 errors=0 elapsed_ms=1047.8'),1
FANOUT,K100,Exception('timeout_or_slo_miss: completed=100/100 errors=0 elapsed_ms=1002.8'),2
FANOUT,K100,Exception('timeout_or_slo_miss: completed=100/100 errors=0 elapsed_ms=1512.2'),1
FANOUT,K100,Exception('timeout_or_slo_miss: completed=100/100 errors=0 elapsed_ms=1022.4'),1
FANOUT,K100,Exception('timeout_or_slo_miss: completed=100/100 errors=0 elapsed_ms=1254.5'),1
FANOUT,K100,Exception('timeout_or_slo_miss: completed=100/100 errors=0 elapsed_ms=1104.5'),1
FANOUT,K100,Exception('timeout_or_slo_miss: completed=100/100 errors=0 elapsed_ms=1179.6'),1
FANOUT,K100,Exception('timeout_or_slo_miss: completed=100/100 errors=0 elapsed_ms=1146.5'),1
FANOUT,K100,Exception('timeout_or_slo_miss: completed=100/100 errors=0 elapsed_ms=1122.4'),3
FANOUT,K100,Exception('timeout_or_slo_miss: completed=100/100 errors=0 elapsed_ms=1044.7'),1
FANOUT,K100,Exception('timeout_or_slo_miss: completed=100/100 errors=0 elapsed_ms=1115.3'),2
FANOUT,K100,Exception('timeout_or_slo_miss: completed=100/100 errors=0 elapsed_ms=1084.7'),2
FANOUT,K100,Exception('timeout_or_slo_miss: completed=100/100 errors=0 elapsed_ms=1178.0'),1
FANOUT,K100,Exception('timeout_or_slo_miss: completed=100/100 errors=0 elapsed_ms=1491.0'),1
FANOUT,K100,Exception('timeout_or_slo_miss: completed=100/100 errors=0 elapsed_ms=1003.4'),1
FANOUT,K100,Exception('timeout_or_slo_miss: completed=100/100 errors=0 elapsed_ms=1156.3'),1
FANOUT,K100,Exception('timeout_or_slo_miss: completed=100/100 errors=0 elapsed_ms=1090.5'),1
FANOUT,K100,Exception('timeout_or_slo_miss: completed=100/100 errors=0 elapsed_ms=1213.1'),1
FANOUT,K100,Exception('timeout_or_slo_miss: completed=100/100 errors=0 elapsed_ms=1423.7'),1
FANOUT,K100,Exception('timeout_or_slo_miss: completed=100/100 errors=0 elapsed_ms=1190.7'),1
FANOUT,K100,Exception('timeout_or_slo_miss: completed=100/100 errors=0 elapsed_ms=1436.9'),1
FANOUT,K100,Exception('timeout_or_slo_miss: completed=100/100 errors=0 elapsed_ms=1012.2'),3
FANOUT,K100,Exception('timeout_or_slo_miss: completed=100/100 errors=0 elapsed_ms=1057.7'),1
FANOUT,K100,Exception('timeout_or_slo_miss: completed=100/100 errors=0 elapsed_ms=1091.3'),1
FANOUT,K100,Exception('timeout_or_slo_miss: completed=100/100 errors=0 elapsed_ms=1035.2'),1
FANOUT,K100,Exception('timeout_or_slo_miss: completed=100/100 errors=0 elapsed_ms=1013.9'),1
FANOUT,K100,Exception('timeout_or_slo_miss: completed=100/100 errors=0 elapsed_ms=1140.1'),1
FANOUT,K100,Exception('timeout_or_slo_miss: completed=100/100 errors=0 elapsed_ms=1014.4'),1
FANOUT,K100,Exception('timeout_or_slo_miss: completed=100/100 errors=0 elapsed_ms=1022.9'),1
FANOUT,K100,Exception('timeout_or_slo_miss: completed=100/100 errors=0 elapsed_ms=1386.8'),1
FANOUT,K100,Exception('timeout_or_slo_miss: completed=98/100 errors=0 elapsed_ms=1633.5'),1
FANOUT,K100,Exception('timeout_or_slo_miss: completed=100/100 errors=0 elapsed_ms=1169.3'),1
FANOUT,K100,Exception('timeout_or_slo_miss: completed=100/100 errors=0 elapsed_ms=1280.7'),1
FANOUT,K100,Exception('timeout_or_slo_miss: completed=100/100 errors=0 elapsed_ms=1048.0'),2
FANOUT,K100,Exception('timeout_or_slo_miss: completed=100/100 errors=0 elapsed_ms=1116.7'),1
FANOUT,K100,Exception('timeout_or_slo_miss: completed=100/100 errors=0 elapsed_ms=1119.5'),1
FANOUT,K100,Exception('timeout_or_slo_miss: completed=100/100 errors=0 elapsed_ms=1075.7'),3
FANOUT,K100,Exception('timeout_or_slo_miss: completed=100/100 errors=0 elapsed_ms=1236.4'),1
FANOUT,K100,Exception('timeout_or_slo_miss: completed=100/100 errors=0 elapsed_ms=1031.9'),1
FANOUT,K100,Exception('timeout_or_slo_miss: completed=100/100 errors=0 elapsed_ms=1102.6'),1
FANOUT,K100,Exception('timeout_or_slo_miss: completed=100/100 errors=0 elapsed_ms=1251.5'),2
FANOUT,K100,Exception('timeout_or_slo_miss: completed=100/100 errors=0 elapsed_ms=1054.4'),1
FANOUT,K100,Exception('timeout_or_slo_miss: completed=100/100 errors=0 elapsed_ms=1039.9'),2
FANOUT,K100,Exception('timeout_or_slo_miss: completed=100/100 errors=0 elapsed_ms=1133.2'),4
FANOUT,K100,Exception('timeout_or_slo_miss: completed=100/100 errors=0 elapsed_ms=1087.5'),1
FANOUT,K100,Exception('timeout_or_slo_miss: completed=100/100 errors=0 elapsed_ms=1014.7'),2
FANOUT,K100,Exception('timeout_or_slo_miss: completed=100/100 errors=0 elapsed_ms=1016.7'),2
FANOUT,K100,Exception('timeout_or_slo_miss: completed=100/100 errors=0 elapsed_ms=1081.3'),1
FANOUT,K100,Exception('timeout_or_slo_miss: completed=100/100 errors=0 elapsed_ms=1063.6'),2
FANOUT,K100,Exception('timeout_or_slo_miss: completed=100/100 errors=0 elapsed_ms=1071.9'),1
FANOUT,K100,Exception('timeout_or_slo_miss: completed=100/100 errors=0 elapsed_ms=1444.4'),1
FANOUT,K100,Exception('timeout_or_slo_miss: completed=100/100 errors=0 elapsed_ms=1023.0'),3
FANOUT,K100,Exception('timeout_or_slo_miss: completed=100/100 errors=0 elapsed_ms=1110.1'),1
FANOUT,K100,Exception('timeout_or_slo_miss: completed=100/100 errors=0 elapsed_ms=1187.1'),1
FANOUT,K100,Exception('timeout_or_slo_miss: completed=100/100 errors=0 elapsed_ms=1101.7'),1
FANOUT,K100,Exception('timeout_or_slo_miss: completed=100/100 errors=0 elapsed_ms=1152.0'),1
FANOUT,K100,Exception('timeout_or_slo_miss: completed=100/100 errors=0 elapsed_ms=1400.8'),1
FANOUT,K100,Exception('timeout_or_slo_miss: completed=100/100 errors=0 elapsed_ms=1028.2'),1
FANOUT,K100,Exception('timeout_or_slo_miss: completed=100/100 errors=0 elapsed_ms=1018.4'),2
FANOUT,K100,Exception('timeout_or_slo_miss: completed=100/100 errors=0 elapsed_ms=1035.1'),3
FANOUT,K100,Exception('timeout_or_slo_miss: completed=100/100 errors=0 elapsed_ms=1161.3'),1
FANOUT,K100,Exception('timeout_or_slo_miss: completed=100/100 errors=0 elapsed_ms=1007.5'),1
FANOUT,K100,Exception('timeout_or_slo_miss: completed=100/100 errors=0 elapsed_ms=1060.2'),1
FANOUT,K100,Exception('timeout_or_slo_miss: completed=100/100 errors=0 elapsed_ms=1019.6'),4
FANOUT,K100,Exception('timeout_or_slo_miss: completed=100/100 errors=0 elapsed_ms=1130.7'),1
FANOUT,K100,Exception('timeout_or_slo_miss: completed=100/100 errors=0 elapsed_ms=1439.2'),1
FANOUT,K100,Exception('timeout_or_slo_miss: completed=100/100 errors=0 elapsed_ms=1046.7'),1
FANOUT,K100,Exception('timeout_or_slo_miss: completed=100/100 errors=0 elapsed_ms=1079.5'),1
FANOUT,K100,Exception('timeout_or_slo_miss: completed=100/100 errors=0 elapsed_ms=1033.0'),1
FANOUT,K100,Exception('timeout_or_slo_miss: completed=100/100 errors=0 elapsed_ms=1141.7'),2
FANOUT,K100,Exception('timeout_or_slo_miss: completed=100/100 errors=0 elapsed_ms=1344.7'),1
FANOUT,K100,Exception('timeout_or_slo_miss: completed=100/100 errors=0 elapsed_ms=1129.3'),1
FANOUT,K100,Exception('timeout_or_slo_miss: completed=100/100 errors=0 elapsed_ms=1062.6'),2
FANOUT,K100,Exception('timeout_or_slo_miss: completed=100/100 errors=0 elapsed_ms=1205.3'),1
FANOUT,K100,Exception('timeout_or_slo_miss: completed=100/100 errors=0 elapsed_ms=1036.1'),1
FANOUT,K100,Exception('timeout_or_slo_miss: completed=100/100 errors=0 elapsed_ms=1190.6'),1
FANOUT,K100,Exception('timeout_or_slo_miss: completed=100/100 errors=0 elapsed_ms=1116.4'),1
FANOUT,K100,Exception('timeout_or_slo_miss: completed=100/100 errors=0 elapsed_ms=1077.7'),1
FANOUT,K100,Exception('timeout_or_slo_miss: completed=100/100 errors=0 elapsed_ms=1253.4'),2
FANOUT,K100,Exception('timeout_or_slo_miss: completed=100/100 errors=0 elapsed_ms=1120.1'),1
FANOUT,K100,Exception('timeout_or_slo_miss: completed=100/100 errors=0 elapsed_ms=1235.1'),1
FANOUT,K100,Exception('timeout_or_slo_miss: completed=100/100 errors=0 elapsed_ms=1170.4'),1
FANOUT,K100,Exception('timeout_or_slo_miss: completed=100/100 errors=0 elapsed_ms=1259.7'),1
FANOUT,K100,Exception('timeout_or_slo_miss: completed=100/100 errors=0 elapsed_ms=1053.6'),1
FANOUT,K100,Exception('timeout_or_slo_miss: completed=100/100 errors=0 elapsed_ms=1002.0'),1
FANOUT,K100,Exception('timeout_or_slo_miss: completed=100/100 errors=0 elapsed_ms=1455.5'),1
FANOUT,K100,Exception('timeout_or_slo_miss: completed=100/100 errors=0 elapsed_ms=1062.7'),1
FANOUT,K100,Exception('timeout_or_slo_miss: completed=100/100 errors=0 elapsed_ms=1060.6'),4
FANOUT,K100,Exception('timeout_or_slo_miss: completed=100/100 errors=0 elapsed_ms=1105.7'),1
FANOUT,K100,Exception('timeout_or_slo_miss: completed=100/100 errors=0 elapsed_ms=1111.8'),1
FANOUT,K100,Exception('timeout_or_slo_miss: completed=100/100 errors=0 elapsed_ms=1006.9'),2
FANOUT,K100,Exception('timeout_or_slo_miss: completed=100/100 errors=0 elapsed_ms=1214.0'),1
FANOUT,K100,Exception('timeout_or_slo_miss: completed=100/100 errors=0 elapsed_ms=1040.6'),2
FANOUT,K100,Exception('timeout_or_slo_miss: completed=100/100 errors=0 elapsed_ms=1044.3'),2
FANOUT,K100,Exception('timeout_or_slo_miss: completed=100/100 errors=0 elapsed_ms=1211.4'),1
FANOUT,K100,Exception('timeout_or_slo_miss: completed=100/100 errors=0 elapsed_ms=1025.4'),1
FANOUT,K100,Exception('timeout_or_slo_miss: completed=100/100 errors=0 elapsed_ms=1006.4'),1
FANOUT,K100,Exception('timeout_or_slo_miss: completed=100/100 errors=0 elapsed_ms=1331.4'),1
FANOUT,K100,Exception('timeout_or_slo_miss: completed=100/100 errors=0 elapsed_ms=1075.1'),3
FANOUT,K100,Exception('timeout_or_slo_miss: completed=100/100 errors=0 elapsed_ms=1062.3'),2
FANOUT,K100,Exception('timeout_or_slo_miss: completed=100/100 errors=0 elapsed_ms=1126.4'),1
FANOUT,K100,Exception('timeout_or_slo_miss: completed=100/100 errors=0 elapsed_ms=1111.3'),2
FANOUT,K100,Exception('timeout_or_slo_miss: completed=100/100 errors=0 elapsed_ms=1136.3'),1
FANOUT,K100,Exception('timeout_or_slo_miss: completed=100/100 errors=0 elapsed_ms=1385.6'),1
FANOUT,K100,Exception('timeout_or_slo_miss: completed=100/100 errors=0 elapsed_ms=1121.2'),1
FANOUT,K100,Exception('timeout_or_slo_miss: completed=100/100 errors=0 elapsed_ms=1083.1'),2
FANOUT,K100,Exception('timeout_or_slo_miss: completed=100/100 errors=0 elapsed_ms=1215.7'),1
FANOUT,K100,Exception('timeout_or_slo_miss: completed=100/100 errors=0 elapsed_ms=1010.7'),1
FANOUT,K100,Exception('timeout_or_slo_miss: completed=100/100 errors=0 elapsed_ms=1216.2'),1
FANOUT,K100,Exception('timeout_or_slo_miss: completed=100/100 errors=0 elapsed_ms=1252.1'),1
FANOUT,K100,Exception('timeout_or_slo_miss: completed=100/100 errors=0 elapsed_ms=1074.2'),3
FANOUT,K100,Exception('timeout_or_slo_miss: completed=100/100 errors=0 elapsed_ms=1107.0'),2
FANOUT,K100,Exception('timeout_or_slo_miss: completed=100/100 errors=0 elapsed_ms=1255.5'),1
FANOUT,K100,Exception('timeout_or_slo_miss: completed=100/100 errors=0 elapsed_ms=1094.3'),1
FANOUT,K100,Exception('timeout_or_slo_miss: completed=100/100 errors=0 elapsed_ms=1173.4'),1
FANOUT,K100,Exception('timeout_or_slo_miss: completed=100/100 errors=0 elapsed_ms=1120.3'),2
FANOUT,K100,Exception('timeout_or_slo_miss: completed=100/100 errors=0 elapsed_ms=1187.6'),1
FANOUT,K100,Exception('timeout_or_slo_miss: completed=100/100 errors=0 elapsed_ms=1389.5'),1
FANOUT,K100,Exception('timeout_or_slo_miss: completed=100/100 errors=0 elapsed_ms=1127.3'),1
FANOUT,K100,Exception('timeout_or_slo_miss: completed=100/100 errors=0 elapsed_ms=1003.0'),1
FANOUT,K100,Exception('timeout_or_slo_miss: completed=100/100 errors=0 elapsed_ms=1126.6'),2
FANOUT,K100,Exception('timeout_or_slo_miss: completed=100/100 errors=0 elapsed_ms=1384.0'),1
FANOUT,K100,Exception('timeout_or_slo_miss: completed=100/100 errors=0 elapsed_ms=1112.3'),1
FANOUT,K100,Exception('timeout_or_slo_miss: completed=100/100 errors=0 elapsed_ms=1083.4'),2
FANOUT,K100,Exception('timeout_or_slo_miss: completed=100/100 errors=0 elapsed_ms=1005.2'),3
FANOUT,K100,Exception('timeout_or_slo_miss: completed=100/100 errors=0 elapsed_ms=1025.1'),1
FANOUT,K100,Exception('timeout_or_slo_miss: completed=100/100 errors=0 elapsed_ms=1110.5'),1
FANOUT,K100,Exception('timeout_or_slo_miss: completed=100/100 errors=0 elapsed_ms=1503.7'),1
FANOUT,K100,Exception('timeout_or_slo_miss: completed=100/100 errors=0 elapsed_ms=1158.3'),1
FANOUT,K100,Exception('timeout_or_slo_miss: completed=100/100 errors=0 elapsed_ms=1029.9'),2
FANOUT,K100,Exception('timeout_or_slo_miss: completed=100/100 errors=0 elapsed_ms=1303.6'),1
FANOUT,K100,Exception('timeout_or_slo_miss: completed=100/100 errors=0 elapsed_ms=1045.1'),2
FANOUT,K100,Exception('timeout_or_slo_miss: completed=100/100 errors=0 elapsed_ms=1112.2'),1
FANOUT,K100,Exception('timeout_or_slo_miss: completed=100/100 errors=0 elapsed_ms=1002.4'),1
FANOUT,K100,Exception('timeout_or_slo_miss: completed=100/100 errors=0 elapsed_ms=1057.1'),1
FANOUT,K100,Exception('timeout_or_slo_miss: completed=100/100 errors=0 elapsed_ms=1101.5'),4
FANOUT,K100,Exception('timeout_or_slo_miss: completed=100/100 errors=0 elapsed_ms=1225.6'),1
FANOUT,K100,Exception('timeout_or_slo_miss: completed=100/100 errors=0 elapsed_ms=1011.7'),3
FANOUT,K100,Exception('timeout_or_slo_miss: completed=100/100 errors=0 elapsed_ms=1085.7'),1
FANOUT,K100,Exception('timeout_or_slo_miss: completed=100/100 errors=0 elapsed_ms=1174.7'),2
FANOUT,K100,Exception('timeout_or_slo_miss: completed=100/100 errors=0 elapsed_ms=1127.0'),1
FANOUT,K100,Exception('timeout_or_slo_miss: completed=100/100 errors=0 elapsed_ms=1027.3'),2
FANOUT,K100,Exception('timeout_or_slo_miss: completed=100/100 errors=0 elapsed_ms=1153.3'),1
FANOUT,K100,Exception('timeout_or_slo_miss: completed=100/100 errors=0 elapsed_ms=1163.5'),1
FANOUT,K100,Exception('timeout_or_slo_miss: completed=100/100 errors=0 elapsed_ms=1035.7'),1
FANOUT,K100,Exception('timeout_or_slo_miss: completed=100/100 errors=0 elapsed_ms=1282.9'),1
FANOUT,K100,Exception('timeout_or_slo_miss: completed=100/100 errors=0 elapsed_ms=1168.2'),1
FANOUT,K100,Exception('timeout_or_slo_miss: completed=100/100 errors=0 elapsed_ms=1219.7'),1
FANOUT,K100,Exception('timeout_or_slo_miss: completed=100/100 errors=0 elapsed_ms=1157.1'),1
FANOUT,K100,Exception('timeout_or_slo_miss: completed=100/100 errors=0 elapsed_ms=1086.8'),1
FANOUT,K100,Exception('timeout_or_slo_miss: completed=100/100 errors=0 elapsed_ms=1079.3'),1
FANOUT,K100,Exception('timeout_or_slo_miss: completed=100/100 errors=0 elapsed_ms=1017.2'),2
FANOUT,K100,Exception('timeout_or_slo_miss: completed=100/100 errors=0 elapsed_ms=1215.4'),1
FANOUT,K100,Exception('timeout_or_slo_miss: completed=100/100 errors=0 elapsed_ms=1142.9'),2
FANOUT,K100,Exception('timeout_or_slo_miss: completed=100/100 errors=0 elapsed_ms=1547.6'),1
FANOUT,K100,Exception('timeout_or_slo_miss: completed=100/100 errors=0 elapsed_ms=1157.5'),1
FANOUT,K100,Exception('timeout_or_slo_miss: completed=100/100 errors=0 elapsed_ms=1021.0'),4
FANOUT,K100,Exception('timeout_or_slo_miss: completed=100/100 errors=0 elapsed_ms=1021.7'),3
FANOUT,K100,Exception('timeout_or_slo_miss: completed=100/100 errors=0 elapsed_ms=1259.8'),1
FANOUT,K100,Exception('timeout_or_slo_miss: completed=100/100 errors=0 elapsed_ms=1413.7'),1
FANOUT,K100,Exception('timeout_or_slo_miss: completed=100/100 errors=0 elapsed_ms=1104.0'),1
FANOUT,K100,Exception('timeout_or_slo_miss: completed=100/100 errors=0 elapsed_ms=1024.9'),1
FANOUT,K100,Exception('timeout_or_slo_miss: completed=100/100 errors=0 elapsed_ms=1153.6'),1
FANOUT,K100,Exception('timeout_or_slo_miss: completed=100/100 errors=0 elapsed_ms=1009.7'),1
FANOUT,K100,Exception('timeout_or_slo_miss: completed=100/100 errors=0 elapsed_ms=1008.3'),1
FANOUT,K100,Exception('timeout_or_slo_miss: completed=100/100 errors=0 elapsed_ms=1265.4'),1
FANOUT,K100,Exception('timeout_or_slo_miss: completed=100/100 errors=0 elapsed_ms=1168.0'),3
FANOUT,K100,Exception('timeout_or_slo_miss: completed=100/100 errors=0 elapsed_ms=1520.0'),1
FANOUT,K100,Exception('timeout_or_slo_miss: completed=100/100 errors=0 elapsed_ms=1144.4'),1
FANOUT,K100,Exception('timeout_or_slo_miss: completed=100/100 errors=0 elapsed_ms=1035.4'),1
FANOUT,K100,Exception('timeout_or_slo_miss: completed=100/100 errors=0 elapsed_ms=1093.9'),1
FANOUT,K100,Exception('timeout_or_slo_miss: completed=100/100 errors=0 elapsed_ms=1388.1'),1
FANOUT,K100,Exception('timeout_or_slo_miss: completed=100/100 errors=0 elapsed_ms=1109.6'),1
FANOUT,K100,Exception('timeout_or_slo_miss: completed=100/100 errors=0 elapsed_ms=1062.2'),2
FANOUT,K100,Exception('timeout_or_slo_miss: completed=100/100 errors=0 elapsed_ms=1124.1'),2
FANOUT,K100,Exception('timeout_or_slo_miss: completed=100/100 errors=0 elapsed_ms=1539.0'),1
FANOUT,K100,Exception('timeout_or_slo_miss: completed=100/100 errors=0 elapsed_ms=1067.0'),1
FANOUT,K100,Exception('timeout_or_slo_miss: completed=100/100 errors=0 elapsed_ms=1394.9'),1
FANOUT,K100,Exception('timeout_or_slo_miss: completed=100/100 errors=0 elapsed_ms=1026.5'),3
FANOUT,K100,Exception('timeout_or_slo_miss: completed=100/100 errors=0 elapsed_ms=1060.1'),2
FANOUT,K100,Exception('timeout_or_slo_miss: completed=100/100 errors=0 elapsed_ms=1262.9'),1
FANOUT,K100,Exception('timeout_or_slo_miss: completed=100/100 errors=0 elapsed_ms=1027.7'),1
FANOUT,K100,Exception('timeout_or_slo_miss: completed=100/100 errors=0 elapsed_ms=1024.4'),1
FANOUT,K100,Exception('timeout_or_slo_miss: completed=100/100 errors=0 elapsed_ms=1395.4'),1
FANOUT,K100,Exception('timeout_or_slo_miss: completed=100/100 errors=0 elapsed_ms=1471.2'),1
FANOUT,K100,Exception('timeout_or_slo_miss: completed=100/100 errors=0 elapsed_ms=1005.8'),2
FANOUT,K100,Exception('timeout_or_slo_miss: completed=100/100 errors=0 elapsed_ms=1240.9'),1
FANOUT,K100,Exception('timeout_or_slo_miss: completed=100/100 errors=0 elapsed_ms=1147.6'),1
FANOUT,K100,Exception('timeout_or_slo_miss: completed=100/100 errors=0 elapsed_ms=1004.4'),2
FANOUT,K100,Exception('timeout_or_slo_miss: completed=100/100 errors=0 elapsed_ms=1450.8'),1
FANOUT,K100,Exception('timeout_or_slo_miss: completed=100/100 errors=0 elapsed_ms=1469.8'),1
FANOUT,K100,Exception('timeout_or_slo_miss: completed=100/100 errors=0 elapsed_ms=1046.0'),1
FANOUT,K100,Exception('timeout_or_slo_miss: completed=100/100 errors=0 elapsed_ms=1363.8'),1
FANOUT,K100,Exception('timeout_or_slo_miss: completed=100/100 errors=0 elapsed_ms=1055.0'),3
FANOUT,K100,Exception('timeout_or_slo_miss: completed=100/100 errors=0 elapsed_ms=1277.4'),1
FANOUT,K100,Exception('timeout_or_slo_miss: completed=100/100 errors=0 elapsed_ms=1067.5'),3
FANOUT,K100,Exception('timeout_or_slo_miss: completed=100/100 errors=0 elapsed_ms=1162.2'),1
FANOUT,K100,Exception('timeout_or_slo_miss: completed=100/100 errors=0 elapsed_ms=1291.5'),1
FANOUT,K100,Exception('timeout_or_slo_miss: completed=100/100 errors=0 elapsed_ms=1242.5'),1
FANOUT,K100,Exception('timeout_or_slo_miss: completed=100/100 errors=0 elapsed_ms=1515.0'),1
FANOUT,K100,Exception('timeout_or_slo_miss: completed=100/100 errors=0 elapsed_ms=1013.7'),2
FANOUT,K100,Exception('timeout_or_slo_miss: completed=100/100 errors=0 elapsed_ms=1160.6'),1
FANOUT,K100,Exception('timeout_or_slo_miss: completed=100/100 errors=0 elapsed_ms=1491.4'),1
FANOUT,K100,Exception('timeout_or_slo_miss: completed=100/100 errors=0 elapsed_ms=1052.2'),2
FANOUT,K100,Exception('timeout_or_slo_miss: completed=100/100 errors=0 elapsed_ms=1043.8'),2
FANOUT,K100,Exception('timeout_or_slo_miss: completed=100/100 errors=0 elapsed_ms=1068.9'),1
FANOUT,K100,Exception('timeout_or_slo_miss: completed=100/100 errors=0 elapsed_ms=1207.3'),1
FANOUT,K100,Exception('timeout_or_slo_miss: completed=100/100 errors=0 elapsed_ms=1054.2'),1
FANOUT,K100,Exception('timeout_or_slo_miss: completed=100/100 errors=0 elapsed_ms=1041.1'),3
FANOUT,K100,Exception('timeout_or_slo_miss: completed=100/100 errors=0 elapsed_ms=1069.9'),1
FANOUT,K100,Exception('timeout_or_slo_miss: completed=100/100 errors=0 elapsed_ms=1302.8'),1
FANOUT,K100,Exception('timeout_or_slo_miss: completed=100/100 errors=0 elapsed_ms=1058.2'),1
FANOUT,K100,Exception('timeout_or_slo_miss: completed=100/100 errors=0 elapsed_ms=1004.8'),1
FANOUT,K100,Exception('timeout_or_slo_miss: completed=100/100 errors=0 elapsed_ms=1003.8'),2
FANOUT,K100,Exception('timeout_or_slo_miss: completed=100/100 errors=0 elapsed_ms=1065.7'),3
FANOUT,K100,Exception('timeout_or_slo_miss: completed=100/100 errors=0 elapsed_ms=1026.3'),2
FANOUT,K100,Exception('timeout_or_slo_miss: completed=100/100 errors=0 elapsed_ms=1530.6'),1
FANOUT,K100,Exception('timeout_or_slo_miss: completed=100/100 errors=0 elapsed_ms=1018.9'),2
FANOUT,K100,Exception('timeout_or_slo_miss: completed=100/100 errors=0 elapsed_ms=1496.1'),1
FANOUT,K100,Exception('timeout_or_slo_miss: completed=100/100 errors=0 elapsed_ms=1079.4'),1
FANOUT,K100,Exception('timeout_or_slo_miss: completed=100/100 errors=0 elapsed_ms=1201.7'),1
FANOUT,K100,Exception('timeout_or_slo_miss: completed=100/100 errors=0 elapsed_ms=1031.0'),1
FANOUT,K100,Exception('timeout_or_slo_miss: completed=100/100 errors=0 elapsed_ms=1014.6'),3
FANOUT,K100,Exception('timeout_or_slo_miss: completed=100/100 errors=0 elapsed_ms=1359.5'),1
FANOUT,K100,Exception('timeout_or_slo_miss: completed=100/100 errors=0 elapsed_ms=1419.8'),1
FANOUT,K100,Exception('timeout_or_slo_miss: completed=100/100 errors=0 elapsed_ms=1107.6'),1
FANOUT,K100,Exception('timeout_or_slo_miss: completed=100/100 errors=0 elapsed_ms=1028.3'),1
FANOUT,K100,Exception('timeout_or_slo_miss: completed=100/100 errors=0 elapsed_ms=1093.1'),1
FANOUT,K100,Exception('timeout_or_slo_miss: completed=100/100 errors=0 elapsed_ms=1089.5'),1
FANOUT,K100,Exception('timeout_or_slo_miss: completed=100/100 errors=0 elapsed_ms=1011.4'),1
FANOUT,K100,Exception('timeout_or_slo_miss: completed=100/100 errors=0 elapsed_ms=1264.8'),1
FANOUT,K100,Exception('timeout_or_slo_miss: completed=100/100 errors=0 elapsed_ms=1045.2'),1
FANOUT,K100,Exception('timeout_or_slo_miss: completed=100/100 errors=0 elapsed_ms=1300.6'),1
FANOUT,K100,Exception('timeout_or_slo_miss: completed=100/100 errors=0 elapsed_ms=1236.5'),1
FANOUT,K100,Exception('timeout_or_slo_miss: completed=100/100 errors=0 elapsed_ms=1006.8'),1
FANOUT,K100,Exception('timeout_or_slo_miss: completed=100/100 errors=0 elapsed_ms=1065.1'),1
FANOUT,K100,Exception('timeout_or_slo_miss: completed=100/100 errors=0 elapsed_ms=1258.7'),1
FANOUT,K100,Exception('timeout_or_slo_miss: completed=100/100 errors=0 elapsed_ms=1008.4'),2
FANOUT,K100,Exception('timeout_or_slo_miss: completed=100/100 errors=0 elapsed_ms=1006.0'),2
FANOUT,K100,Exception('timeout_or_slo_miss: completed=100/100 errors=0 elapsed_ms=1024.3'),2
FANOUT,K100,Exception('timeout_or_slo_miss: completed=100/100 errors=0 elapsed_ms=1239.7'),1
FANOUT,K100,Exception('timeout_or_slo_miss: completed=100/100 errors=0 elapsed_ms=1033.1'),1
FANOUT,K100,Exception('timeout_or_slo_miss: completed=100/100 errors=0 elapsed_ms=1222.6'),1
FANOUT,K100,Exception('timeout_or_slo_miss: completed=100/100 errors=0 elapsed_ms=1626.2'),1
FANOUT,K100,Exception('timeout_or_slo_miss: completed=100/100 errors=0 elapsed_ms=1009.4'),2
FANOUT,K100,Exception('timeout_or_slo_miss: completed=100/100 errors=0 elapsed_ms=1066.5'),1
FANOUT,K100,Exception('timeout_or_slo_miss: completed=100/100 errors=0 elapsed_ms=1040.4'),1
FANOUT,K100,Exception('timeout_or_slo_miss: completed=100/100 errors=0 elapsed_ms=1471.6'),1
FANOUT,K100,Exception('timeout_or_slo_miss: completed=100/100 errors=0 elapsed_ms=1024.6'),1
FANOUT,K100,Exception('timeout_or_slo_miss: completed=100/100 errors=0 elapsed_ms=1122.3'),1
FANOUT,K100,Exception('timeout_or_slo_miss: completed=100/100 errors=0 elapsed_ms=1089.4'),1
FANOUT,K100,Exception('timeout_or_slo_miss: completed=100/100 errors=0 elapsed_ms=1082.3'),1
FANOUT,K100,Exception('timeout_or_slo_miss: completed=100/100 errors=0 elapsed_ms=1074.3'),1
FANOUT,K100,Exception('timeout_or_slo_miss: completed=100/100 errors=0 elapsed_ms=1453.2'),1
FANOUT,K100,Exception('timeout_or_slo_miss: completed=100/100 errors=0 elapsed_ms=1164.7'),1
FANOUT,K100,Exception('timeout_or_slo_miss: completed=100/100 errors=0 elapsed_ms=1425.6'),1
FANOUT,K100,Exception('timeout_or_slo_miss: completed=100/100 errors=0 elapsed_ms=1032.2'),3
FANOUT,K100,Exception('timeout_or_slo_miss: completed=100/100 errors=0 elapsed_ms=1050.2'),1
FANOUT,K100,Exception('timeout_or_slo_miss: completed=100/100 errors=0 elapsed_ms=1487.7'),2
FANOUT,K100,Exception('timeout_or_slo_miss: completed=100/100 errors=0 elapsed_ms=1030.4'),1
FANOUT,K100,Exception('timeout_or_slo_miss: completed=100/100 errors=0 elapsed_ms=1230.6'),1
FANOUT,K100,Exception('timeout_or_slo_miss: completed=100/100 errors=0 elapsed_ms=1263.1'),1
FANOUT,K100,Exception('timeout_or_slo_miss: completed=100/100 errors=0 elapsed_ms=1236.0'),1
FANOUT,K100,Exception('timeout_or_slo_miss: completed=100/100 errors=0 elapsed_ms=1319.5'),1
FANOUT,K100,Exception('timeout_or_slo_miss: completed=100/100 errors=0 elapsed_ms=1049.3'),3
FANOUT,K100,Exception('timeout_or_slo_miss: completed=100/100 errors=0 elapsed_ms=1132.6'),1
FANOUT,K100,Exception('timeout_or_slo_miss: completed=100/100 errors=0 elapsed_ms=1564.5'),1
FANOUT,K100,Exception('timeout_or_slo_miss: completed=100/100 errors=0 elapsed_ms=1104.8'),1
FANOUT,K100,Exception('timeout_or_slo_miss: completed=100/100 errors=0 elapsed_ms=1361.0'),1
FANOUT,K100,Exception('timeout_or_slo_miss: completed=100/100 errors=0 elapsed_ms=1270.7'),1
FANOUT,K100,Exception('timeout_or_slo_miss: completed=100/100 errors=0 elapsed_ms=1130.1'),1
FANOUT,K100,Exception('timeout_or_slo_miss: completed=100/100 errors=0 elapsed_ms=1340.6'),2
FANOUT,K100,Exception('timeout_or_slo_miss: completed=100/100 errors=0 elapsed_ms=1160.0'),1
FANOUT,K100,Exception('timeout_or_slo_miss: completed=100/100 errors=0 elapsed_ms=1128.6'),1
FANOUT,K100,Exception('timeout_or_slo_miss: completed=100/100 errors=0 elapsed_ms=1193.5'),2
FANOUT,K100,Exception('timeout_or_slo_miss: completed=100/100 errors=0 elapsed_ms=1066.0'),1
FANOUT,K100,Exception('timeout_or_slo_miss: completed=100/100 errors=0 elapsed_ms=1117.6'),1
FANOUT,K100,Exception('timeout_or_slo_miss: completed=100/100 errors=0 elapsed_ms=1095.6'),1
FANOUT,K100,Exception('timeout_or_slo_miss: completed=100/100 errors=0 elapsed_ms=1143.0'),1
FANOUT,K100,Exception('timeout_or_slo_miss: completed=100/100 errors=0 elapsed_ms=1085.4'),2
FANOUT,K100,Exception('timeout_or_slo_miss: completed=100/100 errors=0 elapsed_ms=1178.1'),1
FANOUT,K100,Exception('timeout_or_slo_miss: completed=100/100 errors=0 elapsed_ms=1095.9'),1
FANOUT,K100,Exception('timeout_or_slo_miss: completed=100/100 errors=0 elapsed_ms=1108.4'),1
FANOUT,K100,Exception('timeout_or_slo_miss: completed=100/100 errors=0 elapsed_ms=1040.1'),2
FANOUT,K100,Exception('timeout_or_slo_miss: completed=100/100 errors=0 elapsed_ms=1064.0'),3
FANOUT,K100,Exception('timeout_or_slo_miss: completed=100/100 errors=0 elapsed_ms=1274.3'),1
FANOUT,K100,Exception('timeout_or_slo_miss: completed=100/100 errors=0 elapsed_ms=1000.1'),2
FANOUT,K100,Exception('timeout_or_slo_miss: completed=100/100 errors=0 elapsed_ms=1174.2'),1
FANOUT,K100,Exception('timeout_or_slo_miss: completed=100/100 errors=0 elapsed_ms=1251.0'),1
FANOUT,K100,Exception('timeout_or_slo_miss: completed=100/100 errors=0 elapsed_ms=1063.8'),2
FANOUT,K100,Exception('timeout_or_slo_miss: completed=100/100 errors=0 elapsed_ms=1007.1'),1
FANOUT,K100,Exception('timeout_or_slo_miss: completed=100/100 errors=0 elapsed_ms=1103.7'),1
FANOUT,K100,Exception('timeout_or_slo_miss: completed=100/100 errors=0 elapsed_ms=1138.2'),1
FANOUT,K100,Exception('timeout_or_slo_miss: completed=100/100 errors=0 elapsed_ms=1406.8'),1
FANOUT,K100,Exception('timeout_or_slo_miss: completed=100/100 errors=0 elapsed_ms=1238.3'),1
FANOUT,K100,Exception('timeout_or_slo_miss: completed=100/100 errors=0 elapsed_ms=1092.8'),1
FANOUT,K100,Exception('timeout_or_slo_miss: completed=100/100 errors=0 elapsed_ms=1082.5'),1
FANOUT,K100,Exception('timeout_or_slo_miss: completed=100/100 errors=0 elapsed_ms=1004.0'),2
FANOUT,K100,Exception('timeout_or_slo_miss: completed=100/100 errors=0 elapsed_ms=1114.1'),2
FANOUT,K100,Exception('timeout_or_slo_miss: completed=100/100 errors=0 elapsed_ms=1044.6'),1
FANOUT,K100,Exception('timeout_or_slo_miss: completed=100/100 errors=0 elapsed_ms=1073.7'),2
FANOUT,K100,Exception('timeout_or_slo_miss: completed=100/100 errors=0 elapsed_ms=1112.4'),2
