Timestamp,User Count,Type,Name,Requests/s,Failures/s,50%,66%,75%,80%,90%,95%,98%,99%,99.9%,99.99%,100%,Total Request Count,Total Failure Count,Total Median Response Time,Total Average Response Time,Total Min Response Time,Total Max Response Time,Total Average Content Size
1774124371,0,,Aggregated,0.000000,0.000000,N/A,N/A,N/A,N/A,N/A,N/A,N/A,N/A,N/A,N/A,N/A,0,0,0,0.0,0,0,0
1774124372,10,,Aggregated,0.000000,0.000000,N/A,N/A,N/A,N/A,N/A,N/A,N/A,N/A,N/A,N/A,N/A,0,0,0,0.0,0,0,0
1774124373,10,,Aggregated,0.000000,0.000000,N/A,N/A,N/A,N/A,N/A,N/A,N/A,N/A,N/A,N/A,N/A,0,0,0,0.0,0,0,0
1774124374,10,,Aggregated,0.000000,0.000000,N/A,N/A,N/A,N/A,N/A,N/A,N/A,N/A,N/A,N/A,N/A,0,0,0,0.0,0,0,0
1774124375,10,,Aggregated,0.000000,0.000000,N/A,N/A,N/A,N/A,N/A,N/A,N/A,N/A,N/A,N/A,N/A,0,0,0,0.0,0,0,0
1774124376,10,,Aggregated,0.000000,0.000000,N/A,N/A,N/A,N/A,N/A,N/A,N/A,N/A,N/A,N/A,N/A,0,0,0,0.0,0,0,0
1774124377,10,,Aggregated,0.000000,0.000000,N/A,N/A,N/A,N/A,N/A,N/A,N/A,N/A,N/A,N/A,N/A,0,0,0,0.0,0,0,0
1774124378,10,,Aggregated,0.000000,0.000000,N/A,N/A,N/A,N/A,N/A,N/A,N/A,N/A,N/A,N/A,N/A,0,0,0,0.0,0,0,0
1774124379,10,,Aggregated,0.000000,0.000000,7900,7900,7900,7900,7900,7900,7900,7900,7900,7900,7900,1,1,7930.316140999821,7930.316140999821,7930.316140999821,7930.316140999821,0.0
1774124380,10,,Aggregated,0.000000,0.000000,8600,8600,8600,8600,8600,8600,8600,8600,8600,8600,8600,2,2,7930.316140999821,8256.48311399982,7930.316140999821,8582.65008699982,0.0
1774124381,10,,Aggregated,0.000000,0.000000,8600,8600,8600,8600,8600,8600,8600,8600,8600,8600,8600,2,2,7930.316140999821,8256.48311399982,7930.316140999821,8582.65008699982,0.0
1774124382,10,,Aggregated,0.000000,0.000000,8600,8600,8600,8600,8600,8600,8600,8600,8600,8600,8600,2,2,7930.316140999821,8256.48311399982,7930.316140999821,8582.65008699982,0.0
1774124383,10,,Aggregated,0.000000,0.000000,8600,8600,8600,8600,8600,8600,8600,8600,8600,8600,8600,2,2,7930.316140999821,8256.48311399982,7930.316140999821,8582.65008699982,0.0
1774124384,10,,Aggregated,0.200000,0.200000,7900,7900,8600,8600,8600,8600,8600,8600,8600,8600,8600,3,3,7900.0,6777.867531666743,3820.6363670005885,8582.65008699982,0.0
1774124385,10,,Aggregated,0.200000,0.200000,7900,7900,8600,8600,8600,8600,8600,8600,8600,8600,8600,3,3,7900.0,6777.867531666743,3820.6363670005885,8582.65008699982,0.0
1774124386,10,,Aggregated,0.200000,0.200000,7900,7900,8600,8600,8600,8600,8600,8600,8600,8600,8600,3,3,7900.0,6777.867531666743,3820.6363670005885,8582.65008699982,0.0
1774124387,10,,Aggregated,0.300000,0.300000,8600,8600,16000,16000,16000,16000,16000,16000,16000,16000,16000,6,6,7900.0,9849.63961133341,3820.6363670005885,15974.281126000278,0.0
1774124388,10,,Aggregated,0.300000,0.300000,16000,16000,17000,17000,17000,17000,17000,17000,17000,17000,17000,10,10,8600.0,11374.129922000067,3820.6363670005885,16968.316491000223,0.0
1774124389,10,,Aggregated,0.400000,0.400000,16000,17000,17000,17000,17000,18000,18000,18000,18000,18000,18000,12,12,16000.0,12399.398772166707,3820.6363670005885,17960.728533999827,0.0
1774124390,10,,Aggregated,0.400000,0.400000,16000,17000,17000,17000,17000,18000,18000,18000,18000,18000,18000,12,12,16000.0,12399.398772166707,3820.6363670005885,17960.728533999827,0.0
1774124391,10,,Aggregated,0.400000,0.400000,16000,17000,17000,17000,17000,18000,18000,18000,18000,18000,18000,12,12,16000.0,12399.398772166707,3820.6363670005885,17960.728533999827,0.0
1774124392,10,,Aggregated,1.100000,1.100000,16000,17000,17000,17000,18000,20000,20000,20000,20000,20000,20000,13,13,16000.0,12995.488746538496,3820.6363670005885,20148.568438999973,0.0
1774124393,10,,Aggregated,1.100000,1.100000,16000,17000,17000,17000,18000,20000,20000,20000,20000,20000,20000,14,14,16000.0,12360.982436857155,3820.6363670005885,20148.568438999973,0.0
1774124394,10,,Aggregated,1.100000,1.100000,16000,17000,17000,17000,18000,20000,20000,20000,20000,20000,20000,15,15,16000.0,11630.292169266735,1400.6284230008532,20148.568438999973,0.0
1774124395,10,,Aggregated,1.200000,1.200000,16000,17000,17000,17000,18000,20000,20000,20000,20000,20000,20000,16,16,8600.0,11411.133890625082,1400.6284230008532,20148.568438999973,0.0
1774124396,10,,Aggregated,1.200000,1.200000,16000,17000,17000,17000,18000,20000,20000,20000,20000,20000,20000,16,16,8600.0,11411.133890625082,1400.6284230008532,20148.568438999973,0.0
1774124397,10,,Aggregated,1.200000,1.200000,16000,17000,17000,17000,18000,20000,20000,20000,20000,20000,20000,16,16,8600.0,11411.133890625082,1400.6284230008532,20148.568438999973,0.0
1774124398,10,,Aggregated,1.300000,1.300000,9600,16000,17000,17000,18000,20000,20000,20000,20000,20000,20000,19,19,9600.0,10872.771846736885,1400.6284230008532,20148.568438999973,0.0
1774124399,10,,Aggregated,1.200000,1.200000,9600,16000,17000,17000,18000,20000,20000,20000,20000,20000,20000,20,20,8600.0,10510.22647670002,1400.6284230008532,20148.568438999973,0.0
1774124400,10,,Aggregated,1.200000,1.200000,9600,16000,17000,17000,17000,18000,20000,20000,20000,20000,20000,23,23,9600.0,10195.91012473911,1400.6284230008532,20148.568438999973,0.0
1774124401,10,,Aggregated,0.800000,0.800000,9600,12000,16000,17000,17000,18000,20000,20000,20000,20000,20000,26,26,8600.0,9583.24658869228,1124.2635190001238,20148.568438999973,0.0
1774124402,10,,Aggregated,1.100000,1.100000,8600,12000,16000,17000,17000,18000,20000,20000,20000,20000,20000,27,27,8600.0,9326.2908437407,1124.2635190001238,20148.568438999973,0.0
1774124403,10,,Aggregated,1.200000,1.200000,7900,11000,16000,16000,17000,18000,20000,20000,20000,20000,20000,31,31,7900.0,8475.413731741884,1124.2635190001238,20148.568438999973,0.0
1774124404,10,,Aggregated,1.300000,1.300000,7900,11000,16000,16000,17000,18000,20000,20000,20000,20000,20000,32,32,7000.0,8252.014710562464,1124.2635190001238,20148.568438999973,0.0
1774124405,10,,Aggregated,1.300000,1.300000,4700,9600,12000,16000,17000,18000,20000,20000,20000,20000,20000,39,39,4700.0,7587.697806615394,1123.3505680002054,20148.568438999973,0.0
1774124406,10,,Aggregated,1.300000,1.300000,5900,11000,14000,16000,17000,17000,20000,20000,20000,20000,20000,42,42,4700.0,7782.054825476215,1123.3505680002054,20148.568438999973,0.0
1774124407,10,,Aggregated,2.000000,2.000000,4100,9600,12000,16000,17000,17000,20000,20000,20000,20000,20000,46,46,3800.0,7280.4095996956985,1123.3505680002054,20148.568438999973,0.0
1774124408,10,,Aggregated,2.600000,2.600000,3800,8600,12000,16000,17000,17000,20000,20000,20000,20000,20000,49,49,3800.0,6962.917635857221,1123.3505680002054,20148.568438999973,0.0
1774124409,10,,Aggregated,2.700000,2.700000,3600,7900,11000,14000,17000,17000,18000,20000,20000,20000,20000,54,54,3500.0,6512.406891907478,1123.3505680002054,20148.568438999973,0.0
1774124410,10,,Aggregated,3.100000,3.100000,3500,7000,11000,12000,17000,17000,18000,20000,20000,20000,20000,57,57,3500.0,6240.245593403574,1123.3505680002054,20148.568438999973,0.0
1774124411,10,,Aggregated,3.100000,3.100000,3100,4700,9600,12000,17000,17000,18000,20000,20000,20000,20000,64,64,2600.0,5715.214183671946,1012.5962829997661,20148.568438999973,0.0
1774124412,10,,Aggregated,3.300000,3.300000,2200,4100,8100,11000,17000,17000,18000,20000,20000,20000,20000,69,69,2200.0,5456.940859289913,1012.5962829997661,20148.568438999973,0.0
1774124413,10,,Aggregated,3.600000,3.600000,2000,3800,7900,11000,16000,17000,18000,20000,20000,20000,20000,74,74,2000.0,5166.411189986553,1012.5962829997661,20148.568438999973,0.0
1774124414,10,,Aggregated,3.900000,3.900000,1500,3600,6100,8600,16000,17000,18000,20000,20000,20000,20000,81,81,1500.0,4821.986183345735,1012.5962829997661,20148.568438999973,0.0
1774124415,10,,Aggregated,4.500000,4.500000,1500,3500,6100,8600,16000,17000,18000,20000,20000,20000,20000,86,86,1500.0,4703.553576755871,1012.5962829997661,20148.568438999973,0.0
1774124416,10,,Aggregated,4.600000,4.600000,1500,3500,5900,8100,16000,17000,18000,20000,20000,20000,20000,92,92,1500.0,4477.517727141353,1012.5962829997661,20148.568438999973,0.0
1774124417,10,,Aggregated,4.700000,4.700000,1500,3500,4300,7900,16000,17000,18000,20000,20000,20000,20000,97,97,1500.0,4342.066780866017,1012.5962829997661,20148.568438999973,0.0
1774124418,10,,Aggregated,4.700000,4.700000,1500,2600,4100,7000,14000,17000,17000,18000,20000,20000,20000,103,103,1500.0,4168.901680310721,1012.5962829997661,20148.568438999973,0.0
1774124419,10,,Aggregated,5.200000,5.200000,1400,2200,3800,6100,14000,17000,17000,18000,20000,20000,20000,109,109,1400.0,4013.4818319816936,1012.5962829997661,20148.568438999973,0.0
1774124420,10,,Aggregated,5.400000,5.400000,1400,2000,3700,5900,12000,17000,17000,18000,20000,20000,20000,114,114,1400.0,3894.5888037895247,1012.5962829997661,20148.568438999973,0.0
1774124421,10,,Aggregated,5.600000,5.600000,1400,2000,3600,4700,12000,17000,17000,18000,20000,20000,20000,118,118,1400.0,3803.1948701441074,1012.5962829997661,20148.568438999973,0.0
1774124422,10,,Aggregated,5.400000,5.400000,1400,2000,3600,4300,12000,17000,17000,18000,20000,20000,20000,127,127,1400.0,3664.4871974567427,1012.5962829997661,20148.568438999973,0.0
1774124423,10,,Aggregated,5.500000,5.500000,1300,1900,3500,4100,11000,17000,17000,18000,20000,20000,20000,132,132,1300.0,3569.8903807045945,1007.6078829997641,20148.568438999973,0.0
1774124424,10,,Aggregated,5.800000,5.800000,1300,1500,3500,4000,11000,17000,17000,18000,20000,20000,20000,136,136,1300.0,3499.5660129265125,1007.6078829997641,20148.568438999973,0.0
1774124425,10,,Aggregated,5.600000,5.600000,1300,1500,3200,3800,11000,16000,17000,18000,20000,20000,20000,142,142,1300.0,3403.9789150634133,1007.6078829997641,20148.568438999973,0.0
1774124426,10,,Aggregated,5.700000,5.700000,1300,1500,3100,3800,11000,16000,17000,18000,20000,20000,20000,149,149,1300.0,3314.6144427449954,1007.6078829997641,20148.568438999973,0.0
1774124427,10,,Aggregated,5.700000,5.700000,1300,1500,3200,3800,9600,16000,17000,18000,20000,20000,20000,152,152,1300.0,3297.4475477302876,1007.6078829997641,20148.568438999973,0.0
1774124428,10,,Aggregated,5.500000,5.500000,1300,1500,2600,3700,9600,16000,17000,18000,20000,20000,20000,159,159,1300.0,3205.8078782390207,1007.6078829997641,20148.568438999973,0.0
1774124429,10,,Aggregated,5.500000,5.500000,1300,1500,2200,3500,9400,16000,17000,18000,20000,20000,20000,166,166,1300.0,3134.1980759036437,1007.6078829997641,20148.568438999973,0.0
1774124430,10,,Aggregated,5.600000,5.600000,1300,1500,2200,3500,9400,16000,17000,18000,20000,20000,20000,170,170,1300.0,3098.4728127941544,1007.6078829997641,20148.568438999973,0.0
1774124431,10,,Aggregated,5.400000,5.400000,1300,1500,2000,3500,8600,16000,17000,18000,20000,20000,20000,177,177,1300.0,3025.3858214237634,1007.6078829997641,20148.568438999973,0.0
1774124432,10,,Aggregated,5.700000,5.700000,1300,1500,2000,3400,8100,16000,17000,18000,20000,20000,20000,181,181,1300.0,2990.985322005551,1007.6078829997641,20148.568438999973,0.0
1774124433,10,,Aggregated,5.600000,5.600000,1300,1500,2000,3200,8100,16000,17000,18000,20000,20000,20000,187,187,1300.0,2935.79882856686,1007.6078829997641,20148.568438999973,0.0
1774124434,10,,Aggregated,5.600000,5.600000,1300,1500,2000,3100,7900,16000,17000,18000,20000,20000,20000,193,193,1300.0,2888.5633934611556,1007.6078829997641,20148.568438999973,0.0
1774124435,10,,Aggregated,5.600000,5.600000,1300,1500,2000,3000,7900,16000,17000,18000,20000,20000,20000,197,197,1300.0,2855.3511013908774,1007.6078829997641,20148.568438999973,0.0
1774124436,10,,Aggregated,5.400000,5.400000,1300,1400,1900,3000,7000,14000,17000,17000,20000,20000,20000,205,205,1300.0,2812.033934131719,1007.6078829997641,20148.568438999973,0.0
1774124437,10,,Aggregated,5.600000,5.600000,1300,1400,1900,2600,6100,14000,17000,17000,20000,20000,20000,211,211,1300.0,2771.3641684597314,1007.6078829997641,20148.568438999973,0.0
1774124438,10,,Aggregated,5.700000,5.700000,1300,1400,1900,2600,6100,14000,17000,17000,20000,20000,20000,216,216,1300.0,2740.739333143533,1007.6078829997641,20148.568438999973,0.0
1774124439,10,,Aggregated,5.600000,5.600000,1300,1400,1500,2500,5900,12000,17000,17000,20000,20000,20000,223,223,1300.0,2694.300098287013,1007.6078829997641,20148.568438999973,0.0
1774124440,10,,Aggregated,5.600000,5.600000,1300,1400,1500,2400,5900,12000,17000,17000,20000,20000,20000,227,227,1300.0,2673.194657035257,1007.6078829997641,20148.568438999973,0.0
1774124441,10,,Aggregated,5.800000,5.800000,1300,1400,1500,2400,5000,12000,17000,17000,20000,20000,20000,233,233,1300.0,2635.516000652379,1007.6078829997641,20148.568438999973,0.0
1774124442,10,,Aggregated,5.600000,5.600000,1300,1400,1500,2400,5000,12000,17000,17000,20000,20000,20000,239,239,1300.0,2598.7873551339053,1007.6078829997641,20148.568438999973,0.0
1774124443,10,,Aggregated,6.000000,6.000000,1300,1400,1500,2200,5000,12000,17000,17000,20000,20000,20000,243,243,1300.0,2576.013086987665,1007.6078829997641,20148.568438999973,0.0
1774124444,10,,Aggregated,5.400000,5.400000,1300,1400,1500,2400,5000,12000,17000,17000,20000,20000,20000,250,250,1300.0,2564.120217832008,1007.6078829997641,20148.568438999973,0.0
1774124445,10,,Aggregated,5.600000,5.600000,1300,1400,1500,2200,5000,12000,17000,17000,20000,20000,20000,256,256,1300.0,2531.5236546757938,1007.6078829997641,20148.568438999973,0.0
1774124446,10,,Aggregated,5.600000,5.600000,1300,1400,1500,2000,4700,11000,17000,17000,20000,20000,20000,261,261,1300.0,2506.379695455956,1007.6078829997641,20148.568438999973,0.0
1774124447,10,,Aggregated,5.600000,5.600000,1200,1400,1500,2000,4700,11000,17000,17000,20000,20000,20000,267,267,1200.0,2483.4373712546976,1007.6078829997641,20148.568438999973,0.0
1774124448,10,,Aggregated,5.700000,5.700000,1200,1400,1500,2000,4600,11000,17000,17000,20000,20000,20000,273,273,1200.0,2456.0753036300466,1007.6078829997641,20148.568438999973,0.0
1774124449,10,,Aggregated,5.600000,5.600000,1200,1400,1500,2000,4600,11000,17000,17000,20000,20000,20000,277,277,1200.0,2451.2578899891782,1007.6078829997641,20148.568438999973,0.0
1774124450,10,,Aggregated,5.500000,5.500000,1300,1400,1500,2000,4500,11000,17000,17000,20000,20000,20000,283,283,1300.0,2426.484082003542,1007.6078829997641,20148.568438999973,0.0
1774124451,10,,Aggregated,5.600000,5.600000,1200,1400,1500,2000,4500,11000,17000,17000,20000,20000,20000,290,290,1200.0,2401.545764244837,1007.6078829997641,20148.568438999973,0.0
1774124452,10,,Aggregated,5.500000,5.500000,1200,1300,1500,2000,4300,11000,17000,17000,20000,20000,20000,294,294,1200.0,2385.041185346946,1007.6078829997641,20148.568438999973,0.0
1774124453,10,,Aggregated,5.500000,5.500000,1200,1300,1500,1900,4300,11000,17000,17000,20000,20000,20000,299,299,1200.0,2364.744364334453,1007.6078829997641,20148.568438999973,0.0
1774124454,10,,Aggregated,5.800000,5.800000,1200,1300,1500,1600,4100,9600,17000,17000,20000,20000,20000,307,307,1200.0,2340.1906284364854,1007.6078829997641,20148.568438999973,0.0
1774124455,10,,Aggregated,5.700000,5.700000,1200,1300,1500,1600,4100,9600,17000,17000,20000,20000,20000,312,312,1200.0,2334.7984600769287,1007.6078829997641,20148.568438999973,0.0
1774124456,10,,Aggregated,5.800000,5.800000,1200,1300,1500,1500,4100,9600,17000,17000,20000,20000,20000,316,316,1200.0,2320.8891844588693,1007.6078829997641,20148.568438999973,0.0
1774124457,10,,Aggregated,5.700000,5.700000,1200,1300,1500,1500,4000,9400,17000,17000,20000,20000,20000,325,325,1200.0,2294.5639998123156,1004.693020000559,20148.568438999973,0.0
1774124458,10,,Aggregated,5.500000,5.500000,1200,1300,1500,1500,4000,9400,17000,17000,20000,20000,20000,329,329,1200.0,2286.696489082076,1004.693020000559,20148.568438999973,0.0
1774124459,10,,Aggregated,5.700000,5.700000,1200,1300,1500,1500,3800,9400,17000,17000,20000,20000,20000,336,336,1200.0,2266.532855610126,1004.693020000559,20148.568438999973,0.0
1774124460,10,,Aggregated,5.700000,5.700000,1200,1300,1500,1500,3800,8600,17000,17000,20000,20000,20000,341,341,1200.0,2250.5085840674546,1004.693020000559,20148.568438999973,0.0
1774124461,10,,Aggregated,5.700000,5.700000,1200,1300,1500,1500,3800,8600,17000,17000,20000,20000,20000,347,347,1200.0,2232.2213715273842,1004.693020000559,20148.568438999973,0.0
1774124462,10,,Aggregated,5.900000,5.900000,1200,1300,1500,1500,3800,8600,16000,17000,20000,20000,20000,352,352,1200.0,2225.901764707394,1004.693020000559,20148.568438999973,0.0
1774124463,10,,Aggregated,5.600000,5.600000,1200,1300,1500,1500,3800,8600,16000,17000,20000,20000,20000,359,359,1200.0,2210.497650963794,1004.693020000559,20148.568438999973,0.0
1774124464,10,,Aggregated,5.700000,5.700000,1200,1300,1500,1500,3700,8100,16000,17000,20000,20000,20000,364,364,1200.0,2196.2702441071497,1004.693020000559,20148.568438999973,0.0
1774124465,10,,Aggregated,5.800000,5.800000,1200,1300,1500,1500,3700,8100,16000,17000,20000,20000,20000,370,370,1200.0,2182.7055989594683,1004.693020000559,20148.568438999973,0.0
1774124466,10,,Aggregated,5.800000,5.800000,1200,1300,1500,1500,3600,8100,16000,17000,20000,20000,20000,376,376,1200.0,2168.2084993590497,1004.693020000559,20148.568438999973,0.0
1774124467,10,,Aggregated,5.600000,5.600000,1200,1300,1500,1500,3600,7900,16000,17000,20000,20000,20000,382,382,1200.0,2158.9954556282764,1004.693020000559,20148.568438999973,0.0
1774124468,10,,Aggregated,5.800000,5.800000,1200,1300,1500,1500,3600,7900,16000,17000,20000,20000,20000,387,387,1200.0,2152.0573917519446,1004.693020000559,20148.568438999973,0.0
1774124469,10,,Aggregated,5.900000,5.900000,1200,1300,1500,1500,3500,7900,16000,17000,20000,20000,20000,392,392,1200.0,2141.586827586742,1004.693020000559,20148.568438999973,0.0
1774124470,10,,Aggregated,5.700000,5.700000,1200,1300,1500,1500,3500,7900,16000,17000,20000,20000,20000,397,397,1200.0,2130.134017617138,1004.693020000559,20148.568438999973,0.0
1774124471,10,,Aggregated,5.700000,5.700000,1200,1300,1500,1500,3500,7000,16000,17000,20000,20000,20000,403,403,1200.0,2122.402912037229,1004.693020000559,20148.568438999973,0.0
1774124472,10,,Aggregated,5.600000,5.600000,1200,1300,1500,1500,3500,7000,16000,17000,20000,20000,20000,410,410,1200.0,2113.7991456707387,1004.693020000559,20148.568438999973,0.0
1774124473,10,,Aggregated,5.600000,5.600000,1200,1300,1500,1500,3500,7000,16000,17000,20000,20000,20000,414,414,1200.0,2105.2586999420314,1004.693020000559,20148.568438999973,0.0
1774124474,10,,Aggregated,5.500000,5.500000,1200,1300,1500,1500,3500,7000,16000,17000,20000,20000,20000,420,420,1200.0,2100.2721243714323,1004.693020000559,20148.568438999973,0.0
1774124475,10,,Aggregated,5.500000,5.500000,1200,1300,1500,1500,3500,6100,16000,17000,20000,20000,20000,426,426,1200.0,2087.733921812213,1004.693020000559,20148.568438999973,0.0
1774124476,10,,Aggregated,5.500000,5.500000,1200,1300,1500,1500,3500,6100,16000,17000,20000,20000,20000,431,431,1200.0,2084.4169715150833,1004.693020000559,20148.568438999973,0.0
1774124477,10,,Aggregated,5.700000,5.700000,1200,1300,1500,1500,3500,6100,16000,17000,20000,20000,20000,438,438,1200.0,2070.76020749772,1004.693020000559,20148.568438999973,0.0
1774124478,10,,Aggregated,5.500000,5.500000,1200,1300,1500,1500,3500,5900,16000,17000,20000,20000,20000,443,443,1200.0,2065.502599568846,1004.693020000559,20148.568438999973,0.0
1774124479,10,,Aggregated,5.400000,5.400000,1200,1300,1500,1500,3500,5900,16000,17000,20000,20000,20000,448,448,1200.0,2059.2099140245523,1004.693020000559,20148.568438999973,0.0
1774124480,10,,Aggregated,5.600000,5.600000,1200,1300,1500,1500,3400,5900,16000,17000,20000,20000,20000,454,454,1200.0,2047.684204533036,1004.693020000559,20148.568438999973,0.0
1774124481,10,,Aggregated,5.500000,5.500000,1200,1300,1500,1500,3400,5900,16000,17000,20000,20000,20000,459,459,1200.0,2038.3647181503247,1004.693020000559,20148.568438999973,0.0
1774124482,10,,Aggregated,5.600000,5.600000,1200,1300,1500,1500,3400,5700,16000,17000,20000,20000,20000,464,464,1200.0,2030.4774987047394,1004.693020000559,20148.568438999973,0.0
1774124483,10,,Aggregated,5.800000,5.800000,1200,1300,1500,1500,3400,5700,16000,17000,20000,20000,20000,471,471,1200.0,2028.99232267091,1004.693020000559,20148.568438999973,0.0
1774124484,10,,Aggregated,5.700000,5.700000,1200,1300,1500,1500,3400,5700,16000,17000,20000,20000,20000,474,474,1200.0,2024.2138563649746,1004.693020000559,20148.568438999973,0.0
1774124485,10,,Aggregated,5.500000,5.500000,1200,1300,1500,1500,3300,5000,16000,17000,20000,20000,20000,482,482,1200.0,2011.7455247821563,1004.693020000559,20148.568438999973,0.0
1774124486,10,,Aggregated,5.600000,5.600000,1200,1300,1500,1500,3300,5000,16000,17000,20000,20000,20000,487,487,1200.0,2007.490269061603,1004.693020000559,20148.568438999973,0.0
1774124487,10,,Aggregated,5.500000,5.500000,1200,1300,1500,1500,3200,5000,16000,17000,20000,20000,20000,491,491,1200.0,2001.7152267169076,1004.693020000559,20148.568438999973,0.0
1774124488,10,,Aggregated,5.600000,5.600000,1200,1300,1500,1500,3300,5000,16000,17000,20000,20000,20000,500,500,1200.0,1995.8928888700023,1004.693020000559,20148.568438999973,0.0
1774124489,10,,Aggregated,5.600000,5.600000,1200,1300,1500,1500,3200,5000,14000,17000,20000,20000,20000,503,503,1200.0,1993.3516692504995,1004.693020000559,20148.568438999973,0.0
1774124490,10,,Aggregated,5.300000,5.300000,1200,1300,1500,1500,3200,5000,14000,17000,20000,20000,20000,509,509,1200.0,1985.7068192475465,1004.693020000559,20148.568438999973,0.0
1774124491,10,,Aggregated,5.800000,5.800000,1200,1300,1500,1500,3200,5000,14000,17000,20000,20000,20000,516,516,1200.0,1977.3464870872137,1004.693020000559,20148.568438999973,0.0
1774124492,10,,Aggregated,5.400000,5.400000,1200,1300,1500,1500,3200,5000,14000,17000,20000,20000,20000,519,519,1200.0,1974.232046371873,1004.693020000559,20148.568438999973,0.0
1774124493,10,,Aggregated,5.300000,5.300000,1200,1300,1500,1500,3200,5000,14000,17000,20000,20000,20000,526,526,1200.0,1970.4923908384108,1004.693020000559,20148.568438999973,0.0
1774124494,10,,Aggregated,5.600000,5.600000,1200,1300,1500,1500,3200,5000,14000,17000,20000,20000,20000,533,533,1200.0,1961.2332194146434,1004.693020000559,20148.568438999973,0.0
1774124495,10,,Aggregated,5.400000,5.400000,1200,1300,1500,1500,3200,5000,14000,17000,20000,20000,20000,536,536,1200.0,1957.707206613815,1004.693020000559,20148.568438999973,0.0
1774124496,10,,Aggregated,5.500000,5.500000,1200,1300,1500,1500,3100,4700,14000,17000,20000,20000,20000,542,542,1200.0,1949.2925236752885,1004.693020000559,20148.568438999973,0.0
1774124497,10,,Aggregated,5.700000,5.700000,1200,1300,1500,1500,3100,4700,12000,17000,20000,20000,20000,551,551,1200.0,1945.412127362988,1004.693020000559,20148.568438999973,0.0
1774124498,10,,Aggregated,5.600000,5.600000,1200,1300,1500,1500,3100,4700,12000,17000,20000,20000,20000,554,554,1200.0,1941.7760041263653,1004.693020000559,20148.568438999973,0.0
1774124499,10,,Aggregated,5.400000,5.400000,1200,1300,1500,1500,3100,4700,12000,17000,20000,20000,20000,560,560,1200.0,1934.1728776285836,1004.693020000559,20148.568438999973,0.0
1774124501,10,,Aggregated,6.000000,6.000000,1200,1300,1500,1500,3100,4700,12000,17000,20000,20000,20000,566,566,1200.0,1929.0234779558439,1004.693020000559,20148.568438999973,0.0
1774124502,10,,Aggregated,5.300000,5.300000,1200,1300,1500,1500,3000,4700,12000,17000,20000,20000,20000,571,571,1200.0,1923.2043623923068,1004.693020000559,20148.568438999973,0.0
1774124503,10,,Aggregated,5.700000,5.700000,1200,1300,1400,1500,3000,4700,12000,17000,20000,20000,20000,576,576,1200.0,1916.848521432304,1004.693020000559,20148.568438999973,0.0
1774124504,10,,Aggregated,5.700000,5.700000,1200,1300,1500,1500,3000,4700,12000,17000,20000,20000,20000,584,584,1200.0,1917.6818174469295,1004.693020000559,20148.568438999973,0.0
1774124505,10,,Aggregated,5.500000,5.500000,1200,1300,1500,1500,3000,4700,12000,17000,20000,20000,20000,587,587,1200.0,1913.84298368144,1004.693020000559,20148.568438999973,0.0
1774124506,10,,Aggregated,5.700000,5.700000,1200,1300,1500,1500,3000,4700,12000,17000,20000,20000,20000,595,595,1200.0,1905.9985643176553,1004.693020000559,20148.568438999973,0.0
1774124507,10,,Aggregated,5.800000,5.800000,1200,1300,1400,1500,3000,4700,12000,17000,20000,20000,20000,600,600,1200.0,1899.7939692666755,1004.693020000559,20148.568438999973,0.0
1774124508,10,,Aggregated,5.400000,5.400000,1200,1300,1400,1500,2900,4600,12000,17000,20000,20000,20000,605,605,1200.0,1894.2164745487692,1004.693020000559,20148.568438999973,0.0
1774124509,10,,Aggregated,5.700000,5.700000,1200,1300,1400,1500,2900,4700,12000,17000,20000,20000,20000,612,612,1200.0,1894.5552450637344,1004.693020000559,20148.568438999973,0.0
1774124510,10,,Aggregated,5.800000,5.800000,1200,1300,1400,1500,2900,4700,12000,17000,20000,20000,20000,617,617,1200.0,1889.3959074311285,1004.693020000559,20148.568438999973,0.0
1774124511,10,,Aggregated,5.400000,5.400000,1200,1300,1400,1500,2800,4600,12000,17000,20000,20000,20000,622,622,1200.0,1883.7235298424512,1004.693020000559,20148.568438999973,0.0
1774124512,10,,Aggregated,5.800000,5.800000,1200,1300,1400,1500,2900,4600,12000,17000,20000,20000,20000,628,628,1200.0,1880.9311811528735,1004.693020000559,20148.568438999973,0.0
1774124513,10,,Aggregated,5.700000,5.700000,1200,1300,1400,1500,2900,4600,12000,17000,20000,20000,20000,634,634,1200.0,1878.039379727137,1004.693020000559,20148.568438999973,0.0
1774124514,10,,Aggregated,5.700000,5.700000,1200,1300,1400,1500,2900,4600,12000,17000,20000,20000,20000,640,640,1200.0,1872.1956013062572,1004.693020000559,20148.568438999973,0.0
1774124515,10,,Aggregated,5.800000,5.800000,1200,1300,1400,1500,2800,4600,12000,17000,20000,20000,20000,645,645,1200.0,1867.0744359100854,1004.693020000559,20148.568438999973,0.0
1774124516,10,,Aggregated,5.500000,5.500000,1200,1300,1400,1500,2900,4600,12000,17000,20000,20000,20000,650,650,1200.0,1865.7469904184704,1004.693020000559,20148.568438999973,0.0
1774124517,10,,Aggregated,5.500000,5.500000,1200,1300,1400,1500,2900,4600,11000,17000,20000,20000,20000,656,656,1200.0,1864.758473100619,1004.693020000559,20148.568438999973,0.0
1774124518,10,,Aggregated,5.700000,5.700000,1200,1300,1400,1500,2800,4500,11000,17000,20000,20000,20000,661,661,1200.0,1859.845559789722,1004.693020000559,20148.568438999973,0.0
1774124519,10,,Aggregated,5.400000,5.400000,1200,1300,1400,1500,2800,4500,11000,17000,20000,20000,20000,666,666,1200.0,1858.1666791021098,1004.693020000559,20148.568438999973,0.0
1774124520,10,,Aggregated,5.600000,5.600000,1200,1300,1400,1500,2800,4500,11000,17000,20000,20000,20000,673,673,1200.0,1851.9129147488961,1004.693020000559,20148.568438999973,0.0
1774124521,10,,Aggregated,5.400000,5.400000,1200,1300,1400,1500,2800,4500,11000,17000,20000,20000,20000,679,679,1200.0,1849.8985324094376,1004.693020000559,20148.568438999973,0.0
1774124522,10,,Aggregated,5.500000,5.500000,1200,1300,1400,1500,2800,4300,11000,17000,20000,20000,20000,684,684,1200.0,1848.1440774166772,1004.693020000559,20148.568438999973,0.0
1774124523,10,,Aggregated,5.500000,5.500000,1200,1300,1400,1500,2800,4300,11000,17000,20000,20000,20000,691,691,1200.0,1841.8107174804748,1004.693020000559,20148.568438999973,0.0
1774124524,10,,Aggregated,5.400000,5.400000,1200,1300,1400,1500,2800,4300,11000,17000,20000,20000,20000,695,695,1200.0,1838.0686454287904,1004.693020000559,20148.568438999973,0.0
1774124525,10,,Aggregated,5.400000,5.400000,1200,1300,1400,1500,2800,4300,11000,17000,20000,20000,20000,700,700,1200.0,1836.372860188586,1004.693020000559,20148.568438999973,0.0
1774124526,10,,Aggregated,5.300000,5.300000,1200,1300,1400,1500,2800,4300,11000,16000,20000,20000,20000,708,708,1200.0,1834.3652800762852,1004.693020000559,20148.568438999973,0.0
1774124527,10,,Aggregated,5.600000,5.600000,1200,1300,1400,1500,2800,4300,11000,16000,20000,20000,20000,711,711,1200.0,1832.197579887497,1004.693020000559,20148.568438999973,0.0
1774124528,10,,Aggregated,5.600000,5.600000,1200,1300,1400,1500,2800,4300,11000,16000,20000,20000,20000,718,718,1200.0,1827.9159496462555,1004.693020000559,20148.568438999973,0.0
1774124529,10,,Aggregated,5.400000,5.400000,1200,1300,1400,1500,2800,4300,11000,16000,20000,20000,20000,723,723,1200.0,1823.9736077704172,1004.693020000559,20148.568438999973,0.0
1774124530,10,,Aggregated,5.400000,5.400000,1200,1300,1400,1500,2800,4300,11000,16000,20000,20000,20000,728,728,1200.0,1824.381300490401,1004.693020000559,20148.568438999973,0.0
1774124531,10,,Aggregated,5.700000,5.700000,1200,1300,1400,1500,2800,4300,11000,16000,20000,20000,20000,734,734,1200.0,1819.827326092662,1004.693020000559,20148.568438999973,0.0
1774124532,10,,Aggregated,5.600000,5.600000,1200,1300,1400,1500,2800,4300,11000,16000,20000,20000,20000,738,738,1200.0,1817.3574852168201,1004.693020000559,20148.568438999973,0.0
1774124533,10,,Aggregated,5.600000,5.600000,1200,1300,1400,1500,2800,4300,11000,16000,20000,20000,20000,745,745,1200.0,1813.9603360094145,1004.693020000559,20148.568438999973,0.0
1774124534,10,,Aggregated,5.500000,5.500000,1200,1300,1400,1500,2800,4300,9600,16000,20000,20000,20000,751,751,1200.0,1808.9103614793787,1002.9904470002293,20148.568438999973,0.0
1774124535,10,,Aggregated,5.500000,5.500000,1200,1300,1400,1500,2800,4300,9600,16000,20000,20000,20000,756,756,1200.0,1809.9830376018715,1002.9904470002293,20148.568438999973,0.0
1774124536,10,,Aggregated,5.800000,5.800000,1200,1300,1400,1500,2800,4300,9600,16000,20000,20000,20000,762,762,1200.0,1807.2517856666855,1002.9904470002293,20148.568438999973,0.0
1774124537,10,,Aggregated,5.800000,5.800000,1200,1300,1400,1500,2800,4300,9600,16000,20000,20000,20000,765,765,1200.0,1804.9995541817177,1002.9904470002293,20148.568438999973,0.0
1774124538,10,,Aggregated,5.500000,5.500000,1200,1300,1400,1500,2700,4300,9600,16000,20000,20000,20000,773,773,1200.0,1800.0278609456834,1002.9904470002293,20148.568438999973,0.0
1774124539,10,,Aggregated,5.500000,5.500000,1200,1300,1400,1500,2800,4300,9600,16000,20000,20000,20000,779,779,1200.0,1800.463640948668,1002.9904470002293,20148.568438999973,0.0
1774124540,10,,Aggregated,5.200000,5.200000,1200,1300,1400,1500,2800,4200,9600,16000,20000,20000,20000,784,784,1200.0,1797.046639969404,1002.9904470002293,20148.568438999973,0.0
1774124541,10,,Aggregated,5.700000,5.700000,1200,1300,1400,1500,2800,4200,9600,16000,20000,20000,20000,788,788,1200.0,1794.3570365165142,1002.9904470002293,20148.568438999973,0.0
1774124542,10,,Aggregated,5.500000,5.500000,1200,1300,1400,1500,2700,4200,9600,16000,20000,20000,20000,795,795,1200.0,1791.1095665383825,1002.9904470002293,20148.568438999973,0.0
1774124543,10,,Aggregated,5.300000,5.300000,1200,1300,1400,1500,2700,4200,9400,16000,20000,20000,20000,802,802,1200.0,1789.2440775848047,1002.9904470002293,20148.568438999973,0.0
1774124544,10,,Aggregated,5.700000,5.700000,1200,1300,1400,1500,2700,4200,9400,16000,20000,20000,20000,806,806,1200.0,1786.3759748771868,1002.9904470002293,20148.568438999973,0.0
1774124545,10,,Aggregated,5.400000,5.400000,1200,1300,1400,1500,2700,4200,9400,16000,20000,20000,20000,812,812,1200.0,1784.0555238916402,1002.9904470002293,20148.568438999973,0.0
1774124546,10,,Aggregated,5.500000,5.500000,1200,1300,1400,1500,2700,4200,9400,16000,20000,20000,20000,817,817,1200.0,1781.1618115214321,1002.9904470002293,20148.568438999973,0.0
1774124547,10,,Aggregated,5.500000,5.500000,1200,1300,1400,1500,2700,4100,9400,16000,20000,20000,20000,822,822,1200.0,1777.5372873394278,1002.9904470002293,20148.568438999973,0.0
1774124548,10,,Aggregated,5.500000,5.500000,1200,1300,1400,1500,2800,4200,9400,16000,20000,20000,20000,830,830,1200.0,1778.3094115060373,1002.9904470002293,20148.568438999973,0.0
1774124549,10,,Aggregated,5.500000,5.500000,1200,1300,1400,1500,2700,4200,9400,16000,20000,20000,20000,836,836,1200.0,1774.0130802799183,1002.9904470002293,20148.568438999973,0.0
1774124550,10,,Aggregated,5.600000,5.600000,1200,1300,1400,1500,2700,4200,9400,16000,20000,20000,20000,840,840,1200.0,1770.9496005202518,1002.9904470002293,20148.568438999973,0.0
1774124551,10,,Aggregated,5.400000,5.400000,1200,1300,1400,1500,2700,4100,9400,16000,20000,20000,20000,847,847,1200.0,1768.2623379279944,1002.9904470002293,20148.568438999973,0.0
1774124552,10,,Aggregated,5.600000,5.600000,1200,1300,1400,1500,2700,4100,8600,16000,20000,20000,20000,851,851,1200.0,1766.1027446216335,1002.9904470002293,20148.568438999973,0.0
1774124553,10,,Aggregated,5.600000,5.600000,1200,1300,1400,1500,2700,4100,8600,16000,20000,20000,20000,855,855,1200.0,1764.0290711731104,1002.9904470002293,20148.568438999973,0.0
1774124554,10,,Aggregated,5.600000,5.600000,1200,1300,1400,1500,2700,4100,8600,16000,20000,20000,20000,863,863,1200.0,1763.283510696419,1002.9904470002293,20148.568438999973,0.0
1774124555,10,,Aggregated,5.600000,5.600000,1200,1300,1400,1500,2700,4100,8600,16000,20000,20000,20000,868,868,1200.0,1762.1941748053114,1002.9904470002293,20148.568438999973,0.0
1774124556,10,,Aggregated,5.600000,5.600000,1200,1300,1400,1500,2700,4100,8600,16000,20000,20000,20000,874,874,1200.0,1758.5466761762134,1002.9904470002293,20148.568438999973,0.0
1774124557,10,,Aggregated,5.600000,5.600000,1200,1300,1400,1500,2700,4100,8600,16000,20000,20000,20000,879,879,1200.0,1755.6535876382393,1002.9904470002293,20148.568438999973,0.0
1774124558,10,,Aggregated,5.700000,5.700000,1200,1300,1400,1500,2700,4100,8600,16000,20000,20000,20000,885,885,1200.0,1756.9310714192247,1002.9904470002293,20148.568438999973,0.0
1774124559,10,,Aggregated,5.500000,5.500000,1200,1300,1400,1500,2700,4100,8600,16000,20000,20000,20000,892,892,1200.0,1752.8321821289385,1002.9904470002293,20148.568438999973,0.0
1774124560,10,,Aggregated,5.800000,5.800000,1200,1300,1400,1500,2700,4100,8600,16000,20000,20000,20000,896,896,1200.0,1750.6513921093904,1002.9904470002293,20148.568438999973,0.0
1774124561,10,,Aggregated,5.800000,5.800000,1200,1300,1400,1500,2700,4000,8100,16000,20000,20000,20000,902,902,1200.0,1748.3158048636506,1002.9904470002293,20148.568438999973,0.0
1774124562,10,,Aggregated,5.400000,5.400000,1200,1300,1400,1500,2700,4000,8100,16000,20000,20000,20000,910,910,1200.0,1746.2726141901255,1002.9904470002293,20148.568438999973,0.0
1774124563,10,,Aggregated,5.800000,5.800000,1200,1300,1400,1500,2700,4000,8100,16000,20000,20000,20000,914,914,1200.0,1743.8510484179585,1002.9904470002293,20148.568438999973,0.0
1774124564,10,,Aggregated,5.600000,5.600000,1200,1300,1400,1500,2700,4000,8100,16000,20000,20000,20000,920,920,1200.0,1742.3985354174054,1002.9904470002293,20148.568438999973,0.0
1774124565,10,,Aggregated,5.600000,5.600000,1200,1300,1400,1500,2700,4000,8100,16000,20000,20000,20000,926,926,1200.0,1738.861995623124,1002.9904470002293,20148.568438999973,0.0
1774124566,10,,Aggregated,5.700000,5.700000,1200,1300,1400,1500,2700,4000,8100,16000,20000,20000,20000,932,932,1200.0,1738.4786126727608,1002.9904470002293,20148.568438999973,0.0
1774124567,10,,Aggregated,5.600000,5.600000,1200,1300,1400,1500,2700,4000,8100,16000,20000,20000,20000,938,938,1200.0,1736.36326859383,1002.9904470002293,20148.568438999973,0.0
1774124568,10,,Aggregated,5.600000,5.600000,1200,1300,1400,1500,2700,4000,8100,16000,20000,20000,20000,944,944,1200.0,1733.074179599591,1002.9904470002293,20148.568438999973,0.0
1774124569,10,,Aggregated,6.100000,6.100000,1200,1300,1400,1500,2700,4000,8100,16000,20000,20000,20000,947,947,1200.0,1731.6150438954737,1002.9904470002293,20148.568438999973,0.0
1774124570,10,,Aggregated,5.700000,5.700000,1200,1300,1400,1500,2700,4000,7900,16000,20000,20000,20000,953,953,1200.0,1731.132631331599,1002.9904470002293,20148.568438999973,0.0
1774124571,10,,Aggregated,5.500000,5.500000,1200,1300,1400,1500,2700,3900,7900,16000,20000,20000,20000,961,961,1200.0,1729.0770309844054,1002.9904470002293,20148.568438999973,0.0
1774124572,10,,Aggregated,5.900000,5.900000,1200,1300,1400,1500,2700,3900,7900,16000,20000,20000,20000,965,965,1200.0,1727.1921001461285,1002.9904470002293,20148.568438999973,0.0
1774124573,10,,Aggregated,5.700000,5.700000,1200,1300,1400,1500,2700,3900,7900,16000,20000,20000,20000,970,970,1200.0,1724.5861213598073,1002.9904470002293,20148.568438999973,0.0
1774124574,10,,Aggregated,5.700000,5.700000,1200,1300,1400,1500,2700,4000,7900,16000,20000,20000,20000,977,977,1200.0,1726.2417744247825,1002.9904470002293,20148.568438999973,0.0
1774124575,10,,Aggregated,5.600000,5.600000,1200,1300,1400,1500,2700,3900,7900,16000,20000,20000,20000,983,983,1200.0,1722.9234565991992,1002.9904470002293,20148.568438999973,0.0
1774124576,10,,Aggregated,5.600000,5.600000,1200,1300,1400,1500,2700,3900,7900,16000,20000,20000,20000,988,988,1200.0,1720.193997193332,1002.9904470002293,20148.568438999973,0.0
1774124577,10,,Aggregated,5.700000,5.700000,1200,1300,1400,1500,2700,3900,7900,16000,20000,20000,20000,993,993,1200.0,1717.386171321261,1002.9904470002293,20148.568438999973,0.0
1774124578,10,,Aggregated,5.600000,5.600000,1200,1300,1400,1500,2700,3900,7900,16000,20000,20000,20000,1000,1000,1200.0,1718.0223439360113,1002.9904470002293,20148.568438999973,0.0
1774124579,10,,Aggregated,5.400000,5.400000,1200,1300,1400,1500,2700,3800,7000,14000,18000,20000,20000,1006,1006,1200.0,1714.813871655081,1002.9904470002293,20148.568438999973,0.0
1774124580,10,,Aggregated,5.700000,5.700000,1200,1300,1400,1500,2700,3800,7000,14000,18000,20000,20000,1010,1010,1200.0,1712.6877717257532,1002.9904470002293,20148.568438999973,0.0
1774124581,10,,Aggregated,5.900000,5.900000,1200,1300,1400,1500,2700,3800,7000,14000,18000,20000,20000,1017,1017,1200.0,1711.266971144554,1002.9904470002293,20148.568438999973,0.0
1774124582,10,,Aggregated,5.500000,5.500000,1200,1300,1400,1500,2700,3800,7000,14000,18000,20000,20000,1021,1021,1200.0,1708.8793672448683,1002.9904470002293,20148.568438999973,0.0
1774124583,10,,Aggregated,5.500000,5.500000,1200,1300,1400,1500,2700,3800,7000,14000,18000,20000,20000,1029,1029,1200.0,1708.5951538221668,1002.9904470002293,20148.568438999973,0.0
1774124584,10,,Aggregated,5.700000,5.700000,1200,1300,1400,1500,2700,3800,7000,14000,18000,20000,20000,1034,1034,1200.0,1707.8046190164505,1002.9904470002293,20148.568438999973,0.0
1774124585,10,,Aggregated,5.800000,5.800000,1200,1300,1400,1500,2700,3800,7000,14000,18000,20000,20000,1039,1039,1200.0,1705.8494185851875,1002.9904470002293,20148.568438999973,0.0
1774124586,10,,Aggregated,5.600000,5.600000,1200,1300,1400,1500,2700,3800,7000,14000,18000,20000,20000,1045,1045,1200.0,1702.7519820028795,1002.9904470002293,20148.568438999973,0.0
1774124587,10,,Aggregated,5.700000,5.700000,1200,1300,1400,1500,2700,3800,7000,14000,18000,20000,20000,1050,1050,1200.0,1704.2363100761995,1002.9904470002293,20148.568438999973,0.0
1774124588,10,,Aggregated,5.600000,5.600000,1200,1300,1400,1500,2700,3800,6100,14000,18000,20000,20000,1057,1057,1200.0,1701.5308251816546,1002.9904470002293,20148.568438999973,0.0
1774124589,10,,Aggregated,5.700000,5.700000,1200,1300,1400,1500,2600,3800,6100,14000,18000,20000,20000,1063,1063,1200.0,1698.289885473197,1002.9904470002293,20148.568438999973,0.0
1774124590,10,,Aggregated,5.600000,5.600000,1200,1300,1400,1500,2600,3800,6100,14000,18000,20000,20000,1066,1066,1200.0,1697.4151803827476,1002.9904470002293,20148.568438999973,0.0
1774124591,10,,Aggregated,5.400000,5.400000,1200,1300,1400,1500,2700,3800,6100,14000,18000,20000,20000,1074,1074,1200.0,1697.676685473007,1002.9904470002293,20148.568438999973,0.0
1774124592,10,,Aggregated,5.600000,5.600000,1200,1300,1400,1500,2600,3700,6100,14000,18000,20000,20000,1081,1081,1200.0,1694.2710323987124,1002.9904470002293,20148.568438999973,0.0
1774124593,10,,Aggregated,5.800000,5.800000,1200,1300,1400,1500,2600,3700,6100,14000,18000,20000,20000,1084,1084,1200.0,1693.0705383505615,1002.9904470002293,20148.568438999973,0.0
1774124594,10,,Aggregated,5.600000,5.600000,1200,1300,1400,1500,2700,3700,6100,14000,18000,20000,20000,1091,1091,1200.0,1692.7507369770935,1002.9904470002293,20148.568438999973,0.0
1774124595,10,,Aggregated,5.600000,5.600000,1200,1300,1400,1500,2700,3700,6100,14000,18000,20000,20000,1097,1097,1200.0,1690.0809324211577,1002.9904470002293,20148.568438999973,0.0
1774124596,10,,Aggregated,5.700000,5.700000,1200,1300,1400,1500,2600,3700,5900,12000,18000,20000,20000,1102,1102,1200.0,1688.3114398720588,1002.9904470002293,20148.568438999973,0.0
1774124597,10,,Aggregated,5.600000,5.600000,1200,1300,1400,1500,2700,3700,5900,12000,18000,20000,20000,1108,1108,1200.0,1686.8676273492847,1002.9904470002293,20148.568438999973,0.0
1774124598,10,,Aggregated,5.700000,5.700000,1200,1300,1400,1500,2600,3700,5900,12000,18000,20000,20000,1113,1113,1200.0,1684.690197013483,1002.9904470002293,20148.568438999973,0.0
1774124599,10,,Aggregated,5.800000,5.800000,1200,1300,1400,1500,2600,3700,5900,12000,18000,20000,20000,1118,1118,1200.0,1682.6159648962498,1002.9904470002293,20148.568438999973,0.0
1774124600,10,,Aggregated,5.500000,5.500000,1200,1300,1400,1500,2700,3700,5900,12000,18000,20000,20000,1125,1125,1200.0,1684.5007818577844,1002.9904470002293,20148.568438999973,0.0
1774124601,10,,Aggregated,5.600000,5.600000,1200,1300,1400,1500,2600,3700,5900,12000,18000,20000,20000,1131,1131,1200.0,1681.5375501936408,1002.9904470002293,20148.568438999973,0.0
1774124602,10,,Aggregated,5.800000,5.800000,1200,1300,1400,1500,2600,3700,5900,12000,18000,20000,20000,1136,1136,1200.0,1679.646302338035,1002.9904470002293,20148.568438999973,0.0
1774124603,10,,Aggregated,5.700000,5.700000,1200,1300,1400,1500,2600,3700,5900,12000,18000,20000,20000,1142,1142,1200.0,1678.740685139237,1002.9904470002293,20148.568438999973,0.0
1774124604,10,,Aggregated,5.600000,5.600000,1200,1300,1400,1500,2600,3700,5900,12000,18000,20000,20000,1148,1148,1200.0,1678.8666148144669,1002.9904470002293,20148.568438999973,0.0
1774124605,10,,Aggregated,5.700000,5.700000,1200,1300,1400,1500,2600,3700,5700,12000,18000,20000,20000,1154,1154,1200.0,1677.1594719662125,1002.9904470002293,20148.568438999973,0.0
1774124606,10,,Aggregated,5.700000,5.700000,1200,1300,1400,1500,2600,3700,5700,12000,18000,20000,20000,1159,1159,1200.0,1675.341557685944,1002.9904470002293,20148.568438999973,0.0
1774124607,10,,Aggregated,5.700000,5.700000,1200,1300,1400,1500,2600,3700,5700,12000,18000,20000,20000,1165,1165,1200.0,1673.2928628884206,1002.9904470002293,20148.568438999973,0.0
1774124608,10,,Aggregated,5.800000,5.800000,1200,1300,1400,1500,2600,3700,5700,12000,18000,20000,20000,1169,1169,1200.0,1671.7452321907695,1002.9904470002293,20148.568438999973,0.0
1774124609,10,,Aggregated,5.500000,5.500000,1200,1300,1400,1500,2600,3700,5700,12000,18000,20000,20000,1177,1177,1200.0,1672.8877274265158,1002.9904470002293,20148.568438999973,0.0
1774124610,10,,Aggregated,5.700000,5.700000,1200,1300,1400,1500,2600,3700,5700,12000,18000,20000,20000,1182,1182,1200.0,1670.79904298224,1002.9904470002293,20148.568438999973,0.0
1774124611,10,,Aggregated,5.700000,5.700000,1200,1300,1400,1500,2600,3700,5700,12000,18000,20000,20000,1189,1189,1200.0,1669.0121768511412,1002.9904470002293,20148.568438999973,0.0
1774124612,10,,Aggregated,5.700000,5.700000,1200,1300,1400,1500,2600,3700,5700,12000,18000,20000,20000,1194,1194,1200.0,1666.758904054444,1002.9904470002293,20148.568438999973,0.0
1774124613,10,,Aggregated,5.500000,5.500000,1200,1300,1400,1500,2600,3700,5700,12000,18000,20000,20000,1200,1200,1200.0,1664.615553375005,1002.9904470002293,20148.568438999973,0.0
1774124614,10,,Aggregated,5.700000,5.700000,1200,1300,1400,1500,2600,3600,5200,12000,18000,20000,20000,1204,1204,1200.0,1662.8384045490081,1002.9904470002293,20148.568438999973,0.0
1774124615,10,,Aggregated,5.700000,5.700000,1200,1300,1400,1500,2600,3700,5200,12000,18000,20000,20000,1213,1213,1200.0,1664.4528986075902,1002.9904470002293,20148.568438999973,0.0
1774124616,10,,Aggregated,5.700000,5.700000,1200,1300,1400,1500,2600,3700,5200,12000,18000,20000,20000,1215,1215,1200.0,1663.6226896238736,1002.9904470002293,20148.568438999973,0.0
1774124617,10,,Aggregated,5.700000,5.700000,1200,1300,1400,1500,2600,3600,5200,12000,18000,20000,20000,1222,1222,1200.0,1661.3485642217724,1002.9904470002293,20148.568438999973,0.0
1774124618,10,,Aggregated,5.700000,5.700000,1200,1300,1400,1500,2600,3600,5200,12000,18000,20000,20000,1228,1228,1200.0,1660.439952539093,1002.9904470002293,20148.568438999973,0.0
1774124619,10,,Aggregated,5.600000,5.600000,1200,1300,1400,1500,2600,3600,5200,12000,18000,20000,20000,1233,1233,1200.0,1660.7666885790786,1002.9904470002293,20148.568438999973,0.0
1774124620,10,,Aggregated,5.600000,5.600000,1200,1300,1400,1500,2600,3600,5200,12000,18000,20000,20000,1239,1239,1200.0,1658.7808860322864,1002.9904470002293,20148.568438999973,0.0
1774124621,10,,Aggregated,5.900000,5.900000,1200,1300,1400,1500,2600,3600,5200,12000,18000,20000,20000,1242,1242,1200.0,1657.659655818038,1002.9904470002293,20148.568438999973,0.0
1774124622,10,,Aggregated,5.500000,5.500000,1200,1300,1400,1500,2600,3600,5200,12000,18000,20000,20000,1250,1250,1200.0,1658.4623724048029,1002.9904470002293,20148.568438999973,0.0
1774124623,10,,Aggregated,5.600000,5.600000,1200,1300,1400,1500,2600,3600,5000,12000,18000,20000,20000,1256,1256,1200.0,1656.2913766743668,1002.9904470002293,20148.568438999973,0.0
1774124624,10,,Aggregated,5.400000,5.400000,1200,1300,1400,1500,2600,3600,5000,12000,18000,20000,20000,1261,1261,1200.0,1654.4890086264897,1002.9904470002293,20148.568438999973,0.0
1774124625,10,,Aggregated,5.600000,5.600000,1200,1300,1400,1500,2600,3600,5000,12000,18000,20000,20000,1266,1266,1200.0,1654.0682920813613,1002.9904470002293,20148.568438999973,0.0
1774124626,10,,Aggregated,5.500000,5.500000,1200,1300,1400,1500,2600,3600,5000,12000,18000,20000,20000,1274,1274,1200.0,1653.3759269827358,1002.9904470002293,20148.568438999973,0.0
1774124627,10,,Aggregated,5.500000,5.500000,1200,1300,1400,1500,2600,3600,5000,12000,18000,20000,20000,1277,1277,1200.0,1652.2551340712646,1002.9904470002293,20148.568438999973,0.0
1774124628,10,,Aggregated,5.500000,5.500000,1200,1300,1400,1500,2600,3600,5000,12000,18000,20000,20000,1283,1283,1200.0,1651.6925714980562,1002.9904470002293,20148.568438999973,0.0
1774124629,10,,Aggregated,5.800000,5.800000,1200,1300,1400,1500,2600,3600,5000,12000,18000,20000,20000,1290,1290,1200.0,1649.3439085969055,1002.9904470002293,20148.568438999973,0.0
1774124630,10,,Aggregated,5.600000,5.600000,1200,1300,1400,1500,2600,3600,5000,12000,18000,20000,20000,1296,1296,1200.0,1649.4195215000068,1002.9904470002293,20148.568438999973,0.0
1774124631,10,,Aggregated,5.400000,5.400000,1200,1300,1400,1500,2600,3600,5000,11000,18000,20000,20000,1301,1301,1200.0,1648.6534361821753,1002.9904470002293,20148.568438999973,0.0
1774124632,10,,Aggregated,5.700000,5.700000,1200,1300,1400,1500,2600,3600,5000,11000,18000,20000,20000,1306,1306,1200.0,1646.8274643384452,1002.9904470002293,20148.568438999973,0.0
1774124633,10,,Aggregated,5.700000,5.700000,1200,1300,1400,1500,2500,3600,5000,11000,18000,20000,20000,1312,1312,1200.0,1645.1304366974157,1002.9904470002293,20148.568438999973,0.0
1774124635,10,,Aggregated,5.800000,5.800000,1200,1300,1400,1500,2600,3600,5000,11000,18000,20000,20000,1319,1319,1200.0,1646.505320674762,1002.9904470002293,20148.568438999973,0.0
1774124636,10,,Aggregated,5.500000,5.500000,1200,1300,1400,1500,2600,3600,5000,11000,18000,20000,20000,1325,1325,1200.0,1644.4482332762348,1002.9904470002293,20148.568438999973,0.0
1774124637,10,,Aggregated,5.700000,5.700000,1200,1300,1400,1500,2600,3600,5000,11000,18000,20000,20000,1328,1328,1200.0,1643.6317431566338,1002.9904470002293,20148.568438999973,0.0
1774124638,10,,Aggregated,5.700000,5.700000,1200,1300,1400,1500,2500,3600,5000,11000,18000,20000,20000,1335,1335,1200.0,1642.0187467340895,1002.9904470002293,20148.568438999973,0.0
1774124639,10,,Aggregated,5.700000,5.700000,1200,1300,1400,1500,2600,3600,5000,11000,18000,20000,20000,1340,1340,1200.0,1641.6557466223946,1002.9904470002293,20148.568438999973,0.0
1774124640,10,,Aggregated,5.300000,5.300000,1200,1300,1400,1500,2600,3600,5000,11000,18000,20000,20000,1346,1346,1200.0,1641.8728517570646,1002.9904470002293,20148.568438999973,0.0
1774124641,10,,Aggregated,5.700000,5.700000,1200,1300,1400,1500,2500,3600,5000,11000,18000,20000,20000,1352,1352,1200.0,1640.0601352241201,1002.9904470002293,20148.568438999973,0.0
1774124642,10,,Aggregated,5.600000,5.600000,1200,1300,1400,1500,2600,3600,5000,11000,18000,20000,20000,1357,1357,1200.0,1640.3539841459174,1002.9904470002293,20148.568438999973,0.0
1774124643,10,,Aggregated,5.600000,5.600000,1200,1300,1400,1500,2500,3600,5000,11000,18000,20000,20000,1362,1362,1200.0,1638.9756435748975,1002.9904470002293,20148.568438999973,0.0
1774124644,10,,Aggregated,5.600000,5.600000,1200,1300,1400,1500,2500,3600,5000,11000,18000,20000,20000,1367,1367,1200.0,1637.471504555237,1002.9904470002293,20148.568438999973,0.0
1774124645,10,,Aggregated,5.600000,5.600000,1200,1300,1400,1500,2600,3600,5000,11000,18000,20000,20000,1375,1375,1200.0,1638.8862004960072,1002.9904470002293,20148.568438999973,0.0
1774124646,10,,Aggregated,5.600000,5.600000,1200,1300,1400,1500,2600,3600,5000,11000,18000,20000,20000,1380,1380,1200.0,1637.1841884456592,1002.9904470002293,20148.568438999973,0.0
1774124647,10,,Aggregated,5.500000,5.500000,1200,1300,1400,1500,2500,3600,5000,11000,18000,20000,20000,1384,1384,1200.0,1635.6945785968276,1002.9904470002293,20148.568438999973,0.0
1774124648,10,,Aggregated,5.400000,5.400000,1200,1300,1400,1500,2600,3600,5000,11000,18000,20000,20000,1390,1390,1200.0,1635.1964190568417,1002.9904470002293,20148.568438999973,0.0
1774124649,10,,Aggregated,5.700000,5.700000,1200,1300,1400,1500,2500,3600,5000,11000,18000,20000,20000,1397,1397,1200.0,1633.3682345626412,1002.9904470002293,20148.568438999973,0.0
1774124650,10,,Aggregated,5.700000,5.700000,1200,1300,1400,1500,2500,3600,5000,11000,18000,20000,20000,1402,1402,1200.0,1634.1429808709054,1002.9904470002293,20148.568438999973,0.0
1774124651,10,,Aggregated,5.500000,5.500000,1200,1300,1400,1500,2500,3600,5000,11000,18000,20000,20000,1407,1407,1200.0,1632.5862527171355,1002.9904470002293,20148.568438999973,0.0
1774124652,10,,Aggregated,5.600000,5.600000,1200,1300,1400,1500,2500,3600,5000,11000,18000,20000,20000,1414,1414,1200.0,1632.0138740869927,1002.9904470002293,20148.568438999973,0.0
1774124653,10,,Aggregated,5.600000,5.600000,1200,1300,1400,1500,2500,3600,5000,11000,18000,20000,20000,1418,1418,1200.0,1630.7685043060708,1002.9904470002293,20148.568438999973,0.0
1774124654,10,,Aggregated,5.500000,5.500000,1200,1300,1400,1500,2500,3600,5000,11000,18000,20000,20000,1425,1425,1200.0,1630.5730622617602,1002.9904470002293,20148.568438999973,0.0
1774124655,10,,Aggregated,5.500000,5.500000,1200,1300,1400,1500,2600,3600,5000,11000,18000,20000,20000,1430,1430,1200.0,1630.1225875398666,1002.9904470002293,20148.568438999973,0.0
1774124656,10,,Aggregated,5.600000,5.600000,1200,1300,1400,1500,2500,3600,5000,11000,18000,20000,20000,1437,1437,1200.0,1628.5717853820522,1002.9904470002293,20148.568438999973,0.0
1774124657,10,,Aggregated,5.700000,5.700000,1200,1300,1400,1500,2500,3600,5000,11000,18000,20000,20000,1441,1441,1200.0,1627.4323895801592,1002.9904470002293,20148.568438999973,0.0
1774124658,10,,Aggregated,5.500000,5.500000,1200,1300,1400,1500,2500,3600,5000,11000,18000,20000,20000,1448,1448,1200.0,1628.0773045400615,1002.9904470002293,20148.568438999973,0.0
1774124659,10,,Aggregated,5.500000,5.500000,1200,1300,1400,1500,2500,3600,5000,11000,18000,20000,20000,1453,1453,1200.0,1626.5148560695177,1002.9904470002293,20148.568438999973,0.0
1774124660,10,,Aggregated,5.500000,5.500000,1200,1300,1400,1500,2500,3600,5000,11000,18000,20000,20000,1458,1458,1200.0,1625.1927140809385,1002.9904470002293,20148.568438999973,0.0
1774124661,10,,Aggregated,5.600000,5.600000,1200,1300,1400,1500,2500,3600,5000,11000,18000,20000,20000,1466,1466,1200.0,1623.81292906208,1002.9904470002293,20148.568438999973,0.0
1774124662,10,,Aggregated,5.600000,5.600000,1200,1300,1400,1500,2500,3600,5000,11000,18000,20000,20000,1469,1469,1200.0,1622.8011058822392,1002.9904470002293,20148.568438999973,0.0
1774124663,10,,Aggregated,5.600000,5.600000,1200,1300,1400,1500,2500,3600,5000,11000,18000,20000,20000,1475,1475,1200.0,1620.9935647376346,1002.9904470002293,20148.568438999973,0.0
1774124664,10,,Aggregated,5.700000,5.700000,1200,1300,1400,1500,2500,3600,5000,11000,18000,20000,20000,1483,1483,1200.0,1622.4460166837566,1002.9904470002293,20148.568438999973,0.0
1774124665,10,,Aggregated,5.700000,5.700000,1200,1300,1400,1500,2500,3600,5000,11000,18000,20000,20000,1488,1488,1200.0,1620.924074135088,1002.9904470002293,20148.568438999973,0.0
1774124666,10,,Aggregated,5.900000,5.900000,1200,1300,1400,1500,2500,3600,5000,11000,18000,20000,20000,1494,1494,1200.0,1619.3406551164742,1002.9904470002293,20148.568438999973,0.0
1774124667,10,,Aggregated,5.700000,5.700000,1200,1300,1400,1500,2500,3600,5000,11000,18000,20000,20000,1499,1499,1200.0,1618.997215798541,1002.9904470002293,20148.568438999973,0.0
1774124668,10,,Aggregated,5.600000,5.600000,1200,1300,1400,1500,2500,3600,5000,9600,18000,20000,20000,1505,1505,1200.0,1619.7646457043265,1002.9904470002293,20148.568438999973,0.0
1774124669,10,,Aggregated,5.900000,5.900000,1200,1300,1400,1500,2500,3600,5000,9600,18000,20000,20000,1509,1509,1200.0,1618.9844483452694,1002.9904470002293,20148.568438999973,0.0
1774124670,10,,Aggregated,5.700000,5.700000,1200,1300,1400,1500,2500,3600,5000,9600,18000,20000,20000,1516,1516,1200.0,1618.027523681406,1002.9904470002293,20148.568438999973,0.0
1774124671,10,,Aggregated,5.600000,5.600000,1200,1300,1400,1500,2500,3600,5000,9600,18000,20000,20000,1522,1522,1200.0,1616.4421046800346,1002.9904470002293,20148.568438999973,0.0
1774124672,10,,Aggregated,5.700000,5.600000,1200,1300,1400,1500,2500,3600,5000,9600,18000,20000,20000,1528,1528,1200.0,1617.162943578542,1002.9904470002293,20148.568438999973,0.0
1774124673,10,,Aggregated,5.700000,5.600000,1200,1300,1400,1500,2500,3600,5000,9600,18000,20000,20000,1533,1533,1200.0,1615.5731315609999,1002.9904470002293,20148.568438999973,0.0
1774124674,10,,Aggregated,5.600000,5.600000,1200,1300,1400,1500,2500,3600,5000,9600,18000,20000,20000,1539,1539,1200.0,1614.0802903151493,1002.9904470002293,20148.568438999973,0.0
1774124675,10,,Aggregated,5.800000,5.800000,1200,1300,1400,1500,2500,3500,5000,9600,18000,20000,20000,1544,1544,1200.0,1613.64400519431,1002.9904470002293,20148.568438999973,0.0
1774124676,10,,Aggregated,5.400000,5.400000,1200,1300,1400,1500,2500,3600,4900,9600,18000,20000,20000,1551,1551,1200.0,1613.9697181663535,1002.9904470002293,20148.568438999973,0.0
1774124677,10,,Aggregated,5.500000,5.500000,1200,1300,1400,1500,2500,3600,4900,9600,18000,20000,20000,1557,1557,1200.0,1612.543113262051,1002.9904470002293,20148.568438999973,0.0
1774124678,10,,Aggregated,5.800000,5.800000,1200,1300,1400,1500,2500,3500,4900,9600,18000,20000,20000,1561,1561,1200.0,1611.4073700160245,1002.9904470002293,20148.568438999973,0.0
1774124679,10,,Aggregated,5.500000,5.500000,1200,1300,1400,1500,2500,3500,4900,9600,18000,20000,20000,1568,1568,1200.0,1610.9797455554933,1002.9904470002293,20148.568438999973,0.0
1774124680,10,,Aggregated,5.500000,5.500000,1200,1300,1400,1500,2500,3500,4900,9600,18000,20000,20000,1572,1572,1200.0,1610.1927297958105,1002.9904470002293,20148.568438999973,0.0
1774124681,10,,Aggregated,5.800000,5.800000,1200,1300,1400,1500,2500,3600,4900,9600,18000,20000,20000,1578,1578,1200.0,1610.758315769337,1002.9904470002293,20148.568438999973,0.0
1774124682,10,,Aggregated,5.500000,5.600000,1200,1300,1400,1500,2500,3500,4900,9600,18000,20000,20000,1586,1586,1200.0,1609.468376657637,1002.9904470002293,20148.568438999973,0.0
1774124683,10,,Aggregated,5.800000,5.800000,1200,1300,1400,1500,2500,3500,4900,9600,18000,20000,20000,1589,1589,1200.0,1608.6043772636956,1002.9904470002293,20148.568438999973,0.0
1774124684,10,,Aggregated,5.700000,5.700000,1200,1300,1400,1500,2500,3500,4900,9600,18000,20000,20000,1597,1597,1200.0,1607.423172766444,1002.9904470002293,20148.568438999973,0.0
1774124685,10,,Aggregated,5.400000,5.400000,1200,1300,1400,1500,2500,3500,4900,9400,18000,20000,20000,1604,1604,1200.0,1607.2307653316782,1002.9904470002293,20148.568438999973,0.0
1774124686,10,,Aggregated,5.800000,5.800000,1200,1300,1400,1500,2500,3500,4900,9400,18000,20000,20000,1607,1607,1200.0,1606.4889185407667,1002.9904470002293,20148.568438999973,0.0
1774124687,10,,Aggregated,5.700000,5.700000,1200,1300,1400,1500,2500,3500,4900,9400,18000,20000,20000,1613,1613,1200.0,1605.0634487104846,1002.9904470002293,20148.568438999973,0.0
1774124688,10,,Aggregated,5.600000,5.600000,1200,1300,1400,1500,2500,3500,4900,9400,18000,20000,20000,1620,1620,1200.0,1604.3298158024766,1002.9904470002293,20148.568438999973,0.0
1774124689,10,,Aggregated,5.800000,5.800000,1200,1300,1400,1500,2500,3500,4900,9400,18000,20000,20000,1624,1624,1200.0,1605.093636084983,1002.9904470002293,20148.568438999973,0.0
1774124690,10,,Aggregated,5.600000,5.600000,1200,1300,1400,1500,2500,3500,4900,9400,18000,20000,20000,1631,1631,1200.0,1603.4130794414543,1002.9904470002293,20148.568438999973,0.0
1774124691,10,,Aggregated,5.600000,5.600000,1200,1300,1400,1500,2500,3500,4900,9400,18000,20000,20000,1635,1635,1200.0,1602.3195736874688,1002.9904470002293,20148.568438999973,0.0
1774124692,10,,Aggregated,5.800000,5.800000,1200,1300,1400,1500,2500,3500,4900,9400,18000,20000,20000,1642,1642,1200.0,1602.0744562844166,1002.9904470002293,20148.568438999973,0.0
1774124693,10,,Aggregated,5.500000,5.500000,1200,1300,1400,1500,2500,3500,4900,9400,18000,20000,20000,1649,1649,1200.0,1600.6223449508866,1002.9904470002293,20148.568438999973,0.0
1774124694,10,,Aggregated,5.800000,5.800000,1200,1300,1400,1500,2500,3500,4900,9400,18000,20000,20000,1652,1652,1200.0,1601.5221775363273,1002.9904470002293,20148.568438999973,0.0
1774124695,10,,Aggregated,5.600000,5.600000,1200,1300,1400,1500,2500,3500,4900,9400,18000,20000,20000,1660,1660,1200.0,1600.9790289475977,1002.9904470002293,20148.568438999973,0.0
1774124696,10,,Aggregated,5.700000,5.700000,1200,1300,1400,1500,2500,3500,4900,9400,18000,20000,20000,1666,1666,1200.0,1599.8393867094917,1002.9904470002293,20148.568438999973,0.0
1774124697,10,,Aggregated,5.700000,5.700000,1200,1300,1400,1500,2500,3500,4900,9400,18000,20000,20000,1669,1669,1200.0,1599.3596768903615,1002.9904470002293,20148.568438999973,0.0
1774124698,10,,Aggregated,5.700000,5.700000,1200,1300,1400,1500,2500,3500,4900,9400,18000,20000,20000,1677,1677,1200.0,1598.5291128199253,1002.9904470002293,20148.568438999973,0.0
1774124699,10,,Aggregated,5.800000,5.800000,1200,1300,1400,1500,2500,3500,4900,9400,18000,20000,20000,1683,1683,1200.0,1598.457312001197,1002.9904470002293,20148.568438999973,0.0
1774124700,10,,Aggregated,5.600000,5.600000,1200,1300,1400,1500,2500,3500,4900,9400,18000,20000,20000,1687,1687,1200.0,1597.7184503787878,1002.9904470002293,20148.568438999973,0.0
1774124701,10,,Aggregated,5.600000,5.600000,1200,1300,1400,1500,2500,3500,4900,9400,18000,20000,20000,1695,1695,1200.0,1596.4136678654959,1002.9904470002293,20148.568438999973,0.0
1774124702,10,,Aggregated,5.700000,5.700000,1200,1300,1400,1500,2500,3500,4900,9400,18000,20000,20000,1700,1700,1200.0,1595.2368240447151,1002.9904470002293,20148.568438999973,0.0
1774124703,10,,Aggregated,5.800000,5.800000,1200,1300,1400,1500,2500,3500,4700,8600,18000,20000,20000,1704,1704,1200.0,1594.4788422247743,1002.9904470002293,20148.568438999973,0.0
1774124704,10,,Aggregated,5.600000,5.600000,1200,1300,1400,1500,2500,3500,4800,8600,18000,20000,20000,1712,1712,1200.0,1595.1805447973213,1002.9904470002293,20148.568438999973,0.0
1774124705,10,,Aggregated,5.900000,5.900000,1200,1300,1400,1500,2500,3500,4800,8600,18000,20000,20000,1717,1717,1200.0,1595.010750542816,1002.9904470002293,20148.568438999973,0.0
1774124706,10,,Aggregated,5.400000,5.400000,1200,1300,1400,1500,2500,3500,4800,8600,18000,20000,20000,1721,1721,1200.0,1594.2357553957095,1002.9904470002293,20148.568438999973,0.0
1774124707,10,,Aggregated,5.700000,5.700000,1200,1300,1400,1500,2500,3500,4800,8600,18000,20000,20000,1727,1727,1200.0,1592.8146974134427,1002.9904470002293,20148.568438999973,0.0
1774124708,10,,Aggregated,5.600000,5.600000,1200,1300,1400,1500,2500,3500,4800,8600,18000,20000,20000,1731,1731,1200.0,1591.8883912871265,1002.9904470002293,20148.568438999973,0.0
1774124709,10,,Aggregated,5.200000,5.200000,1200,1300,1400,1500,2500,3500,4800,8600,18000,20000,20000,1738,1738,1200.0,1591.912094287122,1002.9904470002293,20148.568438999973,0.0
1774124710,10,,Aggregated,5.800000,5.800000,1200,1300,1400,1500,2500,3500,4900,8600,18000,20000,20000,1744,1744,1200.0,1592.6799414002408,1002.9904470002293,20148.568438999973,0.0
1774124711,10,,Aggregated,5.600000,5.600000,1200,1300,1400,1500,2500,3500,4900,8600,18000,20000,20000,1749,1749,1200.0,1591.7351035820584,1002.9904470002293,20148.568438999973,0.0
1774124712,10,,Aggregated,5.400000,5.400000,1200,1300,1400,1500,2500,3500,4800,8600,18000,20000,20000,1755,1755,1200.0,1591.4654365111217,1002.9904470002293,20148.568438999973,0.0
1774124713,10,,Aggregated,5.600000,5.600000,1200,1300,1400,1500,2500,3500,4800,8600,18000,20000,20000,1761,1761,1200.0,1590.4624601726389,1002.9904470002293,20148.568438999973,0.0
1774124714,10,,Aggregated,5.400000,5.400000,1200,1300,1400,1500,2500,3500,4800,8600,18000,20000,20000,1768,1768,1200.0,1590.9025206996707,1002.9904470002293,20148.568438999973,0.0
1774124715,10,,Aggregated,5.400000,5.400000,1200,1300,1400,1500,2500,3500,4800,8600,18000,20000,20000,1773,1773,1200.0,1590.1060176497567,1002.9904470002293,20148.568438999973,0.0
1774124716,10,,Aggregated,5.600000,5.600000,1200,1300,1400,1500,2500,3500,4800,8600,18000,20000,20000,1778,1778,1200.0,1588.9879742553544,1002.9904470002293,20148.568438999973,0.0
1774124717,10,,Aggregated,5.500000,5.500000,1200,1300,1400,1500,2400,3500,4800,8600,18000,20000,20000,1783,1783,1200.0,1588.5867277577236,1002.9904470002293,20148.568438999973,0.0
1774124718,10,,Aggregated,5.600000,5.600000,1200,1300,1400,1500,2400,3500,4800,8600,18000,20000,20000,1789,1789,1200.0,1587.2455063348361,1002.9904470002293,20148.568438999973,0.0
1774124719,10,,Aggregated,5.700000,5.700000,1200,1300,1400,1500,2400,3500,4800,8600,18000,20000,20000,1796,1796,1200.0,1587.5004170267387,1002.9904470002293,20148.568438999973,0.0
1774124720,10,,Aggregated,5.400000,5.400000,1200,1300,1400,1500,2400,3500,4800,8600,18000,20000,20000,1800,1800,1200.0,1586.7764189855684,1002.9904470002293,20148.568438999973,0.0
1774124721,10,,Aggregated,5.700000,5.700000,1200,1300,1400,1500,2400,3500,4700,8100,18000,20000,20000,1807,1807,1200.0,1586.5418638113026,1002.9904470002293,20148.568438999973,0.0
1774124722,10,,Aggregated,5.700000,5.700000,1200,1300,1400,1500,2400,3500,4700,8100,18000,20000,20000,1813,1813,1200.0,1585.3301444153465,1002.9904470002293,20148.568438999973,0.0
1774124723,10,,Aggregated,5.400000,5.400000,1200,1300,1400,1500,2400,3500,4700,8100,18000,20000,20000,1818,1818,1200.0,1586.5166932260859,1002.9904470002293,20148.568438999973,0.0
1774124724,10,,Aggregated,5.700000,5.700000,1200,1300,1400,1500,2400,3500,4700,8100,18000,20000,20000,1825,1825,1200.0,1585.1249080591917,1002.9904470002293,20148.568438999973,0.0
1774124725,10,,Aggregated,5.800000,5.800000,1200,1300,1400,1500,2400,3500,4700,8100,18000,20000,20000,1830,1830,1200.0,1584.0685130120353,1002.9904470002293,20148.568438999973,0.0
1774124726,10,,Aggregated,5.800000,5.800000,1200,1300,1400,1500,2400,3500,4700,8100,18000,20000,20000,1834,1834,1200.0,1583.3598456428706,1002.9904470002293,20148.568438999973,0.0
1774124727,10,,Aggregated,5.700000,5.700000,1200,1300,1400,1500,2400,3500,4700,8100,18000,20000,20000,1841,1841,1200.0,1584.6946259456952,1002.9904470002293,20148.568438999973,0.0
1774124728,10,,Aggregated,5.600000,5.600000,1200,1300,1400,1500,2400,3500,4700,8100,18000,20000,20000,1847,1847,1200.0,1583.4605865934084,1002.9904470002293,20148.568438999973,0.0
1774124730,10,,Aggregated,5.600000,5.600000,1200,1300,1400,1500,2400,3500,4700,8100,18000,20000,20000,1853,1853,1200.0,1582.5355958980174,1002.9904470002293,20148.568438999973,0.0
1774124731,10,,Aggregated,5.800000,5.800000,1200,1300,1400,1500,2400,3500,4700,8100,18000,20000,20000,1859,1859,1200.0,1581.2226468004446,1002.9904470002293,20148.568438999973,0.0
1774124732,10,,Aggregated,5.600000,5.600000,1200,1300,1400,1500,2400,3500,4700,8100,18000,20000,20000,1865,1865,1200.0,1581.5725413624803,1002.9904470002293,20148.568438999973,0.0
1774124733,10,,Aggregated,5.700000,5.700000,1200,1300,1400,1500,2400,3500,4700,8100,18000,20000,20000,1871,1871,1200.0,1581.1846489235834,1002.9904470002293,20148.568438999973,0.0
1774124734,10,,Aggregated,5.900000,5.900000,1200,1300,1400,1500,2400,3500,4700,8100,18000,20000,20000,1877,1877,1200.0,1579.957556249879,1002.9904470002293,20148.568438999973,0.0
1774124735,10,,Aggregated,5.700000,5.700000,1200,1300,1400,1500,2400,3500,4700,8100,18000,20000,20000,1881,1881,1200.0,1579.0800471887414,1002.9904470002293,20148.568438999973,0.0
1774124736,10,,Aggregated,5.700000,5.700000,1200,1300,1400,1500,2400,3500,4700,8100,18000,20000,20000,1889,1889,1200.0,1579.5724684314564,1002.9904470002293,20148.568438999973,0.0
1774124737,10,,Aggregated,5.800000,5.800000,1200,1300,1400,1500,2400,3500,4700,8100,18000,20000,20000,1894,1894,1200.0,1578.3659504303173,1002.9904470002293,20148.568438999973,0.0
1774124738,10,,Aggregated,5.500000,5.500000,1200,1300,1400,1500,2400,3500,4700,8100,18000,20000,20000,1899,1899,1200.0,1577.2506053138607,1002.9904470002293,20148.568438999973,0.0
1774124739,10,,Aggregated,5.900000,5.900000,1200,1300,1400,1500,2400,3400,4700,7900,18000,20000,20000,1904,1904,1200.0,1576.2177865998017,1002.9904470002293,20148.568438999973,0.0
1774124740,10,,Aggregated,6.000000,6.000000,1200,1300,1400,1500,2400,3400,4700,7900,18000,20000,20000,1909,1909,1200.0,1576.2268513876493,1002.9904470002293,20148.568438999973,0.0
1774124741,10,,Aggregated,5.800000,5.800000,1200,1300,1400,1500,2400,3500,4700,7900,18000,20000,20000,1916,1916,1200.0,1577.1640380704712,1002.9904470002293,20148.568438999973,0.0
1774124742,10,,Aggregated,5.600000,5.600000,1200,1300,1400,1500,2400,3400,4700,7900,18000,20000,20000,1922,1922,1200.0,1576.0305781363274,1002.9904470002293,20148.568438999973,0.0
1774124743,10,,Aggregated,5.600000,5.600000,1200,1300,1400,1500,2400,3400,4700,7900,18000,20000,20000,1927,1927,1200.0,1576.1447661484276,1002.9904470002293,20148.568438999973,0.0
1774124744,10,,Aggregated,5.700000,5.700000,1200,1300,1400,1500,2400,3400,4700,7900,18000,20000,20000,1931,1931,1200.0,1575.3628435551632,1002.9904470002293,20148.568438999973,0.0
1774124745,10,,Aggregated,5.600000,5.600000,1200,1300,1400,1500,2400,3500,4700,7900,18000,20000,20000,1939,1939,1200.0,1575.3948857421447,1002.9904470002293,20148.568438999973,0.0
1774124746,10,,Aggregated,5.400000,5.400000,1200,1300,1400,1500,2400,3400,4700,7900,18000,20000,20000,1944,1944,1200.0,1575.224341628096,1002.9904470002293,20148.568438999973,0.0
1774124747,10,,Aggregated,5.400000,5.400000,1200,1300,1400,1500,2400,3400,4700,7900,18000,20000,20000,1949,1949,1200.0,1574.4754885787675,1002.9904470002293,20148.568438999973,0.0
1774124748,10,,Aggregated,5.400000,5.400000,1200,1300,1400,1500,2400,3400,4700,7900,18000,20000,20000,1956,1956,1200.0,1573.9402305951012,1002.9904470002293,20148.568438999973,0.0
1774124749,10,,Aggregated,5.500000,5.500000,1200,1300,1400,1500,2400,3400,4700,7900,18000,20000,20000,1961,1961,1200.0,1573.195544690473,1002.9904470002293,20148.568438999973,0.0
1774124750,10,,Aggregated,5.500000,5.500000,1200,1300,1400,1500,2400,3400,4700,7900,18000,20000,20000,1968,1968,1200.0,1573.1484039964514,1002.9904470002293,20148.568438999973,0.0
1774124751,10,,Aggregated,5.500000,5.500000,1200,1300,1400,1500,2400,3400,4700,7900,18000,20000,20000,1971,1971,1200.0,1572.656269154752,1002.9904470002293,20148.568438999973,0.0
1774124752,10,,Aggregated,5.500000,5.500000,1200,1300,1400,1500,2400,3400,4700,7900,18000,20000,20000,1976,1976,1200.0,1571.6894060774366,1002.9904470002293,20148.568438999973,0.0
1774124753,10,,Aggregated,5.400000,5.400000,1200,1300,1400,1500,2400,3400,4700,7900,18000,20000,20000,1984,1984,1200.0,1572.787227573092,1002.9904470002293,20148.568438999973,0.0
1774124754,10,,Aggregated,5.400000,5.400000,1200,1300,1400,1500,2400,3400,4700,7900,18000,20000,20000,1989,1989,1200.0,1571.8669300176039,1002.9904470002293,20148.568438999973,0.0
1774124755,10,,Aggregated,5.300000,5.300000,1200,1300,1400,1500,2400,3400,4700,7900,18000,20000,20000,1995,1995,1200.0,1570.8615059248193,1002.9904470002293,20148.568438999973,0.0
1774124756,10,,Aggregated,5.800000,5.800000,1200,1300,1400,1500,2400,3400,4700,7900,18000,20000,20000,1999,1999,1200.0,1570.0620008124138,1002.9904470002293,20148.568438999973,0.0
1774124757,10,,Aggregated,5.500000,5.500000,1200,1300,1400,1500,2400,3400,4700,7000,17000,20000,20000,2007,2007,1200.0,1571.2556770069832,1002.9904470002293,20148.568438999973,0.0
1774124758,10,,Aggregated,5.400000,5.400000,1200,1300,1400,1500,2400,3400,4700,7000,17000,20000,20000,2012,2012,1200.0,1570.3735222778412,1002.9904470002293,20148.568438999973,0.0
1774124759,10,,Aggregated,5.600000,5.600000,1200,1300,1400,1500,2400,3400,4700,7000,17000,20000,20000,2016,2016,1200.0,1569.7203895208422,1002.9904470002293,20148.568438999973,0.0
1774124760,10,,Aggregated,5.500000,5.500000,1200,1300,1400,1500,2400,3400,4700,7000,17000,20000,20000,2023,2023,1200.0,1569.219697461205,1002.9904470002293,20148.568438999973,0.0
1774124761,10,,Aggregated,5.600000,5.600000,1200,1300,1400,1500,2400,3400,4700,7000,17000,20000,20000,2029,2029,1200.0,1568.1831007304188,1002.9904470002293,20148.568438999973,0.0
1774124762,10,,Aggregated,5.700000,5.700000,1200,1300,1400,1500,2400,3400,4700,7000,17000,20000,20000,2033,2033,1200.0,1568.9960659773824,1002.9904470002293,20148.568438999973,0.0
1774124763,10,,Aggregated,5.600000,5.600000,1200,1300,1400,1500,2400,3400,4700,7000,17000,20000,20000,2040,2040,1200.0,1568.5751745186362,1002.9904470002293,20148.568438999973,0.0
1774124764,10,,Aggregated,5.600000,5.600000,1200,1300,1400,1500,2400,3400,4700,7000,17000,20000,20000,2047,2047,1200.0,1567.3788566057729,1002.9904470002293,20148.568438999973,0.0
1774124765,10,,Aggregated,5.800000,5.800000,1200,1300,1400,1500,2400,3400,4700,7000,17000,20000,20000,2051,2051,1200.0,1566.6687109658785,1002.9904470002293,20148.568438999973,0.0
1774124766,10,,Aggregated,5.500000,5.500000,1200,1300,1400,1500,2400,3400,4700,7000,17000,20000,20000,2058,2058,1200.0,1567.8611445277052,1002.9904470002293,20148.568438999973,0.0
1774124767,10,,Aggregated,5.600000,5.600000,1200,1300,1400,1500,2400,3400,4700,7000,17000,20000,20000,2062,2062,1200.0,1567.2763161799305,1002.9904470002293,20148.568438999973,0.0
1774124768,10,,Aggregated,5.700000,5.700000,1200,1300,1400,1500,2400,3400,4700,7000,17000,20000,20000,2068,2068,1200.0,1566.2733924937227,1002.9904470002293,20148.568438999973,0.0
1774124769,10,,Aggregated,5.500000,5.500000,1200,1300,1400,1500,2400,3400,4700,7000,17000,20000,20000,2073,2073,1200.0,1566.104858273526,1002.9904470002293,20148.568438999973,0.0
1774124770,10,,Aggregated,5.600000,5.600000,1200,1300,1400,1500,2400,3400,4700,7000,17000,20000,20000,2080,2080,1200.0,1566.876127393759,1002.9904470002293,20148.568438999973,0.0
1774124771,10,,Aggregated,5.500000,5.500000,1200,1300,1400,1500,2400,3400,4700,7000,17000,20000,20000,2084,2084,1200.0,1565.9969017624849,1002.9904470002293,20148.568438999973,0.0
1774124772,10,,Aggregated,5.400000,5.400000,1200,1300,1400,1500,2400,3400,4700,7000,17000,20000,20000,2090,2090,1200.0,1565.1786335784773,1002.9904470002293,20148.568438999973,0.0
1774124773,10,,Aggregated,5.600000,5.600000,1200,1300,1400,1500,2400,3400,4700,7000,17000,20000,20000,2096,2096,1200.0,1565.0628870229086,1002.9904470002293,20148.568438999973,0.0
1774124774,10,,Aggregated,5.600000,5.600000,1200,1300,1400,1500,2400,3400,4700,7000,17000,20000,20000,2099,2099,1200.0,1564.626664219636,1002.9904470002293,20148.568438999973,0.0
1774124775,10,,Aggregated,5.200000,5.200000,1200,1300,1400,1500,2400,3400,4600,6100,17000,20000,20000,2108,2108,1200.0,1564.6361458482054,1002.9904470002293,20148.568438999973,0.0
1774124776,10,,Aggregated,5.500000,5.500000,1200,1300,1400,1500,2400,3400,4600,6100,17000,20000,20000,2114,2114,1200.0,1564.126761263962,1002.9904470002293,20148.568438999973,0.0
1774124777,10,,Aggregated,5.700000,5.700000,1200,1300,1400,1500,2400,3400,4600,6100,17000,20000,20000,2117,2117,1200.0,1563.6003475829077,1002.9904470002293,20148.568438999973,0.0
1774124778,10,,Aggregated,5.400000,5.400000,1200,1300,1400,1500,2400,3400,4600,6100,17000,20000,20000,2124,2124,1200.0,1562.526012767898,1002.9904470002293,20148.568438999973,0.0
1774124779,10,,Aggregated,5.600000,5.600000,1200,1300,1400,1500,2400,3400,4600,6100,17000,20000,20000,2130,2130,1200.0,1562.339444879819,1002.9904470002293,20148.568438999973,0.0
1774124780,10,,Aggregated,5.600000,5.600000,1200,1300,1400,1500,2400,3400,4700,6100,17000,20000,20000,2136,2136,1200.0,1562.9016700660181,1002.9904470002293,20148.568438999973,0.0
1774124781,10,,Aggregated,5.500000,5.500000,1200,1300,1400,1500,2400,3400,4700,6100,17000,20000,20000,2140,2140,1200.0,1562.0569644331852,1002.9904470002293,20148.568438999973,0.0
1774124782,10,,Aggregated,5.800000,5.800000,1200,1300,1400,1500,2400,3400,4700,6100,17000,20000,20000,2147,2147,1200.0,1561.5953983693603,1002.9904470002293,20148.568438999973,0.0
1774124783,10,,Aggregated,5.700000,5.700000,1200,1300,1400,1500,2400,3400,4600,6100,17000,20000,20000,2152,2152,1200.0,1560.7895013903415,1002.9904470002293,20148.568438999973,0.0
1774124784,10,,Aggregated,5.600000,5.600000,1200,1300,1400,1500,2400,3400,4600,6100,17000,20000,20000,2157,2157,1200.0,1560.4259097297236,1002.9904470002293,20148.568438999973,0.0
1774124785,10,,Aggregated,5.900000,5.900000,1200,1300,1400,1500,2400,3400,4700,6100,17000,20000,20000,2164,2164,1200.0,1561.9495641645167,976.1101789999884,20148.568438999973,0.0
1774124786,10,,Aggregated,5.500000,5.500000,1200,1300,1400,1500,2400,3400,4700,6100,17000,20000,20000,2169,2169,1200.0,1561.1009763868203,976.1101789999884,20148.568438999973,0.0
1774124787,10,,Aggregated,5.200000,5.200000,1200,1300,1400,1500,2400,3400,4700,6100,17000,20000,20000,2175,2175,1200.0,1560.0501158147188,976.1101789999884,20148.568438999973,0.0
1774124788,10,,Aggregated,5.800000,5.800000,1200,1300,1400,1500,2400,3400,4700,6100,17000,20000,20000,2180,2180,1200.0,1559.896830882575,976.1101789999884,20148.568438999973,0.0
1774124789,10,,Aggregated,5.400000,5.400000,1200,1300,1400,1500,2400,3400,4700,6100,17000,20000,20000,2187,2187,1200.0,1560.1141716909065,976.1101789999884,20148.568438999973,0.0
1774124790,10,,Aggregated,5.600000,5.600000,1200,1300,1400,1500,2400,3400,4700,6100,17000,20000,20000,2193,2193,1200.0,1559.2394368805344,976.1101789999884,20148.568438999973,0.0
1774124791,10,,Aggregated,5.900000,5.900000,1200,1300,1400,1500,2400,3400,4700,6100,17000,20000,20000,2198,2198,1200.0,1559.1691565100148,976.1101789999884,20148.568438999973,0.0
1774124792,10,,Aggregated,5.500000,5.500000,1200,1300,1400,1500,2400,3400,4600,5900,17000,20000,20000,2204,2204,1200.0,1558.448022343019,976.1101789999884,20148.568438999973,0.0
1774124793,10,,Aggregated,5.600000,5.600000,1200,1300,1400,1500,2400,3400,4600,5900,17000,20000,20000,2208,2208,1200.0,1557.838094105985,976.1101789999884,20148.568438999973,0.0
1774124794,10,,Aggregated,5.700000,5.700000,1200,1300,1400,1500,2400,3400,4600,5900,17000,20000,20000,2216,2216,1200.0,1558.7596757906206,976.1101789999884,20148.568438999973,0.0
1774124795,10,,Aggregated,5.500000,5.500000,1200,1300,1400,1500,2400,3400,4600,5900,17000,20000,20000,2222,2222,1200.0,1557.8709402115273,976.1101789999884,20148.568438999973,0.0
1774124796,10,,Aggregated,5.700000,5.700000,1200,1300,1400,1500,2400,3400,4600,5900,17000,20000,20000,2226,2226,1200.0,1557.276655906116,976.1101789999884,20148.568438999973,0.0
1774124797,10,,Aggregated,6.000000,6.000000,1200,1300,1400,1500,2400,3400,4600,5900,17000,20000,20000,2231,2231,1200.0,1557.3068164675099,976.1101789999884,20148.568438999973,0.0
1774124798,10,,Aggregated,5.600000,5.600000,1200,1300,1400,1500,2400,3400,4600,5900,17000,20000,20000,2239,2239,1200.0,1556.8516289075546,976.1101789999884,20148.568438999973,0.0
1774124799,10,,Aggregated,5.800000,5.800000,1200,1300,1400,1500,2400,3400,4600,5900,17000,20000,20000,2243,2243,1200.0,1556.3391435086999,976.1101789999884,20148.568438999973,0.0
1774124800,10,,Aggregated,5.500000,5.500000,1200,1300,1400,1500,2400,3400,4600,5900,17000,20000,20000,2249,2249,1200.0,1556.2307470458034,976.1101789999884,20148.568438999973,0.0
1774124801,10,,Aggregated,5.500000,5.500000,1200,1300,1400,1500,2400,3400,4600,5900,17000,20000,20000,2255,2255,1200.0,1556.2418609552155,976.1101789999884,20148.568438999973,0.0
1774124802,10,,Aggregated,5.600000,5.600000,1200,1300,1400,1500,2400,3400,4600,5900,17000,20000,20000,2260,2260,1200.0,1555.7305543141642,976.1101789999884,20148.568438999973,0.0
1774124803,10,,Aggregated,5.400000,5.400000,1200,1300,1400,1500,2400,3400,4600,5900,17000,20000,20000,2266,2266,1200.0,1555.0464525322202,976.1101789999884,20148.568438999973,0.0
1774124804,10,,Aggregated,5.600000,5.600000,1200,1300,1400,1500,2400,3400,4600,5900,17000,20000,20000,2270,2270,1200.0,1555.1452394524279,976.1101789999884,20148.568438999973,0.0
1774124805,10,,Aggregated,5.600000,5.600000,1200,1300,1400,1500,2400,3400,4600,5900,17000,20000,20000,2276,2276,1200.0,1554.7252000531678,976.1101789999884,20148.568438999973,0.0
1774124806,10,,Aggregated,5.500000,5.500000,1200,1300,1400,1500,2400,3400,4600,5900,17000,20000,20000,2283,2283,1200.0,1555.0336182987332,976.1101789999884,20148.568438999973,0.0
1774124807,10,,Aggregated,5.300000,5.300000,1200,1300,1400,1500,2400,3400,4600,5900,17000,20000,20000,2287,2287,1200.0,1554.9798559868862,976.1101789999884,20148.568438999973,0.0
1774124809,10,,Aggregated,5.500000,5.500000,1200,1300,1400,1500,2400,3400,4600,5900,17000,20000,20000,2294,2294,1200.0,1554.2790817105529,976.1101789999884,20148.568438999973,0.0
1774124810,10,,Aggregated,5.700000,5.700000,1200,1300,1400,1500,2400,3400,4600,5900,17000,20000,20000,2298,2298,1200.0,1554.4773399769397,976.1101789999884,20148.568438999973,0.0
1774124811,10,,Aggregated,5.500000,5.500000,1200,1300,1400,1500,2400,3400,4600,5700,17000,20000,20000,2305,2305,1200.0,1554.4551521041249,976.1101789999884,20148.568438999973,0.0
1774124812,10,,Aggregated,5.500000,5.500000,1200,1300,1400,1500,2400,3400,4600,5700,17000,20000,20000,2311,2311,1200.0,1553.5827220501972,976.1101789999884,20148.568438999973,0.0
1774124813,10,,Aggregated,5.300000,5.300000,1200,1300,1400,1500,2400,3400,4600,5700,17000,20000,20000,2315,2315,1200.0,1552.8841823762446,976.1101789999884,20148.568438999973,0.0
1774124814,10,,Aggregated,5.500000,5.500000,1200,1300,1400,1500,2400,3400,4600,5700,17000,20000,20000,2322,2322,1200.0,1552.7159017566785,976.1101789999884,20148.568438999973,0.0
1774124815,10,,Aggregated,5.500000,5.500000,1200,1300,1400,1500,2400,3400,4600,5700,17000,20000,20000,2325,2325,1200.0,1552.255278177638,976.1101789999884,20148.568438999973,0.0
1774124816,10,,Aggregated,5.500000,5.500000,1200,1300,1400,1500,2400,3400,4600,5700,17000,20000,20000,2333,2333,1200.0,1552.6623644140623,976.1101789999884,20148.568438999973,0.0
1774124817,10,,Aggregated,5.500000,5.500000,1200,1300,1400,1500,2400,3400,4600,5700,17000,20000,20000,2339,2339,1200.0,1552.5945202727692,976.1101789999884,20148.568438999973,0.0
1774124818,10,,Aggregated,5.500000,5.500000,1200,1300,1400,1500,2400,3400,4600,5700,17000,20000,20000,2343,2343,1200.0,1552.002943454548,976.1101789999884,20148.568438999973,0.0
1774124819,10,,Aggregated,5.400000,5.400000,1200,1300,1400,1500,2400,3400,4600,5700,17000,20000,20000,2350,2350,1200.0,1551.043926257449,976.1101789999884,20148.568438999973,0.0
1774124820,10,,Aggregated,5.600000,5.600000,1200,1300,1400,1500,2400,3400,4600,5700,17000,20000,20000,2356,2356,1200.0,1552.029201932939,976.1101789999884,20148.568438999973,0.0
1774124821,10,,Aggregated,5.500000,5.500000,1200,1300,1400,1500,2400,3400,4600,5700,17000,20000,20000,2362,2362,1200.0,1551.129903164693,976.1101789999884,20148.568438999973,0.0
1774124822,10,,Aggregated,5.500000,5.500000,1200,1300,1400,1500,2400,3400,4600,5700,17000,20000,20000,2367,2367,1200.0,1550.4071840042268,976.1101789999884,20148.568438999973,0.0
1774124823,10,,Aggregated,5.500000,5.500000,1200,1300,1400,1500,2400,3400,4600,5700,17000,20000,20000,2372,2372,1200.0,1550.3054319603734,976.1101789999884,20148.568438999973,0.0
1774124824,10,,Aggregated,5.500000,5.500000,1200,1300,1400,1500,2400,3400,4600,5700,17000,20000,20000,2377,2377,1200.0,1549.5544875216683,976.1101789999884,20148.568438999973,0.0
1774124825,10,,Aggregated,5.600000,5.600000,1200,1300,1400,1500,2400,3400,4600,5700,17000,20000,20000,2385,2385,1200.0,1549.7147835731691,976.1101789999884,20148.568438999973,0.0
1774124826,10,,Aggregated,5.600000,5.600000,1200,1300,1400,1500,2400,3400,4600,5700,17000,20000,20000,2390,2390,1200.0,1549.5054550552343,976.1101789999884,20148.568438999973,0.0
1774124827,10,,Aggregated,5.900000,5.900000,1200,1300,1400,1500,2400,3400,4600,5700,17000,20000,20000,2395,2395,1200.0,1548.7451947428017,976.1101789999884,20148.568438999973,0.0
1774124828,10,,Aggregated,5.900000,5.900000,1200,1300,1400,1500,2400,3400,4600,5200,17000,20000,20000,2401,2401,1200.0,1548.6488112794714,976.1101789999884,20148.568438999973,0.0
1774124829,10,,Aggregated,5.500000,5.500000,1200,1300,1400,1500,2400,3400,4600,5200,17000,20000,20000,2406,2406,1200.0,1548.3261327398216,976.1101789999884,20148.568438999973,0.0
1774124830,10,,Aggregated,5.800000,5.800000,1200,1300,1400,1500,2400,3400,4600,5200,17000,20000,20000,2414,2414,1200.0,1547.5441249337237,976.1101789999884,20148.568438999973,0.0
1774124831,10,,Aggregated,5.700000,5.700000,1200,1300,1400,1500,2400,3400,4600,5200,17000,20000,20000,2419,2419,1200.0,1547.4539325948772,976.1101789999884,20148.568438999973,0.0
1774124832,10,,Aggregated,5.600000,5.600000,1200,1300,1400,1500,2400,3400,4600,5200,17000,20000,20000,2425,2425,1200.0,1547.5258637562918,976.1101789999884,20148.568438999973,0.0
1774124833,10,,Aggregated,5.800000,5.800000,1200,1300,1400,1500,2400,3400,4600,5200,17000,20000,20000,2430,2430,1200.0,1546.7921579983567,976.1101789999884,20148.568438999973,0.0
1774124834,10,,Aggregated,5.600000,5.600000,1200,1300,1400,1500,2400,3400,4600,5200,17000,20000,20000,2435,2435,1200.0,1546.1176525593457,976.1101789999884,20148.568438999973,0.0
1774124835,10,,Aggregated,5.800000,5.800000,1200,1300,1400,1500,2400,3400,4600,5200,17000,20000,20000,2442,2442,1200.0,1545.7482169267025,976.1101789999884,20148.568438999973,0.0
1774124836,10,,Aggregated,5.700000,5.700000,1200,1300,1400,1500,2400,3400,4600,5200,17000,20000,20000,2448,2448,1200.0,1546.0745393721443,976.1101789999884,20148.568438999973,0.0
1774124837,10,,Aggregated,5.600000,5.600000,1200,1300,1400,1500,2400,3400,4600,5200,17000,20000,20000,2453,2453,1200.0,1545.4721093713856,976.1101789999884,20148.568438999973,0.0
1774124838,10,,Aggregated,5.800000,5.800000,1200,1300,1400,1500,2400,3400,4600,5200,17000,20000,20000,2459,2459,1200.0,1545.2885568869494,976.1101789999884,20148.568438999973,0.0
1774124839,10,,Aggregated,5.800000,5.800000,1200,1300,1400,1500,2400,3400,4600,5200,17000,20000,20000,2465,2465,1200.0,1544.395362595541,976.1101789999884,20148.568438999973,0.0
1774124840,10,,Aggregated,5.600000,5.600000,1200,1300,1400,1500,2400,3400,4600,5200,17000,20000,20000,2469,2469,1200.0,1543.9322746067273,976.1101789999884,20148.568438999973,0.0
1774124841,10,,Aggregated,5.600000,5.600000,1200,1300,1400,1500,2400,3400,4600,5200,17000,20000,20000,2478,2478,1200.0,1544.7855171703025,976.1101789999884,20148.568438999973,0.0
1774124842,10,,Aggregated,5.700000,5.700000,1200,1300,1400,1500,2400,3400,4600,5200,17000,20000,20000,2482,2482,1200.0,1544.1233672796172,976.1101789999884,20148.568438999973,0.0
1774124843,10,,Aggregated,5.700000,5.700000,1200,1300,1400,1500,2400,3400,4600,5200,17000,20000,20000,2487,2487,1200.0,1543.5730102215562,976.1101789999884,20148.568438999973,0.0
1774124844,10,,Aggregated,5.600000,5.600000,1200,1300,1400,1500,2400,3400,4600,5200,17000,20000,20000,2492,2492,1200.0,1543.667187615975,976.1101789999884,20148.568438999973,0.0
1774124845,10,,Aggregated,5.500000,5.500000,1200,1300,1400,1500,2400,3400,4600,5200,17000,20000,20000,2499,2499,1200.0,1542.5386968651496,976.1101789999884,20148.568438999973,0.0
1774124846,10,,Aggregated,5.700000,5.700000,1200,1300,1400,1500,2400,3400,4600,5200,17000,20000,20000,2505,2505,1200.0,1543.211458909385,976.1101789999884,20148.568438999973,0.0
1774124847,10,,Aggregated,5.600000,5.600000,1200,1300,1400,1500,2400,3400,4600,5200,17000,20000,20000,2511,2511,1200.0,1543.0468076228633,976.1101789999884,20148.568438999973,0.0
1774124848,10,,Aggregated,5.600000,5.600000,1200,1300,1400,1500,2400,3400,4600,5200,17000,20000,20000,2518,2518,1200.0,1542.0350126298683,976.1101789999884,20148.568438999973,0.0
1774124849,10,,Aggregated,5.600000,5.600000,1200,1300,1400,1500,2400,3400,4600,5200,17000,20000,20000,2520,2520,1200.0,1541.8432936607176,976.1101789999884,20148.568438999973,0.0
1774124850,10,,Aggregated,5.600000,5.600000,1200,1300,1400,1500,2400,3400,4600,5200,17000,20000,20000,2527,2527,1200.0,1540.9413527257648,976.1101789999884,20148.568438999973,0.0
1774124851,10,,Aggregated,5.600000,5.600000,1200,1300,1400,1500,2400,3400,4600,5200,17000,20000,20000,2535,2535,1200.0,1541.9698434686418,976.1101789999884,20148.568438999973,0.0
1774124852,10,,Aggregated,5.800000,5.800000,1200,1300,1400,1500,2400,3400,4600,5200,17000,20000,20000,2538,2538,1200.0,1541.5890958089076,976.1101789999884,20148.568438999973,0.0
1774124853,10,,Aggregated,5.500000,5.500000,1200,1300,1400,1500,2400,3400,4600,5200,17000,20000,20000,2545,2545,1200.0,1540.7763731752486,976.1101789999884,20148.568438999973,0.0
1774124854,10,,Aggregated,5.700000,5.700000,1200,1300,1400,1500,2400,3400,4600,5200,17000,20000,20000,2551,2551,1200.0,1540.8985197448085,976.1101789999884,20148.568438999973,0.0
1774124855,10,,Aggregated,5.700000,5.700000,1200,1300,1400,1500,2400,3400,4600,5200,17000,20000,20000,2555,2555,1200.0,1540.5009176043084,976.1101789999884,20148.568438999973,0.0
1774124856,10,,Aggregated,5.500000,5.500000,1200,1300,1400,1500,2400,3400,4600,5200,17000,20000,20000,2561,2561,1200.0,1540.981442521283,976.1101789999884,20148.568438999973,0.0
1774124857,10,,Aggregated,5.600000,5.600000,1200,1300,1400,1500,2400,3400,4600,5200,17000,20000,20000,2567,2567,1200.0,1540.8340452080265,976.1101789999884,20148.568438999973,0.0
1774124858,10,,Aggregated,5.600000,5.600000,1200,1300,1400,1500,2400,3400,4600,5200,17000,20000,20000,2573,2573,1200.0,1540.2082489976692,976.1101789999884,20148.568438999973,0.0
1774124859,10,,Aggregated,5.500000,5.500000,1200,1300,1400,1500,2400,3400,4600,5200,17000,20000,20000,2578,2578,1200.0,1539.6414085806837,976.1101789999884,20148.568438999973,0.0
1774124860,10,,Aggregated,5.600000,5.600000,1200,1300,1400,1500,2400,3400,4600,5200,17000,20000,20000,2584,2584,1200.0,1540.252170979877,976.1101789999884,20148.568438999973,0.0
1774124861,10,,Aggregated,5.600000,5.600000,1200,1300,1400,1500,2400,3400,4600,5200,17000,20000,20000,2590,2590,1200.0,1540.0793226787653,976.1101789999884,20148.568438999973,0.0
1774124862,10,,Aggregated,5.400000,5.400000,1200,1300,1400,1500,2400,3400,4600,5200,17000,20000,20000,2595,2595,1200.0,1539.6387539102134,976.1101789999884,20148.568438999973,0.0
1774124863,10,,Aggregated,5.600000,5.600000,1200,1300,1400,1500,2400,3400,4600,5200,17000,20000,20000,2599,2599,1200.0,1539.3408550150075,976.1101789999884,20148.568438999973,0.0
1774124864,10,,Aggregated,5.400000,5.400000,1200,1300,1400,1500,2400,3300,4600,5100,17000,20000,20000,2607,2607,1200.0,1538.976026775223,976.1101789999884,20148.568438999973,0.0
1774124865,10,,Aggregated,5.500000,5.500000,1200,1300,1400,1500,2400,3400,4600,5100,17000,20000,20000,2613,2613,1200.0,1539.6410024301592,976.1101789999884,20148.568438999973,0.0
1774124866,10,,Aggregated,5.500000,5.500000,1200,1300,1400,1500,2400,3400,4600,5100,17000,20000,20000,2618,2618,1200.0,1539.483114052333,976.1101789999884,20148.568438999973,0.0
1774124867,10,,Aggregated,5.500000,5.500000,1200,1300,1400,1500,2400,3300,4600,5100,17000,20000,20000,2623,2623,1200.0,1538.8607975760613,976.1101789999884,20148.568438999973,0.0
1774124868,10,,Aggregated,5.500000,5.500000,1200,1300,1400,1500,2400,3300,4600,5100,17000,20000,20000,2629,2629,1200.0,1538.0902048018286,976.1101789999884,20148.568438999973,0.0
1774124869,10,,Aggregated,5.500000,5.500000,1200,1300,1400,1500,2400,3300,4600,5100,17000,20000,20000,2634,2634,1200.0,1537.5837483230853,976.1101789999884,20148.568438999973,0.0
1774124870,10,,Aggregated,5.500000,5.500000,1200,1300,1400,1500,2400,3300,4600,5100,17000,20000,20000,2641,2641,1200.0,1538.7379076986012,976.1101789999884,20148.568438999973,0.0
1774124871,10,,Aggregated,5.500000,5.500000,1200,1300,1400,1500,2400,3300,4600,5100,17000,20000,20000,2646,2646,1200.0,1538.0310671031766,976.1101789999884,20148.568438999973,0.0
1774124872,10,,Aggregated,5.500000,5.500000,1200,1300,1400,1500,2400,3300,4500,5100,17000,20000,20000,2652,2652,1200.0,1537.201067236427,976.1101789999884,20148.568438999973,0.0
1774124873,10,,Aggregated,5.600000,5.600000,1200,1300,1400,1500,2400,3400,4500,5100,17000,20000,20000,2659,2659,1200.0,1537.2274835814233,976.1101789999884,20148.568438999973,0.0
1774124874,10,,Aggregated,5.800000,5.800000,1200,1300,1400,1500,2400,3300,4500,5100,17000,20000,20000,2661,2661,1200.0,1537.1155231232635,976.1101789999884,20148.568438999973,0.0
1774124875,10,,Aggregated,5.600000,5.600000,1200,1300,1400,1500,2400,3400,4500,5100,17000,20000,20000,2668,2668,1200.0,1537.7230395183676,976.1101789999884,20148.568438999973,0.0
1774124876,10,,Aggregated,5.800000,5.800000,1200,1300,1400,1500,2400,3400,4500,5100,17000,20000,20000,2675,2675,1200.0,1537.3977280669183,976.1101789999884,20148.568438999973,0.0
1774124878,10,,Aggregated,5.400000,5.400000,1200,1300,1400,1500,2400,3400,4500,5100,17000,20000,20000,2680,2680,1200.0,1536.7123368455248,976.1101789999884,20148.568438999973,0.0
1774124879,10,,Aggregated,5.600000,5.600000,1200,1300,1400,1500,2400,3300,4500,5100,17000,20000,20000,2686,2686,1200.0,1536.0780547133302,976.1101789999884,20148.568438999973,0.0
1774124880,10,,Aggregated,5.700000,5.700000,1200,1300,1400,1500,2400,3400,4500,5100,17000,20000,20000,2691,2691,1200.0,1536.4490527866983,976.1101789999884,20148.568438999973,0.0
1774124881,10,,Aggregated,5.600000,5.600000,1200,1300,1400,1500,2400,3400,4500,5100,17000,20000,20000,2697,2697,1200.0,1536.2347035354117,976.1101789999884,20148.568438999973,0.0
1774124882,10,,Aggregated,5.700000,5.700000,1200,1300,1400,1500,2400,3300,4500,5100,17000,20000,20000,2702,2702,1200.0,1535.7990096502615,976.1101789999884,20148.568438999973,0.0
1774124883,10,,Aggregated,5.700000,5.700000,1200,1300,1400,1500,2400,3300,4500,5100,17000,20000,20000,2708,2708,1200.0,1535.0434251680235,976.1101789999884,20148.568438999973,0.0
1774124884,10,,Aggregated,5.500000,5.500000,1200,1300,1400,1500,2400,3300,4500,5100,17000,20000,20000,2714,2714,1200.0,1534.8302203658836,976.1101789999884,20148.568438999973,0.0
1774124885,10,,Aggregated,5.600000,5.600000,1200,1300,1400,1500,2400,3400,4500,5100,17000,20000,20000,2720,2720,1200.0,1535.3926993386056,976.1101789999884,20148.568438999973,0.0
1774124886,10,,Aggregated,5.600000,5.600000,1200,1300,1400,1500,2400,3300,4500,5100,17000,20000,20000,2726,2726,1200.0,1534.5515952762316,976.1101789999884,20148.568438999973,0.0
1774124887,10,,Aggregated,5.800000,5.800000,1200,1300,1400,1500,2400,3300,4500,5100,17000,20000,20000,2732,2732,1200.0,1534.2401562108366,976.1101789999884,20148.568438999973,0.0
1774124888,10,,Aggregated,5.800000,5.800000,1200,1300,1400,1500,2400,3300,4500,5100,17000,20000,20000,2736,2736,1200.0,1533.9003294608938,976.1101789999884,20148.568438999973,0.0
1774124889,10,,Aggregated,5.600000,5.600000,1200,1300,1400,1500,2400,3300,4500,5100,17000,20000,20000,2744,2744,1200.0,1533.6491173228878,976.1101789999884,20148.568438999973,0.0
1774124890,10,,Aggregated,5.600000,5.600000,1200,1300,1400,1500,2400,3300,4500,5100,17000,20000,20000,2749,2749,1200.0,1533.7384957646439,976.1101789999884,20148.568438999973,0.0
1774124891,10,,Aggregated,5.700000,5.700000,1200,1300,1400,1500,2400,3300,4500,5100,17000,20000,20000,2755,2755,1200.0,1532.9821252083507,976.1101789999884,20148.568438999973,0.0
1774124892,10,,Aggregated,5.700000,5.700000,1200,1300,1400,1500,2400,3300,4500,5100,17000,20000,20000,2761,2761,1200.0,1533.1934214965613,976.1101789999884,20148.568438999973,0.0
1774124893,10,,Aggregated,5.700000,5.700000,1200,1300,1400,1500,2400,3300,4500,5100,17000,20000,20000,2766,2766,1200.0,1533.384436682938,976.1101789999884,20148.568438999973,0.0
1774124894,10,,Aggregated,5.600000,5.600000,1200,1300,1400,1500,2400,3300,4500,5100,17000,20000,20000,2772,2772,1200.0,1532.6693653632778,976.1101789999884,20148.568438999973,0.0
1774124895,10,,Aggregated,5.800000,5.800000,1200,1300,1400,1500,2400,3300,4500,5100,17000,20000,20000,2776,2776,1200.0,1532.2201133940948,976.1101789999884,20148.568438999973,0.0
1774124896,10,,Aggregated,5.600000,5.600000,1200,1300,1400,1500,2400,3300,4500,5100,17000,20000,20000,2783,2783,1200.0,1532.2636378426191,976.1101789999884,20148.568438999973,0.0
1774124897,10,,Aggregated,5.600000,5.600000,1200,1300,1400,1500,2400,3300,4500,5100,17000,20000,20000,2789,2789,1200.0,1532.2026268673394,976.1101789999884,20148.568438999973,0.0
1774124898,10,,Aggregated,5.600000,5.600000,1200,1300,1400,1500,2400,3300,4500,5100,17000,20000,20000,2794,2794,1200.0,1531.691051141736,976.1101789999884,20148.568438999973,0.0
1774124899,10,,Aggregated,5.800000,5.800000,1200,1300,1400,1500,2400,3300,4500,5100,17000,20000,20000,2800,2800,1200.0,1530.9798914939317,976.1101789999884,20148.568438999973,0.0
1774124900,10,,Aggregated,5.600000,5.600000,1200,1300,1400,1500,2400,3300,4500,5100,17000,20000,20000,2808,2808,1200.0,1531.0124424651028,976.1101789999884,20148.568438999973,0.0
1774124901,10,,Aggregated,5.600000,5.600000,1200,1300,1400,1500,2400,3300,4500,5100,17000,20000,20000,2813,2813,1200.0,1530.5890647038775,976.1101789999884,20148.568438999973,0.0
1774124902,10,,Aggregated,5.800000,5.800000,1200,1300,1400,1500,2400,3300,4500,5100,17000,20000,20000,2817,2817,1200.0,1530.3632642108653,976.1101789999884,20148.568438999973,0.0
1774124903,10,,Aggregated,5.600000,5.600000,1200,1300,1400,1500,2400,3300,4500,5100,17000,20000,20000,2824,2824,1200.0,1530.9092984348472,976.1101789999884,20148.568438999973,0.0
1774124904,10,,Aggregated,5.600000,5.600000,1200,1300,1400,1500,2400,3300,4500,5100,17000,20000,20000,2830,2830,1200.0,1530.285432912724,976.1101789999884,20148.568438999973,0.0
1774124905,10,,Aggregated,5.500000,5.500000,1200,1300,1400,1500,2400,3300,4500,5100,17000,20000,20000,2836,2836,1200.0,1529.4061853776477,976.1101789999884,20148.568438999973,0.0
1774124906,10,,Aggregated,5.800000,5.800000,1200,1300,1400,1500,2400,3300,4500,5100,17000,20000,20000,2842,2842,1200.0,1529.3170786073215,976.1101789999884,20148.568438999973,0.0
1774124907,10,,Aggregated,5.900000,5.900000,1200,1300,1400,1500,2400,3300,4500,5100,17000,20000,20000,2847,2847,1200.0,1529.421993633651,976.1101789999884,20148.568438999973,0.0
1774124908,10,,Aggregated,5.500000,5.500000,1200,1300,1400,1500,2400,3300,4500,5100,17000,20000,20000,2855,2855,1200.0,1528.9757806262712,976.1101789999884,20148.568438999973,0.0
1774124909,10,,Aggregated,5.600000,5.600000,1200,1300,1400,1500,2400,3300,4500,5100,17000,20000,20000,2858,2858,1200.0,1528.7791865206452,976.1101789999884,20148.568438999973,0.0
1774124910,10,,Aggregated,5.800000,5.800000,1200,1300,1400,1500,2400,3300,4500,5100,17000,20000,20000,2865,2865,1200.0,1528.697028439094,976.1101789999884,20148.568438999973,0.0
1774124911,10,,Aggregated,5.600000,5.600000,1200,1300,1400,1500,2300,3300,4500,5100,17000,20000,20000,2871,2871,1200.0,1527.9572951654495,976.1101789999884,20148.568438999973,0.0
1774124912,10,,Aggregated,5.600000,5.600000,1200,1300,1400,1500,2400,3300,4500,5100,17000,20000,20000,2877,2877,1200.0,1527.9792646701446,976.1101789999884,20148.568438999973,0.0
1774124913,10,,Aggregated,5.800000,5.800000,1200,1300,1400,1500,2300,3300,4500,5100,17000,20000,20000,2881,2881,1200.0,1527.4823480347115,976.1101789999884,20148.568438999973,0.0
1774124914,10,,Aggregated,6.000000,6.000000,1200,1300,1400,1500,2400,3300,4500,5100,17000,20000,20000,2888,2888,1200.0,1527.3803607119125,976.1101789999884,20148.568438999973,0.0
1774124915,10,,Aggregated,5.900000,5.900000,1200,1300,1400,1500,2400,3300,4500,5100,17000,20000,20000,2896,2896,1200.0,1527.0103809461332,976.1101789999884,20148.568438999973,0.0
1774124916,10,,Aggregated,5.800000,5.800000,1200,1300,1400,1500,2400,3300,4500,5100,17000,20000,20000,2900,2900,1200.0,1526.5670013217245,976.1101789999884,20148.568438999973,0.0
1774124917,10,,Aggregated,5.700000,5.700000,1200,1300,1400,1500,2400,3300,4500,5000,17000,20000,20000,2907,2907,1200.0,1526.408920453045,976.1101789999884,20148.568438999973,0.0
1774124918,10,,Aggregated,6.100000,6.100000,1200,1300,1400,1500,2300,3300,4500,5000,17000,20000,20000,2913,2913,1200.0,1525.6738702729149,976.1101789999884,20148.568438999973,0.0
1774124919,10,,Aggregated,5.900000,5.900000,1200,1300,1400,1500,2400,3300,4500,5000,17000,20000,20000,2918,2918,1200.0,1525.8197032751893,976.1101789999884,20148.568438999973,0.0
1774124920,10,,Aggregated,5.800000,5.800000,1200,1300,1400,1500,2300,3300,4500,5000,17000,20000,20000,2922,2922,1200.0,1525.3671368809046,976.1101789999884,20148.568438999973,0.0
1774124921,10,,Aggregated,6.000000,6.000000,1200,1300,1400,1500,2400,3300,4500,5000,17000,20000,20000,2930,2930,1200.0,1525.3504204327653,976.1101789999884,20148.568438999973,0.0
1774124922,10,,Aggregated,5.900000,5.900000,1200,1300,1400,1500,2400,3300,4500,5000,17000,20000,20000,2936,2936,1200.0,1525.5194528736386,976.1101789999884,20148.568438999973,0.0
1774124923,10,,Aggregated,5.800000,5.800000,1200,1300,1400,1500,2400,3300,4500,5000,17000,20000,20000,2940,2940,1200.0,1525.074497594219,976.1101789999884,20148.568438999973,0.0
1774124924,10,,Aggregated,5.700000,5.700000,1200,1300,1400,1500,2300,3300,4500,5000,17000,20000,20000,2947,2947,1200.0,1524.3311845544636,976.1101789999884,20148.568438999973,0.0
1774124925,10,,Aggregated,5.600000,5.600000,1200,1300,1400,1500,2400,3300,4400,5000,17000,20000,20000,2954,2954,1200.0,1524.921690803658,976.1101789999884,20148.568438999973,0.0
1774124926,10,,Aggregated,5.700000,5.700000,1200,1300,1400,1500,2400,3300,4400,5000,17000,20000,20000,2958,2958,1200.0,1524.57772766464,976.1101789999884,20148.568438999973,0.0
1774124927,10,,Aggregated,5.800000,5.800000,1200,1300,1400,1500,2300,3300,4400,5000,17000,20000,20000,2964,2964,1200.0,1524.2088107196369,976.1101789999884,20148.568438999973,0.0
1774124928,10,,Aggregated,5.800000,5.800000,1200,1300,1400,1500,2400,3300,4400,5000,17000,20000,20000,2970,2970,1200.0,1524.095896971382,976.1101789999884,20148.568438999973,0.0
1774124929,10,,Aggregated,5.500000,5.500000,1200,1300,1400,1500,2300,3300,4400,5000,17000,20000,20000,2974,2974,1200.0,1523.611843120042,976.1101789999884,20148.568438999973,0.0
1774124930,10,,Aggregated,5.700000,5.700000,1200,1300,1400,1500,2400,3300,4400,5000,17000,20000,20000,2980,2980,1200.0,1523.8403354140962,976.1101789999884,20148.568438999973,0.0
1774124931,10,,Aggregated,5.700000,5.700000,1200,1300,1400,1500,2300,3300,4400,5000,17000,20000,20000,2987,2987,1200.0,1523.1273243046562,976.1101789999884,20148.568438999973,0.0
1774124932,10,,Aggregated,5.700000,5.700000,1200,1300,1400,1500,2300,3300,4400,5000,17000,20000,20000,2993,2993,1200.0,1523.1940435422678,976.1101789999884,20148.568438999973,0.0
1774124933,10,,Aggregated,5.700000,5.700000,1200,1300,1400,1500,2300,3300,4400,5000,17000,20000,20000,2997,2997,1200.0,1522.7753783880567,976.1101789999884,20148.568438999973,0.0
1774124934,10,,Aggregated,5.700000,5.700000,1200,1300,1400,1500,2300,3300,4400,5000,17000,20000,20000,3005,3005,1200.0,1522.9100043623973,976.1101789999884,20148.568438999973,0.0
1774124935,10,,Aggregated,5.800000,5.800000,1200,1300,1400,1500,2300,3300,4400,5000,17000,20000,20000,3011,3011,1200.0,1522.744173596813,976.1101789999884,20148.568438999973,0.0
1774124936,10,,Aggregated,5.500000,5.500000,1200,1300,1400,1500,2300,3300,4400,5000,17000,20000,20000,3015,3015,1200.0,1522.451919240466,976.1101789999884,20148.568438999973,0.0
1774124937,10,,Aggregated,5.800000,5.800000,1200,1300,1400,1500,2400,3300,4400,5000,17000,20000,20000,3023,3023,1200.0,1522.8653976348016,976.1101789999884,20148.568438999973,0.0
1774124938,10,,Aggregated,5.600000,5.600000,1200,1300,1400,1500,2400,3300,4400,5000,17000,20000,20000,3027,3027,1200.0,1522.3952731995391,976.1101789999884,20148.568438999973,0.0
1774124940,10,,Aggregated,5.600000,5.600000,1200,1300,1400,1500,2300,3300,4400,5000,17000,20000,20000,3032,3032,1200.0,1521.8944628604897,976.1101789999884,20148.568438999973,0.0
1774124941,10,,Aggregated,5.800000,5.800000,1200,1300,1400,1500,2400,3300,4400,5000,17000,20000,20000,3040,3040,1200.0,1521.5478178542776,976.1101789999884,20148.568438999973,0.0
1774124942,10,,Aggregated,5.500000,5.500000,1200,1300,1400,1500,2300,3300,4400,5000,17000,20000,20000,3043,3043,1200.0,1521.1531450861005,976.1101789999884,20148.568438999973,0.0
1774124943,10,,Aggregated,5.400000,5.400000,1200,1300,1400,1500,2400,3300,4400,5000,17000,20000,20000,3050,3050,1200.0,1521.5854815796736,976.1101789999884,20148.568438999973,0.0
1774124944,10,,Aggregated,5.800000,5.800000,1200,1300,1400,1500,2400,3300,4400,5000,17000,20000,20000,3057,3057,1200.0,1521.2841246048424,976.1101789999884,20148.568438999973,0.0
1774124945,10,,Aggregated,5.500000,5.500000,1200,1300,1400,1500,2300,3300,4400,5000,17000,20000,20000,3061,3061,1200.0,1520.8733091865413,976.1101789999884,20148.568438999973,0.0
1774124946,10,,Aggregated,5.600000,5.600000,1200,1300,1400,1500,2300,3300,4400,5000,17000,20000,20000,3066,3066,1200.0,1520.9528469849984,976.1101789999884,20148.568438999973,0.0
1774124947,10,,Aggregated,5.500000,5.500000,1200,1300,1400,1500,2300,3300,4400,5000,17000,20000,20000,3074,3074,1200.0,1520.595078198115,976.1101789999884,20148.568438999973,0.0
1774124948,10,,Aggregated,5.400000,5.400000,1200,1300,1400,1500,2300,3300,4400,5000,17000,20000,20000,3079,3079,1200.0,1520.1392516622302,976.1101789999884,20148.568438999973,0.0
1774124949,10,,Aggregated,5.800000,5.800000,1200,1300,1400,1500,2300,3300,4400,5000,17000,20000,20000,3084,3084,1200.0,1519.567960465307,976.1101789999884,20148.568438999973,0.0
1774124950,10,,Aggregated,5.400000,5.400000,1200,1300,1400,1500,2300,3300,4400,5000,17000,20000,20000,3092,3092,1200.0,1520.287226838941,976.1101789999884,20148.568438999973,0.0
1774124951,10,,Aggregated,5.600000,5.600000,1200,1300,1400,1500,2300,3300,4400,5000,17000,20000,20000,3095,3095,1200.0,1519.9928182953172,976.1101789999884,20148.568438999973,0.0
1774124952,10,,Aggregated,5.900000,5.900000,1200,1300,1400,1500,2300,3300,4400,5000,17000,20000,20000,3102,3102,1200.0,1519.3736080596411,976.1101789999884,20148.568438999973,0.0
1774124953,10,,Aggregated,5.400000,5.400000,1200,1300,1400,1500,2300,3300,4400,5000,17000,20000,20000,3108,3108,1200.0,1518.782065341701,976.1101789999884,20148.568438999973,0.0
1774124954,10,,Aggregated,5.800000,5.800000,1200,1300,1400,1500,2300,3300,4400,5000,17000,20000,20000,3113,3113,1200.0,1519.8638443029251,976.1101789999884,20148.568438999973,0.0
1774124955,10,,Aggregated,5.500000,5.500000,1200,1300,1400,1500,2300,3300,4400,5000,17000,20000,20000,3120,3120,1200.0,1519.5394784243613,976.1101789999884,20148.568438999973,0.0
1774124956,10,,Aggregated,5.500000,5.500000,1200,1300,1400,1500,2300,3300,4400,5000,17000,20000,20000,3123,3123,1200.0,1519.2249902385552,976.1101789999884,20148.568438999973,0.0
1774124957,10,,Aggregated,5.500000,5.500000,1200,1300,1400,1500,2400,3300,4400,5000,17000,20000,20000,3130,3130,1200.0,1519.6085592581492,976.1101789999884,20148.568438999973,0.0
1774124958,10,,Aggregated,5.500000,5.500000,1200,1300,1400,1500,2300,3300,4400,5000,17000,20000,20000,3136,3136,1200.0,1519.138204255742,976.1101789999884,20148.568438999973,0.0
1774124959,10,,Aggregated,5.700000,5.700000,1200,1300,1400,1500,2300,3300,4400,5000,17000,20000,20000,3141,3141,1200.0,1518.595303052215,976.1101789999884,20148.568438999973,0.0
1774124960,10,,Aggregated,5.700000,5.700000,1200,1300,1400,1500,2400,3300,4400,5000,17000,20000,20000,3148,3148,1200.0,1519.0128826343728,976.1101789999884,20148.568438999973,0.0
1774124961,10,,Aggregated,5.500000,5.500000,1200,1300,1400,1500,2300,3300,4400,5000,17000,20000,20000,3155,3155,1200.0,1518.2779053131558,976.1101789999884,20148.568438999973,0.0
1774124962,10,,Aggregated,5.400000,5.400000,1200,1300,1400,1500,2400,3300,4400,5000,17000,20000,20000,3160,3160,1200.0,1518.032581993673,976.1101789999884,20148.568438999973,0.0
1774124963,10,,Aggregated,5.800000,5.800000,1200,1300,1400,1500,2300,3300,4400,5000,17000,20000,20000,3165,3165,1200.0,1517.6700896142197,976.1101789999884,20148.568438999973,0.0
1774124964,10,,Aggregated,5.500000,5.500000,1200,1300,1400,1500,2400,3300,4400,5000,17000,20000,20000,3170,3170,1200.0,1517.7913830246077,976.1101789999884,20148.568438999973,0.0
1774124965,10,,Aggregated,5.800000,5.800000,1200,1300,1400,1500,2400,3300,4400,5000,17000,20000,20000,3178,3178,1200.0,1517.487182224357,976.1101789999884,20148.568438999973,0.0
1774124966,10,,Aggregated,5.700000,5.700000,1200,1300,1400,1500,2300,3300,4400,5000,17000,20000,20000,3182,3182,1200.0,1517.0246463761814,976.1101789999884,20148.568438999973,0.0
1774124967,10,,Aggregated,5.700000,5.700000,1200,1300,1400,1500,2400,3300,4400,5000,17000,20000,20000,3189,3189,1200.0,1516.928209989655,976.1101789999884,20148.568438999973,0.0
