Timestamp,User Count,Type,Name,Requests/s,Failures/s,50%,66%,75%,80%,90%,95%,98%,99%,99.9%,99.99%,100%,Total Request Count,Total Failure Count,Total Median Response Time,Total Average Response Time,Total Min Response Time,Total Max Response Time,Total Average Content Size
1772060686,0,,Aggregated,0.000000,0.000000,N/A,N/A,N/A,N/A,N/A,N/A,N/A,N/A,N/A,N/A,N/A,0,0,0,0.0,0,0,0
1772060687,10,,Aggregated,0.000000,0.000000,410,410,410,410,410,410,410,410,410,410,410,12,0,410.0,350.04764258330096,45.53289599971322,412.9831860000195,0.0
1772060688,10,,Aggregated,0.000000,0.000000,240,320,390,410,410,410,410,410,410,410,410,37,0,240.0,244.61437708106206,45.53289599971322,412.9831860000195,0.0
1772060689,10,,Aggregated,10.000000,0.000000,130,220,280,320,410,410,410,410,410,410,410,61,0,130.0,186.69873349183752,35.85502700025245,412.9831860000195,0.0
1772060690,10,,Aggregated,11.000000,0.000000,110,160,220,280,400,410,410,410,410,410,410,83,0,110.0,157.78112128917923,32.50385200044548,412.9831860000195,0.0
1772060691,10,,Aggregated,15.666667,0.000000,99,130,160,220,340,410,410,410,410,410,410,104,0,93,140.91728467309832,32.50385200044548,412.9831860000195,0.0
1772060692,10,,Aggregated,18.000000,0.000000,92,120,160,170,320,410,410,410,410,410,410,127,0,92,132.00241786614964,32.50385200044548,412.9831860000195,0.0
1772060693,10,,Aggregated,18.400000,0.000000,88,120,150,170,290,410,410,410,410,410,410,149,0,88,124.71965238254775,31.72540699961246,412.9831860000195,0.0
1772060694,10,,Aggregated,18.833333,0.000000,92,120,150,160,270,400,410,410,410,410,410,171,0,92,122.01409301169458,31.72540699961246,412.9831860000195,0.0
1772060695,10,,Aggregated,19.142857,0.000000,95,130,160,170,240,390,410,410,410,410,410,191,0,95,124.62355389006487,31.625935999727517,412.9831860000195,0.0
1772060696,10,,Aggregated,19.750000,0.000000,92,120,150,160,230,340,410,410,410,410,410,214,0,91,118.14055832243194,31.133905999922717,412.9831860000195,0.0
1772060697,10,,Aggregated,20.000000,0.000000,89,120,150,160,220,330,410,410,410,410,410,234,0,88,115.75997698290514,31.133905999922717,412.9831860000195,0.0
1772060698,10,,Aggregated,20.200000,0.000000,87,110,140,160,210,320,410,410,410,410,410,260,0,86,112.81425168461352,31.133905999922717,412.9831860000195,0.0
1772060699,10,,Aggregated,21.400000,0.000000,86,110,140,160,200,290,410,410,410,410,410,283,0,86,110.78842868903433,31.133905999922717,412.9831860000195,0.0
1772060700,10,,Aggregated,22.200000,0.000000,88,110,140,150,200,280,410,410,410,410,410,304,0,88,110.85732243090636,31.133905999922717,412.9831860000195,0.0
1772060701,10,,Aggregated,22.500000,0.000000,89,110,140,150,200,280,410,410,410,410,410,329,0,89,109.52333772338727,31.133905999922717,412.9831860000195,0.0
1772060702,10,,Aggregated,22.100000,0.000000,88,110,130,150,190,270,410,410,410,410,410,351,0,88,107.28750049286275,31.133905999922717,412.9831860000195,0.0
1772060703,10,,Aggregated,22.500000,0.000000,90,110,130,150,190,240,410,410,410,410,410,371,0,90,108.04818471696873,31.133905999922717,412.9831860000195,0.0
1772060704,10,,Aggregated,22.700000,0.000000,92,110,130,150,190,240,410,410,410,410,410,394,0,91,107.96807712943422,31.133905999922717,412.9831860000195,0.0
1772060705,10,,Aggregated,22.600000,0.000000,93,120,140,150,190,240,400,410,410,410,410,414,0,93,110.0115732995087,31.133905999922717,412.9831860000195,0.0
1772060706,10,,Aggregated,22.000000,0.000000,90,110,130,150,190,240,400,410,410,410,410,437,0,90,107.8553938489612,31.133905999922717,412.9831860000195,0.0
1772060707,10,,Aggregated,22.300000,0.000000,91,110,140,150,190,240,390,410,410,410,410,457,0,91,108.74797632602866,31.133905999922717,412.9831860000195,0.0
1772060708,10,,Aggregated,21.900000,0.000000,88,110,130,150,190,240,390,410,410,410,410,481,0,88,106.27190978169676,31.133905999922717,412.9831860000195,0.0
1772060709,10,,Aggregated,21.800000,0.000000,89,110,130,150,190,240,340,410,410,410,410,504,0,88,105.68019037697691,31.133905999922717,412.9831860000195,0.0
1772060710,10,,Aggregated,22.200000,0.000000,88,110,130,150,180,240,340,410,410,410,410,526,0,88,104.74762926425075,31.133905999922717,412.9831860000195,0.0
1772060711,10,,Aggregated,21.500000,0.000000,89,110,130,150,190,240,340,410,410,410,410,543,0,89,105.8357478637128,31.133905999922717,412.9831860000195,0.0
1772060712,10,,Aggregated,21.600000,0.000000,89,110,130,150,190,240,330,410,410,410,410,564,0,89,105.91647025176691,31.133905999922717,412.9831860000195,0.0
1772060713,10,,Aggregated,21.300000,0.000000,89,110,130,150,190,240,330,410,410,410,410,588,0,89,105.4835712925137,31.133905999922717,412.9831860000195,0.0
1772060714,10,,Aggregated,21.100000,0.000000,89,110,130,150,180,240,320,410,410,410,410,614,0,89,104.87116057654053,31.133905999922717,412.9831860000195,0.0
1772060715,10,,Aggregated,21.300000,0.000000,88,110,130,140,180,230,320,410,410,410,410,634,0,88,103.9887567555126,30.882199999723525,412.9831860000195,0.0
1772060716,10,,Aggregated,21.700000,0.000000,88,110,130,150,190,230,290,410,410,410,410,655,0,88,104.2777109435027,30.882199999723525,412.9831860000195,0.0
1772060717,10,,Aggregated,21.800000,0.000000,89,110,130,150,190,230,290,410,410,410,410,682,0,89,104.92693451611895,30.882199999723525,412.9831860000195,0.0
1772060718,10,,Aggregated,22.300000,0.000000,87,110,130,140,180,230,290,410,410,410,410,705,0,87,103.45427735176456,30.882199999723525,412.9831860000195,0.0
1772060719,10,,Aggregated,22.300000,0.000000,87,110,130,140,180,220,290,410,410,410,410,724,0,87,102.7156649088322,30.882199999723525,412.9831860000195,0.0
1772060720,10,,Aggregated,22.200000,0.000000,87,110,130,140,190,230,290,410,410,410,410,747,0,87,102.94599873359384,30.882199999723525,412.9831860000195,0.0
1772060721,10,,Aggregated,22.200000,0.000000,87,110,130,140,180,220,280,410,410,410,410,769,0,87,102.69291897008421,30.882199999723525,412.9831860000195,0.0
1772060722,10,,Aggregated,22.400000,0.000000,86,110,130,140,180,220,280,410,410,410,410,790,0,86,102.09062156202013,30.882199999723525,412.9831860000195,0.0
1772060723,10,,Aggregated,22.500000,0.000000,87,110,130,150,190,240,280,400,410,410,410,811,0,87,104.15764500122613,30.882199999723525,412.9831860000195,0.0
1772060724,10,,Aggregated,22.600000,0.000000,88,110,130,150,190,230,280,400,410,410,410,834,0,88,103.68846320502806,30.882199999723525,412.9831860000195,0.0
1772060725,10,,Aggregated,22.600000,0.000000,89,110,130,150,190,230,280,400,410,410,410,858,0,89,103.6704121596652,30.882199999723525,412.9831860000195,0.0
1772060726,10,,Aggregated,21.900000,0.000000,89,110,130,140,190,230,280,400,410,410,410,880,0,88,103.22459077385287,30.882199999723525,412.9831860000195,0.0
1772060727,10,,Aggregated,21.800000,0.000000,89,110,130,150,190,230,280,400,410,410,410,900,0,89,103.71851543887507,30.882199999723525,412.9831860000195,0.0
1772060728,10,,Aggregated,22.000000,0.000000,89,110,130,140,180,230,280,390,410,410,410,922,0,88,103.13309714857488,30.882199999723525,412.9831860000195,0.0
1772060729,10,,Aggregated,21.600000,0.000000,88,110,130,140,180,220,280,390,410,410,410,946,0,88,102.37777769237348,30.882199999723525,412.9831860000195,0.0
1772060730,10,,Aggregated,21.800000,0.000000,89,110,130,140,180,220,280,390,410,410,410,968,0,89,102.96188799172192,30.882199999723525,412.9831860000195,0.0
1772060731,10,,Aggregated,21.900000,0.000000,88,110,130,140,180,220,280,390,410,410,410,991,0,88,102.50761261754627,30.882199999723525,412.9831860000195,0.0
1772060732,10,,Aggregated,22.000000,0.000000,88,110,130,140,180,220,280,340,410,410,410,1015,0,88,102.15082258323736,30.882199999723525,412.9831860000195,0.0
1772060733,10,,Aggregated,21.800000,0.000000,88,110,130,140,180,220,280,340,410,410,410,1038,0,88,101.87472919459157,29.799736999848392,412.9831860000195,0.0
1772060734,10,,Aggregated,22.100000,0.000000,89,110,130,140,180,220,270,340,410,410,410,1058,0,89,101.96163376463845,29.799736999848392,412.9831860000195,0.0
1772060735,10,,Aggregated,21.800000,0.000000,89,110,130,140,180,220,270,340,410,410,410,1081,0,89,103.0225625134025,29.799736999848392,412.9831860000195,0.0
1772060736,10,,Aggregated,23.000000,0.000000,89,110,130,140,180,220,270,330,410,410,410,1106,0,89,102.85151814465209,29.799736999848392,412.9831860000195,0.0
1772060737,10,,Aggregated,22.100000,0.000000,89,110,130,140,180,220,270,330,410,410,410,1130,0,89,102.01988570529899,29.799736999848392,412.9831860000195,0.0
1772060738,10,,Aggregated,21.800000,0.000000,89,110,130,140,180,220,270,330,410,410,410,1154,0,89,102.44476725822413,29.799736999848392,412.9831860000195,0.0
1772060739,10,,Aggregated,22.700000,0.000000,89,110,130,150,180,220,270,330,410,410,410,1177,0,89,102.6390795250567,29.799736999848392,412.9831860000195,0.0
1772060740,10,,Aggregated,22.400000,0.000000,89,110,130,140,180,220,270,330,410,410,410,1199,0,89,102.42752440866411,29.799736999848392,412.9831860000195,0.0
1772060741,10,,Aggregated,22.600000,0.000000,90,110,130,140,180,210,270,320,410,410,410,1221,0,90,102.41924490580568,29.799736999848392,412.9831860000195,0.0
1772060742,10,,Aggregated,22.400000,0.000000,90,110,130,140,180,210,270,320,410,410,410,1240,0,90,102.07584838627956,29.799736999848392,412.9831860000195,0.0
1772060743,10,,Aggregated,22.700000,0.000000,89,110,130,140,180,210,260,320,410,410,410,1263,0,89,101.94805257718714,29.799736999848392,412.9831860000195,0.0
1772060744,10,,Aggregated,22.400000,0.000000,90,110,130,140,180,210,260,320,410,410,410,1286,0,90,102.2794791850585,29.799736999848392,412.9831860000195,0.0
1772060745,10,,Aggregated,22.500000,0.000000,90,110,130,140,180,210,260,320,410,410,410,1306,0,90,102.09737808115203,29.799736999848392,412.9831860000195,0.0
1772060746,10,,Aggregated,22.200000,0.000000,89,110,130,140,180,210,260,320,410,410,410,1329,0,89,101.65789727162385,29.799736999848392,412.9831860000195,0.0
1772060747,10,,Aggregated,22.600000,0.000000,89,110,130,140,180,210,260,320,410,410,410,1351,0,89,101.47383174092305,29.799736999848392,412.9831860000195,0.0
1772060748,10,,Aggregated,22.400000,0.000000,89,110,130,140,180,210,260,320,410,410,410,1375,0,89,101.33586477235534,29.799736999848392,412.9831860000195,0.0
1772060749,10,,Aggregated,22.200000,0.000000,89,110,130,140,180,210,250,290,410,410,410,1401,0,89,101.16766056101834,29.799736999848392,412.9831860000195,0.0
1772060751,10,,Aggregated,22.100000,0.000000,89,110,130,140,180,210,260,290,410,410,410,1418,0,89,101.64251157192182,29.799736999848392,412.9831860000195,0.0
1772060752,10,,Aggregated,22.200000,0.000000,89,110,130,140,180,210,260,290,410,410,410,1442,0,89,101.4382104091438,29.799736999848392,412.9831860000195,0.0
1772060753,10,,Aggregated,22.400000,0.000000,89,110,130,140,180,210,250,290,410,410,410,1465,0,89,101.25098500954597,29.799736999848392,412.9831860000195,0.0
1772060754,10,,Aggregated,21.800000,0.000000,89,110,130,140,180,210,250,290,410,410,410,1487,0,89,100.9001482568795,29.799736999848392,412.9831860000195,0.0
1772060755,10,,Aggregated,22.300000,0.000000,89,110,130,140,180,210,250,290,410,410,410,1509,0,89,100.59739362158992,29.799736999848392,412.9831860000195,0.0
1772060756,10,,Aggregated,22.300000,0.000000,89,110,130,140,180,210,250,290,410,410,410,1529,0,89,100.78017927925386,29.799736999848392,412.9831860000195,0.0
1772060757,10,,Aggregated,22.100000,0.000000,89,110,130,140,180,210,250,290,410,410,410,1555,0,89,100.38298309709455,29.799736999848392,412.9831860000195,0.0
1772060758,10,,Aggregated,22.300000,0.000000,90,110,130,140,180,210,260,300,410,410,410,1572,0,89,101.06266612848793,29.799736999848392,412.9831860000195,0.0
1772060759,10,,Aggregated,22.100000,0.000000,89,110,130,140,180,210,260,300,410,410,410,1596,0,89,100.6188803984854,29.799736999848392,412.9831860000195,0.0
1772060760,10,,Aggregated,22.100000,0.000000,89,110,130,140,180,210,260,300,410,410,410,1620,0,89,100.40415040924887,29.799736999848392,412.9831860000195,0.0
1772060761,10,,Aggregated,21.800000,0.000000,89,110,130,140,180,210,260,300,410,410,410,1640,0,89,100.68932294267181,29.799736999848392,412.9831860000195,0.0
1772060762,10,,Aggregated,21.900000,0.000000,89,110,130,140,180,210,260,300,410,410,410,1663,0,89,100.26495364701279,29.799736999848392,412.9831860000195,0.0
1772060763,10,,Aggregated,22.000000,0.000000,89,110,130,140,180,210,260,300,410,410,410,1684,0,89,100.20257484500151,29.799736999848392,412.9831860000195,0.0
1772060764,10,,Aggregated,21.900000,0.000000,89,110,130,140,180,210,260,290,410,410,410,1706,0,89,100.08518543961374,29.799736999848392,412.9831860000195,0.0
1772060765,10,,Aggregated,21.800000,0.000000,88,110,130,140,180,200,260,290,410,410,410,1732,0,88,99.70720076499966,29.799736999848392,412.9831860000195,0.0
1772060766,10,,Aggregated,21.800000,0.000000,88,110,130,140,180,210,250,290,410,410,410,1751,0,88,99.91412108850965,29.799736999848392,412.9831860000195,0.0
1772060767,10,,Aggregated,22.100000,0.000000,88,110,130,140,170,200,250,290,410,410,410,1775,0,88,99.78712447829955,29.799736999848392,412.9831860000195,0.0
1772060768,10,,Aggregated,22.100000,0.000000,88,110,130,140,170,200,250,290,410,410,410,1794,0,88,99.6132356025527,29.799736999848392,412.9831860000195,0.0
1772060769,10,,Aggregated,21.700000,0.000000,88,110,130,140,180,210,250,290,410,410,410,1816,0,88,100.1786003155178,29.799736999848392,412.9831860000195,0.0
1772060770,10,,Aggregated,21.700000,0.000000,89,110,130,140,180,210,250,290,410,410,410,1835,0,89,100.42057488336701,29.799736999848392,412.9831860000195,0.0
1772060771,10,,Aggregated,22.000000,0.000000,88,110,130,140,180,210,250,290,410,410,410,1857,0,88,100.14894203122306,29.799736999848392,412.9831860000195,0.0
1772060772,10,,Aggregated,21.500000,0.000000,88,110,130,140,180,210,250,290,410,410,410,1882,0,88,99.8423462502561,29.799736999848392,412.9831860000195,0.0
1772060773,10,,Aggregated,21.900000,0.000000,89,110,130,140,180,210,250,280,410,410,410,1903,0,89,100.34684974460362,29.799736999848392,412.9831860000195,0.0
1772060774,10,,Aggregated,21.600000,0.000000,89,110,130,140,180,210,250,280,410,410,410,1925,0,89,100.46796467271633,29.799736999848392,412.9831860000195,0.0
1772060775,10,,Aggregated,21.900000,0.000000,89,110,130,140,180,210,250,280,410,410,410,1950,0,89,100.3897361866569,29.799736999848392,412.9831860000195,0.0
1772060776,10,,Aggregated,21.600000,0.000000,89,110,130,140,180,200,250,280,410,410,410,1972,0,89,100.31302610141034,29.799736999848392,412.9831860000195,0.0
1772060777,10,,Aggregated,21.800000,0.000000,88,110,130,140,180,200,250,280,410,410,410,1993,0,88,100.00412287404967,29.799736999848392,412.9831860000195,0.0
1772060778,10,,Aggregated,21.700000,0.000000,88,110,130,140,180,200,250,280,410,410,410,2017,0,88,99.69375399999008,29.799736999848392,412.9831860000195,0.0
1772060779,10,,Aggregated,22.000000,0.000000,88,110,130,140,180,200,250,280,410,410,410,2040,0,88,99.70135387204844,29.799736999848392,412.9831860000195,0.0
1772060780,10,,Aggregated,22.300000,0.000000,88,110,130,140,180,200,250,280,410,410,410,2064,0,88,99.58180848109474,29.799736999848392,412.9831860000195,0.0
1772060781,10,,Aggregated,22.000000,0.000000,87,110,130,140,180,200,250,280,410,410,410,2085,0,87,99.19631630790474,29.799736999848392,412.9831860000195,0.0
1772060782,10,,Aggregated,22.100000,0.000000,87,110,130,140,180,200,250,280,410,410,410,2109,0,87,98.9479328131731,29.799736999848392,412.9831860000195,0.0
1772060783,10,,Aggregated,22.400000,0.000000,88,110,130,140,180,200,250,280,410,410,410,2129,0,88,99.48016482385263,29.799736999848392,412.9831860000195,0.0
1772060784,10,,Aggregated,22.500000,0.000000,88,110,130,140,180,210,250,280,410,410,410,2147,0,88,99.90663452723821,29.799736999848392,412.9831860000195,0.0
1772060785,10,,Aggregated,21.900000,0.000000,88,110,130,140,180,210,250,280,410,410,410,2170,0,88,99.72737554284879,29.799736999848392,412.9831860000195,0.0
1772060786,10,,Aggregated,21.800000,0.000000,88,110,130,140,180,210,250,280,410,410,410,2195,0,88,99.43631861456981,29.799736999848392,412.9831860000195,0.0
1772060787,10,,Aggregated,21.800000,0.000000,88,110,130,140,180,210,240,280,410,410,410,2215,0,88,99.45823831737312,29.799736999848392,412.9831860000195,0.0
1772060788,10,,Aggregated,22.100000,0.000000,88,110,130,140,180,200,240,280,410,410,410,2238,0,88,99.35870176630301,29.799736999848392,412.9831860000195,0.0
1772060789,10,,Aggregated,22.400000,0.000000,88,110,130,140,180,200,240,280,410,410,410,2260,0,88,99.4046145951263,29.799736999848392,412.9831860000195,0.0
1772060790,10,,Aggregated,21.900000,0.000000,87,110,130,140,180,200,240,280,410,410,410,2282,0,87,99.24160031287894,29.799736999848392,412.9831860000195,0.0
1772060791,10,,Aggregated,22.400000,0.000000,88,110,130,140,180,200,240,280,410,410,410,2301,0,88,99.15111854758281,29.799736999848392,412.9831860000195,0.0
1772060792,10,,Aggregated,22.100000,0.000000,88,110,130,140,180,200,240,280,410,410,410,2324,0,88,99.58476166651681,29.799736999848392,412.9831860000195,0.0
1772060793,10,,Aggregated,21.900000,0.000000,88,110,130,140,180,200,240,280,410,410,410,2349,0,88,99.42142761089211,29.799736999848392,412.9831860000195,0.0
1772060794,10,,Aggregated,21.800000,0.000000,88,110,130,140,180,200,240,280,410,410,410,2369,0,88,99.44228742675647,29.799736999848392,412.9831860000195,0.0
1772060795,10,,Aggregated,22.000000,0.000000,87,110,130,140,180,200,240,280,410,410,410,2393,0,87,99.21916153948439,29.799736999848392,412.9831860000195,0.0
1772060796,10,,Aggregated,22.500000,0.000000,88,110,130,140,180,210,250,280,410,410,410,2408,0,88,99.68725972590697,29.799736999848392,412.9831860000195,0.0
1772060797,10,,Aggregated,22.100000,0.000000,88,110,130,140,180,210,250,290,410,410,410,2431,0,88,100.12507049402899,29.799736999848392,412.9831860000195,0.0
1772060798,10,,Aggregated,21.700000,0.000000,88,110,130,140,180,210,250,290,410,410,410,2454,0,87,99.81322190097261,29.799736999848392,412.9831860000195,0.0
1772060799,10,,Aggregated,21.000000,0.000000,87,110,130,140,180,210,250,290,410,410,410,2479,0,87,99.52930883823616,29.799736999848392,412.9831860000195,0.0
1772060800,10,,Aggregated,21.300000,0.000000,87,110,130,140,180,210,250,280,410,410,410,2502,0,87,99.5192740027939,29.799736999848392,412.9831860000195,0.0
1772060801,10,,Aggregated,21.200000,0.000000,87,110,130,140,180,210,250,290,410,410,410,2519,0,87,99.89721825724081,29.799736999848392,412.9831860000195,0.0
1772060802,10,,Aggregated,21.500000,0.000000,88,110,130,140,180,210,260,290,410,410,410,2539,0,88,100.61481471996338,29.799736999848392,412.9831860000195,0.0
1772060803,10,,Aggregated,20.900000,0.000000,88,110,130,140,180,220,260,290,410,410,410,2557,0,88,101.18061381540414,29.799736999848392,412.9831860000195,0.0
1772060804,10,,Aggregated,20.900000,0.000000,88,110,130,140,180,220,260,290,410,410,410,2577,0,88,101.35530196545974,29.799736999848392,412.9831860000195,0.0
1772060805,10,,Aggregated,20.900000,0.000000,88,110,130,140,180,220,260,290,410,410,410,2601,0,88,101.09634709995693,29.799736999848392,412.9831860000195,0.0
1772060806,10,,Aggregated,20.100000,0.000000,88,110,130,140,180,210,260,290,410,410,410,2626,0,88,101.00240343259223,29.799736999848392,412.9831860000195,0.0
1772060807,10,,Aggregated,20.700000,0.000000,88,110,130,140,180,210,260,290,410,410,410,2644,0,88,100.79820068305071,29.799736999848392,412.9831860000195,0.0
1772060808,10,,Aggregated,20.900000,0.000000,87,110,130,140,180,210,260,290,410,410,410,2668,0,87,100.59507996026491,29.799736999848392,412.9831860000195,0.0
1772060809,10,,Aggregated,21.100000,0.000000,87,110,130,140,180,210,260,290,410,410,410,2692,0,87,100.29433956983131,29.799736999848392,412.9831860000195,0.0
1772060810,10,,Aggregated,21.100000,0.000000,87,110,130,140,180,210,260,290,410,410,410,2714,0,87,100.13220086734879,29.799736999848392,412.9831860000195,0.0
1772060811,10,,Aggregated,21.100000,0.000000,87,110,130,140,180,220,260,290,410,410,410,2735,0,87,100.67774209798266,29.799736999848392,412.9831860000195,0.0
1772060812,10,,Aggregated,21.000000,0.000000,87,110,130,140,180,210,260,290,410,410,410,2755,0,87,100.81273921269779,29.799736999848392,412.9831860000195,0.0
1772060813,10,,Aggregated,21.600000,0.000000,87,110,130,140,180,220,260,290,410,410,410,2776,0,87,100.92348705258716,29.799736999848392,412.9831860000195,0.0
1772060814,10,,Aggregated,21.600000,0.000000,88,110,130,140,180,220,260,290,410,410,410,2800,0,88,101.03729955892149,29.799736999848392,412.9831860000195,0.0
1772060815,10,,Aggregated,21.800000,0.000000,88,110,130,140,180,220,260,290,410,410,410,2819,0,88,101.16763878608809,29.799736999848392,412.9831860000195,0.0
1772060816,10,,Aggregated,22.100000,0.000000,88,110,130,140,180,220,260,290,410,410,410,2842,0,88,101.03284897254775,29.799736999848392,412.9831860000195,0.0
1772060817,10,,Aggregated,21.900000,0.000000,87,110,130,140,180,220,260,290,410,410,410,2864,0,87,100.8631860548108,29.799736999848392,412.9831860000195,0.0
1772060818,10,,Aggregated,21.500000,0.000000,87,110,130,140,180,210,260,290,410,410,410,2888,0,87,100.80027721259677,29.799736999848392,412.9831860000195,0.0
1772060819,10,,Aggregated,21.900000,0.000000,87,110,130,140,180,210,260,290,410,410,410,2913,0,87,100.68918964880812,29.799736999848392,412.9831860000195,0.0
1772060820,10,,Aggregated,21.700000,0.000000,87,110,130,140,180,210,260,290,410,410,410,2934,0,87,100.70182785104886,29.799736999848392,412.9831860000195,0.0
1772060821,10,,Aggregated,21.900000,0.000000,87,110,130,140,180,220,260,290,410,410,410,2955,0,87,101.0262730791803,29.799736999848392,412.9831860000195,0.0
1772060822,10,,Aggregated,22.100000,0.000000,87,110,130,140,180,220,260,290,410,410,410,2976,0,87,101.06178325939976,29.799736999848392,412.9831860000195,0.0
1772060823,10,,Aggregated,21.700000,0.000000,88,110,130,140,180,220,260,290,410,410,410,2991,0,88,101.1913811470991,29.799736999848392,412.9831860000195,0.0
1772060824,10,,Aggregated,22.000000,0.000000,87,110,130,150,190,220,260,290,410,410,410,3017,0,87,101.42492293867208,29.799736999848392,412.9831860000195,0.0
1772060825,10,,Aggregated,21.400000,0.000000,88,110,130,150,190,220,260,290,410,410,410,3036,0,88,101.74395077568285,29.799736999848392,412.9831860000195,0.0
1772060826,10,,Aggregated,21.600000,0.000000,88,110,130,150,190,220,260,290,410,410,410,3051,0,88,102.1742081914036,29.799736999848392,412.9831860000195,0.0
1772060827,10,,Aggregated,21.500000,0.000000,88,110,130,150,190,220,270,300,410,410,410,3071,0,88,103.03917997263777,29.799736999848392,412.9831860000195,0.0
1772060828,10,,Aggregated,21.100000,0.000000,88,110,130,150,190,220,270,300,410,410,410,3093,0,88,102.78084061104785,29.799736999848392,412.9831860000195,0.0
1772060829,10,,Aggregated,20.900000,0.000000,88,110,130,150,190,220,270,300,410,410,410,3114,0,88,102.96816775914282,29.799736999848392,412.9831860000195,0.0
1772060830,10,,Aggregated,20.700000,0.000000,88,110,130,150,190,220,270,300,410,410,410,3136,0,88,102.83441413774601,29.799736999848392,412.9831860000195,0.0
1772060831,10,,Aggregated,20.500000,0.000000,88,110,130,150,190,220,270,300,410,410,410,3161,0,88,102.73643992501599,29.799736999848392,412.9831860000195,0.0
1772060832,10,,Aggregated,19.700000,0.000000,88,110,130,150,190,220,270,300,410,410,410,3180,0,88,102.85664975942623,29.799736999848392,412.9831860000195,0.0
1772060833,10,,Aggregated,20.300000,0.000000,88,110,130,150,190,220,270,300,410,410,410,3205,0,88,102.65012453696546,29.799736999848392,412.9831860000195,0.0
1772060834,10,,Aggregated,20.400000,0.000000,88,110,130,150,190,220,270,300,410,410,410,3224,0,87,102.74326670315658,29.799736999848392,412.9831860000195,0.0
1772060835,10,,Aggregated,20.900000,0.000000,88,110,130,150,190,230,280,300,410,410,410,3239,0,88,103.08349126952041,29.799736999848392,412.9831860000195,0.0
1772060836,10,,Aggregated,20.900000,0.000000,88,110,130,150,190,230,270,300,410,410,410,3263,0,88,103.29572301010668,29.799736999848392,412.9831860000195,0.0
1772060837,10,,Aggregated,20.100000,0.000000,88,110,130,150,190,230,270,300,410,410,410,3285,0,88,103.1096312456554,29.799736999848392,412.9831860000195,0.0
1772060838,10,,Aggregated,20.900000,0.000000,88,110,130,150,190,230,270,300,410,410,410,3307,0,88,103.07327980283598,29.799736999848392,412.9831860000195,0.0
1772060839,10,,Aggregated,20.600000,0.000000,88,110,130,150,190,230,280,300,410,410,410,3327,0,88,103.43542090591619,29.799736999848392,412.9831860000195,0.0
1772060840,10,,Aggregated,20.900000,0.000000,88,110,130,150,190,230,280,300,410,410,410,3348,0,88,103.4764747350616,29.799736999848392,412.9831860000195,0.0
1772060841,10,,Aggregated,20.400000,0.000000,88,110,130,150,190,230,280,300,410,410,410,3370,0,87,103.26176113144872,29.799736999848392,412.9831860000195,0.0
1772060842,10,,Aggregated,21.200000,0.000000,88,110,130,150,190,230,280,300,410,410,410,3394,0,88,103.15181265644785,29.799736999848392,412.9831860000195,0.0
1772060843,10,,Aggregated,21.000000,0.000000,87,110,130,150,190,230,280,300,410,410,410,3416,0,87,102.90122295608433,29.799736999848392,412.9831860000195,0.0
1772060844,10,,Aggregated,20.800000,0.000000,87,110,130,150,190,230,280,300,410,410,410,3439,0,87,102.83345715934412,29.799736999848392,412.9831860000195,0.0
1772060845,10,,Aggregated,20.800000,0.000000,87,110,130,150,190,230,280,300,410,410,410,3466,0,87,102.71323616329583,29.799736999848392,412.9831860000195,0.0
1772060846,10,,Aggregated,21.100000,0.000000,87,110,130,150,190,230,280,300,410,410,410,3490,0,87,102.48703484841907,29.799736999848392,412.9831860000195,0.0
1772060847,10,,Aggregated,21.800000,0.000000,87,110,130,150,190,230,270,300,410,410,410,3515,0,87,102.27736123043522,29.799736999848392,412.9831860000195,0.0
1772060848,10,,Aggregated,22.100000,0.000000,87,110,130,150,190,220,270,300,410,410,410,3533,0,87,102.18286470421177,29.799736999848392,412.9831860000195,0.0
1772060849,10,,Aggregated,22.700000,0.000000,87,110,130,150,190,220,270,300,410,410,410,3556,0,87,102.20604547834128,29.799736999848392,412.9831860000195,0.0
1772060850,10,,Aggregated,22.500000,0.000000,87,110,130,150,190,220,270,300,410,410,410,3579,0,87,102.15319677171783,29.799736999848392,412.9831860000195,0.0
1772060851,10,,Aggregated,23.400000,0.000000,87,110,130,150,190,220,270,300,410,410,410,3603,0,87,102.25945578961367,29.799736999848392,412.9831860000195,0.0
1772060852,10,,Aggregated,23.100000,0.000000,87,110,130,150,190,230,280,300,410,410,410,3623,0,87,102.68844410625901,29.799736999848392,412.9831860000195,0.0
1772060853,10,,Aggregated,23.100000,0.000000,87,110,130,150,190,230,280,300,410,410,410,3644,0,87,102.86447733616279,29.799736999848392,412.9831860000195,0.0
1772060854,10,,Aggregated,22.700000,0.000000,87,110,130,150,190,230,280,300,410,410,410,3668,0,87,102.8360371837444,29.799736999848392,412.9831860000195,0.0
1772060855,10,,Aggregated,22.600000,0.000000,87,110,130,150,190,230,280,300,410,410,410,3687,0,87,102.81368362245048,29.799736999848392,412.9831860000195,0.0
1772060856,10,,Aggregated,22.500000,0.000000,87,110,130,150,190,230,280,300,410,410,410,3709,0,87,102.60913950012754,29.799736999848392,412.9831860000195,0.0
1772060857,10,,Aggregated,22.400000,0.000000,87,110,130,150,190,230,280,300,410,410,410,3728,0,87,102.60324990503605,29.799736999848392,412.9831860000195,0.0
1772060858,10,,Aggregated,21.900000,0.000000,87,110,130,150,190,230,280,300,410,410,410,3752,0,87,102.61025906982302,29.799736999848392,412.9831860000195,0.0
1772060859,10,,Aggregated,21.700000,0.000000,87,110,130,150,190,230,280,300,410,410,410,3776,0,87,102.56223302223968,29.799736999848392,412.9831860000195,0.0
1772060860,10,,Aggregated,21.800000,0.000000,87,110,130,150,190,220,280,300,410,410,410,3800,0,87,102.36708381762577,29.799736999848392,412.9831860000195,0.0
1772060861,10,,Aggregated,21.400000,0.000000,87,110,130,150,190,220,280,300,410,410,410,3827,0,87,102.14240813822265,29.799736999848392,412.9831860000195,0.0
1772060862,10,,Aggregated,21.400000,0.000000,87,110,130,150,190,220,270,300,410,410,410,3851,0,87,102.04281156374425,29.799736999848392,412.9831860000195,0.0
1772060863,10,,Aggregated,21.400000,0.000000,87,110,130,150,190,220,270,300,410,410,410,3873,0,87,101.91397428762725,29.799736999848392,412.9831860000195,0.0
1772060864,10,,Aggregated,22.300000,0.000000,87,110,130,140,190,220,270,300,410,410,410,3895,0,87,101.74003544235718,29.799736999848392,412.9831860000195,0.0
1772060865,10,,Aggregated,22.700000,0.000000,86,110,130,140,190,220,270,300,410,410,410,3918,0,86,101.5101700109709,29.799736999848392,412.9831860000195,0.0
1772060867,10,,Aggregated,22.600000,0.000000,86,110,130,140,190,220,270,300,410,410,410,3940,0,86,101.36617215380257,29.799736999848392,412.9831860000195,0.0
1772060868,10,,Aggregated,22.700000,0.000000,86,110,130,140,190,220,270,300,410,410,410,3965,0,86,101.17430085220202,29.799736999848392,412.9831860000195,0.0
1772060869,10,,Aggregated,22.900000,0.000000,86,110,130,140,190,220,270,300,410,410,410,3987,0,86,101.22352098293938,29.799736999848392,412.9831860000195,0.0
1772060870,10,,Aggregated,22.900000,0.000000,86,110,130,140,190,220,270,300,410,410,410,4009,0,86,101.16565403641322,29.799736999848392,412.9831860000195,0.0
1772060871,10,,Aggregated,23.200000,0.000000,86,110,130,140,190,220,270,300,410,410,410,4032,0,86,100.93896721006455,29.799736999848392,412.9831860000195,0.0
1772060872,10,,Aggregated,23.200000,0.000000,86,110,130,140,190,220,270,300,410,410,410,4052,0,86,101.04922168311445,29.799736999848392,412.9831860000195,0.0
1772060873,10,,Aggregated,23.200000,0.000000,86,110,130,140,190,220,270,300,410,410,410,4077,0,86,100.99408108878562,29.799736999848392,412.9831860000195,0.0
1772060874,10,,Aggregated,23.200000,0.000000,86,110,130,140,190,220,270,300,410,410,410,4096,0,86,100.84325353881391,29.799736999848392,412.9831860000195,0.0
1772060875,10,,Aggregated,22.400000,0.000000,86,110,130,140,190,220,270,300,410,410,410,4122,0,86,100.6933584422564,29.799736999848392,412.9831860000195,0.0
1772060876,10,,Aggregated,22.300000,0.000000,86,110,130,140,190,220,270,300,410,410,410,4144,0,86,100.76876181756268,29.799736999848392,412.9831860000195,0.0
1772060877,10,,Aggregated,22.400000,0.000000,86,110,130,140,190,220,270,300,410,410,410,4166,0,86,100.9192452846809,29.799736999848392,412.9831860000195,0.0
1772060878,10,,Aggregated,22.500000,0.000000,86,110,130,140,190,220,270,300,410,410,410,4187,0,86,100.75454594410803,29.799736999848392,412.9831860000195,0.0
1772060879,10,,Aggregated,22.000000,0.000000,86,110,130,140,190,220,270,300,410,410,410,4210,0,86,100.64486648455674,29.799736999848392,412.9831860000195,0.0
1772060880,10,,Aggregated,22.100000,0.000000,86,110,130,140,180,220,270,300,410,410,410,4232,0,86,100.470251572302,29.799736999848392,412.9831860000195,0.0
1772060881,10,,Aggregated,22.100000,0.000000,86,110,130,140,180,220,270,300,410,410,410,4252,0,86,100.44604854115252,29.799736999848392,412.9831860000195,0.0
1772060882,10,,Aggregated,21.900000,0.000000,86,110,130,140,190,220,270,300,410,410,410,4272,0,86,100.93295840683072,29.799736999848392,412.9831860000195,0.0
1772060883,10,,Aggregated,22.000000,0.000000,86,110,130,140,190,220,270,300,410,410,410,4295,0,86,101.00644666472162,29.799736999848392,412.9831860000195,0.0
1772060884,10,,Aggregated,22.100000,0.000000,86,110,130,140,190,220,270,290,410,410,410,4320,0,86,100.92103011666222,29.799736999848392,412.9831860000195,0.0
1772060885,10,,Aggregated,21.700000,0.000000,86,110,130,140,190,220,270,290,410,410,410,4343,0,86,100.79959929149855,29.799736999848392,412.9831860000195,0.0
1772060886,10,,Aggregated,22.000000,0.000000,86,110,130,140,190,220,270,290,410,410,410,4365,0,86,100.7582075420339,29.799736999848392,412.9831860000195,0.0
1772060887,10,,Aggregated,21.900000,0.000000,86,110,130,140,180,220,270,290,410,410,410,4385,0,86,100.59481501869499,29.799736999848392,412.9831860000195,0.0
1772060888,10,,Aggregated,21.700000,0.000000,86,110,130,140,180,220,270,290,410,410,410,4409,0,86,100.4989203413413,29.799736999848392,412.9831860000195,0.0
1772060889,10,,Aggregated,22.300000,0.000000,86,110,130,140,180,220,270,290,410,410,410,4432,0,86,100.39841870825248,29.799736999848392,412.9831860000195,0.0
1772060890,10,,Aggregated,21.900000,0.000000,85,110,130,140,180,220,270,290,410,410,410,4455,0,85,100.23228995330507,29.799736999848392,412.9831860000195,0.0
1772060891,10,,Aggregated,22.200000,0.000000,85,110,130,140,180,220,270,290,410,410,410,4482,0,85,100.09894520793695,29.799736999848392,412.9831860000195,0.0
1772060892,10,,Aggregated,21.800000,0.000000,85,110,130,140,180,220,270,290,410,410,410,4504,0,85,99.96256685456812,29.799736999848392,412.9831860000195,0.0
1772060893,10,,Aggregated,22.300000,0.000000,85,110,130,140,180,220,270,290,410,410,410,4528,0,85,99.8181082157631,29.799736999848392,412.9831860000195,0.0
1772060894,10,,Aggregated,22.500000,0.000000,85,110,130,140,180,220,270,290,410,410,410,4550,0,85,99.81621045406013,29.799736999848392,412.9831860000195,0.0
1772060895,10,,Aggregated,22.800000,0.000000,85,110,130,140,180,220,270,290,410,410,410,4568,0,85,99.86109889338337,29.799736999848392,412.9831860000195,0.0
1772060896,10,,Aggregated,22.600000,0.000000,85,110,130,140,180,220,270,290,410,410,410,4591,0,85,100.11847253255871,29.799736999848392,412.9831860000195,0.0
1772060897,10,,Aggregated,22.600000,0.000000,85,110,130,140,180,220,270,290,410,410,410,4615,0,85,100.16317974604027,29.799736999848392,412.9831860000195,0.0
1772060898,10,,Aggregated,22.900000,0.000000,85,110,130,140,180,220,270,290,410,410,410,4642,0,85,99.99270549288563,29.799736999848392,412.9831860000195,0.0
1772060899,10,,Aggregated,22.200000,0.000000,85,110,130,140,180,220,270,290,410,410,410,4665,0,85,99.88070494726168,29.799736999848392,412.9831860000195,0.0
1772060900,10,,Aggregated,22.900000,0.000000,85,110,130,140,180,220,270,290,410,410,410,4689,0,85,99.83302276113764,29.799736999848392,412.9831860000195,0.0
1772060901,10,,Aggregated,23.000000,0.000000,85,110,130,140,180,220,260,290,410,410,410,4709,0,85,99.8819455455455,29.799736999848392,412.9831860000195,0.0
1772060902,10,,Aggregated,23.100000,0.000000,85,110,130,140,180,220,260,290,410,410,410,4726,0,85,99.84940123930899,29.799736999848392,412.9831860000195,0.0
1772060903,10,,Aggregated,22.600000,0.000000,85,110,130,140,180,220,260,290,410,410,410,4752,0,85,99.84239130302484,29.799736999848392,412.9831860000195,0.0
1772060904,10,,Aggregated,22.700000,0.000000,85,110,130,140,180,220,260,290,410,410,410,4777,0,85,99.70755251496207,29.799736999848392,412.9831860000195,0.0
1772060905,10,,Aggregated,22.500000,0.000000,85,110,130,140,180,220,260,290,410,410,410,4797,0,85,99.80311784343829,29.799736999848392,412.9831860000195,0.0
1772060906,10,,Aggregated,22.600000,0.000000,85,110,130,140,180,220,260,290,410,410,410,4820,0,85,99.74942243816835,29.799736999848392,412.9831860000195,0.0
1772060907,10,,Aggregated,22.300000,0.000000,85,110,130,140,180,220,260,290,410,410,410,4844,0,85,99.59366807451988,29.799736999848392,412.9831860000195,0.0
1772060908,10,,Aggregated,22.100000,0.000000,85,110,130,140,180,220,260,290,410,410,410,4867,0,85,99.6259067187126,29.799736999848392,412.9831860000195,0.0
1772060909,10,,Aggregated,23.100000,0.000000,85,110,130,140,180,220,260,290,410,410,410,4889,0,85,99.95611111065108,29.799736999848392,412.9831860000195,0.0
1772060910,10,,Aggregated,22.600000,0.000000,85,110,130,140,180,220,260,290,410,410,410,4905,0,85,99.95908009846569,29.799736999848392,412.9831860000195,0.0
1772060911,10,,Aggregated,22.100000,0.000000,85,110,130,140,180,220,260,290,410,410,410,4926,0,85,99.97540886377882,29.799736999848392,412.9831860000195,0.0
1772060912,10,,Aggregated,22.000000,0.000000,85,110,130,140,180,220,260,290,410,410,410,4949,0,85,99.96190621801857,29.799736999848392,412.9831860000195,0.0
1772060913,10,,Aggregated,22.100000,0.000000,85,110,130,140,180,220,260,290,410,410,410,4974,0,85,99.89404207257219,29.799736999848392,412.9831860000195,0.0
1772060914,10,,Aggregated,21.500000,0.000000,85,110,130,140,180,220,260,290,410,410,410,4995,0,85,99.9147469739685,29.799736999848392,412.9831860000195,0.0
1772060915,10,,Aggregated,21.800000,0.000000,85,110,130,140,180,220,260,290,410,410,410,5018,0,85,99.81633891848873,29.799736999848392,412.9831860000195,0.0
1772060916,10,,Aggregated,21.800000,0.000000,85,110,130,140,180,220,260,290,410,410,410,5043,0,85,99.62475459805236,29.799736999848392,412.9831860000195,0.0
1772060917,10,,Aggregated,22.100000,0.000000,85,110,130,140,180,220,260,290,410,410,410,5067,0,85,99.5125794770042,29.799736999848392,412.9831860000195,0.0
1772060918,10,,Aggregated,22.300000,0.000000,85,110,130,140,180,220,260,290,410,410,410,5088,0,85,99.46278616685876,29.799736999848392,412.9831860000195,0.0
1772060919,10,,Aggregated,22.200000,0.000000,85,110,130,140,180,220,260,290,410,410,410,5111,0,85,99.44959034806853,29.799736999848392,412.9831860000195,0.0
1772060920,10,,Aggregated,22.000000,0.000000,85,110,130,140,180,220,260,290,410,410,410,5133,0,85,99.45175476601953,29.799736999848392,412.9831860000195,0.0
1772060921,10,,Aggregated,22.100000,0.000000,85,110,130,140,180,220,260,290,410,410,410,5156,0,85,99.48945009406127,29.799736999848392,412.9831860000195,0.0
1772060922,10,,Aggregated,22.500000,0.000000,85,110,130,140,180,220,260,290,410,410,410,5180,0,85,99.34567459536294,29.799736999848392,412.9831860000195,0.0
1772060923,10,,Aggregated,22.400000,0.000000,85,110,130,140,180,220,260,290,410,410,410,5201,0,85,99.32969561276357,29.799736999848392,412.9831860000195,0.0
1772060924,10,,Aggregated,22.600000,0.000000,85,110,130,140,180,220,260,290,410,410,410,5222,0,85,99.4182647589012,29.799736999848392,412.9831860000195,0.0
1772060925,10,,Aggregated,22.600000,0.000000,85,110,130,140,180,220,260,290,410,410,410,5243,0,85,99.3443448872748,29.799736999848392,412.9831860000195,0.0
1772060926,10,,Aggregated,22.500000,0.000000,85,110,130,140,180,220,260,290,410,410,410,5263,0,85,99.46661611969986,29.799736999848392,412.9831860000195,0.0
1772060927,10,,Aggregated,22.400000,0.000000,85,110,130,140,180,220,260,290,410,410,410,5284,0,85,99.57751653727867,29.799736999848392,412.9831860000195,0.0
1772060928,10,,Aggregated,21.900000,0.000000,85,110,130,140,180,220,260,290,410,410,410,5307,0,85,99.4219385756513,29.799736999848392,412.9831860000195,0.0
1772060929,10,,Aggregated,21.600000,0.000000,85,110,130,140,180,220,260,290,410,410,410,5332,0,85,99.4823200091867,29.799736999848392,412.9831860000195,0.0
1772060930,10,,Aggregated,21.400000,0.000000,85,110,130,140,180,220,260,290,410,410,410,5353,0,85,99.4593712458396,29.799736999848392,412.9831860000195,0.0
1772060931,10,,Aggregated,21.900000,0.000000,85,110,130,140,180,220,260,290,410,410,410,5377,0,85,99.35604862190458,29.799736999848392,412.9831860000195,0.0
1772060932,10,,Aggregated,21.200000,0.000000,85,110,130,140,180,220,260,290,410,410,410,5391,0,85,99.4547737985495,29.799736999848392,412.9831860000195,0.0
1772060933,10,,Aggregated,21.400000,0.000000,85,110,130,140,180,220,260,290,410,410,410,5414,0,85,99.51231616900246,29.799736999848392,412.9831860000195,0.0
1772060934,10,,Aggregated,21.300000,0.000000,85,110,130,140,180,220,260,290,410,410,410,5438,0,85,99.47053972838886,29.799736999848392,412.9831860000195,0.0
1772060935,10,,Aggregated,21.100000,0.000000,85,110,130,140,180,210,260,290,410,410,410,5461,0,85,99.3654586138035,29.799736999848392,412.9831860000195,0.0
1772060936,10,,Aggregated,21.200000,0.000000,85,110,130,140,180,210,260,290,410,410,410,5486,0,85,99.17797577050335,29.799736999848392,412.9831860000195,0.0
1772060937,10,,Aggregated,21.400000,0.000000,85,110,130,140,180,210,260,290,410,410,410,5508,0,85,99.16811858641627,29.799736999848392,412.9831860000195,0.0
1772060938,10,,Aggregated,21.900000,0.000000,85,110,130,140,180,210,260,290,410,410,410,5533,0,85,99.13835021308182,29.799736999848392,412.9831860000195,0.0
1772060939,10,,Aggregated,21.600000,0.000000,85,110,130,140,180,210,260,290,410,410,410,5553,0,85,99.00266202286733,29.799736999848392,412.9831860000195,0.0
1772060940,10,,Aggregated,22.300000,0.000000,85,110,130,140,180,210,260,290,410,410,410,5576,0,85,98.98386718740639,29.799736999848392,412.9831860000195,0.0
1772060941,10,,Aggregated,22.000000,0.000000,85,110,130,140,180,210,260,290,410,410,410,5600,0,85,99.09065711463899,29.799736999848392,412.9831860000195,0.0
1772060942,10,,Aggregated,22.300000,0.000000,85,110,130,140,180,210,260,290,410,410,410,5622,0,85,99.15970099341524,29.799736999848392,412.9831860000195,0.0
1772060943,10,,Aggregated,22.500000,0.000000,85,110,130,140,180,210,260,290,410,410,410,5644,0,85,99.05648381466668,29.799736999848392,412.9831860000195,0.0
1772060944,10,,Aggregated,22.500000,0.000000,85,110,130,140,180,210,260,290,410,410,410,5669,0,85,98.98847757152586,29.799736999848392,412.9831860000195,0.0
1772060945,10,,Aggregated,22.700000,0.000000,85,110,130,140,180,210,260,290,410,410,410,5691,0,85,99.04988410542646,29.799736999848392,412.9831860000195,0.0
1772060946,10,,Aggregated,22.600000,0.000000,85,110,130,140,180,210,260,290,410,410,410,5711,0,85,99.20705048274907,29.799736999848392,412.9831860000195,0.0
1772060947,10,,Aggregated,22.800000,0.000000,85,110,130,140,180,210,260,290,410,410,410,5730,0,85,99.18066403245703,29.799736999848392,412.9831860000195,0.0
1772060948,10,,Aggregated,22.200000,0.000000,85,110,130,140,180,210,260,290,410,410,410,5752,0,85,99.18113634509363,29.799736999848392,412.9831860000195,0.0
1772060949,10,,Aggregated,22.500000,0.000000,85,110,130,140,180,210,260,290,410,410,410,5776,0,85,99.06590833015544,29.799736999848392,412.9831860000195,0.0
1772060950,10,,Aggregated,22.200000,0.000000,85,110,130,140,180,210,260,290,410,410,410,5803,0,85,98.97585714698903,29.799736999848392,412.9831860000195,0.0
1772060951,10,,Aggregated,22.000000,0.000000,85,110,130,140,180,210,260,290,410,410,410,5824,0,85,99.04009889748978,29.799736999848392,412.9831860000195,0.0
1772060952,10,,Aggregated,22.500000,0.000000,85,110,130,140,180,210,260,290,410,410,410,5844,0,85,99.26782091170081,29.799736999848392,412.9831860000195,0.0
1772060953,10,,Aggregated,22.100000,0.000000,85,110,130,140,180,210,260,290,410,410,410,5867,0,85,99.27877482154057,29.799736999848392,412.9831860000195,0.0
1772060954,10,,Aggregated,22.200000,0.000000,85,110,130,140,180,210,260,290,410,410,410,5890,0,85,99.24045708997907,29.799736999848392,412.9831860000195,0.0
1772060955,10,,Aggregated,21.800000,0.000000,85,110,130,140,180,210,260,290,410,410,410,5909,0,85,99.21709335420177,29.799736999848392,412.9831860000195,0.0
1772060956,10,,Aggregated,22.000000,0.000000,85,110,130,140,180,210,260,290,410,410,410,5933,0,85,99.18616328872005,29.799736999848392,412.9831860000195,0.0
1772060957,10,,Aggregated,22.000000,0.000000,85,110,130,140,180,210,260,290,410,410,410,5953,0,85,99.16747595833662,29.799736999848392,412.9831860000195,0.0
1772060958,10,,Aggregated,22.300000,0.000000,85,110,130,140,180,210,260,290,410,410,410,5979,0,85,99.11651723113863,29.799736999848392,412.9831860000195,0.0
1772060959,10,,Aggregated,22.500000,0.000000,85,110,130,140,180,210,260,290,410,410,410,6002,0,85,99.0635920706397,29.799736999848392,412.9831860000195,0.0
1772060960,10,,Aggregated,22.200000,0.000000,85,110,130,140,180,210,260,290,410,410,410,6023,0,85,98.95927565116737,29.799736999848392,412.9831860000195,0.0
1772060961,10,,Aggregated,22.500000,0.000000,85,110,130,140,180,210,260,290,410,410,410,6048,0,85,98.92235607820469,29.799736999848392,412.9831860000195,0.0
1772060962,10,,Aggregated,21.900000,0.000000,85,110,130,140,180,210,260,290,410,410,410,6072,0,85,98.81835798402246,29.799736999848392,412.9831860000195,0.0
1772060963,10,,Aggregated,22.000000,0.000000,85,110,130,140,180,210,260,290,410,410,410,6094,0,85,98.91785080258984,29.799736999848392,412.9831860000195,0.0
1772060964,10,,Aggregated,22.400000,0.000000,85,110,130,140,180,210,260,290,410,410,410,6116,0,85,98.84495033420211,29.799736999848392,412.9831860000195,0.0
1772060965,10,,Aggregated,22.600000,0.000000,85,110,130,140,180,210,260,290,410,410,410,6140,0,85,98.81681452654355,29.799736999848392,412.9831860000195,0.0
1772060966,10,,Aggregated,22.600000,0.000000,85,110,130,140,180,210,260,290,410,410,410,6160,0,85,98.73690352045095,29.799736999848392,412.9831860000195,0.0
1772060967,10,,Aggregated,22.400000,0.000000,85,110,130,140,180,210,260,290,410,410,410,6186,0,85,98.61842096459384,29.799736999848392,412.9831860000195,0.0
1772060968,10,,Aggregated,22.600000,0.000000,85,110,130,140,180,210,250,290,410,410,410,6207,0,85,98.60343203237915,29.799736999848392,412.9831860000195,0.0
1772060969,10,,Aggregated,22.300000,0.000000,85,110,130,140,180,210,250,290,410,410,410,6230,0,85,98.47843436516467,29.799736999848392,412.9831860000195,0.0
1772060970,10,,Aggregated,22.700000,0.000000,85,110,130,140,180,210,260,290,410,410,410,6253,0,85,98.64156209930856,29.799736999848392,412.9831860000195,0.0
1772060971,10,,Aggregated,22.500000,0.000000,85,110,130,140,180,210,260,290,410,410,410,6274,0,84,98.53554288380236,29.799736999848392,412.9831860000195,0.0
1772060972,10,,Aggregated,22.900000,0.000000,84,110,130,140,180,210,260,290,410,410,410,6288,0,84,98.51831745212742,29.799736999848392,412.9831860000195,0.0
1772060973,10,,Aggregated,22.900000,0.000000,85,110,130,140,180,210,260,290,410,410,410,6311,0,85,98.81585639771482,29.799736999848392,412.9831860000195,0.0
1772060974,10,,Aggregated,22.800000,0.000000,85,110,130,140,180,210,260,290,410,410,410,6334,0,85,98.8078590576222,29.799736999848392,412.9831860000195,0.0
1772060975,10,,Aggregated,22.500000,0.000000,85,110,130,140,180,210,260,290,410,410,410,6354,0,85,98.8867058237301,29.799736999848392,412.9831860000195,0.0
1772060976,10,,Aggregated,22.200000,0.000000,85,110,130,140,180,210,260,290,410,410,410,6378,0,85,98.9351122293791,29.799736999848392,412.9831860000195,0.0
1772060977,10,,Aggregated,21.900000,0.000000,85,110,130,140,180,210,260,290,410,410,410,6399,0,85,98.99784566603834,29.799736999848392,412.9831860000195,0.0
1772060978,10,,Aggregated,21.400000,0.000000,85,110,130,140,180,210,260,290,410,410,410,6425,0,85,98.94845083143696,29.799736999848392,412.9831860000195,0.0
1772060979,10,,Aggregated,21.500000,0.000000,85,110,130,140,180,210,260,290,410,410,410,6448,0,85,98.86450202868856,29.799736999848392,412.9831860000195,0.0
1772060980,10,,Aggregated,21.400000,0.000000,85,110,130,140,180,210,260,290,410,410,410,6470,0,85,98.90502929613345,29.799736999848392,412.9831860000195,0.0
1772060981,10,,Aggregated,21.700000,0.000000,85,110,130,140,180,210,260,290,410,410,410,6489,0,85,99.09629788287594,29.799736999848392,412.9831860000195,0.0
1772060982,10,,Aggregated,21.700000,0.000000,85,110,130,140,180,210,260,290,410,410,410,6512,0,85,99.02084031541467,29.799736999848392,412.9831860000195,0.0
1772060983,10,,Aggregated,21.700000,0.000000,85,110,130,140,180,210,260,290,410,410,410,6532,0,85,98.9099519314114,29.799736999848392,412.9831860000195,0.0
1772060984,10,,Aggregated,21.200000,0.000000,85,110,130,140,180,210,260,290,410,410,410,6554,0,85,98.94438210024116,29.799736999848392,412.9831860000195,0.0
1772060986,10,,Aggregated,21.600000,0.000000,85,110,130,140,180,220,260,290,410,410,410,6576,0,85,99.092543648872,29.799736999848392,412.9831860000195,0.0
1772060987,10,,Aggregated,21.500000,0.000000,85,110,130,140,180,220,260,290,410,410,410,6598,0,85,99.03944538844883,29.799736999848392,412.9831860000195,0.0
1772060988,10,,Aggregated,21.600000,0.000000,85,110,130,140,180,210,260,290,410,410,410,6621,0,85,99.04148852016102,29.799736999848392,412.9831860000195,0.0
1772060989,10,,Aggregated,22.000000,0.000000,85,110,130,140,180,210,260,290,410,410,410,6644,0,85,98.95006167835466,29.799736999848392,412.9831860000195,0.0
1772060990,10,,Aggregated,22.000000,0.000000,85,110,130,140,180,210,260,290,410,410,410,6666,0,85,98.99743439738793,29.799736999848392,412.9831860000195,0.0
1772060991,10,,Aggregated,21.800000,0.000000,85,110,130,140,180,210,260,290,410,410,410,6688,0,85,99.01096206339527,29.799736999848392,412.9831860000195,0.0
1772060992,10,,Aggregated,21.800000,0.000000,85,110,130,140,180,210,260,290,410,410,410,6710,0,85,98.9787854813691,29.799736999848392,412.9831860000195,0.0
1772060993,10,,Aggregated,21.500000,0.000000,85,110,130,140,180,210,260,290,410,410,410,6734,0,85,98.94770225333976,29.799736999848392,412.9831860000195,0.0
1772060994,10,,Aggregated,22.100000,0.000000,85,110,130,140,180,210,260,290,410,410,410,6758,0,85,98.86336398520135,29.799736999848392,412.9831860000195,0.0
1772060995,10,,Aggregated,21.900000,0.000000,85,110,130,140,180,210,260,290,410,410,410,6781,0,85,98.74928606857287,29.799736999848392,412.9831860000195,0.0
1772060996,10,,Aggregated,21.900000,0.000000,84,110,130,140,180,210,260,290,410,410,410,6804,0,84,98.6632914451776,29.799736999848392,412.9831860000195,0.0
1772060997,10,,Aggregated,22.200000,0.000000,84,110,130,140,180,210,260,290,410,410,410,6826,0,84,98.52844372252989,29.799736999848392,412.9831860000195,0.0
1772060998,10,,Aggregated,22.800000,0.000000,84,110,130,140,180,210,260,290,410,410,410,6850,0,84,98.51492092131225,29.799736999848392,412.9831860000195,0.0
1772060999,10,,Aggregated,22.800000,0.000000,84,110,130,140,180,210,260,290,410,410,410,6873,0,84,98.40716812105141,29.799736999848392,412.9831860000195,0.0
1772061000,10,,Aggregated,22.500000,0.000000,84,110,130,140,180,210,260,290,410,410,410,6897,0,84,98.43946624764162,29.799736999848392,412.9831860000195,0.0
1772061001,10,,Aggregated,22.700000,0.000000,84,110,130,140,180,210,250,290,410,410,410,6915,0,84,98.44894118958568,29.799736999848392,412.9831860000195,0.0
1772061002,10,,Aggregated,22.700000,0.000000,84,110,130,140,180,210,260,290,410,410,410,6933,0,84,98.70695632799433,29.799736999848392,412.9831860000195,0.0
1772061003,10,,Aggregated,22.400000,0.000000,84,110,130,140,180,210,260,290,410,410,410,6953,0,84,98.78778389457582,29.799736999848392,412.9831860000195,0.0
1772061004,10,,Aggregated,22.300000,0.000000,85,110,130,140,180,210,260,290,410,410,410,6974,0,85,98.87843064109322,29.799736999848392,412.9831860000195,0.0
1772061005,10,,Aggregated,22.100000,0.000000,85,110,130,140,180,210,260,290,410,410,410,6991,0,85,99.0246492587591,29.799736999848392,412.9831860000195,0.0
1772061006,10,,Aggregated,21.900000,0.000000,85,110,130,140,180,210,260,290,410,410,410,7014,0,85,99.06350535143785,29.799736999848392,412.9831860000195,0.0
1772061007,10,,Aggregated,20.900000,0.000000,85,110,130,140,180,210,260,290,410,410,410,7036,0,85,99.02620740093614,29.799736999848392,412.9831860000195,0.0
1772061008,10,,Aggregated,20.500000,0.000000,85,110,130,140,180,210,260,290,410,410,410,7056,0,85,99.14963596726022,29.799736999848392,412.9831860000195,0.0
1772061009,10,,Aggregated,20.800000,0.000000,85,110,130,140,180,210,260,290,410,410,410,7081,0,85,99.17301544428557,29.799736999848392,412.9831860000195,0.0
1772061010,10,,Aggregated,20.600000,0.000000,85,110,130,140,180,210,260,290,410,410,410,7094,0,85,99.20024483140494,29.799736999848392,412.9831860000195,0.0
1772061011,10,,Aggregated,20.100000,0.000000,85,110,130,140,180,220,260,290,410,410,410,7116,0,85,99.36936802290433,29.799736999848392,412.9831860000195,0.0
1772061012,10,,Aggregated,20.300000,0.000000,85,110,130,140,180,220,260,290,410,410,410,7142,0,85,99.42631443125012,29.799736999848392,412.9831860000195,0.0
1772061013,10,,Aggregated,20.200000,0.000000,85,110,130,140,180,220,260,290,410,410,410,7167,0,85,99.29141268633856,29.799736999848392,412.9831860000195,0.0
1772061014,10,,Aggregated,20.400000,0.000000,85,110,130,140,180,220,260,290,410,410,410,7191,0,85,99.19859481087329,29.799736999848392,412.9831860000195,0.0
1772061015,10,,Aggregated,20.800000,0.000000,85,110,130,140,180,210,260,290,410,410,410,7216,0,85,99.13373248226011,29.799736999848392,412.9831860000195,0.0
1772061016,10,,Aggregated,21.200000,0.000000,85,110,130,140,180,210,260,290,410,410,410,7232,0,85,99.11445964919655,29.799736999848392,412.9831860000195,0.0
1772061017,10,,Aggregated,21.800000,0.000000,85,110,130,140,180,210,260,290,410,410,410,7253,0,85,99.17297508892706,29.799736999848392,412.9831860000195,0.0
1772061018,10,,Aggregated,22.000000,0.000000,85,110,130,140,180,210,260,290,410,410,410,7274,0,85,99.30611065438384,29.799736999848392,412.9831860000195,0.0
1772061019,10,,Aggregated,21.600000,0.000000,85,110,130,140,180,210,260,290,410,410,410,7299,0,85,99.27226902150812,29.799736999848392,412.9831860000195,0.0
1772061020,10,,Aggregated,22.100000,0.000000,85,110,130,140,180,210,260,290,410,410,410,7322,0,85,99.29951501747968,29.799736999848392,412.9831860000195,0.0
1772061021,10,,Aggregated,21.900000,0.000000,85,110,130,140,180,210,260,290,410,410,410,7343,0,85,99.2387002700512,29.799736999848392,412.9831860000195,0.0
1772061022,10,,Aggregated,22.000000,0.000000,85,110,130,140,180,210,260,290,410,410,410,7362,0,85,99.2642580300173,29.799736999848392,412.9831860000195,0.0
1772061023,10,,Aggregated,22.100000,0.000000,85,110,130,140,180,210,260,290,410,410,410,7384,0,85,99.25208651814563,29.799736999848392,412.9831860000195,0.0
1772061024,10,,Aggregated,21.800000,0.000000,85,110,130,140,180,210,260,290,410,410,410,7405,0,85,99.22185344307736,29.799736999848392,412.9831860000195,0.0
1772061025,10,,Aggregated,21.600000,0.000000,85,110,130,140,180,210,260,290,410,410,410,7428,0,85,99.16209436725788,29.799736999848392,412.9831860000195,0.0
1772061026,10,,Aggregated,21.400000,0.000000,85,110,130,140,180,210,260,290,410,410,410,7453,0,85,99.09597536454972,29.799736999848392,412.9831860000195,0.0
1772061027,10,,Aggregated,21.400000,0.000000,85,110,130,140,180,210,260,290,410,410,410,7473,0,85,99.03491772166348,29.799736999848392,412.9831860000195,0.0
1772061028,10,,Aggregated,21.500000,0.000000,85,110,130,140,180,210,260,290,410,410,410,7494,0,85,98.93843518828257,29.799736999848392,412.9831860000195,0.0
1772061029,10,,Aggregated,21.600000,0.000000,85,110,130,140,180,210,260,290,410,410,410,7515,0,85,98.92702335129594,29.799736999848392,412.9831860000195,0.0
1772061030,10,,Aggregated,21.600000,0.000000,85,110,130,140,180,210,260,290,410,410,410,7537,0,85,98.95617886108398,29.799736999848392,412.9831860000195,0.0
1772061031,10,,Aggregated,22.100000,0.000000,85,110,130,140,180,210,260,290,410,410,410,7560,0,85,99.13615462089824,29.799736999848392,412.9831860000195,0.0
1772061032,10,,Aggregated,21.900000,0.000000,85,110,130,140,180,210,260,290,410,410,410,7580,0,85,99.12873835751887,29.799736999848392,412.9831860000195,0.0
1772061033,10,,Aggregated,21.600000,0.000000,85,110,130,140,180,210,260,290,410,410,410,7607,0,85,99.04308728789195,29.799736999848392,412.9831860000195,0.0
1772061034,10,,Aggregated,21.800000,0.000000,85,110,130,140,180,210,260,290,410,410,410,7630,0,85,99.01183683931751,29.799736999848392,412.9831860000195,0.0
1772061035,10,,Aggregated,22.000000,0.000000,85,110,130,140,180,210,260,290,410,410,410,7654,0,85,98.97727747622073,29.799736999848392,412.9831860000195,0.0
1772061036,10,,Aggregated,22.300000,0.000000,85,110,130,140,180,210,260,290,410,410,410,7670,0,85,99.02647054393653,29.799736999848392,412.9831860000195,0.0
1772061037,10,,Aggregated,22.100000,0.000000,85,110,130,140,180,210,260,290,410,410,410,7698,0,85,99.00191885112928,29.799736999848392,412.9831860000195,0.0
1772061038,10,,Aggregated,22.000000,0.000000,85,110,130,140,180,210,250,290,410,410,410,7719,0,85,98.95263906334927,29.799736999848392,412.9831860000195,0.0
1772061039,10,,Aggregated,21.800000,0.000000,85,110,130,140,180,210,250,290,410,410,410,7744,0,85,98.87313275968405,29.799736999848392,412.9831860000195,0.0
1772061040,10,,Aggregated,22.000000,0.000000,85,110,130,140,180,210,250,290,410,410,410,7760,0,85,98.7956473770607,29.799736999848392,412.9831860000195,0.0
1772061041,10,,Aggregated,21.900000,0.000000,85,110,130,140,180,210,260,290,410,410,410,7781,0,85,98.89101089062964,29.799736999848392,412.9831860000195,0.0
1772061042,10,,Aggregated,22.500000,0.000000,85,110,130,140,180,210,260,290,410,410,410,7804,0,85,99.10332739518051,29.799736999848392,412.9831860000195,0.0
1772061043,10,,Aggregated,22.600000,0.000000,85,110,130,140,180,210,260,290,410,410,410,7830,0,85,99.03588872170955,29.799736999848392,412.9831860000195,0.0
1772061044,10,,Aggregated,22.100000,0.000000,85,110,130,140,180,210,260,290,410,410,410,7854,0,85,99.17481446014573,29.799736999848392,412.9831860000195,0.0
1772061045,10,,Aggregated,22.000000,0.000000,85,110,130,140,180,210,260,290,410,410,410,7875,0,85,99.16409531555412,29.799736999848392,412.9831860000195,0.0
1772061046,10,,Aggregated,22.000000,0.000000,85,110,130,140,180,210,260,290,410,410,410,7895,0,85,99.23168452729449,29.799736999848392,412.9831860000195,0.0
1772061047,10,,Aggregated,21.700000,0.000000,85,110,130,140,180,210,260,290,410,410,410,7919,0,85,99.11856822464839,29.799736999848392,412.9831860000195,0.0
1772061048,10,,Aggregated,22.100000,0.000000,85,110,130,140,180,210,260,290,410,410,410,7941,0,85,99.08551279133505,29.799736999848392,412.9831860000195,0.0
1772061049,10,,Aggregated,22.300000,0.000000,85,110,130,140,180,210,260,290,410,410,410,7961,0,85,99.09294098216226,29.799736999848392,412.9831860000195,0.0
1772061050,10,,Aggregated,22.100000,0.000000,85,110,130,140,180,210,260,290,410,410,410,7982,0,85,99.06337329679214,29.799736999848392,412.9831860000195,0.0
1772061051,10,,Aggregated,21.700000,0.000000,85,110,130,140,180,210,260,290,400,410,410,8005,0,85,99.0543037505304,29.799736999848392,412.9831860000195,0.0
1772061052,10,,Aggregated,21.200000,0.000000,85,110,130,140,180,210,260,290,400,410,410,8029,0,85,98.93146602565675,29.799736999848392,412.9831860000195,0.0
1772061053,10,,Aggregated,21.600000,0.000000,84,110,130,140,180,210,260,290,400,410,410,8049,0,84,98.8259778117777,29.799736999848392,412.9831860000195,0.0
1772061054,10,,Aggregated,22.200000,0.000000,85,110,130,140,180,210,260,290,400,410,410,8071,0,85,98.88724468863838,29.799736999848392,412.9831860000195,0.0
1772061055,10,,Aggregated,22.100000,0.000000,85,110,130,140,180,210,260,290,400,410,410,8091,0,85,98.99603291150673,29.799736999848392,412.9831860000195,0.0
1772061056,10,,Aggregated,21.800000,0.000000,85,110,130,140,180,210,260,290,400,410,410,8114,0,85,98.9453454080604,29.799736999848392,412.9831860000195,0.0
1772061057,10,,Aggregated,21.900000,0.000000,84,110,130,140,180,210,260,290,400,410,410,8135,0,84,98.86754310756017,29.799736999848392,412.9831860000195,0.0
1772061058,10,,Aggregated,21.400000,0.000000,85,110,130,140,180,210,260,290,400,410,410,8155,0,85,98.94246300159432,29.799736999848392,412.9831860000195,0.0
1772061059,10,,Aggregated,21.500000,0.000000,85,110,130,140,180,210,260,290,400,410,410,8177,0,85,99.11491792613462,29.799736999848392,412.9831860000195,0.0
1772061060,10,,Aggregated,21.400000,0.000000,85,110,130,140,180,220,260,290,400,410,410,8195,0,85,99.27130610189172,29.799736999848392,412.9831860000195,0.0
1772061061,10,,Aggregated,21.700000,0.000000,85,110,130,140,180,220,260,290,400,410,410,8218,0,85,99.2667285677781,29.799736999848392,412.9831860000195,0.0
1772061062,10,,Aggregated,21.000000,0.000000,85,110,130,140,180,220,260,290,400,410,410,8242,0,85,99.1812327856104,29.799736999848392,412.9831860000195,0.0
1772061063,10,,Aggregated,21.000000,0.000000,85,110,130,140,180,220,260,290,400,410,410,8264,0,85,99.16855540948711,29.799736999848392,412.9831860000195,0.0
1772061064,10,,Aggregated,21.100000,0.000000,85,110,130,140,180,220,260,290,400,410,410,8286,0,85,99.1569999040551,29.799736999848392,412.9831860000195,0.0
1772061065,10,,Aggregated,21.300000,0.000000,85,110,130,140,180,210,260,290,400,410,410,8309,0,85,99.11094761331073,29.799736999848392,412.9831860000195,0.0
1772061066,10,,Aggregated,21.300000,0.000000,85,110,130,140,180,210,260,290,400,410,410,8330,0,85,99.06486925918331,29.799736999848392,412.9831860000195,0.0
1772061067,10,,Aggregated,21.700000,0.000000,85,110,130,140,180,210,260,290,400,410,410,8354,0,85,99.16138472156999,29.799736999848392,412.9831860000195,0.0
1772061068,10,,Aggregated,21.900000,0.000000,85,110,130,140,180,210,260,290,400,410,410,8376,0,85,99.18321260004724,29.799736999848392,412.9831860000195,0.0
1772061069,10,,Aggregated,21.800000,0.000000,85,110,130,140,180,210,260,290,400,410,410,8398,0,85,99.19445269766577,29.799736999848392,412.9831860000195,0.0
1772061070,10,,Aggregated,21.900000,0.000000,85,110,130,140,180,210,260,290,400,410,410,8418,0,85,99.20362576740268,29.799736999848392,412.9831860000195,0.0
1772061071,10,,Aggregated,22.000000,0.000000,85,110,130,140,180,220,260,290,400,410,410,8436,0,85,99.33991604385919,29.799736999848392,412.9831860000195,0.0
1772061072,10,,Aggregated,22.400000,0.000000,85,110,130,140,180,210,260,290,400,410,410,8461,0,85,99.36742224973335,29.799736999848392,412.9831860000195,0.0
1772061073,10,,Aggregated,22.100000,0.000000,85,110,130,140,180,210,260,290,400,410,410,8483,0,85,99.31985900447866,29.799736999848392,412.9831860000195,0.0
1772061074,10,,Aggregated,21.900000,0.000000,85,110,130,140,180,210,260,290,400,410,410,8507,0,85,99.26988958210801,29.799736999848392,412.9831860000195,0.0
1772061075,10,,Aggregated,21.700000,0.000000,85,110,130,140,180,210,260,290,400,410,410,8526,0,85,99.29648364391184,29.799736999848392,412.9831860000195,0.0
1772061076,10,,Aggregated,21.400000,0.000000,85,110,130,140,180,220,260,290,400,410,410,8547,0,85,99.42091454966567,29.799736999848392,412.9831860000195,0.0
1772061077,10,,Aggregated,21.700000,0.000000,85,110,130,140,180,220,260,290,400,410,410,8572,0,85,99.34692637365767,29.799736999848392,412.9831860000195,0.0
1772061078,10,,Aggregated,21.700000,0.000000,85,110,130,140,180,210,260,290,400,410,410,8597,0,85,99.27714294602688,29.799736999848392,412.9831860000195,0.0
1772061079,10,,Aggregated,21.300000,0.000000,85,110,130,140,180,210,260,290,400,410,410,8614,0,85,99.21132816612369,29.799736999848392,412.9831860000195,0.0
1772061080,10,,Aggregated,21.400000,0.000000,85,110,130,140,180,210,260,290,400,410,410,8642,0,85,99.25029722008655,29.799736999848392,412.9831860000195,0.0
1772061081,10,,Aggregated,21.500000,0.000000,85,110,130,140,180,210,260,290,400,410,410,8666,0,85,99.19657671693827,29.799736999848392,412.9831860000195,0.0
1772061082,10,,Aggregated,22.100000,0.000000,85,110,130,140,180,210,260,290,400,410,410,8686,0,85,99.14562669859428,29.799736999848392,412.9831860000195,0.0
1772061083,10,,Aggregated,22.200000,0.000000,85,110,130,140,180,210,260,290,400,410,410,8710,0,85,99.07482673099742,29.799736999848392,412.9831860000195,0.0
1772061084,10,,Aggregated,22.100000,0.000000,85,110,130,140,180,220,260,290,400,410,410,8731,0,85,99.19834159271407,29.799736999848392,412.9831860000195,0.0
1772061085,10,,Aggregated,22.300000,0.000000,85,110,130,140,180,220,260,290,400,410,410,8748,0,85,99.27848578840722,29.799736999848392,412.9831860000195,0.0
1772061086,10,,Aggregated,22.300000,0.000000,85,110,130,140,180,220,260,290,400,410,410,8769,0,85,99.44293243414103,29.799736999848392,412.9831860000195,0.0
1772061087,10,,Aggregated,22.000000,0.000000,85,110,130,140,180,220,260,290,400,410,410,8788,0,85,99.45006315646138,29.799736999848392,412.9831860000195,0.0
1772061088,10,,Aggregated,21.700000,0.000000,85,110,130,140,180,220,260,290,400,410,410,8810,0,85,99.48734868637722,29.799736999848392,412.9831860000195,0.0
1772061089,10,,Aggregated,21.700000,0.000000,85,110,130,140,180,220,260,290,400,410,410,8831,0,85,99.59268059721238,29.799736999848392,412.9831860000195,0.0
1772061090,10,,Aggregated,21.600000,0.000000,85,110,130,140,180,220,260,290,400,410,410,8848,0,85,99.83873047795913,29.799736999848392,412.9831860000195,0.0
1772061091,10,,Aggregated,21.000000,0.000000,85,110,130,140,180,220,260,290,400,410,410,8871,0,85,99.75439362123612,29.799736999848392,412.9831860000195,0.0
1772061092,10,,Aggregated,20.700000,0.000000,85,110,130,140,180,220,260,290,400,410,410,8895,0,85,99.76516087633343,29.799736999848392,412.9831860000195,0.0
1772061093,10,,Aggregated,20.600000,0.000000,85,110,130,140,180,220,260,290,400,410,410,8916,0,85,99.87023065275747,29.799736999848392,412.9831860000195,0.0
1772061094,10,,Aggregated,20.600000,0.000000,85,110,130,140,180,220,260,290,400,410,410,8937,0,85,99.85211980306433,29.799736999848392,412.9831860000195,0.0
1772061095,10,,Aggregated,20.500000,0.000000,85,110,130,140,180,220,260,290,400,410,410,8961,0,85,99.7923155040713,29.799736999848392,412.9831860000195,0.0
1772061096,10,,Aggregated,20.700000,0.000000,85,110,130,140,180,220,260,290,400,410,410,8979,0,85,99.77207673048017,29.799736999848392,412.9831860000195,0.0
1772061097,10,,Aggregated,20.800000,0.000000,85,110,130,140,180,220,260,290,400,410,410,9002,0,85,99.78050191623895,29.799736999848392,412.9831860000195,0.0
1772061098,10,,Aggregated,21.100000,0.000000,85,110,130,140,180,220,260,290,400,410,410,9027,0,85,99.79154200886003,29.799736999848392,412.9831860000195,0.0
1772061099,10,,Aggregated,21.300000,0.000000,85,110,130,140,180,220,260,290,400,410,410,9049,0,85,99.82413493004545,29.799736999848392,412.9831860000195,0.0
1772061100,10,,Aggregated,20.900000,0.000000,85,110,130,140,180,220,260,290,400,410,410,9069,0,85,99.82930013452211,29.799736999848392,412.9831860000195,0.0
1772061101,10,,Aggregated,21.700000,0.000000,85,110,130,140,180,220,260,290,400,410,410,9092,0,85,99.82366972459083,29.799736999848392,412.9831860000195,0.0
1772061102,10,,Aggregated,21.800000,0.000000,85,110,130,140,180,220,260,290,400,410,410,9114,0,85,99.77841220155607,29.799736999848392,412.9831860000195,0.0
1772061103,10,,Aggregated,21.700000,0.000000,85,110,130,140,180,220,260,290,400,410,410,9132,0,85,99.74119053514893,29.799736999848392,412.9831860000195,0.0
1772061104,10,,Aggregated,21.900000,0.000000,85,110,130,140,180,220,260,290,400,410,410,9158,0,85,99.7016653220114,29.799736999848392,412.9831860000195,0.0
1772061105,10,,Aggregated,21.800000,0.000000,85,110,130,140,180,220,260,290,400,410,410,9182,0,85,99.61521964277732,29.799736999848392,412.9831860000195,0.0
1772061106,10,,Aggregated,21.500000,0.000000,85,110,130,140,180,220,260,290,400,410,410,9204,0,85,99.58817785354017,29.799736999848392,412.9831860000195,0.0
1772061108,10,,Aggregated,21.900000,0.000000,85,110,130,140,180,220,260,290,400,410,410,9224,0,85,99.59860091478565,29.799736999848392,412.9831860000195,0.0
1772061109,10,,Aggregated,21.900000,0.000000,85,110,130,140,180,220,260,290,400,410,410,9249,0,85,99.59971959108908,29.799736999848392,412.9831860000195,0.0
1772061110,10,,Aggregated,22.100000,0.000000,85,110,130,140,180,220,260,290,400,410,410,9267,0,85,99.62215240401254,29.799736999848392,412.9831860000195,0.0
1772061111,10,,Aggregated,22.200000,0.000000,85,110,130,140,180,220,260,290,400,410,410,9289,0,85,99.6708535103873,29.799736999848392,412.9831860000195,0.0
1772061112,10,,Aggregated,22.200000,0.000000,85,110,130,140,180,220,260,290,400,410,410,9304,0,85,99.70906061349841,29.799736999848392,412.9831860000195,0.0
1772061113,10,,Aggregated,21.800000,0.000000,85,110,130,140,180,220,260,290,400,410,410,9326,0,85,99.960171621273,29.799736999848392,412.9831860000195,0.0
1772061114,10,,Aggregated,21.200000,0.000000,85,110,130,140,180,220,260,290,400,410,410,9348,0,85,99.93067257851848,29.799736999848392,412.9831860000195,0.0
1772061115,10,,Aggregated,21.200000,0.000000,85,110,130,140,180,220,260,290,400,410,410,9370,0,85,99.9410505019197,29.799736999848392,412.9831860000195,0.0
1772061116,10,,Aggregated,21.200000,0.000000,85,110,130,140,180,220,260,290,400,410,410,9394,0,85,99.89189232978349,29.799736999848392,412.9831860000195,0.0
1772061117,10,,Aggregated,21.500000,0.000000,85,110,130,140,180,220,260,290,400,410,410,9415,0,85,99.87896859118273,29.799736999848392,412.9831860000195,0.0
1772061118,10,,Aggregated,21.200000,0.000000,85,110,130,140,180,220,260,290,400,410,410,9442,0,85,99.80594486475182,29.799736999848392,412.9831860000195,0.0
1772061119,10,,Aggregated,21.100000,0.000000,85,110,130,140,180,220,260,290,400,410,410,9460,0,85,99.77648942251466,29.799736999848392,412.9831860000195,0.0
1772061120,10,,Aggregated,21.100000,0.000000,85,110,130,140,180,220,260,290,400,410,410,9481,0,85,99.85357041714919,29.799736999848392,412.9831860000195,0.0
1772061121,10,,Aggregated,21.000000,0.000000,85,110,130,140,180,220,260,290,400,410,410,9503,0,85,99.88191504514297,29.799736999848392,412.9831860000195,0.0
1772061122,10,,Aggregated,21.400000,0.000000,85,110,130,140,180,220,260,290,400,410,410,9528,0,85,99.86980823761449,29.799736999848392,412.9831860000195,0.0
1772061123,10,,Aggregated,21.300000,0.000000,85,110,130,140,180,220,260,290,400,410,410,9553,0,85,99.83025058389958,29.799736999848392,412.9831860000195,0.0
1772061124,10,,Aggregated,22.100000,0.000000,85,110,130,140,180,220,260,290,400,410,410,9570,0,85,99.78235163239226,29.799736999848392,412.9831860000195,0.0
1772061125,10,,Aggregated,22.100000,0.000000,85,110,130,140,180,220,260,290,400,410,410,9595,0,85,99.81887614205246,29.799736999848392,412.9831860000195,0.0
1772061126,10,,Aggregated,22.200000,0.000000,85,110,130,140,180,220,260,290,400,410,410,9617,0,85,99.8732191233228,29.799736999848392,412.9831860000195,0.0
1772061127,10,,Aggregated,22.200000,0.000000,85,110,130,140,180,220,260,290,400,410,410,9636,0,85,99.86852345174283,29.799736999848392,412.9831860000195,0.0
1772061128,10,,Aggregated,21.600000,0.000000,85,110,130,140,180,220,260,290,400,410,410,9660,0,85,99.93194531480268,29.799736999848392,412.9831860000195,0.0
1772061129,10,,Aggregated,21.800000,0.000000,85,110,130,140,180,220,260,290,400,410,410,9684,0,85,99.89708441842126,29.799736999848392,412.9831860000195,0.0
1772061130,10,,Aggregated,21.800000,0.000000,85,110,130,140,180,220,260,290,400,410,410,9704,0,85,99.84535452411298,29.799736999848392,412.9831860000195,0.0
1772061131,10,,Aggregated,22.000000,0.000000,85,110,130,140,180,220,260,290,400,410,410,9728,0,85,99.77620084580519,29.799736999848392,412.9831860000195,0.0
1772061132,10,,Aggregated,22.100000,0.000000,85,110,130,140,180,220,260,290,400,410,410,9753,0,85,99.7058820720796,29.799736999848392,412.9831860000195,0.0
1772061133,10,,Aggregated,22.500000,0.000000,85,110,130,140,180,220,260,290,400,410,410,9773,0,85,99.7357327084817,29.799736999848392,412.9831860000195,0.0
1772061134,10,,Aggregated,22.100000,0.000000,85,110,130,140,180,220,260,290,400,410,410,9797,0,85,99.73083048667863,29.799736999848392,412.9831860000195,0.0
1772061135,10,,Aggregated,22.000000,0.000000,85,110,130,140,180,220,260,290,400,410,410,9817,0,85,99.6865222882743,29.799736999848392,412.9831860000195,0.0
1772061136,10,,Aggregated,22.000000,0.000000,85,110,130,140,180,210,260,290,400,410,410,9842,0,85,99.63881906411169,29.799736999848392,412.9831860000195,0.0
1772061137,10,,Aggregated,22.300000,0.000000,85,110,130,140,180,210,260,290,400,410,410,9864,0,85,99.61730172424852,29.799736999848392,412.9831860000195,0.0
1772061138,10,,Aggregated,22.800000,0.000000,85,110,130,140,180,210,260,290,400,410,410,9886,0,85,99.5866220749529,29.799736999848392,412.9831860000195,0.0
1772061139,10,,Aggregated,22.800000,0.000000,85,110,130,140,180,210,260,290,400,410,410,9910,0,85,99.51721528718333,29.799736999848392,412.9831860000195,0.0
1772061140,10,,Aggregated,22.400000,0.000000,85,110,130,140,180,210,260,290,400,410,410,9933,0,85,99.47229396164187,29.799736999848392,412.9831860000195,0.0
1772061141,10,,Aggregated,22.800000,0.000000,85,110,130,140,180,210,260,290,400,410,410,9957,0,85,99.4259046725912,29.799736999848392,412.9831860000195,0.0
1772061142,10,,Aggregated,22.600000,0.000000,85,110,130,140,180,210,260,290,400,410,410,9980,0,85,99.45092437144193,29.799736999848392,412.9831860000195,0.0
1772061143,10,,Aggregated,22.400000,0.000000,85,110,130,140,180,210,260,290,390,410,410,10002,0,85,99.50941548320229,29.799736999848392,412.9831860000195,0.0
1772061144,10,,Aggregated,22.500000,0.000000,85,110,130,140,180,210,260,290,390,410,410,10023,0,85,99.58415341215105,29.799736999848392,412.9831860000195,0.0
1772061145,10,,Aggregated,22.700000,0.000000,85,110,130,140,180,210,260,290,390,410,410,10042,0,85,99.6074246296542,29.799736999848392,412.9831860000195,0.0
1772061146,10,,Aggregated,22.700000,0.000000,85,110,130,140,180,210,260,290,390,410,410,10065,0,85,99.54450062632768,29.799736999848392,412.9831860000195,0.0
1772061147,10,,Aggregated,22.200000,0.000000,85,110,130,140,180,210,260,290,390,410,410,10088,0,85,99.4779785286467,29.799736999848392,412.9831860000195,0.0
1772061148,10,,Aggregated,22.100000,0.000000,85,110,130,140,180,210,260,290,390,410,410,10114,0,85,99.44687289361114,29.799736999848392,412.9831860000195,0.0
1772061149,10,,Aggregated,22.400000,0.000000,85,110,130,140,180,210,260,290,390,410,410,10131,0,85,99.43023853804976,29.799736999848392,412.9831860000195,0.0
1772061150,10,,Aggregated,22.500000,0.000000,85,110,130,140,180,210,260,290,390,410,410,10153,0,85,99.41223220269684,29.799736999848392,412.9831860000195,0.0
1772061151,10,,Aggregated,22.000000,0.000000,85,110,130,140,180,210,260,290,390,410,410,10180,0,85,99.34868753044988,29.799736999848392,412.9831860000195,0.0
1772061152,10,,Aggregated,21.900000,0.000000,85,110,130,140,180,210,260,290,390,410,410,10202,0,85,99.29384168074711,29.799736999848392,412.9831860000195,0.0
1772061153,10,,Aggregated,22.000000,0.000000,85,110,130,140,180,210,260,290,390,410,410,10225,0,85,99.29431812606187,29.799736999848392,412.9831860000195,0.0
1772061154,10,,Aggregated,22.400000,0.000000,85,110,130,140,180,210,260,290,390,410,410,10249,0,85,99.26055876563395,29.799736999848392,412.9831860000195,0.0
1772061155,10,,Aggregated,22.200000,0.000000,85,110,130,140,180,210,260,290,390,410,410,10272,0,85,99.20254510066044,29.799736999848392,412.9831860000195,0.0
1772061156,10,,Aggregated,22.400000,0.000000,85,110,130,140,180,210,260,290,390,410,410,10297,0,85,99.16836963202697,29.799736999848392,412.9831860000195,0.0
1772061157,10,,Aggregated,22.900000,0.000000,85,110,130,140,180,210,260,290,390,410,410,10316,0,85,99.1816036799132,29.799736999848392,412.9831860000195,0.0
1772061158,10,,Aggregated,22.800000,0.000000,85,110,130,140,180,210,260,290,390,410,410,10337,0,85,99.26764302321607,29.799736999848392,412.9831860000195,0.0
1772061159,10,,Aggregated,22.200000,0.000000,85,110,130,140,180,210,260,290,390,410,410,10359,0,85,99.23520271416007,29.799736999848392,412.9831860000195,0.0
1772061160,10,,Aggregated,21.900000,0.000000,85,110,130,140,180,210,260,290,390,410,410,10380,0,85,99.24549854258042,29.799736999848392,412.9831860000195,0.0
1772061161,10,,Aggregated,22.200000,0.000000,85,110,130,140,180,210,260,290,390,410,410,10403,0,85,99.20326710852464,29.799736999848392,412.9831860000195,0.0
1772061162,10,,Aggregated,22.200000,0.000000,85,110,130,140,180,210,260,290,390,410,410,10424,0,85,99.17888510638737,29.799736999848392,412.9831860000195,0.0
1772061163,10,,Aggregated,22.400000,0.000000,85,110,130,140,180,210,260,290,390,410,410,10446,0,85,99.09498828843402,29.799736999848392,412.9831860000195,0.0
1772061164,10,,Aggregated,22.100000,0.000000,85,110,130,140,180,210,260,290,390,410,410,10470,0,85,99.04066553113495,29.799736999848392,412.9831860000195,0.0
1772061165,10,,Aggregated,22.100000,0.000000,85,110,130,140,180,210,260,290,390,410,410,10491,0,85,98.99602209426953,29.799736999848392,412.9831860000195,0.0
1772061166,10,,Aggregated,22.000000,0.000000,85,110,130,140,180,210,260,290,390,410,410,10511,0,85,99.12145927732665,29.799736999848392,412.9831860000195,0.0
1772061167,10,,Aggregated,21.800000,0.000000,85,110,130,140,180,210,260,290,390,410,410,10535,0,85,99.07350295291717,29.799736999848392,412.9831860000195,0.0
1772061168,10,,Aggregated,21.400000,0.000000,85,110,130,140,180,210,260,290,390,410,410,10559,0,85,98.99761362865623,29.799736999848392,412.9831860000195,0.0
1772061169,10,,Aggregated,21.600000,0.000000,85,110,130,140,180,210,260,290,390,410,410,10580,0,85,98.94108065963879,29.799736999848392,412.9831860000195,0.0
1772061170,10,,Aggregated,22.300000,0.000000,85,110,130,140,180,210,260,290,390,410,410,10605,0,85,98.91319189221859,29.799736999848392,412.9831860000195,0.0
1772061171,10,,Aggregated,22.400000,0.000000,85,110,130,140,180,210,260,290,390,410,410,10630,0,85,98.82228188118327,29.799736999848392,412.9831860000195,0.0
1772061172,10,,Aggregated,22.500000,0.000000,84,110,130,140,180,210,260,290,390,410,410,10650,0,84,98.74918702441114,29.799736999848392,412.9831860000195,0.0
1772061173,10,,Aggregated,22.300000,0.000000,84,110,130,140,180,210,260,290,390,410,410,10671,0,84,98.71722646452781,29.799736999848392,412.9831860000195,0.0
1772061174,10,,Aggregated,22.500000,0.000000,84,110,130,140,180,210,260,290,390,410,410,10700,0,84,98.67465178859598,29.799736999848392,412.9831860000195,0.0
1772061175,10,,Aggregated,22.600000,0.000000,84,110,130,140,180,210,260,290,390,410,410,10721,0,84,98.65879451347612,29.799736999848392,412.9831860000195,0.0
1772061176,10,,Aggregated,22.600000,0.000000,84,110,130,140,180,210,260,290,390,410,410,10743,0,84,98.6063526412527,29.799736999848392,412.9831860000195,0.0
1772061177,10,,Aggregated,22.700000,0.000000,84,110,130,140,180,210,260,290,390,410,410,10765,0,84,98.5651462099375,29.799736999848392,412.9831860000195,0.0
1772061178,10,,Aggregated,23.200000,0.000000,84,110,130,140,180,210,260,290,390,410,410,10787,0,84,98.56188138870668,29.799736999848392,412.9831860000195,0.0
1772061179,10,,Aggregated,23.100000,0.000000,84,110,130,140,180,210,260,290,390,410,410,10807,0,84,98.55800856333668,29.799736999848392,412.9831860000195,0.0
1772061180,10,,Aggregated,22.600000,0.000000,84,110,130,140,180,210,260,290,390,410,410,10826,0,84,98.69916055375762,29.799736999848392,412.9831860000195,0.0
1772061181,10,,Aggregated,22.400000,0.000000,84,110,130,140,180,210,260,290,390,410,410,10853,0,84,98.67518116594302,29.799736999848392,412.9831860000195,0.0
1772061182,10,,Aggregated,22.200000,0.000000,84,110,130,140,180,210,260,290,390,410,410,10874,0,84,98.68264367950889,29.799736999848392,412.9831860000195,0.0
1772061183,10,,Aggregated,22.100000,0.000000,84,110,130,140,180,210,260,290,390,410,410,10898,0,84,98.65685626885488,29.799736999848392,412.9831860000195,0.0
1772061184,10,,Aggregated,21.800000,0.000000,84,110,130,140,180,210,260,290,390,410,410,10918,0,84,98.60124911512898,29.799736999848392,412.9831860000195,0.0
1772061185,10,,Aggregated,21.900000,0.000000,84,110,130,140,180,210,260,290,390,410,410,10942,0,84,98.63055699570246,29.799736999848392,412.9831860000195,0.0
1772061186,10,,Aggregated,22.100000,0.000000,84,110,130,140,180,210,260,290,390,410,410,10964,0,84,98.56580300291662,29.799736999848392,412.9831860000195,0.0
1772061187,10,,Aggregated,21.800000,0.000000,84,110,130,140,180,210,260,290,390,410,410,10985,0,84,98.55870702038932,29.799736999848392,412.9831860000195,0.0
1772061188,10,,Aggregated,21.800000,0.000000,84,110,130,140,180,210,260,290,370,410,410,11008,0,84,98.55731869067746,29.799736999848392,412.9831860000195,0.0
1772061189,10,,Aggregated,21.800000,0.000000,84,110,130,140,180,210,260,290,370,410,410,11026,0,84,98.50543564066534,29.799736999848392,412.9831860000195,0.0
1772061190,10,,Aggregated,21.900000,0.000000,85,110,130,140,180,210,260,290,370,410,410,11048,0,85,98.79861684449449,29.799736999848392,412.9831860000195,0.0
1772061191,10,,Aggregated,22.200000,0.000000,85,110,130,140,180,210,260,290,370,410,410,11070,0,85,98.82730100162368,29.799736999848392,412.9831860000195,0.0
1772061192,10,,Aggregated,22.000000,0.000000,85,110,130,140,180,210,260,290,370,410,410,11087,0,85,98.90775423712232,29.799736999848392,412.9831860000195,0.0
1772061193,10,,Aggregated,21.400000,0.000000,85,110,130,140,180,210,260,290,370,410,410,11101,0,85,99.06388874362446,29.799736999848392,412.9831860000195,0.0
1772061194,10,,Aggregated,21.700000,0.000000,85,110,130,140,180,210,260,290,370,410,410,11122,0,85,99.2313778636013,29.799736999848392,412.9831860000195,0.0
1772061195,10,,Aggregated,20.700000,0.000000,85,110,130,140,180,210,260,290,370,410,410,11146,0,85,99.2132240488045,29.799736999848392,412.9831860000195,0.0
1772061196,10,,Aggregated,20.400000,0.000000,85,110,130,140,180,210,260,290,370,410,410,11168,0,85,99.14478874955029,29.799736999848392,412.9831860000195,0.0
1772061197,10,,Aggregated,19.800000,0.000000,85,110,130,140,180,210,260,290,370,410,410,11189,0,85,99.20971488247199,29.799736999848392,412.9831860000195,0.0
1772061198,10,,Aggregated,20.200000,0.000000,85,110,130,140,180,210,260,290,370,410,410,11212,0,85,99.24350233249888,29.799736999848392,412.9831860000195,0.0
1772061199,10,,Aggregated,20.600000,0.000000,85,110,130,140,180,210,260,290,370,410,410,11234,0,85,99.25942398771365,29.799736999848392,412.9831860000195,0.0
1772061200,10,,Aggregated,20.400000,0.000000,85,110,130,140,180,210,260,290,370,410,410,11257,0,85,99.21674704174963,29.799736999848392,412.9831860000195,0.0
1772061201,10,,Aggregated,20.200000,0.000000,85,110,130,140,180,210,260,290,370,410,410,11282,0,85,99.146868261565,29.799736999848392,412.9831860000195,0.0
1772061202,10,,Aggregated,20.700000,0.000000,85,110,130,140,180,210,260,290,370,410,410,11303,0,85,99.15374881111016,29.799736999848392,412.9831860000195,0.0
1772061203,10,,Aggregated,21.300000,0.000000,85,110,130,140,180,210,260,290,370,410,410,11329,0,85,99.22536106108015,29.799736999848392,412.9831860000195,0.0
1772061204,10,,Aggregated,21.400000,0.000000,85,110,130,140,180,210,260,290,370,410,410,11352,0,85,99.16522449691479,29.799736999848392,412.9831860000195,0.0
1772061205,10,,Aggregated,22.300000,0.000000,85,110,130,140,180,210,260,290,370,410,410,11377,0,85,99.11688473753851,29.799736999848392,412.9831860000195,0.0
1772061206,10,,Aggregated,22.300000,0.000000,85,110,130,140,180,210,260,290,370,410,410,11399,0,85,99.11823221817528,29.799736999848392,412.9831860000195,0.0
1772061207,10,,Aggregated,23.300000,0.000000,85,110,130,140,180,210,260,290,370,410,410,11422,0,85,99.10842782472251,29.799736999848392,412.9831860000195,0.0
1772061208,10,,Aggregated,22.500000,0.000000,85,110,130,140,180,210,260,290,370,410,410,11446,0,85,99.07808919674804,29.799736999848392,412.9831860000195,0.0
1772061209,10,,Aggregated,22.500000,0.000000,85,110,130,140,180,210,260,290,370,410,410,11468,0,85,99.13876787478002,29.799736999848392,412.9831860000195,0.0
1772061210,10,,Aggregated,22.900000,0.000000,85,110,130,140,180,210,260,290,370,410,410,11479,0,85,99.29257609112094,29.799736999848392,412.9831860000195,0.0
1772061211,10,,Aggregated,22.700000,0.000000,85,110,130,140,180,210,260,290,370,410,410,11500,0,85,99.44923457634575,29.799736999848392,412.9831860000195,0.0
1772061212,10,,Aggregated,22.600000,0.000000,85,110,130,140,180,210,260,290,370,410,410,11524,0,85,99.41176506716239,29.799736999848392,412.9831860000195,0.0
1772061213,10,,Aggregated,21.500000,0.000000,85,110,130,140,180,210,260,290,370,410,410,11549,0,85,99.34542512901376,29.799736999848392,412.9831860000195,0.0
1772061214,10,,Aggregated,21.800000,0.000000,85,110,130,140,180,210,260,290,370,410,410,11574,0,85,99.28071185087079,29.799736999848392,412.9831860000195,0.0
1772061215,10,,Aggregated,21.700000,0.000000,85,110,130,140,180,210,260,290,370,410,410,11595,0,85,99.28067868296475,29.799736999848392,412.9831860000195,0.0
1772061216,10,,Aggregated,21.700000,0.000000,85,110,130,140,180,210,260,290,370,410,410,11618,0,85,99.22973048459089,29.799736999848392,412.9831860000195,0.0
1772061217,10,,Aggregated,21.500000,0.000000,85,110,130,140,180,210,260,290,370,410,410,11642,0,85,99.17335875742819,29.799736999848392,412.9831860000195,0.0
1772061218,10,,Aggregated,22.000000,0.000000,85,110,130,140,180,210,260,290,370,410,410,11665,0,85,99.10772269961238,29.799736999848392,412.9831860000195,0.0
1772061219,10,,Aggregated,21.900000,0.000000,85,110,130,140,180,210,260,290,370,410,410,11691,0,85,99.06727269754329,29.799736999848392,412.9831860000195,0.0
1772061220,10,,Aggregated,21.600000,0.000000,85,110,130,140,180,210,260,290,370,410,410,11709,0,85,99.05699612759233,29.799736999848392,412.9831860000195,0.0
1772061221,10,,Aggregated,22.000000,0.000000,85,110,130,140,180,210,260,290,370,410,410,11733,0,85,99.02026671021734,29.799736999848392,412.9831860000195,0.0
1772061222,10,,Aggregated,22.400000,0.000000,85,110,130,140,180,210,260,290,370,410,410,11756,0,85,98.95510500008348,29.799736999848392,412.9831860000195,0.0
1772061223,10,,Aggregated,23.600000,0.000000,85,110,130,140,180,210,260,290,400,440,460,11771,0,85,99.1687882020204,29.799736999848392,459.00212000015017,0.0
1772061224,10,,Aggregated,22.900000,0.000000,85,110,130,140,180,210,260,290,400,440,460,11795,0,85,99.26485015972726,29.799736999848392,459.00212000015017,0.0
1772061225,10,,Aggregated,23.100000,0.000000,85,110,130,140,180,210,260,290,400,440,460,11816,0,85,99.210313311864,29.799736999848392,459.00212000015017,0.0
1772061226,10,,Aggregated,22.200000,0.000000,85,110,130,140,180,210,260,290,400,440,460,11838,0,85,99.20523405186573,29.799736999848392,459.00212000015017,0.0
1772061227,10,,Aggregated,22.100000,0.000000,85,110,130,140,180,210,260,290,400,440,460,11861,0,85,99.19913432299013,29.799736999848392,459.00212000015017,0.0
1772061228,10,,Aggregated,21.900000,0.000000,85,110,130,140,180,210,260,290,400,440,460,11883,0,85,99.18511584212628,29.799736999848392,459.00212000015017,0.0
1772061229,10,,Aggregated,21.600000,0.000000,85,110,130,140,180,210,260,290,400,440,460,11908,0,85,99.142820594809,29.799736999848392,459.00212000015017,0.0
1772061231,10,,Aggregated,21.800000,0.000000,85,110,130,140,180,210,260,290,400,440,460,11934,0,85,99.10679699312769,29.799736999848392,459.00212000015017,0.0
1772061232,10,,Aggregated,21.500000,0.000000,85,110,130,140,180,210,260,290,400,440,460,11949,0,85,99.11931278290943,29.799736999848392,459.00212000015017,0.0
1772061233,10,,Aggregated,21.500000,0.000000,85,110,130,140,180,210,260,290,400,440,460,11973,0,85,99.17523658464744,29.799736999848392,459.00212000015017,0.0
1772061234,10,,Aggregated,21.200000,0.000000,85,110,130,140,180,210,260,290,400,440,460,11995,0,85,99.16879310520916,29.799736999848392,459.00212000015017,0.0
1772061235,10,,Aggregated,21.300000,0.000000,85,110,130,140,180,210,260,290,400,440,460,12015,0,85,99.2361971871811,29.799736999848392,459.00212000015017,0.0
1772061236,10,,Aggregated,22.100000,0.000000,85,110,130,140,180,210,260,290,400,440,460,12040,0,85,99.21900501054637,29.799736999848392,459.00212000015017,0.0
1772061237,10,,Aggregated,22.100000,0.000000,85,110,130,140,180,210,260,290,400,440,460,12064,0,85,99.17985156340991,29.799736999848392,459.00212000015017,0.0
1772061238,10,,Aggregated,22.200000,0.000000,85,110,130,140,180,210,260,290,400,440,460,12087,0,85,99.16080239496796,29.799736999848392,459.00212000015017,0.0
1772061239,10,,Aggregated,22.600000,0.000000,85,110,130,140,180,210,260,290,400,440,460,12109,0,85,99.12075061705973,29.799736999848392,459.00212000015017,0.0
1772061240,10,,Aggregated,22.600000,0.000000,85,110,130,140,180,210,260,290,400,440,460,12133,0,85,99.09088573518291,29.799736999848392,459.00212000015017,0.0
1772061241,10,,Aggregated,22.500000,0.000000,85,110,130,140,180,210,260,290,400,440,460,12155,0,85,99.06739629954552,29.799736999848392,459.00212000015017,0.0
1772061242,10,,Aggregated,22.500000,0.000000,85,110,130,140,180,210,260,290,400,440,460,12175,0,85,99.10566820730786,29.799736999848392,459.00212000015017,0.0
1772061243,10,,Aggregated,21.900000,0.000000,85,110,130,140,180,210,260,290,400,440,460,12199,0,85,99.103347250592,29.799736999848392,459.00212000015017,0.0
1772061244,10,,Aggregated,22.500000,0.000000,85,110,130,140,180,210,260,290,400,440,460,12220,0,85,99.08667688690451,29.799736999848392,459.00212000015017,0.0
1772061245,10,,Aggregated,22.500000,0.000000,85,110,130,140,180,210,260,290,400,440,460,12244,0,85,99.09653522214738,29.799736999848392,459.00212000015017,0.0
1772061246,10,,Aggregated,22.500000,0.000000,85,110,130,140,180,210,260,290,400,440,460,12265,0,85,99.06429107590473,29.799736999848392,459.00212000015017,0.0
1772061247,10,,Aggregated,22.600000,0.000000,85,110,130,140,180,210,260,290,400,440,460,12291,0,85,99.0495407097041,29.799736999848392,459.00212000015017,0.0
1772061248,10,,Aggregated,22.600000,0.000000,85,110,130,140,180,210,260,290,400,440,460,12314,0,85,99.00091194469489,29.799736999848392,459.00212000015017,0.0
1772061249,10,,Aggregated,22.300000,0.000000,85,110,130,140,180,210,260,290,400,440,460,12338,0,85,98.98347004076614,29.799736999848392,459.00212000015017,0.0
1772061250,10,,Aggregated,22.500000,0.000000,85,110,130,140,180,210,260,290,400,440,460,12360,0,85,98.9651642614055,29.799736999848392,459.00212000015017,0.0
1772061251,10,,Aggregated,22.300000,0.000000,85,110,130,140,180,210,260,290,400,440,460,12381,0,85,98.95276336943469,29.799736999848392,459.00212000015017,0.0
1772061252,10,,Aggregated,22.300000,0.000000,85,110,130,140,180,210,260,290,400,440,460,12405,0,85,98.96341021265394,29.799736999848392,459.00212000015017,0.0
1772061253,10,,Aggregated,22.600000,0.000000,85,110,130,140,180,210,260,290,400,440,460,12429,0,85,98.94425937484652,29.799736999848392,459.00212000015017,0.0
1772061254,10,,Aggregated,22.700000,0.000000,85,110,130,140,180,210,260,290,400,440,460,12452,0,85,98.89532841302326,29.799736999848392,459.00212000015017,0.0
1772061255,10,,Aggregated,22.400000,0.000000,85,110,130,140,180,210,260,290,400,440,460,12471,0,85,98.95926058311005,29.799736999848392,459.00212000015017,0.0
1772061256,10,,Aggregated,22.800000,0.000000,85,110,130,140,180,210,260,290,400,440,460,12491,0,85,98.96523336073705,29.799736999848392,459.00212000015017,0.0
1772061257,10,,Aggregated,22.900000,0.000000,85,110,130,140,180,210,260,290,400,440,460,12517,0,85,98.94839376519658,29.799736999848392,459.00212000015017,0.0
1772061258,10,,Aggregated,22.200000,0.000000,85,110,130,140,180,210,260,290,400,440,460,12540,0,85,98.94985179170381,29.799736999848392,459.00212000015017,0.0
1772061259,10,,Aggregated,22.300000,0.000000,85,110,130,140,180,210,260,290,400,440,460,12561,0,85,98.88979389013338,29.799736999848392,459.00212000015017,0.0
1772061260,10,,Aggregated,22.200000,0.000000,85,110,130,140,180,210,260,290,400,440,460,12585,0,85,98.86383303543619,29.799736999848392,459.00212000015017,0.0
1772061261,10,,Aggregated,22.200000,0.000000,85,110,130,140,180,210,260,290,400,440,460,12606,0,85,98.841426844833,29.799736999848392,459.00212000015017,0.0
1772061262,10,,Aggregated,22.000000,0.000000,85,110,130,140,180,210,260,290,400,440,460,12630,0,85,98.77822666856397,29.799736999848392,459.00212000015017,0.0
1772061263,10,,Aggregated,22.200000,0.000000,85,110,130,140,180,210,260,290,400,440,460,12652,0,85,98.73853265135675,29.799736999848392,459.00212000015017,0.0
1772061264,10,,Aggregated,22.100000,0.000000,85,110,130,140,180,210,260,290,400,440,460,12677,0,85,98.6936236177303,29.799736999848392,459.00212000015017,0.0
1772061265,10,,Aggregated,22.400000,0.000000,85,110,130,140,180,210,260,290,400,440,460,12700,0,85,98.67576469149316,29.799736999848392,459.00212000015017,0.0
1772061266,10,,Aggregated,22.200000,0.000000,85,110,130,140,180,210,260,290,400,440,460,12717,0,85,98.7110192395189,29.799736999848392,459.00212000015017,0.0
1772061267,10,,Aggregated,22.100000,0.000000,85,110,130,140,180,210,260,290,400,440,460,12740,0,85,98.71170413249305,29.799736999848392,459.00212000015017,0.0
1772061268,10,,Aggregated,22.600000,0.000000,85,110,130,140,180,210,260,290,400,440,460,12763,0,85,98.72828071612929,29.799736999848392,459.00212000015017,0.0
1772061269,10,,Aggregated,22.500000,0.000000,85,110,130,140,180,210,260,290,400,440,460,12786,0,85,98.71330188009988,29.799736999848392,459.00212000015017,0.0
1772061270,10,,Aggregated,22.400000,0.000000,85,110,130,140,180,210,260,290,400,440,460,12808,0,85,98.7080893614897,29.799736999848392,459.00212000015017,0.0
1772061271,10,,Aggregated,22.300000,0.000000,85,110,130,140,180,210,260,290,400,440,460,12830,0,85,98.7068069468402,29.799736999848392,459.00212000015017,0.0
1772061272,10,,Aggregated,22.200000,0.000000,85,110,130,140,180,210,260,290,400,440,460,12852,0,85,98.65682538958609,29.799736999848392,459.00212000015017,0.0
1772061273,10,,Aggregated,22.000000,0.000000,85,110,130,140,180,210,260,290,400,440,460,12875,0,85,98.66078172310385,29.799736999848392,459.00212000015017,0.0
1772061274,10,,Aggregated,22.100000,0.000000,85,110,130,140,180,210,260,290,400,440,460,12898,0,85,98.64702721142515,29.799736999848392,459.00212000015017,0.0
1772061275,10,,Aggregated,22.000000,0.000000,85,110,130,140,180,210,260,290,400,440,460,12920,0,85,98.59086512453288,29.799736999848392,459.00212000015017,0.0
1772061276,10,,Aggregated,21.900000,0.000000,85,110,130,140,180,210,260,290,400,440,460,12944,0,85,98.6097307693885,29.799736999848392,459.00212000015017,0.0
1772061277,10,,Aggregated,21.900000,0.000000,85,110,130,140,180,210,260,290,400,440,460,12961,0,85,98.59619370943345,29.799736999848392,459.00212000015017,0.0
1772061278,10,,Aggregated,22.000000,0.000000,85,110,130,140,180,210,260,290,400,440,460,12986,0,85,98.61858519613183,29.799736999848392,459.00212000015017,0.0
1772061279,10,,Aggregated,21.900000,0.000000,85,110,130,140,180,210,260,290,390,440,460,13009,0,85,98.59385591651684,29.799736999848392,459.00212000015017,0.0
1772061280,10,,Aggregated,21.900000,0.000000,85,110,130,140,180,210,260,290,390,440,460,13031,0,85,98.56627211434028,29.799736999848392,459.00212000015017,0.0
1772061281,10,,Aggregated,22.300000,0.000000,84,110,130,140,180,210,260,290,390,440,460,13055,0,84,98.50851666801746,29.799736999848392,459.00212000015017,0.0
1772061282,10,,Aggregated,22.100000,0.000000,84,110,130,140,180,210,260,290,390,440,460,13079,0,84,98.44116640018109,29.799736999848392,459.00212000015017,0.0
1772061283,10,,Aggregated,22.400000,0.000000,84,110,130,140,180,210,260,290,390,440,460,13102,0,84,98.41053740596608,29.799736999848392,459.00212000015017,0.0
1772061284,10,,Aggregated,22.700000,0.000000,84,110,130,140,180,210,260,290,390,440,460,13123,0,84,98.41243199611101,29.799736999848392,459.00212000015017,0.0
1772061285,10,,Aggregated,22.500000,0.000000,84,110,130,140,180,210,260,290,390,440,460,13144,0,84,98.42703819986035,29.799736999848392,459.00212000015017,0.0
1772061286,10,,Aggregated,22.500000,0.000000,84,110,130,140,180,210,260,290,390,440,460,13164,0,84,98.38576961690693,29.799736999848392,459.00212000015017,0.0
1772061287,10,,Aggregated,22.600000,0.000000,84,110,130,140,180,210,260,290,390,440,460,13185,0,84,98.42290419021347,29.799736999848392,459.00212000015017,0.0
1772061288,10,,Aggregated,22.000000,0.000000,84,110,130,140,180,210,260,290,390,440,460,13207,0,84,98.5185136103556,29.799736999848392,459.00212000015017,0.0
1772061289,10,,Aggregated,22.100000,0.000000,84,110,130,140,180,210,260,290,390,440,460,13227,0,84,98.49939167051987,29.799736999848392,459.00212000015017,0.0
1772061290,10,,Aggregated,22.000000,0.000000,84,110,130,140,180,210,260,290,390,440,460,13247,0,84,98.50468119906124,29.799736999848392,459.00212000015017,0.0
1772061291,10,,Aggregated,21.800000,0.000000,85,110,130,140,180,210,260,290,390,440,460,13268,0,84,98.51595440427843,29.799736999848392,459.00212000015017,0.0
1772061292,10,,Aggregated,21.600000,0.000000,85,110,130,140,180,210,260,290,390,440,460,13290,0,85,98.4915181577101,29.799736999848392,459.00212000015017,0.0
1772061293,10,,Aggregated,21.000000,0.000000,85,110,130,140,180,210,260,290,390,440,460,13315,0,85,98.47483320615605,29.799736999848392,459.00212000015017,0.0
1772061294,10,,Aggregated,20.800000,0.000000,85,110,130,140,180,210,260,290,390,440,460,13331,0,85,98.50045150123535,29.799736999848392,459.00212000015017,0.0
1772061295,10,,Aggregated,21.100000,0.000000,85,110,130,140,180,210,260,290,390,440,460,13356,0,85,98.52511977844958,29.799736999848392,459.00212000015017,0.0
1772061296,10,,Aggregated,20.900000,0.000000,85,110,130,140,180,210,260,290,390,440,460,13378,0,85,98.48336879211938,29.799736999848392,459.00212000015017,0.0
1772061297,10,,Aggregated,20.600000,0.000000,85,110,130,140,180,210,260,290,390,440,460,13402,0,85,98.46220983912637,29.799736999848392,459.00212000015017,0.0
1772061298,10,,Aggregated,21.300000,0.000000,85,110,130,140,180,210,260,290,390,440,460,13426,0,85,98.41069842491974,29.799736999848392,459.00212000015017,0.0
1772061299,10,,Aggregated,21.500000,0.000000,84,110,130,140,180,210,260,290,390,440,460,13450,0,84,98.36801646066681,29.799736999848392,459.00212000015017,0.0
1772061300,10,,Aggregated,21.800000,0.000000,84,110,130,140,180,210,260,290,390,440,460,13472,0,84,98.35908709745875,29.799736999848392,459.00212000015017,0.0
1772061301,10,,Aggregated,21.800000,0.000000,84,110,130,140,180,210,260,290,390,440,460,13495,0,84,98.3893258148175,29.799736999848392,459.00212000015017,0.0
1772061302,10,,Aggregated,22.600000,0.000000,84,110,130,140,180,210,250,290,390,440,460,13517,0,84,98.36672921816715,29.799736999848392,459.00212000015017,0.0
1772061303,10,,Aggregated,22.800000,0.000000,84,110,130,140,180,210,250,290,390,440,460,13539,0,84,98.32616763165422,29.799736999848392,459.00212000015017,0.0
1772061304,10,,Aggregated,22.400000,0.000000,84,110,130,140,180,210,250,290,390,440,460,13564,0,84,98.35513967723155,29.799736999848392,459.00212000015017,0.0
1772061305,10,,Aggregated,22.300000,0.000000,84,110,130,140,180,210,250,290,390,440,460,13581,0,84,98.3540264136639,29.799736999848392,459.00212000015017,0.0
1772061306,10,,Aggregated,22.700000,0.000000,84,110,130,140,180,210,250,290,390,440,460,13606,0,84,98.41583929398548,29.799736999848392,459.00212000015017,0.0
1772061307,10,,Aggregated,22.900000,0.000000,84,110,130,140,180,210,250,290,390,440,460,13628,0,84,98.41473024852998,29.799736999848392,459.00212000015017,0.0
1772061308,10,,Aggregated,22.400000,0.000000,84,110,130,140,180,210,250,290,390,440,460,13654,0,84,98.39948295393049,29.799736999848392,459.00212000015017,0.0
1772061309,10,,Aggregated,22.400000,0.000000,84,110,130,140,180,210,250,290,390,440,460,13675,0,84,98.36620587568326,29.799736999848392,459.00212000015017,0.0
1772061310,10,,Aggregated,22.300000,0.000000,84,110,130,140,180,210,250,290,390,440,460,13701,0,84,98.34040137945917,29.799736999848392,459.00212000015017,0.0
1772061311,10,,Aggregated,22.400000,0.000000,84,110,130,140,180,210,250,290,390,440,460,13720,0,84,98.3375944716452,29.799736999848392,459.00212000015017,0.0
1772061312,10,,Aggregated,22.200000,0.000000,84,110,130,140,180,210,250,290,390,440,460,13745,0,84,98.2870031505981,29.799736999848392,459.00212000015017,0.0
1772061313,10,,Aggregated,22.100000,0.000000,84,110,130,140,180,210,250,290,390,440,460,13767,0,84,98.23699706595279,29.799736999848392,459.00212000015017,0.0
1772061314,10,,Aggregated,22.300000,0.000000,84,110,130,140,180,210,250,290,390,440,460,13790,0,84,98.19675966939603,29.799736999848392,459.00212000015017,0.0
1772061315,10,,Aggregated,22.300000,0.000000,84,110,130,140,180,210,250,290,390,440,460,13815,0,84,98.2003046054993,29.799736999848392,459.00212000015017,0.0
1772061316,10,,Aggregated,22.300000,0.000000,84,110,130,140,180,210,250,290,390,440,460,13837,0,84,98.22863879027044,29.799736999848392,459.00212000015017,0.0
1772061317,10,,Aggregated,22.600000,0.000000,84,110,130,140,180,210,250,290,390,440,460,13860,0,84,98.19364130771817,29.799736999848392,459.00212000015017,0.0
1772061318,10,,Aggregated,22.900000,0.000000,84,110,130,140,180,210,250,290,390,440,460,13883,0,84,98.20284935078689,29.799736999848392,459.00212000015017,0.0
1772061319,10,,Aggregated,22.800000,0.000000,84,110,130,140,180,210,250,290,390,440,460,13905,0,84,98.15895299381322,29.799736999848392,459.00212000015017,0.0
1772061320,10,,Aggregated,22.900000,0.000000,84,110,130,140,180,210,250,290,390,440,460,13927,0,84,98.11101854728022,29.799736999848392,459.00212000015017,0.0
1772061321,10,,Aggregated,22.800000,0.000000,84,110,130,140,180,210,250,290,390,440,460,13950,0,84,98.12400431024908,29.799736999848392,459.00212000015017,0.0
1772061322,10,,Aggregated,22.800000,0.000000,84,110,130,140,180,210,250,290,390,440,460,13974,0,84,98.07447808594357,29.799736999848392,459.00212000015017,0.0
1772061323,10,,Aggregated,22.700000,0.000000,84,110,130,140,180,210,250,290,390,440,460,13996,0,84,98.02474616168736,29.799736999848392,459.00212000015017,0.0
1772061324,10,,Aggregated,22.800000,0.000000,84,110,130,140,180,210,250,290,390,440,460,14020,0,84,98.02910802867183,29.799736999848392,459.00212000015017,0.0
1772061325,10,,Aggregated,22.900000,0.000000,84,110,130,140,180,210,250,290,390,440,460,14043,0,84,97.98113232279253,29.799736999848392,459.00212000015017,0.0
1772061326,10,,Aggregated,22.400000,0.000000,84,110,130,140,180,210,250,290,390,440,460,14067,0,84,97.96390615283853,29.799736999848392,459.00212000015017,0.0
1772061327,10,,Aggregated,22.500000,0.000000,84,110,130,140,180,210,250,290,390,440,460,14092,0,84,97.92867018776496,29.799736999848392,459.00212000015017,0.0
1772061328,10,,Aggregated,22.500000,0.000000,84,110,130,140,180,210,250,290,390,440,460,14115,0,84,97.90222231554964,29.799736999848392,459.00212000015017,0.0
1772061329,10,,Aggregated,22.600000,0.000000,84,110,130,140,180,210,250,290,390,440,460,14135,0,84,97.89644433569029,29.799736999848392,459.00212000015017,0.0
1772061330,10,,Aggregated,22.700000,0.000000,84,110,130,140,180,210,250,290,390,440,460,14158,0,84,97.90047223852117,29.799736999848392,459.00212000015017,0.0
1772061331,10,,Aggregated,22.800000,0.000000,84,110,130,140,180,210,250,290,390,440,460,14182,0,84,97.8679743633466,29.799736999848392,459.00212000015017,0.0
1772061332,10,,Aggregated,22.500000,0.000000,84,110,130,140,180,210,250,290,390,440,460,14206,0,84,97.83423468499107,29.799736999848392,459.00212000015017,0.0
1772061333,10,,Aggregated,22.700000,0.000000,84,110,130,140,180,210,250,290,390,440,460,14230,0,84,97.82759507462971,29.799736999848392,459.00212000015017,0.0
1772061334,10,,Aggregated,22.900000,0.000000,84,110,130,140,180,210,250,290,390,440,460,14254,0,84,97.78935107450403,29.799736999848392,459.00212000015017,0.0
1772061335,10,,Aggregated,22.900000,0.000000,84,110,130,140,180,210,250,290,390,440,460,14279,0,84,97.82141320729593,29.799736999848392,459.00212000015017,0.0
1772061336,10,,Aggregated,23.400000,0.000000,84,110,130,140,180,210,250,290,390,440,460,14296,0,84,97.91976271243566,29.799736999848392,459.00212000015017,0.0
1772061337,10,,Aggregated,23.300000,0.000000,84,110,130,140,180,210,250,290,390,440,460,14319,0,84,97.86006258041631,29.799736999848392,459.00212000015017,0.0
1772061339,10,,Aggregated,23.500000,0.000000,84,110,130,140,180,210,250,290,390,440,460,14341,0,84,97.82695132793971,29.799736999848392,459.00212000015017,0.0
1772061340,10,,Aggregated,22.800000,0.000000,84,110,130,140,180,210,250,290,390,440,460,14362,0,84,97.82692013821095,29.799736999848392,459.00212000015017,0.0
1772061341,10,,Aggregated,22.600000,0.000000,84,110,130,140,180,210,250,290,390,440,460,14388,0,84,97.79481430108322,29.799736999848392,459.00212000015017,0.0
1772061342,10,,Aggregated,22.600000,0.000000,84,110,130,140,180,210,250,290,390,440,460,14411,0,84,97.83333625813538,29.799736999848392,459.00212000015017,0.0
1772061343,10,,Aggregated,22.900000,0.000000,84,110,130,140,180,210,250,290,390,440,460,14428,0,84,97.83892410133019,29.799736999848392,459.00212000015017,0.0
1772061344,10,,Aggregated,22.900000,0.000000,84,110,130,140,180,210,250,290,390,440,460,14450,0,84,97.87434676034545,29.799736999848392,459.00212000015017,0.0
1772061345,10,,Aggregated,22.100000,0.000000,84,110,130,140,180,210,250,290,390,440,460,14475,0,84,97.8458347659406,29.799736999848392,459.00212000015017,0.0
1772061346,10,,Aggregated,22.000000,0.000000,84,110,130,140,180,210,250,290,390,440,460,14497,0,84,97.79695994716083,29.799736999848392,459.00212000015017,0.0
1772061347,10,,Aggregated,21.900000,0.000000,84,110,130,140,180,210,250,290,390,440,460,14521,0,84,97.7622619536527,29.799736999848392,459.00212000015017,0.0
1772061348,10,,Aggregated,21.900000,0.000000,84,110,130,140,180,210,250,290,390,440,460,14534,0,84,97.76771622326902,29.799736999848392,459.00212000015017,0.0
1772061349,10,,Aggregated,22.100000,0.000000,84,110,130,140,180,210,250,290,390,440,460,14558,0,84,97.87862060983609,29.799736999848392,459.00212000015017,0.0
1772061350,10,,Aggregated,21.500000,0.000000,84,110,130,140,180,210,250,290,390,440,460,14579,0,84,97.8474152131142,29.799736999848392,459.00212000015017,0.0
1772061351,10,,Aggregated,21.500000,0.000000,84,110,130,140,180,210,250,290,390,440,460,14601,0,84,97.88307159221912,29.799736999848392,459.00212000015017,0.0
1772061352,10,,Aggregated,21.400000,0.000000,84,110,130,140,180,210,250,290,390,440,460,14617,0,84,97.90466843387776,29.799736999848392,459.00212000015017,0.0
1772061353,10,,Aggregated,21.600000,0.000000,84,110,130,140,180,210,250,290,390,440,460,14637,0,84,98.01932837097692,29.799736999848392,459.00212000015017,0.0
1772061354,10,,Aggregated,20.600000,0.000000,84,110,130,140,180,210,250,290,390,440,460,14663,0,84,98.02049791243189,29.799736999848392,459.00212000015017,0.0
1772061355,10,,Aggregated,21.000000,0.000000,84,110,130,140,180,210,250,290,390,440,460,14688,0,84,97.95787205480582,29.799736999848392,459.00212000015017,0.0
1772061356,10,,Aggregated,20.900000,0.000000,84,110,130,140,180,210,250,290,390,440,460,14711,0,84,97.90215691434923,29.799736999848392,459.00212000015017,0.0
1772061357,10,,Aggregated,21.200000,0.000000,84,110,130,140,180,210,250,290,390,440,460,14733,0,84,97.93034055949163,29.799736999848392,459.00212000015017,0.0
1772061358,10,,Aggregated,21.400000,0.000000,84,110,130,140,180,210,250,290,390,440,460,14755,0,84,97.90874466221543,29.799736999848392,459.00212000015017,0.0
1772061359,10,,Aggregated,20.900000,0.000000,84,110,130,140,180,210,250,290,390,440,460,14779,0,84,97.85648091318697,29.799736999848392,459.00212000015017,0.0
1772061360,10,,Aggregated,20.900000,0.000000,84,110,130,140,180,210,250,290,390,440,460,14801,0,84,97.81516272717988,29.799736999848392,459.00212000015017,0.0
1772061361,10,,Aggregated,22.200000,0.000000,84,110,130,140,180,210,250,290,390,440,460,14824,0,84,97.86051530342581,29.799736999848392,459.00212000015017,0.0
1772061362,10,,Aggregated,22.300000,0.000000,84,110,130,140,180,210,250,290,390,440,460,14847,0,84,97.82600997945602,29.799736999848392,459.00212000015017,0.0
1772061363,10,,Aggregated,22.100000,0.000000,84,110,130,140,180,210,250,290,390,440,460,14870,0,84,97.81546748211055,29.799736999848392,459.00212000015017,0.0
1772061364,10,,Aggregated,22.900000,0.000000,84,110,130,140,180,210,250,290,390,440,460,14891,0,84,97.86924249210804,29.799736999848392,459.00212000015017,0.0
1772061365,10,,Aggregated,23.100000,0.000000,84,110,130,140,180,210,250,290,390,440,460,14913,0,84,97.92460683148805,29.799736999848392,459.00212000015017,0.0
1772061366,10,,Aggregated,23.100000,0.000000,84,110,130,140,180,210,250,290,390,440,460,14935,0,84,97.97013156116364,29.799736999848392,459.00212000015017,0.0
1772061367,10,,Aggregated,21.900000,0.000000,84,110,130,140,180,210,250,290,390,440,460,14952,0,84,97.94786542689805,29.799736999848392,459.00212000015017,0.0
1772061368,10,,Aggregated,21.800000,0.000000,84,110,130,140,180,210,250,290,390,440,460,14977,0,84,97.93576496080503,29.799736999848392,459.00212000015017,0.0
1772061369,10,,Aggregated,22.200000,0.000000,84,110,130,140,180,210,250,290,390,440,460,15002,0,84,97.89062612704834,29.799736999848392,459.00212000015017,0.0
1772061370,10,,Aggregated,21.800000,0.000000,84,110,130,140,180,210,250,290,390,440,460,15025,0,84,97.83897602442444,29.799736999848392,459.00212000015017,0.0
1772061371,10,,Aggregated,22.000000,0.000000,84,110,130,140,180,210,250,290,390,440,460,15047,0,84,97.79732289898158,29.799736999848392,459.00212000015017,0.0
1772061372,10,,Aggregated,21.800000,0.000000,84,110,130,140,180,210,250,290,390,440,460,15070,0,84,97.7811824515576,29.799736999848392,459.00212000015017,0.0
1772061373,10,,Aggregated,22.200000,0.000000,84,110,130,140,180,210,250,290,390,440,460,15096,0,84,97.77914639559962,29.799736999848392,459.00212000015017,0.0
1772061374,10,,Aggregated,22.200000,0.000000,84,110,130,140,180,210,250,290,390,440,460,15116,0,84,97.74811456800549,29.799736999848392,459.00212000015017,0.0
1772061375,10,,Aggregated,22.100000,0.000000,84,110,130,140,180,210,250,290,390,440,460,15138,0,84,97.7468685065378,29.799736999848392,459.00212000015017,0.0
1772061376,10,,Aggregated,21.900000,0.000000,84,110,130,140,180,210,250,290,390,440,460,15163,0,84,97.70992751816726,29.799736999848392,459.00212000015017,0.0
1772061377,10,,Aggregated,23.100000,0.000000,84,110,130,140,180,210,250,290,390,440,460,15182,0,84,97.71058816196619,29.799736999848392,459.00212000015017,0.0
1772061378,10,,Aggregated,23.100000,0.000000,84,110,130,140,180,210,250,290,390,440,460,15206,0,84,97.78882711922729,29.799736999848392,459.00212000015017,0.0
1772061379,10,,Aggregated,23.300000,0.000000,84,110,130,140,180,210,250,290,390,440,460,15226,0,84,97.86894536562265,29.799736999848392,459.00212000015017,0.0
1772061380,10,,Aggregated,23.100000,0.000000,84,110,130,140,180,210,250,290,390,440,460,15247,0,84,97.93626964471494,29.799736999848392,459.00212000015017,0.0
1772061381,10,,Aggregated,21.800000,0.000000,84,110,130,140,180,210,250,290,390,440,460,15270,0,84,97.90630876345566,29.799736999848392,459.00212000015017,0.0
1772061382,10,,Aggregated,21.800000,0.000000,84,110,130,140,180,210,250,290,390,440,460,15294,0,84,97.91699163769901,29.799736999848392,459.00212000015017,0.0
1772061383,10,,Aggregated,21.900000,0.000000,84,110,130,140,180,210,250,290,390,440,460,15316,0,84,97.90846157482166,29.799736999848392,459.00212000015017,0.0
1772061384,10,,Aggregated,21.800000,0.000000,84,110,130,140,180,210,250,290,390,440,460,15337,0,84,97.86476953054502,29.799736999848392,459.00212000015017,0.0
1772061385,10,,Aggregated,21.700000,0.000000,84,110,130,140,180,210,250,290,390,440,460,15360,0,84,97.83396507011516,29.799736999848392,459.00212000015017,0.0
1772061386,10,,Aggregated,21.900000,0.000000,84,110,130,140,180,210,250,290,390,440,460,15383,0,84,97.81544197276011,29.799736999848392,459.00212000015017,0.0
1772061387,10,,Aggregated,21.700000,0.000000,84,110,130,140,180,210,250,290,390,440,460,15405,0,84,97.85538090983246,29.799736999848392,459.00212000015017,0.0
1772061388,10,,Aggregated,21.500000,0.000000,84,110,130,140,180,210,250,290,390,440,460,15426,0,84,97.82380620322634,29.799736999848392,459.00212000015017,0.0
1772061389,10,,Aggregated,21.300000,0.000000,84,110,130,140,180,210,250,290,390,440,460,15448,0,84,97.91227016480904,29.799736999848392,459.00212000015017,0.0
1772061390,10,,Aggregated,21.500000,0.000000,84,110,130,140,180,210,250,290,390,440,460,15473,0,84,97.87099912589505,29.799736999848392,459.00212000015017,0.0
1772061391,10,,Aggregated,22.100000,0.000000,84,110,130,140,180,210,250,290,390,440,460,15491,0,84,97.86440811090158,29.799736999848392,459.00212000015017,0.0
1772061392,10,,Aggregated,22.600000,0.000000,84,110,130,140,180,210,250,290,390,440,460,15514,0,84,97.96395090724353,29.799736999848392,459.00212000015017,0.0
1772061393,10,,Aggregated,22.100000,0.000000,84,110,130,140,180,210,250,290,390,440,460,15535,0,84,97.99290608960254,29.799736999848392,459.00212000015017,0.0
1772061394,10,,Aggregated,21.800000,0.000000,84,110,130,140,180,210,250,290,390,440,460,15559,0,84,97.95319405713563,29.799736999848392,459.00212000015017,0.0
1772061395,10,,Aggregated,21.700000,0.000000,84,110,130,140,180,210,250,290,390,440,460,15583,0,84,97.92987485201628,29.799736999848392,459.00212000015017,0.0
1772061396,10,,Aggregated,21.900000,0.000000,84,110,130,140,180,210,250,290,390,440,460,15609,0,84,97.9485783087942,29.799736999848392,459.00212000015017,0.0
1772061397,10,,Aggregated,21.900000,0.000000,84,110,130,140,180,210,250,290,390,440,460,15629,0,84,97.90519947789161,29.799736999848392,459.00212000015017,0.0
1772061398,10,,Aggregated,22.100000,0.000000,84,110,130,140,180,210,250,290,390,440,460,15648,0,84,97.8853955963682,29.799736999848392,459.00212000015017,0.0
1772061399,10,,Aggregated,22.500000,0.000000,84,110,130,140,180,210,250,290,390,440,460,15673,0,84,97.8612703339481,29.799736999848392,459.00212000015017,0.0
1772061400,10,,Aggregated,22.200000,0.000000,84,110,130,140,180,210,250,290,390,440,460,15698,0,84,97.83421945992914,29.799736999848392,459.00212000015017,0.0
1772061401,10,,Aggregated,22.800000,0.000000,84,110,130,140,180,210,250,290,390,440,460,15724,0,84,97.79418166083482,29.799736999848392,459.00212000015017,0.0
1772061402,10,,Aggregated,22.300000,0.000000,84,110,130,140,180,210,250,290,390,440,460,15746,0,84,97.76651412561722,29.799736999848392,459.00212000015017,0.0
1772061403,10,,Aggregated,22.400000,0.000000,84,110,130,140,180,210,250,290,390,440,460,15768,0,84,97.76719662683708,29.799736999848392,459.00212000015017,0.0
1772061404,10,,Aggregated,23.200000,0.000000,84,110,130,140,180,210,250,290,390,440,460,15789,0,84,97.77823697175059,29.799736999848392,459.00212000015017,0.0
1772061405,10,,Aggregated,23.400000,0.000000,84,110,130,140,170,210,250,290,390,440,460,15813,0,84,97.73884610238237,29.799736999848392,459.00212000015017,0.0
1772061406,10,,Aggregated,23.100000,0.000000,84,110,130,140,170,210,250,290,390,440,460,15836,0,84,97.71318946678285,29.799736999848392,459.00212000015017,0.0
1772061407,10,,Aggregated,22.900000,0.000000,84,110,130,140,170,210,250,290,390,440,460,15862,0,84,97.67147236476936,29.799736999848392,459.00212000015017,0.0
1772061408,10,,Aggregated,23.200000,0.000000,84,110,130,140,170,210,250,290,390,440,460,15886,0,84,97.67075141684313,29.799736999848392,459.00212000015017,0.0
1772061409,10,,Aggregated,22.900000,0.000000,84,110,130,140,170,210,250,290,390,440,460,15909,0,84,97.67314394185517,29.799736999848392,459.00212000015017,0.0
1772061410,10,,Aggregated,23.300000,0.000000,84,110,130,140,170,210,250,290,390,440,460,15929,0,84,97.67158710816585,29.799736999848392,459.00212000015017,0.0
1772061411,10,,Aggregated,23.100000,0.000000,84,110,130,140,170,210,250,290,390,440,460,15952,0,84,97.69325274072051,29.799736999848392,459.00212000015017,0.0
1772061412,10,,Aggregated,23.300000,0.000000,84,110,130,140,170,210,250,290,390,440,460,15975,0,84,97.67402279617994,29.799736999848392,459.00212000015017,0.0
1772061413,10,,Aggregated,23.100000,0.000000,84,110,130,140,170,210,250,290,390,440,460,15996,0,84,97.76637060690017,29.799736999848392,459.00212000015017,0.0
1772061414,10,,Aggregated,22.600000,0.000000,84,110,130,140,170,210,250,290,380,440,460,16018,0,84,97.74709692901563,29.799736999848392,459.00212000015017,0.0
1772061415,10,,Aggregated,22.300000,0.000000,84,110,130,140,170,210,250,290,380,440,460,16040,0,84,97.73157087331502,29.799736999848392,459.00212000015017,0.0
1772061416,10,,Aggregated,22.700000,0.000000,84,110,130,140,170,210,250,290,380,440,460,16062,0,84,97.71700351164083,29.799736999848392,459.00212000015017,0.0
1772061417,10,,Aggregated,22.800000,0.000000,84,110,130,140,170,210,250,290,380,440,460,16084,0,84,97.69033021145069,29.799736999848392,459.00212000015017,0.0
1772061418,10,,Aggregated,22.500000,0.000000,84,110,130,140,170,210,250,290,380,440,460,16107,0,84,97.65661702048621,29.799736999848392,459.00212000015017,0.0
1772061419,10,,Aggregated,22.400000,0.000000,84,110,130,140,170,210,250,290,380,440,460,16130,0,84,97.64150152523067,29.799736999848392,459.00212000015017,0.0
1772061420,10,,Aggregated,22.400000,0.000000,84,110,130,140,170,210,250,290,380,440,460,16151,0,84,97.6702728135081,29.799736999848392,459.00212000015017,0.0
1772061421,10,,Aggregated,22.200000,0.000000,84,110,130,140,170,210,250,290,380,440,460,16175,0,84,97.62832320747881,29.799736999848392,459.00212000015017,0.0
1772061422,10,,Aggregated,22.100000,0.000000,84,110,130,140,170,210,250,290,380,440,460,16198,0,84,97.60025255222665,29.799736999848392,459.00212000015017,0.0
1772061423,10,,Aggregated,22.000000,0.000000,84,110,130,140,170,210,250,290,380,440,460,16220,0,84,97.60600970178591,29.799736999848392,459.00212000015017,0.0
1772061424,10,,Aggregated,22.100000,0.000000,84,110,130,140,170,210,250,290,380,440,460,16244,0,84,97.57733660963845,29.799736999848392,459.00212000015017,0.0
1772061425,10,,Aggregated,22.700000,0.000000,84,110,130,140,170,210,250,290,380,440,460,16265,0,84,97.59955534663185,29.799736999848392,459.00212000015017,0.0
1772061426,10,,Aggregated,22.400000,0.000000,84,110,130,140,170,210,250,290,380,440,460,16286,0,84,97.61866928785268,29.799736999848392,459.00212000015017,0.0
1772061427,10,,Aggregated,22.400000,0.000000,84,110,130,140,170,210,250,290,380,440,460,16309,0,84,97.65463895897769,29.799736999848392,459.00212000015017,0.0
1772061428,10,,Aggregated,22.200000,0.000000,84,110,130,140,170,210,250,290,380,440,460,16331,0,84,97.65424922037646,29.799736999848392,459.00212000015017,0.0
1772061429,10,,Aggregated,22.300000,0.000000,84,110,130,140,170,210,250,290,380,440,460,16357,0,84,97.62144162046648,29.799736999848392,459.00212000015017,0.0
1772061430,10,,Aggregated,22.300000,0.000000,84,110,130,140,170,210,250,290,380,440,460,16379,0,84,97.60892402387007,29.799736999848392,459.00212000015017,0.0
1772061431,10,,Aggregated,22.200000,0.000000,84,110,130,140,170,210,250,280,380,440,460,16402,0,84,97.60809312211728,29.799736999848392,459.00212000015017,0.0
1772061432,10,,Aggregated,22.300000,0.000000,84,110,130,140,170,210,250,280,380,440,460,16427,0,84,97.5715296131958,29.799736999848392,459.00212000015017,0.0
1772061433,10,,Aggregated,22.700000,0.000000,84,110,130,140,170,210,250,280,380,440,460,16452,0,84,97.55823899689828,29.799736999848392,459.00212000015017,0.0
1772061434,10,,Aggregated,22.400000,0.000000,84,110,130,140,170,210,250,280,380,440,460,16471,0,84,97.53590902009411,29.799736999848392,459.00212000015017,0.0
1772061435,10,,Aggregated,22.500000,0.000000,84,110,130,140,170,210,250,280,380,440,460,16494,0,84,97.5418715612931,29.799736999848392,459.00212000015017,0.0
1772061436,10,,Aggregated,22.600000,0.000000,84,110,130,140,170,210,250,280,380,440,460,16517,0,84,97.52531609196407,29.799736999848392,459.00212000015017,0.0
1772061437,10,,Aggregated,22.600000,0.000000,84,110,130,140,170,210,250,280,380,440,460,16539,0,84,97.49344244234658,29.799736999848392,459.00212000015017,0.0
1772061438,10,,Aggregated,22.700000,0.000000,84,110,130,140,170,210,250,280,380,440,460,16562,0,84,97.48354671247245,29.799736999848392,459.00212000015017,0.0
1772061439,10,,Aggregated,22.500000,0.000000,84,110,130,140,170,210,250,280,380,440,460,16582,0,84,97.45545351356708,29.799736999848392,459.00212000015017,0.0
1772061440,10,,Aggregated,22.500000,0.000000,84,110,130,140,170,210,250,280,380,440,460,16607,0,84,97.45956311278198,29.799736999848392,459.00212000015017,0.0
1772061441,10,,Aggregated,22.900000,0.000000,84,110,130,140,170,210,250,280,380,440,460,16634,0,84,97.45116302741182,29.799736999848392,459.00212000015017,0.0
1772061442,10,,Aggregated,22.700000,0.000000,84,110,130,140,170,210,250,280,380,440,460,16656,0,84,97.411366067181,29.799736999848392,459.00212000015017,0.0
1772061443,10,,Aggregated,22.700000,0.000000,84,110,130,140,170,210,250,280,380,440,460,16679,0,84,97.36946061310438,29.799736999848392,459.00212000015017,0.0
1772061444,10,,Aggregated,22.800000,0.000000,84,110,130,140,170,210,250,280,380,440,460,16702,0,84,97.3410758946813,29.799736999848392,459.00212000015017,0.0
1772061445,10,,Aggregated,22.700000,0.000000,84,110,130,140,170,210,250,280,380,440,460,16724,0,84,97.3187338307802,29.799736999848392,459.00212000015017,0.0
1772061446,10,,Aggregated,22.800000,0.000000,84,110,130,140,170,210,250,280,380,440,460,16749,0,84,97.26657474326642,29.799736999848392,459.00212000015017,0.0
1772061447,10,,Aggregated,23.000000,0.000000,84,110,130,140,170,210,250,280,380,440,460,16769,0,84,97.25775134110371,29.799736999848392,459.00212000015017,0.0
1772061448,10,,Aggregated,23.100000,0.000000,84,110,130,140,170,210,250,280,380,440,460,16793,0,84,97.24448357231994,29.799736999848392,459.00212000015017,0.0
1772061449,10,,Aggregated,23.300000,0.000000,84,110,130,140,170,210,250,280,380,440,460,16818,0,84,97.25277693078657,29.799736999848392,459.00212000015017,0.0
1772061450,10,,Aggregated,23.200000,0.000000,84,110,130,140,170,210,250,280,380,440,460,16836,0,84,97.25931399946357,29.799736999848392,459.00212000015017,0.0
1772061451,10,,Aggregated,22.600000,0.000000,84,110,130,140,170,210,250,280,380,440,460,16860,0,84,97.25035982307047,29.799736999848392,459.00212000015017,0.0
1772061452,10,,Aggregated,22.900000,0.000000,84,110,130,140,170,210,250,280,380,440,460,16882,0,84,97.20621758109026,29.799736999848392,459.00212000015017,0.0
1772061453,10,,Aggregated,22.400000,0.000000,84,110,130,140,170,210,250,280,380,440,460,16906,0,84,97.21322997261113,29.799736999848392,459.00212000015017,0.0
1772061454,10,,Aggregated,22.600000,0.000000,84,110,130,140,170,210,250,280,380,440,460,16930,0,84,97.19216863785981,29.799736999848392,459.00212000015017,0.0
1772061455,10,,Aggregated,22.300000,0.000000,84,110,130,140,170,210,250,280,380,440,460,16952,0,84,97.17467105291206,29.799736999848392,459.00212000015017,0.0
1772061456,10,,Aggregated,22.400000,0.000000,84,110,130,140,170,210,250,280,380,440,460,16974,0,84,97.16863756780751,29.799736999848392,459.00212000015017,0.0
1772061457,10,,Aggregated,22.200000,0.000000,84,110,130,140,170,210,250,280,380,440,460,16998,0,84,97.16688721361143,29.799736999848392,459.00212000015017,0.0
1772061458,10,,Aggregated,22.300000,0.000000,84,110,130,140,170,210,250,280,370,440,460,17019,0,84,97.13721408390445,29.799736999848392,459.00212000015017,0.0
1772061459,10,,Aggregated,22.300000,0.000000,84,110,130,140,170,210,250,280,370,440,460,17043,0,84,97.10945379968152,29.799736999848392,459.00212000015017,0.0
1772061460,10,,Aggregated,22.300000,0.000000,84,110,130,140,170,210,250,280,370,440,460,17066,0,84,97.08539218305248,29.799736999848392,459.00212000015017,0.0
1772061462,10,,Aggregated,22.500000,0.000000,84,110,130,140,170,210,250,280,370,440,460,17087,0,84,97.06317962614699,29.799736999848392,459.00212000015017,0.0
1772061463,10,,Aggregated,22.400000,0.000000,84,110,130,140,170,210,250,280,370,440,460,17112,0,84,97.03191062476452,29.799736999848392,459.00212000015017,0.0
1772061464,10,,Aggregated,22.600000,0.000000,84,110,130,140,170,210,250,280,370,440,460,17136,0,84,97.00589612324747,29.799736999848392,459.00212000015017,0.0
1772061465,10,,Aggregated,22.600000,0.000000,84,110,130,140,170,210,250,280,370,440,460,17160,0,84,97.00059521631503,29.799736999848392,459.00212000015017,0.0
1772061466,10,,Aggregated,22.800000,0.000000,84,110,130,140,170,210,250,280,370,440,460,17185,0,84,96.95730250898868,29.799736999848392,459.00212000015017,0.0
1772061467,10,,Aggregated,23.000000,0.000000,84,110,130,140,170,210,250,280,370,440,460,17208,0,84,96.91819428137912,29.799736999848392,459.00212000015017,0.0
1772061468,10,,Aggregated,23.000000,0.000000,84,110,130,140,170,210,250,280,370,440,460,17230,0,84,96.90045523377673,29.799736999848392,459.00212000015017,0.0
1772061469,10,,Aggregated,23.000000,0.000000,84,110,130,140,170,210,250,280,370,440,460,17254,0,83,96.85559262623006,29.799736999848392,459.00212000015017,0.0
1772061470,10,,Aggregated,23.100000,0.000000,84,110,130,140,170,210,250,280,370,440,460,17276,0,84,96.84863116328874,29.799736999848392,459.00212000015017,0.0
1772061471,10,,Aggregated,23.500000,0.000000,83,110,130,140,170,210,250,280,370,440,460,17303,0,83,96.80851939079808,29.799736999848392,459.00212000015017,0.0
1772061472,10,,Aggregated,23.300000,0.000000,83,110,130,140,170,210,250,280,370,440,460,17326,0,83,96.79064527692358,29.799736999848392,459.00212000015017,0.0
1772061473,10,,Aggregated,23.300000,0.000000,83,110,120,140,170,210,250,280,370,440,460,17344,0,83,96.77176190325045,29.799736999848392,459.00212000015017,0.0
1772061474,10,,Aggregated,23.500000,0.000000,84,110,130,140,170,210,250,280,370,440,460,17369,0,84,96.78346092584368,29.799736999848392,459.00212000015017,0.0
1772061475,10,,Aggregated,23.200000,0.000000,84,110,130,140,170,210,250,280,370,440,460,17390,0,84,96.79414879419079,29.799736999848392,459.00212000015017,0.0
1772061476,10,,Aggregated,23.200000,0.000000,84,110,120,140,170,210,250,280,370,440,460,17413,0,84,96.7855528185824,29.799736999848392,459.00212000015017,0.0
1772061477,10,,Aggregated,22.700000,0.000000,83,110,120,140,170,210,250,280,370,440,460,17439,0,83,96.74024477011149,29.799736999848392,459.00212000015017,0.0
1772061478,10,,Aggregated,23.000000,0.000000,83,110,120,140,170,200,250,280,370,440,460,17462,0,83,96.69761114196392,29.799736999848392,459.00212000015017,0.0
1772061479,10,,Aggregated,22.900000,0.000000,83,110,120,140,170,200,250,280,370,440,460,17485,0,83,96.68680271295243,29.799736999848392,459.00212000015017,0.0
1772061480,10,,Aggregated,23.100000,0.000000,83,110,120,140,170,200,250,280,370,440,460,17508,0,83,96.68121350325421,29.799736999848392,459.00212000015017,0.0
1772061481,10,,Aggregated,22.900000,0.000000,83,110,120,140,170,200,250,280,370,440,460,17528,0,83,96.67628761159142,29.799736999848392,459.00212000015017,0.0
1772061482,10,,Aggregated,22.800000,0.000000,83,110,120,140,170,200,250,280,370,440,460,17552,0,83,96.65754731238462,29.799736999848392,459.00212000015017,0.0
1772061483,10,,Aggregated,22.300000,0.000000,83,110,120,140,170,200,250,280,370,440,460,17575,0,83,96.65935750275816,29.799736999848392,459.00212000015017,0.0
1772061484,10,,Aggregated,22.700000,0.000000,83,110,120,140,170,200,250,280,370,440,460,17600,0,83,96.62726071681668,29.799736999848392,459.00212000015017,0.0
1772061485,10,,Aggregated,22.900000,0.000000,83,110,120,140,170,200,250,280,370,440,460,17622,0,83,96.64134143916553,29.799736999848392,459.00212000015017,0.0
1772061486,10,,Aggregated,22.900000,0.000000,83,110,120,140,170,200,250,280,370,440,460,17638,0,83,96.67299290423932,29.799736999848392,459.00212000015017,0.0
1772061487,10,,Aggregated,22.900000,0.000000,84,110,120,140,170,210,250,280,400,450,460,17658,0,84,96.85853816643859,29.799736999848392,459.00212000015017,0.0
1772061488,10,,Aggregated,22.500000,0.000000,84,110,130,140,170,210,250,290,400,450,460,17672,0,84,96.97138357435338,29.799736999848392,459.00212000015017,0.0
1772061489,10,,Aggregated,21.300000,0.000000,84,110,130,140,170,210,250,290,400,450,460,17696,0,84,96.98146694574878,29.799736999848392,459.00212000015017,0.0
1772061490,10,,Aggregated,20.800000,0.000000,84,110,130,140,170,210,250,290,400,450,460,17717,0,84,97.02211381243823,29.799736999848392,459.00212000015017,0.0
1772061491,10,,Aggregated,20.700000,0.000000,84,110,130,140,170,210,250,290,400,450,460,17739,0,84,97.07040236529494,29.799736999848392,459.00212000015017,0.0
1772061492,10,,Aggregated,21.100000,0.000000,84,110,130,140,170,210,250,290,400,450,460,17761,0,84,97.04508520775656,29.799736999848392,459.00212000015017,0.0
1772061493,10,,Aggregated,20.700000,0.000000,84,110,130,140,170,210,250,290,400,450,460,17787,0,84,97.0001757893948,29.799736999848392,459.00212000015017,0.0
1772061494,10,,Aggregated,20.300000,0.000000,84,110,130,140,170,210,250,290,400,450,460,17814,0,84,97.0127967930822,29.799736999848392,459.00212000015017,0.0
1772061495,10,,Aggregated,20.900000,0.000000,84,110,130,140,170,210,250,290,400,450,460,17833,0,84,97.04105472853512,29.799736999848392,459.00212000015017,0.0
1772061496,10,,Aggregated,21.000000,0.000000,84,110,130,140,170,210,250,290,400,450,460,17853,0,84,97.08508715218547,29.799736999848392,459.00212000015017,0.0
1772061497,10,,Aggregated,21.000000,0.000000,84,110,130,140,170,210,250,290,400,450,460,17876,0,84,97.06559141189115,29.799736999848392,459.00212000015017,0.0
1772061498,10,,Aggregated,21.000000,0.000000,84,110,130,140,170,210,250,280,400,450,460,17902,0,84,97.0456338855414,29.799736999848392,459.00212000015017,0.0
1772061499,10,,Aggregated,22.000000,0.000000,84,110,130,140,170,210,250,280,400,450,460,17927,0,84,97.03292311496415,29.799736999848392,459.00212000015017,0.0
1772061500,10,,Aggregated,22.300000,0.000000,84,110,130,140,170,210,250,280,400,450,460,17950,0,84,96.99552070239349,29.799736999848392,459.00212000015017,0.0
1772061501,10,,Aggregated,22.800000,0.000000,84,110,130,140,170,210,250,280,400,450,460,17972,0,84,96.98475492215458,29.799736999848392,459.00212000015017,0.0
1772061502,10,,Aggregated,22.700000,0.000000,84,110,130,140,170,210,250,280,400,450,460,17994,0,84,96.96712560381016,29.799736999848392,459.00212000015017,0.0
1772061503,10,,Aggregated,23.200000,0.000000,84,110,130,140,170,210,250,280,390,450,460,18020,0,84,96.93504576520304,29.799736999848392,459.00212000015017,0.0
1772061504,10,,Aggregated,23.000000,0.000000,84,110,130,140,170,210,250,280,390,450,460,18037,0,84,96.97701979009587,29.799736999848392,459.00212000015017,0.0
1772061505,10,,Aggregated,22.700000,0.000000,84,110,130,140,170,210,250,280,390,450,460,18063,0,84,97.00862368653925,29.799736999848392,459.00212000015017,0.0
1772061506,10,,Aggregated,22.700000,0.000000,84,110,130,140,170,210,250,280,390,450,460,18086,0,84,96.98122704295915,29.799736999848392,459.00212000015017,0.0
1772061507,10,,Aggregated,22.800000,0.000000,84,110,130,140,170,210,250,280,390,450,460,18107,0,84,97.04166098282202,29.799736999848392,459.00212000015017,0.0
1772061508,10,,Aggregated,22.700000,0.000000,84,110,130,140,170,210,250,280,390,450,460,18130,0,84,97.00296845405175,29.799736999848392,459.00212000015017,0.0
1772061509,10,,Aggregated,22.700000,0.000000,84,110,130,140,170,210,250,280,390,450,460,18151,0,84,97.04132196022043,29.799736999848392,459.00212000015017,0.0
1772061510,10,,Aggregated,22.800000,0.000000,84,110,130,140,170,210,250,280,390,450,460,18175,0,84,96.99300334877381,29.799736999848392,459.00212000015017,0.0
1772061511,10,,Aggregated,22.300000,0.000000,84,110,130,140,170,210,250,280,390,450,460,18199,0,84,96.9904205467313,29.799736999848392,459.00212000015017,0.0
1772061512,10,,Aggregated,22.400000,0.000000,84,110,130,140,170,210,250,280,390,450,460,18221,0,84,96.97597586191563,29.799736999848392,459.00212000015017,0.0
1772061513,10,,Aggregated,22.500000,0.000000,84,110,130,140,170,210,250,280,390,450,460,18243,0,84,96.94911853335329,29.799736999848392,459.00212000015017,0.0
1772061514,10,,Aggregated,22.600000,0.000000,84,110,130,140,170,210,250,280,390,450,460,18265,0,84,96.91066355269439,29.799736999848392,459.00212000015017,0.0
1772061515,10,,Aggregated,22.300000,0.000000,84,110,130,140,170,210,250,280,390,450,460,18290,0,84,96.90374737561307,29.799736999848392,459.00212000015017,0.0
1772061516,10,,Aggregated,22.200000,0.000000,84,110,130,140,170,210,250,280,390,450,460,18310,0,84,96.99830030726184,29.799736999848392,459.00212000015017,0.0
1772061517,10,,Aggregated,22.500000,0.000000,84,110,130,140,170,210,250,280,390,450,460,18326,0,84,97.03985159516321,29.799736999848392,459.00212000015017,0.0
1772061518,10,,Aggregated,22.500000,0.000000,84,110,130,140,170,210,250,280,390,450,460,18347,0,84,97.0283426684451,29.799736999848392,459.00212000015017,0.0
1772061519,10,,Aggregated,22.400000,0.000000,84,110,130,140,170,210,250,280,390,450,460,18370,0,84,97.02520777620914,29.799736999848392,459.00212000015017,0.0
1772061520,10,,Aggregated,21.800000,0.000000,84,110,130,140,170,210,250,280,390,450,460,18392,0,84,97.03411257454115,29.799736999848392,459.00212000015017,0.0
1772061521,10,,Aggregated,21.800000,0.000000,84,110,130,140,170,210,250,280,390,450,460,18417,0,84,97.01300526176699,29.799736999848392,459.00212000015017,0.0
1772061522,10,,Aggregated,21.400000,0.000000,84,110,130,140,170,210,250,280,390,450,460,18439,0,84,96.9998477492794,29.799736999848392,459.00212000015017,0.0
1772061523,10,,Aggregated,21.700000,0.000000,84,110,130,140,170,210,250,280,390,450,460,18461,0,84,97.00913440945581,29.799736999848392,459.00212000015017,0.0
1772061524,10,,Aggregated,21.900000,0.000000,84,110,130,140,170,210,250,280,390,450,460,18484,0,84,96.9863499833351,29.799736999848392,459.00212000015017,0.0
1772061525,10,,Aggregated,21.800000,0.000000,84,110,130,140,170,210,250,280,390,450,460,18508,0,84,96.94717532520872,29.799736999848392,459.00212000015017,0.0
1772061526,10,,Aggregated,21.800000,0.000000,84,110,130,140,170,210,250,280,390,450,460,18532,0,84,96.91188209745101,29.799736999848392,459.00212000015017,0.0
1772061527,10,,Aggregated,21.700000,0.000000,84,110,130,140,170,210,250,280,390,450,460,18549,0,84,96.90674173141228,29.799736999848392,459.00212000015017,0.0
1772061528,10,,Aggregated,21.900000,0.000000,84,110,130,140,170,210,250,280,390,450,460,18571,0,84,96.98199267373674,29.799736999848392,459.00212000015017,0.0
1772061529,10,,Aggregated,22.000000,0.000000,84,110,130,140,170,210,250,280,390,450,460,18593,0,84,97.04372250798514,29.799736999848392,459.00212000015017,0.0
1772061530,10,,Aggregated,22.200000,0.000000,84,110,130,140,170,210,250,280,390,450,460,18606,0,84,97.06883837487733,29.799736999848392,459.00212000015017,0.0
1772061531,10,,Aggregated,22.200000,0.000000,84,110,130,140,170,210,250,280,390,450,460,18630,0,84,97.08375255872079,29.799736999848392,459.00212000015017,0.0
1772061532,10,,Aggregated,21.600000,0.000000,84,110,130,140,170,210,250,280,390,450,460,18652,0,84,97.07090512352381,29.799736999848392,459.00212000015017,0.0
1772061533,10,,Aggregated,21.300000,0.000000,84,110,130,140,170,210,250,280,390,450,460,18677,0,84,97.01665597959875,29.799736999848392,459.00212000015017,0.0
1772061534,10,,Aggregated,21.100000,0.000000,84,110,130,140,170,210,250,280,390,450,460,18699,0,84,96.98251345387266,29.799736999848392,459.00212000015017,0.0
1772061535,10,,Aggregated,21.300000,0.000000,84,110,130,140,170,210,250,280,390,450,460,18722,0,84,96.9713175311378,29.799736999848392,459.00212000015017,0.0
1772061536,10,,Aggregated,21.400000,0.000000,84,110,130,140,170,210,250,280,390,450,460,18744,0,84,96.96339154742664,29.799736999848392,459.00212000015017,0.0
1772061537,10,,Aggregated,21.300000,0.000000,84,110,130,140,170,210,250,280,390,450,460,18769,0,84,96.94082185417282,29.799736999848392,459.00212000015017,0.0
1772061538,10,,Aggregated,21.300000,0.000000,84,110,130,140,170,210,250,280,390,450,460,18790,0,84,96.93448687743322,29.799736999848392,459.00212000015017,0.0
1772061539,10,,Aggregated,21.400000,0.000000,84,110,130,140,170,210,250,280,390,450,460,18816,0,84,96.90817577837834,29.799736999848392,459.00212000015017,0.0
1772061540,10,,Aggregated,21.700000,0.000000,84,110,130,140,170,210,250,280,390,450,460,18840,0,84,96.88121089681341,29.799736999848392,459.00212000015017,0.0
1772061541,10,,Aggregated,22.100000,0.000000,84,110,130,140,170,210,250,280,390,450,460,18860,0,84,96.88110019686984,29.799736999848392,459.00212000015017,0.0
1772061542,10,,Aggregated,23.100000,0.000000,84,110,130,140,170,210,250,280,390,450,460,18883,0,84,96.88601385542358,29.799736999848392,459.00212000015017,0.0
1772061543,10,,Aggregated,23.200000,0.000000,84,110,130,140,170,210,250,280,390,450,460,18907,0,84,96.8583928278925,29.799736999848392,459.00212000015017,0.0
1772061544,10,,Aggregated,23.000000,0.000000,84,110,130,140,170,210,250,280,390,450,460,18927,0,84,96.88657379737732,29.799736999848392,459.00212000015017,0.0
1772061545,10,,Aggregated,23.000000,0.000000,84,110,130,140,170,210,250,280,390,450,460,18951,0,84,96.90028477351922,29.799736999848392,459.00212000015017,0.0
1772061546,10,,Aggregated,22.800000,0.000000,84,110,130,140,170,210,250,280,390,450,460,18971,0,84,96.91490797416932,29.799736999848392,459.00212000015017,0.0
1772061547,10,,Aggregated,22.600000,0.000000,84,110,130,140,170,210,250,280,390,450,460,18992,0,84,96.88980259751298,29.799736999848392,459.00212000015017,0.0
1772061548,10,,Aggregated,22.700000,0.000000,84,110,130,140,170,210,250,280,390,450,460,19014,0,84,96.85980065583081,29.799736999848392,459.00212000015017,0.0
1772061549,10,,Aggregated,22.200000,0.000000,84,110,130,140,170,210,250,280,390,450,460,19039,0,84,96.85742979305476,29.799736999848392,459.00212000015017,0.0
1772061550,10,,Aggregated,22.500000,0.000000,84,110,130,140,170,210,250,280,390,450,460,19064,0,84,96.8517547345241,29.799736999848392,459.00212000015017,0.0
1772061551,10,,Aggregated,22.000000,0.000000,84,110,130,140,170,210,250,280,390,450,460,19086,0,84,96.83166419202385,29.799736999848392,459.00212000015017,0.0
1772061552,10,,Aggregated,22.000000,0.000000,84,110,130,140,170,210,250,280,390,450,460,19107,0,84,96.87098153231628,29.799736999848392,459.00212000015017,0.0
1772061553,10,,Aggregated,21.900000,0.000000,84,110,130,140,170,210,250,280,390,450,460,19133,0,84,96.84581136162491,29.799736999848392,459.00212000015017,0.0
1772061554,10,,Aggregated,22.500000,0.000000,84,110,130,140,170,210,250,280,390,450,460,19154,0,84,96.82308332520465,29.799736999848392,459.00212000015017,0.0
1772061555,10,,Aggregated,22.200000,0.000000,84,110,120,140,170,210,250,280,390,450,460,19176,0,84,96.80914734162315,29.799736999848392,459.00212000015017,0.0
1772061556,10,,Aggregated,22.600000,0.000000,84,110,120,140,170,210,250,280,390,450,460,19200,0,84,96.79804144994606,29.799736999848392,459.00212000015017,0.0
1772061557,10,,Aggregated,22.700000,0.000000,84,110,120,140,170,210,250,280,390,450,460,19222,0,84,96.77682868104056,29.799736999848392,459.00212000015017,0.0
1772061558,10,,Aggregated,22.600000,0.000000,84,110,120,140,170,210,250,280,390,450,460,19247,0,84,96.7749039408719,29.799736999848392,459.00212000015017,0.0
1772061559,10,,Aggregated,23.300000,0.000000,84,110,120,140,170,210,250,280,390,450,460,19271,0,84,96.74551285215917,29.799736999848392,459.00212000015017,0.0
1772061560,10,,Aggregated,23.000000,0.000000,84,110,120,140,170,210,250,280,390,450,460,19295,0,84,96.72186736584386,29.799736999848392,459.00212000015017,0.0
1772061561,10,,Aggregated,23.100000,0.000000,84,110,120,140,170,210,250,280,390,450,460,19316,0,84,96.71786770371492,29.799736999848392,459.00212000015017,0.0
1772061562,10,,Aggregated,22.800000,0.000000,84,110,120,140,170,210,250,280,390,450,460,19341,0,84,96.75589141595366,29.799736999848392,459.00212000015017,0.0
1772061563,10,,Aggregated,23.000000,0.000000,84,110,120,140,170,210,250,280,390,450,460,19362,0,84,96.76026229268466,29.799736999848392,459.00212000015017,0.0
1772061564,10,,Aggregated,22.600000,0.000000,84,110,120,140,170,210,250,280,390,450,460,19385,0,84,96.73292995769718,29.799736999848392,459.00212000015017,0.0
1772061565,10,,Aggregated,22.600000,0.000000,84,110,120,140,170,210,250,280,390,450,460,19407,0,84,96.75712320920088,29.799736999848392,459.00212000015017,0.0
1772061566,10,,Aggregated,22.600000,0.000000,84,110,120,140,170,210,250,280,390,450,460,19427,0,84,96.73767727760152,29.799736999848392,459.00212000015017,0.0
1772061567,10,,Aggregated,22.400000,0.000000,84,110,120,140,170,210,250,280,390,450,460,19451,0,84,96.7192022179817,29.799736999848392,459.00212000015017,0.0
1772061568,10,,Aggregated,22.300000,0.000000,84,110,120,140,170,200,250,280,390,450,460,19472,0,84,96.71221171209739,29.799736999848392,459.00212000015017,0.0
1772061569,10,,Aggregated,22.200000,0.000000,84,110,120,140,170,200,250,280,390,450,460,19495,0,84,96.6753363859945,29.799736999848392,459.00212000015017,0.0
1772061570,10,,Aggregated,22.400000,0.000000,84,110,120,140,170,200,250,280,390,450,460,19518,0,84,96.6648766105627,29.799736999848392,459.00212000015017,0.0
1772061571,10,,Aggregated,22.500000,0.000000,84,110,120,140,170,200,250,280,390,450,460,19540,0,84,96.67817039457333,29.799736999848392,459.00212000015017,0.0
1772061572,10,,Aggregated,22.100000,0.000000,84,110,120,140,170,200,250,280,390,450,460,19563,0,84,96.65384293860663,29.799736999848392,459.00212000015017,0.0
1772061573,10,,Aggregated,22.400000,0.000000,84,110,120,140,170,200,250,280,390,450,460,19584,0,84,96.62788347170975,29.799736999848392,459.00212000015017,0.0
1772061574,10,,Aggregated,22.600000,0.000000,84,110,120,140,170,200,250,280,390,450,460,19612,0,84,96.61479325122198,29.799736999848392,459.00212000015017,0.0
1772061575,10,,Aggregated,22.500000,0.000000,84,110,120,140,170,200,250,280,390,450,460,19631,0,84,96.5880704899376,29.799736999848392,459.00212000015017,0.0
1772061576,10,,Aggregated,22.500000,0.000000,84,110,120,140,170,200,250,280,390,450,460,19649,0,84,96.58945023955236,29.799736999848392,459.00212000015017,0.0
1772061577,10,,Aggregated,22.700000,0.000000,84,110,120,140,170,200,250,280,390,450,460,19673,0,84,96.60922436557536,29.799736999848392,459.00212000015017,0.0
1772061578,10,,Aggregated,22.700000,0.000000,84,110,120,140,170,200,250,280,390,450,460,19693,0,84,96.60700905164089,29.799736999848392,459.00212000015017,0.0
1772061579,10,,Aggregated,22.500000,0.000000,84,110,120,140,170,200,250,280,390,450,460,19715,0,84,96.64376002018578,29.799736999848392,459.00212000015017,0.0
1772061580,10,,Aggregated,22.200000,0.000000,84,110,120,140,170,200,250,280,390,450,460,19739,0,84,96.62843158396878,29.799736999848392,459.00212000015017,0.0
1772061581,10,,Aggregated,21.800000,0.000000,84,110,120,140,170,200,250,280,390,450,460,19759,0,84,96.61160908664199,29.799736999848392,459.00212000015017,0.0
1772061582,10,,Aggregated,22.000000,0.000000,84,110,120,140,170,200,250,280,390,450,460,19784,0,84,96.59825436989289,29.799736999848392,459.00212000015017,0.0
1772061583,10,,Aggregated,21.600000,0.000000,84,110,120,140,170,200,250,280,390,450,460,19808,0,84,96.58294334253645,29.799736999848392,459.00212000015017,0.0
