Timestamp,User Count,Type,Name,Requests/s,Failures/s,50%,66%,75%,80%,90%,95%,98%,99%,99.9%,99.99%,100%,Total Request Count,Total Failure Count,Total Median Response Time,Total Average Response Time,Total Min Response Time,Total Max Response Time,Total Average Content Size
1774119544,0,,Aggregated,0.000000,0.000000,N/A,N/A,N/A,N/A,N/A,N/A,N/A,N/A,N/A,N/A,N/A,0,0,0,0.0,0,0,0
1774119546,10,,Aggregated,0.000000,0.000000,N/A,N/A,N/A,N/A,N/A,N/A,N/A,N/A,N/A,N/A,N/A,0,0,0,0.0,0,0,0
1774119547,10,,Aggregated,0.000000,0.000000,N/A,N/A,N/A,N/A,N/A,N/A,N/A,N/A,N/A,N/A,N/A,0,0,0,0.0,0,0,0
1774119548,10,,Aggregated,0.000000,0.000000,N/A,N/A,N/A,N/A,N/A,N/A,N/A,N/A,N/A,N/A,N/A,0,0,0,0.0,0,0,0
1774119549,10,,Aggregated,0.000000,0.000000,N/A,N/A,N/A,N/A,N/A,N/A,N/A,N/A,N/A,N/A,N/A,0,0,0,0.0,0,0,0
1774119550,10,,Aggregated,0.000000,0.000000,N/A,N/A,N/A,N/A,N/A,N/A,N/A,N/A,N/A,N/A,N/A,0,0,0,0.0,0,0,0
1774119551,10,,Aggregated,0.000000,0.000000,N/A,N/A,N/A,N/A,N/A,N/A,N/A,N/A,N/A,N/A,N/A,0,0,0,0.0,0,0,0
1774119552,10,,Aggregated,0.000000,0.000000,6100,6100,6100,6100,6100,6100,6100,6100,6100,6100,6100,1,1,6054.91672900007,6054.91672900007,6054.91672900007,6054.91672900007,0.0
1774119553,10,,Aggregated,0.000000,0.000000,7600,7600,7700,7800,7800,7800,7800,7800,7800,7800,7800,10,10,7400.0,7343.291031500031,6054.91672900007,7798.559086000068,0.0
1774119554,10,,Aggregated,0.000000,0.000000,7600,7600,7700,7800,7800,7800,7800,7800,7800,7800,7800,10,10,7400.0,7343.291031500031,6054.91672900007,7798.559086000068,0.0
1774119555,10,,Aggregated,0.000000,0.000000,7600,7600,7700,7800,7800,7800,7800,7800,7800,7800,7800,10,10,7400.0,7343.291031500031,6054.91672900007,7798.559086000068,0.0
1774119556,10,,Aggregated,0.000000,0.000000,7600,7600,7700,7800,7800,7800,7800,7800,7800,7800,7800,10,10,7400.0,7343.291031500031,6054.91672900007,7798.559086000068,0.0
1774119557,10,,Aggregated,0.000000,0.000000,7600,7600,7700,7800,7800,7800,7800,7800,7800,7800,7800,10,10,7400.0,7343.291031500031,6054.91672900007,7798.559086000068,0.0
1774119558,10,,Aggregated,0.000000,0.000000,7600,7600,7700,7800,7800,7800,7800,7800,7800,7800,7800,10,10,7400.0,7343.291031500031,6054.91672900007,7798.559086000068,0.0
1774119559,10,,Aggregated,0.000000,0.000000,7600,7600,7700,7800,7800,7800,7800,7800,7800,7800,7800,10,10,7400.0,7343.291031500031,6054.91672900007,7798.559086000068,0.0
1774119560,10,,Aggregated,0.000000,0.000000,7600,7600,7700,7800,7800,7800,7800,7800,7800,7800,7800,10,10,7400.0,7343.291031500031,6054.91672900007,7798.559086000068,0.0
1774119561,10,,Aggregated,1.000000,1.000000,7600,7700,7800,7800,8200,9000,9000,9000,9000,9000,9000,12,12,7600.0,7552.544453583362,6054.91672900007,9029.104182000083,0.0
1774119562,10,,Aggregated,1.000000,1.000000,8200,8500,8700,8700,9000,9200,9200,9200,9200,9200,9200,20,20,7800.0,8013.242699050034,6054.91672900007,9216.845591000038,0.0
1774119563,10,,Aggregated,1.000000,1.000000,8200,8500,8700,8700,9000,9200,9200,9200,9200,9200,9200,20,20,7800.0,8013.242699050034,6054.91672900007,9216.845591000038,0.0
1774119564,10,,Aggregated,1.000000,1.000000,8200,8500,8700,8700,9000,9200,9200,9200,9200,9200,9200,20,20,7800.0,8013.242699050034,6054.91672900007,9216.845591000038,0.0
1774119565,10,,Aggregated,1.000000,1.000000,8200,8500,8700,8700,9000,9200,9200,9200,9200,9200,9200,20,20,7800.0,8013.242699050034,6054.91672900007,9216.845591000038,0.0
1774119566,10,,Aggregated,1.000000,1.000000,8200,8500,8700,8700,9000,9200,9200,9200,9200,9200,9200,20,20,7800.0,8013.242699050034,6054.91672900007,9216.845591000038,0.0
1774119567,10,,Aggregated,1.000000,1.000000,8200,8500,8700,8700,9000,9200,9200,9200,9200,9200,9200,20,20,7800.0,8013.242699050034,6054.91672900007,9216.845591000038,0.0
1774119568,10,,Aggregated,1.000000,1.000000,8200,8500,8700,8700,9000,9200,9200,9200,9200,9200,9200,20,20,7800.0,8013.242699050034,6054.91672900007,9216.845591000038,0.0
1774119569,10,,Aggregated,1.000000,1.000000,8000,8500,8700,8700,9000,9000,9200,9200,9200,9200,9200,21,21,8000.0,8012.993279000036,6054.91672900007,9216.845591000038,0.0
1774119570,10,,Aggregated,1.000000,1.000000,8000,8500,8700,8700,9000,9000,9200,9200,9200,9200,9200,21,21,8000.0,8012.993279000036,6054.91672900007,9216.845591000038,0.0
1774119571,10,,Aggregated,1.000000,1.000000,8500,8700,8800,8900,9200,9200,9700,9700,9700,9700,9700,29,29,8500.0,8250.29473496554,6054.91672900007,9727.862106999964,0.0
1774119572,10,,Aggregated,1.100000,1.100000,8500,8700,8800,9000,9200,9300,9700,9700,9700,9700,9700,30,30,8500.0,8284.328783333354,6054.91672900007,9727.862106999964,0.0
1774119573,10,,Aggregated,1.100000,1.100000,8500,8700,8800,8900,9200,9300,9700,9700,9700,9700,9700,31,31,8500.0,8133.237833290342,3600.5093320000015,9727.862106999964,0.0
1774119574,10,,Aggregated,1.700000,1.700000,8400,8700,8800,8900,9200,9300,9700,9700,9700,9700,9700,33,33,8400.0,7753.103516878803,1752.4286779998874,9727.862106999964,0.0
1774119575,10,,Aggregated,1.000000,1.000000,8200,8700,8700,8800,9200,9300,9700,9700,9700,9700,9700,37,37,8200.0,7204.1959085946055,1052.0330029999059,9727.862106999964,0.0
1774119576,10,,Aggregated,1.100000,1.100000,7800,8600,8700,8800,9000,9200,9700,9700,9700,9700,9700,41,41,7800.0,6617.414298951227,1004.6821769999497,9727.862106999964,0.0
1774119577,10,,Aggregated,1.700000,1.700000,7700,8500,8700,8800,9000,9200,9700,9700,9700,9700,9700,45,45,7700.0,6352.192631577785,1004.6821769999497,9727.862106999964,0.0
1774119578,10,,Aggregated,2.100000,2.100000,7400,8400,8700,8700,9000,9200,9300,9700,9700,9700,9700,52,52,7300.0,5922.683702615391,862.937650999811,9727.862106999964,0.0
1774119579,10,,Aggregated,2.100000,2.100000,7000,8000,8500,8700,9000,9200,9300,9700,9700,9700,9700,58,58,6900.0,5419.9559818275875,680.8502079998107,9727.862106999964,0.0
1774119580,10,,Aggregated,2.300000,2.300000,6000,7700,8400,8600,8900,9200,9300,9700,9700,9700,9700,66,66,5900.0,4894.2559796515225,558.0843699999605,9727.862106999964,0.0
1774119581,10,,Aggregated,3.700000,3.700000,3600,7600,8200,8500,8800,9200,9300,9700,9700,9700,9700,73,73,3600.0,4556.083978000011,558.0843699999605,9727.862106999964,0.0
1774119582,10,,Aggregated,3.700000,3.700000,2900,7300,8000,8500,8800,9200,9300,9700,9700,9700,9700,78,78,2800.0,4337.419600769242,558.0843699999605,9727.862106999964,0.0
1774119583,10,,Aggregated,4.100000,4.100000,1700,6900,7800,8400,8800,9000,9300,9700,9700,9700,9700,87,87,1700.0,3989.6679597356483,558.0843699999605,9727.862106999964,0.0
1774119584,10,,Aggregated,4.100000,4.100000,1500,6000,7600,8200,8700,9000,9300,9700,9700,9700,9700,95,95,1500.0,3718.035512126333,558.0843699999605,9727.862106999964,0.0
1774119585,10,,Aggregated,4.800000,4.800000,1300,3800,7300,7800,8700,9000,9200,9300,9700,9700,9700,105,105,1300.0,3445.409702561923,558.0843699999605,9727.862106999964,0.0
1774119586,10,,Aggregated,6.200000,6.200000,1100,2900,7200,7700,8700,9000,9200,9300,9700,9700,9700,112,112,1100.0,3281.6626093839436,558.0843699999605,9727.862106999964,0.0
1774119587,10,,Aggregated,6.200000,6.200000,1100,2100,6900,7600,8700,9000,9200,9300,9700,9700,9700,119,119,1100.0,3134.3005240252246,558.0843699999605,9727.862106999964,0.0
1774119588,10,,Aggregated,6.800000,6.800000,1000,1700,6000,7400,8700,8900,9200,9300,9700,9700,9700,129,129,1000.0,2951.8440201472995,558.0843699999605,9727.862106999964,0.0
1774119589,10,,Aggregated,7.600000,7.600000,1000,1500,4600,7200,8600,8900,9200,9300,9700,9700,9700,139,139,1000.0,2795.583751625912,523.394412000016,9727.862106999964,0.0
1774119590,10,,Aggregated,7.600000,7.600000,1000,1500,3600,6900,8500,8800,9200,9300,9700,9700,9700,147,147,1000.0,2688.2356152313055,523.394412000016,9727.862106999964,0.0
1774119591,10,,Aggregated,7.800000,7.800000,1000,1200,2900,6100,8500,8800,9200,9300,9700,9700,9700,156,156,1000.0,2577.064656884628,523.394412000016,9727.862106999964,0.0
1774119592,10,,Aggregated,8.100000,8.100000,1000,1100,2000,5900,8400,8800,9200,9300,9700,9700,9700,166,166,1000.0,2470.518691054229,523.394412000016,9727.862106999964,0.0
1774119593,10,,Aggregated,8.600000,8.600000,1000,1100,1700,4600,8400,8800,9200,9300,9700,9700,9700,175,175,1000.0,2383.5104461485835,523.394412000016,9727.862106999964,0.0
1774119594,10,,Aggregated,8.700000,8.700000,1000,1100,1500,3600,8200,8700,9200,9300,9700,9700,9700,184,184,1000.0,2306.6078765597936,523.394412000016,9727.862106999964,0.0
1774119595,10,,Aggregated,8.800000,8.800000,1000,1000,1500,2900,8000,8700,9200,9300,9700,9700,9700,192,192,1000.0,2239.8039080000103,519.4929750000483,9727.862106999964,0.0
1774119596,10,,Aggregated,8.700000,8.700000,1000,1000,1400,2100,7800,8700,9000,9200,9700,9700,9700,202,202,1000.0,2167.4211316980295,519.4929750000483,9727.862106999964,0.0
1774119597,10,,Aggregated,8.700000,8.700000,1000,1000,1300,2000,7800,8700,9000,9200,9700,9700,9700,210,210,1000.0,2113.4484644381046,515.5985880001026,9727.862106999964,0.0
1774119598,10,,Aggregated,9.100000,9.100000,1000,1000,1200,1700,7800,8700,9000,9200,9700,9700,9700,219,219,1000.0,2059.484696602749,515.5985880001026,9727.862106999964,0.0
1774119599,10,,Aggregated,9.100000,9.100000,1000,1000,1100,1500,7700,8700,9000,9200,9700,9700,9700,226,226,1000.0,2019.0690597389475,515.5985880001026,9727.862106999964,0.0
1774119600,10,,Aggregated,9.100000,9.100000,1000,1000,1100,1500,7600,8700,9000,9200,9700,9700,9700,234,234,1000.0,1979.6768253846246,515.5985880001026,9727.862106999964,0.0
1774119601,10,,Aggregated,8.600000,8.600000,1000,1000,1100,1500,7600,8700,9000,9200,9700,9700,9700,244,244,1000.0,1934.1572329221408,515.5985880001026,9727.862106999964,0.0
1774119602,10,,Aggregated,8.700000,8.700000,1000,1000,1100,1400,7400,8700,9000,9200,9700,9700,9700,251,251,1000.0,1902.4595065020014,515.5985880001026,9727.862106999964,0.0
1774119603,10,,Aggregated,8.700000,8.700000,980,1000,1100,1300,7400,8700,9000,9200,9700,9700,9700,259,259,980.0,1869.1638958262636,515.5985880001026,9727.862106999964,0.0
1774119604,10,,Aggregated,8.400000,8.400000,970,1000,1100,1200,7200,8600,9000,9200,9700,9700,9700,271,271,970.0,1819.9482214132906,515.5985880001026,9727.862106999964,0.0
1774119605,10,,Aggregated,8.500000,8.500000,940,1000,1000,1100,7200,8600,9000,9200,9700,9700,9700,279,279,940.0,1789.0924252437335,515.5985880001026,9727.862106999964,0.0
1774119606,10,,Aggregated,8.500000,8.500000,910,1000,1000,1100,7000,8500,9000,9200,9700,9700,9700,285,285,910.0,1767.1003658245668,513.130005999983,9727.862106999964,0.0
1774119607,10,,Aggregated,8.700000,8.700000,940,1000,1000,1100,6900,8500,9000,9200,9700,9700,9700,295,295,940.0,1737.7361170339016,513.130005999983,9727.862106999964,0.0
1774119608,10,,Aggregated,8.400000,8.400000,910,1000,1000,1100,6100,8500,8900,9200,9700,9700,9700,305,305,910.0,1706.2433484196756,513.130005999983,9727.862106999964,0.0
1774119609,10,,Aggregated,8.500000,8.500000,900,1000,1000,1100,6100,8500,8900,9200,9700,9700,9700,316,316,890.0,1673.8031873544335,513.130005999983,9727.862106999964,0.0
1774119610,10,,Aggregated,9.000000,9.000000,900,1000,1000,1100,6000,8400,8900,9200,9700,9700,9700,323,323,900.0,1656.215423089787,513.130005999983,9727.862106999964,0.0
1774119611,10,,Aggregated,8.800000,8.800000,870,1000,1000,1100,5900,8400,8900,9200,9700,9700,9700,331,331,870.0,1633.6825429697913,513.130005999983,9727.862106999964,0.0
1774119612,10,,Aggregated,8.600000,8.600000,860,1000,1000,1100,4600,8400,8900,9200,9700,9700,9700,341,341,860.0,1608.4833923049894,513.130005999983,9727.862106999964,0.0
1774119613,10,,Aggregated,8.800000,8.800000,850,1000,1000,1100,4600,8400,8900,9200,9700,9700,9700,349,349,850.0,1589.7377479169102,513.130005999983,9727.862106999964,0.0
1774119614,10,,Aggregated,9.100000,9.100000,850,1000,1000,1100,3800,8400,8800,9200,9700,9700,9700,358,358,850.0,1569.630797673189,513.130005999983,9727.862106999964,0.0
1774119615,10,,Aggregated,9.100000,9.100000,850,1000,1000,1100,3600,8200,8800,9200,9700,9700,9700,366,366,840.0,1553.2426100464518,513.130005999983,9727.862106999964,0.0
1774119616,10,,Aggregated,8.800000,8.800000,840,1000,1000,1000,2900,8200,8800,9200,9700,9700,9700,375,375,840.0,1534.9308669786708,513.130005999983,9727.862106999964,0.0
1774119617,10,,Aggregated,8.900000,8.900000,840,1000,1000,1000,2900,8000,8800,9200,9700,9700,9700,383,383,840.0,1519.7694289738954,513.130005999983,9727.862106999964,0.0
1774119618,10,,Aggregated,8.800000,8.800000,840,1000,1000,1000,2800,8000,8800,9200,9700,9700,9700,393,393,840.0,1501.2270485725244,513.130005999983,9727.862106999964,0.0
1774119619,10,,Aggregated,8.700000,8.700000,830,1000,1000,1000,2100,7800,8800,9000,9700,9700,9700,403,403,830.0,1482.6090951861095,513.130005999983,9727.862106999964,0.0
1774119620,10,,Aggregated,8.600000,8.600000,810,1000,1000,1000,2100,7800,8800,9000,9700,9700,9700,410,410,810.0,1470.3215757170794,513.130005999983,9727.862106999964,0.0
1774119621,10,,Aggregated,8.800000,8.800000,830,1000,1000,1000,2000,7800,8800,9000,9700,9700,9700,420,420,810.0,1455.796201897626,513.130005999983,9727.862106999964,0.0
1774119622,10,,Aggregated,8.900000,8.900000,810,1000,1000,1000,1800,7800,8800,9000,9700,9700,9700,429,429,810.0,1442.198556596743,513.130005999983,9727.862106999964,0.0
1774119623,10,,Aggregated,8.700000,8.700000,810,1000,1000,1000,1700,7800,8800,9000,9700,9700,9700,435,435,810.0,1433.5719902597755,513.130005999983,9727.862106999964,0.0
1774119624,10,,Aggregated,8.600000,8.600000,810,1000,1000,1000,1500,7700,8800,9000,9700,9700,9700,445,445,810.0,1419.5496144764106,513.130005999983,9727.862106999964,0.0
1774119625,10,,Aggregated,8.600000,8.600000,800,1000,1000,1000,1500,7700,8700,9000,9700,9700,9700,453,453,800.0,1407.307176417224,513.130005999983,9727.862106999964,0.0
1774119626,10,,Aggregated,8.500000,8.500000,800,1000,1000,1000,1500,7600,8700,9000,9700,9700,9700,463,463,800.0,1393.3961209200925,513.130005999983,9727.862106999964,0.0
1774119627,10,,Aggregated,8.700000,8.700000,800,1000,1000,1000,1500,7600,8700,9000,9700,9700,9700,471,471,800.0,1383.414224012746,509.63346500020634,9727.862106999964,0.0
1774119628,10,,Aggregated,9.000000,9.000000,800,1000,1000,1000,1500,7600,8700,9000,9700,9700,9700,480,480,800.0,1372.695676272924,509.63346500020634,9727.862106999964,0.0
1774119629,10,,Aggregated,8.800000,8.800000,800,1000,1000,1000,1500,7600,8700,9000,9700,9700,9700,488,488,800.0,1364.2044676454984,509.63346500020634,9727.862106999964,0.0
1774119630,10,,Aggregated,8.800000,8.800000,800,1000,1000,1000,1500,7600,8700,9000,9700,9700,9700,498,498,800.0,1353.5050799357482,509.63346500020634,9727.862106999964,0.0
1774119631,10,,Aggregated,8.600000,8.600000,800,1000,1000,1000,1400,7400,8700,9000,9700,9700,9700,507,507,800.0,1343.0675306568094,509.63346500020634,9727.862106999964,0.0
1774119632,10,,Aggregated,8.500000,8.500000,800,1000,1000,1000,1300,7400,8700,9000,9700,9700,9700,515,515,800.0,1334.7524257398109,509.63346500020634,9727.862106999964,0.0
1774119633,10,,Aggregated,8.500000,8.500000,790,1000,1000,1000,1300,7300,8700,9000,9700,9700,9700,524,524,790.0,1324.289502757639,509.63346500020634,9727.862106999964,0.0
1774119634,10,,Aggregated,8.600000,8.600000,790,1000,1000,1000,1200,7300,8700,9000,9700,9700,9700,533,533,790.0,1314.7649623977547,509.63346500020634,9727.862106999964,0.0
1774119635,10,,Aggregated,8.800000,8.800000,790,1000,1000,1000,1200,7200,8700,9000,9700,9700,9700,542,542,790.0,1307.5208311254673,509.63346500020634,9727.862106999964,0.0
1774119636,10,,Aggregated,8.900000,8.900000,790,1000,1000,1000,1200,7200,8700,9000,9700,9700,9700,550,550,790.0,1299.6276462418243,509.63346500020634,9727.862106999964,0.0
1774119637,10,,Aggregated,8.600000,8.600000,790,1000,1000,1000,1100,7200,8700,9000,9700,9700,9700,560,560,790.0,1289.66336327322,509.63346500020634,9727.862106999964,0.0
1774119638,10,,Aggregated,8.400000,8.400000,790,1000,1000,1000,1100,7000,8700,9000,9700,9700,9700,568,568,780.0,1282.3836836179632,509.63346500020634,9727.862106999964,0.0
1774119639,10,,Aggregated,8.600000,8.600000,780,1000,1000,1000,1100,7000,8700,9000,9700,9700,9700,576,576,780.0,1275.0298066927141,509.63346500020634,9727.862106999964,0.0
1774119640,10,,Aggregated,8.700000,8.700000,780,1000,1000,1000,1100,6900,8700,9000,9700,9700,9700,584,584,780.0,1268.3772099280875,509.63346500020634,9727.862106999964,0.0
1774119641,10,,Aggregated,8.800000,8.800000,780,1000,1000,1000,1100,6900,8700,9000,9700,9700,9700,595,595,780.0,1261.4225396756356,509.63346500020634,9727.862106999964,0.0
1774119642,10,,Aggregated,8.900000,8.900000,780,1000,1000,1000,1100,6100,8700,8900,9700,9700,9700,603,603,780.0,1254.3885669900549,509.63346500020634,9727.862106999964,0.0
1774119643,10,,Aggregated,8.900000,8.900000,780,1000,1000,1000,1100,6100,8700,8900,9700,9700,9700,612,612,780.0,1247.914254460789,509.63346500020634,9727.862106999964,0.0
1774119644,10,,Aggregated,8.700000,8.700000,780,1000,1000,1000,1100,6100,8700,8900,9700,9700,9700,621,621,780.0,1240.9588889549154,509.63346500020634,9727.862106999964,0.0
1774119645,10,,Aggregated,8.700000,8.700000,780,1000,1000,1000,1100,6100,8700,8900,9700,9700,9700,630,630,780.0,1234.127685011115,509.63346500020634,9727.862106999964,0.0
1774119646,10,,Aggregated,8.600000,8.600000,780,1000,1000,1000,1100,6100,8700,8900,9700,9700,9700,640,640,780.0,1227.3481431953164,509.63346500020634,9727.862106999964,0.0
1774119647,10,,Aggregated,8.700000,8.700000,780,1000,1000,1000,1100,6000,8700,8900,9700,9700,9700,649,649,780.0,1221.1286993882939,509.63346500020634,9727.862106999964,0.0
1774119648,10,,Aggregated,8.900000,8.900000,780,1000,1000,1000,1100,6000,8600,8900,9700,9700,9700,656,656,780.0,1215.7982537286625,509.63346500020634,9727.862106999964,0.0
1774119649,10,,Aggregated,8.800000,8.800000,780,1000,1000,1000,1100,5900,8600,8900,9700,9700,9700,665,665,780.0,1211.3173445248167,509.63346500020634,9727.862106999964,0.0
1774119650,10,,Aggregated,8.800000,8.800000,780,1000,1000,1000,1100,5900,8600,8900,9700,9700,9700,675,675,780.0,1205.1169228192641,509.63346500020634,9727.862106999964,0.0
1774119651,10,,Aggregated,8.800000,8.800000,780,1000,1000,1000,1100,4600,8600,8900,9700,9700,9700,684,684,780.0,1200.3270333304145,509.63346500020634,9727.862106999964,0.0
1774119652,10,,Aggregated,8.700000,8.700000,780,1000,1000,1000,1100,4600,8600,8900,9700,9700,9700,691,691,780.0,1196.3407940549973,509.63346500020634,9727.862106999964,0.0
1774119653,10,,Aggregated,8.700000,8.700000,780,1000,1000,1000,1100,3800,8500,8800,9700,9700,9700,701,701,780.0,1191.4498471925867,509.63346500020634,9727.862106999964,0.0
1774119654,10,,Aggregated,8.900000,8.900000,780,1000,1000,1000,1100,3800,8500,8800,9700,9700,9700,707,707,780.0,1187.693784452621,509.63346500020634,9727.862106999964,0.0
1774119655,10,,Aggregated,8.800000,8.800000,780,1000,1000,1000,1100,3800,8500,8800,9700,9700,9700,716,716,780.0,1183.2852303770999,509.63346500020634,9727.862106999964,0.0
1774119656,10,,Aggregated,8.700000,8.700000,780,1000,1000,1000,1100,3600,8500,8800,9700,9700,9700,726,726,780.0,1177.6178091184618,509.63346500020634,9727.862106999964,0.0
1774119657,10,,Aggregated,8.800000,8.800000,780,1000,1000,1000,1100,3600,8500,8800,9700,9700,9700,735,735,780.0,1172.850512555107,509.63346500020634,9727.862106999964,0.0
1774119658,10,,Aggregated,8.800000,8.800000,780,1000,1000,1000,1100,2900,8500,8800,9700,9700,9700,744,744,780.0,1167.8060855752738,509.63346500020634,9727.862106999964,0.0
1774119659,10,,Aggregated,8.800000,8.800000,770,1000,1000,1000,1100,2900,8500,8800,9700,9700,9700,753,753,770.0,1161.9243806082388,509.63346500020634,9727.862106999964,0.0
1774119660,10,,Aggregated,8.900000,8.900000,770,1000,1000,1000,1100,2900,8500,8800,9700,9700,9700,762,762,770.0,1157.7733529868817,509.63346500020634,9727.862106999964,0.0
1774119661,10,,Aggregated,8.800000,8.800000,770,1000,1000,1000,1100,2900,8500,8800,9700,9700,9700,771,771,770.0,1153.0057397937794,509.63346500020634,9727.862106999964,0.0
1774119662,10,,Aggregated,8.800000,8.800000,770,1000,1000,1000,1100,2900,8500,8800,9700,9700,9700,779,779,770.0,1149.03827085238,509.63346500020634,9727.862106999964,0.0
1774119663,10,,Aggregated,9.000000,9.000000,770,1000,1000,1000,1100,2800,8500,8800,9700,9700,9700,788,788,770.0,1144.7189814936596,509.63346500020634,9727.862106999964,0.0
1774119664,10,,Aggregated,8.900000,8.900000,770,1000,1000,1000,1100,2800,8500,8800,9700,9700,9700,798,798,770.0,1140.1101177443654,509.63346500020634,9727.862106999964,0.0
1774119665,10,,Aggregated,9.100000,9.100000,770,1000,1000,1000,1100,2100,8400,8800,9700,9700,9700,807,807,770.0,1136.303252142508,509.63346500020634,9727.862106999964,0.0
1774119666,10,,Aggregated,9.000000,9.000000,770,1000,1000,1000,1100,2100,8400,8800,9700,9700,9700,816,816,760.0,1132.5739157414262,509.63346500020634,9727.862106999964,0.0
1774119667,10,,Aggregated,8.800000,8.800000,770,1000,1000,1000,1100,2000,8400,8800,9700,9700,9700,824,824,770.0,1129.959993445392,509.63346500020634,9727.862106999964,0.0
1774119668,10,,Aggregated,8.700000,8.700000,770,1000,1000,1000,1100,2000,8400,8800,9700,9700,9700,832,832,770.0,1127.3435191670708,509.63346500020634,9727.862106999964,0.0
1774119669,10,,Aggregated,8.600000,8.600000,770,1000,1000,1000,1100,2000,8400,8800,9700,9700,9700,840,840,770.0,1124.1519467309552,509.63346500020634,9727.862106999964,0.0
1774119670,10,,Aggregated,8.600000,8.600000,770,1000,1000,1000,1100,1800,8400,8800,9700,9700,9700,850,850,770.0,1120.5665347294146,509.63346500020634,9727.862106999964,0.0
1774119671,10,,Aggregated,8.600000,8.600000,770,1000,1000,1000,1100,1800,8400,8800,9700,9700,9700,858,858,770.0,1117.995785761076,509.63346500020634,9727.862106999964,0.0
1774119672,10,,Aggregated,8.800000,8.800000,770,1000,1000,1000,1100,1700,8400,8800,9700,9700,9700,866,866,770.0,1115.5524499665166,509.63346500020634,9727.862106999964,0.0
1774119673,10,,Aggregated,8.400000,8.400000,770,1000,1000,1000,1100,1700,8400,8800,9700,9700,9700,874,874,770.0,1112.921129262017,509.63346500020634,9727.862106999964,0.0
1774119674,10,,Aggregated,8.500000,8.500000,780,1000,1000,1000,1100,1500,8400,8800,9700,9700,9700,883,883,780.0,1110.510411665915,509.46894999992764,9727.862106999964,0.0
1774119675,10,,Aggregated,8.400000,8.400000,780,1000,1000,1000,1100,1500,8400,8800,9700,9700,9700,892,892,780.0,1108.2232103867752,509.46894999992764,9727.862106999964,0.0
1774119676,10,,Aggregated,8.500000,8.500000,780,1000,1000,1000,1100,1500,8400,8800,9700,9700,9700,900,900,780.0,1106.1354154811154,509.46894999992764,9727.862106999964,0.0
1774119677,10,,Aggregated,8.500000,8.500000,780,1000,1000,1000,1100,1500,8200,8700,9700,9700,9700,908,908,780.0,1103.2431093348064,509.46894999992764,9727.862106999964,0.0
1774119678,10,,Aggregated,8.400000,8.400000,780,1000,1000,1000,1100,1500,8200,8700,9700,9700,9700,917,917,780.0,1100.3577166226876,509.46894999992764,9727.862106999964,0.0
1774119679,10,,Aggregated,8.600000,8.600000,780,1000,1000,1000,1100,1500,8200,8700,9700,9700,9700,927,927,780.0,1097.215488480048,509.46894999992764,9727.862106999964,0.0
1774119680,10,,Aggregated,8.600000,8.600000,780,1000,1000,1000,1100,1500,8200,8700,9700,9700,9700,937,937,780.0,1093.8152807524061,509.46894999992764,9727.862106999964,0.0
1774119681,10,,Aggregated,8.700000,8.700000,770,1000,1000,1000,1000,1500,8200,8700,9700,9700,9700,943,943,770.0,1091.4256687285313,509.46894999992764,9727.862106999964,0.0
1774119682,10,,Aggregated,8.400000,8.400000,770,1000,1000,1000,1000,1500,8000,8700,9700,9700,9700,952,952,770.0,1088.5568087752147,509.46894999992764,9727.862106999964,0.0
1774119683,10,,Aggregated,8.800000,8.800000,770,1000,1000,1000,1000,1500,8000,8700,9700,9700,9700,962,962,770.0,1085.7745501569689,509.46894999992764,9727.862106999964,0.0
1774119684,10,,Aggregated,8.700000,8.700000,770,1000,1000,1000,1000,1500,8000,8700,9700,9700,9700,971,971,770.0,1083.5314110690053,509.46894999992764,9727.862106999964,0.0
1774119685,10,,Aggregated,8.600000,8.600000,770,1000,1000,1000,1000,1500,8000,8700,9700,9700,9700,979,979,770.0,1080.1730022645597,509.46894999992764,9727.862106999964,0.0
1774119686,10,,Aggregated,8.500000,8.500000,760,1000,1000,1000,1000,1500,8000,8700,9700,9700,9700,991,991,760.0,1075.81935223512,509.46894999992764,9727.862106999964,0.0
1774119687,10,,Aggregated,8.900000,8.900000,760,1000,1000,1000,1000,1500,8000,8700,9700,9700,9700,999,999,760.0,1073.3190458728766,509.46894999992764,9727.862106999964,0.0
1774119688,10,,Aggregated,9.100000,9.100000,760,1000,1000,1000,1000,1400,7800,8700,9300,9700,9700,1007,1007,760.0,1070.8391230297957,509.46894999992764,9727.862106999964,0.0
1774119689,10,,Aggregated,9.100000,9.100000,760,1000,1000,1000,1000,1400,7800,8700,9300,9700,9700,1015,1015,760.0,1068.4710094364568,509.46894999992764,9727.862106999964,0.0
1774119690,10,,Aggregated,8.900000,8.900000,760,1000,1000,1000,1000,1300,7800,8700,9300,9700,9700,1024,1024,760.0,1066.4592232265663,509.46894999992764,9727.862106999964,0.0
1774119691,10,,Aggregated,8.900000,8.900000,760,1000,1000,1000,1000,1300,7800,8700,9300,9700,9700,1032,1032,760.0,1064.353221218996,509.46894999992764,9727.862106999964,0.0
1774119692,10,,Aggregated,9.000000,9.000000,760,1000,1000,1000,1000,1300,7800,8700,9300,9700,9700,1041,1041,760.0,1061.7300545417904,509.46894999992764,9727.862106999964,0.0
1774119693,10,,Aggregated,9.000000,9.000000,760,1000,1000,1000,1000,1300,7800,8700,9300,9700,9700,1050,1050,760.0,1059.1382159866707,509.46894999992764,9727.862106999964,0.0
1774119694,10,,Aggregated,8.900000,8.900000,760,1000,1000,1000,1000,1200,7800,8700,9300,9700,9700,1061,1061,760.0,1056.0686377926525,509.46894999992764,9727.862106999964,0.0
1774119695,10,,Aggregated,9.100000,9.100000,760,1000,1000,1000,1000,1200,7800,8700,9300,9700,9700,1068,1068,760.0,1053.740372104873,509.46894999992764,9727.862106999964,0.0
1774119696,10,,Aggregated,9.200000,9.200000,760,1000,1000,1000,1000,1200,7800,8700,9300,9700,9700,1078,1078,760.0,1051.1142917031582,509.46894999992764,9727.862106999964,0.0
1774119697,10,,Aggregated,8.900000,8.900000,760,1000,1000,1000,1000,1200,7800,8700,9300,9700,9700,1087,1087,760.0,1049.5831709208874,509.46894999992764,9727.862106999964,0.0
1774119698,10,,Aggregated,8.700000,8.700000,760,1000,1000,1000,1000,1200,7800,8700,9300,9700,9700,1096,1096,760.0,1048.0407496487267,509.46894999992764,9727.862106999964,0.0
1774119699,10,,Aggregated,8.700000,8.700000,760,1000,1000,1000,1000,1200,7700,8700,9300,9700,9700,1105,1105,760.0,1045.7889316217227,509.46894999992764,9727.862106999964,0.0
1774119700,10,,Aggregated,8.700000,8.700000,760,1000,1000,1000,1000,1200,7700,8700,9300,9700,9700,1113,1113,760.0,1043.7108642803264,509.46894999992764,9727.862106999964,0.0
1774119701,10,,Aggregated,8.700000,8.700000,760,1000,1000,1000,1000,1200,7700,8700,9300,9700,9700,1122,1122,760.0,1041.8794074073114,509.46894999992764,9727.862106999964,0.0
1774119702,10,,Aggregated,8.800000,8.800000,760,1000,1000,1000,1000,1200,7700,8700,9300,9700,9700,1132,1132,760.0,1039.7287058710283,509.46894999992764,9727.862106999964,0.0
1774119703,10,,Aggregated,8.700000,8.700000,760,1000,1000,1000,1000,1200,7700,8700,9300,9700,9700,1138,1138,760.0,1037.8267092029912,509.46894999992764,9727.862106999964,0.0
1774119704,10,,Aggregated,8.800000,8.800000,760,1000,1000,1000,1000,1200,7700,8700,9300,9700,9700,1147,1147,760.0,1036.4299125832642,509.46894999992764,9727.862106999964,0.0
1774119705,10,,Aggregated,8.700000,8.700000,760,1000,1000,1000,1000,1200,7600,8700,9300,9700,9700,1155,1155,760.0,1035.7694697662373,509.46894999992764,9727.862106999964,0.0
1774119706,10,,Aggregated,8.800000,8.800000,760,1000,1000,1000,1000,1100,7600,8700,9300,9700,9700,1165,1165,760.0,1034.1316895776863,509.46894999992764,9727.862106999964,0.0
1774119707,10,,Aggregated,8.500000,8.500000,760,1000,1000,1000,1000,1100,7600,8700,9300,9700,9700,1172,1172,760.0,1032.319656900175,509.46894999992764,9727.862106999964,0.0
1774119708,10,,Aggregated,8.500000,8.500000,760,1000,1000,1000,1000,1100,7600,8700,9300,9700,9700,1181,1181,760.0,1030.8400449237974,509.46894999992764,9727.862106999964,0.0
1774119709,10,,Aggregated,8.600000,8.600000,760,1000,1000,1000,1000,1100,7600,8700,9300,9700,9700,1191,1191,760.0,1029.1429836406423,509.46894999992764,9727.862106999964,0.0
1774119710,10,,Aggregated,8.700000,8.700000,760,1000,1000,1000,1000,1100,7600,8700,9300,9700,9700,1199,1199,760.0,1027.317009556301,509.46894999992764,9727.862106999964,0.0
1774119711,10,,Aggregated,8.600000,8.600000,760,1000,1000,1000,1000,1100,7600,8700,9300,9700,9700,1207,1207,760.0,1026.0974599494652,509.46894999992764,9727.862106999964,0.0
1774119712,10,,Aggregated,8.600000,8.600000,760,1000,1000,1000,1000,1100,7600,8700,9300,9700,9700,1215,1215,760.0,1024.8947337193454,509.46894999992764,9727.862106999964,0.0
1774119713,10,,Aggregated,8.600000,8.600000,760,1000,1000,1000,1000,1100,7600,8700,9300,9700,9700,1227,1227,760.0,1022.9167154865562,509.46894999992764,9727.862106999964,0.0
1774119714,10,,Aggregated,8.500000,8.500000,760,1000,1000,1000,1000,1100,7600,8700,9300,9700,9700,1232,1232,760.0,1021.5974198441593,509.46894999992764,9727.862106999964,0.0
1774119715,10,,Aggregated,8.300000,8.300000,760,1000,1000,1000,1000,1100,7600,8700,9300,9700,9700,1243,1243,760.0,1019.9681993885798,509.46894999992764,9727.862106999964,0.0
1774119716,10,,Aggregated,8.400000,8.400000,760,1000,1000,1000,1000,1100,7400,8700,9300,9700,9700,1251,1251,760.0,1018.8996561942486,509.46894999992764,9727.862106999964,0.0
1774119717,10,,Aggregated,8.700000,8.700000,760,1000,1000,1000,1000,1100,7400,8700,9300,9700,9700,1259,1259,760.0,1016.9417748840393,509.46894999992764,9727.862106999964,0.0
1774119718,10,,Aggregated,8.600000,8.600000,760,1000,1000,1000,1000,1100,7400,8700,9300,9700,9700,1268,1268,760.0,1015.6316802918025,509.46894999992764,9727.862106999964,0.0
1774119719,10,,Aggregated,8.600000,8.600000,760,1000,1000,1000,1000,1100,7400,8700,9300,9700,9700,1276,1276,760.0,1014.2751972695974,509.46894999992764,9727.862106999964,0.0
1774119720,10,,Aggregated,8.700000,8.700000,760,1000,1000,1000,1000,1100,7400,8700,9300,9700,9700,1286,1286,760.0,1012.6280133468164,509.46894999992764,9727.862106999964,0.0
1774119721,10,,Aggregated,8.800000,8.800000,760,1000,1000,1000,1000,1100,7400,8700,9300,9700,9700,1295,1295,760.0,1011.7287213722055,509.46894999992764,9727.862106999964,0.0
1774119722,10,,Aggregated,8.700000,8.700000,760,1000,1000,1000,1000,1100,7300,8600,9300,9700,9700,1302,1302,760.0,1010.4238241451656,509.46894999992764,9727.862106999964,0.0
1774119723,10,,Aggregated,8.500000,8.500000,760,1000,1000,1000,1000,1100,7300,8600,9300,9700,9700,1310,1310,760.0,1009.2326807076374,509.46894999992764,9727.862106999964,0.0
1774119724,10,,Aggregated,8.700000,8.700000,760,1000,1000,1000,1000,1100,7300,8600,9300,9700,9700,1320,1320,760.0,1007.8981404583374,509.46894999992764,9727.862106999964,0.0
1774119725,10,,Aggregated,8.700000,8.700000,760,1000,1000,1000,1000,1100,7300,8600,9300,9700,9700,1329,1329,760.0,1006.2018248382283,509.46894999992764,9727.862106999964,0.0
1774119726,10,,Aggregated,8.500000,8.500000,760,1000,1000,1000,1000,1100,7300,8600,9300,9700,9700,1337,1337,760.0,1004.9554799558754,509.46894999992764,9727.862106999964,0.0
1774119727,10,,Aggregated,8.700000,8.700000,760,1000,1000,1000,1000,1100,7300,8600,9300,9700,9700,1345,1345,760.0,1003.8993622446134,509.46894999992764,9727.862106999964,0.0
1774119728,10,,Aggregated,8.800000,8.800000,760,1000,1000,1000,1000,1100,7200,8600,9300,9700,9700,1354,1354,760.0,1002.5202210125593,509.46894999992764,9727.862106999964,0.0
1774119729,10,,Aggregated,8.700000,8.700000,760,1000,1000,1000,1000,1100,7200,8600,9300,9700,9700,1364,1364,760.0,1001.0433422741971,509.46894999992764,9727.862106999964,0.0
1774119730,10,,Aggregated,8.600000,8.600000,760,1000,1000,1000,1000,1100,7200,8600,9300,9700,9700,1371,1371,760.0,999.9631923420897,509.46894999992764,9727.862106999964,0.0
1774119731,10,,Aggregated,8.400000,8.400000,760,1000,1000,1000,1000,1100,7200,8600,9300,9700,9700,1380,1380,760.0,999.2763436188438,509.46894999992764,9727.862106999964,0.0
1774119732,10,,Aggregated,8.500000,8.500000,760,1000,1000,1000,1000,1100,7200,8600,9300,9700,9700,1389,1389,760.0,998.0143484031712,509.46894999992764,9727.862106999964,0.0
1774119733,10,,Aggregated,8.500000,8.500000,760,1000,1000,1000,1000,1100,7200,8600,9300,9700,9700,1397,1397,760.0,996.4074003958517,509.46894999992764,9727.862106999964,0.0
1774119734,10,,Aggregated,8.400000,8.400000,760,1000,1000,1000,1000,1100,7000,8500,9300,9700,9700,1407,1407,760.0,994.9591067263714,509.46894999992764,9727.862106999964,0.0
1774119735,10,,Aggregated,8.700000,8.700000,760,1000,1000,1000,1000,1100,7000,8500,9300,9700,9700,1415,1415,760.0,994.1971678629011,509.46894999992764,9727.862106999964,0.0
1774119736,10,,Aggregated,8.700000,8.700000,760,1000,1000,1000,1000,1100,7000,8500,9300,9700,9700,1423,1423,760.0,993.5691427948032,509.46894999992764,9727.862106999964,0.0
1774119737,10,,Aggregated,8.400000,8.400000,760,1000,1000,1000,1000,1100,7000,8500,9300,9700,9700,1432,1432,760.0,992.2093647122941,509.46894999992764,9727.862106999964,0.0
1774119738,10,,Aggregated,8.600000,8.600000,760,1000,1000,1000,1000,1100,7000,8500,9300,9700,9700,1442,1442,760.0,990.6990509542337,509.46894999992764,9727.862106999964,0.0
1774119739,10,,Aggregated,8.500000,8.500000,760,1000,1000,1000,1000,1100,7000,8500,9300,9700,9700,1450,1450,760.0,989.3108085620728,509.46894999992764,9727.862106999964,0.0
1774119740,10,,Aggregated,8.400000,8.400000,760,1000,1000,1000,1000,1100,6900,8500,9300,9700,9700,1461,1461,760.0,988.1215010616053,509.46894999992764,9727.862106999964,0.0
1774119741,10,,Aggregated,8.500000,8.500000,760,1000,1000,1000,1000,1100,6900,8500,9300,9700,9700,1467,1467,760.0,986.8389135064797,509.46894999992764,9727.862106999964,0.0
1774119742,10,,Aggregated,8.600000,8.600000,760,1000,1000,1000,1000,1100,6900,8500,9300,9700,9700,1476,1476,760.0,985.6229747953969,509.46894999992764,9727.862106999964,0.0
1774119743,10,,Aggregated,8.800000,8.800000,760,1000,1000,1000,1000,1100,6900,8500,9300,9700,9700,1486,1486,760.0,984.1542778135978,509.46894999992764,9727.862106999964,0.0
1774119744,10,,Aggregated,8.700000,8.700000,760,1000,1000,1000,1000,1100,6900,8500,9300,9700,9700,1496,1496,760.0,983.1027769498705,509.46894999992764,9727.862106999964,0.0
1774119745,10,,Aggregated,8.500000,8.500000,760,1000,1000,1000,1000,1100,6100,8500,9300,9700,9700,1503,1503,760.0,981.955078051235,509.46894999992764,9727.862106999964,0.0
1774119746,10,,Aggregated,8.500000,8.500000,760,1000,1000,1000,1000,1100,6100,8500,9300,9700,9700,1510,1510,760.0,981.1284376165606,509.46894999992764,9727.862106999964,0.0
1774119747,10,,Aggregated,8.800000,8.800000,760,1000,1000,1000,1000,1100,6100,8500,9300,9700,9700,1520,1520,760.0,980.2442607381622,509.46894999992764,9727.862106999964,0.0
1774119748,10,,Aggregated,8.700000,8.700000,760,1000,1000,1000,1000,1100,6100,8500,9300,9700,9700,1530,1530,760.0,978.9111910627491,509.46894999992764,9727.862106999964,0.0
1774119749,10,,Aggregated,8.700000,8.700000,760,1000,1000,1000,1000,1100,6100,8500,9300,9700,9700,1537,1537,760.0,978.1131009674733,509.46894999992764,9727.862106999964,0.0
1774119750,10,,Aggregated,8.700000,8.700000,760,1000,1000,1000,1000,1100,6100,8500,9300,9700,9700,1546,1546,760.0,976.9700131436005,509.46894999992764,9727.862106999964,0.0
1774119751,10,,Aggregated,8.900000,8.900000,760,1000,1000,1000,1000,1100,6100,8500,9300,9700,9700,1556,1556,760.0,975.9538670090018,509.46894999992764,9727.862106999964,0.0
1774119752,10,,Aggregated,8.700000,8.700000,760,1000,1000,1000,1000,1100,6100,8500,9300,9700,9700,1565,1565,760.0,975.0395524242857,509.46894999992764,9727.862106999964,0.0
1774119753,10,,Aggregated,8.500000,8.500000,760,1000,1000,1000,1000,1100,6100,8500,9300,9700,9700,1575,1575,760.0,973.6238375085762,509.46894999992764,9727.862106999964,0.0
1774119754,10,,Aggregated,8.700000,8.700000,760,1000,1000,1000,1000,1100,6100,8500,9300,9700,9700,1583,1583,760.0,972.6582886885707,509.46894999992764,9727.862106999964,0.0
1774119755,10,,Aggregated,8.800000,8.800000,760,1000,1000,1000,1000,1100,6100,8500,9300,9700,9700,1592,1592,750.0,971.52524647802,509.46894999992764,9727.862106999964,0.0
1774119756,10,,Aggregated,8.900000,8.900000,760,1000,1000,1000,1000,1100,6100,8500,9300,9700,9700,1599,1599,760.0,971.1583426547893,509.46894999992764,9727.862106999964,0.0
1774119757,10,,Aggregated,8.900000,8.900000,760,1000,1000,1000,1000,1100,6000,8400,9300,9700,9700,1608,1608,760.0,970.4611884011243,509.46894999992764,9727.862106999964,0.0
1774119758,10,,Aggregated,8.700000,8.700000,760,1000,1000,1000,1000,1100,6000,8400,9300,9700,9700,1620,1620,750.0,969.0061978796343,509.46894999992764,9727.862106999964,0.0
1774119759,10,,Aggregated,8.700000,8.700000,750,1000,1000,1000,1000,1100,6000,8400,9300,9700,9700,1625,1625,750.0,968.4308935716971,509.46894999992764,9727.862106999964,0.0
1774119760,10,,Aggregated,8.900000,8.900000,750,1000,1000,1000,1000,1100,6000,8400,9300,9700,9700,1631,1631,750.0,967.8482684782389,509.46894999992764,9727.862106999964,0.0
1774119761,10,,Aggregated,8.900000,8.900000,760,1000,1000,1000,1000,1100,6000,8400,9300,9700,9700,1643,1643,760.0,966.9399845404794,509.46894999992764,9727.862106999964,0.0
1774119762,10,,Aggregated,8.800000,8.800000,760,1000,1000,1000,1000,1100,5900,8400,9300,9700,9700,1651,1651,760.0,966.1749959424636,509.46894999992764,9727.862106999964,0.0
1774119763,10,,Aggregated,8.800000,8.800000,760,1000,1000,1000,1000,1100,5900,8400,9300,9700,9700,1660,1660,760.0,965.5657547686792,509.46894999992764,9727.862106999964,0.0
1774119764,10,,Aggregated,8.700000,8.700000,760,1000,1000,1000,1000,1100,5900,8400,9300,9700,9700,1667,1667,760.0,964.8050425680908,509.46894999992764,9727.862106999964,0.0
1774119765,10,,Aggregated,8.600000,8.600000,760,1000,1000,1000,1000,1100,5900,8400,9300,9700,9700,1677,1677,760.0,964.1842880876611,509.46894999992764,9727.862106999964,0.0
1774119766,10,,Aggregated,8.500000,8.500000,760,1000,1000,1000,1000,1100,5900,8400,9300,9700,9700,1685,1685,760.0,963.4916908320521,509.46894999992764,9727.862106999964,0.0
1774119767,10,,Aggregated,8.200000,8.200000,760,1000,1000,1000,1000,1100,5900,8400,9300,9700,9700,1694,1694,760.0,962.6631600011851,509.46894999992764,9727.862106999964,0.0
1774119768,10,,Aggregated,8.500000,8.500000,760,1000,1000,1000,1000,1100,4600,8400,9300,9700,9700,1702,1702,760.0,961.7683901374895,509.46894999992764,9727.862106999964,0.0
1774119769,10,,Aggregated,8.500000,8.500000,760,1000,1000,1000,1000,1100,4600,8400,9300,9700,9700,1712,1712,760.0,960.6257083825974,509.46894999992764,9727.862106999964,0.0
1774119770,10,,Aggregated,8.400000,8.400000,760,1000,1000,1000,1000,1100,4600,8400,9300,9700,9700,1721,1721,760.0,959.7593239889635,509.46894999992764,9727.862106999964,0.0
1774119771,10,,Aggregated,8.200000,8.200000,760,1000,1000,1000,1000,1100,4600,8400,9300,9700,9700,1730,1730,760.0,958.9268653786165,509.46894999992764,9727.862106999964,0.0
1774119772,10,,Aggregated,8.500000,8.500000,760,1000,1000,1000,1000,1100,4600,8400,9300,9700,9700,1740,1740,760.0,957.8904290247167,509.46894999992764,9727.862106999964,0.0
1774119773,10,,Aggregated,8.700000,8.700000,760,1000,1000,1000,1000,1100,4600,8400,9300,9700,9700,1747,1747,760.0,957.4388070475143,509.46894999992764,9727.862106999964,0.0
1774119774,10,,Aggregated,8.700000,8.700000,760,1000,1000,1000,1000,1100,3800,8400,9300,9700,9700,1755,1755,760.0,956.7783679287791,509.46894999992764,9727.862106999964,0.0
1774119775,10,,Aggregated,8.900000,8.900000,760,1000,1000,1000,1000,1100,3800,8400,9300,9700,9700,1765,1765,760.0,955.906120562044,509.46894999992764,9727.862106999964,0.0
1774119776,10,,Aggregated,8.700000,8.700000,760,1000,1000,1000,1000,1100,3800,8400,9300,9700,9700,1774,1774,760.0,955.2916498500608,509.46894999992764,9727.862106999964,0.0
1774119778,10,,Aggregated,8.800000,8.800000,760,1000,1000,1000,1000,1100,3800,8400,9300,9700,9700,1782,1782,760.0,954.5820806352458,509.46894999992764,9727.862106999964,0.0
1774119779,10,,Aggregated,8.800000,8.800000,760,1000,1000,1000,1000,1100,3800,8400,9300,9700,9700,1791,1791,760.0,953.8393102188764,509.46894999992764,9727.862106999964,0.0
1774119780,10,,Aggregated,8.900000,8.900000,760,1000,1000,1000,1000,1100,3800,8400,9300,9700,9700,1800,1800,760.0,953.1384544183377,509.46894999992764,9727.862106999964,0.0
1774119781,10,,Aggregated,8.800000,8.800000,760,1000,1000,1000,1000,1100,3600,8200,9300,9700,9700,1808,1808,760.0,952.4897587350706,509.46894999992764,9727.862106999964,0.0
1774119782,10,,Aggregated,8.900000,8.900000,760,1000,1000,1000,1000,1100,3600,8200,9300,9700,9700,1816,1816,760.0,951.5524364559516,509.46894999992764,9727.862106999964,0.0
1774119783,10,,Aggregated,8.800000,8.800000,760,1000,1000,1000,1000,1100,3600,8200,9300,9700,9700,1824,1824,760.0,951.0906754572412,509.46894999992764,9727.862106999964,0.0
1774119784,10,,Aggregated,8.700000,8.700000,760,1000,1000,1000,1000,1100,3600,8200,9300,9700,9700,1834,1834,760.0,950.6545802884447,509.46894999992764,9727.862106999964,0.0
1774119785,10,,Aggregated,8.400000,8.400000,760,1000,1000,1000,1000,1100,3600,8200,9300,9700,9700,1843,1843,760.0,949.747079611507,509.46894999992764,9727.862106999964,0.0
1774119786,10,,Aggregated,8.700000,8.700000,760,1000,1000,1000,1000,1100,3600,8200,9300,9700,9700,1850,1850,760.0,949.0039304989231,509.46894999992764,9727.862106999964,0.0
1774119787,10,,Aggregated,8.700000,8.700000,760,1000,1000,1000,1000,1100,2900,8200,9300,9700,9700,1856,1856,760.0,948.9828628814697,509.46894999992764,9727.862106999964,0.0
1774119788,10,,Aggregated,8.700000,8.700000,760,1000,1000,1000,1000,1100,2900,8200,9300,9700,9700,1866,1866,760.0,948.303893961955,509.46894999992764,9727.862106999964,0.0
1774119789,10,,Aggregated,8.200000,8.200000,760,1000,1000,1000,1000,1100,2900,8200,9300,9700,9700,1877,1877,760.0,947.434450873206,509.46894999992764,9727.862106999964,0.0
1774119790,10,,Aggregated,8.200000,8.200000,760,1000,1000,1000,1000,1100,2900,8200,9300,9700,9700,1886,1886,760.0,946.6677700742352,509.46894999992764,9727.862106999964,0.0
1774119791,10,,Aggregated,8.400000,8.400000,760,1000,1000,1000,1000,1100,2900,8200,9300,9700,9700,1894,1894,760.0,945.876753072866,509.46894999992764,9727.862106999964,0.0
1774119792,10,,Aggregated,8.500000,8.500000,760,1000,1000,1000,1000,1100,2900,8200,9300,9700,9700,1900,1900,760.0,945.4987765668462,509.46894999992764,9727.862106999964,0.0
1774119793,10,,Aggregated,8.600000,8.600000,760,1000,1000,1000,1000,1100,2900,8000,9300,9700,9700,1910,1910,760.0,945.0507357675432,509.46894999992764,9727.862106999964,0.0
1774119794,10,,Aggregated,8.400000,8.400000,760,1000,1000,1000,1000,1100,2900,8000,9300,9700,9700,1920,1920,760.0,944.6646957947958,509.46894999992764,9727.862106999964,0.0
1774119795,10,,Aggregated,8.600000,8.600000,760,1000,1000,1000,1000,1100,2900,8000,9300,9700,9700,1927,1927,760.0,943.9327034670513,509.46894999992764,9727.862106999964,0.0
1774119796,10,,Aggregated,8.400000,8.400000,760,1000,1000,1000,1000,1100,2900,8000,9300,9700,9700,1934,1934,760.0,943.476688509828,509.46894999992764,9727.862106999964,0.0
1774119797,10,,Aggregated,8.400000,8.400000,760,1000,1000,1000,1000,1100,2900,8000,9300,9700,9700,1944,1944,760.0,942.8075999032961,509.46894999992764,9727.862106999964,0.0
1774119798,10,,Aggregated,8.400000,8.400000,760,1000,1000,1000,1000,1100,2800,8000,9300,9700,9700,1953,1953,760.0,942.1339100978022,509.46894999992764,9727.862106999964,0.0
1774119799,10,,Aggregated,8.700000,8.700000,760,1000,1000,1000,1000,1100,2800,8000,9300,9700,9700,1962,1962,760.0,941.4011414500552,509.46894999992764,9727.862106999964,0.0
1774119800,10,,Aggregated,8.600000,8.600000,760,1000,1000,1000,1000,1100,2800,8000,9300,9700,9700,1971,1971,760.0,940.6077082450574,509.46894999992764,9727.862106999964,0.0
1774119801,10,,Aggregated,8.300000,8.300000,760,1000,1000,1000,1000,1100,2800,8000,9300,9700,9700,1980,1980,750.0,939.8595177217214,509.46894999992764,9727.862106999964,0.0
1774119802,10,,Aggregated,8.300000,8.300000,760,1000,1000,1000,1000,1100,2800,8000,9300,9700,9700,1988,1988,760.0,939.3835004663017,509.46894999992764,9727.862106999964,0.0
1774119803,10,,Aggregated,8.300000,8.300000,760,1000,1000,1000,1000,1100,2800,8000,9300,9700,9700,1998,1998,750.0,938.6108702657697,509.46894999992764,9727.862106999964,0.0
1774119804,10,,Aggregated,8.800000,8.800000,760,1000,1000,1000,1000,1100,2100,7800,9200,9700,9700,2006,2006,760.0,937.9956723120677,509.46894999992764,9727.862106999964,0.0
1774119805,10,,Aggregated,8.800000,8.800000,760,1000,1000,1000,1000,1100,2100,7800,9200,9700,9700,2014,2014,760.0,937.6855824702124,509.46894999992764,9727.862106999964,0.0
1774119806,10,,Aggregated,8.700000,8.700000,760,1000,1000,1000,1000,1100,2100,7800,9200,9700,9700,2022,2022,760.0,937.2203707007951,509.46894999992764,9727.862106999964,0.0
1774119807,10,,Aggregated,8.600000,8.600000,760,1000,1000,1000,1000,1100,2100,7800,9200,9700,9700,2031,2031,760.0,936.758337335799,509.46894999992764,9727.862106999964,0.0
1774119808,10,,Aggregated,8.700000,8.700000,760,1000,1000,1000,1000,1100,2100,7800,9200,9700,9700,2040,2040,760.0,935.8686640357878,509.46894999992764,9727.862106999964,0.0
1774119809,10,,Aggregated,8.600000,8.600000,760,1000,1000,1000,1000,1100,2100,7800,9200,9700,9700,2050,2050,760.0,935.2523771873202,509.46894999992764,9727.862106999964,0.0
1774119810,10,,Aggregated,8.700000,8.700000,750,1000,1000,1000,1000,1100,2000,7800,9200,9700,9700,2057,2057,750.0,934.4352842999544,509.46894999992764,9727.862106999964,0.0
1774119811,10,,Aggregated,8.700000,8.700000,750,1000,1000,1000,1000,1100,2000,7800,9200,9700,9700,2065,2065,750.0,934.1153566508503,509.46894999992764,9727.862106999964,0.0
1774119812,10,,Aggregated,8.800000,8.800000,760,1000,1000,1000,1000,1100,2000,7800,9200,9700,9700,2075,2075,760.0,934.0284088761474,509.46894999992764,9727.862106999964,0.0
1774119813,10,,Aggregated,8.600000,8.600000,760,1000,1000,1000,1000,1100,2000,7800,9200,9700,9700,2085,2085,760.0,933.1354669496432,509.46894999992764,9727.862106999964,0.0
1774119814,10,,Aggregated,8.700000,8.700000,760,1000,1000,1000,1000,1100,2000,7800,9200,9700,9700,2092,2092,760.0,932.6770173188369,509.46894999992764,9727.862106999964,0.0
1774119815,10,,Aggregated,8.300000,8.300000,760,1000,1000,1000,1000,1100,1800,7800,9200,9700,9700,2102,2102,750.0,931.9051540632763,509.46894999992764,9727.862106999964,0.0
1774119816,10,,Aggregated,8.300000,8.300000,750,1000,1000,1000,1000,1100,1800,7800,9200,9700,9700,2111,2111,750.0,931.2124875300836,509.46894999992764,9727.862106999964,0.0
1774119817,10,,Aggregated,8.800000,8.800000,760,1000,1000,1000,1000,1100,1800,7800,9200,9700,9700,2121,2121,760.0,930.642057952384,509.46894999992764,9727.862106999964,0.0
1774119818,10,,Aggregated,9.100000,9.100000,750,1000,1000,1000,1000,1100,1800,7800,9200,9700,9700,2129,2129,750.0,929.6928754917835,509.46894999992764,9727.862106999964,0.0
1774119819,10,,Aggregated,8.900000,8.900000,750,1000,1000,1000,1000,1100,1800,7800,9200,9700,9700,2138,2138,750.0,929.0635111917712,509.46894999992764,9727.862106999964,0.0
1774119820,10,,Aggregated,8.800000,8.800000,750,1000,1000,1000,1000,1100,1800,7800,9200,9700,9700,2147,2147,750.0,928.4021543758765,509.46894999992764,9727.862106999964,0.0
1774119821,10,,Aggregated,9.000000,9.000000,750,1000,1000,1000,1000,1100,1700,7800,9200,9700,9700,2157,2157,750.0,927.8429020880884,509.46894999992764,9727.862106999964,0.0
1774119822,10,,Aggregated,9.000000,9.000000,750,1000,1000,1000,1000,1100,1700,7800,9200,9700,9700,2163,2163,750.0,927.2912308913577,509.46894999992764,9727.862106999964,0.0
1774119823,10,,Aggregated,8.900000,8.900000,750,1000,1000,1000,1000,1100,1700,7800,9200,9700,9700,2173,2173,750.0,927.1586192816413,509.46894999992764,9727.862106999964,0.0
1774119824,10,,Aggregated,8.900000,8.900000,750,1000,1000,1000,1000,1100,1700,7800,9200,9700,9700,2178,2178,750.0,926.9835744045026,509.46894999992764,9727.862106999964,0.0
1774119825,10,,Aggregated,8.700000,8.700000,750,1000,1000,1000,1000,1100,1700,7800,9200,9700,9700,2190,2190,750.0,926.4312795917838,509.46894999992764,9727.862106999964,0.0
1774119826,10,,Aggregated,8.900000,8.900000,750,1000,1000,1000,1000,1100,1700,7800,9200,9700,9700,2199,2199,750.0,925.6367188126451,509.46894999992764,9727.862106999964,0.0
1774119827,10,,Aggregated,8.700000,8.700000,750,1000,1000,1000,1000,1100,1500,7700,9200,9700,9700,2207,2207,750.0,925.2840858328077,509.46894999992764,9727.862106999964,0.0
1774119828,10,,Aggregated,8.500000,8.500000,750,1000,1000,1000,1000,1100,1500,7700,9200,9700,9700,2215,2215,750.0,924.8614759178357,509.46894999992764,9727.862106999964,0.0
1774119829,10,,Aggregated,8.800000,8.800000,750,1000,1000,1000,1000,1100,1500,7700,9200,9700,9700,2223,2223,750.0,924.2398101659949,509.46894999992764,9727.862106999964,0.0
1774119830,10,,Aggregated,8.600000,8.600000,750,1000,1000,1000,1000,1100,1500,7700,9200,9700,9700,2233,2233,750.0,923.9663096538316,509.46894999992764,9727.862106999964,0.0
1774119831,10,,Aggregated,8.400000,8.400000,750,1000,1000,1000,1000,1100,1500,7700,9200,9700,9700,2241,2241,750.0,923.7433643873298,509.46894999992764,9727.862106999964,0.0
1774119832,10,,Aggregated,8.500000,8.500000,750,1000,1000,1000,1000,1100,1500,7700,9200,9700,9700,2249,2249,750.0,923.0372758932886,509.46894999992764,9727.862106999964,0.0
1774119833,10,,Aggregated,8.300000,8.300000,750,1000,1000,1000,1000,1100,1500,7700,9200,9700,9700,2257,2257,750.0,922.908751867969,509.46894999992764,9727.862106999964,0.0
1774119834,10,,Aggregated,8.300000,8.300000,750,1000,1000,1000,1000,1100,1500,7700,9200,9700,9700,2265,2265,750.0,922.5033393434907,509.46894999992764,9727.862106999964,0.0
1774119835,10,,Aggregated,8.700000,8.700000,760,1000,1000,1000,1000,1100,1500,7700,9200,9700,9700,2275,2275,760.0,922.2524951270358,509.46894999992764,9727.862106999964,0.0
1774119836,10,,Aggregated,8.700000,8.700000,760,1000,1000,1000,1000,1100,1500,7700,9200,9700,9700,2284,2284,760.0,921.7149543620872,509.46894999992764,9727.862106999964,0.0
1774119837,10,,Aggregated,8.700000,8.700000,750,1000,1000,1000,1000,1100,1500,7700,9200,9700,9700,2292,2292,750.0,920.9396857709452,509.46894999992764,9727.862106999964,0.0
1774119838,10,,Aggregated,8.700000,8.700000,750,1000,1000,1000,1000,1100,1500,7600,9200,9700,9700,2302,2302,750.0,920.2700350781959,509.46894999992764,9727.862106999964,0.0
1774119839,10,,Aggregated,8.400000,8.400000,750,1000,1000,1000,1000,1100,1500,7600,9200,9700,9700,2311,2311,750.0,919.995913891392,509.46894999992764,9727.862106999964,0.0
1774119840,10,,Aggregated,8.700000,8.700000,750,1000,1000,1000,1000,1100,1500,7600,9200,9700,9700,2320,2320,750.0,919.3107013336238,509.46894999992764,9727.862106999964,0.0
1774119841,10,,Aggregated,8.600000,8.600000,750,1000,1000,1000,1000,1100,1500,7600,9200,9700,9700,2327,2327,750.0,918.7902125272917,509.36442800002624,9727.862106999964,0.0
1774119842,10,,Aggregated,8.500000,8.500000,750,1000,1000,1000,1000,1100,1500,7600,9200,9700,9700,2336,2336,750.0,918.3701799520577,509.36442800002624,9727.862106999964,0.0
1774119843,10,,Aggregated,8.800000,8.800000,750,1000,1000,1000,1000,1100,1500,7600,9200,9700,9700,2347,2347,750.0,917.5631190098024,509.36442800002624,9727.862106999964,0.0
1774119844,10,,Aggregated,8.800000,8.800000,750,1000,1000,1000,1000,1100,1500,7600,9200,9700,9700,2356,2356,750.0,917.0622104117173,509.36442800002624,9727.862106999964,0.0
1774119845,10,,Aggregated,8.900000,8.900000,750,1000,1000,1000,1000,1100,1500,7600,9200,9700,9700,2363,2363,750.0,916.3543528214159,509.36442800002624,9727.862106999964,0.0
1774119846,10,,Aggregated,8.700000,8.700000,750,1000,1000,1000,1000,1100,1500,7600,9200,9700,9700,2373,2373,750.0,915.9364204665005,509.36442800002624,9727.862106999964,0.0
1774119847,10,,Aggregated,8.800000,8.800000,750,990,1000,1000,1000,1100,1500,7600,9200,9700,9700,2383,2383,750.0,915.2218111502331,509.36442800002624,9727.862106999964,0.0
1774119848,10,,Aggregated,8.600000,8.600000,750,990,1000,1000,1000,1100,1500,7600,9200,9700,9700,2392,2392,750.0,914.8298517755039,509.36442800002624,9727.862106999964,0.0
1774119849,10,,Aggregated,8.700000,8.700000,750,990,1000,1000,1000,1100,1500,7600,9200,9700,9700,2401,2401,750.0,914.1162194235758,509.36442800002624,9727.862106999964,0.0
1774119850,10,,Aggregated,8.600000,8.600000,750,990,1000,1000,1000,1100,1500,7600,9200,9700,9700,2409,2409,750.0,913.6636177069347,509.36442800002624,9727.862106999964,0.0
1774119851,10,,Aggregated,9.000000,9.000000,750,990,1000,1000,1000,1100,1500,7600,9200,9700,9700,2418,2418,750.0,913.1199112799861,509.36442800002624,9727.862106999964,0.0
1774119852,10,,Aggregated,8.900000,8.900000,750,990,1000,1000,1000,1100,1500,7600,9200,9700,9700,2425,2425,750.0,912.7806806061885,509.36442800002624,9727.862106999964,0.0
1774119853,10,,Aggregated,8.900000,8.900000,750,990,1000,1000,1000,1100,1500,7600,9200,9700,9700,2434,2434,750.0,912.4119268948261,509.36442800002624,9727.862106999964,0.0
1774119854,10,,Aggregated,8.900000,8.900000,750,980,1000,1000,1000,1100,1500,7600,9200,9700,9700,2445,2445,750.0,911.8035228139084,509.36442800002624,9727.862106999964,0.0
1774119855,10,,Aggregated,8.800000,8.800000,750,980,1000,1000,1000,1100,1500,7600,9200,9700,9700,2450,2450,750.0,911.5640200689821,509.36442800002624,9727.862106999964,0.0
1774119856,10,,Aggregated,8.800000,8.800000,750,980,1000,1000,1000,1100,1500,7600,9200,9700,9700,2460,2460,750.0,911.0586905475634,509.36442800002624,9727.862106999964,0.0
1774119857,10,,Aggregated,8.600000,8.600000,750,980,1000,1000,1000,1100,1500,7600,9200,9700,9700,2470,2470,750.0,910.3526781526341,509.36442800002624,9727.862106999964,0.0
1774119858,10,,Aggregated,8.900000,8.900000,750,990,1000,1000,1000,1100,1500,7600,9200,9700,9700,2480,2480,750.0,910.1985478262122,509.36442800002624,9727.862106999964,0.0
1774119859,10,,Aggregated,9.100000,9.100000,750,990,1000,1000,1000,1100,1500,7600,9200,9700,9700,2488,2488,750.0,909.8013703062726,509.36442800002624,9727.862106999964,0.0
1774119860,10,,Aggregated,8.900000,8.900000,750,980,1000,1000,1000,1100,1500,7600,9200,9700,9700,2498,2498,750.0,909.0880087854307,509.36442800002624,9727.862106999964,0.0
1774119861,10,,Aggregated,8.700000,8.700000,750,980,1000,1000,1000,1100,1500,7400,9200,9700,9700,2508,2508,750.0,908.4914597723307,509.36442800002624,9727.862106999964,0.0
1774119862,10,,Aggregated,9.000000,9.000000,750,980,1000,1000,1000,1100,1500,7400,9200,9700,9700,2515,2515,750.0,908.273981326046,509.36442800002624,9727.862106999964,0.0
1774119863,10,,Aggregated,9.000000,9.000000,750,980,1000,1000,1000,1100,1500,7400,9200,9700,9700,2524,2524,750.0,907.8282904366108,509.36442800002624,9727.862106999964,0.0
1774119864,10,,Aggregated,8.900000,8.900000,750,980,1000,1000,1000,1100,1500,7400,9200,9700,9700,2533,2533,750.0,907.5382855523119,509.36442800002624,9727.862106999964,0.0
1774119865,10,,Aggregated,8.900000,8.900000,750,990,1000,1000,1000,1100,1500,7400,9200,9700,9700,2542,2542,750.0,907.3186998497272,509.36442800002624,9727.862106999964,0.0
1774119866,10,,Aggregated,9.000000,9.000000,750,990,1000,1000,1000,1100,1400,7400,9200,9700,9700,2552,2552,750.0,906.9352904870713,509.36442800002624,9727.862106999964,0.0
1774119867,10,,Aggregated,8.900000,8.900000,750,990,1000,1000,1000,1100,1400,7400,9200,9700,9700,2559,2559,750.0,906.6721830136793,509.36442800002624,9727.862106999964,0.0
1774119868,10,,Aggregated,9.000000,9.000000,750,990,1000,1000,1000,1100,1400,7400,9200,9700,9700,2567,2567,750.0,906.5743263743689,509.36442800002624,9727.862106999964,0.0
1774119869,10,,Aggregated,8.800000,8.800000,750,990,1000,1000,1000,1100,1400,7400,9200,9700,9700,2578,2578,750.0,906.171906243602,509.36442800002624,9727.862106999964,0.0
1774119870,10,,Aggregated,8.800000,8.800000,750,990,1000,1000,1000,1100,1400,7400,9200,9700,9700,2585,2585,750.0,906.0730699647991,509.36442800002624,9727.862106999964,0.0
1774119871,10,,Aggregated,8.800000,8.800000,750,1000,1000,1000,1000,1100,1400,7400,9200,9700,9700,2594,2594,750.0,905.9610895424074,509.36442800002624,9727.862106999964,0.0
1774119872,10,,Aggregated,8.600000,8.600000,750,990,1000,1000,1000,1100,1300,7300,9200,9700,9700,2601,2601,750.0,905.6673700226853,509.36442800002624,9727.862106999964,0.0
1774119873,10,,Aggregated,8.400000,8.400000,750,1000,1000,1000,1000,1100,1300,7300,9200,9700,9700,2609,2609,750.0,905.6737691115387,509.36442800002624,9727.862106999964,0.0
1774119874,10,,Aggregated,8.600000,8.600000,750,1000,1000,1000,1000,1100,1300,7300,9200,9700,9700,2620,2620,750.0,905.2133866885514,509.36442800002624,9727.862106999964,0.0
1774119875,10,,Aggregated,8.500000,8.500000,750,1000,1000,1000,1000,1100,1300,7300,9200,9700,9700,2629,2629,750.0,904.9792980266279,509.36442800002624,9727.862106999964,0.0
1774119876,10,,Aggregated,8.500000,8.500000,750,1000,1000,1000,1000,1100,1300,7300,9200,9700,9700,2638,2638,750.0,904.6716798665675,509.36442800002624,9727.862106999964,0.0
1774119877,10,,Aggregated,8.600000,8.600000,750,1000,1000,1000,1000,1100,1300,7300,9200,9700,9700,2646,2646,750.0,904.162679602421,509.36442800002624,9727.862106999964,0.0
1774119878,10,,Aggregated,8.500000,8.500000,750,990,1000,1000,1000,1100,1300,7300,9200,9700,9700,2656,2656,750.0,903.6037625587371,509.36442800002624,9727.862106999964,0.0
1774119879,10,,Aggregated,8.500000,8.500000,750,1000,1000,1000,1000,1100,1300,7300,9200,9700,9700,2665,2665,750.0,903.3724089707339,509.36442800002624,9727.862106999964,0.0
1774119880,10,,Aggregated,8.800000,8.800000,750,1000,1000,1000,1000,1100,1300,7300,9200,9700,9700,2673,2673,750.0,903.110667248038,509.36442800002624,9727.862106999964,0.0
1774119881,10,,Aggregated,8.700000,8.700000,750,990,1000,1000,1000,1100,1300,7300,9200,9700,9700,2681,2681,750.0,902.6305389630757,509.36442800002624,9727.862106999964,0.0
1774119882,10,,Aggregated,8.800000,8.800000,750,1000,1000,1000,1000,1100,1300,7300,9200,9700,9700,2691,2691,750.0,902.2839658784859,509.36442800002624,9727.862106999964,0.0
1774119883,10,,Aggregated,9.000000,9.000000,750,1000,1000,1000,1000,1100,1300,7300,9200,9700,9700,2700,2700,750.0,901.9929001174095,509.36442800002624,9727.862106999964,0.0
1774119884,10,,Aggregated,8.700000,8.700000,750,1000,1000,1000,1000,1100,1200,7200,9200,9700,9700,2708,2708,750.0,901.651009549485,509.36442800002624,9727.862106999964,0.0
1774119885,10,,Aggregated,8.600000,8.600000,750,1000,1000,1000,1000,1100,1200,7200,9200,9700,9700,2716,2716,750.0,901.2896358538312,509.36442800002624,9727.862106999964,0.0
1774119886,10,,Aggregated,8.800000,8.800000,750,1000,1000,1000,1000,1100,1200,7200,9200,9700,9700,2726,2726,750.0,901.0793341118875,509.36442800002624,9727.862106999964,0.0
1774119887,10,,Aggregated,8.900000,8.900000,750,1000,1000,1000,1000,1100,1200,7200,9200,9700,9700,2734,2734,750.0,900.7348216569147,509.36442800002624,9727.862106999964,0.0
1774119888,10,,Aggregated,8.900000,8.900000,750,1000,1000,1000,1000,1100,1200,7200,9200,9700,9700,2743,2743,750.0,900.4259288217297,509.36442800002624,9727.862106999964,0.0
1774119889,10,,Aggregated,8.800000,8.800000,750,1000,1000,1000,1000,1100,1200,7200,9200,9700,9700,2752,2752,750.0,900.049830426964,509.36442800002624,9727.862106999964,0.0
1774119890,10,,Aggregated,8.700000,8.700000,750,1000,1000,1000,1000,1100,1200,7200,9200,9700,9700,2761,2761,750.0,899.9358041282163,509.36442800002624,9727.862106999964,0.0
1774119891,10,,Aggregated,8.800000,8.800000,750,1000,1000,1000,1000,1100,1200,7200,9200,9700,9700,2769,2769,750.0,899.6378174326492,509.36442800002624,9727.862106999964,0.0
1774119892,10,,Aggregated,8.500000,8.500000,750,1000,1000,1000,1000,1100,1200,7200,9200,9700,9700,2779,2779,750.0,899.2083391795629,509.36442800002624,9727.862106999964,0.0
1774119893,10,,Aggregated,8.500000,8.500000,750,1000,1000,1000,1000,1100,1200,7200,9200,9700,9700,2787,2787,750.0,899.0584109174756,509.36442800002624,9727.862106999964,0.0
1774119894,10,,Aggregated,8.600000,8.600000,750,1000,1000,1000,1000,1100,1200,7200,9200,9700,9700,2796,2796,750.0,898.6259361115896,509.36442800002624,9727.862106999964,0.0
1774119895,10,,Aggregated,8.800000,8.800000,750,1000,1000,1000,1000,1100,1200,7000,9200,9700,9700,2805,2805,750.0,898.2708179219266,509.36442800002624,9727.862106999964,0.0
1774119896,10,,Aggregated,8.600000,8.600000,750,1000,1000,1000,1000,1100,1200,7000,9200,9700,9700,2813,2813,750.0,897.8704642637769,509.36442800002624,9727.862106999964,0.0
1774119897,10,,Aggregated,8.700000,8.700000,750,990,1000,1000,1000,1100,1200,7000,9200,9700,9700,2824,2824,750.0,897.2619179047464,508.67350799990163,9727.862106999964,0.0
1774119898,10,,Aggregated,8.600000,8.600000,750,1000,1000,1000,1000,1100,1200,7000,9200,9700,9700,2834,2834,750.0,897.1287919004955,508.67350799990163,9727.862106999964,0.0
1774119899,10,,Aggregated,8.800000,8.800000,750,990,1000,1000,1000,1100,1200,7000,9200,9700,9700,2840,2840,750.0,896.7955007735928,508.67350799990163,9727.862106999964,0.0
1774119900,10,,Aggregated,8.700000,8.700000,750,990,1000,1000,1000,1100,1200,7000,9200,9700,9700,2848,2848,750.0,896.6867702141865,508.67350799990163,9727.862106999964,0.0
1774119901,10,,Aggregated,8.700000,8.700000,750,990,1000,1000,1000,1100,1200,7000,9200,9700,9700,2856,2856,750.0,896.6750857454492,508.67350799990163,9727.862106999964,0.0
1774119902,10,,Aggregated,9.000000,9.000000,750,1000,1000,1000,1000,1100,1200,7000,9200,9700,9700,2864,2864,750.0,896.3946875237441,508.67350799990163,9727.862106999964,0.0
1774119903,10,,Aggregated,8.800000,8.800000,750,1000,1000,1000,1000,1100,1200,7000,9200,9700,9700,2873,2873,750.0,896.1426487434746,508.67350799990163,9727.862106999964,0.0
1774119904,10,,Aggregated,8.900000,8.900000,750,1000,1000,1000,1000,1100,1200,7000,9200,9700,9700,2881,2881,750.0,895.8128989816048,508.67350799990163,9727.862106999964,0.0
1774119905,10,,Aggregated,8.900000,8.900000,750,1000,1000,1000,1000,1100,1200,7000,9200,9700,9700,2891,2891,750.0,895.6488288246293,508.67350799990163,9727.862106999964,0.0
1774119906,10,,Aggregated,8.800000,8.800000,750,1000,1000,1000,1000,1100,1200,7000,9200,9700,9700,2900,2900,750.0,895.2014720934494,508.67350799990163,9727.862106999964,0.0
1774119907,10,,Aggregated,8.400000,8.400000,750,1000,1000,1000,1000,1100,1200,6900,9200,9700,9700,2910,2910,750.0,895.0727482298983,508.67350799990163,9727.862106999964,0.0
1774119908,10,,Aggregated,8.500000,8.500000,750,1000,1000,1000,1000,1100,1200,6900,9200,9700,9700,2917,2917,750.0,894.9260179166965,508.67350799990163,9727.862106999964,0.0
1774119909,10,,Aggregated,8.400000,8.400000,750,1000,1000,1000,1000,1100,1200,6900,9200,9700,9700,2927,2927,750.0,894.6164994079276,508.4019850000914,9727.862106999964,0.0
1774119910,10,,Aggregated,8.500000,8.500000,750,1000,1000,1000,1000,1100,1200,6900,9200,9700,9700,2937,2937,750.0,894.2958233333349,508.4019850000914,9727.862106999964,0.0
1774119911,10,,Aggregated,8.500000,8.500000,750,1000,1000,1000,1000,1100,1200,6900,9200,9700,9700,2945,2945,750.0,893.909595842786,508.4019850000914,9727.862106999964,0.0
1774119912,10,,Aggregated,8.400000,8.400000,750,1000,1000,1000,1000,1100,1200,6900,9200,9700,9700,2954,2954,750.0,893.460019371024,508.4019850000914,9727.862106999964,0.0
1774119913,10,,Aggregated,8.600000,8.600000,750,990,1000,1000,1000,1100,1200,6900,9200,9700,9700,2963,2963,750.0,893.1427735065826,508.4019850000914,9727.862106999964,0.0
1774119914,10,,Aggregated,8.600000,8.600000,750,1000,1000,1000,1000,1100,1200,6900,9200,9700,9700,2973,2973,750.0,893.1038698768929,508.4019850000914,9727.862106999964,0.0
1774119915,10,,Aggregated,8.600000,8.600000,750,1000,1000,1000,1000,1100,1200,6900,9200,9700,9700,2980,2980,750.0,892.8883221751687,508.4019850000914,9727.862106999964,0.0
1774119916,10,,Aggregated,8.600000,8.600000,750,990,1000,1000,1000,1100,1200,6900,9200,9700,9700,2987,2987,750.0,892.6661786457993,508.4019850000914,9727.862106999964,0.0
1774119917,10,,Aggregated,9.000000,9.000000,750,990,1000,1000,1000,1100,1200,6900,9200,9700,9700,2995,2995,750.0,892.4343948394003,508.4019850000914,9727.862106999964,0.0
1774119918,10,,Aggregated,9.000000,9.000000,750,990,1000,1000,1000,1100,1200,6100,9200,9700,9700,3006,3006,750.0,892.2513965964752,508.4019850000914,9727.862106999964,0.0
1774119919,10,,Aggregated,8.800000,8.800000,750,990,1000,1000,1000,1100,1200,6100,9200,9700,9700,3013,3013,750.0,892.025852757718,508.4019850000914,9727.862106999964,0.0
1774119920,10,,Aggregated,8.800000,8.800000,750,990,1000,1000,1000,1100,1200,6100,9200,9700,9700,3022,3022,750.0,891.7011633319007,508.4019850000914,9727.862106999964,0.0
1774119921,10,,Aggregated,8.700000,8.700000,750,990,1000,1000,1000,1100,1200,6100,9200,9700,9700,3032,3032,750.0,891.6391514323892,508.4019850000914,9727.862106999964,0.0
1774119922,10,,Aggregated,8.800000,8.800000,750,990,1000,1000,1000,1100,1200,6100,9200,9700,9700,3041,3041,750.0,891.310391735286,508.4019850000914,9727.862106999964,0.0
1774119923,10,,Aggregated,8.700000,8.700000,750,990,1000,1000,1000,1100,1200,6100,9200,9700,9700,3050,3050,750.0,891.0407071141,508.4019850000914,9727.862106999964,0.0
1774119924,10,,Aggregated,8.700000,8.700000,750,990,1000,1000,1000,1100,1200,6100,9200,9700,9700,3060,3060,750.0,890.7512621908514,508.4019850000914,9727.862106999964,0.0
1774119925,10,,Aggregated,8.600000,8.600000,750,990,1000,1000,1000,1100,1200,6100,9200,9700,9700,3068,3068,750.0,890.5340464462208,508.4019850000914,9727.862106999964,0.0
1774119926,10,,Aggregated,8.700000,8.700000,750,990,1000,1000,1000,1100,1200,6100,9200,9700,9700,3075,3075,750.0,890.360063155774,508.4019850000914,9727.862106999964,0.0
1774119927,10,,Aggregated,8.700000,8.700000,750,990,1000,1000,1000,1100,1200,6100,9200,9700,9700,3083,3083,750.0,890.2341622838162,508.4019850000914,9727.862106999964,0.0
1774119928,10,,Aggregated,8.500000,8.500000,750,1000,1000,1000,1000,1100,1200,6100,9200,9700,9700,3092,3092,750.0,890.172886676263,508.4019850000914,9727.862106999964,0.0
1774119929,10,,Aggregated,8.700000,8.700000,750,1000,1000,1000,1000,1100,1200,6100,9200,9700,9700,3100,3100,750.0,890.0381449432276,508.4019850000914,9727.862106999964,0.0
1774119930,10,,Aggregated,8.500000,8.500000,750,1000,1000,1000,1000,1100,1200,6100,9200,9700,9700,3108,3108,750.0,889.9698991785732,508.4019850000914,9727.862106999964,0.0
1774119931,10,,Aggregated,8.700000,8.700000,750,1000,1000,1000,1000,1100,1200,6100,9200,9700,9700,3117,3117,750.0,889.5989543156898,508.4019850000914,9727.862106999964,0.0
1774119932,10,,Aggregated,8.600000,8.600000,750,1000,1000,1000,1000,1100,1200,6100,9200,9700,9700,3126,3126,750.0,889.1712292232904,508.4019850000914,9727.862106999964,0.0
1774119933,10,,Aggregated,8.400000,8.400000,750,1000,1000,1000,1000,1100,1200,6100,9200,9700,9700,3134,3134,750.0,888.9955785918972,508.4019850000914,9727.862106999964,0.0
1774119934,10,,Aggregated,8.400000,8.400000,750,1000,1000,1000,1000,1100,1200,6100,9200,9700,9700,3144,3144,750.0,888.680028758908,508.4019850000914,9727.862106999964,0.0
1774119935,10,,Aggregated,8.500000,8.500000,750,1000,1000,1000,1000,1100,1200,6100,9200,9700,9700,3151,3151,750.0,888.7000501812146,508.4019850000914,9727.862106999964,0.0
1774119936,10,,Aggregated,8.400000,8.400000,750,1000,1000,1000,1000,1100,1200,6100,9200,9700,9700,3160,3160,750.0,888.5535771386096,508.4019850000914,9727.862106999964,0.0
1774119937,10,,Aggregated,8.400000,8.400000,750,1000,1000,1000,1000,1100,1200,6100,9200,9700,9700,3171,3171,750.0,888.1667563916768,508.4019850000914,9727.862106999964,0.0
1774119939,10,,Aggregated,8.300000,8.300000,750,1000,1000,1000,1000,1100,1200,6100,9200,9700,9700,3180,3180,750.0,888.0510515773608,508.4019850000914,9727.862106999964,0.0
1774119940,10,,Aggregated,8.400000,8.400000,750,1000,1000,1000,1000,1100,1200,6100,9200,9700,9700,3188,3188,750.0,887.8640155138042,508.4019850000914,9727.862106999964,0.0
1774119941,10,,Aggregated,8.800000,8.800000,750,1000,1000,1000,1000,1100,1200,6100,9200,9700,9700,3196,3196,750.0,887.6484263573241,508.4019850000914,9727.862106999964,0.0
1774119942,10,,Aggregated,8.700000,8.700000,750,1000,1000,1000,1000,1100,1200,6000,9200,9700,9700,3205,3205,750.0,887.5140568143553,508.4019850000914,9727.862106999964,0.0
1774119943,10,,Aggregated,8.700000,8.700000,750,1000,1000,1000,1000,1100,1200,6000,9200,9700,9700,3213,3213,750.0,886.9796543264886,508.4019850000914,9727.862106999964,0.0
1774119944,10,,Aggregated,8.800000,8.800000,750,1000,1000,1000,1000,1100,1200,6000,9200,9700,9700,3223,3223,750.0,886.8075825212558,508.4019850000914,9727.862106999964,0.0
1774119945,10,,Aggregated,8.800000,8.800000,750,1000,1000,1000,1000,1100,1200,6000,9200,9700,9700,3232,3232,750.0,886.5424439678238,508.4019850000914,9727.862106999964,0.0
1774119946,10,,Aggregated,8.900000,8.900000,750,1000,1000,1000,1000,1100,1200,6000,9200,9700,9700,3241,3241,750.0,886.4667869617423,508.4019850000914,9727.862106999964,0.0
1774119947,10,,Aggregated,8.800000,8.800000,750,1000,1000,1000,1000,1100,1200,6000,9200,9700,9700,3249,3249,750.0,886.3140818347208,508.4019850000914,9727.862106999964,0.0
1774119948,10,,Aggregated,8.800000,8.800000,750,1000,1000,1000,1000,1100,1100,6000,9200,9700,9700,3257,3257,750.0,886.1348336880591,508.4019850000914,9727.862106999964,0.0
1774119949,10,,Aggregated,8.700000,8.700000,750,1000,1000,1000,1000,1100,1100,6000,9200,9700,9700,3265,3265,750.0,885.9915041004617,508.4019850000914,9727.862106999964,0.0
1774119950,10,,Aggregated,8.500000,8.500000,750,1000,1000,1000,1000,1100,1100,6000,9200,9700,9700,3273,3273,750.0,885.9757319147593,508.4019850000914,9727.862106999964,0.0
1774119951,10,,Aggregated,8.300000,8.300000,750,1000,1000,1000,1000,1100,1100,6000,9200,9700,9700,3282,3282,750.0,885.6784350003068,508.4019850000914,9727.862106999964,0.0
1774119952,10,,Aggregated,8.300000,8.300000,750,1000,1000,1000,1000,1100,1100,6000,9200,9700,9700,3291,3291,750.0,885.52155978882,508.4019850000914,9727.862106999964,0.0
1774119953,10,,Aggregated,8.500000,8.500000,750,1000,1000,1000,1000,1100,1100,6000,9200,9700,9700,3298,3298,750.0,885.4101232689528,508.4019850000914,9727.862106999964,0.0
1774119954,10,,Aggregated,8.600000,8.600000,750,1000,1000,1000,1000,1100,1100,5900,9200,9700,9700,3307,3307,750.0,885.1258637958894,508.4019850000914,9727.862106999964,0.0
1774119955,10,,Aggregated,8.400000,8.400000,750,1000,1000,1000,1000,1100,1100,5900,9200,9700,9700,3318,3318,750.0,884.7387695883078,508.4019850000914,9727.862106999964,0.0
1774119956,10,,Aggregated,8.300000,8.300000,750,1000,1000,1000,1000,1100,1100,5900,9200,9700,9700,3327,3327,750.0,884.5266155208913,508.4019850000914,9727.862106999964,0.0
1774119957,10,,Aggregated,8.400000,8.400000,750,1000,1000,1000,1000,1100,1100,5900,9200,9700,9700,3335,3335,750.0,884.2429207319354,508.4019850000914,9727.862106999964,0.0
1774119958,10,,Aggregated,8.400000,8.400000,750,1000,1000,1000,1000,1100,1100,5900,9200,9700,9700,3344,3344,750.0,883.8981009545467,508.4019850000914,9727.862106999964,0.0
1774119959,10,,Aggregated,8.700000,8.700000,750,1000,1000,1000,1000,1100,1100,5900,9200,9700,9700,3353,3353,750.0,883.6721346787964,508.4019850000914,9727.862106999964,0.0
1774119960,10,,Aggregated,8.800000,8.800000,750,1000,1000,1000,1000,1100,1100,5900,9200,9700,9700,3363,3363,750.0,883.4722963529601,508.4019850000914,9727.862106999964,0.0
1774119961,10,,Aggregated,9.000000,9.000000,750,1000,1000,1000,1000,1100,1100,5900,9200,9700,9700,3370,3370,750.0,883.4139928543042,508.4019850000914,9727.862106999964,0.0
1774119962,10,,Aggregated,8.900000,8.900000,750,1000,1000,1000,1000,1100,1100,5900,9200,9700,9700,3378,3378,750.0,883.2477230941399,508.4019850000914,9727.862106999964,0.0
1774119963,10,,Aggregated,8.700000,8.700000,750,1000,1000,1000,1000,1100,1100,5900,9200,9700,9700,3388,3388,750.0,882.8989363010639,508.4019850000914,9727.862106999964,0.0
1774119964,10,,Aggregated,8.600000,8.600000,750,1000,1000,1000,1000,1100,1100,5900,9200,9700,9700,3396,3396,750.0,882.5955587252663,508.4019850000914,9727.862106999964,0.0
1774119965,10,,Aggregated,9.000000,9.000000,750,1000,1000,1000,1000,1100,1100,4600,9200,9700,9700,3403,3403,750.0,882.5967218486643,508.4019850000914,9727.862106999964,0.0
1774119966,10,,Aggregated,8.800000,8.800000,750,1000,1000,1000,1000,1100,1100,4600,9200,9700,9700,3413,3413,750.0,882.4978093926178,508.4019850000914,9727.862106999964,0.0
1774119967,10,,Aggregated,8.500000,8.500000,750,1000,1000,1000,1000,1100,1100,4600,9200,9700,9700,3423,3423,750.0,882.4975216725107,508.4019850000914,9727.862106999964,0.0
1774119968,10,,Aggregated,8.500000,8.500000,750,1000,1000,1000,1000,1100,1100,4600,9200,9700,9700,3431,3431,750.0,882.2576764593429,508.4019850000914,9727.862106999964,0.0
1774119969,10,,Aggregated,8.600000,8.600000,750,1000,1000,1000,1000,1100,1100,4600,9200,9700,9700,3437,3437,750.0,882.015942691884,508.4019850000914,9727.862106999964,0.0
1774119970,10,,Aggregated,8.300000,8.300000,750,1000,1000,1000,1000,1100,1100,4600,9200,9700,9700,3448,3448,750.0,881.794866467809,508.4019850000914,9727.862106999964,0.0
1774119971,10,,Aggregated,8.300000,8.300000,750,1000,1000,1000,1000,1100,1100,4600,9200,9700,9700,3457,3457,750.0,881.7369094851043,508.4019850000914,9727.862106999964,0.0
1774119972,10,,Aggregated,8.500000,8.500000,750,1000,1000,1000,1000,1100,1100,4600,9200,9700,9700,3465,3465,750.0,881.4001041743161,508.4019850000914,9727.862106999964,0.0
1774119973,10,,Aggregated,8.600000,8.600000,750,1000,1000,1000,1000,1100,1100,4600,9200,9700,9700,3473,3473,750.0,881.4521424494689,508.4019850000914,9727.862106999964,0.0
1774119974,10,,Aggregated,8.500000,8.500000,750,1000,1000,1000,1000,1100,1100,4600,9200,9700,9700,3481,3481,750.0,881.364247097387,508.4019850000914,9727.862106999964,0.0
1774119975,10,,Aggregated,8.400000,8.400000,750,1000,1000,1000,1000,1100,1100,4600,9200,9700,9700,3491,3491,750.0,881.3688342497862,508.4019850000914,9727.862106999964,0.0
1774119976,10,,Aggregated,8.600000,8.600000,750,1000,1000,1000,1000,1100,1100,4600,9200,9700,9700,3498,3498,750.0,881.1301929828484,508.4019850000914,9727.862106999964,0.0
1774119977,10,,Aggregated,8.500000,8.500000,750,1000,1000,1000,1000,1100,1100,3800,9200,9700,9700,3507,3507,750.0,880.8346012147143,508.4019850000914,9727.862106999964,0.0
1774119978,10,,Aggregated,8.400000,8.400000,750,1000,1000,1000,1000,1100,1100,3800,9200,9700,9700,3516,3516,750.0,880.8701515500577,508.4019850000914,9727.862106999964,0.0
1774119979,10,,Aggregated,8.500000,8.500000,750,1000,1000,1000,1000,1100,1100,3800,9200,9700,9700,3526,3526,750.0,880.5117706435061,508.4019850000914,9727.862106999964,0.0
1774119980,10,,Aggregated,8.700000,8.700000,750,1000,1000,1000,1000,1100,1100,3800,9200,9700,9700,3533,3533,750.0,880.2883199629216,508.4019850000914,9727.862106999964,0.0
1774119981,10,,Aggregated,8.700000,8.700000,750,1000,1000,1000,1000,1100,1100,3800,9200,9700,9700,3544,3544,750.0,879.8823557528221,508.4019850000914,9727.862106999964,0.0
1774119982,10,,Aggregated,8.600000,8.600000,750,1000,1000,1000,1000,1100,1100,3800,9200,9700,9700,3552,3552,750.0,879.7423348952709,508.4019850000914,9727.862106999964,0.0
1774119983,10,,Aggregated,8.600000,8.600000,750,1000,1000,1000,1000,1100,1100,3800,9200,9700,9700,3560,3560,750.0,879.7338376446639,508.4019850000914,9727.862106999964,0.0
1774119984,10,,Aggregated,8.600000,8.600000,750,1000,1000,1000,1000,1100,1100,3800,9200,9700,9700,3568,3568,750.0,879.4497887819517,508.4019850000914,9727.862106999964,0.0
1774119985,10,,Aggregated,8.600000,8.600000,750,1000,1000,1000,1000,1100,1100,3800,9200,9700,9700,3578,3578,750.0,879.2953403831762,508.4019850000914,9727.862106999964,0.0
1774119986,10,,Aggregated,8.800000,8.800000,750,1000,1000,1000,1000,1100,1100,3800,9200,9700,9700,3588,3588,750.0,879.1597078787637,508.4019850000914,9727.862106999964,0.0
1774119987,10,,Aggregated,9.000000,9.000000,750,1000,1000,1000,1000,1100,1100,3800,9200,9700,9700,3595,3595,750.0,878.8316473429774,508.4019850000914,9727.862106999964,0.0
1774119988,10,,Aggregated,8.800000,8.800000,750,1000,1000,1000,1000,1100,1100,3600,9200,9700,9700,3605,3605,750.0,878.6758260330106,508.4019850000914,9727.862106999964,0.0
1774119989,10,,Aggregated,8.800000,8.800000,750,1000,1000,1000,1000,1100,1100,3600,9200,9700,9700,3612,3612,750.0,878.4415116456265,508.4019850000914,9727.862106999964,0.0
1774119990,10,,Aggregated,8.700000,8.700000,750,1000,1000,1000,1000,1100,1100,3600,9200,9700,9700,3622,3622,750.0,878.2469808810059,508.4019850000914,9727.862106999964,0.0
1774119991,10,,Aggregated,8.900000,8.900000,750,1000,1000,1000,1000,1100,1100,3600,9200,9700,9700,3631,3631,750.0,878.0693441016257,508.4019850000914,9727.862106999964,0.0
1774119992,10,,Aggregated,8.900000,8.900000,750,1000,1000,1000,1000,1100,1100,3600,9200,9700,9700,3640,3640,750.0,877.8300129417589,508.4019850000914,9727.862106999964,0.0
1774119993,10,,Aggregated,8.800000,8.800000,750,1000,1000,1000,1000,1100,1100,3600,9200,9700,9700,3649,3649,750.0,877.6037517415738,508.4019850000914,9727.862106999964,0.0
1774119994,10,,Aggregated,8.800000,8.800000,750,1000,1000,1000,1000,1100,1100,3600,9200,9700,9700,3660,3660,750.0,877.404741150274,508.4019850000914,9727.862106999964,0.0
1774119995,10,,Aggregated,9.100000,9.100000,750,1000,1000,1000,1000,1100,1100,3600,9200,9700,9700,3669,3669,750.0,877.1107433128925,508.4019850000914,9727.862106999964,0.0
1774119996,10,,Aggregated,8.800000,8.800000,750,1000,1000,1000,1000,1100,1100,3600,9200,9700,9700,3676,3676,750.0,876.8491484105012,508.4019850000914,9727.862106999964,0.0
1774119997,10,,Aggregated,8.800000,8.800000,750,1000,1000,1000,1000,1100,1100,3600,9200,9700,9700,3685,3685,750.0,876.7399984029859,508.4019850000914,9727.862106999964,0.0
1774119998,10,,Aggregated,9.100000,9.100000,750,1000,1000,1000,1000,1100,1100,3600,9200,9700,9700,3694,3694,750.0,876.6649683684362,508.4019850000914,9727.862106999964,0.0
1774119999,10,,Aggregated,8.800000,8.800000,750,1000,1000,1000,1000,1100,1100,2900,9200,9700,9700,3702,3702,750.0,876.406396789844,508.4019850000914,9727.862106999964,0.0
1774120000,10,,Aggregated,9.000000,9.000000,750,1000,1000,1000,1000,1100,1100,2900,9200,9700,9700,3710,3710,750.0,876.2287971684644,508.4019850000914,9727.862106999964,0.0
1774120001,10,,Aggregated,8.500000,8.500000,750,1000,1000,1000,1000,1100,1100,2900,9200,9700,9700,3720,3720,750.0,875.9316481618287,508.4019850000914,9727.862106999964,0.0
1774120002,10,,Aggregated,8.600000,8.600000,750,1000,1000,1000,1000,1100,1100,2900,9200,9700,9700,3728,3728,750.0,875.8267268336917,508.4019850000914,9727.862106999964,0.0
1774120003,10,,Aggregated,8.700000,8.700000,750,1000,1000,1000,1000,1100,1100,2900,9200,9700,9700,3738,3738,750.0,875.7412624703057,508.4019850000914,9727.862106999964,0.0
1774120004,10,,Aggregated,8.800000,8.800000,750,1000,1000,1000,1000,1100,1100,2900,9200,9700,9700,3744,3744,750.0,875.5065275061439,508.4019850000914,9727.862106999964,0.0
1774120005,10,,Aggregated,8.500000,8.500000,750,1000,1000,1000,1000,1100,1100,2900,9200,9700,9700,3753,3753,750.0,875.5254081985089,508.4019850000914,9727.862106999964,0.0
1774120006,10,,Aggregated,8.600000,8.600000,750,1000,1000,1000,1000,1100,1100,2900,9200,9700,9700,3762,3762,750.0,875.4341925879862,508.4019850000914,9727.862106999964,0.0
1774120007,10,,Aggregated,8.700000,8.700000,750,1000,1000,1000,1000,1100,1100,2900,9200,9700,9700,3772,3772,750.0,875.3498993921008,508.4019850000914,9727.862106999964,0.0
1774120008,10,,Aggregated,8.400000,8.400000,750,1000,1000,1000,1000,1100,1100,2900,9200,9700,9700,3781,3781,750.0,875.0894405892632,508.4019850000914,9727.862106999964,0.0
1774120009,10,,Aggregated,8.600000,8.600000,750,1000,1000,1000,1000,1100,1100,2900,9200,9700,9700,3790,3790,750.0,874.7567052353576,508.4019850000914,9727.862106999964,0.0
1774120010,10,,Aggregated,8.400000,8.400000,750,1000,1000,1000,1000,1100,1100,2900,9200,9700,9700,3798,3798,750.0,874.4650672003698,508.4019850000914,9727.862106999964,0.0
1774120011,10,,Aggregated,8.800000,8.800000,750,1000,1000,1000,1000,1100,1100,2900,9200,9700,9700,3807,3807,750.0,874.2722806038887,508.4019850000914,9727.862106999964,0.0
1774120012,10,,Aggregated,8.900000,8.900000,750,1000,1000,1000,1000,1100,1100,2900,9200,9700,9700,3817,3817,750.0,874.2305422622491,508.4019850000914,9727.862106999964,0.0
1774120013,10,,Aggregated,8.900000,8.900000,750,1000,1000,1000,1000,1100,1100,2900,9200,9700,9700,3824,3824,750.0,874.0816374911101,508.4019850000914,9727.862106999964,0.0
1774120014,10,,Aggregated,8.500000,8.500000,750,1000,1000,1000,1000,1100,1100,2900,9200,9700,9700,3832,3832,750.0,873.9208168314209,508.4019850000914,9727.862106999964,0.0
1774120015,10,,Aggregated,8.600000,8.600000,750,1000,1000,1000,1000,1100,1100,2900,9200,9700,9700,3841,3841,750.0,873.6970237805272,508.4019850000914,9727.862106999964,0.0
1774120016,10,,Aggregated,8.700000,8.700000,750,1000,1000,1000,1000,1100,1100,2900,9200,9700,9700,3849,3849,750.0,873.7441628295675,508.4019850000914,9727.862106999964,0.0
1774120017,10,,Aggregated,8.700000,8.700000,750,1000,1000,1000,1000,1100,1100,2900,9200,9700,9700,3858,3858,750.0,873.4712566143091,508.4019850000914,9727.862106999964,0.0
1774120018,10,,Aggregated,8.800000,8.800000,750,1000,1000,1000,1000,1100,1100,2900,9200,9700,9700,3868,3868,750.0,873.2861373167023,508.4019850000914,9727.862106999964,0.0
1774120019,10,,Aggregated,8.800000,8.800000,750,1000,1000,1000,1000,1100,1100,2900,9200,9700,9700,3877,3877,750.0,872.9457381351571,508.4019850000914,9727.862106999964,0.0
1774120020,10,,Aggregated,8.700000,8.700000,750,1000,1000,1000,1000,1100,1100,2900,9200,9700,9700,3886,3886,750.0,872.7675896739587,508.4019850000914,9727.862106999964,0.0
1774120021,10,,Aggregated,8.500000,8.500000,750,1000,1000,1000,1000,1100,1100,2900,9200,9700,9700,3891,3891,750.0,872.733789545105,508.4019850000914,9727.862106999964,0.0
1774120022,10,,Aggregated,8.400000,8.400000,750,1000,1000,1000,1000,1100,1100,2800,9200,9700,9700,3902,3902,750.0,872.69951634649,508.4019850000914,9727.862106999964,0.0
1774120023,10,,Aggregated,8.400000,8.400000,750,1000,1000,1000,1000,1100,1100,2800,9200,9700,9700,3911,3911,750.0,872.661857934033,508.4019850000914,9727.862106999964,0.0
1774120024,10,,Aggregated,8.600000,8.600000,750,1000,1000,1000,1000,1100,1100,2800,9200,9700,9700,3919,3919,750.0,872.4789168596591,508.4019850000914,9727.862106999964,0.0
1774120025,10,,Aggregated,8.500000,8.500000,750,1000,1000,1000,1000,1100,1100,2800,9200,9700,9700,3928,3928,750.0,872.2215679768341,508.4019850000914,9727.862106999964,0.0
1774120026,10,,Aggregated,8.400000,8.400000,750,1000,1000,1000,1000,1100,1100,2800,9200,9700,9700,3936,3936,750.0,872.2088439019319,508.4019850000914,9727.862106999964,0.0
1774120027,10,,Aggregated,8.400000,8.400000,750,1000,1000,1000,1000,1100,1100,2800,9200,9700,9700,3945,3945,750.0,871.9108079632456,508.4019850000914,9727.862106999964,0.0
1774120028,10,,Aggregated,8.500000,8.500000,750,1000,1000,1000,1000,1100,1100,2800,9200,9700,9700,3954,3954,750.0,871.6100355543763,508.4019850000914,9727.862106999964,0.0
1774120029,10,,Aggregated,8.500000,8.500000,750,1000,1000,1000,1000,1100,1100,2800,9200,9700,9700,3963,3963,750.0,871.4126216240231,508.4019850000914,9727.862106999964,0.0
1774120030,10,,Aggregated,8.700000,8.700000,750,1000,1000,1000,1000,1100,1100,2800,9200,9700,9700,3972,3972,750.0,871.2481664063454,508.4019850000914,9727.862106999964,0.0
1774120031,10,,Aggregated,8.700000,8.700000,750,1000,1000,1000,1000,1100,1100,2800,9200,9700,9700,3981,3981,750.0,871.1289413365996,508.4019850000914,9727.862106999964,0.0
1774120032,10,,Aggregated,8.600000,8.600000,750,1000,1000,1000,1000,1100,1100,2800,9200,9700,9700,3988,3988,750.0,871.0653524180046,508.4019850000914,9727.862106999964,0.0
1774120033,10,,Aggregated,8.700000,8.700000,750,1000,1000,1000,1000,1100,1100,2800,9200,9700,9700,3997,3997,750.0,870.838342988492,508.4019850000914,9727.862106999964,0.0
1774120034,10,,Aggregated,8.800000,8.800000,750,1000,1000,1000,1000,1100,1100,2100,9000,9700,9700,4006,4006,750.0,870.8228882353975,508.4019850000914,9727.862106999964,0.0
1774120035,10,,Aggregated,8.900000,8.900000,750,1000,1000,1000,1000,1100,1100,2100,9000,9700,9700,4015,4015,750.0,870.8588030953928,508.4019850000914,9727.862106999964,0.0
1774120036,10,,Aggregated,8.700000,8.700000,750,1000,1000,1000,1000,1100,1100,2100,9000,9700,9700,4025,4025,750.0,870.7129602004973,508.4019850000914,9727.862106999964,0.0
1774120037,10,,Aggregated,8.600000,8.600000,750,1000,1000,1000,1000,1100,1100,2100,9000,9700,9700,4030,4030,750.0,870.5493295602981,508.4019850000914,9727.862106999964,0.0
1774120038,10,,Aggregated,8.600000,8.600000,750,1000,1000,1000,1000,1100,1100,2100,9000,9700,9700,4040,4040,750.0,870.3623653289607,508.4019850000914,9727.862106999964,0.0
1774120039,10,,Aggregated,8.700000,8.700000,750,1000,1000,1000,1000,1100,1100,2100,9000,9700,9700,4049,4049,750.0,870.0842744576441,508.4019850000914,9727.862106999964,0.0
1774120040,10,,Aggregated,8.800000,8.800000,750,1000,1000,1000,1000,1100,1100,2100,9000,9700,9700,4060,4060,750.0,869.8235847362071,508.4019850000914,9727.862106999964,0.0
1774120041,10,,Aggregated,8.700000,8.700000,750,1000,1000,1000,1000,1100,1100,2100,9000,9700,9700,4068,4068,750.0,869.5796348384958,508.4019850000914,9727.862106999964,0.0
1774120042,10,,Aggregated,8.800000,8.800000,750,1000,1000,1000,1000,1100,1100,2100,9000,9700,9700,4078,4078,750.0,869.4385950505152,508.4019850000914,9727.862106999964,0.0
1774120043,10,,Aggregated,8.600000,8.600000,750,1000,1000,1000,1000,1100,1100,2100,9000,9700,9700,4085,4085,750.0,869.2817657706244,508.4019850000914,9727.862106999964,0.0
1774120044,10,,Aggregated,8.600000,8.600000,750,1000,1000,1000,1000,1100,1100,2100,9000,9700,9700,4094,4094,750.0,869.1293282449925,508.4019850000914,9727.862106999964,0.0
1774120045,10,,Aggregated,8.700000,8.700000,750,1000,1000,1000,1000,1100,1100,2000,9000,9700,9700,4103,4103,750.0,868.9548742164269,508.4019850000914,9727.862106999964,0.0
1774120046,10,,Aggregated,8.700000,8.700000,750,1000,1000,1000,1000,1100,1100,2000,9000,9700,9700,4114,4114,750.0,868.9705822873116,508.4019850000914,9727.862106999964,0.0
1774120047,10,,Aggregated,8.800000,8.800000,750,1000,1000,1000,1000,1100,1100,2000,9000,9700,9700,4117,4117,750.0,868.9320179317464,508.4019850000914,9727.862106999964,0.0
1774120048,10,,Aggregated,8.800000,8.800000,750,1000,1000,1000,1000,1100,1100,2000,9000,9700,9700,4127,4127,750.0,868.7770135306517,508.4019850000914,9727.862106999964,0.0
1774120049,10,,Aggregated,8.800000,8.800000,750,1000,1000,1000,1000,1100,1100,2000,9000,9700,9700,4137,4137,750.0,868.5289309707517,508.4019850000914,9727.862106999964,0.0
1774120050,10,,Aggregated,8.500000,8.500000,750,1000,1000,1000,1000,1100,1100,2000,9000,9700,9700,4146,4146,750.0,868.211449934636,508.4019850000914,9727.862106999964,0.0
1774120051,10,,Aggregated,8.700000,8.700000,750,1000,1000,1000,1000,1100,1100,2000,9000,9700,9700,4156,4156,750.0,868.0597896397982,508.4019850000914,9727.862106999964,0.0
1774120052,10,,Aggregated,8.800000,8.800000,750,1000,1000,1000,1000,1100,1100,2000,9000,9700,9700,4166,4166,750.0,867.8756405297652,508.4019850000914,9727.862106999964,0.0
1774120053,10,,Aggregated,8.700000,8.700000,750,990,1000,1000,1000,1100,1100,2000,9000,9700,9700,4173,4173,750.0,867.8407027083639,508.4019850000914,9727.862106999964,0.0
1774120054,10,,Aggregated,8.800000,8.800000,750,990,1000,1000,1000,1100,1100,2000,9000,9700,9700,4181,4181,750.0,867.5972003257599,508.4019850000914,9727.862106999964,0.0
1774120055,10,,Aggregated,8.600000,8.600000,750,990,1000,1000,1000,1100,1100,2000,9000,9700,9700,4190,4190,750.0,867.4475120601437,508.4019850000914,9727.862106999964,0.0
1774120056,10,,Aggregated,8.900000,8.900000,750,990,1000,1000,1000,1100,1100,2000,9000,9700,9700,4199,4199,750.0,867.4466583874739,508.4019850000914,9727.862106999964,0.0
1774120057,10,,Aggregated,8.700000,8.700000,750,1000,1000,1000,1000,1100,1100,1800,9000,9700,9700,4209,4209,750.0,867.4549581107159,508.4019850000914,9727.862106999964,0.0
1774120058,10,,Aggregated,8.700000,8.700000,750,990,1000,1000,1000,1100,1100,1800,9000,9700,9700,4216,4216,750.0,867.1734060842037,508.4019850000914,9727.862106999964,0.0
1774120059,10,,Aggregated,8.500000,8.500000,750,990,1000,1000,1000,1100,1100,1800,9000,9700,9700,4226,4226,750.0,867.0509163629918,508.4019850000914,9727.862106999964,0.0
1774120060,10,,Aggregated,8.800000,8.800000,750,990,1000,1000,1000,1100,1100,1800,9000,9700,9700,4236,4236,750.0,866.9055036399913,508.39103599992086,9727.862106999964,0.0
1774120061,10,,Aggregated,8.700000,8.700000,750,990,1000,1000,1000,1100,1100,1800,9000,9700,9700,4242,4242,750.0,866.7459591933058,508.39103599992086,9727.862106999964,0.0
1774120062,10,,Aggregated,8.500000,8.500000,750,990,1000,1000,1000,1100,1100,1800,9000,9700,9700,4251,4251,750.0,866.6992144462487,508.39103599992086,9727.862106999964,0.0
1774120063,10,,Aggregated,8.900000,8.900000,750,990,1000,1000,1000,1100,1100,1800,9000,9700,9700,4262,4262,750.0,866.5139885136095,508.39103599992086,9727.862106999964,0.0
1774120064,10,,Aggregated,8.600000,8.600000,750,990,1000,1000,1000,1100,1100,1800,9000,9700,9700,4270,4270,750.0,866.3032050283382,508.39103599992086,9727.862106999964,0.0
1774120065,10,,Aggregated,8.700000,8.700000,750,990,1000,1000,1000,1100,1100,1800,9000,9700,9700,4277,4277,750.0,866.0961148148243,508.39103599992086,9727.862106999964,0.0
1774120066,10,,Aggregated,8.700000,8.700000,750,990,1000,1000,1000,1100,1100,1800,9000,9700,9700,4287,4287,750.0,866.033190465128,508.39103599992086,9727.862106999964,0.0
1774120067,10,,Aggregated,8.900000,8.900000,750,990,1000,1000,1000,1100,1100,1800,9000,9700,9700,4298,4298,750.0,865.9666672084697,508.39103599992086,9727.862106999964,0.0
1774120068,10,,Aggregated,8.600000,8.600000,750,990,1000,1000,1000,1100,1100,1700,9000,9700,9700,4306,4306,750.0,865.8663531470048,508.39103599992086,9727.862106999964,0.0
1774120069,10,,Aggregated,8.700000,8.700000,750,990,1000,1000,1000,1100,1100,1700,9000,9700,9700,4313,4313,750.0,865.6973863004874,508.39103599992086,9727.862106999964,0.0
1774120070,10,,Aggregated,8.800000,8.800000,750,990,1000,1000,1000,1100,1100,1700,9000,9700,9700,4324,4324,750.0,865.494968872341,508.39103599992086,9727.862106999964,0.0
1774120071,10,,Aggregated,8.800000,8.800000,750,990,1000,1000,1000,1100,1100,1700,9000,9700,9700,4333,4333,750.0,865.3619979582284,508.39103599992086,9727.862106999964,0.0
1774120072,10,,Aggregated,8.800000,8.800000,750,990,1000,1000,1000,1100,1100,1700,9000,9700,9700,4343,4343,750.0,865.0351476698141,508.39103599992086,9727.862106999964,0.0
1774120073,10,,Aggregated,8.700000,8.700000,750,990,1000,1000,1000,1100,1100,1700,9000,9700,9700,4352,4352,750.0,864.8926075112598,508.39103599992086,9727.862106999964,0.0
1774120074,10,,Aggregated,8.900000,8.900000,750,990,1000,1000,1000,1100,1100,1700,9000,9700,9700,4357,4357,750.0,864.8330464544417,508.39103599992086,9727.862106999964,0.0
1774120075,10,,Aggregated,9.000000,9.000000,750,990,1000,1000,1000,1100,1100,1700,9000,9700,9700,4367,4367,750.0,865.0007509104656,508.39103599992086,9727.862106999964,0.0
1774120077,10,,Aggregated,8.900000,8.900000,750,990,1000,1000,1000,1100,1100,1700,9000,9700,9700,4376,4376,750.0,864.9278068169568,508.39103599992086,9727.862106999964,0.0
1774120078,10,,Aggregated,8.500000,8.500000,750,990,1000,1000,1000,1100,1100,1700,9000,9700,9700,4385,4385,750.0,864.5921887281648,508.39103599992086,9727.862106999964,0.0
1774120079,10,,Aggregated,8.900000,8.900000,750,990,1000,1000,1000,1100,1100,1700,9000,9700,9700,4393,4393,750.0,864.4882273774193,508.39103599992086,9727.862106999964,0.0
1774120080,10,,Aggregated,8.900000,8.900000,750,990,1000,1000,1000,1100,1100,1500,9000,9700,9700,4403,4403,750.0,864.3755938083133,508.39103599992086,9727.862106999964,0.0
1774120081,10,,Aggregated,8.700000,8.700000,750,990,1000,1000,1000,1100,1100,1500,9000,9700,9700,4411,4411,750.0,864.3848526241221,508.39103599992086,9727.862106999964,0.0
1774120082,10,,Aggregated,8.900000,8.900000,750,990,1000,1000,1000,1100,1100,1500,9000,9700,9700,4420,4420,750.0,864.2465397545253,508.39103599992086,9727.862106999964,0.0
1774120083,10,,Aggregated,8.900000,8.900000,750,990,1000,1000,1000,1100,1100,1500,9000,9700,9700,4429,4429,750.0,863.9793671478893,508.39103599992086,9727.862106999964,0.0
1774120084,10,,Aggregated,8.500000,8.500000,750,990,1000,1000,1000,1100,1100,1500,9000,9700,9700,4438,4438,750.0,863.8163272661112,508.39103599992086,9727.862106999964,0.0
1774120085,10,,Aggregated,8.600000,8.600000,750,990,1000,1000,1000,1100,1100,1500,9000,9700,9700,4447,4447,750.0,863.6959854135376,508.39103599992086,9727.862106999964,0.0
1774120086,10,,Aggregated,8.600000,8.600000,750,990,1000,1000,1000,1100,1100,1500,9000,9700,9700,4454,4454,750.0,863.5709740565786,508.39103599992086,9727.862106999964,0.0
1774120087,10,,Aggregated,8.800000,8.800000,750,990,1000,1000,1000,1100,1100,1500,9000,9700,9700,4464,4464,750.0,863.4329809908158,508.39103599992086,9727.862106999964,0.0
1774120088,10,,Aggregated,8.800000,8.800000,750,990,1000,1000,1000,1100,1100,1500,9000,9700,9700,4473,4473,750.0,863.3948571044049,508.39103599992086,9727.862106999964,0.0
1774120089,10,,Aggregated,8.700000,8.700000,750,990,1000,1000,1000,1100,1100,1500,9000,9700,9700,4479,4479,750.0,863.1681112810901,508.39103599992086,9727.862106999964,0.0
1774120090,10,,Aggregated,8.800000,8.800000,750,990,1000,1000,1000,1100,1100,1500,9000,9700,9700,4490,4490,750.0,862.9883121512255,505.0834500000292,9727.862106999964,0.0
1774120091,10,,Aggregated,8.600000,8.600000,750,990,1000,1000,1000,1100,1100,1500,9000,9700,9700,4500,4500,750.0,862.9335323977783,505.0834500000292,9727.862106999964,0.0
1774120092,10,,Aggregated,8.600000,8.600000,750,990,1000,1000,1000,1100,1100,1500,9000,9700,9700,4507,4507,750.0,863.0575946288001,505.0834500000292,9727.862106999964,0.0
1774120093,10,,Aggregated,8.600000,8.600000,750,990,1000,1000,1000,1100,1100,1500,9000,9700,9700,4515,4515,750.0,862.974246240532,505.0834500000292,9727.862106999964,0.0
1774120094,10,,Aggregated,8.800000,8.800000,750,1000,1000,1000,1000,1100,1100,1500,9000,9700,9700,4523,4523,750.0,863.0285403329657,505.0834500000292,9727.862106999964,0.0
1774120095,10,,Aggregated,8.400000,8.400000,750,990,1000,1000,1000,1100,1100,1500,9000,9700,9700,4531,4531,750.0,862.9092581743552,505.0834500000292,9727.862106999964,0.0
1774120096,10,,Aggregated,8.300000,8.300000,750,990,1000,1000,1000,1100,1100,1500,9000,9700,9700,4540,4540,750.0,862.6626272898685,505.0834500000292,9727.862106999964,0.0
1774120097,10,,Aggregated,8.400000,8.400000,750,1000,1000,1000,1000,1100,1100,1500,9000,9700,9700,4547,4547,750.0,862.6552569010344,505.0834500000292,9727.862106999964,0.0
1774120098,10,,Aggregated,8.400000,8.400000,750,1000,1000,1000,1000,1100,1100,1500,9000,9700,9700,4556,4556,750.0,862.6575353496495,505.0834500000292,9727.862106999964,0.0
1774120099,10,,Aggregated,8.300000,8.300000,750,1000,1000,1000,1000,1100,1100,1500,9000,9700,9700,4566,4566,750.0,862.6027509082353,505.0834500000292,9727.862106999964,0.0
1774120100,10,,Aggregated,8.300000,8.300000,750,1000,1000,1000,1000,1100,1100,1500,9000,9700,9700,4575,4575,750.0,862.4028816306017,505.0834500000292,9727.862106999964,0.0
1774120101,10,,Aggregated,8.600000,8.600000,750,1000,1000,1000,1000,1100,1100,1500,9000,9700,9700,4584,4584,750.0,862.2649051743026,505.0834500000292,9727.862106999964,0.0
1774120102,10,,Aggregated,8.500000,8.500000,750,1000,1000,1000,1000,1100,1100,1500,9000,9700,9700,4594,4594,750.0,862.1149780306929,505.0834500000292,9727.862106999964,0.0
1774120103,10,,Aggregated,8.600000,8.600000,750,1000,1000,1000,1000,1100,1100,1500,9000,9700,9700,4602,4602,750.0,861.8991987068672,505.0834500000292,9727.862106999964,0.0
1774120104,10,,Aggregated,8.600000,8.600000,750,990,1000,1000,1000,1100,1100,1500,9000,9700,9700,4609,4609,750.0,861.6863808036456,505.0834500000292,9727.862106999964,0.0
1774120105,10,,Aggregated,8.500000,8.500000,750,990,1000,1000,1000,1100,1100,1500,9000,9700,9700,4619,4619,750.0,861.5679835910377,505.0834500000292,9727.862106999964,0.0
1774120106,10,,Aggregated,8.900000,8.900000,750,990,1000,1000,1000,1100,1100,1500,9000,9700,9700,4630,4630,750.0,861.422106657668,505.0834500000292,9727.862106999964,0.0
1774120107,10,,Aggregated,9.000000,9.000000,750,990,1000,1000,1000,1100,1100,1500,9000,9700,9700,4639,4639,750.0,861.3120165716756,505.0834500000292,9727.862106999964,0.0
1774120108,10,,Aggregated,9.000000,9.000000,750,990,1000,1000,1000,1100,1100,1500,9000,9700,9700,4647,4647,750.0,861.0496242065856,505.0834500000292,9727.862106999964,0.0
1774120109,10,,Aggregated,9.000000,9.000000,750,990,1000,1000,1000,1100,1100,1500,9000,9700,9700,4655,4655,750.0,860.9698828556398,505.0834500000292,9727.862106999964,0.0
1774120110,10,,Aggregated,9.000000,9.000000,750,990,1000,1000,1000,1100,1100,1500,9000,9700,9700,4665,4665,750.0,860.8240118490896,505.0834500000292,9727.862106999964,0.0
1774120111,10,,Aggregated,9.000000,9.000000,750,990,1000,1000,1000,1100,1100,1500,9000,9700,9700,4674,4674,750.0,860.6975068985886,505.0834500000292,9727.862106999964,0.0
1774120112,10,,Aggregated,8.900000,8.900000,750,990,1000,1000,1000,1100,1100,1500,9000,9700,9700,4682,4682,750.0,860.7314650271258,505.0834500000292,9727.862106999964,0.0
1774120113,10,,Aggregated,8.900000,8.900000,750,990,1000,1000,1000,1100,1100,1500,9000,9700,9700,4689,4689,750.0,860.618125162935,505.0834500000292,9727.862106999964,0.0
1774120114,10,,Aggregated,8.800000,8.800000,750,990,1000,1000,1000,1100,1100,1500,9000,9700,9700,4699,4699,750.0,860.6149306286449,505.0834500000292,9727.862106999964,0.0
1774120115,10,,Aggregated,8.800000,8.800000,750,990,1000,1000,1000,1100,1100,1500,9000,9700,9700,4707,4707,750.0,860.6242128136823,505.0834500000292,9727.862106999964,0.0
1774120116,10,,Aggregated,8.800000,8.800000,750,990,1000,1000,1000,1100,1100,1500,9000,9700,9700,4718,4718,750.0,860.4873106390427,505.0834500000292,9727.862106999964,0.0
1774120117,10,,Aggregated,8.800000,8.800000,750,990,1000,1000,1000,1100,1100,1500,9000,9700,9700,4724,4724,750.0,860.3856524491963,505.0834500000292,9727.862106999964,0.0
1774120118,10,,Aggregated,8.500000,8.500000,750,990,1000,1000,1000,1100,1100,1500,9000,9700,9700,4734,4734,750.0,860.3052210572463,505.0834500000292,9727.862106999964,0.0
1774120119,10,,Aggregated,8.700000,8.700000,750,990,1000,1000,1000,1100,1100,1500,9000,9700,9700,4744,4744,750.0,860.0752254732301,505.0834500000292,9727.862106999964,0.0
1774120120,10,,Aggregated,8.600000,8.600000,750,990,1000,1000,1000,1100,1100,1500,9000,9700,9700,4754,4754,750.0,860.0093463651671,505.0834500000292,9727.862106999964,0.0
1774120121,10,,Aggregated,8.600000,8.600000,750,990,1000,1000,1000,1100,1100,1500,9000,9700,9700,4762,4762,750.0,859.8398795378001,505.0834500000292,9727.862106999964,0.0
1774120122,10,,Aggregated,8.200000,8.200000,750,990,1000,1000,1000,1100,1100,1500,9000,9700,9700,4769,4769,750.0,859.7459889442241,505.0834500000292,9727.862106999964,0.0
1774120123,10,,Aggregated,8.300000,8.300000,750,990,1000,1000,1000,1100,1100,1500,9000,9700,9700,4777,4777,750.0,859.7212921482112,505.0834500000292,9727.862106999964,0.0
1774120124,10,,Aggregated,8.500000,8.500000,750,990,1000,1000,1000,1100,1100,1500,9000,9700,9700,4786,4786,750.0,859.6561451849153,505.0834500000292,9727.862106999964,0.0
1774120125,10,,Aggregated,8.500000,8.500000,750,990,1000,1000,1000,1100,1100,1500,9000,9700,9700,4795,4795,750.0,859.4515465393127,505.0834500000292,9727.862106999964,0.0
1774120126,10,,Aggregated,8.500000,8.500000,750,990,1000,1000,1000,1100,1100,1500,9000,9700,9700,4804,4804,750.0,859.4203993378444,505.0834500000292,9727.862106999964,0.0
1774120127,10,,Aggregated,8.500000,8.500000,750,990,1000,1000,1000,1100,1100,1500,9000,9700,9700,4812,4812,750.0,859.3771325637998,505.0834500000292,9727.862106999964,0.0
1774120128,10,,Aggregated,8.700000,8.700000,750,990,1000,1000,1000,1100,1100,1500,9000,9700,9700,4821,4821,750.0,859.278503941092,505.0834500000292,9727.862106999964,0.0
1774120129,10,,Aggregated,8.700000,8.700000,750,990,1000,1000,1000,1100,1100,1500,9000,9700,9700,4830,4830,750.0,858.9909437055911,505.0834500000292,9727.862106999964,0.0
1774120130,10,,Aggregated,8.700000,8.700000,750,990,1000,1000,1000,1100,1100,1500,9000,9700,9700,4841,4841,750.0,858.7462394697386,505.0834500000292,9727.862106999964,0.0
1774120131,10,,Aggregated,8.600000,8.600000,750,990,1000,1000,1000,1100,1100,1500,9000,9700,9700,4850,4850,750.0,858.508967996702,505.0834500000292,9727.862106999964,0.0
1774120132,10,,Aggregated,9.100000,9.100000,750,990,1000,1000,1000,1100,1100,1500,9000,9700,9700,4858,4858,750.0,858.4163551358595,505.0834500000292,9727.862106999964,0.0
1774120133,10,,Aggregated,8.900000,8.900000,750,990,1000,1000,1000,1100,1100,1500,9000,9700,9700,4867,4867,750.0,858.3093920289716,505.0834500000292,9727.862106999964,0.0
1774120134,10,,Aggregated,8.900000,8.900000,750,990,1000,1000,1000,1100,1100,1500,9000,9700,9700,4876,4876,750.0,858.2088247018057,505.0834500000292,9727.862106999964,0.0
1774120135,10,,Aggregated,8.900000,8.900000,750,990,1000,1000,1000,1100,1100,1500,9000,9700,9700,4882,4882,750.0,858.0826251468669,505.0834500000292,9727.862106999964,0.0
1774120136,10,,Aggregated,9.000000,9.000000,750,990,1000,1000,1000,1100,1100,1500,9000,9700,9700,4891,4891,750.0,858.2062697826628,505.0834500000292,9727.862106999964,0.0
1774120137,10,,Aggregated,8.800000,8.800000,750,990,1000,1000,1000,1100,1100,1500,9000,9700,9700,4900,4900,750.0,857.9880475236741,505.0834500000292,9727.862106999964,0.0
1774120138,10,,Aggregated,8.600000,8.600000,750,990,1000,1000,1000,1100,1100,1500,9000,9700,9700,4908,4908,750.0,857.8533385107994,505.0834500000292,9727.862106999964,0.0
1774120139,10,,Aggregated,8.800000,8.800000,750,990,1000,1000,1000,1100,1100,1500,9000,9700,9700,4917,4917,750.0,857.9030532865577,505.0834500000292,9727.862106999964,0.0
1774120140,10,,Aggregated,8.800000,8.800000,750,990,1000,1000,1000,1100,1100,1500,9000,9700,9700,4926,4926,750.0,857.9969351502244,505.0834500000292,9727.862106999964,0.0
1774120141,10,,Aggregated,8.700000,8.700000,750,990,1000,1000,1000,1100,1100,1500,9000,9700,9700,4934,4934,750.0,857.831612029389,505.0834500000292,9727.862106999964,0.0
1774120142,10,,Aggregated,8.500000,8.500000,750,990,1000,1000,1000,1100,1100,1500,9000,9700,9700,4944,4944,750.0,857.7051361747582,505.0834500000292,9727.862106999964,0.0
1774120143,10,,Aggregated,8.500000,8.500000,750,990,1000,1000,1000,1100,1100,1500,9000,9700,9700,4952,4952,750.0,857.5319870446292,505.0834500000292,9727.862106999964,0.0
