Method,Name,Error,Occurrences
FANOUT,K100,Exception('timeout_or_slo_miss: completed=100/100 errors=0 elapsed_ms=1105.8'),1
FANOUT,K100,Exception('timeout_or_slo_miss: completed=100/100 errors=0 elapsed_ms=1035.5'),1
FANOUT,K100,Exception('timeout_or_slo_miss: completed=100/100 errors=0 elapsed_ms=1004.1'),1
FANOUT,K100,Exception('timeout_or_slo_miss: completed=100/100 errors=0 elapsed_ms=1054.3'),2
FANOUT,K100,Exception('timeout_or_slo_miss: completed=100/100 errors=0 elapsed_ms=1086.2'),1
FANOUT,K100,Exception('timeout_or_slo_miss: completed=100/100 errors=0 elapsed_ms=1018.3'),2
FANOUT,K100,Exception('timeout_or_slo_miss: completed=100/100 errors=0 elapsed_ms=1135.6'),1
FANOUT,K100,Exception('timeout_or_slo_miss: completed=100/100 errors=0 elapsed_ms=1039.4'),1
FANOUT,K100,Exception('timeout_or_slo_miss: completed=100/100 errors=0 elapsed_ms=1140.8'),1
FANOUT,K100,Exception('timeout_or_slo_miss: completed=100/100 errors=0 elapsed_ms=1148.8'),1
FANOUT,K100,Exception('timeout_or_slo_miss: completed=100/100 errors=0 elapsed_ms=1074.9'),1
FANOUT,K100,Exception('timeout_or_slo_miss: completed=100/100 errors=0 elapsed_ms=1058.3'),2
FANOUT,K100,Exception('timeout_or_slo_miss: completed=100/100 errors=0 elapsed_ms=1031.5'),1
FANOUT,K100,Exception('timeout_or_slo_miss: completed=100/100 errors=0 elapsed_ms=1013.2'),2
FANOUT,K100,Exception('timeout_or_slo_miss: completed=100/100 errors=0 elapsed_ms=1004.7'),2
FANOUT,K100,Exception('timeout_or_slo_miss: completed=100/100 errors=0 elapsed_ms=1072.5'),1
FANOUT,K100,Exception('timeout_or_slo_miss: completed=100/100 errors=0 elapsed_ms=1025.0'),2
FANOUT,K100,Exception('timeout_or_slo_miss: completed=100/100 errors=0 elapsed_ms=1087.9'),1
FANOUT,K100,Exception('timeout_or_slo_miss: completed=100/100 errors=0 elapsed_ms=1124.3'),1
FANOUT,K100,Exception('timeout_or_slo_miss: completed=100/100 errors=0 elapsed_ms=1089.9'),1
FANOUT,K100,Exception('timeout_or_slo_miss: completed=100/100 errors=0 elapsed_ms=1099.0'),1
FANOUT,K100,Exception('timeout_or_slo_miss: completed=100/100 errors=0 elapsed_ms=1008.7'),1
FANOUT,K100,Exception('timeout_or_slo_miss: completed=100/100 errors=0 elapsed_ms=1552.4'),1
FANOUT,K100,Exception('timeout_or_slo_miss: completed=89/100 errors=0 elapsed_ms=1852.2'),1
FANOUT,K100,Exception('timeout_or_slo_miss: completed=85/100 errors=0 elapsed_ms=1941.4'),1
FANOUT,K100,Exception('timeout_or_slo_miss: completed=100/100 errors=0 elapsed_ms=1049.5'),4
FANOUT,K100,Exception('timeout_or_slo_miss: completed=100/100 errors=0 elapsed_ms=1108.7'),1
FANOUT,K100,Exception('timeout_or_slo_miss: completed=100/100 errors=0 elapsed_ms=1077.8'),1
FANOUT,K100,Exception('timeout_or_slo_miss: completed=100/100 errors=0 elapsed_ms=1075.5'),1
FANOUT,K100,Exception('timeout_or_slo_miss: completed=100/100 errors=0 elapsed_ms=1003.3'),2
FANOUT,K100,Exception('timeout_or_slo_miss: completed=91/100 errors=0 elapsed_ms=1560.5'),1
FANOUT,K100,Exception('timeout_or_slo_miss: completed=100/100 errors=0 elapsed_ms=1068.0'),1
FANOUT,K100,Exception('timeout_or_slo_miss: completed=100/100 errors=0 elapsed_ms=1040.9'),1
FANOUT,K100,Exception('timeout_or_slo_miss: completed=100/100 errors=0 elapsed_ms=1113.3'),2
FANOUT,K100,Exception('timeout_or_slo_miss: completed=100/100 errors=0 elapsed_ms=1097.3'),1
FANOUT,K100,Exception('timeout_or_slo_miss: completed=100/100 errors=0 elapsed_ms=1020.5'),1
FANOUT,K100,Exception('timeout_or_slo_miss: completed=100/100 errors=0 elapsed_ms=1494.7'),1
FANOUT,K100,Exception('timeout_or_slo_miss: completed=100/100 errors=0 elapsed_ms=1092.0'),1
FANOUT,K100,Exception('timeout_or_slo_miss: completed=100/100 errors=0 elapsed_ms=1266.9'),2
FANOUT,K100,Exception('timeout_or_slo_miss: completed=100/100 errors=0 elapsed_ms=1294.3'),1
FANOUT,K100,Exception('timeout_or_slo_miss: completed=100/100 errors=0 elapsed_ms=1089.3'),2
FANOUT,K100,Exception('timeout_or_slo_miss: completed=100/100 errors=0 elapsed_ms=1474.5'),1
FANOUT,K100,Exception('timeout_or_slo_miss: completed=88/100 errors=0 elapsed_ms=1660.4'),1
FANOUT,K100,Exception('timeout_or_slo_miss: completed=100/100 errors=0 elapsed_ms=1102.9'),2
FANOUT,K100,Exception('timeout_or_slo_miss: completed=100/100 errors=0 elapsed_ms=1155.3'),1
FANOUT,K100,Exception('timeout_or_slo_miss: completed=93/100 errors=0 elapsed_ms=1737.9'),1
FANOUT,K100,Exception('timeout_or_slo_miss: completed=92/100 errors=0 elapsed_ms=1630.2'),1
FANOUT,K100,Exception('timeout_or_slo_miss: completed=100/100 errors=0 elapsed_ms=1429.4'),1
FANOUT,K100,Exception('timeout_or_slo_miss: completed=100/100 errors=0 elapsed_ms=1073.3'),2
FANOUT,K100,Exception('timeout_or_slo_miss: completed=100/100 errors=0 elapsed_ms=1047.6'),2
FANOUT,K100,Exception('timeout_or_slo_miss: completed=100/100 errors=0 elapsed_ms=1014.1'),1
FANOUT,K100,Exception('timeout_or_slo_miss: completed=100/100 errors=0 elapsed_ms=1020.2'),2
FANOUT,K100,Exception('timeout_or_slo_miss: completed=100/100 errors=0 elapsed_ms=1062.9'),1
FANOUT,K100,Exception('timeout_or_slo_miss: completed=100/100 errors=0 elapsed_ms=1020.8'),1
FANOUT,K100,Exception('timeout_or_slo_miss: completed=84/100 errors=0 elapsed_ms=1823.3'),1
FANOUT,K100,Exception('timeout_or_slo_miss: completed=100/100 errors=0 elapsed_ms=1251.6'),1
FANOUT,K100,Exception('timeout_or_slo_miss: completed=100/100 errors=0 elapsed_ms=1099.9'),1
FANOUT,K100,Exception('timeout_or_slo_miss: completed=100/100 errors=0 elapsed_ms=1081.6'),3
FANOUT,K100,Exception('timeout_or_slo_miss: completed=100/100 errors=0 elapsed_ms=1036.2'),2
FANOUT,K100,Exception('timeout_or_slo_miss: completed=100/100 errors=0 elapsed_ms=1057.0'),3
FANOUT,K100,Exception('timeout_or_slo_miss: completed=100/100 errors=0 elapsed_ms=1221.9'),1
FANOUT,K100,Exception('timeout_or_slo_miss: completed=100/100 errors=0 elapsed_ms=1246.9'),1
FANOUT,K100,Exception('timeout_or_slo_miss: completed=100/100 errors=0 elapsed_ms=1071.4'),1
FANOUT,K100,Exception('timeout_or_slo_miss: completed=100/100 errors=0 elapsed_ms=1156.7'),1
FANOUT,K100,Exception('timeout_or_slo_miss: completed=100/100 errors=0 elapsed_ms=1192.0'),1
FANOUT,K100,Exception('timeout_or_slo_miss: completed=100/100 errors=0 elapsed_ms=1008.1'),2
FANOUT,K100,Exception('timeout_or_slo_miss: completed=100/100 errors=0 elapsed_ms=1221.5'),1
FANOUT,K100,Exception('timeout_or_slo_miss: completed=100/100 errors=0 elapsed_ms=1045.5'),2
FANOUT,K100,Exception('timeout_or_slo_miss: completed=100/100 errors=0 elapsed_ms=1009.1'),1
FANOUT,K100,Exception('timeout_or_slo_miss: completed=100/100 errors=0 elapsed_ms=1043.9'),2
FANOUT,K100,Exception('timeout_or_slo_miss: completed=86/100 errors=0 elapsed_ms=1703.7'),1
FANOUT,K100,Exception('timeout_or_slo_miss: completed=100/100 errors=0 elapsed_ms=1059.2'),3
FANOUT,K100,Exception('timeout_or_slo_miss: completed=100/100 errors=0 elapsed_ms=1645.0'),1
FANOUT,K100,Exception('timeout_or_slo_miss: completed=95/100 errors=0 elapsed_ms=1329.2'),1
FANOUT,K100,Exception('timeout_or_slo_miss: completed=100/100 errors=0 elapsed_ms=1071.1'),1
FANOUT,K100,Exception('timeout_or_slo_miss: completed=100/100 errors=0 elapsed_ms=1125.6'),3
FANOUT,K100,Exception('timeout_or_slo_miss: completed=88/100 errors=0 elapsed_ms=1725.0'),1
FANOUT,K100,Exception('timeout_or_slo_miss: completed=100/100 errors=0 elapsed_ms=1081.2'),2
FANOUT,K100,Exception('timeout_or_slo_miss: completed=100/100 errors=0 elapsed_ms=1041.9'),1
FANOUT,K100,Exception('timeout_or_slo_miss: completed=100/100 errors=0 elapsed_ms=1058.5'),1
FANOUT,K100,Exception('timeout_or_slo_miss: completed=99/100 errors=0 elapsed_ms=1906.5'),1
FANOUT,K100,Exception('timeout_or_slo_miss: completed=100/100 errors=0 elapsed_ms=1136.0'),1
FANOUT,K100,Exception('timeout_or_slo_miss: completed=100/100 errors=0 elapsed_ms=1397.1'),1
FANOUT,K100,Exception('timeout_or_slo_miss: completed=100/100 errors=0 elapsed_ms=1055.5'),1
FANOUT,K100,Exception('timeout_or_slo_miss: completed=100/100 errors=0 elapsed_ms=1002.6'),1
FANOUT,K100,Exception('timeout_or_slo_miss: completed=100/100 errors=0 elapsed_ms=1409.7'),1
FANOUT,K100,Exception('timeout_or_slo_miss: completed=100/100 errors=0 elapsed_ms=1044.4'),1
FANOUT,K100,Exception('timeout_or_slo_miss: completed=92/100 errors=0 elapsed_ms=1369.9'),1
FANOUT,K100,Exception('timeout_or_slo_miss: completed=100/100 errors=0 elapsed_ms=1098.7'),2
FANOUT,K100,Exception('timeout_or_slo_miss: completed=100/100 errors=0 elapsed_ms=1075.6'),2
FANOUT,K100,Exception('timeout_or_slo_miss: completed=100/100 errors=0 elapsed_ms=1634.1'),1
FANOUT,K100,Exception('timeout_or_slo_miss: completed=100/100 errors=0 elapsed_ms=1014.9'),1
FANOUT,K100,Exception('timeout_or_slo_miss: completed=100/100 errors=0 elapsed_ms=1163.8'),1
FANOUT,K100,Exception('timeout_or_slo_miss: completed=100/100 errors=0 elapsed_ms=1018.7'),2
FANOUT,K100,Exception('timeout_or_slo_miss: completed=100/100 errors=0 elapsed_ms=1216.5'),1
FANOUT,K100,Exception('timeout_or_slo_miss: completed=100/100 errors=0 elapsed_ms=1109.9'),1
FANOUT,K100,Exception('timeout_or_slo_miss: completed=100/100 errors=0 elapsed_ms=1098.5'),1
FANOUT,K100,Exception('timeout_or_slo_miss: completed=100/100 errors=0 elapsed_ms=1010.8'),2
FANOUT,K100,Exception('timeout_or_slo_miss: completed=100/100 errors=0 elapsed_ms=1094.0'),1
FANOUT,K100,Exception('timeout_or_slo_miss: completed=100/100 errors=0 elapsed_ms=1080.8'),1
FANOUT,K100,Exception('timeout_or_slo_miss: completed=100/100 errors=0 elapsed_ms=1083.3'),2
FANOUT,K100,Exception('timeout_or_slo_miss: completed=100/100 errors=0 elapsed_ms=1070.3'),1
FANOUT,K100,Exception('timeout_or_slo_miss: completed=100/100 errors=0 elapsed_ms=1168.4'),1
FANOUT,K100,Exception('timeout_or_slo_miss: completed=100/100 errors=0 elapsed_ms=1521.3'),1
FANOUT,K100,Exception('timeout_or_slo_miss: completed=100/100 errors=0 elapsed_ms=1082.1'),1
FANOUT,K100,Exception('timeout_or_slo_miss: completed=100/100 errors=0 elapsed_ms=1009.0'),2
FANOUT,K100,Exception('timeout_or_slo_miss: completed=92/100 errors=0 elapsed_ms=1794.2'),1
FANOUT,K100,Exception('timeout_or_slo_miss: completed=100/100 errors=0 elapsed_ms=1007.3'),1
FANOUT,K100,Exception('timeout_or_slo_miss: completed=100/100 errors=0 elapsed_ms=1162.4'),1
FANOUT,K100,Exception('timeout_or_slo_miss: completed=100/100 errors=0 elapsed_ms=1324.5'),1
FANOUT,K100,Exception('timeout_or_slo_miss: completed=100/100 errors=0 elapsed_ms=1134.2'),1
FANOUT,K100,Exception('timeout_or_slo_miss: completed=100/100 errors=0 elapsed_ms=1108.0'),1
FANOUT,K100,Exception('timeout_or_slo_miss: completed=100/100 errors=0 elapsed_ms=1097.1'),2
FANOUT,K100,Exception('timeout_or_slo_miss: completed=100/100 errors=0 elapsed_ms=1513.9'),1
FANOUT,K100,Exception('timeout_or_slo_miss: completed=100/100 errors=0 elapsed_ms=1003.9'),1
FANOUT,K100,Exception('timeout_or_slo_miss: completed=97/100 errors=0 elapsed_ms=1686.6'),1
FANOUT,K100,Exception('timeout_or_slo_miss: completed=86/100 errors=0 elapsed_ms=1979.6'),1
FANOUT,K100,Exception('timeout_or_slo_miss: completed=100/100 errors=0 elapsed_ms=1017.4'),2
FANOUT,K100,Exception('timeout_or_slo_miss: completed=100/100 errors=0 elapsed_ms=1115.6'),1
FANOUT,K100,Exception('timeout_or_slo_miss: completed=100/100 errors=0 elapsed_ms=1096.4'),1
FANOUT,K100,Exception('timeout_or_slo_miss: completed=100/100 errors=0 elapsed_ms=1111.0'),1
FANOUT,K100,Exception('timeout_or_slo_miss: completed=94/100 errors=0 elapsed_ms=1409.1'),1
FANOUT,K100,Exception('timeout_or_slo_miss: completed=100/100 errors=0 elapsed_ms=1071.3'),1
FANOUT,K100,Exception('timeout_or_slo_miss: completed=100/100 errors=0 elapsed_ms=1078.6'),1
FANOUT,K100,Exception('timeout_or_slo_miss: completed=100/100 errors=0 elapsed_ms=1001.6'),1
FANOUT,K100,Exception('timeout_or_slo_miss: completed=100/100 errors=0 elapsed_ms=1094.8'),1
FANOUT,K100,Exception('timeout_or_slo_miss: completed=88/100 errors=0 elapsed_ms=1592.8'),1
FANOUT,K100,Exception('timeout_or_slo_miss: completed=100/100 errors=0 elapsed_ms=1106.2'),1
FANOUT,K100,Exception('timeout_or_slo_miss: completed=89/100 errors=0 elapsed_ms=1537.3'),1
FANOUT,K100,Exception('timeout_or_slo_miss: completed=100/100 errors=0 elapsed_ms=1141.1'),1
FANOUT,K100,Exception('timeout_or_slo_miss: completed=100/100 errors=0 elapsed_ms=1201.0'),1
FANOUT,K100,Exception('timeout_or_slo_miss: completed=100/100 errors=0 elapsed_ms=1001.2'),1
FANOUT,K100,Exception('timeout_or_slo_miss: completed=100/100 errors=0 elapsed_ms=1166.6'),1
FANOUT,K100,Exception('timeout_or_slo_miss: completed=100/100 errors=0 elapsed_ms=1063.2'),1
FANOUT,K100,Exception('timeout_or_slo_miss: completed=100/100 errors=0 elapsed_ms=1076.8'),3
FANOUT,K100,Exception('timeout_or_slo_miss: completed=100/100 errors=0 elapsed_ms=1135.7'),1
FANOUT,K100,Exception('timeout_or_slo_miss: completed=100/100 errors=0 elapsed_ms=1072.9'),1
FANOUT,K100,Exception('timeout_or_slo_miss: completed=100/100 errors=0 elapsed_ms=1113.5'),1
FANOUT,K100,Exception('timeout_or_slo_miss: completed=100/100 errors=0 elapsed_ms=1264.3'),1
FANOUT,K100,Exception('timeout_or_slo_miss: completed=100/100 errors=0 elapsed_ms=1021.9'),2
FANOUT,K100,Exception('timeout_or_slo_miss: completed=100/100 errors=0 elapsed_ms=1387.9'),1
FANOUT,K100,Exception('timeout_or_slo_miss: completed=100/100 errors=0 elapsed_ms=1056.0'),1
FANOUT,K100,Exception('timeout_or_slo_miss: completed=100/100 errors=0 elapsed_ms=1205.0'),1
FANOUT,K100,Exception('timeout_or_slo_miss: completed=100/100 errors=0 elapsed_ms=1082.8'),2
FANOUT,K100,Exception('timeout_or_slo_miss: completed=100/100 errors=0 elapsed_ms=1095.1'),1
FANOUT,K100,Exception('timeout_or_slo_miss: completed=100/100 errors=0 elapsed_ms=1089.7'),2
FANOUT,K100,Exception('timeout_or_slo_miss: completed=100/100 errors=0 elapsed_ms=1132.5'),1
FANOUT,K100,Exception('timeout_or_slo_miss: completed=100/100 errors=0 elapsed_ms=1004.2'),1
FANOUT,K100,Exception('timeout_or_slo_miss: completed=100/100 errors=0 elapsed_ms=1052.0'),1
FANOUT,K100,Exception('timeout_or_slo_miss: completed=100/100 errors=0 elapsed_ms=1100.7'),2
FANOUT,K100,Exception('timeout_or_slo_miss: completed=100/100 errors=0 elapsed_ms=1074.4'),1
FANOUT,K100,Exception('timeout_or_slo_miss: completed=100/100 errors=0 elapsed_ms=1001.0'),3
FANOUT,K100,Exception('timeout_or_slo_miss: completed=100/100 errors=0 elapsed_ms=1084.6'),1
FANOUT,K100,Exception('timeout_or_slo_miss: completed=96/100 errors=0 elapsed_ms=1596.8'),1
FANOUT,K100,Exception('timeout_or_slo_miss: completed=100/100 errors=0 elapsed_ms=1107.2'),1
FANOUT,K100,Exception('timeout_or_slo_miss: completed=100/100 errors=0 elapsed_ms=1085.0'),3
FANOUT,K100,Exception('timeout_or_slo_miss: completed=100/100 errors=0 elapsed_ms=1030.1'),2
FANOUT,K100,Exception('timeout_or_slo_miss: completed=100/100 errors=0 elapsed_ms=1048.2'),2
FANOUT,K100,Exception('timeout_or_slo_miss: completed=100/100 errors=0 elapsed_ms=1148.1'),1
FANOUT,K100,Exception('timeout_or_slo_miss: completed=100/100 errors=0 elapsed_ms=1106.0'),1
FANOUT,K100,Exception('timeout_or_slo_miss: completed=100/100 errors=0 elapsed_ms=1017.9'),1
FANOUT,K100,Exception('timeout_or_slo_miss: completed=100/100 errors=0 elapsed_ms=1021.4'),2
FANOUT,K100,Exception('timeout_or_slo_miss: completed=88/100 errors=0 elapsed_ms=1653.0'),1
FANOUT,K100,Exception('timeout_or_slo_miss: completed=100/100 errors=0 elapsed_ms=1052.3'),3
FANOUT,K100,Exception('timeout_or_slo_miss: completed=86/100 errors=0 elapsed_ms=1684.2'),1
FANOUT,K100,Exception('timeout_or_slo_miss: completed=100/100 errors=0 elapsed_ms=1026.0'),3
FANOUT,K100,Exception('timeout_or_slo_miss: completed=90/100 errors=0 elapsed_ms=1465.5'),1
FANOUT,K100,Exception('timeout_or_slo_miss: completed=100/100 errors=0 elapsed_ms=1123.2'),1
FANOUT,K100,Exception('timeout_or_slo_miss: completed=91/100 errors=0 elapsed_ms=1528.5'),1
FANOUT,K100,Exception('timeout_or_slo_miss: completed=100/100 errors=0 elapsed_ms=1011.0'),1
FANOUT,K100,Exception('timeout_or_slo_miss: completed=100/100 errors=0 elapsed_ms=1171.9'),1
FANOUT,K100,Exception('timeout_or_slo_miss: completed=100/100 errors=0 elapsed_ms=1054.1'),2
FANOUT,K100,Exception('timeout_or_slo_miss: completed=100/100 errors=0 elapsed_ms=1015.7'),1
FANOUT,K100,Exception('timeout_or_slo_miss: completed=100/100 errors=0 elapsed_ms=1246.8'),1
FANOUT,K100,Exception('timeout_or_slo_miss: completed=94/100 errors=0 elapsed_ms=1363.1'),1
FANOUT,K100,Exception('timeout_or_slo_miss: completed=100/100 errors=0 elapsed_ms=1024.1'),2
FANOUT,K100,Exception('timeout_or_slo_miss: completed=100/100 errors=0 elapsed_ms=1197.7'),1
FANOUT,K100,Exception('timeout_or_slo_miss: completed=100/100 errors=0 elapsed_ms=1017.7'),1
FANOUT,K100,Exception('timeout_or_slo_miss: completed=100/100 errors=0 elapsed_ms=1362.4'),1
FANOUT,K100,Exception('timeout_or_slo_miss: completed=93/100 errors=0 elapsed_ms=1866.1'),1
FANOUT,K100,Exception('timeout_or_slo_miss: completed=100/100 errors=0 elapsed_ms=1049.1'),2
FANOUT,K100,Exception('timeout_or_slo_miss: completed=100/100 errors=0 elapsed_ms=1153.4'),1
FANOUT,K100,Exception('timeout_or_slo_miss: completed=100/100 errors=0 elapsed_ms=1059.5'),2
FANOUT,K100,Exception('timeout_or_slo_miss: completed=88/100 errors=0 elapsed_ms=1627.0'),1
FANOUT,K100,Exception('timeout_or_slo_miss: completed=100/100 errors=0 elapsed_ms=1061.4'),1
FANOUT,K100,Exception('timeout_or_slo_miss: completed=100/100 errors=0 elapsed_ms=1175.0'),2
FANOUT,K100,Exception('timeout_or_slo_miss: completed=100/100 errors=0 elapsed_ms=1050.1'),1
FANOUT,K100,Exception('timeout_or_slo_miss: completed=100/100 errors=0 elapsed_ms=1069.8'),1
FANOUT,K100,Exception('timeout_or_slo_miss: completed=100/100 errors=0 elapsed_ms=1051.5'),2
FANOUT,K100,Exception('timeout_or_slo_miss: completed=100/100 errors=0 elapsed_ms=1099.4'),3
FANOUT,K100,Exception('timeout_or_slo_miss: completed=100/100 errors=0 elapsed_ms=1002.5'),2
FANOUT,K100,Exception('timeout_or_slo_miss: completed=100/100 errors=0 elapsed_ms=1095.2'),1
FANOUT,K100,Exception('timeout_or_slo_miss: completed=100/100 errors=0 elapsed_ms=1031.6'),2
FANOUT,K100,Exception('timeout_or_slo_miss: completed=92/100 errors=0 elapsed_ms=1781.6'),1
FANOUT,K100,Exception('timeout_or_slo_miss: completed=100/100 errors=0 elapsed_ms=1197.1'),1
FANOUT,K100,Exception('timeout_or_slo_miss: completed=88/100 errors=0 elapsed_ms=1772.8'),1
FANOUT,K100,Exception('timeout_or_slo_miss: completed=100/100 errors=0 elapsed_ms=1255.3'),1
FANOUT,K100,Exception('timeout_or_slo_miss: completed=100/100 errors=0 elapsed_ms=1152.4'),1
FANOUT,K100,Exception('timeout_or_slo_miss: completed=100/100 errors=0 elapsed_ms=1034.0'),1
FANOUT,K100,Exception('timeout_or_slo_miss: completed=100/100 errors=0 elapsed_ms=1070.9'),1
FANOUT,K100,Exception('timeout_or_slo_miss: completed=100/100 errors=0 elapsed_ms=1048.9'),1
FANOUT,K100,Exception('timeout_or_slo_miss: completed=100/100 errors=0 elapsed_ms=1082.4'),5
FANOUT,K100,Exception('timeout_or_slo_miss: completed=100/100 errors=0 elapsed_ms=1096.6'),1
FANOUT,K100,Exception('timeout_or_slo_miss: completed=100/100 errors=0 elapsed_ms=1146.2'),1
FANOUT,K100,Exception('timeout_or_slo_miss: completed=100/100 errors=0 elapsed_ms=1072.8'),1
FANOUT,K100,Exception('timeout_or_slo_miss: completed=100/100 errors=0 elapsed_ms=1084.2'),1
FANOUT,K100,Exception('timeout_or_slo_miss: completed=100/100 errors=0 elapsed_ms=1124.2'),1
FANOUT,K100,Exception('timeout_or_slo_miss: completed=100/100 errors=0 elapsed_ms=1221.8'),1
FANOUT,K100,Exception('timeout_or_slo_miss: completed=94/100 errors=0 elapsed_ms=1462.7'),1
FANOUT,K100,Exception('timeout_or_slo_miss: completed=100/100 errors=0 elapsed_ms=1039.7'),2
FANOUT,K100,Exception('timeout_or_slo_miss: completed=100/100 errors=0 elapsed_ms=1055.8'),3
FANOUT,K100,Exception('timeout_or_slo_miss: completed=100/100 errors=0 elapsed_ms=1161.9'),2
FANOUT,K100,Exception('timeout_or_slo_miss: completed=93/100 errors=0 elapsed_ms=1371.0'),1
FANOUT,K100,Exception('timeout_or_slo_miss: completed=100/100 errors=0 elapsed_ms=1338.4'),1
FANOUT,K100,Exception('timeout_or_slo_miss: completed=100/100 errors=0 elapsed_ms=1049.7'),1
FANOUT,K100,Exception('timeout_or_slo_miss: completed=100/100 errors=0 elapsed_ms=1122.2'),1
FANOUT,K100,Exception('timeout_or_slo_miss: completed=100/100 errors=0 elapsed_ms=1062.8'),1
FANOUT,K100,Exception('timeout_or_slo_miss: completed=100/100 errors=0 elapsed_ms=1030.6'),1
FANOUT,K100,Exception('timeout_or_slo_miss: completed=100/100 errors=0 elapsed_ms=1134.3'),1
FANOUT,K100,Exception('timeout_or_slo_miss: completed=100/100 errors=0 elapsed_ms=1021.8'),2
FANOUT,K100,Exception('timeout_or_slo_miss: completed=100/100 errors=0 elapsed_ms=1073.1'),4
FANOUT,K100,Exception('timeout_or_slo_miss: completed=100/100 errors=0 elapsed_ms=1128.0'),1
FANOUT,K100,Exception('timeout_or_slo_miss: completed=87/100 errors=0 elapsed_ms=1713.2'),1
FANOUT,K100,Exception('timeout_or_slo_miss: completed=100/100 errors=0 elapsed_ms=1051.8'),2
FANOUT,K100,Exception('timeout_or_slo_miss: completed=100/100 errors=0 elapsed_ms=1025.2'),2
FANOUT,K100,Exception('timeout_or_slo_miss: completed=100/100 errors=0 elapsed_ms=1137.3'),1
FANOUT,K100,Exception('timeout_or_slo_miss: completed=100/100 errors=0 elapsed_ms=1381.0'),1
FANOUT,K100,Exception('timeout_or_slo_miss: completed=100/100 errors=0 elapsed_ms=1032.6'),1
FANOUT,K100,Exception('timeout_or_slo_miss: completed=87/100 errors=0 elapsed_ms=1642.6'),1
FANOUT,K100,Exception('timeout_or_slo_miss: completed=100/100 errors=0 elapsed_ms=1100.1'),1
FANOUT,K100,Exception('timeout_or_slo_miss: completed=100/100 errors=0 elapsed_ms=1195.3'),1
FANOUT,K100,Exception('timeout_or_slo_miss: completed=100/100 errors=0 elapsed_ms=1093.3'),1
FANOUT,K100,Exception('timeout_or_slo_miss: completed=100/100 errors=0 elapsed_ms=1040.2'),1
FANOUT,K100,Exception('timeout_or_slo_miss: completed=100/100 errors=0 elapsed_ms=1064.4'),2
FANOUT,K100,Exception('timeout_or_slo_miss: completed=100/100 errors=0 elapsed_ms=1064.1'),1
FANOUT,K100,Exception('timeout_or_slo_miss: completed=100/100 errors=0 elapsed_ms=1036.4'),1
FANOUT,K100,Exception('timeout_or_slo_miss: completed=100/100 errors=0 elapsed_ms=1000.5'),2
FANOUT,K100,Exception('timeout_or_slo_miss: completed=100/100 errors=0 elapsed_ms=1283.2'),1
FANOUT,K100,Exception('timeout_or_slo_miss: completed=100/100 errors=0 elapsed_ms=1007.6'),1
FANOUT,K100,Exception('timeout_or_slo_miss: completed=100/100 errors=0 elapsed_ms=1028.7'),1
FANOUT,K100,Exception('timeout_or_slo_miss: completed=100/100 errors=0 elapsed_ms=1064.3'),2
FANOUT,K100,Exception('timeout_or_slo_miss: completed=100/100 errors=0 elapsed_ms=1128.1'),1
FANOUT,K100,Exception('timeout_or_slo_miss: completed=100/100 errors=0 elapsed_ms=1110.8'),1
FANOUT,K100,Exception('timeout_or_slo_miss: completed=100/100 errors=0 elapsed_ms=1001.8'),1
FANOUT,K100,Exception('timeout_or_slo_miss: completed=100/100 errors=0 elapsed_ms=1048.1'),2
FANOUT,K100,Exception('timeout_or_slo_miss: completed=100/100 errors=0 elapsed_ms=1003.1'),1
FANOUT,K100,Exception('timeout_or_slo_miss: completed=90/100 errors=0 elapsed_ms=1643.3'),1
FANOUT,K100,Exception('timeout_or_slo_miss: completed=100/100 errors=0 elapsed_ms=1157.3'),1
FANOUT,K100,Exception('timeout_or_slo_miss: completed=100/100 errors=0 elapsed_ms=1084.4'),1
FANOUT,K100,Exception('timeout_or_slo_miss: completed=100/100 errors=0 elapsed_ms=1100.2'),1
FANOUT,K100,Exception('timeout_or_slo_miss: completed=100/100 errors=0 elapsed_ms=1007.9'),1
FANOUT,K100,Exception('timeout_or_slo_miss: completed=100/100 errors=0 elapsed_ms=1143.8'),1
FANOUT,K100,Exception('timeout_or_slo_miss: completed=100/100 errors=0 elapsed_ms=1210.2'),1
FANOUT,K100,Exception('timeout_or_slo_miss: completed=100/100 errors=0 elapsed_ms=1240.7'),1
FANOUT,K100,Exception('timeout_or_slo_miss: completed=100/100 errors=0 elapsed_ms=1061.0'),1
FANOUT,K100,Exception('timeout_or_slo_miss: completed=100/100 errors=0 elapsed_ms=1157.6'),1
FANOUT,K100,Exception('timeout_or_slo_miss: completed=100/100 errors=0 elapsed_ms=1307.9'),1
FANOUT,K100,Exception('timeout_or_slo_miss: completed=100/100 errors=0 elapsed_ms=1013.6'),1
FANOUT,K100,Exception('timeout_or_slo_miss: completed=100/100 errors=0 elapsed_ms=1055.3'),1
FANOUT,K100,Exception('timeout_or_slo_miss: completed=100/100 errors=0 elapsed_ms=1083.9'),2
FANOUT,K100,Exception('timeout_or_slo_miss: completed=100/100 errors=0 elapsed_ms=1120.7'),1
FANOUT,K100,Exception('timeout_or_slo_miss: completed=100/100 errors=0 elapsed_ms=1019.0'),1
FANOUT,K100,Exception('timeout_or_slo_miss: completed=100/100 errors=0 elapsed_ms=1002.9'),3
FANOUT,K100,Exception('timeout_or_slo_miss: completed=92/100 errors=0 elapsed_ms=1831.1'),1
FANOUT,K100,Exception('timeout_or_slo_miss: completed=100/100 errors=0 elapsed_ms=1151.1'),1
FANOUT,K100,Exception('timeout_or_slo_miss: completed=100/100 errors=0 elapsed_ms=1016.8'),1
FANOUT,K100,Exception('timeout_or_slo_miss: completed=100/100 errors=0 elapsed_ms=1007.4'),2
FANOUT,K100,Exception('timeout_or_slo_miss: completed=100/100 errors=0 elapsed_ms=1162.5'),1
FANOUT,K100,Exception('timeout_or_slo_miss: completed=95/100 errors=0 elapsed_ms=1486.2'),1
FANOUT,K100,Exception('timeout_or_slo_miss: completed=100/100 errors=0 elapsed_ms=1059.7'),1
FANOUT,K100,Exception('timeout_or_slo_miss: completed=100/100 errors=0 elapsed_ms=1103.4'),2
FANOUT,K100,Exception('timeout_or_slo_miss: completed=100/100 errors=0 elapsed_ms=1007.2'),2
FANOUT,K100,Exception('timeout_or_slo_miss: completed=100/100 errors=0 elapsed_ms=1018.5'),1
FANOUT,K100,Exception('timeout_or_slo_miss: completed=100/100 errors=0 elapsed_ms=1000.7'),2
FANOUT,K100,Exception('timeout_or_slo_miss: completed=100/100 errors=0 elapsed_ms=1126.8'),1
FANOUT,K100,Exception('timeout_or_slo_miss: completed=100/100 errors=0 elapsed_ms=1121.7'),1
FANOUT,K100,Exception('timeout_or_slo_miss: completed=100/100 errors=0 elapsed_ms=1000.2'),1
FANOUT,K100,Exception('timeout_or_slo_miss: completed=100/100 errors=0 elapsed_ms=1241.1'),1
FANOUT,K100,Exception('timeout_or_slo_miss: completed=100/100 errors=0 elapsed_ms=1127.1'),2
FANOUT,K100,Exception('timeout_or_slo_miss: completed=100/100 errors=0 elapsed_ms=1017.6'),1
FANOUT,K100,Exception('timeout_or_slo_miss: completed=100/100 errors=0 elapsed_ms=1043.1'),1
FANOUT,K100,Exception('timeout_or_slo_miss: completed=100/100 errors=0 elapsed_ms=1097.9'),3
FANOUT,K100,Exception('timeout_or_slo_miss: completed=100/100 errors=0 elapsed_ms=1063.9'),1
FANOUT,K100,Exception('timeout_or_slo_miss: completed=100/100 errors=0 elapsed_ms=1025.8'),1
FANOUT,K100,Exception('timeout_or_slo_miss: completed=100/100 errors=0 elapsed_ms=1141.5'),1
FANOUT,K100,Exception('timeout_or_slo_miss: completed=100/100 errors=0 elapsed_ms=1037.4'),2
FANOUT,K100,Exception('timeout_or_slo_miss: completed=100/100 errors=0 elapsed_ms=1026.2'),3
FANOUT,K100,Exception('timeout_or_slo_miss: completed=92/100 errors=0 elapsed_ms=1582.8'),1
FANOUT,K100,Exception('timeout_or_slo_miss: completed=100/100 errors=0 elapsed_ms=1115.9'),3
FANOUT,K100,Exception('timeout_or_slo_miss: completed=100/100 errors=0 elapsed_ms=1220.1'),1
FANOUT,K100,Exception('timeout_or_slo_miss: completed=100/100 errors=0 elapsed_ms=1114.5'),1
FANOUT,K100,Exception('timeout_or_slo_miss: completed=100/100 errors=0 elapsed_ms=1054.5'),1
FANOUT,K100,Exception('timeout_or_slo_miss: completed=98/100 errors=0 elapsed_ms=1556.2'),1
FANOUT,K100,Exception('timeout_or_slo_miss: completed=100/100 errors=0 elapsed_ms=1032.1'),1
FANOUT,K100,Exception('timeout_or_slo_miss: completed=100/100 errors=0 elapsed_ms=1071.5'),1
FANOUT,K100,Exception('timeout_or_slo_miss: completed=100/100 errors=0 elapsed_ms=1017.3'),3
FANOUT,K100,Exception('timeout_or_slo_miss: completed=100/100 errors=0 elapsed_ms=1146.3'),2
FANOUT,K100,Exception('timeout_or_slo_miss: completed=100/100 errors=0 elapsed_ms=1566.8'),1
FANOUT,K100,Exception('timeout_or_slo_miss: completed=100/100 errors=0 elapsed_ms=1231.6'),1
FANOUT,K100,Exception('timeout_or_slo_miss: completed=100/100 errors=0 elapsed_ms=1255.1'),1
FANOUT,K100,Exception('timeout_or_slo_miss: completed=100/100 errors=0 elapsed_ms=1059.9'),1
FANOUT,K100,Exception('timeout_or_slo_miss: completed=100/100 errors=0 elapsed_ms=1610.1'),1
FANOUT,K100,Exception('timeout_or_slo_miss: completed=93/100 errors=0 elapsed_ms=1381.3'),1
FANOUT,K100,Exception('timeout_or_slo_miss: completed=100/100 errors=0 elapsed_ms=1047.2'),1
FANOUT,K100,Exception('timeout_or_slo_miss: completed=100/100 errors=0 elapsed_ms=1056.1'),1
FANOUT,K100,Exception('timeout_or_slo_miss: completed=90/100 errors=0 elapsed_ms=1516.1'),1
FANOUT,K100,Exception('timeout_or_slo_miss: completed=100/100 errors=0 elapsed_ms=1000.9'),3
FANOUT,K100,Exception('timeout_or_slo_miss: completed=100/100 errors=0 elapsed_ms=1179.0'),1
FANOUT,K100,Exception('timeout_or_slo_miss: completed=100/100 errors=0 elapsed_ms=1024.7'),1
FANOUT,K100,Exception('timeout_or_slo_miss: completed=96/100 errors=0 elapsed_ms=1586.8'),1
FANOUT,K100,Exception('timeout_or_slo_miss: completed=83/100 errors=0 elapsed_ms=1897.8'),1
FANOUT,K100,Exception('timeout_or_slo_miss: completed=100/100 errors=0 elapsed_ms=1080.9'),1
FANOUT,K100,Exception('timeout_or_slo_miss: completed=96/100 errors=0 elapsed_ms=2159.3'),1
FANOUT,K100,Exception('timeout_or_slo_miss: completed=100/100 errors=0 elapsed_ms=1030.2'),3
FANOUT,K100,Exception('timeout_or_slo_miss: completed=100/100 errors=0 elapsed_ms=1086.0'),1
FANOUT,K100,Exception('timeout_or_slo_miss: completed=100/100 errors=0 elapsed_ms=1210.5'),1
FANOUT,K100,Exception('timeout_or_slo_miss: completed=100/100 errors=0 elapsed_ms=1118.2'),1
FANOUT,K100,Exception('timeout_or_slo_miss: completed=100/100 errors=0 elapsed_ms=1021.2'),2
FANOUT,K100,Exception('timeout_or_slo_miss: completed=100/100 errors=0 elapsed_ms=1315.6'),1
FANOUT,K100,Exception('timeout_or_slo_miss: completed=100/100 errors=0 elapsed_ms=1160.3'),2
FANOUT,K100,Exception('timeout_or_slo_miss: completed=100/100 errors=0 elapsed_ms=1114.2'),1
FANOUT,K100,Exception('timeout_or_slo_miss: completed=100/100 errors=0 elapsed_ms=1164.6'),1
FANOUT,K100,Exception('timeout_or_slo_miss: completed=100/100 errors=0 elapsed_ms=1026.7'),1
FANOUT,K100,Exception('timeout_or_slo_miss: completed=100/100 errors=0 elapsed_ms=1057.5'),1
FANOUT,K100,Exception('timeout_or_slo_miss: completed=100/100 errors=0 elapsed_ms=1088.0'),2
FANOUT,K100,Exception('timeout_or_slo_miss: completed=100/100 errors=0 elapsed_ms=1071.2'),2
FANOUT,K100,Exception('timeout_or_slo_miss: completed=100/100 errors=0 elapsed_ms=1169.1'),1
FANOUT,K100,Exception('timeout_or_slo_miss: completed=100/100 errors=0 elapsed_ms=1138.9'),1
FANOUT,K100,Exception('timeout_or_slo_miss: completed=88/100 errors=0 elapsed_ms=1639.0'),1
FANOUT,K100,Exception('timeout_or_slo_miss: completed=100/100 errors=0 elapsed_ms=1178.9'),1
FANOUT,K100,Exception('timeout_or_slo_miss: completed=100/100 errors=0 elapsed_ms=1135.8'),2
FANOUT,K100,Exception('timeout_or_slo_miss: completed=100/100 errors=0 elapsed_ms=1113.4'),1
FANOUT,K100,Exception('timeout_or_slo_miss: completed=100/100 errors=0 elapsed_ms=1101.4'),2
FANOUT,K100,Exception('timeout_or_slo_miss: completed=92/100 errors=0 elapsed_ms=1793.3'),1
FANOUT,K100,Exception('timeout_or_slo_miss: completed=91/100 errors=0 elapsed_ms=1882.4'),1
FANOUT,K100,Exception('timeout_or_slo_miss: completed=100/100 errors=0 elapsed_ms=1097.5'),1
FANOUT,K100,Exception('timeout_or_slo_miss: completed=93/100 errors=0 elapsed_ms=1489.5'),1
FANOUT,K100,Exception('timeout_or_slo_miss: completed=100/100 errors=0 elapsed_ms=1067.1'),2
FANOUT,K100,Exception('timeout_or_slo_miss: completed=100/100 errors=0 elapsed_ms=1028.9'),1
FANOUT,K100,Exception('timeout_or_slo_miss: completed=100/100 errors=0 elapsed_ms=1114.7'),3
FANOUT,K100,Exception('timeout_or_slo_miss: completed=100/100 errors=0 elapsed_ms=1499.2'),1
FANOUT,K100,Exception('timeout_or_slo_miss: completed=100/100 errors=0 elapsed_ms=1049.2'),1
FANOUT,K100,Exception('timeout_or_slo_miss: completed=100/100 errors=0 elapsed_ms=1019.7'),2
FANOUT,K100,Exception('timeout_or_slo_miss: completed=100/100 errors=0 elapsed_ms=1001.5'),2
FANOUT,K100,Exception('timeout_or_slo_miss: completed=86/100 errors=0 elapsed_ms=2132.4'),1
FANOUT,K100,Exception('timeout_or_slo_miss: completed=100/100 errors=0 elapsed_ms=1506.7'),1
FANOUT,K100,Exception('timeout_or_slo_miss: completed=100/100 errors=0 elapsed_ms=1056.5'),3
FANOUT,K100,Exception('timeout_or_slo_miss: completed=100/100 errors=0 elapsed_ms=1077.2'),2
FANOUT,K100,Exception('timeout_or_slo_miss: completed=100/100 errors=0 elapsed_ms=1106.9'),1
FANOUT,K100,Exception('timeout_or_slo_miss: completed=100/100 errors=0 elapsed_ms=1107.5'),1
FANOUT,K100,Exception('timeout_or_slo_miss: completed=100/100 errors=0 elapsed_ms=1312.9'),1
FANOUT,K100,Exception('timeout_or_slo_miss: completed=88/100 errors=0 elapsed_ms=1936.8'),1
FANOUT,K100,Exception('timeout_or_slo_miss: completed=100/100 errors=0 elapsed_ms=1311.1'),1
FANOUT,K100,Exception('timeout_or_slo_miss: completed=100/100 errors=0 elapsed_ms=1016.0'),4
FANOUT,K100,Exception('timeout_or_slo_miss: completed=100/100 errors=0 elapsed_ms=1057.6'),1
FANOUT,K100,Exception('timeout_or_slo_miss: completed=100/100 errors=0 elapsed_ms=1136.8'),1
FANOUT,K100,Exception('timeout_or_slo_miss: completed=100/100 errors=0 elapsed_ms=1491.5'),1
FANOUT,K100,Exception('timeout_or_slo_miss: completed=93/100 errors=0 elapsed_ms=1441.4'),1
FANOUT,K100,Exception('timeout_or_slo_miss: completed=100/100 errors=0 elapsed_ms=1071.7'),3
FANOUT,K100,Exception('timeout_or_slo_miss: completed=100/100 errors=0 elapsed_ms=1093.0'),1
FANOUT,K100,Exception('timeout_or_slo_miss: completed=100/100 errors=0 elapsed_ms=1055.7'),4
FANOUT,K100,Exception('timeout_or_slo_miss: completed=100/100 errors=0 elapsed_ms=1029.1'),1
FANOUT,K100,Exception('timeout_or_slo_miss: completed=100/100 errors=0 elapsed_ms=1091.9'),3
FANOUT,K100,Exception('timeout_or_slo_miss: completed=100/100 errors=0 elapsed_ms=1091.7'),1
FANOUT,K100,Exception('timeout_or_slo_miss: completed=100/100 errors=0 elapsed_ms=1220.4'),1
FANOUT,K100,Exception('timeout_or_slo_miss: completed=100/100 errors=0 elapsed_ms=1088.1'),2
FANOUT,K100,Exception('timeout_or_slo_miss: completed=100/100 errors=0 elapsed_ms=1028.4'),1
FANOUT,K100,Exception('timeout_or_slo_miss: completed=100/100 errors=0 elapsed_ms=1067.4'),1
FANOUT,K100,Exception('timeout_or_slo_miss: completed=100/100 errors=0 elapsed_ms=1312.1'),1
FANOUT,K100,Exception('timeout_or_slo_miss: completed=91/100 errors=0 elapsed_ms=1577.4'),1
FANOUT,K100,Exception('timeout_or_slo_miss: completed=100/100 errors=0 elapsed_ms=1061.3'),1
FANOUT,K100,Exception('timeout_or_slo_miss: completed=100/100 errors=0 elapsed_ms=1104.3'),1
FANOUT,K100,Exception('timeout_or_slo_miss: completed=93/100 errors=0 elapsed_ms=1451.4'),1
FANOUT,K100,Exception('timeout_or_slo_miss: completed=100/100 errors=0 elapsed_ms=1043.0'),1
FANOUT,K100,Exception('timeout_or_slo_miss: completed=100/100 errors=0 elapsed_ms=1065.0'),2
FANOUT,K100,Exception('timeout_or_slo_miss: completed=100/100 errors=0 elapsed_ms=1059.4'),1
FANOUT,K100,Exception('timeout_or_slo_miss: completed=100/100 errors=0 elapsed_ms=1020.7'),3
FANOUT,K100,Exception('timeout_or_slo_miss: completed=100/100 errors=0 elapsed_ms=1102.0'),1
FANOUT,K100,Exception('timeout_or_slo_miss: completed=100/100 errors=0 elapsed_ms=1153.0'),1
FANOUT,K100,Exception('timeout_or_slo_miss: completed=100/100 errors=0 elapsed_ms=1050.6'),1
FANOUT,K100,Exception('timeout_or_slo_miss: completed=100/100 errors=0 elapsed_ms=1088.5'),2
FANOUT,K100,Exception('timeout_or_slo_miss: completed=90/100 errors=0 elapsed_ms=1595.5'),1
FANOUT,K100,Exception('timeout_or_slo_miss: completed=100/100 errors=0 elapsed_ms=1083.6'),1
FANOUT,K100,Exception('timeout_or_slo_miss: completed=100/100 errors=0 elapsed_ms=1114.0'),2
FANOUT,K100,Exception('timeout_or_slo_miss: completed=100/100 errors=0 elapsed_ms=1066.9'),2
FANOUT,K100,Exception('timeout_or_slo_miss: completed=100/100 errors=0 elapsed_ms=1003.7'),4
FANOUT,K100,Exception('timeout_or_slo_miss: completed=100/100 errors=0 elapsed_ms=1114.8'),1
FANOUT,K100,Exception('timeout_or_slo_miss: completed=100/100 errors=0 elapsed_ms=1008.9'),1
FANOUT,K100,Exception('timeout_or_slo_miss: completed=100/100 errors=0 elapsed_ms=1091.4'),1
FANOUT,K100,Exception('timeout_or_slo_miss: completed=100/100 errors=0 elapsed_ms=1232.2'),1
FANOUT,K100,Exception('timeout_or_slo_miss: completed=100/100 errors=0 elapsed_ms=1023.5'),1
FANOUT,K100,Exception('timeout_or_slo_miss: completed=100/100 errors=0 elapsed_ms=1118.5'),1
FANOUT,K100,Exception('timeout_or_slo_miss: completed=100/100 errors=0 elapsed_ms=1071.6'),1
FANOUT,K100,Exception('timeout_or_slo_miss: completed=100/100 errors=0 elapsed_ms=1042.0'),1
FANOUT,K100,Exception('timeout_or_slo_miss: completed=100/100 errors=0 elapsed_ms=1025.3'),2
FANOUT,K100,Exception('timeout_or_slo_miss: completed=100/100 errors=0 elapsed_ms=1250.3'),1
FANOUT,K100,Exception('timeout_or_slo_miss: completed=100/100 errors=0 elapsed_ms=1133.9'),2
FANOUT,K100,Exception('timeout_or_slo_miss: completed=100/100 errors=0 elapsed_ms=1057.2'),2
FANOUT,K100,Exception('timeout_or_slo_miss: completed=100/100 errors=0 elapsed_ms=1070.4'),2
FANOUT,K100,Exception('timeout_or_slo_miss: completed=100/100 errors=0 elapsed_ms=1076.9'),3
FANOUT,K100,Exception('timeout_or_slo_miss: completed=100/100 errors=0 elapsed_ms=1044.0'),2
FANOUT,K100,Exception('timeout_or_slo_miss: completed=100/100 errors=0 elapsed_ms=1170.3'),1
FANOUT,K100,Exception('timeout_or_slo_miss: completed=100/100 errors=0 elapsed_ms=1128.9'),1
FANOUT,K100,Exception('timeout_or_slo_miss: completed=100/100 errors=0 elapsed_ms=1035.8'),1
FANOUT,K100,Exception('timeout_or_slo_miss: completed=100/100 errors=0 elapsed_ms=1096.8'),1
FANOUT,K100,Exception('timeout_or_slo_miss: completed=100/100 errors=0 elapsed_ms=1118.7'),1
FANOUT,K100,Exception('timeout_or_slo_miss: completed=83/100 errors=0 elapsed_ms=2059.0'),1
FANOUT,K100,Exception('timeout_or_slo_miss: completed=100/100 errors=0 elapsed_ms=1254.9'),1
FANOUT,K100,Exception('timeout_or_slo_miss: completed=100/100 errors=0 elapsed_ms=1065.9'),1
FANOUT,K100,Exception('timeout_or_slo_miss: completed=100/100 errors=0 elapsed_ms=1145.9'),2
FANOUT,K100,Exception('timeout_or_slo_miss: completed=100/100 errors=0 elapsed_ms=1000.0'),1
FANOUT,K100,Exception('timeout_or_slo_miss: completed=100/100 errors=0 elapsed_ms=1007.8'),4
FANOUT,K100,Exception('timeout_or_slo_miss: completed=100/100 errors=0 elapsed_ms=1016.9'),2
FANOUT,K100,Exception('timeout_or_slo_miss: completed=100/100 errors=0 elapsed_ms=1037.2'),1
FANOUT,K100,Exception('timeout_or_slo_miss: completed=100/100 errors=0 elapsed_ms=1051.1'),1
FANOUT,K100,Exception('timeout_or_slo_miss: completed=100/100 errors=0 elapsed_ms=1154.0'),1
FANOUT,K100,Exception('timeout_or_slo_miss: completed=100/100 errors=0 elapsed_ms=1128.8'),2
FANOUT,K100,Exception('timeout_or_slo_miss: completed=100/100 errors=0 elapsed_ms=1073.9'),2
FANOUT,K100,Exception('timeout_or_slo_miss: completed=100/100 errors=0 elapsed_ms=1067.3'),1
FANOUT,K100,Exception('timeout_or_slo_miss: completed=88/100 errors=0 elapsed_ms=1500.0'),1
FANOUT,K100,Exception('timeout_or_slo_miss: completed=100/100 errors=0 elapsed_ms=1033.9'),1
FANOUT,K100,Exception('timeout_or_slo_miss: completed=100/100 errors=0 elapsed_ms=1088.8'),3
FANOUT,K100,Exception('timeout_or_slo_miss: completed=100/100 errors=0 elapsed_ms=1008.6'),2
FANOUT,K100,Exception('timeout_or_slo_miss: completed=100/100 errors=0 elapsed_ms=1015.0'),2
FANOUT,K100,Exception('timeout_or_slo_miss: completed=100/100 errors=0 elapsed_ms=1255.9'),1
FANOUT,K100,Exception('timeout_or_slo_miss: completed=100/100 errors=0 elapsed_ms=1089.1'),1
FANOUT,K100,Exception('timeout_or_slo_miss: completed=100/100 errors=0 elapsed_ms=1158.0'),1
FANOUT,K100,Exception('timeout_or_slo_miss: completed=100/100 errors=0 elapsed_ms=1005.3'),1
FANOUT,K100,Exception('timeout_or_slo_miss: completed=100/100 errors=0 elapsed_ms=1023.8'),2
FANOUT,K100,Exception('timeout_or_slo_miss: completed=100/100 errors=0 elapsed_ms=1034.1'),2
FANOUT,K100,Exception('timeout_or_slo_miss: completed=100/100 errors=0 elapsed_ms=1052.5'),2
FANOUT,K100,Exception('timeout_or_slo_miss: completed=100/100 errors=0 elapsed_ms=1240.5'),1
FANOUT,K100,Exception('timeout_or_slo_miss: completed=100/100 errors=0 elapsed_ms=1136.1'),1
FANOUT,K100,Exception('timeout_or_slo_miss: completed=100/100 errors=0 elapsed_ms=1092.6'),1
FANOUT,K100,Exception('timeout_or_slo_miss: completed=100/100 errors=0 elapsed_ms=1032.4'),2
FANOUT,K100,Exception('timeout_or_slo_miss: completed=100/100 errors=0 elapsed_ms=1010.5'),2
FANOUT,K100,Exception('timeout_or_slo_miss: completed=100/100 errors=0 elapsed_ms=1084.1'),1
FANOUT,K100,Exception('timeout_or_slo_miss: completed=100/100 errors=0 elapsed_ms=1173.7'),1
FANOUT,K100,Exception('timeout_or_slo_miss: completed=100/100 errors=0 elapsed_ms=1042.7'),1
FANOUT,K100,Exception('timeout_or_slo_miss: completed=100/100 errors=0 elapsed_ms=1051.4'),1
FANOUT,K100,Exception('timeout_or_slo_miss: completed=100/100 errors=0 elapsed_ms=1063.0'),1
FANOUT,K100,Exception('timeout_or_slo_miss: completed=100/100 errors=0 elapsed_ms=1011.8'),1
FANOUT,K100,Exception('timeout_or_slo_miss: completed=100/100 errors=0 elapsed_ms=1265.0'),1
FANOUT,K100,Exception('timeout_or_slo_miss: completed=100/100 errors=0 elapsed_ms=1166.2'),1
FANOUT,K100,Exception('timeout_or_slo_miss: completed=100/100 errors=0 elapsed_ms=1164.3'),1
FANOUT,K100,Exception('timeout_or_slo_miss: completed=91/100 errors=0 elapsed_ms=1605.8'),1
FANOUT,K100,Exception('timeout_or_slo_miss: completed=85/100 errors=0 elapsed_ms=1936.6'),1
FANOUT,K100,Exception('timeout_or_slo_miss: completed=100/100 errors=0 elapsed_ms=1128.3'),2
FANOUT,K100,Exception('timeout_or_slo_miss: completed=100/100 errors=0 elapsed_ms=1012.0'),1
FANOUT,K100,Exception('timeout_or_slo_miss: completed=90/100 errors=0 elapsed_ms=1598.0'),1
FANOUT,K100,Exception('timeout_or_slo_miss: completed=100/100 errors=0 elapsed_ms=1038.8'),1
FANOUT,K100,Exception('timeout_or_slo_miss: completed=100/100 errors=0 elapsed_ms=1041.0'),1
FANOUT,K100,Exception('timeout_or_slo_miss: completed=100/100 errors=0 elapsed_ms=1203.6'),2
FANOUT,K100,Exception('timeout_or_slo_miss: completed=100/100 errors=0 elapsed_ms=1025.6'),3
FANOUT,K100,Exception('timeout_or_slo_miss: completed=100/100 errors=0 elapsed_ms=1012.7'),1
FANOUT,K100,Exception('timeout_or_slo_miss: completed=100/100 errors=0 elapsed_ms=1120.2'),1
FANOUT,K100,Exception('timeout_or_slo_miss: completed=100/100 errors=0 elapsed_ms=1341.2'),1
FANOUT,K100,Exception('timeout_or_slo_miss: completed=100/100 errors=0 elapsed_ms=1032.5'),1
FANOUT,K100,Exception('timeout_or_slo_miss: completed=100/100 errors=0 elapsed_ms=1090.2'),1
FANOUT,K100,Exception('timeout_or_slo_miss: completed=89/100 errors=0 elapsed_ms=1581.8'),1
FANOUT,K100,Exception('timeout_or_slo_miss: completed=100/100 errors=0 elapsed_ms=1035.0'),2
FANOUT,K100,Exception('timeout_or_slo_miss: completed=100/100 errors=0 elapsed_ms=1071.0'),3
FANOUT,K100,Exception('timeout_or_slo_miss: completed=100/100 errors=0 elapsed_ms=1039.0'),1
FANOUT,K100,Exception('timeout_or_slo_miss: completed=100/100 errors=0 elapsed_ms=1151.2'),1
FANOUT,K100,Exception('timeout_or_slo_miss: completed=100/100 errors=0 elapsed_ms=1077.9'),3
FANOUT,K100,Exception('timeout_or_slo_miss: completed=100/100 errors=0 elapsed_ms=1034.6'),2
FANOUT,K100,Exception('timeout_or_slo_miss: completed=100/100 errors=0 elapsed_ms=1005.5'),1
FANOUT,K100,Exception('timeout_or_slo_miss: completed=100/100 errors=0 elapsed_ms=1034.5'),1
FANOUT,K100,Exception('timeout_or_slo_miss: completed=100/100 errors=0 elapsed_ms=1148.4'),1
FANOUT,K100,Exception('timeout_or_slo_miss: completed=100/100 errors=0 elapsed_ms=1052.6'),3
FANOUT,K100,Exception('timeout_or_slo_miss: completed=100/100 errors=0 elapsed_ms=1150.1'),2
FANOUT,K100,Exception('timeout_or_slo_miss: completed=89/100 errors=0 elapsed_ms=1538.8'),1
FANOUT,K100,Exception('timeout_or_slo_miss: completed=100/100 errors=0 elapsed_ms=1108.6'),1
FANOUT,K100,Exception('timeout_or_slo_miss: completed=100/100 errors=0 elapsed_ms=1079.1'),2
FANOUT,K100,Exception('timeout_or_slo_miss: completed=94/100 errors=0 elapsed_ms=1543.1'),1
FANOUT,K100,Exception('timeout_or_slo_miss: completed=100/100 errors=0 elapsed_ms=1077.5'),1
FANOUT,K100,Exception('timeout_or_slo_miss: completed=100/100 errors=0 elapsed_ms=1001.7'),1
FANOUT,K100,Exception('timeout_or_slo_miss: completed=100/100 errors=0 elapsed_ms=1104.9'),1
FANOUT,K100,Exception('timeout_or_slo_miss: completed=100/100 errors=0 elapsed_ms=1065.6'),2
FANOUT,K100,Exception('timeout_or_slo_miss: completed=100/100 errors=0 elapsed_ms=1123.8'),1
FANOUT,K100,Exception('timeout_or_slo_miss: completed=100/100 errors=0 elapsed_ms=1111.7'),1
FANOUT,K100,Exception('timeout_or_slo_miss: completed=91/100 errors=0 elapsed_ms=1594.0'),1
FANOUT,K100,Exception('timeout_or_slo_miss: completed=100/100 errors=0 elapsed_ms=1009.9'),1
FANOUT,K100,Exception('timeout_or_slo_miss: completed=84/100 errors=0 elapsed_ms=1890.2'),1
FANOUT,K100,Exception('timeout_or_slo_miss: completed=100/100 errors=0 elapsed_ms=1087.6'),1
FANOUT,K100,Exception('timeout_or_slo_miss: completed=100/100 errors=0 elapsed_ms=1013.0'),1
FANOUT,K100,Exception('timeout_or_slo_miss: completed=100/100 errors=0 elapsed_ms=1199.1'),2
FANOUT,K100,Exception('timeout_or_slo_miss: completed=100/100 errors=0 elapsed_ms=1154.1'),1
FANOUT,K100,Exception('timeout_or_slo_miss: completed=100/100 errors=0 elapsed_ms=1039.8'),2
FANOUT,K100,Exception('timeout_or_slo_miss: completed=100/100 errors=0 elapsed_ms=1055.2'),1
FANOUT,K100,Exception('timeout_or_slo_miss: completed=100/100 errors=0 elapsed_ms=1212.5'),1
FANOUT,K100,Exception('timeout_or_slo_miss: completed=100/100 errors=0 elapsed_ms=1125.4'),1
FANOUT,K100,Exception('timeout_or_slo_miss: completed=100/100 errors=0 elapsed_ms=1319.0'),1
FANOUT,K100,Exception('timeout_or_slo_miss: completed=100/100 errors=0 elapsed_ms=1060.0'),1
FANOUT,K100,Exception('timeout_or_slo_miss: completed=93/100 errors=0 elapsed_ms=1504.0'),1
FANOUT,K100,Exception('timeout_or_slo_miss: completed=100/100 errors=0 elapsed_ms=1008.2'),2
FANOUT,K100,Exception('timeout_or_slo_miss: completed=100/100 errors=0 elapsed_ms=1010.2'),1
FANOUT,K100,Exception('timeout_or_slo_miss: completed=100/100 errors=0 elapsed_ms=1076.4'),1
FANOUT,K100,Exception('timeout_or_slo_miss: completed=100/100 errors=0 elapsed_ms=1072.6'),1
FANOUT,K100,Exception('timeout_or_slo_miss: completed=100/100 errors=0 elapsed_ms=1034.9'),3
FANOUT,K100,Exception('timeout_or_slo_miss: completed=100/100 errors=0 elapsed_ms=1162.3'),1
FANOUT,K100,Exception('timeout_or_slo_miss: completed=100/100 errors=0 elapsed_ms=1074.5'),1
FANOUT,K100,Exception('timeout_or_slo_miss: completed=94/100 errors=0 elapsed_ms=1295.5'),1
FANOUT,K100,Exception('timeout_or_slo_miss: completed=100/100 errors=0 elapsed_ms=1157.4'),2
FANOUT,K100,Exception('timeout_or_slo_miss: completed=100/100 errors=0 elapsed_ms=1046.4'),2
FANOUT,K100,Exception('timeout_or_slo_miss: completed=100/100 errors=0 elapsed_ms=1331.8'),1
FANOUT,K100,Exception('timeout_or_slo_miss: completed=100/100 errors=0 elapsed_ms=1044.8'),2
FANOUT,K100,Exception('timeout_or_slo_miss: completed=100/100 errors=0 elapsed_ms=1092.7'),1
FANOUT,K100,Exception('timeout_or_slo_miss: completed=100/100 errors=0 elapsed_ms=1094.5'),1
FANOUT,K100,Exception('timeout_or_slo_miss: completed=100/100 errors=0 elapsed_ms=1077.6'),2
FANOUT,K100,Exception('timeout_or_slo_miss: completed=100/100 errors=0 elapsed_ms=1139.3'),1
FANOUT,K100,Exception('timeout_or_slo_miss: completed=100/100 errors=0 elapsed_ms=1010.6'),1
FANOUT,K100,Exception('timeout_or_slo_miss: completed=100/100 errors=0 elapsed_ms=1010.1'),3
FANOUT,K100,Exception('timeout_or_slo_miss: completed=100/100 errors=0 elapsed_ms=1032.7'),1
FANOUT,K100,Exception('timeout_or_slo_miss: completed=100/100 errors=0 elapsed_ms=1107.8'),1
FANOUT,K100,Exception('timeout_or_slo_miss: completed=100/100 errors=0 elapsed_ms=1073.2'),1
FANOUT,K100,Exception('timeout_or_slo_miss: completed=100/100 errors=0 elapsed_ms=1607.4'),1
FANOUT,K100,Exception('timeout_or_slo_miss: completed=100/100 errors=0 elapsed_ms=1036.0'),1
FANOUT,K100,Exception('timeout_or_slo_miss: completed=89/100 errors=0 elapsed_ms=1761.4'),1
FANOUT,K100,Exception('timeout_or_slo_miss: completed=88/100 errors=0 elapsed_ms=1552.7'),1
FANOUT,K100,Exception('timeout_or_slo_miss: completed=93/100 errors=0 elapsed_ms=1537.6'),1
FANOUT,K100,Exception('timeout_or_slo_miss: completed=100/100 errors=0 elapsed_ms=1048.4'),1
FANOUT,K100,Exception('timeout_or_slo_miss: completed=100/100 errors=0 elapsed_ms=1126.2'),1
FANOUT,K100,Exception('timeout_or_slo_miss: completed=100/100 errors=0 elapsed_ms=1064.2'),1
FANOUT,K100,Exception('timeout_or_slo_miss: completed=100/100 errors=0 elapsed_ms=1097.2'),2
FANOUT,K100,Exception('timeout_or_slo_miss: completed=100/100 errors=0 elapsed_ms=1061.2'),2
FANOUT,K100,Exception('timeout_or_slo_miss: completed=100/100 errors=0 elapsed_ms=1100.0'),2
FANOUT,K100,Exception('timeout_or_slo_miss: completed=100/100 errors=0 elapsed_ms=1051.2'),2
FANOUT,K100,Exception('timeout_or_slo_miss: completed=100/100 errors=0 elapsed_ms=1014.8'),3
FANOUT,K100,Exception('timeout_or_slo_miss: completed=100/100 errors=0 elapsed_ms=1121.5'),1
FANOUT,K100,Exception('timeout_or_slo_miss: completed=100/100 errors=0 elapsed_ms=1268.1'),1
FANOUT,K100,Exception('timeout_or_slo_miss: completed=100/100 errors=0 elapsed_ms=1014.0'),1
FANOUT,K100,Exception('timeout_or_slo_miss: completed=100/100 errors=0 elapsed_ms=1120.5'),1
FANOUT,K100,Exception('timeout_or_slo_miss: completed=100/100 errors=0 elapsed_ms=1064.8'),1
FANOUT,K100,Exception('timeout_or_slo_miss: completed=100/100 errors=0 elapsed_ms=1249.3'),1
FANOUT,K100,Exception('timeout_or_slo_miss: completed=100/100 errors=0 elapsed_ms=1163.7'),1
FANOUT,K100,Exception('timeout_or_slo_miss: completed=100/100 errors=0 elapsed_ms=1017.8'),3
FANOUT,K100,Exception('timeout_or_slo_miss: completed=100/100 errors=0 elapsed_ms=1083.8'),1
FANOUT,K100,Exception('timeout_or_slo_miss: completed=100/100 errors=0 elapsed_ms=1160.2'),1
FANOUT,K100,Exception('timeout_or_slo_miss: completed=100/100 errors=0 elapsed_ms=1073.8'),1
FANOUT,K100,Exception('timeout_or_slo_miss: completed=100/100 errors=0 elapsed_ms=1134.0'),1
FANOUT,K100,Exception('timeout_or_slo_miss: completed=100/100 errors=0 elapsed_ms=1016.4'),2
FANOUT,K100,Exception('timeout_or_slo_miss: completed=100/100 errors=0 elapsed_ms=1202.5'),1
FANOUT,K100,Exception('timeout_or_slo_miss: completed=100/100 errors=0 elapsed_ms=1028.8'),2
FANOUT,K100,Exception('timeout_or_slo_miss: completed=100/100 errors=0 elapsed_ms=1070.7'),3
FANOUT,K100,Exception('timeout_or_slo_miss: completed=100/100 errors=0 elapsed_ms=1059.0'),1
FANOUT,K100,Exception('timeout_or_slo_miss: completed=100/100 errors=0 elapsed_ms=1047.7'),1
FANOUT,K100,Exception('timeout_or_slo_miss: completed=100/100 errors=0 elapsed_ms=1004.5'),1
FANOUT,K100,Exception('timeout_or_slo_miss: completed=100/100 errors=0 elapsed_ms=1029.8'),1
FANOUT,K100,Exception('timeout_or_slo_miss: completed=100/100 errors=0 elapsed_ms=1170.6'),1
FANOUT,K100,Exception('timeout_or_slo_miss: completed=100/100 errors=0 elapsed_ms=1011.2'),2
FANOUT,K100,Exception('timeout_or_slo_miss: completed=100/100 errors=0 elapsed_ms=1018.6'),1
FANOUT,K100,Exception('timeout_or_slo_miss: completed=100/100 errors=0 elapsed_ms=1144.7'),1
FANOUT,K100,Exception('timeout_or_slo_miss: completed=100/100 errors=0 elapsed_ms=1147.3'),1
FANOUT,K100,Exception('timeout_or_slo_miss: completed=100/100 errors=0 elapsed_ms=1006.1'),1
FANOUT,K100,Exception('timeout_or_slo_miss: completed=92/100 errors=0 elapsed_ms=1512.3'),1
FANOUT,K100,Exception('timeout_or_slo_miss: completed=90/100 errors=0 elapsed_ms=1559.5'),1
FANOUT,K100,Exception('timeout_or_slo_miss: completed=100/100 errors=0 elapsed_ms=1009.3'),2
FANOUT,K100,Exception('timeout_or_slo_miss: completed=100/100 errors=0 elapsed_ms=1044.2'),1
FANOUT,K100,Exception('timeout_or_slo_miss: completed=100/100 errors=0 elapsed_ms=1037.7'),2
FANOUT,K100,Exception('timeout_or_slo_miss: completed=100/100 errors=0 elapsed_ms=1043.7'),1
FANOUT,K100,Exception('timeout_or_slo_miss: completed=100/100 errors=0 elapsed_ms=1223.8'),1
FANOUT,K100,Exception('timeout_or_slo_miss: completed=100/100 errors=0 elapsed_ms=1053.5'),1
FANOUT,K100,Exception('timeout_or_slo_miss: completed=100/100 errors=0 elapsed_ms=1143.5'),2
FANOUT,K100,Exception('timeout_or_slo_miss: completed=100/100 errors=0 elapsed_ms=1221.2'),1
FANOUT,K100,Exception('timeout_or_slo_miss: completed=100/100 errors=0 elapsed_ms=1004.6'),2
FANOUT,K100,Exception('timeout_or_slo_miss: completed=100/100 errors=0 elapsed_ms=1041.8'),2
FANOUT,K100,Exception('timeout_or_slo_miss: completed=100/100 errors=0 elapsed_ms=1076.5'),2
FANOUT,K100,Exception('timeout_or_slo_miss: completed=100/100 errors=0 elapsed_ms=1155.5'),1
FANOUT,K100,Exception('timeout_or_slo_miss: completed=100/100 errors=0 elapsed_ms=1133.4'),1
FANOUT,K100,Exception('timeout_or_slo_miss: completed=100/100 errors=0 elapsed_ms=1028.0'),1
FANOUT,K100,Exception('timeout_or_slo_miss: completed=100/100 errors=0 elapsed_ms=1129.1'),1
FANOUT,K100,Exception('timeout_or_slo_miss: completed=100/100 errors=0 elapsed_ms=1107.9'),1
FANOUT,K100,Exception('timeout_or_slo_miss: completed=100/100 errors=0 elapsed_ms=1545.2'),1
FANOUT,K100,Exception('timeout_or_slo_miss: completed=88/100 errors=0 elapsed_ms=1754.7'),1
FANOUT,K100,Exception('timeout_or_slo_miss: completed=100/100 errors=0 elapsed_ms=1062.1'),1
FANOUT,K100,Exception('timeout_or_slo_miss: completed=100/100 errors=0 elapsed_ms=1044.1'),1
FANOUT,K100,Exception('timeout_or_slo_miss: completed=100/100 errors=0 elapsed_ms=1031.7'),2
FANOUT,K100,Exception('timeout_or_slo_miss: completed=100/100 errors=0 elapsed_ms=1251.4'),1
FANOUT,K100,Exception('timeout_or_slo_miss: completed=100/100 errors=0 elapsed_ms=1144.8'),1
FANOUT,K100,Exception('timeout_or_slo_miss: completed=100/100 errors=0 elapsed_ms=1200.2'),1
FANOUT,K100,Exception('timeout_or_slo_miss: completed=100/100 errors=0 elapsed_ms=1132.4'),1
FANOUT,K100,Exception('timeout_or_slo_miss: completed=100/100 errors=0 elapsed_ms=1042.9'),1
FANOUT,K100,Exception('timeout_or_slo_miss: completed=100/100 errors=0 elapsed_ms=1205.1'),1
FANOUT,K100,Exception('timeout_or_slo_miss: completed=100/100 errors=0 elapsed_ms=1111.1'),1
FANOUT,K100,Exception('timeout_or_slo_miss: completed=100/100 errors=0 elapsed_ms=1019.1'),1
FANOUT,K100,Exception('timeout_or_slo_miss: completed=100/100 errors=0 elapsed_ms=1023.2'),1
FANOUT,K100,Exception('timeout_or_slo_miss: completed=100/100 errors=0 elapsed_ms=1113.7'),3
FANOUT,K100,Exception('timeout_or_slo_miss: completed=100/100 errors=0 elapsed_ms=1186.3'),1
FANOUT,K100,Exception('timeout_or_slo_miss: completed=100/100 errors=0 elapsed_ms=1120.0'),1
FANOUT,K100,Exception('timeout_or_slo_miss: completed=95/100 errors=0 elapsed_ms=1533.3'),1
FANOUT,K100,Exception('timeout_or_slo_miss: completed=100/100 errors=0 elapsed_ms=1033.6'),1
FANOUT,K100,Exception('timeout_or_slo_miss: completed=100/100 errors=0 elapsed_ms=1035.9'),3
FANOUT,K100,Exception('timeout_or_slo_miss: completed=100/100 errors=0 elapsed_ms=1043.5'),1
FANOUT,K100,Exception('timeout_or_slo_miss: completed=100/100 errors=0 elapsed_ms=1068.2'),1
FANOUT,K100,Exception('timeout_or_slo_miss: completed=89/100 errors=0 elapsed_ms=1751.4'),1
FANOUT,K100,Exception('timeout_or_slo_miss: completed=100/100 errors=0 elapsed_ms=1198.9'),1
FANOUT,K100,Exception('timeout_or_slo_miss: completed=88/100 errors=0 elapsed_ms=1629.6'),1
FANOUT,K100,Exception('timeout_or_slo_miss: completed=100/100 errors=0 elapsed_ms=1007.7'),1
FANOUT,K100,Exception('timeout_or_slo_miss: completed=100/100 errors=0 elapsed_ms=1154.3'),1
FANOUT,K100,Exception('timeout_or_slo_miss: completed=91/100 errors=0 elapsed_ms=1628.9'),1
FANOUT,K100,Exception('timeout_or_slo_miss: completed=89/100 errors=0 elapsed_ms=1498.0'),1
FANOUT,K100,Exception('timeout_or_slo_miss: completed=100/100 errors=0 elapsed_ms=1038.6'),1
FANOUT,K100,Exception('timeout_or_slo_miss: completed=100/100 errors=0 elapsed_ms=1557.4'),1
FANOUT,K100,Exception('timeout_or_slo_miss: completed=100/100 errors=0 elapsed_ms=1150.6'),1
FANOUT,K100,Exception('timeout_or_slo_miss: completed=100/100 errors=0 elapsed_ms=1099.5'),2
FANOUT,K100,Exception('timeout_or_slo_miss: completed=100/100 errors=0 elapsed_ms=1098.2'),1
FANOUT,K100,Exception('timeout_or_slo_miss: completed=100/100 errors=0 elapsed_ms=1066.8'),1
FANOUT,K100,Exception('timeout_or_slo_miss: completed=100/100 errors=0 elapsed_ms=1295.1'),1
FANOUT,K100,Exception('timeout_or_slo_miss: completed=100/100 errors=0 elapsed_ms=1244.5'),1
FANOUT,K100,Exception('timeout_or_slo_miss: completed=100/100 errors=0 elapsed_ms=1263.5'),1
FANOUT,K100,Exception('timeout_or_slo_miss: completed=100/100 errors=0 elapsed_ms=1103.8'),1
FANOUT,K100,Exception('timeout_or_slo_miss: completed=100/100 errors=0 elapsed_ms=1030.0'),2
FANOUT,K100,Exception('timeout_or_slo_miss: completed=100/100 errors=0 elapsed_ms=1137.6'),1
FANOUT,K100,Exception('timeout_or_slo_miss: completed=100/100 errors=0 elapsed_ms=1143.6'),1
FANOUT,K100,Exception('timeout_or_slo_miss: completed=100/100 errors=0 elapsed_ms=1040.3'),4
FANOUT,K100,Exception('timeout_or_slo_miss: completed=100/100 errors=0 elapsed_ms=1172.1'),1
FANOUT,K100,Exception('timeout_or_slo_miss: completed=93/100 errors=0 elapsed_ms=1843.6'),1
FANOUT,K100,Exception('timeout_or_slo_miss: completed=100/100 errors=0 elapsed_ms=1243.8'),1
FANOUT,K100,Exception('timeout_or_slo_miss: completed=100/100 errors=0 elapsed_ms=1000.3'),1
FANOUT,K100,Exception('timeout_or_slo_miss: completed=100/100 errors=0 elapsed_ms=1047.4'),2
FANOUT,K100,Exception('timeout_or_slo_miss: completed=100/100 errors=0 elapsed_ms=1031.3'),2
FANOUT,K100,Exception('timeout_or_slo_miss: completed=100/100 errors=0 elapsed_ms=1174.5'),1
FANOUT,K100,Exception('timeout_or_slo_miss: completed=93/100 errors=0 elapsed_ms=1450.3'),1
FANOUT,K100,Exception('timeout_or_slo_miss: completed=100/100 errors=0 elapsed_ms=1148.3'),1
FANOUT,K100,Exception('timeout_or_slo_miss: completed=100/100 errors=0 elapsed_ms=1217.7'),1
FANOUT,K100,Exception('timeout_or_slo_miss: completed=89/100 errors=0 elapsed_ms=1567.7'),1
FANOUT,K100,Exception('timeout_or_slo_miss: completed=100/100 errors=0 elapsed_ms=1070.2'),1
FANOUT,K100,Exception('timeout_or_slo_miss: completed=100/100 errors=0 elapsed_ms=1223.9'),1
FANOUT,K100,Exception('timeout_or_slo_miss: completed=100/100 errors=0 elapsed_ms=1137.1'),1
FANOUT,K100,Exception('timeout_or_slo_miss: completed=100/100 errors=0 elapsed_ms=1032.8'),2
FANOUT,K100,Exception('timeout_or_slo_miss: completed=100/100 errors=0 elapsed_ms=1105.6'),2
FANOUT,K100,Exception('timeout_or_slo_miss: completed=100/100 errors=0 elapsed_ms=1100.9'),1
FANOUT,K100,Exception('timeout_or_slo_miss: completed=100/100 errors=0 elapsed_ms=1152.5'),1
FANOUT,K100,Exception('timeout_or_slo_miss: completed=86/100 errors=0 elapsed_ms=1808.6'),1
FANOUT,K100,Exception('timeout_or_slo_miss: completed=100/100 errors=0 elapsed_ms=1056.9'),1
FANOUT,K100,Exception('timeout_or_slo_miss: completed=100/100 errors=0 elapsed_ms=1056.2'),1
FANOUT,K100,Exception('timeout_or_slo_miss: completed=100/100 errors=0 elapsed_ms=1161.0'),2
FANOUT,K100,Exception('timeout_or_slo_miss: completed=100/100 errors=0 elapsed_ms=1050.5'),1
FANOUT,K100,Exception('timeout_or_slo_miss: completed=100/100 errors=0 elapsed_ms=1171.6'),1
FANOUT,K100,Exception('timeout_or_slo_miss: completed=89/100 errors=0 elapsed_ms=1743.1'),1
FANOUT,K100,Exception('timeout_or_slo_miss: completed=100/100 errors=0 elapsed_ms=1443.7'),1
FANOUT,K100,Exception('timeout_or_slo_miss: completed=100/100 errors=0 elapsed_ms=1148.2'),1
FANOUT,K100,Exception('timeout_or_slo_miss: completed=87/100 errors=0 elapsed_ms=1621.0'),1
FANOUT,K100,Exception('timeout_or_slo_miss: completed=100/100 errors=0 elapsed_ms=1020.1'),2
FANOUT,K100,Exception('timeout_or_slo_miss: completed=100/100 errors=0 elapsed_ms=1011.6'),1
FANOUT,K100,Exception('timeout_or_slo_miss: completed=100/100 errors=0 elapsed_ms=1052.1'),3
FANOUT,K100,Exception('timeout_or_slo_miss: completed=100/100 errors=0 elapsed_ms=1060.3'),1
FANOUT,K100,Exception('timeout_or_slo_miss: completed=100/100 errors=0 elapsed_ms=1153.1'),1
FANOUT,K100,Exception('timeout_or_slo_miss: completed=100/100 errors=0 elapsed_ms=1018.2'),1
FANOUT,K100,Exception('timeout_or_slo_miss: completed=100/100 errors=0 elapsed_ms=1022.2'),3
FANOUT,K100,Exception('timeout_or_slo_miss: completed=100/100 errors=0 elapsed_ms=1130.9'),1
FANOUT,K100,Exception('timeout_or_slo_miss: completed=100/100 errors=0 elapsed_ms=1214.4'),1
FANOUT,K100,Exception('timeout_or_slo_miss: completed=100/100 errors=0 elapsed_ms=1124.5'),1
FANOUT,K100,Exception('timeout_or_slo_miss: completed=100/100 errors=0 elapsed_ms=1016.2'),2
FANOUT,K100,Exception('timeout_or_slo_miss: completed=100/100 errors=0 elapsed_ms=1102.7'),2
FANOUT,K100,Exception('timeout_or_slo_miss: completed=89/100 errors=0 elapsed_ms=1569.6'),1
FANOUT,K100,Exception('timeout_or_slo_miss: completed=100/100 errors=0 elapsed_ms=1098.0'),1
FANOUT,K100,Exception('timeout_or_slo_miss: completed=90/100 errors=0 elapsed_ms=1746.0'),1
FANOUT,K100,Exception('timeout_or_slo_miss: completed=100/100 errors=0 elapsed_ms=1012.8'),1
FANOUT,K100,Exception('timeout_or_slo_miss: completed=100/100 errors=0 elapsed_ms=1040.5'),3
FANOUT,K100,Exception('timeout_or_slo_miss: completed=97/100 errors=0 elapsed_ms=1600.5'),1
FANOUT,K100,Exception('timeout_or_slo_miss: completed=96/100 errors=0 elapsed_ms=1392.3'),1
FANOUT,K100,Exception('timeout_or_slo_miss: completed=100/100 errors=0 elapsed_ms=1147.5'),1
FANOUT,K100,Exception('timeout_or_slo_miss: completed=100/100 errors=0 elapsed_ms=1174.0'),1
FANOUT,K100,Exception('timeout_or_slo_miss: completed=100/100 errors=0 elapsed_ms=1176.8'),1
FANOUT,K100,Exception('timeout_or_slo_miss: completed=100/100 errors=0 elapsed_ms=1119.4'),1
FANOUT,K100,Exception('timeout_or_slo_miss: completed=100/100 errors=0 elapsed_ms=1098.3'),1
FANOUT,K100,Exception('timeout_or_slo_miss: completed=100/100 errors=0 elapsed_ms=1119.8'),3
FANOUT,K100,Exception('timeout_or_slo_miss: completed=100/100 errors=0 elapsed_ms=1004.9'),2
FANOUT,K100,Exception('timeout_or_slo_miss: completed=100/100 errors=0 elapsed_ms=1038.1'),1
FANOUT,K100,Exception('timeout_or_slo_miss: completed=100/100 errors=0 elapsed_ms=1110.0'),2
FANOUT,K100,Exception('timeout_or_slo_miss: completed=90/100 errors=0 elapsed_ms=1650.3'),1
FANOUT,K100,Exception('timeout_or_slo_miss: completed=100/100 errors=0 elapsed_ms=1158.5'),1
FANOUT,K100,Exception('timeout_or_slo_miss: completed=92/100 errors=0 elapsed_ms=1548.6'),1
FANOUT,K100,Exception('timeout_or_slo_miss: completed=100/100 errors=0 elapsed_ms=1075.9'),1
FANOUT,K100,Exception('timeout_or_slo_miss: completed=100/100 errors=0 elapsed_ms=1171.7'),1
FANOUT,K100,Exception('timeout_or_slo_miss: completed=100/100 errors=0 elapsed_ms=1029.5'),2
FANOUT,K100,Exception('timeout_or_slo_miss: completed=100/100 errors=0 elapsed_ms=1171.5'),2
FANOUT,K100,Exception('timeout_or_slo_miss: completed=100/100 errors=0 elapsed_ms=1159.7'),1
FANOUT,K100,Exception('timeout_or_slo_miss: completed=100/100 errors=0 elapsed_ms=1033.3'),1
FANOUT,K100,Exception('timeout_or_slo_miss: completed=100/100 errors=0 elapsed_ms=1270.1'),1
FANOUT,K100,Exception('timeout_or_slo_miss: completed=100/100 errors=0 elapsed_ms=1228.7'),1
FANOUT,K100,Exception('timeout_or_slo_miss: completed=100/100 errors=0 elapsed_ms=1130.4'),1
FANOUT,K100,Exception('timeout_or_slo_miss: completed=100/100 errors=0 elapsed_ms=1014.2'),2
FANOUT,K100,Exception('timeout_or_slo_miss: completed=100/100 errors=0 elapsed_ms=1050.7'),1
FANOUT,K100,Exception('timeout_or_slo_miss: completed=93/100 errors=0 elapsed_ms=1640.7'),1
FANOUT,K100,Exception('timeout_or_slo_miss: completed=94/100 errors=0 elapsed_ms=1492.6'),1
FANOUT,K100,Exception('timeout_or_slo_miss: completed=100/100 errors=0 elapsed_ms=1013.3'),2
FANOUT,K100,Exception('timeout_or_slo_miss: completed=100/100 errors=0 elapsed_ms=1128.7'),1
FANOUT,K100,Exception('timeout_or_slo_miss: completed=100/100 errors=0 elapsed_ms=1109.8'),1
FANOUT,K100,Exception('timeout_or_slo_miss: completed=100/100 errors=0 elapsed_ms=1079.2'),1
FANOUT,K100,Exception('timeout_or_slo_miss: completed=100/100 errors=0 elapsed_ms=1236.9'),2
FANOUT,K100,Exception('timeout_or_slo_miss: completed=92/100 errors=0 elapsed_ms=1746.2'),1
FANOUT,K100,Exception('timeout_or_slo_miss: completed=100/100 errors=0 elapsed_ms=1067.6'),2
FANOUT,K100,Exception('timeout_or_slo_miss: completed=100/100 errors=0 elapsed_ms=1056.8'),1
FANOUT,K100,Exception('timeout_or_slo_miss: completed=100/100 errors=0 elapsed_ms=1072.4'),1
FANOUT,K100,Exception('timeout_or_slo_miss: completed=100/100 errors=0 elapsed_ms=1123.0'),1
FANOUT,K100,Exception('timeout_or_slo_miss: completed=92/100 errors=0 elapsed_ms=1562.1'),1
FANOUT,K100,Exception('timeout_or_slo_miss: completed=100/100 errors=0 elapsed_ms=1111.9'),1
FANOUT,K100,Exception('timeout_or_slo_miss: completed=100/100 errors=0 elapsed_ms=1080.5'),1
FANOUT,K100,Exception('timeout_or_slo_miss: completed=100/100 errors=0 elapsed_ms=1038.5'),3
FANOUT,K100,Exception('timeout_or_slo_miss: completed=100/100 errors=0 elapsed_ms=1027.0'),1
FANOUT,K100,Exception('timeout_or_slo_miss: completed=100/100 errors=0 elapsed_ms=1121.0'),1
FANOUT,K100,Exception('timeout_or_slo_miss: completed=100/100 errors=0 elapsed_ms=1147.8'),1
FANOUT,K100,Exception('timeout_or_slo_miss: completed=100/100 errors=0 elapsed_ms=1088.3'),1
FANOUT,K100,Exception('timeout_or_slo_miss: completed=100/100 errors=0 elapsed_ms=1056.6'),1
FANOUT,K100,Exception('timeout_or_slo_miss: completed=100/100 errors=0 elapsed_ms=1122.0'),2
FANOUT,K100,Exception('timeout_or_slo_miss: completed=100/100 errors=0 elapsed_ms=1057.9'),1
FANOUT,K100,Exception('timeout_or_slo_miss: completed=100/100 errors=0 elapsed_ms=1023.6'),3
FANOUT,K100,Exception('timeout_or_slo_miss: completed=100/100 errors=0 elapsed_ms=1021.6'),5
FANOUT,K100,Exception('timeout_or_slo_miss: completed=100/100 errors=0 elapsed_ms=1132.1'),3
FANOUT,K100,Exception('timeout_or_slo_miss: completed=100/100 errors=0 elapsed_ms=1603.1'),1
FANOUT,K100,Exception('timeout_or_slo_miss: completed=100/100 errors=0 elapsed_ms=1078.0'),1
FANOUT,K100,Exception('timeout_or_slo_miss: completed=100/100 errors=0 elapsed_ms=1075.2'),3
FANOUT,K100,Exception('timeout_or_slo_miss: completed=100/100 errors=0 elapsed_ms=1078.8'),1
FANOUT,K100,Exception('timeout_or_slo_miss: completed=100/100 errors=0 elapsed_ms=1065.5'),1
FANOUT,K100,Exception('timeout_or_slo_miss: completed=86/100 errors=0 elapsed_ms=1768.0'),1
FANOUT,K100,Exception('timeout_or_slo_miss: completed=100/100 errors=0 elapsed_ms=1000.8'),1
FANOUT,K100,Exception('timeout_or_slo_miss: completed=100/100 errors=0 elapsed_ms=1029.2'),2
FANOUT,K100,Exception('timeout_or_slo_miss: completed=100/100 errors=0 elapsed_ms=1107.1'),2
FANOUT,K100,Exception('timeout_or_slo_miss: completed=100/100 errors=0 elapsed_ms=1028.1'),2
FANOUT,K100,Exception('timeout_or_slo_miss: completed=100/100 errors=0 elapsed_ms=1067.2'),1
FANOUT,K100,Exception('timeout_or_slo_miss: completed=100/100 errors=0 elapsed_ms=1026.9'),2
FANOUT,K100,Exception('timeout_or_slo_miss: completed=100/100 errors=0 elapsed_ms=1117.3'),1
FANOUT,K100,Exception('timeout_or_slo_miss: completed=100/100 errors=0 elapsed_ms=1313.4'),1
FANOUT,K100,Exception('timeout_or_slo_miss: completed=100/100 errors=0 elapsed_ms=1072.0'),2
FANOUT,K100,Exception('timeout_or_slo_miss: completed=100/100 errors=0 elapsed_ms=1127.7'),1
FANOUT,K100,Exception('timeout_or_slo_miss: completed=100/100 errors=0 elapsed_ms=1366.7'),1
FANOUT,K100,Exception('timeout_or_slo_miss: completed=100/100 errors=0 elapsed_ms=1159.9'),1
FANOUT,K100,Exception('timeout_or_slo_miss: completed=96/100 errors=0 elapsed_ms=1757.7'),1
FANOUT,K100,Exception('timeout_or_slo_miss: completed=100/100 errors=0 elapsed_ms=1042.2'),1
FANOUT,K100,Exception('timeout_or_slo_miss: completed=100/100 errors=0 elapsed_ms=1596.0'),1
FANOUT,K100,Exception('timeout_or_slo_miss: completed=100/100 errors=0 elapsed_ms=1045.0'),1
FANOUT,K100,Exception('timeout_or_slo_miss: completed=100/100 errors=0 elapsed_ms=1125.5'),1
FANOUT,K100,Exception('timeout_or_slo_miss: completed=88/100 errors=0 elapsed_ms=1430.8'),1
FANOUT,K100,Exception('timeout_or_slo_miss: completed=100/100 errors=0 elapsed_ms=1083.2'),1
FANOUT,K100,Exception('timeout_or_slo_miss: completed=100/100 errors=0 elapsed_ms=1019.4'),1
FANOUT,K100,Exception('timeout_or_slo_miss: completed=100/100 errors=0 elapsed_ms=1037.0'),1
FANOUT,K100,Exception('timeout_or_slo_miss: completed=100/100 errors=0 elapsed_ms=1260.5'),2
FANOUT,K100,Exception('timeout_or_slo_miss: completed=92/100 errors=0 elapsed_ms=1584.7'),1
FANOUT,K100,Exception('timeout_or_slo_miss: completed=96/100 errors=0 elapsed_ms=1839.0'),1
FANOUT,K100,Exception('timeout_or_slo_miss: completed=100/100 errors=0 elapsed_ms=1080.0'),1
FANOUT,K100,Exception('timeout_or_slo_miss: completed=100/100 errors=0 elapsed_ms=1027.1'),1
FANOUT,K100,Exception('timeout_or_slo_miss: completed=100/100 errors=0 elapsed_ms=1191.1'),1
FANOUT,K100,Exception('timeout_or_slo_miss: completed=100/100 errors=0 elapsed_ms=1218.3'),1
FANOUT,K100,Exception('timeout_or_slo_miss: completed=100/100 errors=0 elapsed_ms=1142.3'),1
FANOUT,K100,Exception('timeout_or_slo_miss: completed=100/100 errors=0 elapsed_ms=1182.6'),1
FANOUT,K100,Exception('timeout_or_slo_miss: completed=100/100 errors=0 elapsed_ms=1082.7'),1
FANOUT,K100,Exception('timeout_or_slo_miss: completed=100/100 errors=0 elapsed_ms=1164.0'),1
FANOUT,K100,Exception('timeout_or_slo_miss: completed=100/100 errors=0 elapsed_ms=1054.8'),2
FANOUT,K100,Exception('timeout_or_slo_miss: completed=100/100 errors=0 elapsed_ms=1005.1'),1
FANOUT,K100,Exception('timeout_or_slo_miss: completed=100/100 errors=0 elapsed_ms=1101.9'),2
FANOUT,K100,Exception('timeout_or_slo_miss: completed=100/100 errors=0 elapsed_ms=1124.8'),1
FANOUT,K100,Exception('timeout_or_slo_miss: completed=100/100 errors=0 elapsed_ms=1015.8'),1
FANOUT,K100,Exception('timeout_or_slo_miss: completed=100/100 errors=0 elapsed_ms=1149.3'),1
FANOUT,K100,Exception('timeout_or_slo_miss: completed=100/100 errors=0 elapsed_ms=1123.4'),1
FANOUT,K100,Exception('timeout_or_slo_miss: completed=100/100 errors=0 elapsed_ms=1040.8'),1
FANOUT,K100,Exception('timeout_or_slo_miss: completed=100/100 errors=0 elapsed_ms=1092.3'),2
FANOUT,K100,Exception('timeout_or_slo_miss: completed=100/100 errors=0 elapsed_ms=1023.4'),1
FANOUT,K100,Exception('timeout_or_slo_miss: completed=83/100 errors=0 elapsed_ms=2165.0'),1
FANOUT,K100,Exception('timeout_or_slo_miss: completed=100/100 errors=0 elapsed_ms=1276.0'),1
FANOUT,K100,Exception('timeout_or_slo_miss: completed=89/100 errors=0 elapsed_ms=1605.8'),1
FANOUT,K100,Exception('timeout_or_slo_miss: completed=100/100 errors=0 elapsed_ms=1072.7'),4
FANOUT,K100,Exception('timeout_or_slo_miss: completed=100/100 errors=0 elapsed_ms=1084.5'),1
FANOUT,K100,Exception('timeout_or_slo_miss: completed=100/100 errors=0 elapsed_ms=1504.8'),1
FANOUT,K100,Exception('timeout_or_slo_miss: completed=100/100 errors=0 elapsed_ms=1070.6'),2
FANOUT,K100,Exception('timeout_or_slo_miss: completed=100/100 errors=0 elapsed_ms=1021.5'),1
FANOUT,K100,Exception('timeout_or_slo_miss: completed=100/100 errors=0 elapsed_ms=1073.5'),2
FANOUT,K100,Exception('timeout_or_slo_miss: completed=86/100 errors=0 elapsed_ms=1823.8'),1
FANOUT,K100,Exception('timeout_or_slo_miss: completed=100/100 errors=0 elapsed_ms=1092.1'),1
FANOUT,K100,Exception('timeout_or_slo_miss: completed=100/100 errors=0 elapsed_ms=1259.4'),1
FANOUT,K100,Exception('timeout_or_slo_miss: completed=100/100 errors=0 elapsed_ms=1009.8'),1
FANOUT,K100,Exception('timeout_or_slo_miss: completed=100/100 errors=0 elapsed_ms=1167.8'),1
FANOUT,K100,Exception('timeout_or_slo_miss: completed=100/100 errors=0 elapsed_ms=1361.7'),1
FANOUT,K100,Exception('timeout_or_slo_miss: completed=100/100 errors=0 elapsed_ms=1164.5'),1
FANOUT,K100,Exception('timeout_or_slo_miss: completed=100/100 errors=0 elapsed_ms=1091.0'),1
FANOUT,K100,Exception('timeout_or_slo_miss: completed=100/100 errors=0 elapsed_ms=1191.4'),1
FANOUT,K100,Exception('timeout_or_slo_miss: completed=100/100 errors=0 elapsed_ms=1019.2'),3
FANOUT,K100,Exception('timeout_or_slo_miss: completed=100/100 errors=0 elapsed_ms=1104.2'),1
FANOUT,K100,Exception('timeout_or_slo_miss: completed=100/100 errors=0 elapsed_ms=1034.8'),3
FANOUT,K100,Exception('timeout_or_slo_miss: completed=100/100 errors=0 elapsed_ms=1002.7'),3
FANOUT,K100,Exception('timeout_or_slo_miss: completed=100/100 errors=0 elapsed_ms=1098.4'),2
FANOUT,K100,Exception('timeout_or_slo_miss: completed=94/100 errors=0 elapsed_ms=1532.1'),1
FANOUT,K100,Exception('timeout_or_slo_miss: completed=100/100 errors=0 elapsed_ms=1138.1'),1
FANOUT,K100,Exception('timeout_or_slo_miss: completed=100/100 errors=0 elapsed_ms=1037.3'),2
FANOUT,K100,Exception('timeout_or_slo_miss: completed=100/100 errors=0 elapsed_ms=1020.6'),3
FANOUT,K100,Exception('timeout_or_slo_miss: completed=100/100 errors=0 elapsed_ms=1200.8'),1
FANOUT,K100,Exception('timeout_or_slo_miss: completed=85/100 errors=0 elapsed_ms=1884.3'),1
FANOUT,K100,Exception('timeout_or_slo_miss: completed=100/100 errors=0 elapsed_ms=1006.7'),1
FANOUT,K100,Exception('timeout_or_slo_miss: completed=100/100 errors=0 elapsed_ms=1104.7'),2
FANOUT,K100,Exception('timeout_or_slo_miss: completed=100/100 errors=0 elapsed_ms=1131.6'),3
FANOUT,K100,Exception('timeout_or_slo_miss: completed=94/100 errors=0 elapsed_ms=1539.2'),1
FANOUT,K100,Exception('timeout_or_slo_miss: completed=100/100 errors=0 elapsed_ms=1008.8'),1
FANOUT,K100,Exception('timeout_or_slo_miss: completed=100/100 errors=0 elapsed_ms=1039.6'),2
FANOUT,K100,Exception('timeout_or_slo_miss: completed=100/100 errors=0 elapsed_ms=1049.6'),1
FANOUT,K100,Exception('timeout_or_slo_miss: completed=93/100 errors=0 elapsed_ms=1353.8'),1
FANOUT,K100,Exception('timeout_or_slo_miss: completed=100/100 errors=0 elapsed_ms=1126.1'),2
FANOUT,K100,Exception('timeout_or_slo_miss: completed=100/100 errors=0 elapsed_ms=1375.5'),1
FANOUT,K100,Exception('timeout_or_slo_miss: completed=100/100 errors=0 elapsed_ms=1066.2'),1
FANOUT,K100,Exception('timeout_or_slo_miss: completed=100/100 errors=0 elapsed_ms=1115.0'),1
FANOUT,K100,Exception('timeout_or_slo_miss: completed=100/100 errors=0 elapsed_ms=1152.6'),1
FANOUT,K100,Exception('timeout_or_slo_miss: completed=85/100 errors=0 elapsed_ms=1648.0'),1
FANOUT,K100,Exception('timeout_or_slo_miss: completed=100/100 errors=0 elapsed_ms=1012.3'),1
FANOUT,K100,Exception('timeout_or_slo_miss: completed=100/100 errors=0 elapsed_ms=1058.4'),1
FANOUT,K100,Exception('timeout_or_slo_miss: completed=100/100 errors=0 elapsed_ms=1093.4'),1
FANOUT,K100,Exception('timeout_or_slo_miss: completed=100/100 errors=0 elapsed_ms=1033.7'),1
FANOUT,K100,Exception('timeout_or_slo_miss: completed=100/100 errors=0 elapsed_ms=1267.3'),1
FANOUT,K100,Exception('timeout_or_slo_miss: completed=100/100 errors=0 elapsed_ms=1006.5'),1
FANOUT,K100,Exception('timeout_or_slo_miss: completed=100/100 errors=0 elapsed_ms=1030.5'),4
FANOUT,K100,Exception('timeout_or_slo_miss: completed=100/100 errors=0 elapsed_ms=1094.6'),1
FANOUT,K100,Exception('timeout_or_slo_miss: completed=100/100 errors=0 elapsed_ms=1033.8'),1
FANOUT,K100,Exception('timeout_or_slo_miss: completed=100/100 errors=0 elapsed_ms=1203.1'),1
FANOUT,K100,Exception('timeout_or_slo_miss: completed=100/100 errors=0 elapsed_ms=1139.7'),1
FANOUT,K100,Exception('timeout_or_slo_miss: completed=100/100 errors=0 elapsed_ms=1021.1'),1
FANOUT,K100,Exception('timeout_or_slo_miss: completed=91/100 errors=0 elapsed_ms=1487.1'),1
FANOUT,K100,Exception('timeout_or_slo_miss: completed=90/100 errors=0 elapsed_ms=1754.2'),1
FANOUT,K100,Exception('timeout_or_slo_miss: completed=100/100 errors=0 elapsed_ms=1072.3'),1
FANOUT,K100,Exception('timeout_or_slo_miss: completed=100/100 errors=0 elapsed_ms=1015.5'),4
FANOUT,K100,Exception('timeout_or_slo_miss: completed=100/100 errors=0 elapsed_ms=1095.0'),2
FANOUT,K100,Exception('timeout_or_slo_miss: completed=100/100 errors=0 elapsed_ms=1145.5'),2
FANOUT,K100,Exception('timeout_or_slo_miss: completed=100/100 errors=0 elapsed_ms=1150.5'),1
FANOUT,K100,Exception('timeout_or_slo_miss: completed=100/100 errors=0 elapsed_ms=1195.0'),1
FANOUT,K100,Exception('timeout_or_slo_miss: completed=100/100 errors=0 elapsed_ms=1226.7'),1
FANOUT,K100,Exception('timeout_or_slo_miss: completed=100/100 errors=0 elapsed_ms=1204.0'),1
FANOUT,K100,Exception('timeout_or_slo_miss: completed=100/100 errors=0 elapsed_ms=1179.9'),1
FANOUT,K100,Exception('timeout_or_slo_miss: completed=100/100 errors=0 elapsed_ms=1245.9'),1
FANOUT,K100,Exception('timeout_or_slo_miss: completed=91/100 errors=0 elapsed_ms=1550.7'),1
FANOUT,K100,Exception('timeout_or_slo_miss: completed=89/100 errors=0 elapsed_ms=1550.8'),1
FANOUT,K100,Exception('timeout_or_slo_miss: completed=100/100 errors=0 elapsed_ms=1124.0'),1
FANOUT,K100,Exception('timeout_or_slo_miss: completed=100/100 errors=0 elapsed_ms=1182.7'),1
FANOUT,K100,Exception('timeout_or_slo_miss: completed=100/100 errors=0 elapsed_ms=1100.4'),1
FANOUT,K100,Exception('timeout_or_slo_miss: completed=100/100 errors=0 elapsed_ms=1074.7'),1
FANOUT,K100,Exception('timeout_or_slo_miss: completed=100/100 errors=0 elapsed_ms=1123.5'),1
FANOUT,K100,Exception('timeout_or_slo_miss: completed=100/100 errors=0 elapsed_ms=1042.5'),1
FANOUT,K100,Exception('timeout_or_slo_miss: completed=100/100 errors=0 elapsed_ms=1045.6'),1
FANOUT,K100,Exception('timeout_or_slo_miss: completed=100/100 errors=0 elapsed_ms=1069.0'),1
FANOUT,K100,Exception('timeout_or_slo_miss: completed=100/100 errors=0 elapsed_ms=1149.2'),2
FANOUT,K100,Exception('timeout_or_slo_miss: completed=100/100 errors=0 elapsed_ms=1109.4'),1
FANOUT,K100,Exception('timeout_or_slo_miss: completed=100/100 errors=0 elapsed_ms=1047.5'),3
FANOUT,K100,Exception('timeout_or_slo_miss: completed=100/100 errors=0 elapsed_ms=1089.2'),1
FANOUT,K100,Exception('timeout_or_slo_miss: completed=100/100 errors=0 elapsed_ms=1039.5'),1
FANOUT,K100,Exception('timeout_or_slo_miss: completed=100/100 errors=0 elapsed_ms=1086.7'),1
FANOUT,K100,Exception('timeout_or_slo_miss: completed=91/100 errors=0 elapsed_ms=1535.4'),1
FANOUT,K100,Exception('timeout_or_slo_miss: completed=100/100 errors=0 elapsed_ms=1101.8'),1
FANOUT,K100,Exception('timeout_or_slo_miss: completed=100/100 errors=0 elapsed_ms=1114.9'),1
FANOUT,K100,Exception('timeout_or_slo_miss: completed=100/100 errors=0 elapsed_ms=1125.0'),1
FANOUT,K100,Exception('timeout_or_slo_miss: completed=88/100 errors=0 elapsed_ms=1599.8'),1
FANOUT,K100,Exception('timeout_or_slo_miss: completed=100/100 errors=0 elapsed_ms=1116.8'),2
FANOUT,K100,Exception('timeout_or_slo_miss: completed=100/100 errors=0 elapsed_ms=1196.2'),1
FANOUT,K100,Exception('timeout_or_slo_miss: completed=92/100 errors=0 elapsed_ms=1598.9'),1
FANOUT,K100,Exception('timeout_or_slo_miss: completed=100/100 errors=0 elapsed_ms=1054.7'),1
FANOUT,K100,Exception('timeout_or_slo_miss: completed=100/100 errors=0 elapsed_ms=1063.7'),1
FANOUT,K100,Exception('timeout_or_slo_miss: completed=95/100 errors=0 elapsed_ms=1720.0'),1
FANOUT,K100,Exception('timeout_or_slo_miss: completed=100/100 errors=0 elapsed_ms=1057.8'),1
FANOUT,K100,Exception('timeout_or_slo_miss: completed=100/100 errors=0 elapsed_ms=1137.8'),2
FANOUT,K100,Exception('timeout_or_slo_miss: completed=100/100 errors=0 elapsed_ms=1042.4'),1
FANOUT,K100,Exception('timeout_or_slo_miss: completed=88/100 errors=0 elapsed_ms=1769.4'),1
FANOUT,K100,Exception('timeout_or_slo_miss: completed=100/100 errors=0 elapsed_ms=1088.2'),1
FANOUT,K100,Exception('timeout_or_slo_miss: completed=95/100 errors=0 elapsed_ms=1870.9'),1
FANOUT,K100,Exception('timeout_or_slo_miss: completed=100/100 errors=0 elapsed_ms=1079.9'),1
FANOUT,K100,Exception('timeout_or_slo_miss: completed=100/100 errors=0 elapsed_ms=1037.8'),1
FANOUT,K100,Exception('timeout_or_slo_miss: completed=100/100 errors=0 elapsed_ms=1057.3'),3
FANOUT,K100,Exception('timeout_or_slo_miss: completed=100/100 errors=0 elapsed_ms=1126.7'),1
FANOUT,K100,Exception('timeout_or_slo_miss: completed=100/100 errors=0 elapsed_ms=1088.9'),2
FANOUT,K100,Exception('timeout_or_slo_miss: completed=99/100 errors=0 elapsed_ms=2037.9'),1
FANOUT,K100,Exception('timeout_or_slo_miss: completed=100/100 errors=0 elapsed_ms=1113.6'),1
FANOUT,K100,Exception('timeout_or_slo_miss: completed=100/100 errors=0 elapsed_ms=1013.8'),2
FANOUT,K100,Exception('timeout_or_slo_miss: completed=100/100 errors=0 elapsed_ms=1166.7'),2
FANOUT,K100,Exception('timeout_or_slo_miss: completed=100/100 errors=0 elapsed_ms=1059.6'),3
FANOUT,K100,Exception('timeout_or_slo_miss: completed=100/100 errors=0 elapsed_ms=1147.2'),1
FANOUT,K100,Exception('timeout_or_slo_miss: completed=100/100 errors=0 elapsed_ms=1070.0'),2
FANOUT,K100,Exception('timeout_or_slo_miss: completed=100/100 errors=0 elapsed_ms=1022.1'),1
FANOUT,K100,Exception('timeout_or_slo_miss: completed=100/100 errors=0 elapsed_ms=1018.1'),1
FANOUT,K100,Exception('timeout_or_slo_miss: completed=100/100 errors=0 elapsed_ms=1025.5'),1
FANOUT,K100,Exception('timeout_or_slo_miss: completed=100/100 errors=0 elapsed_ms=1029.0'),1
FANOUT,K100,Exception('timeout_or_slo_miss: completed=100/100 errors=0 elapsed_ms=1142.8'),1
FANOUT,K100,Exception('timeout_or_slo_miss: completed=100/100 errors=0 elapsed_ms=1235.6'),1
FANOUT,K100,Exception('timeout_or_slo_miss: completed=100/100 errors=0 elapsed_ms=1139.2'),1
FANOUT,K100,Exception('timeout_or_slo_miss: completed=100/100 errors=0 elapsed_ms=1131.3'),1
FANOUT,K100,Exception('timeout_or_slo_miss: completed=100/100 errors=0 elapsed_ms=1023.1'),2
FANOUT,K100,Exception('timeout_or_slo_miss: completed=100/100 errors=0 elapsed_ms=1304.2'),1
FANOUT,K100,Exception('timeout_or_slo_miss: completed=100/100 errors=0 elapsed_ms=1385.7'),1
FANOUT,K100,Exception('timeout_or_slo_miss: completed=100/100 errors=0 elapsed_ms=1005.4'),1
FANOUT,K100,Exception('timeout_or_slo_miss: completed=88/100 errors=0 elapsed_ms=1519.4'),1
FANOUT,K100,Exception('timeout_or_slo_miss: completed=100/100 errors=0 elapsed_ms=1055.4'),2
FANOUT,K100,Exception('timeout_or_slo_miss: completed=100/100 errors=0 elapsed_ms=1118.1'),1
FANOUT,K100,Exception('timeout_or_slo_miss: completed=92/100 errors=0 elapsed_ms=1481.8'),1
FANOUT,K100,Exception('timeout_or_slo_miss: completed=100/100 errors=0 elapsed_ms=1017.5'),1
FANOUT,K100,Exception('timeout_or_slo_miss: completed=95/100 errors=0 elapsed_ms=1456.6'),1
FANOUT,K100,Exception('timeout_or_slo_miss: completed=100/100 errors=0 elapsed_ms=1019.9'),1
FANOUT,K100,Exception('timeout_or_slo_miss: completed=100/100 errors=0 elapsed_ms=1210.1'),2
FANOUT,K100,Exception('timeout_or_slo_miss: completed=100/100 errors=0 elapsed_ms=1059.1'),1
FANOUT,K100,Exception('timeout_or_slo_miss: completed=100/100 errors=0 elapsed_ms=1133.7'),2
FANOUT,K100,Exception('timeout_or_slo_miss: completed=100/100 errors=0 elapsed_ms=1081.0'),1
FANOUT,K100,Exception('timeout_or_slo_miss: completed=100/100 errors=0 elapsed_ms=1056.3'),1
FANOUT,K100,Exception('timeout_or_slo_miss: completed=100/100 errors=0 elapsed_ms=1029.4'),1
FANOUT,K100,Exception('timeout_or_slo_miss: completed=100/100 errors=0 elapsed_ms=1096.3'),2
FANOUT,K100,Exception('timeout_or_slo_miss: completed=100/100 errors=0 elapsed_ms=1007.0'),2
FANOUT,K100,Exception('timeout_or_slo_miss: completed=100/100 errors=0 elapsed_ms=1177.8'),1
FANOUT,K100,Exception('timeout_or_slo_miss: completed=100/100 errors=0 elapsed_ms=1081.9'),1
FANOUT,K100,Exception('timeout_or_slo_miss: completed=100/100 errors=0 elapsed_ms=1563.3'),1
FANOUT,K100,Exception('timeout_or_slo_miss: completed=100/100 errors=0 elapsed_ms=1171.4'),1
FANOUT,K100,Exception('timeout_or_slo_miss: completed=100/100 errors=0 elapsed_ms=1047.8'),3
FANOUT,K100,Exception('timeout_or_slo_miss: completed=100/100 errors=0 elapsed_ms=1022.4'),2
FANOUT,K100,Exception('timeout_or_slo_miss: completed=100/100 errors=0 elapsed_ms=1254.5'),1
FANOUT,K100,Exception('timeout_or_slo_miss: completed=100/100 errors=0 elapsed_ms=1142.0'),1
FANOUT,K100,Exception('timeout_or_slo_miss: completed=100/100 errors=0 elapsed_ms=1087.2'),1
FANOUT,K100,Exception('timeout_or_slo_miss: completed=100/100 errors=0 elapsed_ms=1044.7'),2
FANOUT,K100,Exception('timeout_or_slo_miss: completed=100/100 errors=0 elapsed_ms=1109.7'),1
FANOUT,K100,Exception('timeout_or_slo_miss: completed=100/100 errors=0 elapsed_ms=1084.7'),1
FANOUT,K100,Exception('timeout_or_slo_miss: completed=100/100 errors=0 elapsed_ms=1055.6'),1
FANOUT,K100,Exception('timeout_or_slo_miss: completed=100/100 errors=0 elapsed_ms=1118.6'),1
FANOUT,K100,Exception('timeout_or_slo_miss: completed=100/100 errors=0 elapsed_ms=1003.4'),1
FANOUT,K100,Exception('timeout_or_slo_miss: completed=89/100 errors=0 elapsed_ms=1753.1'),1
FANOUT,K100,Exception('timeout_or_slo_miss: completed=100/100 errors=0 elapsed_ms=1065.4'),1
FANOUT,K100,Exception('timeout_or_slo_miss: completed=91/100 errors=0 elapsed_ms=1597.4'),1
FANOUT,K100,Exception('timeout_or_slo_miss: completed=100/100 errors=0 elapsed_ms=1213.1'),1
FANOUT,K100,Exception('timeout_or_slo_miss: completed=100/100 errors=0 elapsed_ms=1190.7'),1
FANOUT,K100,Exception('timeout_or_slo_miss: completed=100/100 errors=0 elapsed_ms=1062.5'),1
FANOUT,K100,Exception('timeout_or_slo_miss: completed=100/100 errors=0 elapsed_ms=1012.2'),3
FANOUT,K100,Exception('timeout_or_slo_miss: completed=100/100 errors=0 elapsed_ms=1058.1'),1
FANOUT,K100,Exception('timeout_or_slo_miss: completed=100/100 errors=0 elapsed_ms=1035.2'),1
FANOUT,K100,Exception('timeout_or_slo_miss: completed=100/100 errors=0 elapsed_ms=1166.1'),1
FANOUT,K100,Exception('timeout_or_slo_miss: completed=100/100 errors=0 elapsed_ms=1013.9'),1
FANOUT,K100,Exception('timeout_or_slo_miss: completed=100/100 errors=0 elapsed_ms=1140.1'),1
FANOUT,K100,Exception('timeout_or_slo_miss: completed=100/100 errors=0 elapsed_ms=1061.8'),1
FANOUT,K100,Exception('timeout_or_slo_miss: completed=100/100 errors=0 elapsed_ms=1022.9'),4
FANOUT,K100,Exception('timeout_or_slo_miss: completed=85/100 errors=0 elapsed_ms=1599.1'),1
FANOUT,K100,Exception('timeout_or_slo_miss: completed=100/100 errors=0 elapsed_ms=1063.5'),3
FANOUT,K100,Exception('timeout_or_slo_miss: completed=100/100 errors=0 elapsed_ms=1078.5'),1
FANOUT,K100,Exception('timeout_or_slo_miss: completed=89/100 errors=0 elapsed_ms=1598.3'),1
FANOUT,K100,Exception('timeout_or_slo_miss: completed=100/100 errors=0 elapsed_ms=1048.0'),1
FANOUT,K100,Exception('timeout_or_slo_miss: completed=100/100 errors=0 elapsed_ms=1116.7'),1
FANOUT,K100,Exception('timeout_or_slo_miss: completed=100/100 errors=0 elapsed_ms=1031.9'),2
FANOUT,K100,Exception('timeout_or_slo_miss: completed=100/100 errors=0 elapsed_ms=1102.6'),2
FANOUT,K100,Exception('timeout_or_slo_miss: completed=97/100 errors=0 elapsed_ms=1488.3'),1
FANOUT,K100,Exception('timeout_or_slo_miss: completed=100/100 errors=0 elapsed_ms=1195.2'),1
FANOUT,K100,Exception('timeout_or_slo_miss: completed=89/100 errors=0 elapsed_ms=1632.3'),1
FANOUT,K100,Exception('timeout_or_slo_miss: completed=100/100 errors=0 elapsed_ms=1054.4'),1
FANOUT,K100,Exception('timeout_or_slo_miss: completed=100/100 errors=0 elapsed_ms=1039.9'),1
FANOUT,K100,Exception('timeout_or_slo_miss: completed=100/100 errors=0 elapsed_ms=1335.7'),1
FANOUT,K100,Exception('timeout_or_slo_miss: completed=100/100 errors=0 elapsed_ms=1212.2'),1
FANOUT,K100,Exception('timeout_or_slo_miss: completed=93/100 errors=0 elapsed_ms=1767.3'),1
FANOUT,K100,Exception('timeout_or_slo_miss: completed=100/100 errors=0 elapsed_ms=1014.7'),3
FANOUT,K100,Exception('timeout_or_slo_miss: completed=100/100 errors=0 elapsed_ms=1016.7'),1
FANOUT,K100,Exception('timeout_or_slo_miss: completed=91/100 errors=0 elapsed_ms=1684.0'),1
FANOUT,K100,Exception('timeout_or_slo_miss: completed=100/100 errors=0 elapsed_ms=1221.1'),2
FANOUT,K100,Exception('timeout_or_slo_miss: completed=90/100 errors=0 elapsed_ms=1686.2'),1
FANOUT,K100,Exception('timeout_or_slo_miss: completed=100/100 errors=0 elapsed_ms=1065.2'),1
FANOUT,K100,Exception('timeout_or_slo_miss: completed=100/100 errors=0 elapsed_ms=1181.6'),1
FANOUT,K100,Exception('timeout_or_slo_miss: completed=100/100 errors=0 elapsed_ms=1076.2'),1
FANOUT,K100,Exception('timeout_or_slo_miss: completed=100/100 errors=0 elapsed_ms=1198.1'),1
FANOUT,K100,Exception('timeout_or_slo_miss: completed=100/100 errors=0 elapsed_ms=1023.0'),2
FANOUT,K100,Exception('timeout_or_slo_miss: completed=100/100 errors=0 elapsed_ms=1106.7'),1
FANOUT,K100,Exception('timeout_or_slo_miss: completed=90/100 errors=0 elapsed_ms=1561.3'),1
FANOUT,K100,Exception('timeout_or_slo_miss: completed=100/100 errors=0 elapsed_ms=1048.7'),1
FANOUT,K100,Exception('timeout_or_slo_miss: completed=100/100 errors=0 elapsed_ms=1187.1'),1
FANOUT,K100,Exception('timeout_or_slo_miss: completed=100/100 errors=0 elapsed_ms=1101.7'),2
FANOUT,K100,Exception('timeout_or_slo_miss: completed=100/100 errors=0 elapsed_ms=1028.2'),1
FANOUT,K100,Exception('timeout_or_slo_miss: completed=100/100 errors=0 elapsed_ms=1485.7'),1
FANOUT,K100,Exception('timeout_or_slo_miss: completed=100/100 errors=0 elapsed_ms=1035.1'),2
FANOUT,K100,Exception('timeout_or_slo_miss: completed=100/100 errors=0 elapsed_ms=1053.4'),1
FANOUT,K100,Exception('timeout_or_slo_miss: completed=93/100 errors=0 elapsed_ms=1368.7'),1
FANOUT,K100,Exception('timeout_or_slo_miss: completed=100/100 errors=0 elapsed_ms=1007.5'),1
FANOUT,K100,Exception('timeout_or_slo_miss: completed=100/100 errors=0 elapsed_ms=1060.2'),3
FANOUT,K100,Exception('timeout_or_slo_miss: completed=100/100 errors=0 elapsed_ms=1019.6'),2
FANOUT,K100,Exception('timeout_or_slo_miss: completed=90/100 errors=0 elapsed_ms=1722.4'),1
FANOUT,K100,Exception('timeout_or_slo_miss: completed=100/100 errors=0 elapsed_ms=1301.4'),1
FANOUT,K100,Exception('timeout_or_slo_miss: completed=100/100 errors=0 elapsed_ms=1158.7'),1
FANOUT,K100,Exception('timeout_or_slo_miss: completed=100/100 errors=0 elapsed_ms=1090.6'),1
FANOUT,K100,Exception('timeout_or_slo_miss: completed=100/100 errors=0 elapsed_ms=1062.6'),2
FANOUT,K100,Exception('timeout_or_slo_miss: completed=100/100 errors=0 elapsed_ms=1216.4'),1
FANOUT,K100,Exception('timeout_or_slo_miss: completed=100/100 errors=0 elapsed_ms=1010.4'),3
FANOUT,K100,Exception('timeout_or_slo_miss: completed=100/100 errors=0 elapsed_ms=1099.8'),1
FANOUT,K100,Exception('timeout_or_slo_miss: completed=100/100 errors=0 elapsed_ms=1116.4'),1
FANOUT,K100,Exception('timeout_or_slo_miss: completed=100/100 errors=0 elapsed_ms=1077.7'),1
FANOUT,K100,Exception('timeout_or_slo_miss: completed=100/100 errors=0 elapsed_ms=1120.1'),1
FANOUT,K100,Exception('timeout_or_slo_miss: completed=100/100 errors=0 elapsed_ms=1373.5'),1
FANOUT,K100,Exception('timeout_or_slo_miss: completed=86/100 errors=0 elapsed_ms=1702.8'),1
FANOUT,K100,Exception('timeout_or_slo_miss: completed=100/100 errors=0 elapsed_ms=1310.5'),1
FANOUT,K100,Exception('timeout_or_slo_miss: completed=100/100 errors=0 elapsed_ms=1062.7'),1
FANOUT,K100,Exception('timeout_or_slo_miss: completed=100/100 errors=0 elapsed_ms=1105.7'),1
FANOUT,K100,Exception('timeout_or_slo_miss: completed=100/100 errors=0 elapsed_ms=1076.1'),1
FANOUT,K100,Exception('timeout_or_slo_miss: completed=100/100 errors=0 elapsed_ms=1006.9'),1
FANOUT,K100,Exception('timeout_or_slo_miss: completed=100/100 errors=0 elapsed_ms=1214.0'),1
FANOUT,K100,Exception('timeout_or_slo_miss: completed=100/100 errors=0 elapsed_ms=1040.6'),1
FANOUT,K100,Exception('timeout_or_slo_miss: completed=100/100 errors=0 elapsed_ms=1044.3'),3
FANOUT,K100,Exception('timeout_or_slo_miss: completed=84/100 errors=0 elapsed_ms=2099.8'),1
FANOUT,K100,Exception('timeout_or_slo_miss: completed=100/100 errors=0 elapsed_ms=1211.4'),1
FANOUT,K100,Exception('timeout_or_slo_miss: completed=100/100 errors=0 elapsed_ms=1025.4'),1
FANOUT,K100,Exception('timeout_or_slo_miss: completed=100/100 errors=0 elapsed_ms=1036.5'),6
FANOUT,K100,Exception('timeout_or_slo_miss: completed=100/100 errors=0 elapsed_ms=1006.4'),2
FANOUT,K100,Exception('timeout_or_slo_miss: completed=100/100 errors=0 elapsed_ms=1075.1'),1
FANOUT,K100,Exception('timeout_or_slo_miss: completed=100/100 errors=0 elapsed_ms=1062.3'),1
FANOUT,K100,Exception('timeout_or_slo_miss: completed=100/100 errors=0 elapsed_ms=1124.6'),1
FANOUT,K100,Exception('timeout_or_slo_miss: completed=100/100 errors=0 elapsed_ms=1241.7'),1
FANOUT,K100,Exception('timeout_or_slo_miss: completed=100/100 errors=0 elapsed_ms=1069.3'),1
FANOUT,K100,Exception('timeout_or_slo_miss: completed=100/100 errors=0 elapsed_ms=1121.2'),1
FANOUT,K100,Exception('timeout_or_slo_miss: completed=100/100 errors=0 elapsed_ms=1083.1'),1
FANOUT,K100,Exception('timeout_or_slo_miss: completed=100/100 errors=0 elapsed_ms=1278.8'),1
FANOUT,K100,Exception('timeout_or_slo_miss: completed=100/100 errors=0 elapsed_ms=1085.3'),1
FANOUT,K100,Exception('timeout_or_slo_miss: completed=100/100 errors=0 elapsed_ms=1074.2'),1
FANOUT,K100,Exception('timeout_or_slo_miss: completed=100/100 errors=0 elapsed_ms=1107.0'),1
FANOUT,K100,Exception('timeout_or_slo_miss: completed=100/100 errors=0 elapsed_ms=1094.3'),1
FANOUT,K100,Exception('timeout_or_slo_miss: completed=100/100 errors=0 elapsed_ms=1120.3'),1
FANOUT,K100,Exception('timeout_or_slo_miss: completed=100/100 errors=0 elapsed_ms=1068.7'),1
FANOUT,K100,Exception('timeout_or_slo_miss: completed=100/100 errors=0 elapsed_ms=1017.1'),2
FANOUT,K100,Exception('timeout_or_slo_miss: completed=100/100 errors=0 elapsed_ms=1155.7'),1
FANOUT,K100,Exception('timeout_or_slo_miss: completed=100/100 errors=0 elapsed_ms=1127.3'),2
FANOUT,K100,Exception('timeout_or_slo_miss: completed=100/100 errors=0 elapsed_ms=1003.0'),2
FANOUT,K100,Exception('timeout_or_slo_miss: completed=100/100 errors=0 elapsed_ms=1088.4'),2
FANOUT,K100,Exception('timeout_or_slo_miss: completed=100/100 errors=0 elapsed_ms=1054.0'),1
FANOUT,K100,Exception('timeout_or_slo_miss: completed=100/100 errors=0 elapsed_ms=1503.7'),1
FANOUT,K100,Exception('timeout_or_slo_miss: completed=100/100 errors=0 elapsed_ms=1402.8'),1
FANOUT,K100,Exception('timeout_or_slo_miss: completed=100/100 errors=0 elapsed_ms=1184.8'),1
FANOUT,K100,Exception('timeout_or_slo_miss: completed=100/100 errors=0 elapsed_ms=1029.9'),1
FANOUT,K100,Exception('timeout_or_slo_miss: completed=100/100 errors=0 elapsed_ms=1045.1'),2
FANOUT,K100,Exception('timeout_or_slo_miss: completed=100/100 errors=0 elapsed_ms=1112.2'),1
FANOUT,K100,Exception('timeout_or_slo_miss: completed=100/100 errors=0 elapsed_ms=1002.4'),1
FANOUT,K100,Exception('timeout_or_slo_miss: completed=100/100 errors=0 elapsed_ms=1101.5'),1
FANOUT,K100,Exception('timeout_or_slo_miss: completed=100/100 errors=0 elapsed_ms=1011.7'),1
FANOUT,K100,Exception('timeout_or_slo_miss: completed=100/100 errors=0 elapsed_ms=1022.5'),2
FANOUT,K100,Exception('timeout_or_slo_miss: completed=92/100 errors=0 elapsed_ms=1517.7'),1
FANOUT,K100,Exception('timeout_or_slo_miss: completed=100/100 errors=0 elapsed_ms=1174.7'),1
FANOUT,K100,Exception('timeout_or_slo_miss: completed=100/100 errors=0 elapsed_ms=1101.3'),1
FANOUT,K100,Exception('timeout_or_slo_miss: completed=90/100 errors=0 elapsed_ms=1574.2'),1
FANOUT,K100,Exception('timeout_or_slo_miss: completed=94/100 errors=0 elapsed_ms=1747.4'),1
FANOUT,K100,Exception('timeout_or_slo_miss: completed=100/100 errors=0 elapsed_ms=1035.7'),2
FANOUT,K100,Exception('timeout_or_slo_miss: completed=100/100 errors=0 elapsed_ms=1153.8'),1
FANOUT,K100,Exception('timeout_or_slo_miss: completed=100/100 errors=0 elapsed_ms=1086.8'),1
FANOUT,K100,Exception('timeout_or_slo_miss: completed=100/100 errors=0 elapsed_ms=1079.3'),1
FANOUT,K100,Exception('timeout_or_slo_miss: completed=100/100 errors=0 elapsed_ms=1215.4'),1
FANOUT,K100,Exception('timeout_or_slo_miss: completed=88/100 errors=0 elapsed_ms=1600.5'),1
FANOUT,K100,Exception('timeout_or_slo_miss: completed=100/100 errors=0 elapsed_ms=1021.0'),1
FANOUT,K100,Exception('timeout_or_slo_miss: completed=100/100 errors=0 elapsed_ms=1021.7'),2
FANOUT,K100,Exception('timeout_or_slo_miss: completed=100/100 errors=0 elapsed_ms=1106.4'),3
FANOUT,K100,Exception('timeout_or_slo_miss: completed=84/100 errors=0 elapsed_ms=1895.6'),1
FANOUT,K100,Exception('timeout_or_slo_miss: completed=93/100 errors=0 elapsed_ms=1546.4'),1
FANOUT,K100,Exception('timeout_or_slo_miss: completed=100/100 errors=0 elapsed_ms=1340.3'),1
FANOUT,K100,Exception('timeout_or_slo_miss: completed=100/100 errors=0 elapsed_ms=1009.7'),1
FANOUT,K100,Exception('timeout_or_slo_miss: completed=100/100 errors=0 elapsed_ms=1008.3'),1
FANOUT,K100,Exception('timeout_or_slo_miss: completed=92/100 errors=0 elapsed_ms=1809.9'),1
FANOUT,K100,Exception('timeout_or_slo_miss: completed=100/100 errors=0 elapsed_ms=1062.2'),1
FANOUT,K100,Exception('timeout_or_slo_miss: completed=100/100 errors=0 elapsed_ms=1013.1'),1
FANOUT,K100,Exception('timeout_or_slo_miss: completed=100/100 errors=0 elapsed_ms=1149.4'),1
FANOUT,K100,Exception('timeout_or_slo_miss: completed=100/100 errors=0 elapsed_ms=1030.7'),2
FANOUT,K100,Exception('timeout_or_slo_miss: completed=100/100 errors=0 elapsed_ms=1119.3'),1
FANOUT,K100,Exception('timeout_or_slo_miss: completed=100/100 errors=0 elapsed_ms=1067.0'),1
FANOUT,K100,Exception('timeout_or_slo_miss: completed=100/100 errors=0 elapsed_ms=1102.5'),1
FANOUT,K100,Exception('timeout_or_slo_miss: completed=100/100 errors=0 elapsed_ms=1026.5'),2
FANOUT,K100,Exception('timeout_or_slo_miss: completed=100/100 errors=0 elapsed_ms=1060.1'),2
FANOUT,K100,Exception('timeout_or_slo_miss: completed=100/100 errors=0 elapsed_ms=1135.5'),1
FANOUT,K100,Exception('timeout_or_slo_miss: completed=100/100 errors=0 elapsed_ms=1480.9'),1
FANOUT,K100,Exception('timeout_or_slo_miss: completed=100/100 errors=0 elapsed_ms=1257.5'),1
FANOUT,K100,Exception('timeout_or_slo_miss: completed=100/100 errors=0 elapsed_ms=1027.7'),2
FANOUT,K100,Exception('timeout_or_slo_miss: completed=100/100 errors=0 elapsed_ms=1214.9'),1
FANOUT,K100,Exception('timeout_or_slo_miss: completed=100/100 errors=0 elapsed_ms=1005.8'),3
FANOUT,K100,Exception('timeout_or_slo_miss: completed=100/100 errors=0 elapsed_ms=1041.2'),4
FANOUT,K100,Exception('timeout_or_slo_miss: completed=100/100 errors=0 elapsed_ms=1012.4'),2
FANOUT,K100,Exception('timeout_or_slo_miss: completed=100/100 errors=0 elapsed_ms=1046.0'),3
FANOUT,K100,Exception('timeout_or_slo_miss: completed=100/100 errors=0 elapsed_ms=1055.0'),2
FANOUT,K100,Exception('timeout_or_slo_miss: completed=100/100 errors=0 elapsed_ms=1052.9'),3
FANOUT,K100,Exception('timeout_or_slo_miss: completed=100/100 errors=0 elapsed_ms=1067.5'),1
FANOUT,K100,Exception('timeout_or_slo_miss: completed=100/100 errors=0 elapsed_ms=1149.5'),1
FANOUT,K100,Exception('timeout_or_slo_miss: completed=100/100 errors=0 elapsed_ms=1167.5'),1
FANOUT,K100,Exception('timeout_or_slo_miss: completed=100/100 errors=0 elapsed_ms=1162.2'),1
FANOUT,K100,Exception('timeout_or_slo_miss: completed=100/100 errors=0 elapsed_ms=1100.3'),1
FANOUT,K100,Exception('timeout_or_slo_miss: completed=100/100 errors=0 elapsed_ms=1172.0'),1
FANOUT,K100,Exception('timeout_or_slo_miss: completed=100/100 errors=0 elapsed_ms=1052.2'),1
FANOUT,K100,Exception('timeout_or_slo_miss: completed=100/100 errors=0 elapsed_ms=1043.8'),2
FANOUT,K100,Exception('timeout_or_slo_miss: completed=95/100 errors=0 elapsed_ms=1547.0'),1
FANOUT,K100,Exception('timeout_or_slo_miss: completed=100/100 errors=0 elapsed_ms=1068.9'),1
FANOUT,K100,Exception('timeout_or_slo_miss: completed=100/100 errors=0 elapsed_ms=1185.8'),1
FANOUT,K100,Exception('timeout_or_slo_miss: completed=100/100 errors=0 elapsed_ms=1265.9'),1
FANOUT,K100,Exception('timeout_or_slo_miss: completed=100/100 errors=0 elapsed_ms=1041.1'),1
FANOUT,K100,Exception('timeout_or_slo_miss: completed=100/100 errors=0 elapsed_ms=1069.9'),3
FANOUT,K100,Exception('timeout_or_slo_miss: completed=100/100 errors=0 elapsed_ms=1162.8'),1
FANOUT,K100,Exception('timeout_or_slo_miss: completed=100/100 errors=0 elapsed_ms=1058.2'),1
FANOUT,K100,Exception('timeout_or_slo_miss: completed=100/100 errors=0 elapsed_ms=1176.3'),1
FANOUT,K100,Exception('timeout_or_slo_miss: completed=100/100 errors=0 elapsed_ms=1004.8'),3
FANOUT,K100,Exception('timeout_or_slo_miss: completed=100/100 errors=0 elapsed_ms=1003.8'),3
FANOUT,K100,Exception('timeout_or_slo_miss: completed=100/100 errors=0 elapsed_ms=1065.7'),1
FANOUT,K100,Exception('timeout_or_slo_miss: completed=100/100 errors=0 elapsed_ms=1026.3'),1
FANOUT,K100,Exception('timeout_or_slo_miss: completed=100/100 errors=0 elapsed_ms=1079.4'),1
FANOUT,K100,Exception('timeout_or_slo_miss: completed=100/100 errors=0 elapsed_ms=1031.0'),2
FANOUT,K100,Exception('timeout_or_slo_miss: completed=100/100 errors=0 elapsed_ms=1031.1'),3
FANOUT,K100,Exception('timeout_or_slo_miss: completed=100/100 errors=0 elapsed_ms=1014.6'),1
FANOUT,K100,Exception('timeout_or_slo_miss: completed=100/100 errors=0 elapsed_ms=1024.0'),2
FANOUT,K100,Exception('timeout_or_slo_miss: completed=100/100 errors=0 elapsed_ms=1112.7'),1
FANOUT,K100,Exception('timeout_or_slo_miss: completed=100/100 errors=0 elapsed_ms=1089.5'),2
FANOUT,K100,Exception('timeout_or_slo_miss: completed=100/100 errors=0 elapsed_ms=1011.4'),3
FANOUT,K100,Exception('timeout_or_slo_miss: completed=100/100 errors=0 elapsed_ms=1123.6'),2
FANOUT,K100,Exception('timeout_or_slo_miss: completed=100/100 errors=0 elapsed_ms=1108.9'),1
FANOUT,K100,Exception('timeout_or_slo_miss: completed=100/100 errors=0 elapsed_ms=1006.8'),1
FANOUT,K100,Exception('timeout_or_slo_miss: completed=100/100 errors=0 elapsed_ms=1085.5'),1
FANOUT,K100,Exception('timeout_or_slo_miss: completed=100/100 errors=0 elapsed_ms=1052.7'),2
FANOUT,K100,Exception('timeout_or_slo_miss: completed=100/100 errors=0 elapsed_ms=1141.3'),1
FANOUT,K100,Exception('timeout_or_slo_miss: completed=100/100 errors=0 elapsed_ms=1087.0'),1
FANOUT,K100,Exception('timeout_or_slo_miss: completed=100/100 errors=0 elapsed_ms=1150.9'),1
FANOUT,K100,Exception('timeout_or_slo_miss: completed=100/100 errors=0 elapsed_ms=1024.3'),1
FANOUT,K100,Exception('timeout_or_slo_miss: completed=100/100 errors=0 elapsed_ms=1009.4'),1
FANOUT,K100,Exception('timeout_or_slo_miss: completed=100/100 errors=0 elapsed_ms=1066.5'),1
FANOUT,K100,Exception('timeout_or_slo_miss: completed=100/100 errors=0 elapsed_ms=1040.4'),2
FANOUT,K100,Exception('timeout_or_slo_miss: completed=100/100 errors=0 elapsed_ms=1163.1'),1
FANOUT,K100,Exception('timeout_or_slo_miss: completed=92/100 errors=0 elapsed_ms=1565.2'),1
FANOUT,K100,Exception('timeout_or_slo_miss: completed=90/100 errors=0 elapsed_ms=1579.4'),1
FANOUT,K100,Exception('timeout_or_slo_miss: completed=100/100 errors=0 elapsed_ms=1082.3'),1
FANOUT,K100,Exception('timeout_or_slo_miss: completed=90/100 errors=0 elapsed_ms=1563.7'),1
FANOUT,K100,Exception('timeout_or_slo_miss: completed=100/100 errors=0 elapsed_ms=1032.2'),2
FANOUT,K100,Exception('timeout_or_slo_miss: completed=100/100 errors=0 elapsed_ms=1050.2'),1
FANOUT,K100,Exception('timeout_or_slo_miss: completed=89/100 errors=0 elapsed_ms=1601.1'),1
FANOUT,K100,Exception('timeout_or_slo_miss: completed=100/100 errors=0 elapsed_ms=1443.3'),1
FANOUT,K100,Exception('timeout_or_slo_miss: completed=100/100 errors=0 elapsed_ms=1066.4'),1
FANOUT,K100,Exception('timeout_or_slo_miss: completed=93/100 errors=0 elapsed_ms=1607.4'),1
FANOUT,K100,Exception('timeout_or_slo_miss: completed=100/100 errors=0 elapsed_ms=1049.3'),2
FANOUT,K100,Exception('timeout_or_slo_miss: completed=100/100 errors=0 elapsed_ms=1132.6'),1
FANOUT,K100,Exception('timeout_or_slo_miss: completed=100/100 errors=0 elapsed_ms=1111.2'),2
FANOUT,K100,Exception('timeout_or_slo_miss: completed=100/100 errors=0 elapsed_ms=1041.5'),2
FANOUT,K100,Exception('timeout_or_slo_miss: completed=100/100 errors=0 elapsed_ms=1000.4'),2
FANOUT,K100,Exception('timeout_or_slo_miss: completed=100/100 errors=0 elapsed_ms=1130.1'),1
FANOUT,K100,Exception('timeout_or_slo_miss: completed=100/100 errors=0 elapsed_ms=1599.5'),1
FANOUT,K100,Exception('timeout_or_slo_miss: completed=100/100 errors=0 elapsed_ms=1018.8'),3
FANOUT,K100,Exception('timeout_or_slo_miss: completed=100/100 errors=0 elapsed_ms=1300.0'),1
FANOUT,K100,Exception('timeout_or_slo_miss: completed=87/100 errors=0 elapsed_ms=2049.7'),1
FANOUT,K100,Exception('timeout_or_slo_miss: completed=95/100 errors=0 elapsed_ms=1715.1'),1
FANOUT,K100,Exception('timeout_or_slo_miss: completed=87/100 errors=0 elapsed_ms=1685.8'),1
FANOUT,K100,Exception('timeout_or_slo_miss: completed=100/100 errors=0 elapsed_ms=1128.6'),1
FANOUT,K100,Exception('timeout_or_slo_miss: completed=100/100 errors=0 elapsed_ms=1117.6'),2
FANOUT,K100,Exception('timeout_or_slo_miss: completed=100/100 errors=0 elapsed_ms=1146.7'),2
FANOUT,K100,Exception('timeout_or_slo_miss: completed=100/100 errors=0 elapsed_ms=1029.6'),2
FANOUT,K100,Exception('timeout_or_slo_miss: completed=100/100 errors=0 elapsed_ms=1174.6'),1
FANOUT,K100,Exception('timeout_or_slo_miss: completed=100/100 errors=0 elapsed_ms=1085.4'),2
FANOUT,K100,Exception('timeout_or_slo_miss: completed=100/100 errors=0 elapsed_ms=1040.1'),1
FANOUT,K100,Exception('timeout_or_slo_miss: completed=100/100 errors=0 elapsed_ms=1102.8'),2
FANOUT,K100,Exception('timeout_or_slo_miss: completed=100/100 errors=0 elapsed_ms=1064.0'),2
FANOUT,K100,Exception('timeout_or_slo_miss: completed=100/100 errors=0 elapsed_ms=1042.3'),1
FANOUT,K100,Exception('timeout_or_slo_miss: completed=100/100 errors=0 elapsed_ms=1061.5'),1
FANOUT,K100,Exception('timeout_or_slo_miss: completed=100/100 errors=0 elapsed_ms=1063.8'),1
FANOUT,K100,Exception('timeout_or_slo_miss: completed=100/100 errors=0 elapsed_ms=1007.1'),2
FANOUT,K100,Exception('timeout_or_slo_miss: completed=100/100 errors=0 elapsed_ms=1532.5'),1
FANOUT,K100,Exception('timeout_or_slo_miss: completed=100/100 errors=0 elapsed_ms=1138.2'),1
FANOUT,K100,Exception('timeout_or_slo_miss: completed=100/100 errors=0 elapsed_ms=1004.0'),1
FANOUT,K100,Exception('timeout_or_slo_miss: completed=100/100 errors=0 elapsed_ms=1039.3'),1
FANOUT,K100,Exception('timeout_or_slo_miss: completed=100/100 errors=0 elapsed_ms=1044.6'),2
FANOUT,K100,Exception('timeout_or_slo_miss: completed=100/100 errors=0 elapsed_ms=1073.7'),1
FANOUT,K100,Exception('timeout_or_slo_miss: completed=89/100 errors=0 elapsed_ms=1689.2'),1
FANOUT,K100,Exception('timeout_or_slo_miss: completed=91/100 errors=0 elapsed_ms=1566.8'),1
FANOUT,K100,Exception('timeout_or_slo_miss: completed=92/100 errors=0 elapsed_ms=1575.1'),1
FANOUT,K100,Exception('timeout_or_slo_miss: completed=100/100 errors=0 elapsed_ms=1031.2'),2
