Timestamp,User Count,Type,Name,Requests/s,Failures/s,50%,66%,75%,80%,90%,95%,98%,99%,99.9%,99.99%,100%,Total Request Count,Total Failure Count,Total Median Response Time,Total Average Response Time,Total Min Response Time,Total Max Response Time,Total Average Content Size
1774214471,0,,Aggregated,0.000000,0.000000,N/A,N/A,N/A,N/A,N/A,N/A,N/A,N/A,N/A,N/A,N/A,0,0,0,0.0,0,0,0
1774214472,10,,Aggregated,0.000000,0.000000,N/A,N/A,N/A,N/A,N/A,N/A,N/A,N/A,N/A,N/A,N/A,0,0,0,0.0,0,0,0
1774214473,10,,Aggregated,0.000000,0.000000,N/A,N/A,N/A,N/A,N/A,N/A,N/A,N/A,N/A,N/A,N/A,0,0,0,0.0,0,0,0
1774214474,10,,Aggregated,0.000000,0.000000,N/A,N/A,N/A,N/A,N/A,N/A,N/A,N/A,N/A,N/A,N/A,0,0,0,0.0,0,0,0
1774214475,10,,Aggregated,0.000000,0.000000,N/A,N/A,N/A,N/A,N/A,N/A,N/A,N/A,N/A,N/A,N/A,0,0,0,0.0,0,0,0
1774214476,10,,Aggregated,0.000000,0.000000,N/A,N/A,N/A,N/A,N/A,N/A,N/A,N/A,N/A,N/A,N/A,0,0,0,0.0,0,0,0
1774214477,10,,Aggregated,0.000000,0.000000,N/A,N/A,N/A,N/A,N/A,N/A,N/A,N/A,N/A,N/A,N/A,0,0,0,0.0,0,0,0
1774214478,10,,Aggregated,0.000000,0.000000,N/A,N/A,N/A,N/A,N/A,N/A,N/A,N/A,N/A,N/A,N/A,0,0,0,0.0,0,0,0
1774214479,10,,Aggregated,0.000000,0.000000,N/A,N/A,N/A,N/A,N/A,N/A,N/A,N/A,N/A,N/A,N/A,0,0,0,0.0,0,0,0
1774214480,10,,Aggregated,0.000000,0.000000,N/A,N/A,N/A,N/A,N/A,N/A,N/A,N/A,N/A,N/A,N/A,0,0,0,0.0,0,0,0
1774214481,10,,Aggregated,0.000000,0.000000,10000,10000,10000,10000,10000,10000,10000,10000,10000,10000,10000,3,3,9977.973146000295,9893.152717667059,9734.629540000242,9977.973146000295,0.0
1774214482,10,,Aggregated,0.000000,0.000000,10000,10000,10000,10000,10000,10000,10000,10000,10000,10000,10000,3,3,9977.973146000295,9893.152717667059,9734.629540000242,9977.973146000295,0.0
1774214483,10,,Aggregated,0.000000,0.000000,10000,10000,10000,10000,10000,10000,10000,10000,10000,10000,10000,3,3,9977.973146000295,9893.152717667059,9734.629540000242,9977.973146000295,0.0
1774214484,10,,Aggregated,0.100000,0.100000,12000,12000,12000,12000,13000,13000,13000,13000,13000,13000,13000,6,6,10000.0,11146.350290666762,9734.629540000242,12512.990828999136,0.0
1774214485,10,,Aggregated,0.300000,0.300000,10000,12000,12000,12000,13000,13000,13000,13000,13000,13000,13000,7,7,10000.0,10087.038952142915,3731.17092099983,12512.990828999136,0.0
1774214486,10,,Aggregated,0.600000,0.600000,9700,10000,12000,12000,12000,13000,13000,13000,13000,13000,13000,12,12,3800.0,7002.448438250062,1685.1142109999273,12512.990828999136,0.0
1774214487,10,,Aggregated,0.600000,0.600000,3800,10000,10000,12000,12000,13000,13000,13000,13000,13000,13000,13,13,3800.0,6592.874660384671,1677.989325999988,12512.990828999136,0.0
1774214488,10,,Aggregated,0.600000,0.600000,3700,3800,10000,10000,12000,13000,13000,13000,13000,13000,13000,18,18,2100.0,5247.51713355565,1449.182127000313,12512.990828999136,0.0
1774214489,10,,Aggregated,1.300000,1.300000,3700,9700,12000,12000,18000,18000,18000,18000,18000,18000,18000,24,24,2100.0,6337.239868916717,1019.9691130001156,17993.59798599926,0.0
1774214490,10,,Aggregated,1.800000,1.800000,2000,9700,10000,12000,18000,18000,18000,18000,18000,18000,18000,29,29,2000.0,6017.422872586237,1019.9691130001156,18110.77850699985,0.0
1774214491,10,,Aggregated,2.000000,2.000000,1900,3700,10000,12000,18000,18000,18000,18000,18000,18000,18000,34,34,1800.0,5314.574388029408,1019.9691130001156,18110.77850699985,0.0
1774214492,10,,Aggregated,2.000000,2.000000,1800,3700,10000,12000,18000,18000,18000,18000,18000,18000,18000,35,35,1800.0,5206.949799628559,1019.9691130001156,18110.77850699985,0.0
1774214493,10,,Aggregated,2.800000,2.800000,1800,2100,9700,10000,18000,18000,18000,18000,18000,18000,18000,39,39,1800.0,4844.282890025591,1019.9691130001156,18110.77850699985,0.0
1774214494,10,,Aggregated,3.200000,3.200000,1800,2100,3800,10000,13000,18000,18000,18000,18000,18000,18000,42,42,1700.0,4619.1713380951915,1019.9691130001156,18110.77850699985,0.0
1774214495,10,,Aggregated,3.600000,3.600000,1600,2000,3700,9700,13000,18000,18000,18000,18000,18000,18000,47,47,1600.0,4245.968015978664,1009.3072170002415,18110.77850699985,0.0
1774214496,10,,Aggregated,3.600000,3.600000,1500,1900,3700,3800,12000,18000,18000,18000,18000,18000,18000,51,51,1500.0,4009.319482999941,1009.3072170002415,18110.77850699985,0.0
1774214497,10,,Aggregated,4.000000,4.000000,1500,2000,3800,7500,12000,18000,18000,18000,18000,18000,18000,58,58,1500.0,4088.186662931001,1009.3072170002415,18110.77850699985,0.0
1774214498,10,,Aggregated,4.000000,4.000000,1500,1900,3700,7400,12000,18000,18000,18000,18000,18000,18000,62,62,1500.0,3908.4101070483534,1009.3072170002415,18110.77850699985,0.0
1774214499,10,,Aggregated,3.900000,3.900000,1500,1800,3700,7400,12000,18000,18000,18000,18000,18000,18000,65,65,1500.0,3784.4846143691884,1009.3072170002415,18110.77850699985,0.0
1774214500,10,,Aggregated,4.400000,4.400000,1500,1800,2500,3800,10000,18000,18000,18000,18000,18000,18000,71,71,1500.0,3601.4991202112187,1009.3072170002415,18110.77850699985,0.0
1774214501,10,,Aggregated,4.500000,4.500000,1500,1800,2400,3700,10000,18000,18000,18000,18000,18000,18000,78,78,1500.0,3411.0680113717544,1009.3072170002415,18110.77850699985,0.0
1774214502,10,,Aggregated,4.200000,4.200000,1500,1700,2300,3700,10000,13000,18000,18000,18000,18000,18000,84,84,1500.0,3249.9990430951925,1009.3072170002415,18110.77850699985,0.0
1774214503,10,,Aggregated,4.400000,4.400000,1400,1700,2100,3700,10000,13000,18000,18000,18000,18000,18000,89,89,1400.0,3183.2054821684906,1009.3072170002415,18110.77850699985,0.0
1774214504,10,,Aggregated,4.700000,4.700000,1400,1600,2100,2800,9700,13000,18000,18000,18000,18000,18000,96,96,1400.0,3053.932657999972,1009.3072170002415,18110.77850699985,0.0
1774214505,10,,Aggregated,4.800000,4.800000,1400,1500,2000,2500,7500,12000,18000,18000,18000,18000,18000,101,101,1400.0,2955.9590071187895,1009.3072170002415,18110.77850699985,0.0
1774214506,10,,Aggregated,5.200000,5.200000,1300,1500,2000,2400,7500,12000,18000,18000,18000,18000,18000,107,107,1300.0,2863.915005056044,1004.4359479998093,18110.77850699985,0.0
1774214507,10,,Aggregated,5.200000,5.200000,1300,1500,1900,2400,7500,12000,18000,18000,18000,18000,18000,114,114,1200.0,2768.371144438558,1004.4359479998093,18110.77850699985,0.0
1774214508,10,,Aggregated,5.500000,5.500000,1200,1500,1800,2100,7400,12000,18000,18000,18000,18000,18000,124,123,1200.0,2629.47699611286,589.5300909996877,18110.77850699985,0.0
1774214509,10,,Aggregated,5.800000,5.800000,1100,1500,1700,2100,7400,12000,18000,18000,18000,18000,18000,129,126,1100.0,2555.2683012790303,54.00612999983423,18110.77850699985,0.0
1774214510,10,,Aggregated,5.700000,5.700000,1100,1500,1600,2000,7100,12000,18000,18000,18000,18000,18000,139,133,1100.0,2437.8436304100264,47.92952000025252,18110.77850699985,0.0
1774214511,10,,Aggregated,5.700000,5.700000,1100,1500,1500,1800,6000,10000,18000,18000,18000,18000,18000,148,139,1100.0,2338.6680916148202,47.92952000025252,18110.77850699985,0.0
1774214512,10,,Aggregated,6.800000,6.200000,1100,1400,1500,1800,3800,10000,18000,18000,18000,18000,18000,159,145,1100.0,2217.6099623773252,37.71196900015639,18110.77850699985,0.0
1774214513,10,,Aggregated,7.100000,6.200000,1100,1400,1500,1700,3700,10000,18000,18000,18000,18000,18000,167,149,1100.0,2147.5183207903847,37.71196900015639,18110.77850699985,0.0
1774214514,10,,Aggregated,7.300000,6.000000,1100,1300,1500,1600,3700,10000,18000,18000,18000,18000,18000,180,156,1100.0,2036.8013214888686,37.71196900015639,18110.77850699985,0.0
1774214515,10,,Aggregated,7.900000,6.200000,1100,1200,1500,1500,3300,9700,18000,18000,18000,18000,18000,189,160,1100.0,1963.1809128729965,37.42026999952941,18110.77850699985,0.0
1774214516,10,,Aggregated,8.100000,5.900000,1100,1200,1500,1500,2900,9700,18000,18000,18000,18000,18000,200,166,1100.0,1889.8471699949823,37.42026999952941,18110.77850699985,0.0
1774214517,10,,Aggregated,8.600000,5.900000,1100,1100,1500,1500,2800,7500,13000,18000,18000,18000,18000,210,171,1100.0,1827.705026380932,37.42026999952941,18110.77850699985,0.0
1774214518,10,,Aggregated,9.100000,5.900000,1000,1100,1500,1500,2400,7500,13000,18000,18000,18000,18000,222,177,1000.0,1762.3895036035838,36.36884099978488,18110.77850699985,0.0
1774214519,10,,Aggregated,9.400000,5.600000,1000,1100,1500,1500,2400,7500,13000,18000,18000,18000,18000,230,181,1000.0,1719.9033510782415,36.36884099978488,18110.77850699985,0.0
1774214520,10,,Aggregated,9.800000,5.500000,1000,1100,1500,1500,2300,7500,13000,18000,18000,18000,18000,240,187,1000.0,1676.8066597499828,36.36884099978488,18110.77850699985,0.0
1774214521,10,,Aggregated,9.800000,5.400000,1000,1100,1400,1500,2100,7400,12000,18000,18000,18000,18000,251,193,1000.0,1630.5534599760786,35.412387999713246,18110.77850699985,0.0
1774214522,10,,Aggregated,9.900000,5.300000,1000,1100,1400,1500,2000,7100,12000,18000,18000,18000,18000,261,198,1000.0,1590.2507254290986,35.412387999713246,18110.77850699985,0.0
1774214523,10,,Aggregated,9.900000,5.200000,1000,1100,1300,1500,2000,7100,12000,18000,18000,18000,18000,271,204,1000.0,1557.3473406604958,35.412387999713246,18110.77850699985,0.0
1774214524,10,,Aggregated,10.200000,5.400000,1000,1100,1200,1500,1900,6000,12000,18000,18000,18000,18000,284,211,1000.0,1512.4731692112546,35.412387999713246,18110.77850699985,0.0
1774214525,10,,Aggregated,10.200000,5.400000,1000,1100,1200,1500,1900,6000,12000,18000,18000,18000,18000,290,213,1000.0,1488.914383417227,35.412387999713246,18110.77850699985,0.0
1774214526,10,,Aggregated,10.400000,5.500000,1000,1100,1200,1500,1800,3800,12000,18000,18000,18000,18000,302,221,1000.0,1460.7014159701869,35.412387999713246,18110.77850699985,0.0
1774214527,10,,Aggregated,10.300000,5.500000,1000,1100,1100,1500,1800,3800,12000,18000,18000,18000,18000,314,227,1000.0,1425.6240208248348,35.412387999713246,18110.77850699985,0.0
1774214528,10,,Aggregated,10.300000,5.500000,1000,1100,1100,1500,1700,3700,12000,18000,18000,18000,18000,323,231,1000.0,1401.1301701981374,35.412387999713246,18110.77850699985,0.0
1774214529,10,,Aggregated,10.200000,5.400000,1000,1100,1100,1400,1700,3700,12000,18000,18000,18000,18000,333,236,1000.0,1376.840448002999,35.412387999713246,18110.77850699985,0.0
1774214530,10,,Aggregated,10.200000,5.400000,1000,1100,1100,1400,1600,3700,12000,18000,18000,18000,18000,346,244,1000.0,1350.531229008661,35.412387999713246,18110.77850699985,0.0
1774214531,10,,Aggregated,10.600000,5.700000,1000,1100,1100,1300,1600,3700,10000,18000,18000,18000,18000,357,250,1000.0,1327.2809716302404,35.412387999713246,18110.77850699985,0.0
1774214532,10,,Aggregated,10.400000,5.700000,1000,1100,1100,1300,1500,3300,10000,18000,18000,18000,18000,365,254,1000.0,1310.1678143260187,33.75176100053068,18110.77850699985,0.0
1774214533,10,,Aggregated,10.400000,5.500000,1000,1000,1100,1200,1500,3300,10000,18000,18000,18000,18000,376,260,1000.0,1289.0024259388313,33.75176100053068,18110.77850699985,0.0
1774214534,10,,Aggregated,10.400000,5.600000,1000,1000,1100,1200,1500,2900,10000,18000,18000,18000,18000,389,267,1000.0,1265.378847912594,33.75176100053068,18110.77850699985,0.0
1774214535,10,,Aggregated,10.600000,5.600000,1000,1000,1100,1100,1500,2900,10000,18000,18000,18000,18000,397,271,1000.0,1250.9573852594456,33.75176100053068,18110.77850699985,0.0
1774214536,10,,Aggregated,10.500000,5.600000,1000,1000,1100,1100,1500,2800,10000,13000,18000,18000,18000,409,277,1000.0,1231.2861967017122,33.75176100053068,18110.77850699985,0.0
1774214537,10,,Aggregated,10.400000,5.500000,1000,1000,1100,1100,1500,2500,10000,13000,18000,18000,18000,421,284,1000.0,1215.1082022517814,33.75176100053068,18110.77850699985,0.0
1774214538,10,,Aggregated,10.600000,5.700000,1000,1000,1100,1100,1500,2500,10000,13000,18000,18000,18000,429,287,1000.0,1200.2635789999997,33.75176100053068,18110.77850699985,0.0
1774214539,10,,Aggregated,10.500000,5.600000,1000,1000,1100,1100,1500,2400,10000,13000,18000,18000,18000,441,294,1000.0,1184.989127063496,33.75176100053068,18110.77850699985,0.0
1774214540,10,,Aggregated,10.700000,5.900000,1000,1000,1100,1100,1500,2400,9700,13000,18000,18000,18000,453,301,1000.0,1173.3766776070684,33.75176100053068,18110.77850699985,0.0
1774214541,10,,Aggregated,10.500000,5.700000,1000,1000,1100,1100,1500,2300,9700,13000,18000,18000,18000,463,306,1000.0,1159.6520533499008,33.75176100053068,18110.77850699985,0.0
1774214542,10,,Aggregated,10.500000,5.500000,1000,1000,1100,1100,1500,2300,9700,13000,18000,18000,18000,471,310,1000.0,1150.0775919002224,33.75176100053068,18110.77850699985,0.0
1774214543,10,,Aggregated,10.500000,5.600000,1000,1000,1100,1100,1500,2100,9700,13000,18000,18000,18000,482,317,1000.0,1139.2374938195123,33.75176100053068,18110.77850699985,0.0
1774214544,10,,Aggregated,10.600000,5.600000,1000,1000,1100,1100,1500,2100,9700,13000,18000,18000,18000,492,322,1000.0,1127.2440569735902,33.75176100053068,18110.77850699985,0.0
1774214545,10,,Aggregated,10.300000,5.500000,1000,1000,1100,1100,1500,2100,7500,12000,18000,18000,18000,503,328,1000.0,1116.3294152306244,33.75176100053068,18110.77850699985,0.0
1774214546,10,,Aggregated,10.300000,5.500000,1000,1000,1100,1100,1500,2100,7500,12000,18000,18000,18000,516,335,1000.0,1102.806474341093,33.75176100053068,18110.77850699985,0.0
1774214547,10,,Aggregated,10.800000,5.900000,1000,1000,1100,1100,1500,2000,7500,12000,18000,18000,18000,525,340,1000.0,1094.1897577923885,33.75176100053068,18110.77850699985,0.0
1774214548,10,,Aggregated,10.400000,5.500000,1000,1000,1100,1100,1500,2000,7500,12000,18000,18000,18000,535,345,1000.0,1084.802195407485,33.75176100053068,18110.77850699985,0.0
1774214549,10,,Aggregated,10.500000,5.700000,1000,1000,1100,1100,1500,2000,7500,12000,18000,18000,18000,545,351,1000.0,1076.8334497100996,33.75176100053068,18110.77850699985,0.0
1774214550,10,,Aggregated,10.400000,5.500000,1000,1000,1100,1100,1500,2000,7500,12000,18000,18000,18000,556,358,1000.0,1068.9548051025222,33.75176100053068,18110.77850699985,0.0
1774214551,10,,Aggregated,10.400000,5.700000,1000,1000,1100,1100,1500,1900,7500,12000,18000,18000,18000,566,363,1000.0,1059.6725217667893,33.75176100053068,18110.77850699985,0.0
1774214552,10,,Aggregated,10.400000,5.700000,1000,1000,1100,1100,1500,1900,7500,12000,18000,18000,18000,576,368,1000.0,1052.0526498211864,33.75176100053068,18110.77850699985,0.0
1774214553,10,,Aggregated,10.400000,5.700000,1000,1000,1100,1100,1500,1800,7500,12000,18000,18000,18000,587,374,1000.0,1043.5933062078425,33.75176100053068,18110.77850699985,0.0
1774214554,10,,Aggregated,10.300000,5.700000,1000,1000,1100,1100,1500,1800,7500,12000,18000,18000,18000,598,380,1000.0,1036.1850760401412,33.75176100053068,18110.77850699985,0.0
1774214555,10,,Aggregated,10.400000,5.700000,1000,1000,1100,1100,1500,1800,7400,12000,18000,18000,18000,607,385,1000.0,1029.6158101631054,33.75176100053068,18110.77850699985,0.0
1774214556,10,,Aggregated,10.300000,5.700000,1000,1000,1100,1100,1500,1800,7400,12000,18000,18000,18000,617,390,1000.0,1021.7890467050337,33.75176100053068,18110.77850699985,0.0
1774214557,10,,Aggregated,10.200000,5.500000,1000,1000,1100,1100,1500,1800,7400,12000,18000,18000,18000,627,396,1000.0,1015.7912227320679,33.75176100053068,18110.77850699985,0.0
1774214558,10,,Aggregated,10.400000,5.800000,1000,1000,1100,1100,1500,1800,7400,12000,18000,18000,18000,639,402,1000.0,1008.4917340892146,33.75176100053068,18110.77850699985,0.0
1774214559,10,,Aggregated,10.300000,5.700000,1000,1000,1100,1100,1500,1700,7400,12000,18000,18000,18000,648,407,1000.0,1003.5258119151358,33.75176100053068,18110.77850699985,0.0
1774214560,10,,Aggregated,10.300000,5.700000,1000,1000,1000,1100,1500,1700,7100,12000,18000,18000,18000,660,413,1000.0,995.0958105424406,33.75176100053068,18110.77850699985,0.0
1774214561,10,,Aggregated,10.100000,5.400000,1000,1000,1000,1100,1500,1700,7100,12000,18000,18000,18000,668,417,1000.0,989.6535230733689,33.75176100053068,18110.77850699985,0.0
1774214562,10,,Aggregated,10.400000,5.600000,1000,1000,1000,1100,1500,1700,7100,12000,18000,18000,18000,679,424,1000.0,985.282938229763,33.75176100053068,18110.77850699985,0.0
1774214563,10,,Aggregated,10.400000,5.600000,1000,1000,1000,1100,1500,1600,7100,12000,18000,18000,18000,691,431,1000.0,979.2095308741068,33.75176100053068,18110.77850699985,0.0
1774214564,10,,Aggregated,10.400000,5.600000,1000,1000,1000,1100,1500,1600,6000,10000,18000,18000,18000,701,435,1000.0,971.5308038031476,33.75176100053068,18110.77850699985,0.0
1774214565,10,,Aggregated,10.200000,5.500000,1000,1000,1000,1100,1500,1600,6000,10000,18000,18000,18000,712,441,1000.0,965.6502280379317,33.75176100053068,18110.77850699985,0.0
1774214566,10,,Aggregated,10.600000,5.700000,1000,1000,1000,1100,1500,1500,6000,10000,18000,18000,18000,725,448,1000.0,958.8401159820787,33.75176100053068,18110.77850699985,0.0
1774214567,10,,Aggregated,10.500000,5.700000,1000,1000,1000,1100,1500,1500,6000,10000,18000,18000,18000,736,454,1000.0,953.3132652445718,33.75176100053068,18110.77850699985,0.0
1774214568,10,,Aggregated,10.400000,5.500000,1000,1000,1000,1100,1500,1500,6000,10000,18000,18000,18000,746,459,1000.0,948.3844089839192,33.75176100053068,18110.77850699985,0.0
1774214569,10,,Aggregated,10.600000,5.600000,1000,1000,1000,1100,1500,1500,3800,10000,18000,18000,18000,756,464,1000.0,943.04748662699,33.75176100053068,18110.77850699985,0.0
1774214570,10,,Aggregated,10.600000,5.500000,1000,1000,1000,1100,1500,1500,3800,10000,18000,18000,18000,768,470,1000.0,937.327343569017,33.75176100053068,18110.77850699985,0.0
1774214571,10,,Aggregated,10.900000,5.800000,1000,1000,1000,1100,1500,1500,3800,10000,18000,18000,18000,777,476,1000.0,933.9876926048952,33.75176100053068,18110.77850699985,0.0
1774214572,10,,Aggregated,10.700000,5.700000,1000,1000,1000,1100,1500,1500,3800,10000,18000,18000,18000,788,481,1000.0,929.2561131066034,33.75176100053068,18110.77850699985,0.0
1774214573,10,,Aggregated,10.700000,5.700000,1000,1000,1000,1100,1500,1500,3800,10000,18000,18000,18000,797,485,1000.0,925.534482352578,33.75176100053068,18110.77850699985,0.0
1774214574,10,,Aggregated,10.700000,5.600000,1000,1000,1000,1100,1500,1500,3700,10000,18000,18000,18000,808,492,1000.0,922.8707891237691,33.75176100053068,18110.77850699985,0.0
1774214575,10,,Aggregated,11.000000,5.800000,1000,1000,1000,1100,1500,1500,3700,10000,18000,18000,18000,820,499,1000.0,918.5175538487903,33.75176100053068,18110.77850699985,0.0
1774214576,10,,Aggregated,10.500000,5.400000,1000,1000,1000,1100,1500,1500,3700,10000,18000,18000,18000,827,502,1000.0,914.7472774280616,33.75176100053068,18110.77850699985,0.0
1774214577,10,,Aggregated,10.500000,5.500000,1000,1000,1000,1100,1500,1500,3700,10000,18000,18000,18000,840,509,1000.0,910.1471350095343,33.75176100053068,18110.77850699985,0.0
1774214578,10,,Aggregated,10.600000,5.600000,1000,1000,1000,1100,1500,1500,3700,10000,18000,18000,18000,850,514,1000.0,906.3701412835395,33.75176100053068,18110.77850699985,0.0
1774214579,10,,Aggregated,10.400000,5.600000,1000,1000,1000,1100,1500,1500,3700,10000,18000,18000,18000,861,519,1000.0,902.2291989976856,33.75176100053068,18110.77850699985,0.0
1774214580,10,,Aggregated,10.400000,5.600000,1000,1000,1000,1100,1500,1500,3700,10000,18000,18000,18000,871,524,1000.0,899.1941220447831,33.75176100053068,18110.77850699985,0.0
1774214581,10,,Aggregated,10.300000,5.400000,1000,1000,1000,1100,1500,1500,3700,10000,18000,18000,18000,882,531,1000.0,896.9892379138391,33.75176100053068,18110.77850699985,0.0
1774214582,10,,Aggregated,10.500000,5.500000,1000,1000,1000,1100,1500,1500,3700,10000,18000,18000,18000,893,537,1000.0,893.1790579966479,33.75176100053068,18110.77850699985,0.0
1774214583,10,,Aggregated,10.500000,5.500000,1000,1000,1000,1100,1500,1500,3300,9700,18000,18000,18000,902,540,1000.0,887.9944242195184,33.75176100053068,18110.77850699985,0.0
1774214584,10,,Aggregated,10.400000,5.500000,1000,1000,1000,1100,1500,1500,3300,9700,18000,18000,18000,915,548,1000.0,884.6747612469987,33.75176100053068,18110.77850699985,0.0
1774214585,10,,Aggregated,10.300000,5.400000,1000,1000,1000,1100,1500,1500,3300,9700,18000,18000,18000,925,554,1000.0,882.0590902994613,33.75176100053068,18110.77850699985,0.0
1774214586,10,,Aggregated,10.700000,5.800000,1000,1000,1000,1100,1500,1500,3300,9700,18000,18000,18000,935,559,1000.0,878.3604014331588,33.75176100053068,18110.77850699985,0.0
1774214587,10,,Aggregated,10.400000,5.400000,1000,1000,1000,1100,1500,1500,3300,9700,18000,18000,18000,946,564,1000.0,874.3663402822467,33.75176100053068,18110.77850699985,0.0
1774214588,10,,Aggregated,10.600000,5.600000,1000,1000,1000,1100,1400,1500,2900,9700,18000,18000,18000,959,572,1000.0,871.3931761272216,33.75176100053068,18110.77850699985,0.0
1774214589,10,,Aggregated,10.600000,5.500000,1000,1000,1000,1100,1400,1500,2900,9700,18000,18000,18000,968,577,1000.0,868.8900015144678,33.75176100053068,18110.77850699985,0.0
1774214590,10,,Aggregated,10.800000,5.800000,1000,1000,1000,1100,1400,1500,2900,9700,18000,18000,18000,979,582,1000.0,864.69656463637,33.75176100053068,18110.77850699985,0.0
1774214591,10,,Aggregated,10.600000,5.600000,1000,1000,1000,1100,1400,1500,2900,9700,18000,18000,18000,988,587,1000.0,862.6504624595216,33.75176100053068,18110.77850699985,0.0
1774214592,10,,Aggregated,10.700000,5.800000,1000,1000,1000,1100,1400,1500,2900,9700,18000,18000,18000,999,594,1000.0,861.0410768418487,33.75176100053068,18110.77850699985,0.0
1774214593,10,,Aggregated,10.500000,5.600000,1000,1000,1000,1100,1400,1500,2800,7500,18000,18000,18000,1009,598,1000.0,856.9831351694806,33.75176100053068,18110.77850699985,0.0
1774214594,10,,Aggregated,10.600000,5.700000,1000,1000,1000,1100,1400,1500,2800,7500,18000,18000,18000,1020,604,1000.0,854.5159525549074,33.75176100053068,18110.77850699985,0.0
1774214595,10,,Aggregated,10.600000,5.700000,1000,1000,1000,1000,1300,1500,2800,7500,18000,18000,18000,1034,612,1000.0,851.194928440044,33.75176100053068,18110.77850699985,0.0
1774214596,10,,Aggregated,10.500000,5.500000,1000,1000,1000,1000,1300,1500,2800,7500,18000,18000,18000,1042,616,1000.0,849.2577223339778,33.75176100053068,18110.77850699985,0.0
1774214597,10,,Aggregated,10.800000,5.800000,1000,1000,1000,1000,1300,1500,2800,7500,18000,18000,18000,1050,621,1000.0,847.7892970647671,33.75176100053068,18110.77850699985,0.0
1774214598,10,,Aggregated,10.600000,5.600000,1000,1000,1000,1000,1300,1500,2500,7500,18000,18000,18000,1061,627,1000.0,845.7692038360113,33.75176100053068,18110.77850699985,0.0
1774214599,10,,Aggregated,10.500000,5.600000,1000,1000,1000,1000,1200,1500,2500,7500,18000,18000,18000,1073,633,1000.0,842.5896698611457,33.75176100053068,18110.77850699985,0.0
1774214600,10,,Aggregated,10.300000,5.500000,1000,1000,1000,1000,1200,1500,2500,7500,18000,18000,18000,1084,639,1000.0,839.9981715203044,33.75176100053068,18110.77850699985,0.0
1774214601,10,,Aggregated,10.500000,5.700000,1000,1000,1000,1000,1200,1500,2500,7500,18000,18000,18000,1096,645,1000.0,836.7534791058519,33.75176100053068,18110.77850699985,0.0
1774214602,10,,Aggregated,10.200000,5.300000,1000,1000,1000,1000,1200,1500,2400,7500,18000,18000,18000,1106,650,1000.0,834.1018831528164,33.75176100053068,18110.77850699985,0.0
1774214603,10,,Aggregated,10.500000,5.700000,1000,1000,1000,1000,1200,1500,2400,7500,18000,18000,18000,1118,656,1000.0,830.9465975187978,33.57926200078509,18110.77850699985,0.0
1774214604,10,,Aggregated,10.600000,5.600000,1000,1000,1000,1000,1200,1500,2400,7500,18000,18000,18000,1128,661,1000.0,828.3441164060425,33.57926200078509,18110.77850699985,0.0
1774214605,10,,Aggregated,10.700000,5.700000,1000,1000,1000,1000,1100,1500,2400,7500,18000,18000,18000,1139,668,1000.0,826.8994674504082,33.57926200078509,18110.77850699985,0.0
1774214606,10,,Aggregated,10.600000,5.700000,1000,1000,1000,1000,1100,1500,2300,7500,18000,18000,18000,1151,674,1000.0,823.9211334952327,33.57926200078509,18110.77850699985,0.0
1774214607,10,,Aggregated,10.700000,5.700000,1000,1000,1000,1000,1100,1500,2300,7500,18000,18000,18000,1160,677,1000.0,820.4275727896649,33.57926200078509,18110.77850699985,0.0
1774214608,10,,Aggregated,10.600000,5.600000,1000,1000,1000,1000,1100,1500,2300,7500,18000,18000,18000,1172,684,1000.0,818.8183852133193,33.57926200078509,18110.77850699985,0.0
1774214609,10,,Aggregated,10.900000,5.800000,1000,1000,1000,1000,1100,1500,2300,7500,18000,18000,18000,1184,691,1000.0,816.8398312652124,33.57926200078509,18110.77850699985,0.0
1774214610,10,,Aggregated,11.200000,5.800000,1000,1000,1000,1000,1100,1500,2300,7500,18000,18000,18000,1194,696,1000.0,814.5579088358535,33.57926200078509,18110.77850699985,0.0
1774214611,10,,Aggregated,10.900000,5.500000,1000,1000,1000,1000,1100,1500,2100,7400,18000,18000,18000,1205,701,1000.0,811.6294959543645,33.57926200078509,18110.77850699985,0.0
1774214612,10,,Aggregated,11.000000,5.900000,1000,1000,1000,1000,1100,1500,2100,7400,18000,18000,18000,1217,708,1000.0,810.103954070671,33.57926200078509,18110.77850699985,0.0
1774214613,10,,Aggregated,11.200000,5.900000,1000,1000,1000,1000,1100,1500,2100,7400,18000,18000,18000,1226,713,1000.0,808.5207562414422,33.57926200078509,18110.77850699985,0.0
1774214614,10,,Aggregated,10.800000,5.600000,1000,1000,1000,1000,1100,1500,2100,7400,18000,18000,18000,1237,719,1000.0,806.5587870557879,33.57926200078509,18110.77850699985,0.0
1774214615,10,,Aggregated,10.800000,5.600000,1000,1000,1000,1000,1100,1500,2100,7400,18000,18000,18000,1248,725,1000.0,804.6159210320592,33.57926200078509,18110.77850699985,0.0
1774214616,10,,Aggregated,10.900000,5.800000,1000,1000,1000,1000,1100,1500,2100,7400,18000,18000,18000,1260,732,1000.0,802.8297937031838,33.57926200078509,18110.77850699985,0.0
1774214617,10,,Aggregated,10.800000,5.700000,1000,1000,1000,1000,1100,1500,2100,7400,18000,18000,18000,1270,737,1000.0,800.8306992047336,33.57926200078509,18110.77850699985,0.0
1774214618,10,,Aggregated,10.700000,5.700000,1000,1000,1000,1000,1100,1500,2100,7400,18000,18000,18000,1279,741,1000.0,798.654697949972,33.57926200078509,18110.77850699985,0.0
1774214619,10,,Aggregated,10.800000,5.700000,1000,1000,1000,1000,1100,1500,2100,7400,18000,18000,18000,1292,749,1000.0,797.9588978699812,33.57926200078509,18110.77850699985,0.0
1774214620,10,,Aggregated,10.500000,5.600000,1000,1000,1000,1000,1100,1500,2000,7100,18000,18000,18000,1302,752,1000.0,794.460547619059,33.57926200078509,18110.77850699985,0.0
1774214621,10,,Aggregated,10.600000,5.800000,1000,1000,1000,1000,1100,1500,2000,7100,18000,18000,18000,1313,758,1000.0,792.6645675118149,33.57926200078509,18110.77850699985,0.0
1774214622,10,,Aggregated,10.800000,5.700000,1000,1000,1000,1000,1100,1500,2000,7100,18000,18000,18000,1326,765,1000.0,790.8977275927703,33.57926200078509,18110.77850699985,0.0
1774214623,10,,Aggregated,10.500000,5.400000,1000,1000,1000,1000,1100,1500,2000,7100,18000,18000,18000,1337,772,1000.0,789.9710798167637,33.57926200078509,18110.77850699985,0.0
1774214624,10,,Aggregated,10.800000,5.700000,1000,1000,1000,1000,1100,1500,2000,7100,18000,18000,18000,1346,775,1000.0,787.262089243695,33.57926200078509,18110.77850699985,0.0
1774214625,10,,Aggregated,10.900000,5.700000,1000,1000,1000,1000,1100,1500,2000,7100,18000,18000,18000,1358,782,1000.0,786.1583440449288,33.57926200078509,18110.77850699985,0.0
1774214626,10,,Aggregated,10.900000,5.700000,1000,1000,1000,1000,1100,1500,2000,7100,18000,18000,18000,1369,788,1000.0,784.6659576807982,33.57926200078509,18110.77850699985,0.0
1774214627,10,,Aggregated,10.700000,5.500000,1000,1000,1000,1000,1100,1500,2000,7100,18000,18000,18000,1380,795,1000.0,783.8005586137779,33.57926200078509,18110.77850699985,0.0
1774214628,10,,Aggregated,11.000000,5.700000,1000,1000,1000,1000,1100,1500,2000,7100,18000,18000,18000,1388,798,1000.0,781.667558621767,33.57926200078509,18110.77850699985,0.0
1774214629,10,,Aggregated,10.800000,5.600000,1000,1000,1000,1000,1100,1500,1900,6000,18000,18000,18000,1401,806,1000.0,780.4779393568982,33.57926200078509,18110.77850699985,0.0
1774214630,10,,Aggregated,10.900000,5.800000,1000,1000,1000,1000,1100,1500,1900,6000,18000,18000,18000,1413,813,1000.0,779.1367534218077,33.57926200078509,18110.77850699985,0.0
1774214631,10,,Aggregated,10.800000,5.600000,1000,1000,1000,1000,1100,1500,1900,6000,18000,18000,18000,1419,815,1000.0,777.4347375257333,33.57926200078509,18110.77850699985,0.0
1774214633,10,,Aggregated,10.800000,5.700000,1000,1000,1000,1000,1100,1500,1900,6000,18000,18000,18000,1431,821,1000.0,775.813819131388,33.57926200078509,18110.77850699985,0.0
1774214634,10,,Aggregated,11.000000,6.000000,1000,1000,1000,1000,1100,1500,1900,6000,18000,18000,18000,1442,828,1000.0,775.6553181283066,33.57926200078509,18110.77850699985,0.0
1774214635,10,,Aggregated,10.600000,5.700000,1000,1000,1000,1000,1100,1500,1800,6000,18000,18000,18000,1451,833,1000.0,774.2192352529414,33.57926200078509,18110.77850699985,0.0
1774214636,10,,Aggregated,10.500000,5.600000,1000,1000,1000,1000,1100,1500,1800,6000,18000,18000,18000,1463,839,1000.0,772.6454002433485,33.57926200078509,18110.77850699985,0.0
1774214637,10,,Aggregated,10.500000,5.800000,1000,1000,1000,1000,1100,1500,1800,6000,18000,18000,18000,1474,845,1000.0,771.2821222394973,33.57926200078509,18110.77850699985,0.0
1774214638,10,,Aggregated,10.500000,5.800000,1000,1000,1000,1000,1100,1500,1800,6000,18000,18000,18000,1483,850,1000.0,770.5329398705459,33.57926200078509,18110.77850699985,0.0
1774214639,10,,Aggregated,10.400000,5.700000,1000,1000,1000,1000,1100,1500,1800,6000,18000,18000,18000,1493,854,1000.0,768.3208124320283,33.57926200078509,18110.77850699985,0.0
1774214640,10,,Aggregated,10.400000,5.700000,1000,1000,1000,1000,1100,1500,1800,3800,18000,18000,18000,1506,861,1000.0,766.6589684103706,33.57926200078509,18110.77850699985,0.0
1774214641,10,,Aggregated,10.300000,5.500000,1000,1000,1000,1000,1100,1500,1800,3800,18000,18000,18000,1518,868,1000.0,765.5216211251777,33.57926200078509,18110.77850699985,0.0
1774214642,10,,Aggregated,10.500000,5.500000,1000,1000,1000,1000,1100,1500,1800,3800,18000,18000,18000,1526,872,1000.0,764.7754393066966,33.57926200078509,18110.77850699985,0.0
1774214643,10,,Aggregated,10.500000,5.500000,1000,1000,1000,1000,1100,1500,1800,3800,18000,18000,18000,1536,877,1000.0,764.4194763958454,33.57926200078509,18110.77850699985,0.0
1774214644,10,,Aggregated,10.500000,5.500000,1000,1000,1000,1000,1100,1500,1800,3800,18000,18000,18000,1546,883,1000.0,763.5598016675406,33.57926200078509,18110.77850699985,0.0
1774214645,10,,Aggregated,10.400000,5.600000,1000,1000,1000,1000,1100,1500,1800,3800,18000,18000,18000,1558,890,1000.0,762.4894064769043,33.57926200078509,18110.77850699985,0.0
1774214646,10,,Aggregated,10.400000,5.500000,1000,1000,1000,1000,1100,1500,1800,3800,18000,18000,18000,1568,895,1000.0,761.1018214853411,33.57926200078509,18110.77850699985,0.0
1774214647,10,,Aggregated,10.600000,5.600000,1000,1000,1000,1000,1100,1500,1800,3800,18000,18000,18000,1578,900,1000.0,759.703859925231,33.57926200078509,18110.77850699985,0.0
1774214648,10,,Aggregated,10.600000,5.800000,1000,1000,1000,1000,1100,1500,1800,3800,18000,18000,18000,1590,906,1000.0,758.0480709188768,33.57926200078509,18110.77850699985,0.0
1774214649,10,,Aggregated,10.400000,5.400000,1000,1000,1000,1000,1100,1500,1700,3700,18000,18000,18000,1601,913,1000.0,757.7811909600334,33.57926200078509,18110.77850699985,0.0
1774214650,10,,Aggregated,10.600000,5.600000,1000,1000,1000,1000,1100,1500,1700,3700,18000,18000,18000,1611,918,1000.0,756.441104482938,33.57926200078509,18110.77850699985,0.0
1774214651,10,,Aggregated,10.800000,5.900000,1000,1000,1000,1000,1100,1500,1700,3700,18000,18000,18000,1622,924,1000.0,755.2915241720171,33.57926200078509,18110.77850699985,0.0
1774214652,10,,Aggregated,10.800000,5.900000,1000,1000,1000,1000,1100,1500,1700,3700,18000,18000,18000,1632,929,1000.0,754.0184609319919,33.57926200078509,18110.77850699985,0.0
1774214653,10,,Aggregated,10.200000,5.500000,1000,1000,1000,1000,1100,1500,1700,3700,18000,18000,18000,1645,936,1000.0,752.8998213781218,33.57926200078509,18110.77850699985,0.0
1774214654,10,,Aggregated,10.700000,5.800000,1000,1000,1000,1000,1100,1500,1700,3700,18000,18000,18000,1653,939,1000.0,751.2937203448354,33.57926200078509,18110.77850699985,0.0
1774214655,10,,Aggregated,10.800000,5.700000,1000,1000,1000,1000,1100,1500,1700,3700,18000,18000,18000,1665,946,1000.0,750.9155375537626,33.57926200078509,18110.77850699985,0.0
1774214656,10,,Aggregated,10.600000,5.600000,1000,1000,1000,1000,1100,1500,1700,3700,18000,18000,18000,1678,952,1000.0,749.2591131156234,33.57926200078509,18110.77850699985,0.0
1774214657,10,,Aggregated,10.700000,5.600000,1000,1000,1000,1000,1100,1500,1700,3700,18000,18000,18000,1688,957,1000.0,748.0618078329471,33.57926200078509,18110.77850699985,0.0
1774214658,10,,Aggregated,10.700000,5.500000,1000,1000,1000,1000,1100,1500,1700,3700,18000,18000,18000,1698,963,1000.0,748.0161769417047,33.57926200078509,18110.77850699985,0.0
1774214659,10,,Aggregated,10.700000,5.600000,1000,1000,1000,1000,1100,1500,1600,3700,18000,18000,18000,1710,969,1000.0,746.58754526609,33.57926200078509,18110.77850699985,0.0
1774214660,10,,Aggregated,10.800000,5.600000,1000,1000,1000,1000,1100,1500,1600,3700,18000,18000,18000,1719,974,1000.0,745.837064785931,33.57926200078509,18110.77850699985,0.0
1774214661,10,,Aggregated,10.700000,5.600000,1000,1000,1000,1000,1100,1500,1600,3700,18000,18000,18000,1731,980,1000.0,744.3846476314361,33.57926200078509,18110.77850699985,0.0
1774214662,10,,Aggregated,10.800000,5.600000,1000,1000,1000,1000,1100,1500,1600,3700,18000,18000,18000,1742,987,1000.0,743.9326297520199,33.57926200078509,18110.77850699985,0.0
1774214663,10,,Aggregated,10.900000,5.700000,1000,1000,1000,1000,1100,1500,1600,3700,18000,18000,18000,1752,992,1000.0,742.7487621421344,33.57926200078509,18110.77850699985,0.0
1774214664,10,,Aggregated,10.900000,5.700000,1000,1000,1000,1000,1100,1500,1600,3700,18000,18000,18000,1762,996,1000.0,741.0322505107932,33.57926200078509,18110.77850699985,0.0
1774214665,10,,Aggregated,10.600000,5.600000,1000,1000,1000,1000,1100,1500,1600,3700,18000,18000,18000,1775,1004,1000.0,740.3611902287428,30.71993800040218,18110.77850699985,0.0
1774214666,10,,Aggregated,10.800000,5.700000,1000,1000,1000,1000,1100,1500,1600,3700,18000,18000,18000,1785,1010,1000.0,740.1939971619146,30.71993800040218,18110.77850699985,0.0
1774214667,10,,Aggregated,10.700000,5.700000,1000,1000,1000,1000,1100,1500,1600,3700,18000,18000,18000,1795,1016,1000.0,739.6425486451358,30.71993800040218,18110.77850699985,0.0
1774214668,10,,Aggregated,10.900000,6.000000,1000,1000,1000,1000,1100,1500,1500,3300,18000,18000,18000,1805,1020,1000.0,738.2347260720317,30.71993800040218,18110.77850699985,0.0
1774214669,10,,Aggregated,10.700000,5.700000,1000,1000,1000,1000,1100,1500,1500,3300,18000,18000,18000,1814,1025,1000.0,738.0371550115868,30.71993800040218,18110.77850699985,0.0
1774214670,10,,Aggregated,10.500000,5.700000,1000,1000,1000,1000,1100,1500,1500,3300,18000,18000,18000,1826,1031,1000.0,736.9997007760235,30.71993800040218,18110.77850699985,0.0
1774214671,10,,Aggregated,10.500000,5.600000,1000,1000,1000,1000,1100,1500,1500,3300,18000,18000,18000,1836,1037,1000.0,736.7240172510997,30.71993800040218,18110.77850699985,0.0
1774214672,10,,Aggregated,10.400000,5.600000,1000,1000,1000,1000,1100,1500,1500,3300,18000,18000,18000,1848,1043,1000.0,735.5410376850758,30.71993800040218,18110.77850699985,0.0
1774214673,10,,Aggregated,10.500000,5.600000,1000,1000,1000,1000,1100,1500,1500,3300,18000,18000,18000,1859,1048,1000.0,734.1132572017327,30.71993800040218,18110.77850699985,0.0
1774214674,10,,Aggregated,10.200000,5.400000,1000,1000,1000,1000,1100,1500,1500,3300,18000,18000,18000,1868,1053,1000.0,733.7069777960503,30.71993800040218,18110.77850699985,0.0
1774214675,10,,Aggregated,10.600000,5.600000,1000,1000,1000,1000,1100,1500,1500,3300,18000,18000,18000,1879,1059,1000.0,733.13122686164,30.71993800040218,18110.77850699985,0.0
1774214676,10,,Aggregated,10.400000,5.500000,1000,1000,1000,1000,1100,1500,1500,3300,18000,18000,18000,1892,1066,1000.0,732.0708635280234,30.71993800040218,18110.77850699985,0.0
1774214677,10,,Aggregated,10.500000,5.600000,1000,1000,1000,1000,1100,1500,1500,3300,18000,18000,18000,1899,1069,1000.0,731.1072281048032,30.71993800040218,18110.77850699985,0.0
1774214678,10,,Aggregated,10.400000,5.300000,1000,1000,1000,1000,1100,1500,1500,2900,18000,18000,18000,1910,1075,1000.0,730.7909423869226,30.71993800040218,18110.77850699985,0.0
1774214679,10,,Aggregated,10.400000,5.500000,1000,1000,1000,1000,1100,1500,1500,2900,18000,18000,18000,1921,1082,1000.0,730.4457473972001,30.71993800040218,18110.77850699985,0.0
1774214680,10,,Aggregated,10.600000,5.600000,1000,1000,1000,1000,1100,1500,1500,2900,18000,18000,18000,1934,1089,1000.0,729.6767612388941,30.71993800040218,18110.77850699985,0.0
1774214681,10,,Aggregated,10.600000,5.600000,1000,1000,1000,1000,1100,1500,1500,2900,18000,18000,18000,1942,1092,1000.0,728.3764142770451,30.71993800040218,18110.77850699985,0.0
1774214682,10,,Aggregated,10.600000,5.600000,1000,1000,1000,1000,1100,1500,1500,2900,18000,18000,18000,1954,1098,1000.0,727.2318416340951,30.71993800040218,18110.77850699985,0.0
1774214683,10,,Aggregated,10.500000,5.400000,1000,1000,1000,1000,1100,1500,1500,2900,18000,18000,18000,1966,1105,1000.0,726.8383723392787,30.71993800040218,18110.77850699985,0.0
1774214684,10,,Aggregated,10.800000,5.800000,1000,1000,1000,1000,1100,1500,1500,2900,18000,18000,18000,1976,1110,1000.0,725.9399079919137,30.71993800040218,18110.77850699985,0.0
1774214685,10,,Aggregated,10.700000,5.600000,1000,1000,1000,1000,1100,1500,1500,2900,18000,18000,18000,1985,1114,1000.0,724.9300922775926,30.71993800040218,18110.77850699985,0.0
1774214686,10,,Aggregated,10.700000,5.600000,1000,1000,1000,1000,1100,1500,1500,2900,18000,18000,18000,1997,1122,1000.0,724.8179988648087,30.71993800040218,18110.77850699985,0.0
1774214687,10,,Aggregated,10.700000,5.600000,1000,1000,1000,1000,1100,1500,1500,2800,18000,18000,18000,2009,1128,1000.0,723.7829621587972,30.71993800040218,18110.77850699985,0.0
1774214688,10,,Aggregated,10.700000,5.800000,1000,1000,1000,1000,1100,1500,1500,2800,18000,18000,18000,2019,1133,1000.0,723.1205658251727,30.71993800040218,18110.77850699985,0.0
1774214689,10,,Aggregated,10.700000,5.600000,1000,1000,1000,1000,1100,1500,1500,2800,18000,18000,18000,2028,1138,1000.0,722.542342261846,30.71993800040218,18110.77850699985,0.0
1774214690,10,,Aggregated,10.700000,5.600000,1000,1000,1000,1000,1100,1500,1500,2800,18000,18000,18000,2042,1146,1000.0,721.8196505171512,30.71993800040218,18110.77850699985,0.0
1774214691,10,,Aggregated,10.700000,5.700000,1000,1000,1000,1000,1100,1500,1500,2800,18000,18000,18000,2051,1150,1000.0,720.7891603842135,30.71993800040218,18110.77850699985,0.0
1774214692,10,,Aggregated,10.800000,5.700000,1000,1000,1000,1000,1100,1500,1500,2800,18000,18000,18000,2062,1156,1000.0,720.0772999214453,30.71993800040218,18110.77850699985,0.0
1774214693,10,,Aggregated,10.800000,5.800000,1000,1000,1000,1000,1100,1500,1500,2800,18000,18000,18000,2073,1162,1000.0,719.59383539943,30.71993800040218,18110.77850699985,0.0
1774214694,10,,Aggregated,10.700000,5.600000,1000,1000,1000,1000,1100,1500,1500,2800,18000,18000,18000,2084,1168,1000.0,718.8587067010649,30.71993800040218,18110.77850699985,0.0
1774214695,10,,Aggregated,10.700000,5.900000,1000,1000,1000,1000,1100,1500,1500,2800,18000,18000,18000,2096,1175,1000.0,718.306252807261,30.71993800040218,18110.77850699985,0.0
1774214696,10,,Aggregated,10.800000,5.800000,1000,1000,1000,1000,1100,1500,1500,2500,18000,18000,18000,2106,1180,1000.0,717.467763082156,30.71993800040218,18110.77850699985,0.0
1774214697,10,,Aggregated,10.700000,5.800000,1000,1000,1000,1000,1100,1500,1500,2500,18000,18000,18000,2115,1185,1000.0,717.1934972364162,30.71993800040218,18110.77850699985,0.0
1774214698,10,,Aggregated,10.700000,5.700000,1000,1000,1000,1000,1100,1500,1500,2500,18000,18000,18000,2128,1192,1000.0,716.5871927034877,30.71993800040218,18110.77850699985,0.0
1774214699,10,,Aggregated,10.900000,6.000000,1000,1000,1000,1000,1100,1500,1500,2500,18000,18000,18000,2137,1197,1000.0,716.0719333860663,30.71993800040218,18110.77850699985,0.0
1774214700,10,,Aggregated,10.600000,5.600000,1000,1000,1000,1000,1100,1500,1500,2500,18000,18000,18000,2147,1201,1000.0,714.861553510957,30.71993800040218,18110.77850699985,0.0
1774214701,10,,Aggregated,10.600000,5.600000,1000,1000,1000,1000,1100,1500,1500,2500,18000,18000,18000,2160,1209,1000.0,714.5505189000114,30.71993800040218,18110.77850699985,0.0
1774214702,10,,Aggregated,10.800000,5.800000,1000,1000,1000,1000,1100,1500,1500,2500,18000,18000,18000,2172,1215,1000.0,713.5807529599549,30.71993800040218,18110.77850699985,0.0
1774214703,10,,Aggregated,10.700000,5.700000,1000,1000,1000,1000,1100,1500,1500,2500,18000,18000,18000,2182,1220,1000.0,713.0426429903862,30.71993800040218,18110.77850699985,0.0
1774214704,10,,Aggregated,10.800000,5.800000,1000,1000,1000,1000,1100,1500,1500,2500,18000,18000,18000,2191,1225,1000.0,712.5788325883262,30.71993800040218,18110.77850699985,0.0
1774214705,10,,Aggregated,10.800000,5.600000,1000,1000,1000,1000,1100,1500,1500,2400,18000,18000,18000,2201,1231,1000.0,712.2389504298145,30.71993800040218,18110.77850699985,0.0
1774214706,10,,Aggregated,10.700000,5.800000,1000,1000,1000,1000,1100,1500,1500,2400,18000,18000,18000,2212,1236,1000.0,711.3922816062477,30.71993800040218,18110.77850699985,0.0
1774214707,10,,Aggregated,10.600000,5.600000,1000,1000,1000,1000,1100,1500,1500,2400,18000,18000,18000,2224,1243,1000.0,711.163580870963,30.71993800040218,18110.77850699985,0.0
1774214708,10,,Aggregated,10.400000,5.500000,1000,1000,1000,1000,1100,1500,1500,2400,18000,18000,18000,2232,1247,1000.0,710.5542124471426,30.71993800040218,18110.77850699985,0.0
1774214709,10,,Aggregated,10.600000,5.600000,1000,1000,1000,1000,1100,1500,1500,2400,18000,18000,18000,2243,1253,1000.0,709.945951328141,30.71993800040218,18110.77850699985,0.0
1774214710,10,,Aggregated,10.600000,5.800000,1000,1000,1000,1000,1100,1500,1500,2400,18000,18000,18000,2255,1261,1000.0,710.1182183343766,30.71993800040218,18110.77850699985,0.0
1774214711,10,,Aggregated,10.700000,5.800000,1000,1000,1000,1000,1100,1500,1500,2400,18000,18000,18000,2264,1264,1000.0,709.0197692279236,30.71993800040218,18110.77850699985,0.0
1774214712,10,,Aggregated,10.300000,5.500000,1000,1000,1000,1000,1100,1500,1500,2400,18000,18000,18000,2274,1270,1000.0,708.9678792902456,30.71993800040218,18110.77850699985,0.0
1774214713,10,,Aggregated,10.300000,5.600000,1000,1000,1000,1000,1100,1500,1500,2400,18000,18000,18000,2288,1277,1000.0,708.1459423846221,30.71993800040218,18110.77850699985,0.0
1774214714,10,,Aggregated,10.400000,5.700000,1000,1000,1000,1000,1100,1500,1500,2400,18000,18000,18000,2297,1281,1000.0,707.2897394906468,30.71993800040218,18110.77850699985,0.0
1774214715,10,,Aggregated,10.200000,5.500000,1000,1000,1000,1000,1100,1500,1500,2300,18000,18000,18000,2307,1287,1000.0,707.0116991655901,30.71993800040218,18110.77850699985,0.0
1774214716,10,,Aggregated,10.500000,5.500000,1000,1000,1000,1000,1100,1500,1500,2300,18000,18000,18000,2320,1294,1000.0,706.0754594961275,30.71993800040218,18110.77850699985,0.0
1774214717,10,,Aggregated,10.600000,5.600000,1000,1000,1000,1000,1100,1500,1500,2300,18000,18000,18000,2330,1299,1000.0,705.3678470047279,30.71993800040218,18110.77850699985,0.0
1774214718,10,,Aggregated,10.500000,5.500000,1000,1000,1000,1000,1100,1500,1500,2300,18000,18000,18000,2341,1304,1000.0,704.3917679047486,30.71993800040218,18110.77850699985,0.0
1774214719,10,,Aggregated,10.600000,5.600000,1000,1000,1000,1000,1100,1500,1500,2300,18000,18000,18000,2353,1311,1000.0,703.9784882108005,30.71993800040218,18110.77850699985,0.0
1774214720,10,,Aggregated,10.700000,5.600000,1000,1000,1000,1000,1100,1500,1500,2300,18000,18000,18000,2366,1319,1000.0,703.9088411120089,30.71993800040218,18110.77850699985,0.0
1774214721,10,,Aggregated,10.700000,5.500000,1000,1000,1000,1000,1100,1500,1500,2300,18000,18000,18000,2373,1322,1000.0,703.2141114218347,30.71993800040218,18110.77850699985,0.0
1774214722,10,,Aggregated,10.700000,5.600000,1000,1000,1000,1000,1100,1500,1500,2300,18000,18000,18000,2384,1328,1000.0,702.6815016673717,30.71993800040218,18110.77850699985,0.0
1774214723,10,,Aggregated,11.000000,5.800000,1000,1000,1000,1000,1100,1500,1500,2300,18000,18000,18000,2395,1335,1000.0,702.5673233173336,30.71993800040218,18110.77850699985,0.0
1774214724,10,,Aggregated,10.700000,5.600000,1000,1000,1000,1000,1100,1500,1500,2100,18000,18000,18000,2407,1341,1000.0,701.7598813751613,30.71993800040218,18110.77850699985,0.0
1774214725,10,,Aggregated,10.800000,5.800000,1000,1000,1000,1000,1100,1500,1500,2100,18000,18000,18000,2418,1346,1000.0,700.8134330963662,30.71993800040218,18110.77850699985,0.0
1774214726,10,,Aggregated,10.600000,5.800000,1000,1000,1000,1000,1100,1500,1500,2100,18000,18000,18000,2427,1351,1000.0,700.8149466164042,30.71993800040218,18110.77850699985,0.0
1774214727,10,,Aggregated,10.800000,5.900000,1000,1000,1000,1000,1100,1500,1500,2100,18000,18000,18000,2439,1358,1000.0,700.6071291020961,30.71993800040218,18110.77850699985,0.0
1774214728,10,,Aggregated,10.900000,5.900000,1000,1000,1000,1000,1100,1500,1500,2100,18000,18000,18000,2449,1363,1000.0,699.9843288966977,30.71993800040218,18110.77850699985,0.0
1774214729,10,,Aggregated,10.800000,5.800000,1000,1000,1000,1000,1100,1500,1500,2100,18000,18000,18000,2461,1369,1000.0,699.2121223218255,30.71993800040218,18110.77850699985,0.0
1774214730,10,,Aggregated,10.700000,5.800000,1000,1000,1000,1000,1100,1500,1500,2100,18000,18000,18000,2471,1374,1000.0,698.5687310109321,30.71993800040218,18110.77850699985,0.0
1774214731,10,,Aggregated,10.700000,5.900000,1000,1000,1000,1000,1100,1500,1500,2100,18000,18000,18000,2482,1380,1000.0,698.2358026849372,30.71993800040218,18110.77850699985,0.0
1774214732,10,,Aggregated,10.700000,5.800000,1000,1000,1000,1000,1100,1500,1500,2100,18000,18000,18000,2491,1385,1000.0,698.0520231228477,30.71993800040218,18110.77850699985,0.0
1774214733,10,,Aggregated,10.500000,5.600000,1000,1000,1000,1000,1100,1500,1500,2100,18000,18000,18000,2504,1391,1000.0,697.0497587056759,30.71993800040218,18110.77850699985,0.0
1774214734,10,,Aggregated,10.600000,5.600000,1000,1000,1000,1000,1100,1500,1500,2100,18000,18000,18000,2514,1397,1000.0,696.8418281416116,30.71993800040218,18110.77850699985,0.0
1774214735,10,,Aggregated,10.700000,5.700000,1000,1000,1000,1000,1100,1500,1500,2100,18000,18000,18000,2527,1404,1000.0,696.229831410768,30.71993800040218,18110.77850699985,0.0
1774214736,10,,Aggregated,10.700000,5.500000,1000,1000,1000,1000,1100,1500,1500,2100,18000,18000,18000,2536,1409,1000.0,695.8639185410136,30.71993800040218,18110.77850699985,0.0
1774214737,10,,Aggregated,10.400000,5.400000,1000,1000,1000,1000,1100,1500,1500,2100,18000,18000,18000,2547,1415,1000.0,695.3782669576011,30.71993800040218,18110.77850699985,0.0
1774214738,10,,Aggregated,10.800000,5.700000,1000,1000,1000,1000,1100,1500,1500,2100,18000,18000,18000,2557,1420,1000.0,694.9701595416541,30.71993800040218,18110.77850699985,0.0
1774214739,10,,Aggregated,10.600000,5.700000,1000,1000,1000,1000,1100,1500,1500,2100,18000,18000,18000,2570,1427,1000.0,694.3961524708205,30.71993800040218,18110.77850699985,0.0
1774214740,10,,Aggregated,10.700000,5.700000,1000,1000,1000,1000,1100,1500,1500,2100,18000,18000,18000,2580,1432,1000.0,693.8256106558172,30.71993800040218,18110.77850699985,0.0
1774214741,10,,Aggregated,10.600000,5.500000,1000,1000,1000,1000,1100,1500,1500,2100,18000,18000,18000,2592,1438,1000.0,693.100989855714,30.71993800040218,18110.77850699985,0.0
1774214742,10,,Aggregated,10.900000,5.800000,1000,1000,1000,1000,1100,1500,1500,2000,18000,18000,18000,2601,1443,1000.0,692.8282245536373,30.71993800040218,18110.77850699985,0.0
1774214743,10,,Aggregated,11.000000,5.800000,1000,1000,1000,1000,1100,1500,1500,2000,18000,18000,18000,2611,1449,1000.0,692.674980537729,30.71993800040218,18110.77850699985,0.0
1774214744,10,,Aggregated,11.000000,5.800000,1000,1000,1000,1000,1100,1500,1500,2000,18000,18000,18000,2622,1455,1000.0,692.2485503283788,30.71993800040218,18110.77850699985,0.0
1774214745,10,,Aggregated,10.700000,5.600000,1000,1000,1000,1000,1100,1500,1500,2000,18000,18000,18000,2633,1462,1000.0,692.3666376042571,30.71993800040218,18110.77850699985,0.0
1774214746,10,,Aggregated,10.700000,5.800000,1000,1000,1000,1000,1100,1500,1500,2000,18000,18000,18000,2641,1466,1000.0,691.9283936789129,30.71993800040218,18110.77850699985,0.0
1774214747,10,,Aggregated,10.800000,5.800000,1000,1000,1000,1000,1100,1500,1500,2000,18000,18000,18000,2653,1472,1000.0,691.4538124010586,30.71993800040218,18110.77850699985,0.0
1774214748,10,,Aggregated,10.600000,5.800000,1000,1000,1000,1000,1100,1500,1500,2000,18000,18000,18000,2665,1480,1000.0,691.5259197707358,30.71993800040218,18110.77850699985,0.0
1774214750,10,,Aggregated,10.500000,5.600000,1000,1000,1000,1000,1100,1500,1500,2000,18000,18000,18000,2674,1483,1000.0,690.4788824678419,30.71993800040218,18110.77850699985,0.0
1774214751,10,,Aggregated,10.500000,5.600000,1000,1000,1000,1000,1100,1500,1500,2000,18000,18000,18000,2685,1489,1000.0,690.0716403176939,30.71993800040218,18110.77850699985,0.0
1774214752,10,,Aggregated,10.700000,6.000000,1000,1000,1000,1000,1100,1500,1500,2000,18000,18000,18000,2698,1496,1000.0,689.7172083858447,30.71993800040218,18110.77850699985,0.0
1774214753,10,,Aggregated,10.400000,5.600000,1000,1000,1000,1000,1100,1500,1500,2000,18000,18000,18000,2709,1502,1000.0,689.3868935156923,30.71993800040218,18110.77850699985,0.0
1774214754,10,,Aggregated,10.300000,5.600000,1000,1000,1000,1000,1100,1500,1500,2000,18000,18000,18000,2716,1505,1000.0,688.8201557500042,30.71993800040218,18110.77850699985,0.0
1774214755,10,,Aggregated,10.500000,5.700000,1000,1000,1000,1000,1100,1500,1500,2000,18000,18000,18000,2729,1512,1000.0,688.459953556619,30.71993800040218,18110.77850699985,0.0
1774214756,10,,Aggregated,10.800000,5.900000,1000,1000,1000,1000,1100,1500,1500,2000,18000,18000,18000,2739,1517,1000.0,688.0913510598803,30.71993800040218,18110.77850699985,0.0
1774214757,10,,Aggregated,10.700000,5.700000,1000,1000,1000,1000,1100,1500,1500,2000,18000,18000,18000,2751,1523,1000.0,687.4744732082928,30.71993800040218,18110.77850699985,0.0
1774214758,10,,Aggregated,10.600000,5.500000,1000,1000,1000,1000,1100,1500,1500,2000,18000,18000,18000,2761,1529,1000.0,687.3011974578105,30.71993800040218,18110.77850699985,0.0
1774214759,10,,Aggregated,10.800000,5.700000,1000,1000,1000,1000,1100,1500,1500,2000,18000,18000,18000,2771,1534,1000.0,686.752646938656,30.71993800040218,18110.77850699985,0.0
1774214760,10,,Aggregated,10.800000,5.700000,1000,1000,1000,1000,1100,1500,1500,2000,18000,18000,18000,2782,1540,1000.0,686.5224179324287,30.71993800040218,18110.77850699985,0.0
1774214761,10,,Aggregated,10.400000,5.200000,1000,1000,1000,1000,1100,1500,1500,2000,18000,18000,18000,2794,1548,1000.0,686.5900868758114,30.71993800040218,18110.77850699985,0.0
1774214762,10,,Aggregated,10.800000,5.700000,1000,1000,1000,1000,1100,1500,1500,1900,18000,18000,18000,2803,1551,1000.0,685.5772243210903,30.71993800040218,18110.77850699985,0.0
1774214763,10,,Aggregated,10.800000,5.700000,1000,1000,1000,1000,1100,1500,1500,1900,18000,18000,18000,2812,1556,1000.0,685.6513383485121,30.71993800040218,18110.77850699985,0.0
1774214764,10,,Aggregated,10.200000,5.400000,1000,1000,1000,1000,1100,1500,1500,1900,18000,18000,18000,2825,1563,1000.0,685.1548726364658,30.71993800040218,18110.77850699985,0.0
1774214765,10,,Aggregated,10.300000,5.400000,1000,1000,1000,1000,1100,1500,1500,1900,18000,18000,18000,2836,1569,1000.0,684.9456485874525,30.71993800040218,18110.77850699985,0.0
1774214766,10,,Aggregated,10.800000,5.800000,1000,1000,1000,1000,1100,1500,1500,1900,18000,18000,18000,2845,1574,1000.0,684.6700714580022,30.71993800040218,18110.77850699985,0.0
1774214767,10,,Aggregated,10.400000,5.600000,1000,1000,1000,1000,1100,1500,1500,1900,18000,18000,18000,2855,1579,1000.0,684.3241105506191,30.71993800040218,18110.77850699985,0.0
1774214768,10,,Aggregated,10.400000,5.600000,1000,1000,1000,1000,1100,1500,1500,1900,18000,18000,18000,2868,1587,1000.0,684.1970412810374,30.71993800040218,18110.77850699985,0.0
1774214769,10,,Aggregated,10.400000,5.600000,1000,1000,1000,1000,1100,1500,1500,1900,18000,18000,18000,2877,1592,1000.0,683.9400276100159,30.71993800040218,18110.77850699985,0.0
1774214770,10,,Aggregated,10.500000,5.700000,1000,1000,1000,1000,1100,1500,1500,1900,18000,18000,18000,2887,1597,1000.0,683.6385458465583,30.71993800040218,18110.77850699985,0.0
1774214771,10,,Aggregated,10.500000,5.700000,1000,1000,1000,1000,1100,1500,1500,1900,18000,18000,18000,2897,1602,1000.0,683.1580104059417,30.71993800040218,18110.77850699985,0.0
1774214772,10,,Aggregated,10.200000,5.500000,1000,1000,1000,1000,1100,1500,1500,1800,18000,18000,18000,2908,1608,1000.0,682.7786838703629,30.71993800040218,18110.77850699985,0.0
1774214773,10,,Aggregated,10.400000,5.600000,1000,1000,1000,1000,1100,1500,1500,1800,18000,18000,18000,2919,1614,1000.0,682.5632815560176,30.71993800040218,18110.77850699985,0.0
1774214774,10,,Aggregated,10.600000,5.700000,1000,1000,1000,1000,1100,1500,1500,1800,18000,18000,18000,2931,1620,1000.0,682.1502569290398,30.71993800040218,18110.77850699985,0.0
1774214775,10,,Aggregated,10.400000,5.600000,1000,1000,1000,1000,1100,1500,1500,1800,18000,18000,18000,2942,1625,1000.0,681.6121380333162,30.71993800040218,18110.77850699985,0.0
1774214776,10,,Aggregated,10.200000,5.400000,1000,1000,1000,1000,1100,1500,1500,1800,18000,18000,18000,2951,1630,1000.0,681.3424468610689,30.71993800040218,18110.77850699985,0.0
1774214777,10,,Aggregated,10.600000,5.600000,1000,1000,1000,1000,1100,1500,1500,1800,18000,18000,18000,2960,1635,1000.0,681.2321044831127,30.71993800040218,18110.77850699985,0.0
1774214778,10,,Aggregated,10.500000,5.600000,1000,1000,1000,1000,1100,1500,1500,1800,18000,18000,18000,2971,1641,1000.0,681.1998441605567,30.71993800040218,18110.77850699985,0.0
1774214779,10,,Aggregated,10.400000,5.400000,1000,1000,1000,1000,1100,1500,1500,1800,18000,18000,18000,2984,1648,1000.0,680.7521473364662,30.71993800040218,18110.77850699985,0.0
1774214780,10,,Aggregated,10.400000,5.500000,1000,1000,1000,1000,1100,1500,1500,1800,18000,18000,18000,2990,1652,1000.0,681.2701694745871,30.71993800040218,18110.77850699985,0.0
1774214781,10,,Aggregated,10.500000,5.600000,1000,1000,1000,1000,1100,1500,1500,1800,18000,18000,18000,3000,1658,1000.0,681.1696936610052,30.71993800040218,18110.77850699985,0.0
1774214782,10,,Aggregated,10.200000,5.500000,1000,1000,1000,1000,1100,1500,1500,1800,18000,18000,18000,3011,1665,1000.0,681.2470367947577,30.71993800040218,18110.77850699985,0.0
1774214783,10,,Aggregated,10.000000,5.400000,1000,1000,1000,1000,1100,1500,1500,1800,18000,18000,18000,3021,1671,1000.0,681.1677428027198,30.71993800040218,18110.77850699985,0.0
1774214784,10,,Aggregated,10.100000,5.600000,1000,1000,1000,1000,1100,1500,1500,1800,18000,18000,18000,3030,1674,1000.0,680.4162187128767,30.71993800040218,18110.77850699985,0.0
1774214785,10,,Aggregated,10.000000,5.400000,1000,1000,1000,1000,1100,1500,1500,1800,18000,18000,18000,3042,1681,1000.0,680.183208494417,30.71993800040218,18110.77850699985,0.0
1774214786,10,,Aggregated,10.200000,5.600000,1000,1000,1000,1000,1100,1500,1500,1800,18000,18000,18000,3054,1688,1000.0,679.9855080641839,30.71993800040218,18110.77850699985,0.0
1774214787,10,,Aggregated,10.100000,5.600000,1000,1000,1000,1000,1100,1500,1500,1800,18000,18000,18000,3061,1690,1000.0,679.1981623724333,30.71993800040218,18110.77850699985,0.0
1774214788,10,,Aggregated,9.900000,5.400000,1000,1000,1000,1000,1100,1500,1500,1800,18000,18000,18000,3072,1697,1000.0,679.5159947884183,30.71993800040218,18110.77850699985,0.0
1774214789,10,,Aggregated,10.000000,5.600000,1000,1000,1000,1000,1100,1500,1500,1800,18000,18000,18000,3085,1704,1000.0,679.1062764784502,30.71993800040218,18110.77850699985,0.0
1774214790,10,,Aggregated,10.100000,5.600000,1000,1000,1000,1000,1100,1500,1500,1800,18000,18000,18000,3096,1709,1000.0,678.4541454079518,30.71993800040218,18110.77850699985,0.0
1774214791,10,,Aggregated,10.100000,5.600000,1000,1000,1000,1000,1100,1500,1500,1800,18000,18000,18000,3105,1714,1000.0,678.255593982293,30.71993800040218,18110.77850699985,0.0
1774214792,10,,Aggregated,10.300000,5.500000,1000,1000,1000,1000,1100,1500,1500,1800,18000,18000,18000,3117,1721,1000.0,678.0593564514016,30.71993800040218,18110.77850699985,0.0
1774214793,10,,Aggregated,10.600000,5.700000,1000,1000,1000,1000,1100,1500,1500,1800,18000,18000,18000,3128,1727,1000.0,677.7684506796733,30.71993800040218,18110.77850699985,0.0
1774214794,10,,Aggregated,10.600000,5.700000,1000,1000,1000,1000,1100,1500,1500,1800,18000,18000,18000,3139,1733,1000.0,677.6183276161261,30.71993800040218,18110.77850699985,0.0
1774214795,10,,Aggregated,10.400000,5.600000,1000,1000,1000,1000,1100,1500,1500,1800,18000,18000,18000,3147,1737,1000.0,677.267719325396,30.71993800040218,18110.77850699985,0.0
1774214796,10,,Aggregated,10.500000,5.600000,1000,1000,1000,1000,1100,1500,1500,1800,18000,18000,18000,3160,1745,1000.0,677.3212161063356,30.71993800040218,18110.77850699985,0.0
1774214797,10,,Aggregated,10.400000,5.600000,1000,1000,1000,1000,1100,1500,1500,1800,18000,18000,18000,3169,1748,1000.0,676.5025858179296,30.71993800040218,18110.77850699985,0.0
1774214798,10,,Aggregated,10.600000,5.700000,1000,1000,1000,1000,1100,1500,1500,1800,18000,18000,18000,3179,1753,1000.0,676.3921904174327,30.71993800040218,18110.77850699985,0.0
1774214799,10,,Aggregated,10.500000,5.600000,1000,1000,1000,1000,1100,1500,1500,1800,18000,18000,18000,3192,1761,1000.0,676.3845932240037,30.71993800040218,18110.77850699985,0.0
1774214800,10,,Aggregated,10.600000,5.700000,1000,1000,1000,1000,1100,1500,1500,1700,18000,18000,18000,3203,1767,1000.0,676.0842834645701,30.71993800040218,18110.77850699985,0.0
1774214801,10,,Aggregated,10.600000,5.700000,1000,1000,1000,1000,1100,1500,1500,1700,18000,18000,18000,3212,1771,1000.0,675.5552066843145,30.71993800040218,18110.77850699985,0.0
1774214802,10,,Aggregated,10.500000,5.600000,1000,1000,1000,1000,1100,1500,1500,1700,18000,18000,18000,3223,1777,1000.0,675.2509870806751,30.71993800040218,18110.77850699985,0.0
1774214803,10,,Aggregated,10.500000,5.600000,1000,1000,1000,1000,1100,1500,1500,1700,18000,18000,18000,3235,1785,1000.0,675.3840595366349,30.71993800040218,18110.77850699985,0.0
1774214804,10,,Aggregated,10.600000,5.600000,1000,1000,1000,1000,1100,1500,1500,1700,18000,18000,18000,3244,1789,1000.0,674.8578983810161,30.71993800040218,18110.77850699985,0.0
1774214805,10,,Aggregated,10.700000,5.700000,1000,1000,1000,1000,1100,1500,1500,1700,18000,18000,18000,3255,1795,1000.0,674.5588466629845,30.71993800040218,18110.77850699985,0.0
1774214806,10,,Aggregated,10.500000,5.700000,1000,1000,1000,1000,1100,1500,1500,1700,18000,18000,18000,3266,1801,1000.0,674.284735198413,30.71993800040218,18110.77850699985,0.0
1774214807,10,,Aggregated,10.600000,5.700000,1000,1000,1000,1000,1100,1500,1500,1700,18000,18000,18000,3277,1808,1000.0,674.2784816106247,30.71993800040218,18110.77850699985,0.0
1774214808,10,,Aggregated,10.600000,5.800000,1000,1000,1000,1000,1100,1500,1500,1700,18000,18000,18000,3288,1813,1000.0,673.732396650857,30.71993800040218,18110.77850699985,0.0
1774214809,10,,Aggregated,10.500000,5.700000,1000,1000,1000,1000,1100,1500,1500,1700,18000,18000,18000,3297,1817,1000.0,673.2489804191747,30.71993800040218,18110.77850699985,0.0
1774214810,10,,Aggregated,10.400000,5.600000,1000,1000,1000,1000,1100,1500,1500,1700,18000,18000,18000,3308,1824,1000.0,673.2519990916019,30.71993800040218,18110.77850699985,0.0
1774214811,10,,Aggregated,10.600000,5.800000,1000,1000,1000,1000,1100,1500,1500,1700,18000,18000,18000,3317,1829,1000.0,673.1851535523115,30.71993800040218,18110.77850699985,0.0
1774214812,10,,Aggregated,10.800000,5.900000,1000,1000,1000,1000,1100,1500,1500,1700,18000,18000,18000,3331,1837,1000.0,673.2211018087714,30.71993800040218,18110.77850699985,0.0
1774214813,10,,Aggregated,10.300000,5.500000,1000,1000,1000,1000,1100,1500,1500,1700,18000,18000,18000,3340,1840,1000.0,672.4231910676694,30.71993800040218,18110.77850699985,0.0
1774214814,10,,Aggregated,10.100000,5.400000,1000,1000,1000,1000,1100,1500,1500,1700,18000,18000,18000,3351,1845,1000.0,671.9907319680739,30.71993800040218,18110.77850699985,0.0
1774214815,10,,Aggregated,10.600000,5.800000,1000,1000,1000,1000,1100,1500,1500,1700,18000,18000,18000,3363,1853,1000.0,672.1199843505848,30.71993800040218,18110.77850699985,0.0
1774214816,10,,Aggregated,10.700000,5.700000,1000,1000,1000,1000,1100,1500,1500,1700,18000,18000,18000,3372,1858,1000.0,671.9060300151302,30.71993800040218,18110.77850699985,0.0
1774214817,10,,Aggregated,10.400000,5.500000,1000,1000,1000,1000,1100,1500,1500,1700,18000,18000,18000,3384,1864,1000.0,671.6003302603486,30.71993800040218,18110.77850699985,0.0
1774214818,10,,Aggregated,10.600000,5.500000,1000,1000,1000,1000,1100,1500,1500,1700,18000,18000,18000,3394,1869,1000.0,671.4906346128521,30.71993800040218,18110.77850699985,0.0
1774214819,10,,Aggregated,10.800000,5.800000,1000,1000,1000,1000,1100,1500,1500,1600,18000,18000,18000,3406,1875,1000.0,671.0365245549094,30.71993800040218,18110.77850699985,0.0
1774214820,10,,Aggregated,10.600000,5.500000,1000,1000,1000,1000,1100,1500,1500,1600,18000,18000,18000,3414,1879,1000.0,670.7556452847161,30.71993800040218,18110.77850699985,0.0
1774214821,10,,Aggregated,10.300000,5.300000,1000,1000,1000,1000,1100,1500,1500,1600,18000,18000,18000,3424,1885,1000.0,670.8551679658357,30.71993800040218,18110.77850699985,0.0
1774214822,10,,Aggregated,10.600000,5.700000,1000,1000,1000,1000,1100,1500,1500,1600,18000,18000,18000,3434,1891,1000.0,670.9384297414152,30.71993800040218,18110.77850699985,0.0
1774214823,10,,Aggregated,10.500000,5.600000,1000,1000,1000,1000,1100,1500,1500,1600,18000,18000,18000,3443,1896,1000.0,670.8881670810395,30.71993800040218,18110.77850699985,0.0
1774214824,10,,Aggregated,10.600000,5.600000,1000,1000,1000,1000,1100,1500,1500,1600,18000,18000,18000,3454,1902,1000.0,670.7597605584882,30.71993800040218,18110.77850699985,0.0
1774214825,10,,Aggregated,10.400000,5.600000,1000,1000,1000,1000,1100,1500,1500,1600,18000,18000,18000,3466,1909,1000.0,670.5989225118349,30.71993800040218,18110.77850699985,0.0
1774214826,10,,Aggregated,10.000000,5.300000,1000,1000,1000,1000,1100,1500,1500,1600,18000,18000,18000,3475,1912,1000.0,669.8504956146818,30.71993800040218,18110.77850699985,0.0
1774214827,10,,Aggregated,10.100000,5.400000,1000,1000,1000,1000,1100,1500,1500,1600,18000,18000,18000,3486,1918,1000.0,669.7389808643204,30.71993800040218,18110.77850699985,0.0
1774214828,10,,Aggregated,10.300000,5.600000,1000,1000,1000,1000,1100,1500,1500,1600,18000,18000,18000,3498,1925,1000.0,669.722419154666,30.71993800040218,18110.77850699985,0.0
1774214829,10,,Aggregated,9.900000,5.200000,1000,1000,1000,1000,1100,1500,1500,1600,18000,18000,18000,3505,1928,1000.0,669.3408997517898,30.71993800040218,18110.77850699985,0.0
1774214830,10,,Aggregated,10.100000,5.400000,1000,1000,1000,1000,1100,1500,1500,1600,18000,18000,18000,3518,1936,1000.0,669.4418942222916,30.71993800040218,18110.77850699985,0.0
1774214831,10,,Aggregated,10.500000,5.700000,1000,1000,1000,1000,1100,1500,1500,1600,18000,18000,18000,3527,1941,1000.0,669.2455201114325,30.71993800040218,18110.77850699985,0.0
1774214832,10,,Aggregated,10.200000,5.500000,1000,1000,1000,1000,1100,1500,1500,1600,18000,18000,18000,3540,1949,1000.0,669.1821606709108,30.71993800040218,18110.77850699985,0.0
1774214833,10,,Aggregated,10.300000,5.600000,1000,1000,1000,1000,1100,1500,1500,1600,18000,18000,18000,3547,1951,1000.0,668.5328539616646,30.71993800040218,18110.77850699985,0.0
1774214834,10,,Aggregated,10.200000,5.500000,1000,1000,1000,1000,1100,1500,1500,1600,18000,18000,18000,3559,1958,1000.0,668.5467985726403,30.71993800040218,18110.77850699985,0.0
1774214835,10,,Aggregated,10.400000,5.600000,1000,1000,1000,1000,1100,1500,1500,1600,18000,18000,18000,3571,1965,1000.0,668.3839154819452,30.71993800040218,18110.77850699985,0.0
1774214836,10,,Aggregated,10.300000,5.600000,1000,1000,1000,1000,1100,1500,1500,1600,18000,18000,18000,3582,1972,1000.0,668.3984304659481,30.71993800040218,18110.77850699985,0.0
1774214837,10,,Aggregated,10.400000,5.600000,1000,1000,1000,1000,1100,1500,1500,1600,18000,18000,18000,3588,1973,1000.0,667.6626919701858,30.71993800040218,18110.77850699985,0.0
1774214838,10,,Aggregated,10.400000,5.600000,1000,1000,1000,1000,1100,1500,1500,1500,18000,18000,18000,3602,1981,1000.0,667.738079671302,30.71993800040218,18110.77850699985,0.0
1774214839,10,,Aggregated,10.700000,6.000000,1000,1000,1000,1000,1100,1500,1500,1500,18000,18000,18000,3614,1988,1000.0,667.7077346131792,30.71993800040218,18110.77850699985,0.0
1774214841,10,,Aggregated,10.100000,5.500000,1000,1000,1000,1000,1100,1500,1500,1500,18000,18000,18000,3624,1992,1000.0,667.1175873410677,30.71993800040218,18110.77850699985,0.0
1774214842,10,,Aggregated,10.200000,5.500000,1000,1000,1000,1000,1100,1500,1500,1500,18000,18000,18000,3635,1998,1000.0,666.8849474465,30.71993800040218,18110.77850699985,0.0
1774214843,10,,Aggregated,10.400000,5.600000,1000,1000,1000,1000,1100,1500,1500,1500,18000,18000,18000,3646,2005,1000.0,666.9821769605118,30.71993800040218,18110.77850699985,0.0
1774214844,10,,Aggregated,10.600000,5.600000,1000,1000,1000,1000,1100,1500,1500,1500,18000,18000,18000,3655,2009,1000.0,666.5269431863278,30.71993800040218,18110.77850699985,0.0
1774214845,10,,Aggregated,10.700000,5.700000,1000,1000,1000,1000,1100,1500,1500,1500,18000,18000,18000,3667,2016,1000.0,666.6457468841096,30.71993800040218,18110.77850699985,0.0
1774214846,10,,Aggregated,10.500000,5.600000,1000,1000,1000,1000,1100,1500,1500,1500,18000,18000,18000,3678,2022,1000.0,666.4299865367127,30.71993800040218,18110.77850699985,0.0
1774214847,10,,Aggregated,10.800000,5.800000,1000,1000,1000,1000,1100,1500,1500,1500,18000,18000,18000,3688,2028,1000.0,666.394200093284,30.71993800040218,18110.77850699985,0.0
1774214848,10,,Aggregated,10.600000,5.700000,1000,1000,1000,1000,1100,1500,1500,1500,18000,18000,18000,3698,2032,1000.0,665.8311887912466,30.71993800040218,18110.77850699985,0.0
1774214849,10,,Aggregated,10.500000,5.500000,1000,1000,1000,1000,1100,1500,1500,1500,18000,18000,18000,3709,2039,1000.0,665.8588822318764,30.71993800040218,18110.77850699985,0.0
1774214850,10,,Aggregated,10.900000,5.900000,1000,1000,1000,1000,1100,1500,1500,1500,18000,18000,18000,3720,2046,1000.0,666.0470341336099,30.71993800040218,18110.77850699985,0.0
1774214851,10,,Aggregated,10.900000,5.900000,1000,1000,1000,1000,1100,1500,1500,1500,18000,18000,18000,3729,2051,1000.0,665.8679666057997,30.71993800040218,18110.77850699985,0.0
1774214852,10,,Aggregated,10.500000,5.700000,1000,1000,1000,1000,1100,1500,1500,1500,18000,18000,18000,3740,2056,1000.0,665.3677968497398,30.71993800040218,18110.77850699985,0.0
1774214853,10,,Aggregated,10.500000,5.700000,1000,1000,1000,1000,1100,1500,1500,1500,18000,18000,18000,3749,2061,1000.0,665.2021455929657,30.71993800040218,18110.77850699985,0.0
1774214854,10,,Aggregated,10.300000,5.700000,1000,1000,1000,1000,1100,1500,1500,1500,18000,18000,18000,3763,2069,1000.0,665.1639632043657,30.71993800040218,18110.77850699985,0.0
1774214855,10,,Aggregated,10.300000,5.600000,1000,1000,1000,1000,1100,1500,1500,1500,18000,18000,18000,3773,2075,1000.0,665.130646189512,30.71993800040218,18110.77850699985,0.0
1774214856,10,,Aggregated,10.500000,5.900000,1000,1000,1000,1000,1100,1500,1500,1500,18000,18000,18000,3782,2079,1000.0,664.7225289241218,30.71993800040218,18110.77850699985,0.0
1774214857,10,,Aggregated,10.300000,5.600000,1000,1000,1000,1000,1100,1500,1500,1500,18000,18000,18000,3793,2085,1000.0,664.6254708760953,30.71993800040218,18110.77850699985,0.0
1774214858,10,,Aggregated,10.200000,5.500000,1000,1000,1000,1000,1100,1500,1500,1500,18000,18000,18000,3806,2092,1000.0,664.3576099742596,30.71993800040218,18110.77850699985,0.0
1774214859,10,,Aggregated,10.500000,5.800000,1000,1000,1000,1000,1100,1500,1500,1500,18000,18000,18000,3817,2098,1000.0,664.1397220964194,30.71993800040218,18110.77850699985,0.0
1774214860,10,,Aggregated,10.600000,5.800000,1000,1000,1000,1000,1100,1500,1500,1500,18000,18000,18000,3827,2102,1000.0,663.5635713140927,30.71993800040218,18110.77850699985,0.0
1774214861,10,,Aggregated,10.500000,5.700000,1000,1000,1000,1000,1100,1500,1500,1500,18000,18000,18000,3838,2109,1000.0,663.7112456446149,30.71993800040218,18110.77850699985,0.0
1774214862,10,,Aggregated,10.500000,5.600000,1000,1000,1000,1000,1100,1500,1500,1500,18000,18000,18000,3847,2113,1000.0,663.3169981050254,30.71993800040218,18110.77850699985,0.0
1774214863,10,,Aggregated,10.600000,5.700000,1000,1000,1000,1000,1100,1500,1500,1500,18000,18000,18000,3858,2119,1000.0,663.3609429053996,30.71993800040218,18110.77850699985,0.0
1774214864,10,,Aggregated,10.500000,5.600000,1000,1000,1000,1000,1100,1500,1500,1500,18000,18000,18000,3869,2125,1000.0,663.1353288790465,30.71993800040218,18110.77850699985,0.0
1774214865,10,,Aggregated,10.700000,5.700000,1000,1000,1000,1000,1100,1500,1500,1500,18000,18000,18000,3881,2132,1000.0,663.0182434534987,30.71993800040218,18110.77850699985,0.0
1774214866,10,,Aggregated,10.800000,5.700000,1000,1000,1000,1000,1100,1500,1500,1500,18000,18000,18000,3890,2136,1000.0,662.6058239545055,30.71993800040218,18110.77850699985,0.0
1774214867,10,,Aggregated,10.700000,5.700000,1000,1000,1000,1000,1100,1500,1500,1500,18000,18000,18000,3900,2142,1000.0,662.5703674918018,30.71993800040218,18110.77850699985,0.0
1774214868,10,,Aggregated,10.600000,5.700000,1000,1000,1000,1000,1100,1500,1500,1500,18000,18000,18000,3911,2149,1000.0,662.6099566581507,30.71993800040218,18110.77850699985,0.0
1774214869,10,,Aggregated,10.600000,5.600000,1000,1000,1000,1000,1100,1500,1500,1500,18000,18000,18000,3921,2154,1000.0,662.3233163973547,30.71993800040218,18110.77850699985,0.0
1774214870,10,,Aggregated,10.500000,5.600000,1000,1000,1000,1000,1100,1500,1500,1500,18000,18000,18000,3932,2161,1000.0,662.4866831856637,30.71993800040218,18110.77850699985,0.0
1774214871,10,,Aggregated,10.600000,5.800000,1000,1000,1000,1000,1100,1500,1500,1500,18000,18000,18000,3942,2165,1000.0,661.9484039761619,30.71993800040218,18110.77850699985,0.0
1774214872,10,,Aggregated,10.300000,5.600000,1000,1000,1000,1000,1100,1500,1500,1500,18000,18000,18000,3954,2172,1000.0,661.8320390457841,30.71993800040218,18110.77850699985,0.0
1774214873,10,,Aggregated,10.400000,5.600000,1000,1000,1000,1000,1100,1500,1500,1500,18000,18000,18000,3964,2177,1000.0,661.5431998256882,30.71993800040218,18110.77850699985,0.0
1774214874,10,,Aggregated,10.700000,5.900000,1000,1000,1000,1000,1100,1500,1500,1500,18000,18000,18000,3975,2183,1000.0,661.456844597491,30.71993800040218,18110.77850699985,0.0
1774214875,10,,Aggregated,10.500000,5.800000,1000,1000,1000,1000,1100,1500,1500,1500,18000,18000,18000,3985,2188,1000.0,661.1562310143099,30.71993800040218,18110.77850699985,0.0
1774214876,10,,Aggregated,10.100000,5.500000,1000,1000,1000,1000,1100,1500,1500,1500,18000,18000,18000,3997,2194,1000.0,660.8193085018826,30.71993800040218,18110.77850699985,0.0
1774214877,10,,Aggregated,10.400000,5.800000,1000,1000,1000,1000,1100,1500,1500,1500,13000,18000,18000,4009,2201,1000.0,660.849998802451,30.71993800040218,18110.77850699985,0.0
1774214878,10,,Aggregated,10.700000,5.900000,1000,1000,1000,1000,1100,1500,1500,1500,13000,18000,18000,4018,2205,1000.0,660.4640360477918,30.71993800040218,18110.77850699985,0.0
1774214879,10,,Aggregated,10.600000,5.700000,1000,1000,1000,1000,1100,1500,1500,1500,13000,18000,18000,4028,2211,1000.0,660.6440575888845,30.71993800040218,18110.77850699985,0.0
1774214880,10,,Aggregated,10.500000,5.700000,1000,1000,1000,1000,1100,1500,1500,1500,13000,18000,18000,4039,2217,1000.0,660.5739151745548,30.71993800040218,18110.77850699985,0.0
1774214881,10,,Aggregated,10.500000,5.600000,1000,1000,1000,1000,1100,1500,1500,1500,13000,18000,18000,4050,2223,1000.0,660.3600637224757,30.71993800040218,18110.77850699985,0.0
1774214882,10,,Aggregated,10.600000,5.700000,1000,1000,1000,1000,1100,1500,1500,1500,13000,18000,18000,4058,2227,1000.0,660.2447015142992,30.71993800040218,18110.77850699985,0.0
1774214883,10,,Aggregated,10.400000,5.500000,1000,1000,1000,1000,1100,1500,1500,1500,13000,18000,18000,4069,2233,1000.0,660.0466306615942,30.71993800040218,18110.77850699985,0.0
1774214884,10,,Aggregated,10.400000,5.500000,1000,1000,1000,1000,1100,1500,1500,1500,13000,18000,18000,4079,2238,1000.0,659.8689414709554,30.71993800040218,18110.77850699985,0.0
1774214885,10,,Aggregated,10.400000,5.500000,1000,1000,1000,1000,1100,1500,1500,1500,13000,18000,18000,4088,2243,1000.0,659.8675570870909,30.71993800040218,18110.77850699985,0.0
1774214886,10,,Aggregated,10.600000,5.600000,1000,1000,1000,1000,1100,1500,1500,1500,13000,18000,18000,4101,2250,1000.0,659.843469738607,30.71993800040218,18110.77850699985,0.0
1774214887,10,,Aggregated,10.300000,5.400000,1000,1000,1000,1000,1100,1500,1500,1500,13000,18000,18000,4111,2256,1000.0,659.8111805959683,30.71993800040218,18110.77850699985,0.0
1774214888,10,,Aggregated,10.100000,5.400000,1000,1000,1000,1000,1100,1500,1500,1500,13000,18000,18000,4121,2261,1000.0,659.5153604564488,30.71993800040218,18110.77850699985,0.0
1774214889,10,,Aggregated,10.000000,5.400000,1000,1000,1000,1000,1100,1500,1500,1500,13000,18000,18000,4131,2267,1000.0,659.5929382159343,30.71993800040218,18110.77850699985,0.0
1774214890,10,,Aggregated,10.000000,5.400000,1000,1000,1000,1000,1100,1500,1500,1500,13000,18000,18000,4143,2274,1000.0,659.506933801116,30.71993800040218,18110.77850699985,0.0
1774214891,10,,Aggregated,10.000000,5.400000,1000,1000,1000,1000,1100,1500,1500,1500,13000,18000,18000,4153,2279,1000.0,659.2583268959847,30.71993800040218,18110.77850699985,0.0
1774214892,10,,Aggregated,10.200000,5.500000,1000,1000,1000,1000,1100,1500,1500,1500,13000,18000,18000,4164,2285,1000.0,659.1785884661443,29.68788799989852,18110.77850699985,0.0
1774214893,10,,Aggregated,10.200000,5.600000,1000,1000,1000,1000,1100,1500,1500,1500,13000,18000,18000,4174,2290,1000.0,658.9195881039832,29.68788799989852,18110.77850699985,0.0
1774214894,10,,Aggregated,10.200000,5.500000,1000,1000,1000,1000,1100,1500,1500,1500,13000,18000,18000,4185,2297,1000.0,658.9642601342948,29.68788799989852,18110.77850699985,0.0
1774214895,10,,Aggregated,10.200000,5.600000,1000,1000,1000,1000,1100,1500,1500,1500,13000,18000,18000,4196,2302,1000.0,658.5854267078223,29.68788799989852,18110.77850699985,0.0
1774214896,10,,Aggregated,10.400000,5.700000,1000,1000,1000,1000,1100,1500,1500,1500,13000,18000,18000,4207,2308,1000.0,658.5171168778279,29.68788799989852,18110.77850699985,0.0
1774214897,10,,Aggregated,10.400000,5.700000,1000,1000,1000,1000,1100,1500,1500,1500,13000,18000,18000,4217,2313,1000.0,658.3479442610917,29.68788799989852,18110.77850699985,0.0
1774214898,10,,Aggregated,10.600000,5.700000,1000,1000,1000,1000,1100,1500,1500,1500,13000,18000,18000,4228,2319,1000.0,658.3844221648592,29.68788799989852,18110.77850699985,0.0
1774214899,10,,Aggregated,10.600000,5.800000,1000,1000,1000,1000,1100,1500,1500,1500,13000,18000,18000,4238,2325,1000.0,658.4464388463956,29.68788799989852,18110.77850699985,0.0
1774214900,10,,Aggregated,10.800000,5.800000,1000,1000,1000,1000,1100,1500,1500,1500,13000,18000,18000,4248,2329,1000.0,658.0776554289139,29.68788799989852,18110.77850699985,0.0
1774214901,10,,Aggregated,10.500000,5.600000,1000,1000,1000,1000,1100,1500,1500,1500,13000,18000,18000,4260,2336,1000.0,657.9849358333397,29.68788799989852,18110.77850699985,0.0
1774214902,10,,Aggregated,10.500000,5.700000,1000,1000,1000,1000,1100,1500,1500,1500,13000,18000,18000,4268,2340,1000.0,657.775164498601,29.68788799989852,18110.77850699985,0.0
1774214903,10,,Aggregated,10.700000,5.700000,1000,1000,1000,1000,1100,1500,1500,1500,13000,18000,18000,4281,2347,1000.0,657.6400799628664,29.68788799989852,18110.77850699985,0.0
1774214904,10,,Aggregated,10.500000,5.600000,1000,1000,1000,1000,1100,1500,1500,1500,13000,18000,18000,4293,2353,1000.0,657.3168028485983,29.68788799989852,18110.77850699985,0.0
1774214905,10,,Aggregated,10.500000,5.500000,1000,1000,1000,1000,1100,1500,1500,1500,13000,18000,18000,4303,2359,1000.0,657.2705369667743,29.68788799989852,18110.77850699985,0.0
1774214906,10,,Aggregated,10.500000,5.500000,1000,1000,1000,1000,1100,1500,1500,1500,13000,18000,18000,4314,2365,1000.0,657.074010158792,29.68788799989852,18110.77850699985,0.0
1774214907,10,,Aggregated,10.600000,5.600000,1000,1000,1000,1000,1100,1500,1500,1500,13000,18000,18000,4326,2371,1000.0,656.752449997464,29.68788799989852,18110.77850699985,0.0
1774214908,10,,Aggregated,10.500000,5.600000,1000,1000,1000,1000,1100,1500,1500,1500,13000,18000,18000,4335,2376,1000.0,656.6271500927405,29.68788799989852,18110.77850699985,0.0
1774214909,10,,Aggregated,10.600000,5.600000,1000,1000,1000,1000,1100,1500,1500,1500,13000,18000,18000,4345,2381,1000.0,656.364755185047,29.68788799989852,18110.77850699985,0.0
1774214910,10,,Aggregated,10.600000,5.600000,1000,1000,1000,1000,1100,1500,1500,1500,13000,18000,18000,4357,2389,1000.0,656.616228529269,29.68788799989852,18110.77850699985,0.0
1774214911,10,,Aggregated,10.700000,5.700000,1000,1000,1000,1000,1100,1500,1500,1500,13000,18000,18000,4366,2393,1000.0,656.2738499947378,29.68788799989852,18110.77850699985,0.0
1774214912,10,,Aggregated,10.600000,5.600000,1000,1000,1000,1000,1100,1500,1500,1500,13000,18000,18000,4375,2398,1000.0,656.1634095376058,29.68788799989852,18110.77850699985,0.0
1774214913,10,,Aggregated,10.600000,5.700000,1000,1000,1000,1000,1100,1500,1500,1500,13000,18000,18000,4388,2405,1000.0,656.0450642575264,29.68788799989852,18110.77850699985,0.0
1774214914,10,,Aggregated,10.700000,5.900000,1000,1000,1000,1000,1100,1500,1500,1500,13000,18000,18000,4398,2410,1000.0,655.7720321227893,29.68788799989852,18110.77850699985,0.0
1774214915,10,,Aggregated,10.400000,5.700000,1000,1000,1000,1000,1100,1500,1500,1500,13000,18000,18000,4411,2418,1000.0,655.984466554982,29.68788799989852,18110.77850699985,0.0
1774214916,10,,Aggregated,10.500000,5.700000,1000,1000,1000,1000,1100,1500,1500,1500,13000,18000,18000,4422,2422,1000.0,655.3584168272336,29.68788799989852,18110.77850699985,0.0
1774214917,10,,Aggregated,10.600000,5.700000,1000,1000,1000,1000,1100,1500,1500,1500,13000,18000,18000,4431,2427,1000.0,655.3416343958531,29.68788799989852,18110.77850699985,0.0
1774214918,10,,Aggregated,10.700000,5.800000,1000,1000,1000,1000,1100,1500,1500,1500,13000,18000,18000,4444,2434,1000.0,655.2793710967657,29.68788799989852,18110.77850699985,0.0
1774214920,10,,Aggregated,10.600000,5.600000,1000,1000,1000,1000,1100,1500,1500,1500,13000,18000,18000,4456,2441,1000.0,655.189749170338,29.68788799989852,18110.77850699985,0.0
1774214921,10,,Aggregated,10.800000,5.800000,1000,1000,1000,1000,1100,1500,1500,1500,13000,18000,18000,4464,2444,1000.0,654.7644304845489,29.68788799989852,18110.77850699985,0.0
1774214922,10,,Aggregated,11.000000,5.900000,1000,1000,1000,1000,1100,1500,1500,1500,13000,18000,18000,4476,2451,1000.0,654.6909185053681,29.68788799989852,18110.77850699985,0.0
1774214923,10,,Aggregated,10.400000,5.400000,1000,1000,1000,1000,1100,1500,1500,1500,13000,18000,18000,4488,2458,1000.0,654.7124221209956,29.68788799989852,18110.77850699985,0.0
1774214924,10,,Aggregated,10.600000,5.500000,1000,1000,1000,1000,1100,1500,1500,1500,13000,18000,18000,4497,2463,1000.0,654.6030722079228,29.68788799989852,18110.77850699985,0.0
1774214925,10,,Aggregated,11.100000,5.900000,1000,1000,1000,1000,1100,1400,1500,1500,13000,18000,18000,4507,2467,1000.0,654.1418851442268,29.68788799989852,18110.77850699985,0.0
1774214926,10,,Aggregated,11.100000,5.900000,1000,1000,1000,1000,1100,1400,1500,1500,13000,18000,18000,4519,2475,1000.0,654.28328804515,29.68788799989852,18110.77850699985,0.0
1774214927,10,,Aggregated,10.700000,5.700000,1000,1000,1000,1000,1100,1400,1500,1500,13000,18000,18000,4528,2479,1000.0,653.9564396749191,29.68788799989852,18110.77850699985,0.0
1774214928,10,,Aggregated,10.700000,5.700000,1000,1000,1000,1000,1100,1500,1500,1500,13000,18000,18000,4539,2485,1000.0,654.0994705670927,29.68788799989852,18110.77850699985,0.0
1774214929,10,,Aggregated,10.600000,5.700000,1000,1000,1000,1000,1100,1500,1500,1500,13000,18000,18000,4548,2490,1000.0,653.99612915612,29.68788799989852,18110.77850699985,0.0
1774214930,10,,Aggregated,10.700000,5.700000,1000,1000,1000,1000,1100,1500,1500,1500,13000,18000,18000,4560,2496,1000.0,653.8391814017613,29.68788799989852,18110.77850699985,0.0
1774214931,10,,Aggregated,10.300000,5.500000,1000,1000,1000,1000,1100,1500,1500,1500,13000,18000,18000,4572,2502,1000.0,653.5527092338211,29.68788799989852,18110.77850699985,0.0
1774214932,10,,Aggregated,10.300000,5.500000,1000,1000,1000,1000,1100,1400,1500,1500,13000,18000,18000,4581,2507,1000.0,653.4529455835038,29.68788799989852,18110.77850699985,0.0
1774214933,10,,Aggregated,10.800000,5.800000,1000,1000,1000,1000,1100,1400,1500,1500,13000,18000,18000,4592,2512,1000.0,653.0931001363309,29.68788799989852,18110.77850699985,0.0
1774214934,10,,Aggregated,10.800000,5.800000,1000,1000,1000,1000,1100,1400,1500,1500,13000,18000,18000,4603,2519,1000.0,653.2025842192115,29.68788799989852,18110.77850699985,0.0
1774214935,10,,Aggregated,10.300000,5.300000,1000,1000,1000,1000,1100,1400,1500,1500,13000,18000,18000,4613,2523,1000.0,652.7526425016325,29.68788799989852,18110.77850699985,0.0
1774214936,10,,Aggregated,10.700000,5.700000,1000,1000,1000,1000,1100,1400,1500,1500,13000,18000,18000,4625,2531,1000.0,652.9001494983851,29.68788799989852,18110.77850699985,0.0
1774214937,10,,Aggregated,10.500000,5.600000,1000,1000,1000,1000,1100,1400,1500,1500,13000,18000,18000,4635,2537,1000.0,652.8697629229839,29.68788799989852,18110.77850699985,0.0
1774214938,10,,Aggregated,10.300000,5.400000,1000,1000,1000,1000,1100,1400,1500,1500,13000,18000,18000,4646,2543,1000.0,652.7111067963906,29.68788799989852,18110.77850699985,0.0
1774214939,10,,Aggregated,10.500000,5.600000,1000,1000,1000,1000,1100,1400,1500,1500,13000,18000,18000,4656,2547,1000.0,652.270544861476,29.68788799989852,18110.77850699985,0.0
1774214940,10,,Aggregated,10.400000,5.600000,1000,1000,1000,1000,1100,1400,1500,1500,13000,18000,18000,4667,2554,1000.0,652.4447371332832,29.68788799989852,18110.77850699985,0.0
1774214941,10,,Aggregated,10.600000,5.700000,1000,1000,1000,1000,1100,1400,1500,1500,13000,18000,18000,4677,2559,1000.0,652.217449398339,29.68788799989852,18110.77850699985,0.0
1774214942,10,,Aggregated,10.600000,5.800000,1000,1000,1000,1000,1100,1400,1500,1500,13000,18000,18000,4688,2565,1000.0,652.05369890679,29.68788799989852,18110.77850699985,0.0
1774214943,10,,Aggregated,10.400000,5.700000,1000,1000,1000,1000,1100,1400,1500,1500,13000,18000,18000,4700,2571,1000.0,651.7803742027729,29.68788799989852,18110.77850699985,0.0
1774214944,10,,Aggregated,10.400000,5.600000,1000,1000,1000,1000,1100,1300,1500,1500,13000,18000,18000,4710,2577,1000.0,651.7640741503257,29.68788799989852,18110.77850699985,0.0
1774214945,10,,Aggregated,10.600000,5.800000,1000,1000,1000,1000,1100,1400,1500,1500,13000,18000,18000,4720,2583,1000.0,651.8820448243712,29.68788799989852,18110.77850699985,0.0
1774214946,10,,Aggregated,10.400000,5.600000,1000,1000,1000,1000,1100,1300,1500,1500,13000,18000,18000,4732,2590,1000.0,651.8225236128558,29.68788799989852,18110.77850699985,0.0
1774214947,10,,Aggregated,10.600000,5.900000,1000,1000,1000,1000,1100,1300,1500,1500,13000,18000,18000,4740,2594,1000.0,651.6549957708932,29.68788799989852,18110.77850699985,0.0
1774214948,10,,Aggregated,10.400000,5.700000,1000,1000,1000,1000,1100,1300,1500,1500,13000,18000,18000,4753,2601,1000.0,651.4616140789045,29.68788799989852,18110.77850699985,0.0
1774214949,10,,Aggregated,10.600000,5.800000,1000,1000,1000,1000,1100,1300,1500,1500,13000,18000,18000,4763,2606,1000.0,651.2380366174747,29.68788799989852,18110.77850699985,0.0
1774214950,10,,Aggregated,10.600000,5.800000,1000,1000,1000,1000,1100,1300,1500,1500,13000,18000,18000,4775,2612,1000.0,650.9686402056611,29.68788799989852,18110.77850699985,0.0
1774214951,10,,Aggregated,10.600000,5.700000,1000,1000,1000,1000,1100,1200,1500,1500,13000,18000,18000,4784,2617,1000.0,650.8901958917288,29.68788799989852,18110.77850699985,0.0
1774214952,10,,Aggregated,10.500000,5.600000,1000,1000,1000,1000,1100,1200,1500,1500,13000,18000,18000,4796,2624,1000.0,650.8321007083049,29.68788799989852,18110.77850699985,0.0
1774214953,10,,Aggregated,10.700000,5.800000,1000,1000,1000,1000,1100,1200,1500,1500,13000,18000,18000,4807,2630,1000.0,650.6345847412173,29.68788799989852,18110.77850699985,0.0
1774214954,10,,Aggregated,10.500000,5.800000,1000,1000,1000,1000,1100,1200,1500,1500,13000,18000,18000,4818,2635,1000.0,650.3089941334645,29.68788799989852,18110.77850699985,0.0
1774214955,10,,Aggregated,10.600000,5.800000,1000,1000,1000,1000,1100,1200,1500,1500,13000,18000,18000,4830,2641,1000.0,650.1510691430708,29.68788799989852,18110.77850699985,0.0
1774214956,10,,Aggregated,10.700000,5.800000,1000,1000,1000,1000,1100,1200,1500,1500,13000,18000,18000,4841,2647,1000.0,650.101287166914,29.68788799989852,18110.77850699985,0.0
1774214957,10,,Aggregated,10.700000,5.600000,1000,1000,1000,1000,1100,1200,1500,1500,13000,18000,18000,4852,2653,1000.0,649.9718146566431,29.68788799989852,18110.77850699985,0.0
1774214958,10,,Aggregated,10.800000,5.700000,1000,1000,1000,1000,1100,1200,1500,1500,13000,18000,18000,4863,2658,1000.0,649.6337122938579,29.68788799989852,18110.77850699985,0.0
1774214959,10,,Aggregated,10.700000,5.600000,1000,1000,1000,1000,1100,1200,1500,1500,13000,18000,18000,4874,2663,1000.0,649.313240868287,29.68788799989852,18110.77850699985,0.0
1774214960,10,,Aggregated,11.000000,5.700000,1000,1000,1000,1000,1100,1200,1500,1500,13000,18000,18000,4886,2670,1000.0,649.4479909537521,29.68788799989852,18110.77850699985,0.0
1774214961,10,,Aggregated,11.000000,5.800000,1000,1000,1000,1000,1100,1200,1500,1500,13000,18000,18000,4898,2675,1000.0,648.9928048160542,29.68788799989852,18110.77850699985,0.0
1774214962,10,,Aggregated,10.900000,5.700000,1000,1000,1000,1000,1100,1200,1500,1500,13000,18000,18000,4905,2679,1000.0,649.0177687765611,29.68788799989852,18110.77850699985,0.0
1774214963,10,,Aggregated,11.000000,5.500000,1000,1000,1000,1000,1100,1200,1500,1500,13000,18000,18000,4918,2687,1000.0,649.2453510453497,29.68788799989852,18110.77850699985,0.0
1774214964,10,,Aggregated,11.200000,5.700000,1000,1000,1000,1000,1100,1200,1500,1500,13000,18000,18000,4928,2693,1000.0,649.2853705351113,29.68788799989852,18110.77850699985,0.0
1774214965,10,,Aggregated,10.800000,5.500000,1000,1000,1000,1000,1100,1200,1500,1500,13000,18000,18000,4937,2697,1000.0,648.99723729796,29.68788799989852,18110.77850699985,0.0
1774214966,10,,Aggregated,10.700000,5.500000,1000,1000,1000,1000,1100,1200,1500,1500,13000,18000,18000,4948,2703,1000.0,648.9634646531989,29.68788799989852,18110.77850699985,0.0
1774214967,10,,Aggregated,10.800000,5.700000,1000,1000,1000,1000,1100,1200,1500,1500,13000,18000,18000,4959,2709,1000.0,648.8381230102896,29.68788799989852,18110.77850699985,0.0
1774214968,10,,Aggregated,10.900000,5.700000,1000,1000,1000,1000,1100,1200,1500,1500,13000,18000,18000,4970,2715,1000.0,648.8034276635867,29.68788799989852,18110.77850699985,0.0
1774214969,10,,Aggregated,10.600000,5.600000,1000,1000,1000,1000,1100,1200,1500,1500,13000,18000,18000,4982,2721,1000.0,648.5578119472152,29.68788799989852,18110.77850699985,0.0
1774214970,10,,Aggregated,10.400000,5.500000,1000,1000,1000,1000,1100,1200,1500,1500,13000,18000,18000,4991,2726,1000.0,648.4713030360703,29.68788799989852,18110.77850699985,0.0
1774214971,10,,Aggregated,10.500000,5.600000,1000,1000,1000,1000,1100,1200,1500,1500,12000,18000,18000,5002,2732,1000.0,648.5112904898092,29.68788799989852,18110.77850699985,0.0
1774214972,10,,Aggregated,10.500000,5.700000,1000,1000,1000,1000,1100,1200,1500,1500,12000,18000,18000,5012,2737,1000.0,648.3950027148893,29.68788799989852,18110.77850699985,0.0
1774214973,10,,Aggregated,10.300000,5.600000,1000,1000,1000,1000,1100,1200,1500,1500,12000,18000,18000,5022,2742,1000.0,648.1995085376394,29.68788799989852,18110.77850699985,0.0
1774214974,10,,Aggregated,10.300000,5.600000,1000,1000,1000,1000,1100,1200,1500,1500,12000,18000,18000,5033,2749,1000.0,648.2744879644397,29.68788799989852,18110.77850699985,0.0
1774214975,10,,Aggregated,10.500000,5.700000,1000,1000,1000,1000,1100,1200,1500,1500,12000,18000,18000,5045,2755,1000.0,648.1122142005997,29.68788799989852,18110.77850699985,0.0
1774214976,10,,Aggregated,10.400000,5.600000,1000,1000,1000,1000,1100,1200,1500,1500,12000,18000,18000,5055,2761,1000.0,648.1061046910041,29.68788799989852,18110.77850699985,0.0
1774214977,10,,Aggregated,10.200000,5.400000,1000,1000,1000,1000,1100,1200,1500,1500,12000,18000,18000,5064,2765,1000.0,648.0089093651312,29.68788799989852,18110.77850699985,0.0
1774214978,10,,Aggregated,10.300000,5.600000,1000,1000,1000,1000,1100,1200,1500,1500,12000,18000,18000,5074,2770,1000.0,647.7976632175845,29.68788799989852,18110.77850699985,0.0
1774214979,10,,Aggregated,10.300000,5.600000,1000,1000,1000,1000,1100,1200,1500,1500,12000,18000,18000,5086,2778,1000.0,648.0177106512045,29.68788799989852,18110.77850699985,0.0
1774214980,10,,Aggregated,10.300000,5.600000,1000,1000,1000,1000,1100,1200,1500,1500,12000,18000,18000,5097,2783,1000.0,647.7302662238625,29.68788799989852,18110.77850699985,0.0
1774214981,10,,Aggregated,10.200000,5.400000,1000,1000,1000,1000,1100,1200,1500,1500,12000,18000,18000,5107,2788,1000.0,647.5518742899995,29.68788799989852,18110.77850699985,0.0
1774214982,10,,Aggregated,10.400000,5.500000,1000,1000,1000,1000,1100,1200,1500,1500,12000,18000,18000,5118,2794,1000.0,647.4274154089543,29.68788799989852,18110.77850699985,0.0
1774214983,10,,Aggregated,10.600000,5.800000,1000,1000,1000,1000,1100,1200,1500,1500,12000,18000,18000,5132,2802,1000.0,647.3314678706209,29.68788799989852,18110.77850699985,0.0
1774214984,10,,Aggregated,10.300000,5.400000,1000,1000,1000,1000,1100,1200,1500,1500,12000,18000,18000,5142,2808,1000.0,647.306682387987,29.68788799989852,18110.77850699985,0.0
1774214985,10,,Aggregated,10.500000,5.500000,1000,1000,1000,1000,1100,1200,1500,1500,12000,18000,18000,5150,2811,1000.0,647.0504223662191,29.68788799989852,18110.77850699985,0.0
1774214986,10,,Aggregated,10.700000,5.800000,1000,1000,1000,1000,1100,1200,1500,1500,12000,18000,18000,5164,2819,1000.0,646.8729125282782,29.68788799989852,18110.77850699985,0.0
1774214987,10,,Aggregated,11.000000,5.900000,1000,1000,1000,1000,1100,1200,1500,1500,12000,18000,18000,5175,2826,1000.0,646.9683198709234,29.68788799989852,18110.77850699985,0.0
1774214988,10,,Aggregated,10.700000,5.700000,1000,1000,1000,1000,1100,1200,1500,1500,12000,18000,18000,5184,2829,1000.0,646.5142540285551,29.68788799989852,18110.77850699985,0.0
1774214989,10,,Aggregated,10.900000,5.800000,1000,1000,1000,1000,1100,1200,1500,1500,12000,18000,18000,5194,2835,1000.0,646.6083616960013,29.68788799989852,18110.77850699985,0.0
1774214990,10,,Aggregated,11.000000,6.000000,1000,1000,1000,1000,1100,1200,1500,1500,12000,18000,18000,5207,2842,1000.0,646.4482115984312,29.68788799989852,18110.77850699985,0.0
1774214991,10,,Aggregated,10.800000,5.800000,1000,1000,1000,1000,1100,1200,1500,1500,12000,18000,18000,5217,2847,1000.0,646.2746525093024,29.68788799989852,18110.77850699985,0.0
1774214993,10,,Aggregated,10.600000,5.700000,1000,1000,1000,1000,1100,1200,1500,1500,12000,18000,18000,5227,2852,1000.0,646.2722130629486,29.68788799989852,18110.77850699985,0.0
1774214994,10,,Aggregated,10.700000,5.700000,1000,1000,1000,1000,1100,1200,1500,1500,12000,18000,18000,5238,2858,1000.0,646.2389067363558,29.68788799989852,18110.77850699985,0.0
1774214995,10,,Aggregated,10.700000,5.800000,1000,1000,1000,1000,1100,1200,1500,1500,12000,18000,18000,5248,2862,1000.0,645.8679927831616,29.68788799989852,18110.77850699985,0.0
1774214996,10,,Aggregated,10.700000,5.800000,1000,1000,1000,1000,1100,1200,1500,1500,12000,18000,18000,5258,2869,1000.0,646.0586466736465,29.68788799989852,18110.77850699985,0.0
1774214997,10,,Aggregated,10.200000,5.400000,1000,1000,1000,1000,1100,1200,1500,1500,12000,18000,18000,5269,2874,1000.0,645.7568334579681,29.68788799989852,18110.77850699985,0.0
1774214998,10,,Aggregated,10.500000,5.600000,1000,1000,1000,1000,1100,1200,1500,1500,12000,18000,18000,5280,2880,1000.0,645.7347606808777,29.68788799989852,18110.77850699985,0.0
1774214999,10,,Aggregated,10.400000,5.500000,1000,1000,1000,1000,1100,1200,1500,1500,12000,18000,18000,5290,2886,1000.0,645.8254789189102,29.68788799989852,18110.77850699985,0.0
1774215000,10,,Aggregated,10.400000,5.400000,1000,1000,1000,1000,1100,1200,1500,1500,12000,18000,18000,5302,2893,1000.0,645.7840885731863,29.68788799989852,18110.77850699985,0.0
1774215001,10,,Aggregated,10.400000,5.400000,1000,1000,1000,1000,1100,1200,1500,1500,12000,18000,18000,5311,2897,1000.0,645.5336945266491,29.68788799989852,18110.77850699985,0.0
1774215002,10,,Aggregated,10.400000,5.600000,1000,1000,1000,1000,1100,1200,1500,1500,12000,18000,18000,5319,2902,1000.0,645.8003652098201,29.68788799989852,18110.77850699985,0.0
1774215003,10,,Aggregated,10.400000,5.500000,1000,1000,1000,1000,1100,1200,1500,1500,12000,18000,18000,5331,2909,1000.0,646.042453857444,29.68788799989852,18110.77850699985,0.0
1774215004,10,,Aggregated,10.200000,5.500000,1000,1000,1000,1000,1100,1200,1500,1500,12000,18000,18000,5340,2914,1000.0,646.0703396185457,29.68788799989852,18110.77850699985,0.0
1774215005,10,,Aggregated,10.200000,5.700000,1000,1000,1000,1000,1100,1200,1500,1500,12000,18000,18000,5350,2919,1000.0,646.0416257357072,29.68788799989852,18110.77850699985,0.0
1774215006,10,,Aggregated,10.000000,5.500000,1000,1000,1000,1000,1100,1200,1500,1500,12000,18000,18000,5361,2925,1000.0,645.914028201461,29.68788799989852,18110.77850699985,0.0
1774215007,10,,Aggregated,10.200000,5.700000,1000,1000,1000,1000,1100,1200,1500,1500,12000,18000,18000,5372,2931,1000.0,645.810278298033,29.68788799989852,18110.77850699985,0.0
1774215008,10,,Aggregated,10.100000,5.500000,1000,1000,1000,1000,1100,1200,1500,1500,12000,18000,18000,5382,2935,1000.0,645.5362793060268,29.68788799989852,18110.77850699985,0.0
1774215009,10,,Aggregated,10.100000,5.500000,1000,1000,1000,1000,1100,1300,1500,1500,12000,18000,18000,5394,2943,1000.0,645.8550627130212,29.68788799989852,18110.77850699985,0.0
1774215010,10,,Aggregated,10.200000,5.500000,1000,1000,1000,1000,1100,1200,1500,1500,12000,18000,18000,5404,2948,1000.0,645.6741754393107,29.68788799989852,18110.77850699985,0.0
1774215011,10,,Aggregated,10.200000,5.500000,1000,1000,1000,1000,1100,1200,1500,1500,12000,18000,18000,5413,2953,1000.0,645.5926999401507,29.68788799989852,18110.77850699985,0.0
1774215012,10,,Aggregated,10.000000,5.400000,1000,1000,1000,1000,1100,1200,1500,1500,12000,18000,18000,5424,2959,1000.0,645.4846833757441,29.68788799989852,18110.77850699985,0.0
1774215013,10,,Aggregated,10.000000,5.500000,1000,1000,1000,1000,1100,1200,1500,1500,12000,18000,18000,5437,2967,1000.0,645.4368409702106,29.68788799989852,18110.77850699985,0.0
1774215014,10,,Aggregated,10.200000,5.600000,1000,1000,1000,1000,1100,1200,1500,1500,12000,18000,18000,5445,2971,1000.0,645.2878353269119,29.68788799989852,18110.77850699985,0.0
1774215015,10,,Aggregated,10.200000,5.400000,1000,1000,1000,1000,1100,1200,1500,1500,12000,18000,18000,5456,2976,1000.0,644.9969448731732,29.68788799989852,18110.77850699985,0.0
1774215016,10,,Aggregated,10.400000,5.600000,1000,1000,1000,1000,1100,1200,1500,1500,12000,18000,18000,5468,2984,1000.0,645.1463131549069,29.68788799989852,18110.77850699985,0.0
1774215017,10,,Aggregated,10.500000,5.700000,1000,1000,1000,1000,1100,1200,1500,1500,12000,18000,18000,5477,2988,1000.0,644.8854701743712,29.68788799989852,18110.77850699985,0.0
1774215018,10,,Aggregated,10.500000,5.800000,1000,1000,1000,1000,1100,1200,1500,1500,12000,18000,18000,5488,2994,1000.0,644.9510418739128,29.68788799989852,18110.77850699985,0.0
1774215019,10,,Aggregated,10.500000,5.700000,1000,1000,1000,1000,1100,1200,1500,1500,12000,18000,18000,5499,3000,1000.0,644.830829958908,29.68788799989852,18110.77850699985,0.0
1774215020,10,,Aggregated,10.400000,5.700000,1000,1000,1000,1000,1100,1200,1500,1500,12000,18000,18000,5511,3006,1000.0,644.6019410437373,29.68788799989852,18110.77850699985,0.0
1774215021,10,,Aggregated,10.500000,5.800000,1000,1000,1000,1000,1100,1200,1500,1500,12000,18000,18000,5521,3011,1000.0,644.4438085106026,29.68788799989852,18110.77850699985,0.0
1774215022,10,,Aggregated,10.600000,5.700000,1000,1000,1000,1000,1100,1200,1500,1500,12000,18000,18000,5531,3017,1000.0,644.5364837031345,29.68788799989852,18110.77850699985,0.0
1774215023,10,,Aggregated,10.500000,5.700000,1000,1000,1000,1000,1100,1200,1500,1500,12000,18000,18000,5542,3023,1000.0,644.4547108359865,29.68788799989852,18110.77850699985,0.0
1774215024,10,,Aggregated,10.600000,5.700000,1000,1000,1000,1000,1100,1200,1500,1500,12000,18000,18000,5551,3027,1000.0,644.302829896782,29.68788799989852,18110.77850699985,0.0
1774215025,10,,Aggregated,10.500000,5.600000,1000,1000,1000,1000,1100,1200,1500,1500,12000,18000,18000,5563,3033,1000.0,644.183205765241,29.68788799989852,18110.77850699985,0.0
1774215026,10,,Aggregated,10.500000,5.600000,1000,1000,1000,1000,1100,1200,1500,1500,12000,18000,18000,5574,3040,1000.0,644.2328541087254,29.68788799989852,18110.77850699985,0.0
1774215027,10,,Aggregated,10.500000,5.500000,1000,1000,1000,1000,1100,1200,1500,1500,12000,18000,18000,5585,3046,1000.0,644.1294993233728,29.68788799989852,18110.77850699985,0.0
1774215028,10,,Aggregated,10.400000,5.500000,1000,1000,1000,1000,1100,1200,1500,1500,12000,18000,18000,5595,3051,1000.0,644.0389307619367,29.68788799989852,18110.77850699985,0.0
1774215029,10,,Aggregated,10.400000,5.600000,1000,1000,1000,1000,1100,1200,1500,1500,12000,18000,18000,5605,3056,1000.0,643.8545171200778,29.68788799989852,18110.77850699985,0.0
1774215030,10,,Aggregated,10.500000,5.600000,1000,1000,1000,1000,1100,1200,1500,1500,12000,18000,18000,5617,3064,1000.0,644.0594937509416,29.68788799989852,18110.77850699985,0.0
1774215031,10,,Aggregated,10.700000,5.700000,1000,1000,1000,1000,1100,1200,1500,1500,12000,18000,18000,5628,3069,1000.0,643.7723342430771,29.68788799989852,18110.77850699985,0.0
1774215032,10,,Aggregated,10.500000,5.700000,1000,1000,1000,1000,1100,1200,1500,1500,12000,18000,18000,5636,3073,1000.0,643.6377277869121,29.68788799989852,18110.77850699985,0.0
1774215033,10,,Aggregated,10.500000,5.600000,1000,1000,1000,1000,1100,1200,1500,1500,12000,18000,18000,5647,3080,1000.0,643.8689881503516,29.68788799989852,18110.77850699985,0.0
1774215034,10,,Aggregated,10.600000,5.700000,1000,1000,1000,1000,1100,1200,1500,1500,12000,18000,18000,5659,3087,1000.0,643.8519323797555,29.68788799989852,18110.77850699985,0.0
1774215035,10,,Aggregated,10.500000,5.700000,1000,1000,1000,1000,1100,1200,1500,1500,12000,18000,18000,5666,3090,1000.0,643.6503696494947,29.68788799989852,18110.77850699985,0.0
1774215036,10,,Aggregated,10.300000,5.600000,1000,1000,1000,1000,1100,1200,1500,1500,12000,18000,18000,5677,3096,1000.0,643.5792009152784,29.68788799989852,18110.77850699985,0.0
1774215037,10,,Aggregated,10.400000,5.700000,1000,1000,1000,1000,1100,1200,1500,1500,12000,18000,18000,5690,3104,1000.0,643.7014542163507,29.68788799989852,18110.77850699985,0.0
1774215038,10,,Aggregated,10.500000,5.800000,1000,1000,1000,1000,1100,1200,1500,1500,12000,18000,18000,5695,3106,1000.0,643.6208902319639,29.68788799989852,18110.77850699985,0.0
1774215039,10,,Aggregated,10.100000,5.500000,1000,1000,1000,1000,1100,1200,1500,1500,12000,18000,18000,5707,3113,1000.0,643.7832517247301,29.68788799989852,18110.77850699985,0.0
1774215040,10,,Aggregated,10.100000,5.600000,1000,1000,1000,1000,1100,1200,1500,1500,12000,18000,18000,5718,3119,1000.0,643.8582475869246,29.68788799989852,18110.77850699985,0.0
1774215041,10,,Aggregated,9.900000,5.500000,1000,1000,1000,1000,1100,1200,1500,1500,12000,18000,18000,5727,3123,1000.0,643.6098102399222,29.68788799989852,18110.77850699985,0.0
1774215042,10,,Aggregated,9.700000,5.300000,1000,1000,1000,1000,1100,1200,1500,1500,12000,18000,18000,5738,3129,1000.0,643.5205380747709,29.68788799989852,18110.77850699985,0.0
1774215043,10,,Aggregated,10.100000,5.600000,1000,1000,1000,1000,1100,1200,1500,1500,12000,18000,18000,5751,3137,1000.0,643.564573358031,29.68788799989852,18110.77850699985,0.0
1774215044,10,,Aggregated,9.700000,5.300000,1000,1000,1000,1000,1100,1200,1500,1500,12000,18000,18000,5760,3141,1000.0,643.314709199312,29.68788799989852,18110.77850699985,0.0
1774215045,10,,Aggregated,9.900000,5.400000,1000,1000,1000,1000,1100,1200,1500,1500,12000,18000,18000,5770,3146,1000.0,643.2350993140445,29.68788799989852,18110.77850699985,0.0
1774215046,10,,Aggregated,10.200000,5.600000,1000,1000,1000,1000,1100,1200,1500,1500,12000,18000,18000,5782,3153,1000.0,643.2740262116976,29.68788799989852,18110.77850699985,0.0
1774215047,10,,Aggregated,10.100000,5.500000,1000,1000,1000,1000,1100,1200,1500,1500,12000,18000,18000,5792,3158,1000.0,643.106812262092,29.68788799989852,18110.77850699985,0.0
1774215048,10,,Aggregated,9.900000,5.200000,1000,1000,1000,1000,1100,1200,1500,1500,12000,18000,18000,5802,3163,1000.0,642.9359941141053,29.68788799989852,18110.77850699985,0.0
1774215049,10,,Aggregated,10.400000,5.600000,1000,1000,1000,1000,1100,1200,1500,1500,12000,18000,18000,5813,3169,1000.0,642.8376786062341,29.68788799989852,18110.77850699985,0.0
1774215050,10,,Aggregated,10.300000,5.500000,1000,1000,1000,1000,1100,1200,1500,1500,12000,18000,18000,5825,3176,1000.0,642.8816108398355,29.68788799989852,18110.77850699985,0.0
1774215051,10,,Aggregated,10.400000,5.500000,1000,1000,1000,1000,1100,1200,1500,1500,12000,18000,18000,5835,3180,1000.0,642.6280897784133,29.68788799989852,18110.77850699985,0.0
1774215052,10,,Aggregated,10.600000,5.600000,1000,1000,1000,1000,1100,1200,1500,1500,12000,18000,18000,5846,3186,1000.0,642.6045098185155,29.68788799989852,18110.77850699985,0.0
1774215053,10,,Aggregated,10.500000,5.500000,1000,1000,1000,1000,1100,1200,1500,1500,12000,18000,18000,5856,3191,1000.0,642.4411218480259,29.68788799989852,18110.77850699985,0.0
1774215054,10,,Aggregated,10.500000,5.500000,1000,1000,1000,1000,1100,1200,1500,1500,12000,18000,18000,5868,3198,1000.0,642.5021664313293,29.68788799989852,18110.77850699985,0.0
1774215055,10,,Aggregated,10.600000,5.600000,1000,1000,1000,1000,1100,1200,1500,1500,12000,18000,18000,5877,3202,1000.0,642.2695390747049,29.68788799989852,18110.77850699985,0.0
1774215056,10,,Aggregated,10.500000,5.500000,1000,1000,1000,1000,1100,1200,1500,1500,12000,18000,18000,5890,3209,1000.0,642.1485895071371,29.68788799989852,18110.77850699985,0.0
1774215057,10,,Aggregated,10.500000,5.500000,1000,1000,1000,1000,1100,1200,1500,1500,12000,18000,18000,5901,3215,1000.0,642.0539909193421,29.68788799989852,18110.77850699985,0.0
1774215058,10,,Aggregated,10.600000,5.600000,1000,1000,1000,1000,1100,1200,1500,1500,12000,18000,18000,5912,3221,1000.0,641.9629130700332,29.68788799989852,18110.77850699985,0.0
1774215060,10,,Aggregated,10.700000,5.600000,1000,1000,1000,1000,1100,1200,1500,1500,12000,18000,18000,5922,3226,1000.0,641.8895582235796,29.68788799989852,18110.77850699985,0.0
1774215061,10,,Aggregated,10.800000,5.600000,1000,1000,1000,1000,1100,1200,1500,1500,12000,18000,18000,5933,3231,1000.0,641.7125918122431,29.68788799989852,18110.77850699985,0.0
1774215062,10,,Aggregated,10.700000,5.600000,1000,1000,1000,1000,1100,1200,1500,1500,12000,18000,18000,5945,3238,1000.0,641.7585535048004,29.68788799989852,18110.77850699985,0.0
1774215063,10,,Aggregated,10.600000,5.500000,1000,1000,1000,1000,1100,1200,1500,1500,12000,18000,18000,5959,3245,1000.0,641.5229265252626,29.68788799989852,18110.77850699985,0.0
1774215064,10,,Aggregated,10.600000,5.500000,1000,1000,1000,1000,1100,1200,1500,1500,12000,18000,18000,5967,3249,1000.0,641.389524600476,29.68788799989852,18110.77850699985,0.0
1774215065,10,,Aggregated,11.000000,5.800000,1000,1000,1000,1000,1100,1200,1500,1500,12000,18000,18000,5978,3255,1000.0,641.2897923994716,29.68788799989852,18110.77850699985,0.0
1774215066,10,,Aggregated,11.000000,5.700000,1000,1000,1000,1000,1100,1200,1500,1500,12000,18000,18000,5990,3262,1000.0,641.2605703268852,29.68788799989852,18110.77850699985,0.0
1774215067,10,,Aggregated,11.000000,5.700000,1000,1000,1000,1000,1100,1200,1500,1500,12000,18000,18000,6001,3267,1000.0,640.9961855780778,29.68788799989852,18110.77850699985,0.0
