Timestamp,User Count,Type,Name,Requests/s,Failures/s,50%,66%,75%,80%,90%,95%,98%,99%,99.9%,99.99%,100%,Total Request Count,Total Failure Count,Total Median Response Time,Total Average Response Time,Total Min Response Time,Total Max Response Time,Total Average Content Size
1774120167,0,,Aggregated,0.000000,0.000000,N/A,N/A,N/A,N/A,N/A,N/A,N/A,N/A,N/A,N/A,N/A,0,0,0,0.0,0,0,0
1774120168,10,,Aggregated,0.000000,0.000000,N/A,N/A,N/A,N/A,N/A,N/A,N/A,N/A,N/A,N/A,N/A,0,0,0,0.0,0,0,0
1774120169,10,,Aggregated,0.000000,0.000000,N/A,N/A,N/A,N/A,N/A,N/A,N/A,N/A,N/A,N/A,N/A,0,0,0,0.0,0,0,0
1774120170,10,,Aggregated,0.000000,0.000000,N/A,N/A,N/A,N/A,N/A,N/A,N/A,N/A,N/A,N/A,N/A,0,0,0,0.0,0,0,0
1774120171,10,,Aggregated,0.000000,0.000000,N/A,N/A,N/A,N/A,N/A,N/A,N/A,N/A,N/A,N/A,N/A,0,0,0,0.0,0,0,0
1774120172,10,,Aggregated,0.000000,0.000000,N/A,N/A,N/A,N/A,N/A,N/A,N/A,N/A,N/A,N/A,N/A,0,0,0,0.0,0,0,0
1774120173,10,,Aggregated,0.000000,0.000000,5600,5800,5800,5900,5900,5900,5900,5900,5900,5900,5900,5,5,5600.0,5512.2466738000185,5046.936245000097,5854.853805999937,0.0
1774120174,10,,Aggregated,0.000000,0.000000,5600,5800,5800,5900,5900,5900,5900,5900,5900,5900,5900,5,5,5600.0,5512.2466738000185,5046.936245000097,5854.853805999937,0.0
1774120175,10,,Aggregated,0.000000,0.000000,5800,5900,7800,7800,7900,7900,7900,7900,7900,7900,7900,7,7,5800.0,6188.1825452856965,5046.936245000097,7907.232072999932,0.0
1774120176,10,,Aggregated,0.833333,0.833333,7800,7900,8100,8800,8800,8800,8800,8800,8800,8800,8800,10,10,5900.0,6902.6470692999965,5046.936245000097,8849.377628999946,0.0
1774120177,10,,Aggregated,0.833333,0.833333,7800,7900,8100,8800,8800,8800,8800,8800,8800,8800,8800,10,10,5900.0,6902.6470692999965,5046.936245000097,8849.377628999946,0.0
1774120178,10,,Aggregated,0.875000,0.875000,5900,7800,8100,8100,8800,8800,8800,8800,8800,8800,8800,12,12,5800.0,6099.308994166678,1669.5408250000128,8849.377628999946,0.0
1774120179,10,,Aggregated,0.875000,0.875000,5900,7800,8100,8100,8800,8800,8800,8800,8800,8800,8800,12,12,5800.0,6099.308994166678,1669.5408250000128,8849.377628999946,0.0
1774120180,10,,Aggregated,1.000000,1.000000,5800,7800,7900,8100,8800,8800,8800,8800,8800,8800,8800,13,13,5800.0,5723.459927153867,1213.2711230001405,8849.377628999946,0.0
1774120181,10,,Aggregated,1.200000,1.200000,5800,7800,8100,8100,8800,8800,8800,8800,8800,8800,8800,16,16,5600.0,5571.247175750018,1213.2711230001405,8849.377628999946,0.0
1774120182,10,,Aggregated,1.200000,1.200000,5600,7800,7900,8100,8800,8800,8800,8800,8800,8800,8800,17,17,5600.0,5327.123199058835,1213.2711230001405,8849.377628999946,0.0
1774120183,10,,Aggregated,1.600000,1.600000,5800,7900,8200,8800,9300,9500,9900,9900,9900,9900,9900,22,22,5600.0,5551.112424590925,1213.2711230001405,9854.517343999987,0.0
1774120184,10,,Aggregated,1.600000,1.600000,5800,7900,8800,8800,9500,9900,10000,10000,10000,10000,10000,24,24,5600.0,5563.073182250017,916.1278500000662,10473.155183000017,0.0
1774120185,10,,Aggregated,1.700000,1.700000,5600,8100,8800,9300,9500,9900,10000,10000,10000,10000,10000,29,29,5600.0,5464.101462862087,916.1278500000662,10473.155183000017,0.0
1774120186,10,,Aggregated,1.600000,1.600000,5600,7900,8800,9300,9500,9900,10000,10000,10000,10000,10000,30,30,5200.0,5393.484982733352,916.1278500000662,10473.155183000017,0.0
1774120187,10,,Aggregated,1.900000,1.900000,4400,7800,8200,8800,9400,9900,10000,10000,10000,10000,10000,35,35,4400.0,4890.101243314301,826.0065940000914,10473.155183000017,0.0
1774120188,10,,Aggregated,2.200000,2.200000,3500,5800,8100,8800,9400,9900,10000,10000,10000,10000,10000,39,39,3500.0,4497.330220333348,746.3729910000438,10473.155183000017,0.0
1774120189,10,,Aggregated,2.000000,2.000000,3300,5600,7900,8200,9400,9500,10000,10000,10000,10000,10000,42,42,2500.0,4272.290947880962,746.3729910000438,10473.155183000017,0.0
1774120190,10,,Aggregated,2.500000,2.500000,2100,5200,6200,8100,9400,9500,10000,10000,10000,10000,10000,49,49,2100.0,3990.170721244909,722.7052850000746,10473.155183000017,0.0
1774120191,10,,Aggregated,2.700000,2.700000,1900,5000,6200,7900,9400,9900,10000,10000,10000,10000,10000,56,56,1800.0,3847.097306589293,633.2694560001073,10473.155183000017,0.0
1774120192,10,,Aggregated,3.600000,3.600000,1600,3700,5800,7800,9300,9500,10000,10000,10000,10000,10000,65,65,1600.0,3457.832771076928,598.3085590000883,10473.155183000017,0.0
1774120193,10,,Aggregated,4.000000,4.000000,1500,2500,5200,5900,8800,9500,10000,10000,10000,10000,10000,74,74,1500.0,3143.3921777162163,598.3085590000883,10473.155183000017,0.0
1774120194,10,,Aggregated,4.700000,4.700000,1400,1900,4900,5800,8800,9400,10000,10000,10000,10000,10000,83,83,1400.0,2891.1568209156662,520.9316330001457,10473.155183000017,0.0
1774120195,10,,Aggregated,5.100000,5.100000,1200,1800,3700,5200,8200,9400,10000,10000,10000,10000,10000,91,91,1200.0,2711.311895769234,520.9316330001457,10473.155183000017,0.0
1774120196,10,,Aggregated,5.800000,5.800000,1100,1600,3300,5000,8200,9400,10000,10000,10000,10000,10000,100,100,1100.0,2540.8624033100027,520.9316330001457,10473.155183000017,0.0
1774120197,10,,Aggregated,5.800000,5.800000,1000,1500,2100,4400,8100,9400,9900,10000,10000,10000,10000,107,107,1000.0,2424.152726962622,520.9316330001457,10473.155183000017,0.0
1774120198,10,,Aggregated,6.700000,6.700000,1000,1500,1800,3500,7900,9400,9900,10000,10000,10000,10000,118,118,1000.0,2272.3860989915297,520.9316330001457,10473.155183000017,0.0
1774120199,10,,Aggregated,7.200000,7.200000,900,1400,1800,2500,7800,9300,9900,10000,10000,10000,10000,127,127,900.0,2163.8077119842533,520.9316330001457,10473.155183000017,0.0
1774120200,10,,Aggregated,7.700000,7.700000,870,1200,1600,2100,6200,9300,9900,10000,10000,10000,10000,136,136,850.0,2070.833711397057,520.9316330001457,10473.155183000017,0.0
1774120201,10,,Aggregated,7.700000,7.700000,850,1200,1500,1900,5900,8800,9900,10000,10000,10000,10000,145,145,850.0,1993.031471917237,520.9316330001457,10473.155183000017,0.0
1774120202,10,,Aggregated,8.600000,8.600000,840,1100,1500,1800,5800,8800,9500,10000,10000,10000,10000,155,155,840.0,1910.2861839225786,518.6097910000171,10473.155183000017,0.0
1774120203,10,,Aggregated,8.900000,8.900000,830,1100,1500,1700,5800,8800,9500,10000,10000,10000,10000,164,164,830.0,1852.3710550853639,518.6097910000171,10473.155183000017,0.0
1774120204,10,,Aggregated,8.900000,8.900000,790,1000,1500,1500,5600,8800,9500,10000,10000,10000,10000,172,172,790.0,1798.7787462441843,518.6097910000171,10473.155183000017,0.0
1774120205,10,,Aggregated,9.000000,9.000000,780,1000,1400,1500,5200,8200,9500,10000,10000,10000,10000,183,183,780.0,1734.3121396174847,517.7460709999195,10473.155183000017,0.0
1774120206,10,,Aggregated,8.700000,8.700000,780,1000,1200,1500,5000,8200,9500,10000,10000,10000,10000,191,191,780.0,1693.2372847120387,517.7460709999195,10473.155183000017,0.0
1774120207,10,,Aggregated,9.100000,9.100000,780,1000,1200,1500,5000,8200,9500,10000,10000,10000,10000,197,197,780.0,1665.2895915126865,517.7460709999195,10473.155183000017,0.0
1774120208,10,,Aggregated,9.200000,9.200000,770,1000,1200,1500,4900,8100,9400,9900,10000,10000,10000,207,207,770.0,1622.2964035507202,517.7460709999195,10473.155183000017,0.0
1774120209,10,,Aggregated,8.900000,8.900000,750,1000,1100,1500,4400,8100,9400,9900,10000,10000,10000,216,216,750.0,1584.6715277731435,517.7460709999195,10473.155183000017,0.0
1774120210,10,,Aggregated,9.000000,9.000000,750,1000,1100,1500,3700,7900,9400,9900,10000,10000,10000,225,225,750.0,1554.548045275552,517.7460709999195,10473.155183000017,0.0
1774120211,10,,Aggregated,8.900000,8.900000,750,1000,1100,1400,3500,7900,9400,9900,10000,10000,10000,235,235,750.0,1523.592117212762,517.7460709999195,10473.155183000017,0.0
1774120212,10,,Aggregated,8.900000,8.900000,740,1000,1100,1200,3300,7800,9400,9900,10000,10000,10000,246,246,730.0,1487.8563348373932,517.7460709999195,10473.155183000017,0.0
1774120213,10,,Aggregated,8.800000,8.800000,730,1000,1000,1200,2500,7800,9400,9900,10000,10000,10000,253,253,730.0,1467.7600825652128,517.7460709999195,10473.155183000017,0.0
1774120214,10,,Aggregated,9.000000,9.000000,730,1000,1000,1200,2100,6200,9400,9900,10000,10000,10000,263,263,730.0,1442.6521444828857,517.7460709999195,10473.155183000017,0.0
1774120215,10,,Aggregated,8.900000,8.900000,730,1000,1000,1200,2100,6200,9400,9900,10000,10000,10000,272,272,730.0,1417.9528918860258,512.3096149998219,10473.155183000017,0.0
1774120216,10,,Aggregated,9.200000,9.200000,730,980,1000,1200,2100,6200,9400,9900,10000,10000,10000,280,280,730.0,1399.6014740464227,512.3096149998219,10473.155183000017,0.0
1774120217,10,,Aggregated,8.800000,8.800000,730,980,1000,1200,1900,5900,9400,9900,10000,10000,10000,289,289,730.0,1382.5372711937657,512.3096149998219,10473.155183000017,0.0
1774120218,10,,Aggregated,9.000000,9.000000,730,950,1000,1100,1800,5900,9400,9900,10000,10000,10000,297,297,730.0,1364.5310476026868,512.3096149998219,10473.155183000017,0.0
1774120219,10,,Aggregated,9.200000,9.200000,740,950,1000,1100,1800,5800,9300,9500,10000,10000,10000,306,306,730.0,1350.0329344084887,512.3096149998219,10473.155183000017,0.0
1774120220,10,,Aggregated,9.000000,9.000000,740,950,1000,1100,1800,5800,9300,9500,10000,10000,10000,314,314,730.0,1334.7747660159157,512.3096149998219,10473.155183000017,0.0
1774120221,10,,Aggregated,8.900000,8.900000,740,950,1000,1100,1700,5800,9300,9500,10000,10000,10000,323,323,740.0,1320.914461250768,512.3096149998219,10473.155183000017,0.0
1774120222,10,,Aggregated,8.900000,8.900000,730,920,1000,1100,1600,5800,9300,9500,10000,10000,10000,334,334,730.0,1301.7674973293344,512.3096149998219,10473.155183000017,0.0
1774120223,10,,Aggregated,8.700000,8.700000,730,920,1000,1000,1600,5600,9300,9500,10000,10000,10000,341,341,730.0,1289.7010440146566,512.3096149998219,10473.155183000017,0.0
1774120224,10,,Aggregated,8.700000,8.700000,730,920,1000,1000,1600,5600,9300,9500,10000,10000,10000,350,350,730.0,1276.1421501714228,512.3096149998219,10473.155183000017,0.0
1774120225,10,,Aggregated,8.700000,8.700000,730,890,1000,1000,1500,5600,8800,9500,10000,10000,10000,360,360,730.0,1262.0645025999938,512.3096149998219,10473.155183000017,0.0
1774120226,10,,Aggregated,8.800000,8.800000,730,870,1000,1000,1500,5200,8800,9500,10000,10000,10000,368,368,730.0,1250.3469548722767,512.3096149998219,10473.155183000017,0.0
1774120227,10,,Aggregated,8.800000,8.800000,730,870,1000,1000,1500,5200,8800,9500,10000,10000,10000,378,378,730.0,1236.5721425211586,512.3096149998219,10473.155183000017,0.0
1774120228,10,,Aggregated,8.800000,8.800000,720,860,1000,1000,1500,5000,8800,9500,10000,10000,10000,386,386,720.0,1226.2787914585424,512.3096149998219,10473.155183000017,0.0
1774120229,10,,Aggregated,8.800000,8.800000,720,860,1000,1000,1500,5000,8800,9500,10000,10000,10000,395,395,720.0,1215.084124521512,512.3096149998219,10473.155183000017,0.0
1774120230,10,,Aggregated,9.000000,9.000000,730,860,1000,1000,1500,4900,8800,9400,10000,10000,10000,405,405,730.0,1205.9800284493758,512.3096149998219,10473.155183000017,0.0
1774120231,10,,Aggregated,8.900000,8.900000,720,850,1000,1000,1500,4900,8800,9400,10000,10000,10000,412,412,720.0,1197.9117797063032,512.3096149998219,10473.155183000017,0.0
1774120232,10,,Aggregated,8.900000,8.900000,720,850,1000,1000,1500,4400,8800,9400,10000,10000,10000,422,422,720.0,1187.9178052796124,512.3096149998219,10473.155183000017,0.0
1774120233,10,,Aggregated,9.100000,9.100000,720,850,1000,1000,1500,4400,8800,9400,10000,10000,10000,431,431,720.0,1179.5359239698298,512.3096149998219,10473.155183000017,0.0
1774120234,10,,Aggregated,9.000000,9.000000,720,850,1000,1000,1500,4400,8800,9400,10000,10000,10000,440,440,720.0,1170.9487080977194,511.4322849999553,10473.155183000017,0.0
1774120235,10,,Aggregated,9.000000,9.000000,720,840,1000,1000,1500,3700,8800,9400,10000,10000,10000,449,449,720.0,1161.7674358418633,511.4322849999553,10473.155183000017,0.0
1774120236,10,,Aggregated,8.700000,8.700000,720,840,1000,1000,1400,3700,8200,9400,10000,10000,10000,459,459,720.0,1152.7029166165507,511.4322849999553,10473.155183000017,0.0
1774120237,10,,Aggregated,8.900000,8.900000,720,840,1000,1000,1400,3500,8200,9400,10000,10000,10000,469,469,720.0,1143.1996967590549,511.4322849999553,10473.155183000017,0.0
1774120238,10,,Aggregated,9.000000,9.000000,710,840,1000,1000,1400,3500,8200,9400,10000,10000,10000,477,477,710.0,1136.6236072012503,511.4322849999553,10473.155183000017,0.0
1774120239,10,,Aggregated,8.800000,8.800000,710,840,1000,1000,1400,3300,8200,9400,10000,10000,10000,485,485,710.0,1130.7954280371068,511.4322849999553,10473.155183000017,0.0
1774120240,10,,Aggregated,8.700000,8.700000,710,840,1000,1000,1400,3300,8200,9400,10000,10000,10000,494,494,710.0,1124.7212235971597,511.4322849999553,10473.155183000017,0.0
1774120241,10,,Aggregated,9.000000,9.000000,710,840,1000,1000,1300,2500,8100,9400,10000,10000,10000,504,504,710.0,1117.467289307534,511.4322849999553,10473.155183000017,0.0
1774120242,10,,Aggregated,9.100000,9.100000,710,840,1000,1000,1300,2500,8100,9400,10000,10000,10000,514,514,710.0,1111.2642989066096,511.4322849999553,10473.155183000017,0.0
1774120243,10,,Aggregated,9.000000,9.000000,710,830,1000,1000,1300,2100,8100,9400,10000,10000,10000,522,522,710.0,1104.797867103442,511.4322849999553,10473.155183000017,0.0
1774120244,10,,Aggregated,9.100000,9.100000,710,830,1000,1000,1200,2100,8100,9400,10000,10000,10000,532,532,710.0,1097.8988913533774,511.4322849999553,10473.155183000017,0.0
1774120245,10,,Aggregated,9.100000,9.100000,710,820,1000,1000,1200,2100,8100,9400,10000,10000,10000,543,543,710.0,1092.1122394235665,511.4322849999553,10473.155183000017,0.0
1774120246,10,,Aggregated,9.300000,9.300000,700,810,1000,1000,1200,2100,7900,9400,10000,10000,10000,552,552,700.0,1084.9073592481823,511.4322849999553,10473.155183000017,0.0
1774120247,10,,Aggregated,8.800000,8.800000,700,810,1000,1000,1200,2100,7900,9400,10000,10000,10000,557,557,700.0,1081.9180549874266,511.4322849999553,10473.155183000017,0.0
1774120248,10,,Aggregated,8.900000,8.900000,700,810,1000,1000,1200,1900,7900,9400,10000,10000,10000,565,565,700.0,1078.123769939816,511.4322849999553,10473.155183000017,0.0
1774120249,10,,Aggregated,9.100000,9.100000,710,820,1000,1000,1200,1900,7900,9400,10000,10000,10000,574,574,700.0,1074.4938962839644,511.4322849999553,10473.155183000017,0.0
1774120250,10,,Aggregated,9.000000,9.000000,710,810,1000,1000,1200,1800,7900,9400,10000,10000,10000,584,584,710.0,1069.094925648965,511.4322849999553,10473.155183000017,0.0
1774120251,10,,Aggregated,9.000000,9.000000,710,810,1000,1000,1200,1800,7900,9400,10000,10000,10000,595,595,710.0,1062.7226553613373,511.4322849999553,10473.155183000017,0.0
1774120252,10,,Aggregated,8.900000,8.900000,700,810,1000,1000,1200,1800,7800,9300,10000,10000,10000,604,604,700.0,1056.7307245662182,508.38596099993083,10473.155183000017,0.0
1774120253,10,,Aggregated,9.000000,9.000000,700,800,1000,1000,1200,1800,7800,9300,10000,10000,10000,614,614,700.0,1051.3969888990162,508.38596099993083,10473.155183000017,0.0
1774120254,10,,Aggregated,9.100000,9.100000,700,800,1000,1000,1200,1800,7800,9300,10000,10000,10000,623,623,700.0,1047.0700120674094,508.38596099993083,10473.155183000017,0.0
1774120255,10,,Aggregated,9.200000,9.200000,700,800,1000,1000,1200,1800,7800,9300,10000,10000,10000,631,631,700.0,1042.700072698884,508.38596099993083,10473.155183000017,0.0
1774120256,10,,Aggregated,9.000000,9.000000,700,800,1000,1000,1200,1800,7800,9300,10000,10000,10000,640,640,700.0,1039.9480701453067,508.38596099993083,10473.155183000017,0.0
1774120257,10,,Aggregated,9.400000,9.400000,700,810,1000,1000,1200,1700,7800,9300,10000,10000,10000,647,647,700.0,1037.096277686239,508.38596099993083,10473.155183000017,0.0
1774120258,10,,Aggregated,9.100000,9.100000,700,800,1000,1000,1200,1700,6200,9300,10000,10000,10000,656,656,700.0,1033.1105762332259,508.38596099993083,10473.155183000017,0.0
1774120259,10,,Aggregated,8.800000,8.800000,700,810,1000,1000,1200,1600,6200,9300,10000,10000,10000,665,665,700.0,1030.6525804496182,508.38596099993083,10473.155183000017,0.0
1774120260,10,,Aggregated,9.100000,9.100000,700,810,1000,1000,1200,1600,6200,9300,10000,10000,10000,674,674,700.0,1026.9012089465812,508.38596099993083,10473.155183000017,0.0
1774120261,10,,Aggregated,9.000000,9.000000,700,800,1000,1000,1200,1600,6200,9300,10000,10000,10000,684,684,700.0,1022.5566681447306,508.38596099993083,10473.155183000017,0.0
1774120262,10,,Aggregated,9.100000,9.100000,700,800,1000,1000,1200,1600,6200,9300,10000,10000,10000,694,694,700.0,1018.5507959697343,508.38596099993083,10473.155183000017,0.0
1774120263,10,,Aggregated,9.200000,9.200000,700,800,1000,1000,1200,1500,5900,8800,10000,10000,10000,703,703,700.0,1014.8705917368364,508.38596099993083,10473.155183000017,0.0
1774120264,10,,Aggregated,8.800000,8.800000,700,800,1000,1000,1200,1500,5900,8800,10000,10000,10000,711,711,700.0,1011.9427141026667,508.38596099993083,10473.155183000017,0.0
1774120265,10,,Aggregated,8.700000,8.700000,700,800,1000,1000,1200,1500,5900,8800,10000,10000,10000,721,721,700.0,1008.9381737045713,508.38596099993083,10473.155183000017,0.0
1774120266,10,,Aggregated,9.000000,9.000000,700,800,1000,1000,1200,1500,5900,8800,10000,10000,10000,731,731,700.0,1005.3281711874093,508.38596099993083,10473.155183000017,0.0
1774120267,10,,Aggregated,8.800000,8.800000,700,790,1000,1000,1200,1500,5900,8800,10000,10000,10000,737,737,700.0,1002.4262856377153,508.38596099993083,10473.155183000017,0.0
1774120268,10,,Aggregated,9.100000,9.100000,700,800,1000,1000,1200,1500,5900,8800,10000,10000,10000,747,747,700.0,999.8527350803165,508.38596099993083,10473.155183000017,0.0
1774120269,10,,Aggregated,9.200000,9.200000,700,790,1000,1000,1200,1500,5800,8800,10000,10000,10000,756,756,700.0,996.6628518478791,508.38596099993083,10473.155183000017,0.0
1774120270,10,,Aggregated,9.100000,9.100000,700,790,1000,1000,1200,1500,5800,8800,10000,10000,10000,764,764,700.0,993.2303711308859,508.38596099993083,10473.155183000017,0.0
1774120271,10,,Aggregated,9.000000,9.000000,700,790,1000,1000,1200,1500,5800,8800,10000,10000,10000,774,774,700.0,990.3865092945699,508.38596099993083,10473.155183000017,0.0
1774120272,10,,Aggregated,8.900000,8.900000,700,790,1000,1000,1200,1500,5800,8800,10000,10000,10000,784,784,700.0,987.5960016938735,508.38596099993083,10473.155183000017,0.0
1774120273,10,,Aggregated,9.000000,9.000000,700,790,1000,1000,1100,1500,5800,8800,10000,10000,10000,792,792,700.0,985.0638367525213,508.38596099993083,10473.155183000017,0.0
1774120274,10,,Aggregated,9.200000,9.200000,700,780,990,1000,1100,1500,5800,8800,10000,10000,10000,801,801,700.0,982.2359513420686,508.38596099993083,10473.155183000017,0.0
1774120275,10,,Aggregated,9.200000,9.200000,700,790,990,1000,1100,1500,5800,8800,10000,10000,10000,811,811,700.0,980.4337214623881,508.38596099993083,10473.155183000017,0.0
1774120276,10,,Aggregated,8.900000,8.900000,690,780,980,1000,1100,1500,5800,8800,10000,10000,10000,820,820,690.0,976.6388256402405,508.38596099993083,10473.155183000017,0.0
1774120277,10,,Aggregated,9.200000,9.200000,690,780,960,1000,1100,1500,5800,8800,10000,10000,10000,828,828,690.0,973.9438167113493,508.38596099993083,10473.155183000017,0.0
1774120278,10,,Aggregated,9.000000,9.000000,690,780,960,1000,1100,1500,5800,8800,10000,10000,10000,837,837,690.0,972.2395826905581,508.38596099993083,10473.155183000017,0.0
1774120279,10,,Aggregated,8.800000,8.800000,690,780,960,1000,1100,1500,5800,8800,10000,10000,10000,846,846,690.0,969.8573787718645,508.38596099993083,10473.155183000017,0.0
1774120280,10,,Aggregated,8.700000,8.700000,690,780,950,1000,1100,1500,5600,8800,10000,10000,10000,855,855,690.0,967.2900991415177,508.38596099993083,10473.155183000017,0.0
1774120281,10,,Aggregated,9.000000,9.000000,690,780,950,1000,1100,1500,5600,8800,10000,10000,10000,863,863,690.0,966.2764551436821,508.38596099993083,10473.155183000017,0.0
1774120282,10,,Aggregated,8.900000,8.900000,690,780,950,1000,1100,1500,5600,8800,10000,10000,10000,873,873,690.0,964.3526687010286,508.38596099993083,10473.155183000017,0.0
1774120283,10,,Aggregated,8.800000,8.800000,690,780,930,1000,1100,1500,5600,8800,10000,10000,10000,882,882,690.0,961.0450509002238,508.38596099993083,10473.155183000017,0.0
1774120284,10,,Aggregated,8.700000,8.700000,690,780,930,1000,1100,1500,5600,8800,10000,10000,10000,891,891,690.0,958.9910874231176,508.38596099993083,10473.155183000017,0.0
1774120285,10,,Aggregated,8.900000,8.900000,690,780,940,1000,1100,1500,5600,8800,10000,10000,10000,900,900,690.0,957.2741771655533,508.38596099993083,10473.155183000017,0.0
1774120286,10,,Aggregated,8.900000,8.900000,690,780,930,1000,1100,1500,5200,8200,10000,10000,10000,910,910,690.0,954.6758499076902,508.38596099993083,10473.155183000017,0.0
1774120287,10,,Aggregated,8.800000,8.800000,690,780,930,1000,1100,1500,5200,8200,10000,10000,10000,919,919,690.0,953.0105237997803,508.38596099993083,10473.155183000017,0.0
1774120288,10,,Aggregated,9.000000,9.000000,690,780,930,1000,1100,1500,5200,8200,10000,10000,10000,928,928,690.0,950.9402467790926,508.38596099993083,10473.155183000017,0.0
1774120289,10,,Aggregated,9.200000,9.200000,690,780,930,1000,1100,1500,5200,8200,10000,10000,10000,937,937,690.0,949.4416147854834,508.38596099993083,10473.155183000017,0.0
1774120290,10,,Aggregated,9.100000,9.100000,690,780,930,1000,1100,1500,5200,8200,10000,10000,10000,946,946,690.0,947.4977664503156,508.38596099993083,10473.155183000017,0.0
1774120291,10,,Aggregated,8.900000,8.900000,690,780,930,1000,1100,1500,5000,8200,10000,10000,10000,956,956,690.0,945.1185847207104,508.38596099993083,10473.155183000017,0.0
1774120292,10,,Aggregated,9.200000,9.200000,690,780,930,1000,1100,1500,5000,8200,10000,10000,10000,965,965,690.0,943.636792950258,508.38596099993083,10473.155183000017,0.0
1774120293,10,,Aggregated,9.200000,9.200000,690,780,930,1000,1100,1500,5000,8200,10000,10000,10000,974,974,690.0,942.0793702453794,508.38596099993083,10473.155183000017,0.0
1774120294,10,,Aggregated,9.000000,9.000000,690,780,920,1000,1100,1500,5000,8200,10000,10000,10000,983,983,690.0,939.7636532706,508.38596099993083,10473.155183000017,0.0
1774120295,10,,Aggregated,8.900000,8.900000,690,780,920,1000,1100,1500,5000,8200,10000,10000,10000,994,994,690.0,937.1696573430581,508.38596099993083,10473.155183000017,0.0
1774120296,10,,Aggregated,9.100000,9.100000,690,780,920,1000,1100,1400,4900,8100,10000,10000,10000,1001,1001,690.0,936.3572538361632,508.38596099993083,10473.155183000017,0.0
1774120297,10,,Aggregated,9.200000,9.200000,690,780,920,1000,1100,1400,4900,8100,10000,10000,10000,1009,1009,690.0,934.6215527333987,508.38596099993083,10473.155183000017,0.0
1774120298,10,,Aggregated,9.000000,9.000000,690,780,920,1000,1100,1400,4900,8100,10000,10000,10000,1018,1018,690.0,933.206340431236,508.38596099993083,10473.155183000017,0.0
1774120299,10,,Aggregated,9.100000,9.100000,690,780,930,1000,1100,1400,4900,8100,10000,10000,10000,1028,1028,690.0,931.8093299357956,508.38596099993083,10473.155183000017,0.0
1774120300,10,,Aggregated,9.200000,9.200000,690,780,920,1000,1100,1400,4900,8100,10000,10000,10000,1036,1036,690.0,929.9975058880295,508.38596099993083,10473.155183000017,0.0
1774120301,10,,Aggregated,9.000000,9.000000,690,780,920,1000,1100,1400,4900,8100,10000,10000,10000,1046,1046,690.0,928.3587079321208,508.38596099993083,10473.155183000017,0.0
1774120302,10,,Aggregated,9.000000,9.000000,690,780,920,1000,1100,1400,4400,8100,10000,10000,10000,1056,1056,690.0,926.9508337878759,508.38596099993083,10473.155183000017,0.0
1774120303,10,,Aggregated,9.100000,9.100000,690,780,920,1000,1100,1400,4400,8100,10000,10000,10000,1064,1064,690.0,925.5595439586432,508.38596099993083,10473.155183000017,0.0
1774120304,10,,Aggregated,9.300000,9.300000,690,770,920,1000,1100,1400,4400,8100,10000,10000,10000,1075,1075,690.0,923.203049509764,508.38596099993083,10473.155183000017,0.0
1774120305,10,,Aggregated,9.200000,9.200000,690,770,920,1000,1100,1400,4400,8100,10000,10000,10000,1083,1083,690.0,921.9152481218803,508.38596099993083,10473.155183000017,0.0
1774120306,10,,Aggregated,9.200000,9.200000,690,770,920,1000,1100,1400,4400,8100,10000,10000,10000,1091,1091,690.0,921.2458732328113,508.38596099993083,10473.155183000017,0.0
1774120307,10,,Aggregated,8.900000,8.900000,690,770,900,1000,1100,1400,3700,7900,10000,10000,10000,1101,1101,690.0,919.5586616612146,508.38596099993083,10473.155183000017,0.0
1774120308,10,,Aggregated,9.100000,9.100000,690,770,900,1000,1100,1400,3700,7900,10000,10000,10000,1110,1110,690.0,917.785663697295,508.38596099993083,10473.155183000017,0.0
1774120309,10,,Aggregated,9.100000,9.100000,680,770,900,1000,1100,1400,3700,7900,10000,10000,10000,1120,1120,680.0,916.1539868276768,508.38596099993083,10473.155183000017,0.0
1774120310,10,,Aggregated,9.200000,9.200000,680,770,890,1000,1100,1300,3700,7900,10000,10000,10000,1129,1129,680.0,914.5599664189536,508.38596099993083,10473.155183000017,0.0
1774120311,10,,Aggregated,9.300000,9.300000,680,770,890,1000,1100,1300,3700,7900,10000,10000,10000,1140,1140,680.0,912.5738034605255,508.38596099993083,10473.155183000017,0.0
1774120312,10,,Aggregated,9.100000,9.100000,680,770,890,1000,1100,1300,3700,7900,10000,10000,10000,1148,1148,680.0,911.4130816280484,508.38596099993083,10473.155183000017,0.0
1774120313,10,,Aggregated,8.900000,8.900000,680,770,890,1000,1100,1300,3500,7900,10000,10000,10000,1155,1155,680.0,910.1440801307356,508.38596099993083,10473.155183000017,0.0
1774120314,10,,Aggregated,9.100000,9.100000,680,770,890,1000,1100,1300,3500,7900,10000,10000,10000,1165,1165,680.0,909.3026491339044,508.38596099993083,10473.155183000017,0.0
1774120315,10,,Aggregated,9.100000,9.100000,680,770,890,1000,1100,1300,3500,7900,10000,10000,10000,1174,1174,680.0,908.1837931899477,508.38596099993083,10473.155183000017,0.0
1774120316,10,,Aggregated,9.100000,9.100000,680,770,890,1000,1100,1300,3500,7900,10000,10000,10000,1182,1182,680.0,906.8593149585429,508.38596099993083,10473.155183000017,0.0
1774120317,10,,Aggregated,9.300000,9.300000,680,770,890,1000,1100,1300,3500,7900,10000,10000,10000,1193,1193,680.0,905.4426021919508,508.38596099993083,10473.155183000017,0.0
1774120318,10,,Aggregated,9.200000,9.200000,680,760,890,1000,1100,1300,3300,7800,10000,10000,10000,1202,1202,680.0,904.0098508019939,508.38596099993083,10473.155183000017,0.0
1774120319,10,,Aggregated,9.100000,9.100000,680,760,880,1000,1100,1300,3300,7800,10000,10000,10000,1211,1211,680.0,902.6023218728297,508.38596099993083,10473.155183000017,0.0
1774120320,10,,Aggregated,9.000000,9.000000,680,760,880,1000,1100,1300,3300,7800,10000,10000,10000,1221,1221,680.0,901.2879808149028,508.38596099993083,10473.155183000017,0.0
1774120321,10,,Aggregated,9.200000,9.200000,680,760,880,1000,1100,1300,3300,7800,10000,10000,10000,1231,1231,680.0,900.0077830787945,508.38596099993083,10473.155183000017,0.0
1774120322,10,,Aggregated,9.100000,9.100000,680,760,880,1000,1100,1300,3300,7800,10000,10000,10000,1239,1239,680.0,898.7952893365587,508.38596099993083,10473.155183000017,0.0
1774120323,10,,Aggregated,9.100000,9.100000,680,760,870,1000,1100,1300,3300,7800,10000,10000,10000,1250,1250,680.0,897.145908871197,508.38596099993083,10473.155183000017,0.0
1774120324,10,,Aggregated,9.000000,9.000000,680,760,870,1000,1100,1300,2500,7800,10000,10000,10000,1258,1258,680.0,895.609616570744,508.38596099993083,10473.155183000017,0.0
1774120325,10,,Aggregated,9.200000,9.200000,680,760,870,1000,1100,1300,2500,7800,10000,10000,10000,1267,1267,680.0,894.5301661120731,508.38596099993083,10473.155183000017,0.0
1774120326,10,,Aggregated,9.200000,9.200000,680,760,870,1000,1100,1300,2500,7800,10000,10000,10000,1277,1277,680.0,893.3749501393862,508.38596099993083,10473.155183000017,0.0
1774120327,10,,Aggregated,9.100000,9.100000,680,760,870,1000,1100,1300,2500,7800,10000,10000,10000,1285,1285,680.0,892.2313794132257,508.38596099993083,10473.155183000017,0.0
1774120328,10,,Aggregated,9.300000,9.300000,680,760,870,1000,1100,1300,2500,7800,10000,10000,10000,1295,1295,680.0,890.948198693433,508.38596099993083,10473.155183000017,0.0
1774120329,10,,Aggregated,9.300000,9.300000,680,760,870,1000,1100,1300,2100,6200,10000,10000,10000,1304,1304,680.0,890.2974604248433,508.38596099993083,10473.155183000017,0.0
1774120330,10,,Aggregated,9.400000,9.400000,680,760,870,1000,1100,1300,2100,6200,10000,10000,10000,1314,1314,680.0,888.8679945532692,508.38596099993083,10473.155183000017,0.0
1774120331,10,,Aggregated,9.100000,9.100000,680,760,870,1000,1100,1300,2100,6200,10000,10000,10000,1323,1323,680.0,888.472058074071,508.38596099993083,10473.155183000017,0.0
1774120332,10,,Aggregated,9.300000,9.300000,680,760,870,1000,1100,1300,2100,6200,10000,10000,10000,1332,1332,680.0,887.5268346674142,508.38596099993083,10473.155183000017,0.0
1774120333,10,,Aggregated,9.300000,9.300000,680,760,870,1000,1100,1200,2100,6200,10000,10000,10000,1342,1342,680.0,885.970277878536,508.38596099993083,10473.155183000017,0.0
1774120334,10,,Aggregated,9.300000,9.300000,680,760,870,1000,1100,1300,2100,6200,10000,10000,10000,1352,1352,680.0,884.53537886908,508.38596099993083,10473.155183000017,0.0
1774120335,10,,Aggregated,9.300000,9.300000,680,760,860,1000,1100,1200,2100,6200,10000,10000,10000,1362,1362,680.0,883.6168024397917,508.38596099993083,10473.155183000017,0.0
1774120336,10,,Aggregated,9.300000,9.300000,680,760,860,1000,1100,1200,2100,6200,10000,10000,10000,1368,1368,680.0,882.942668697366,508.38596099993083,10473.155183000017,0.0
1774120337,10,,Aggregated,9.400000,9.400000,680,760,860,1000,1100,1200,2100,6200,10000,10000,10000,1379,1379,680.0,881.954305060912,508.38596099993083,10473.155183000017,0.0
1774120338,10,,Aggregated,9.000000,9.000000,680,760,870,1000,1100,1200,2100,6200,10000,10000,10000,1387,1387,680.0,881.9080833410221,508.38596099993083,10473.155183000017,0.0
1774120339,10,,Aggregated,9.200000,9.200000,680,760,860,1000,1100,1200,2100,6200,10000,10000,10000,1397,1397,680.0,880.260649562632,508.38596099993083,10473.155183000017,0.0
1774120340,10,,Aggregated,9.100000,9.100000,680,760,870,1000,1100,1200,1900,5900,10000,10000,10000,1406,1406,680.0,879.8690246657168,508.38596099993083,10473.155183000017,0.0
1774120341,10,,Aggregated,9.300000,9.300000,680,760,870,1000,1100,1200,1900,5900,10000,10000,10000,1415,1415,680.0,878.9641150628959,508.38596099993083,10473.155183000017,0.0
1774120342,10,,Aggregated,9.100000,9.100000,680,760,860,1000,1100,1200,1900,5900,10000,10000,10000,1424,1424,680.0,877.9167044873589,508.38596099993083,10473.155183000017,0.0
1774120343,10,,Aggregated,9.000000,9.000000,680,760,860,1000,1100,1200,1900,5900,10000,10000,10000,1434,1434,680.0,876.9703401603905,508.38596099993083,10473.155183000017,0.0
1774120344,10,,Aggregated,9.100000,9.100000,680,760,860,1000,1000,1200,1900,5900,10000,10000,10000,1442,1442,680.0,876.1276886622738,508.38596099993083,10473.155183000017,0.0
1774120345,10,,Aggregated,9.000000,9.000000,680,760,860,1000,1000,1200,1800,5900,10000,10000,10000,1452,1452,680.0,875.7649071694207,508.38596099993083,10473.155183000017,0.0
1774120346,10,,Aggregated,9.000000,9.000000,680,750,860,1000,1000,1200,1800,5900,10000,10000,10000,1461,1461,680.0,874.4081587289521,508.38596099993083,10473.155183000017,0.0
1774120347,10,,Aggregated,9.000000,9.000000,680,750,860,1000,1000,1200,1800,5900,10000,10000,10000,1469,1469,680.0,874.1879753764458,508.38596099993083,10473.155183000017,0.0
1774120348,10,,Aggregated,9.100000,9.100000,680,760,870,1000,1000,1200,1800,5900,10000,10000,10000,1479,1479,680.0,873.8496780743739,508.38596099993083,10473.155183000017,0.0
1774120349,10,,Aggregated,8.900000,8.900000,680,760,860,1000,1000,1200,1800,5900,10000,10000,10000,1486,1486,680.0,873.0848357792728,508.38596099993083,10473.155183000017,0.0
1774120350,10,,Aggregated,8.800000,8.800000,680,750,860,1000,1000,1200,1800,5900,10000,10000,10000,1494,1494,680.0,872.2540115087012,508.38596099993083,10473.155183000017,0.0
1774120351,10,,Aggregated,8.900000,8.900000,680,750,860,1000,1000,1200,1800,5800,10000,10000,10000,1504,1504,680.0,871.6543110139628,508.38596099993083,10473.155183000017,0.0
1774120352,10,,Aggregated,9.100000,9.100000,680,750,860,1000,1000,1200,1800,5800,10000,10000,10000,1512,1512,680.0,870.7794105390213,508.38596099993083,10473.155183000017,0.0
1774120353,10,,Aggregated,9.200000,9.200000,680,750,860,1000,1000,1200,1800,5800,10000,10000,10000,1524,1524,680.0,869.4724721732285,508.38596099993083,10473.155183000017,0.0
1774120354,10,,Aggregated,9.200000,9.200000,680,750,860,1000,1000,1200,1800,5800,10000,10000,10000,1533,1533,680.0,868.784647724071,508.38596099993083,10473.155183000017,0.0
1774120355,10,,Aggregated,9.100000,9.100000,680,750,860,1000,1000,1200,1800,5800,10000,10000,10000,1541,1541,680.0,867.7504254652832,508.38596099993083,10473.155183000017,0.0
1774120356,10,,Aggregated,9.000000,9.000000,680,750,860,1000,1000,1200,1800,5800,10000,10000,10000,1552,1552,680.0,867.090264593429,508.38596099993083,10473.155183000017,0.0
1774120357,10,,Aggregated,9.100000,9.100000,680,750,860,1000,1000,1200,1800,5800,10000,10000,10000,1562,1562,680.0,866.6453043585159,508.38596099993083,10473.155183000017,0.0
1774120358,10,,Aggregated,9.300000,9.300000,680,750,860,1000,1000,1200,1800,5800,10000,10000,10000,1571,1571,680.0,865.8449129478048,508.38596099993083,10473.155183000017,0.0
1774120359,10,,Aggregated,9.100000,9.100000,680,750,860,1000,1000,1200,1800,5800,10000,10000,10000,1578,1578,670.0,865.0970925411922,508.38596099993083,10473.155183000017,0.0
1774120360,10,,Aggregated,9.400000,9.400000,680,750,860,1000,1000,1200,1800,5800,10000,10000,10000,1587,1587,680.0,864.5506773257729,508.38596099993083,10473.155183000017,0.0
1774120361,10,,Aggregated,9.200000,9.200000,680,750,860,1000,1000,1200,1800,5800,10000,10000,10000,1597,1597,680.0,864.283664542267,508.38596099993083,10473.155183000017,0.0
1774120362,10,,Aggregated,9.000000,9.000000,680,750,860,1000,1000,1200,1700,5800,10000,10000,10000,1605,1605,680.0,863.919417028038,508.38596099993083,10473.155183000017,0.0
1774120363,10,,Aggregated,9.100000,9.100000,680,750,860,1000,1000,1200,1700,5800,10000,10000,10000,1614,1614,680.0,863.250862472739,508.38596099993083,10473.155183000017,0.0
1774120364,10,,Aggregated,8.900000,8.900000,680,750,860,1000,1000,1200,1700,5800,10000,10000,10000,1622,1622,680.0,862.9727291257711,508.38596099993083,10473.155183000017,0.0
1774120365,10,,Aggregated,9.000000,9.000000,680,750,860,1000,1000,1200,1700,5800,10000,10000,10000,1630,1630,680.0,862.5984437920254,508.38596099993083,10473.155183000017,0.0
1774120366,10,,Aggregated,9.100000,9.100000,680,760,860,1000,1000,1200,1700,5800,10000,10000,10000,1639,1639,680.0,862.8459591360595,508.38596099993083,10473.155183000017,0.0
1774120367,10,,Aggregated,9.100000,9.100000,680,760,860,1000,1000,1200,1700,5800,10000,10000,10000,1649,1649,680.0,861.9933495676187,508.38596099993083,10473.155183000017,0.0
1774120368,10,,Aggregated,8.800000,8.800000,680,750,860,1000,1000,1200,1600,5800,10000,10000,10000,1659,1659,680.0,860.9354313110325,508.38596099993083,10473.155183000017,0.0
1774120369,10,,Aggregated,8.800000,8.800000,680,750,860,1000,1000,1200,1600,5800,10000,10000,10000,1668,1668,680.0,860.5626026103137,508.38596099993083,10473.155183000017,0.0
1774120370,10,,Aggregated,8.700000,8.700000,680,750,860,1000,1000,1200,1600,5800,10000,10000,10000,1678,1678,680.0,859.5294734797394,508.38596099993083,10473.155183000017,0.0
1774120371,10,,Aggregated,8.800000,8.800000,680,750,860,1000,1000,1200,1600,5800,10000,10000,10000,1687,1687,680.0,859.0298128618865,508.38596099993083,10473.155183000017,0.0
1774120372,10,,Aggregated,8.900000,8.900000,680,750,860,1000,1000,1200,1600,5800,10000,10000,10000,1696,1696,680.0,858.3860786721707,508.38596099993083,10473.155183000017,0.0
1774120373,10,,Aggregated,9.000000,9.000000,670,750,860,1000,1000,1200,1600,5600,10000,10000,10000,1707,1707,670.0,857.3153408230821,508.38596099993083,10473.155183000017,0.0
1774120374,10,,Aggregated,9.100000,9.100000,670,750,860,1000,1000,1200,1600,5600,10000,10000,10000,1716,1716,670.0,856.2792275320523,508.38596099993083,10473.155183000017,0.0
1774120375,10,,Aggregated,9.300000,9.300000,670,750,850,1000,1000,1200,1600,5600,10000,10000,10000,1726,1726,670.0,855.5217602108926,508.38596099993083,10473.155183000017,0.0
1774120376,10,,Aggregated,9.200000,9.200000,670,750,850,1000,1000,1200,1600,5600,10000,10000,10000,1735,1735,670.0,854.7146213498565,508.38596099993083,10473.155183000017,0.0
1774120377,10,,Aggregated,9.100000,9.100000,670,750,850,1000,1000,1200,1600,5600,10000,10000,10000,1743,1743,670.0,853.9926025438908,508.38596099993083,10473.155183000017,0.0
1774120378,10,,Aggregated,9.300000,9.300000,670,750,850,1000,1000,1200,1500,5600,10000,10000,10000,1754,1754,670.0,853.3487079412782,508.38596099993083,10473.155183000017,0.0
1774120379,10,,Aggregated,9.500000,9.500000,670,750,850,1000,1000,1200,1500,5600,10000,10000,10000,1763,1763,670.0,852.4986453386288,508.38596099993083,10473.155183000017,0.0
1774120380,10,,Aggregated,9.400000,9.400000,670,750,850,1000,1000,1200,1500,5600,10000,10000,10000,1772,1772,670.0,851.9678430282183,508.38596099993083,10473.155183000017,0.0
1774120381,10,,Aggregated,9.500000,9.500000,670,750,850,1000,1000,1200,1500,5600,10000,10000,10000,1781,1781,670.0,851.4834180101082,508.38596099993083,10473.155183000017,0.0
1774120382,10,,Aggregated,9.500000,9.500000,670,750,850,1000,1000,1200,1500,5600,10000,10000,10000,1790,1790,670.0,850.7833605329622,508.38596099993083,10473.155183000017,0.0
1774120383,10,,Aggregated,9.200000,9.200000,670,750,850,1000,1000,1200,1500,5600,10000,10000,10000,1798,1798,670.0,850.5133708303676,508.38596099993083,10473.155183000017,0.0
1774120384,10,,Aggregated,9.200000,9.200000,670,750,850,1000,1000,1200,1500,5200,10000,10000,10000,1808,1808,670.0,849.9813016039832,508.38596099993083,10473.155183000017,0.0
1774120385,10,,Aggregated,9.100000,9.100000,670,750,850,1000,1000,1200,1500,5200,10000,10000,10000,1817,1817,670.0,849.3202788282889,508.38596099993083,10473.155183000017,0.0
1774120386,10,,Aggregated,9.300000,9.300000,670,750,850,1000,1000,1200,1500,5200,10000,10000,10000,1826,1826,670.0,848.6547810728371,508.38596099993083,10473.155183000017,0.0
1774120387,10,,Aggregated,9.300000,9.300000,670,750,850,1000,1000,1200,1500,5200,10000,10000,10000,1834,1834,670.0,848.5140407290077,508.38596099993083,10473.155183000017,0.0
1774120388,10,,Aggregated,9.300000,9.300000,670,750,850,1000,1000,1200,1500,5200,10000,10000,10000,1842,1842,670.0,848.0155113659072,508.38596099993083,10473.155183000017,0.0
1774120389,10,,Aggregated,9.000000,9.000000,670,750,850,1000,1000,1200,1500,5200,10000,10000,10000,1852,1852,670.0,847.8072923477328,508.38596099993083,10473.155183000017,0.0
1774120390,10,,Aggregated,9.200000,9.200000,670,750,850,1000,1000,1200,1500,5200,10000,10000,10000,1861,1861,670.0,847.0917860166578,508.38596099993083,10473.155183000017,0.0
1774120391,10,,Aggregated,8.800000,8.800000,670,750,850,1000,1000,1200,1500,5200,10000,10000,10000,1870,1870,670.0,846.9577415951876,508.38596099993083,10473.155183000017,0.0
1774120392,10,,Aggregated,8.900000,8.900000,670,750,850,1000,1000,1200,1500,5200,10000,10000,10000,1881,1881,670.0,846.4571322658168,508.38596099993083,10473.155183000017,0.0
1774120393,10,,Aggregated,9.100000,9.100000,670,750,850,1000,1000,1200,1500,5200,10000,10000,10000,1889,1889,670.0,845.7883731498158,508.38596099993083,10473.155183000017,0.0
1774120394,10,,Aggregated,9.100000,9.100000,670,750,850,1000,1000,1200,1500,5200,10000,10000,10000,1897,1897,670.0,845.7455300859264,508.38596099993083,10473.155183000017,0.0
1774120395,10,,Aggregated,9.100000,9.100000,670,750,850,1000,1000,1200,1500,5000,10000,10000,10000,1906,1906,670.0,845.2342686972728,508.38596099993083,10473.155183000017,0.0
1774120396,10,,Aggregated,8.800000,8.800000,670,750,850,1000,1000,1200,1500,5000,10000,10000,10000,1916,1916,670.0,844.988867226515,508.38596099993083,10473.155183000017,0.0
1774120397,10,,Aggregated,9.000000,9.000000,670,750,850,1000,1000,1200,1500,5000,10000,10000,10000,1927,1927,670.0,844.6733737301521,508.38596099993083,10473.155183000017,0.0
1774120398,10,,Aggregated,8.800000,8.800000,670,750,850,1000,1000,1200,1500,5000,10000,10000,10000,1936,1936,670.0,843.8313652169439,508.38596099993083,10473.155183000017,0.0
1774120399,10,,Aggregated,9.000000,9.000000,670,750,840,1000,1000,1200,1500,5000,10000,10000,10000,1946,1946,670.0,843.204402389519,508.38596099993083,10473.155183000017,0.0
1774120400,10,,Aggregated,9.000000,9.000000,670,750,840,1000,1000,1200,1500,5000,10000,10000,10000,1954,1954,670.0,842.8217442436046,508.38596099993083,10473.155183000017,0.0
1774120401,10,,Aggregated,9.300000,9.300000,670,750,840,1000,1000,1200,1500,5000,10000,10000,10000,1965,1965,670.0,841.7636171908418,508.38596099993083,10473.155183000017,0.0
1774120402,10,,Aggregated,9.300000,9.300000,670,750,840,1000,1000,1200,1500,5000,10000,10000,10000,1974,1974,670.0,841.1734257629199,508.38596099993083,10473.155183000017,0.0
1774120403,10,,Aggregated,9.300000,9.300000,670,750,840,1000,1000,1200,1500,5000,10000,10000,10000,1982,1982,670.0,840.7413842971765,508.38596099993083,10473.155183000017,0.0
1774120404,10,,Aggregated,9.400000,9.400000,670,750,840,1000,1000,1200,1500,5000,10000,10000,10000,1989,1989,670.0,840.2982487013591,508.38596099993083,10473.155183000017,0.0
1774120405,10,,Aggregated,9.200000,9.200000,670,750,840,1000,1000,1200,1500,5000,10000,10000,10000,1999,1999,670.0,840.040786408706,508.38596099993083,10473.155183000017,0.0
1774120406,10,,Aggregated,9.300000,9.300000,670,750,840,1000,1000,1200,1500,4900,9900,10000,10000,2007,2007,670.0,839.6624911758862,508.38596099993083,10473.155183000017,0.0
1774120407,10,,Aggregated,8.800000,8.800000,670,750,840,1000,1000,1200,1500,4900,9900,10000,10000,2017,2017,670.0,839.1490049439785,508.38596099993083,10473.155183000017,0.0
1774120408,10,,Aggregated,9.100000,9.100000,670,750,840,1000,1000,1200,1500,4900,9900,10000,10000,2026,2026,670.0,838.8700501174756,508.38596099993083,10473.155183000017,0.0
1774120409,10,,Aggregated,9.200000,9.200000,670,750,840,1000,1000,1200,1500,4900,9900,10000,10000,2038,2038,670.0,838.2495360824367,508.38596099993083,10473.155183000017,0.0
1774120411,10,,Aggregated,9.000000,9.000000,670,740,840,1000,1000,1200,1500,4900,9900,10000,10000,2045,2045,670.0,837.7250327921787,508.38596099993083,10473.155183000017,0.0
1774120412,10,,Aggregated,9.200000,9.200000,670,740,840,1000,1000,1200,1500,4900,9900,10000,10000,2054,2054,670.0,837.2328617288241,508.38596099993083,10473.155183000017,0.0
1774120413,10,,Aggregated,9.200000,9.200000,670,740,840,1000,1000,1200,1500,4900,9900,10000,10000,2065,2065,670.0,837.1147882029077,508.38596099993083,10473.155183000017,0.0
1774120414,10,,Aggregated,8.900000,8.900000,670,740,840,1000,1000,1200,1500,4900,9900,10000,10000,2072,2072,670.0,836.6305292524156,508.38596099993083,10473.155183000017,0.0
1774120415,10,,Aggregated,8.700000,8.700000,670,750,840,1000,1000,1200,1500,4900,9900,10000,10000,2081,2081,670.0,836.8511408226836,508.38596099993083,10473.155183000017,0.0
1774120416,10,,Aggregated,9.100000,9.100000,670,740,840,1000,1000,1200,1500,4900,9900,10000,10000,2089,2089,670.0,836.3658512398297,508.38596099993083,10473.155183000017,0.0
1774120417,10,,Aggregated,8.900000,8.900000,670,740,840,1000,1000,1200,1500,4900,9900,10000,10000,2100,2100,670.0,835.8049579157163,508.38596099993083,10473.155183000017,0.0
1774120418,10,,Aggregated,9.200000,9.200000,670,740,840,1000,1000,1200,1500,4400,9900,10000,10000,2110,2110,670.0,835.1942876241733,508.38596099993083,10473.155183000017,0.0
1774120419,10,,Aggregated,9.200000,9.200000,670,740,840,1000,1000,1200,1500,4400,9900,10000,10000,2118,2118,670.0,834.5709272285203,508.38596099993083,10473.155183000017,0.0
1774120420,10,,Aggregated,9.300000,9.300000,670,740,840,1000,1000,1200,1500,4400,9900,10000,10000,2128,2128,670.0,834.4858078139127,508.38596099993083,10473.155183000017,0.0
1774120421,10,,Aggregated,9.300000,9.300000,670,740,840,1000,1000,1200,1500,4400,9900,10000,10000,2134,2134,670.0,834.4895964939111,508.38596099993083,10473.155183000017,0.0
1774120422,10,,Aggregated,9.100000,9.100000,670,740,840,1000,1000,1200,1500,4400,9900,10000,10000,2143,2143,670.0,834.5843180373336,508.38596099993083,10473.155183000017,0.0
1774120423,10,,Aggregated,8.800000,8.800000,670,740,840,1000,1000,1200,1500,4400,9900,10000,10000,2151,2151,670.0,834.1698376429591,508.38596099993083,10473.155183000017,0.0
1774120424,10,,Aggregated,8.900000,8.900000,670,740,840,1000,1000,1200,1500,4400,9900,10000,10000,2161,2161,670.0,833.8644969014366,508.38596099993083,10473.155183000017,0.0
1774120425,10,,Aggregated,9.000000,9.000000,670,740,840,1000,1000,1200,1500,4400,9900,10000,10000,2170,2170,670.0,833.3208608050711,508.38596099993083,10473.155183000017,0.0
1774120426,10,,Aggregated,8.600000,8.600000,670,740,840,1000,1000,1200,1500,4400,9900,10000,10000,2180,2180,670.0,833.1623690665157,508.38596099993083,10473.155183000017,0.0
1774120427,10,,Aggregated,8.900000,8.900000,670,740,840,1000,1000,1200,1500,4400,9900,10000,10000,2189,2189,670.0,832.5079011841043,508.38596099993083,10473.155183000017,0.0
1774120428,10,,Aggregated,8.900000,8.900000,670,740,840,1000,1000,1200,1500,4400,9900,10000,10000,2199,2199,670.0,832.0319445166002,508.38596099993083,10473.155183000017,0.0
1774120429,10,,Aggregated,9.100000,9.100000,670,750,840,1000,1000,1200,1500,3700,9900,10000,10000,2208,2208,670.0,831.7391981666684,508.38596099993083,10473.155183000017,0.0
1774120430,10,,Aggregated,8.900000,8.900000,670,740,840,1000,1000,1200,1500,3700,9900,10000,10000,2216,2216,670.0,831.3789681015359,508.38596099993083,10473.155183000017,0.0
1774120431,10,,Aggregated,8.900000,8.900000,670,740,840,1000,1000,1200,1500,3700,9900,10000,10000,2226,2226,670.0,831.011294654988,508.38596099993083,10473.155183000017,0.0
1774120432,10,,Aggregated,9.100000,9.100000,670,740,840,1000,1000,1200,1500,3700,9900,10000,10000,2235,2235,670.0,830.539847236243,508.38596099993083,10473.155183000017,0.0
1774120433,10,,Aggregated,9.200000,9.200000,670,750,840,1000,1000,1200,1500,3700,9900,10000,10000,2245,2245,670.0,830.5254292957699,508.38596099993083,10473.155183000017,0.0
1774120434,10,,Aggregated,9.200000,9.200000,670,750,840,1000,1000,1200,1500,3700,9900,10000,10000,2254,2254,670.0,830.2528713433907,508.38596099993083,10473.155183000017,0.0
1774120435,10,,Aggregated,9.300000,9.300000,670,750,840,1000,1000,1200,1500,3700,9900,10000,10000,2262,2262,670.0,829.8487899168891,508.38596099993083,10473.155183000017,0.0
1774120436,10,,Aggregated,9.200000,9.200000,670,750,840,1000,1000,1200,1500,3700,9900,10000,10000,2272,2272,670.0,829.514506355635,508.38596099993083,10473.155183000017,0.0
1774120437,10,,Aggregated,9.200000,9.200000,670,750,840,1000,1000,1200,1500,3700,9900,10000,10000,2281,2281,670.0,829.3790234945211,508.38596099993083,10473.155183000017,0.0
1774120438,10,,Aggregated,9.100000,9.100000,670,750,840,1000,1000,1200,1500,3700,9900,10000,10000,2290,2290,670.0,828.9268599637564,508.38596099993083,10473.155183000017,0.0
1774120439,10,,Aggregated,9.200000,9.200000,670,740,840,1000,1000,1200,1500,3700,9900,10000,10000,2299,2299,670.0,828.6209209708584,508.38596099993083,10473.155183000017,0.0
1774120440,10,,Aggregated,9.000000,9.000000,670,750,840,1000,1000,1200,1500,3500,9900,10000,10000,2308,2308,670.0,828.5690645801578,508.38596099993083,10473.155183000017,0.0
1774120441,10,,Aggregated,9.000000,9.000000,670,740,840,1000,1000,1200,1500,3500,9900,10000,10000,2317,2317,670.0,828.1465225554615,508.38596099993083,10473.155183000017,0.0
1774120442,10,,Aggregated,9.100000,9.100000,670,740,840,1000,1000,1200,1500,3500,9900,10000,10000,2327,2327,670.0,827.7831851168904,508.38596099993083,10473.155183000017,0.0
1774120443,10,,Aggregated,8.900000,8.900000,670,740,840,1000,1000,1200,1500,3500,9900,10000,10000,2336,2336,670.0,827.4116114687516,508.38596099993083,10473.155183000017,0.0
1774120444,10,,Aggregated,8.900000,8.900000,670,740,840,1000,1000,1200,1500,3500,9900,10000,10000,2345,2345,670.0,826.9725621697245,508.38596099993083,10473.155183000017,0.0
1774120445,10,,Aggregated,9.000000,9.000000,670,740,840,1000,1000,1200,1500,3500,9900,10000,10000,2355,2355,670.0,826.5883509337594,508.38596099993083,10473.155183000017,0.0
1774120446,10,,Aggregated,9.000000,9.000000,670,740,840,1000,1000,1200,1500,3500,9900,10000,10000,2364,2364,670.0,826.0373585710671,508.38596099993083,10473.155183000017,0.0
1774120447,10,,Aggregated,9.400000,9.400000,670,740,840,1000,1000,1200,1500,3500,9900,10000,10000,2374,2374,670.0,825.9606885029501,508.38596099993083,10473.155183000017,0.0
1774120448,10,,Aggregated,9.400000,9.400000,670,740,840,1000,1000,1200,1500,3500,9900,10000,10000,2380,2380,670.0,825.8662047638671,508.38596099993083,10473.155183000017,0.0
1774120449,10,,Aggregated,8.900000,8.900000,670,740,840,1000,1000,1200,1500,3500,9900,10000,10000,2390,2390,670.0,825.5855957644366,508.38596099993083,10473.155183000017,0.0
1774120450,10,,Aggregated,9.100000,9.100000,670,740,840,1000,1000,1200,1500,3500,9900,10000,10000,2399,2399,670.0,825.3921824685299,508.38596099993083,10473.155183000017,0.0
1774120451,10,,Aggregated,9.000000,9.000000,670,740,840,1000,1000,1200,1500,3300,9900,10000,10000,2409,2409,670.0,825.0809893379006,508.38596099993083,10473.155183000017,0.0
1774120452,10,,Aggregated,9.100000,9.100000,670,750,840,1000,1000,1200,1500,3300,9900,10000,10000,2420,2420,670.0,824.5381091661167,508.38596099993083,10473.155183000017,0.0
1774120453,10,,Aggregated,9.300000,9.300000,670,750,840,1000,1000,1200,1500,3300,9900,10000,10000,2429,2429,670.0,824.3745231251554,508.38596099993083,10473.155183000017,0.0
1774120454,10,,Aggregated,9.300000,9.300000,670,740,840,1000,1000,1200,1500,3300,9900,10000,10000,2437,2437,670.0,824.1255163820281,508.38596099993083,10473.155183000017,0.0
1774120455,10,,Aggregated,9.200000,9.200000,670,740,840,1000,1000,1200,1500,3300,9900,10000,10000,2446,2446,670.0,823.7794018646778,508.38596099993083,10473.155183000017,0.0
1774120456,10,,Aggregated,9.300000,9.300000,670,740,840,1000,1000,1200,1500,3300,9900,10000,10000,2456,2456,670.0,823.6052550199522,508.38596099993083,10473.155183000017,0.0
1774120457,10,,Aggregated,9.000000,9.000000,670,740,840,1000,1000,1200,1500,3300,9900,10000,10000,2465,2465,670.0,823.438612377689,508.38596099993083,10473.155183000017,0.0
1774120458,10,,Aggregated,9.000000,9.000000,670,740,840,1000,1000,1200,1500,3300,9900,10000,10000,2474,2474,670.0,822.8773239555387,508.38596099993083,10473.155183000017,0.0
1774120459,10,,Aggregated,9.100000,9.100000,670,740,840,1000,1000,1200,1500,3300,9900,10000,10000,2484,2484,670.0,822.5732894702107,508.38596099993083,10473.155183000017,0.0
1774120460,10,,Aggregated,9.400000,9.400000,670,740,840,1000,1000,1200,1500,3300,9900,10000,10000,2493,2493,670.0,822.0037121428012,508.38596099993083,10473.155183000017,0.0
1774120461,10,,Aggregated,9.600000,9.600000,670,740,840,1000,1000,1200,1500,2500,9900,10000,10000,2501,2501,670.0,821.7746893530602,508.38596099993083,10473.155183000017,0.0
1774120462,10,,Aggregated,9.300000,9.300000,670,740,840,1000,1000,1200,1500,2500,9900,10000,10000,2511,2511,670.0,821.46559579809,508.38596099993083,10473.155183000017,0.0
1774120463,10,,Aggregated,9.200000,9.200000,670,740,840,1000,1000,1200,1500,2500,9900,10000,10000,2520,2520,670.0,821.3607732500011,508.38596099993083,10473.155183000017,0.0
1774120464,10,,Aggregated,9.200000,9.200000,670,740,840,1000,1000,1200,1500,2500,9900,10000,10000,2529,2529,670.0,821.1810357069999,508.38596099993083,10473.155183000017,0.0
1774120465,10,,Aggregated,9.200000,9.200000,670,740,840,1000,1000,1200,1500,2500,9900,10000,10000,2538,2538,670.0,820.9905629897565,508.38596099993083,10473.155183000017,0.0
1774120466,10,,Aggregated,9.200000,9.200000,670,740,840,1000,1000,1200,1500,2500,9900,10000,10000,2548,2548,670.0,821.0557110886976,508.38596099993083,10473.155183000017,0.0
1774120467,10,,Aggregated,9.400000,9.400000,670,740,840,1000,1000,1200,1500,2500,9900,10000,10000,2557,2557,670.0,820.675381793509,508.38596099993083,10473.155183000017,0.0
1774120468,10,,Aggregated,9.400000,9.400000,670,740,840,1000,1000,1200,1500,2500,9900,10000,10000,2567,2567,670.0,820.5418898948199,508.38596099993083,10473.155183000017,0.0
1774120469,10,,Aggregated,8.900000,8.900000,670,740,840,1000,1000,1200,1500,2500,9900,10000,10000,2575,2575,670.0,820.3867508104867,508.38596099993083,10473.155183000017,0.0
1774120470,10,,Aggregated,8.800000,8.800000,670,740,840,1000,1000,1200,1500,2500,9900,10000,10000,2584,2584,670.0,819.898570001549,508.38596099993083,10473.155183000017,0.0
1774120471,10,,Aggregated,8.700000,8.700000,670,740,840,1000,1000,1200,1500,2500,9900,10000,10000,2592,2592,670.0,819.8427285455258,508.38596099993083,10473.155183000017,0.0
1774120472,10,,Aggregated,8.900000,8.900000,670,740,840,1000,1000,1200,1500,2100,9900,10000,10000,2602,2602,670.0,819.907271928517,508.38596099993083,10473.155183000017,0.0
1774120473,10,,Aggregated,9.000000,9.000000,670,740,840,1000,1000,1200,1500,2100,9900,10000,10000,2609,2609,670.0,819.8613822104259,508.38596099993083,10473.155183000017,0.0
1774120474,10,,Aggregated,9.000000,9.000000,670,740,840,1000,1000,1200,1500,2100,9900,10000,10000,2620,2620,670.0,819.5482870992365,508.38596099993083,10473.155183000017,0.0
1774120475,10,,Aggregated,9.000000,9.000000,670,740,840,1000,1000,1200,1500,2100,9900,10000,10000,2628,2628,670.0,819.169888701674,508.38596099993083,10473.155183000017,0.0
1774120476,10,,Aggregated,9.000000,9.000000,670,740,840,1000,1000,1200,1500,2100,9900,10000,10000,2637,2637,670.0,819.1004129984829,508.38596099993083,10473.155183000017,0.0
1774120477,10,,Aggregated,8.900000,8.900000,670,740,840,1000,1000,1200,1500,2100,9900,10000,10000,2648,2648,670.0,818.6973467352719,508.38596099993083,10473.155183000017,0.0
1774120478,10,,Aggregated,8.800000,8.800000,670,740,840,1000,1000,1200,1500,2100,9900,10000,10000,2657,2657,670.0,818.3756275265339,508.38596099993083,10473.155183000017,0.0
1774120479,10,,Aggregated,9.200000,9.200000,670,740,840,1000,1000,1200,1500,2100,9900,10000,10000,2666,2666,670.0,818.1202529579901,508.38596099993083,10473.155183000017,0.0
1774120480,10,,Aggregated,9.300000,9.300000,670,740,840,1000,1000,1200,1500,2100,9900,10000,10000,2676,2676,670.0,818.0612309510466,508.38596099993083,10473.155183000017,0.0
1774120481,10,,Aggregated,9.300000,9.300000,670,740,840,1000,1000,1200,1500,2100,9900,10000,10000,2683,2683,670.0,817.8944551423784,508.38596099993083,10473.155183000017,0.0
1774120482,10,,Aggregated,9.000000,9.000000,670,740,840,1000,1000,1200,1500,2100,9900,10000,10000,2692,2692,670.0,817.7216672180539,508.38596099993083,10473.155183000017,0.0
1774120483,10,,Aggregated,9.000000,9.000000,670,740,840,1000,1000,1200,1500,2100,9900,10000,10000,2702,2702,670.0,817.4587942498156,508.38596099993083,10473.155183000017,0.0
1774120484,10,,Aggregated,9.100000,9.100000,670,740,840,1000,1000,1200,1500,2100,9900,10000,10000,2711,2711,670.0,817.0027735595726,508.38596099993083,10473.155183000017,0.0
1774120485,10,,Aggregated,9.100000,9.100000,670,740,840,1000,1000,1200,1500,2100,9900,10000,10000,2721,2721,670.0,816.9458613109158,508.38596099993083,10473.155183000017,0.0
1774120486,10,,Aggregated,9.100000,9.100000,670,740,840,1000,1000,1200,1500,2100,9900,10000,10000,2727,2727,670.0,816.6686730520726,508.38596099993083,10473.155183000017,0.0
1774120487,10,,Aggregated,8.800000,8.800000,670,740,840,1000,1000,1200,1500,2100,9900,10000,10000,2738,2738,670.0,816.5118643648658,508.1841409996741,10473.155183000017,0.0
1774120488,10,,Aggregated,8.800000,8.800000,670,740,840,1000,1000,1200,1500,2100,9900,10000,10000,2747,2747,670.0,816.3077923017845,508.1841409996741,10473.155183000017,0.0
1774120489,10,,Aggregated,8.900000,8.900000,670,740,840,1000,1000,1200,1500,2100,9900,10000,10000,2756,2756,670.0,816.0150176966622,508.1841409996741,10473.155183000017,0.0
1774120490,10,,Aggregated,8.800000,8.800000,670,740,840,1000,1000,1200,1500,2100,9900,10000,10000,2766,2766,670.0,815.7525969880702,508.1841409996741,10473.155183000017,0.0
1774120491,10,,Aggregated,8.800000,8.800000,670,740,840,1000,1000,1200,1500,2100,9900,10000,10000,2773,2773,670.0,815.489199632168,508.1841409996741,10473.155183000017,0.0
1774120492,10,,Aggregated,9.100000,9.100000,670,740,840,1000,1000,1200,1500,2100,9900,10000,10000,2783,2783,670.0,815.4704039360411,508.1841409996741,10473.155183000017,0.0
1774120493,10,,Aggregated,8.900000,8.900000,670,740,830,1000,1000,1200,1500,2100,9900,10000,10000,2793,2793,670.0,814.9590548854286,508.1841409996741,10473.155183000017,0.0
1774120494,10,,Aggregated,9.000000,9.000000,670,740,830,1000,1000,1200,1500,1900,9900,10000,10000,2802,2802,670.0,814.7985467287662,508.1841409996741,10473.155183000017,0.0
1774120495,10,,Aggregated,8.900000,8.900000,670,740,830,1000,1000,1200,1500,1900,9900,10000,10000,2812,2812,670.0,814.5942218040547,508.1841409996741,10473.155183000017,0.0
1774120496,10,,Aggregated,9.100000,9.100000,670,740,830,1000,1000,1200,1500,1900,9900,10000,10000,2821,2821,670.0,814.3719327405183,508.1841409996741,10473.155183000017,0.0
1774120497,10,,Aggregated,9.500000,9.500000,670,740,830,1000,1000,1200,1500,1900,9900,10000,10000,2830,2830,670.0,814.1281417024745,508.1841409996741,10473.155183000017,0.0
1774120498,10,,Aggregated,9.300000,9.300000,670,740,830,1000,1000,1200,1500,1900,9900,10000,10000,2839,2839,670.0,814.0786917488562,508.1841409996741,10473.155183000017,0.0
1774120499,10,,Aggregated,9.000000,9.000000,670,740,830,1000,1000,1200,1500,1900,9900,10000,10000,2846,2846,670.0,813.6608183299375,508.1841409996741,10473.155183000017,0.0
1774120500,10,,Aggregated,9.000000,9.000000,670,740,830,1000,1000,1200,1500,1900,9900,10000,10000,2855,2855,670.0,813.7502667264455,508.1841409996741,10473.155183000017,0.0
1774120501,10,,Aggregated,9.100000,9.100000,670,740,830,1000,1000,1200,1500,1900,9900,10000,10000,2866,2866,670.0,813.2814783262389,508.1841409996741,10473.155183000017,0.0
1774120502,10,,Aggregated,9.000000,9.000000,670,740,830,1000,1000,1200,1500,1900,9900,10000,10000,2874,2874,670.0,813.4579680083511,508.1841409996741,10473.155183000017,0.0
1774120503,10,,Aggregated,9.200000,9.200000,670,740,830,1000,1000,1200,1500,1900,9900,10000,10000,2881,2881,670.0,813.5727697198895,508.1841409996741,10473.155183000017,0.0
1774120504,10,,Aggregated,9.200000,9.200000,670,740,830,1000,1000,1200,1500,1900,9900,10000,10000,2888,2888,670.0,813.7539019466764,508.1841409996741,10473.155183000017,0.0
1774120505,10,,Aggregated,8.800000,8.800000,670,740,830,1000,1000,1200,1500,1900,9900,10000,10000,2898,2898,670.0,813.5740370138033,508.1841409996741,10473.155183000017,0.0
1774120506,10,,Aggregated,8.800000,8.800000,670,750,830,1000,1000,1200,1500,1800,9900,10000,10000,2908,2908,670.0,813.4374479026831,508.1841409996741,10473.155183000017,0.0
1774120507,10,,Aggregated,8.800000,8.800000,670,740,830,1000,1000,1200,1500,1800,9900,10000,10000,2917,2917,670.0,813.0143999821745,508.1841409996741,10473.155183000017,0.0
1774120508,10,,Aggregated,9.100000,9.100000,670,740,830,1000,1000,1200,1500,1800,9900,10000,10000,2927,2927,670.0,812.5670326651872,508.1841409996741,10473.155183000017,0.0
1774120509,10,,Aggregated,9.200000,9.200000,670,740,830,1000,1000,1200,1500,1800,9900,10000,10000,2937,2937,670.0,812.0654805658847,508.1841409996741,10473.155183000017,0.0
1774120510,10,,Aggregated,9.200000,9.200000,670,740,830,1000,1000,1200,1500,1800,9900,10000,10000,2947,2947,670.0,812.3017749117755,508.1841409996741,10473.155183000017,0.0
1774120511,10,,Aggregated,9.200000,9.200000,670,740,830,1000,1000,1200,1500,1800,9900,10000,10000,2956,2956,670.0,811.9374274029099,508.1841409996741,10473.155183000017,0.0
1774120512,10,,Aggregated,9.100000,9.100000,670,740,830,1000,1000,1200,1500,1800,9900,10000,10000,2965,2965,670.0,811.6357405740306,508.1841409996741,10473.155183000017,0.0
1774120513,10,,Aggregated,8.900000,8.900000,670,740,830,1000,1000,1200,1500,1800,9900,10000,10000,2975,2975,670.0,811.4445772114289,508.1841409996741,10473.155183000017,0.0
1774120514,10,,Aggregated,9.200000,9.200000,670,740,830,1000,1000,1200,1500,1800,9900,10000,10000,2984,2984,670.0,811.2103447416225,508.1841409996741,10473.155183000017,0.0
1774120515,10,,Aggregated,9.300000,9.300000,670,740,830,1000,1000,1200,1500,1800,9900,10000,10000,2993,2993,670.0,811.0003296057471,508.1841409996741,10473.155183000017,0.0
1774120516,10,,Aggregated,9.000000,9.000000,670,740,830,1000,1000,1200,1500,1800,9500,10000,10000,3003,3003,670.0,810.9833814705298,508.1841409996741,10473.155183000017,0.0
1774120517,10,,Aggregated,9.100000,9.100000,670,740,830,1000,1000,1200,1500,1800,9500,10000,10000,3010,3010,670.0,810.8543965534884,508.1841409996741,10473.155183000017,0.0
1774120518,10,,Aggregated,8.900000,8.900000,670,740,830,1000,1000,1200,1500,1800,9500,10000,10000,3020,3020,670.0,810.8379183516557,508.1841409996741,10473.155183000017,0.0
1774120519,10,,Aggregated,8.800000,8.800000,670,740,830,1000,1000,1200,1500,1800,9500,10000,10000,3030,3030,670.0,810.5900671874587,508.1841409996741,10473.155183000017,0.0
1774120520,10,,Aggregated,8.900000,8.900000,670,740,830,1000,1000,1200,1500,1800,9500,10000,10000,3038,3038,670.0,810.2772592946017,508.1841409996741,10473.155183000017,0.0
1774120521,10,,Aggregated,8.700000,8.700000,670,740,830,1000,1000,1200,1500,1800,9500,10000,10000,3047,3047,670.0,810.0341283915327,508.1841409996741,10473.155183000017,0.0
1774120522,10,,Aggregated,9.000000,9.000000,670,740,830,1000,1000,1200,1500,1800,9500,10000,10000,3058,3058,670.0,809.9594702275999,508.1841409996741,10473.155183000017,0.0
1774120523,10,,Aggregated,9.100000,9.100000,670,740,830,1000,1000,1200,1500,1800,9500,10000,10000,3065,3065,670.0,809.5842427066889,508.1841409996741,10473.155183000017,0.0
1774120524,10,,Aggregated,9.000000,9.000000,670,740,830,1000,1000,1200,1500,1800,9500,10000,10000,3074,3074,670.0,809.5393337791156,508.1841409996741,10473.155183000017,0.0
1774120525,10,,Aggregated,9.000000,9.000000,670,740,830,1000,1000,1200,1500,1800,9500,10000,10000,3083,3083,670.0,809.3025283233869,508.1841409996741,10473.155183000017,0.0
1774120526,10,,Aggregated,9.200000,9.200000,670,740,830,1000,1000,1200,1500,1800,9500,10000,10000,3092,3092,670.0,809.0098850323423,508.1841409996741,10473.155183000017,0.0
1774120527,10,,Aggregated,9.000000,9.000000,670,740,830,1000,1000,1200,1500,1800,9500,10000,10000,3102,3102,670.0,808.7778759229537,508.1841409996741,10473.155183000017,0.0
1774120528,10,,Aggregated,9.300000,9.300000,670,740,830,1000,1000,1200,1500,1800,9500,10000,10000,3111,3111,670.0,808.2790046515595,508.1841409996741,10473.155183000017,0.0
1774120529,10,,Aggregated,9.400000,9.400000,670,740,830,1000,1000,1200,1500,1800,9500,10000,10000,3120,3120,670.0,808.2198827198724,508.1841409996741,10473.155183000017,0.0
1774120530,10,,Aggregated,9.400000,9.400000,670,740,830,1000,1000,1200,1500,1800,9500,10000,10000,3130,3130,670.0,808.0299213817897,508.1841409996741,10473.155183000017,0.0
1774120531,10,,Aggregated,9.400000,9.400000,670,740,830,1000,1000,1200,1500,1800,9500,10000,10000,3138,3138,670.0,807.7815135640544,508.1841409996741,10473.155183000017,0.0
1774120532,10,,Aggregated,9.300000,9.300000,670,740,830,1000,1000,1200,1500,1800,9500,10000,10000,3148,3148,670.0,807.9158125174724,508.1841409996741,10473.155183000017,0.0
1774120533,10,,Aggregated,9.300000,9.300000,670,740,830,1000,1000,1200,1500,1800,9500,10000,10000,3157,3157,670.0,807.5942906990824,508.1841409996741,10473.155183000017,0.0
1774120534,10,,Aggregated,9.200000,9.200000,670,740,830,1000,1000,1200,1500,1800,9500,10000,10000,3168,3168,670.0,807.3355281145841,508.1841409996741,10473.155183000017,0.0
1774120535,10,,Aggregated,9.100000,9.100000,670,740,830,1000,1000,1200,1500,1800,9500,10000,10000,3177,3177,670.0,807.038883426189,508.1841409996741,10473.155183000017,0.0
1774120536,10,,Aggregated,9.100000,9.100000,670,740,830,1000,1000,1200,1500,1800,9500,10000,10000,3184,3184,670.0,806.9388441359931,508.1841409996741,10473.155183000017,0.0
1774120537,10,,Aggregated,9.100000,9.100000,670,740,830,1000,1000,1200,1500,1800,9500,10000,10000,3194,3194,670.0,806.8293394211028,508.1841409996741,10473.155183000017,0.0
1774120538,10,,Aggregated,9.100000,9.100000,670,740,830,1000,1000,1200,1500,1700,9500,10000,10000,3201,3201,670.0,806.6331168844121,508.1841409996741,10473.155183000017,0.0
1774120539,10,,Aggregated,9.000000,9.000000,670,740,830,1000,1000,1200,1500,1700,9500,10000,10000,3211,3211,670.0,806.6280185151055,508.1841409996741,10473.155183000017,0.0
1774120540,10,,Aggregated,9.000000,9.000000,670,740,830,1000,1000,1200,1500,1700,9500,10000,10000,3221,3221,670.0,806.3767844175734,508.1841409996741,10473.155183000017,0.0
1774120541,10,,Aggregated,9.200000,9.200000,670,740,830,1000,1000,1200,1500,1700,9500,10000,10000,3228,3228,670.0,806.1672001140039,508.1841409996741,10473.155183000017,0.0
1774120542,10,,Aggregated,9.100000,9.100000,670,740,830,1000,1000,1200,1500,1700,9500,10000,10000,3238,3238,670.0,806.1217228085251,508.1841409996741,10473.155183000017,0.0
1774120543,10,,Aggregated,9.100000,9.100000,670,740,830,1000,1000,1200,1500,1700,9500,10000,10000,3249,3249,670.0,805.657887302248,508.1841409996741,10473.155183000017,0.0
1774120544,10,,Aggregated,9.300000,9.300000,670,740,830,1000,1000,1200,1500,1700,9500,10000,10000,3259,3259,670.0,805.2555980046038,507.47142799991707,10473.155183000017,0.0
1774120545,10,,Aggregated,9.200000,9.200000,670,740,830,1000,1000,1200,1500,1700,9500,10000,10000,3267,3267,670.0,805.1565995990217,507.47142799991707,10473.155183000017,0.0
1774120546,10,,Aggregated,9.300000,9.300000,670,740,830,1000,1000,1200,1500,1700,9500,10000,10000,3276,3276,670.0,805.230126964592,507.47142799991707,10473.155183000017,0.0
1774120547,10,,Aggregated,9.200000,9.200000,670,740,830,1000,1000,1200,1500,1700,9500,10000,10000,3286,3286,670.0,805.3251873171042,507.47142799991707,10473.155183000017,0.0
1774120548,10,,Aggregated,8.900000,8.900000,670,740,830,1000,1000,1200,1500,1700,9500,10000,10000,3294,3294,670.0,804.8358540106268,507.47142799991707,10473.155183000017,0.0
1774120549,10,,Aggregated,9.100000,9.100000,670,740,830,1000,1000,1200,1500,1600,9500,10000,10000,3305,3305,670.0,804.5630942248124,507.47142799991707,10473.155183000017,0.0
1774120550,10,,Aggregated,9.100000,9.100000,670,740,830,1000,1000,1200,1500,1600,9500,10000,10000,3313,3313,670.0,804.2805837367956,507.47142799991707,10473.155183000017,0.0
1774120551,10,,Aggregated,9.100000,9.100000,670,740,830,1000,1000,1200,1500,1600,9500,10000,10000,3323,3323,670.0,804.238532624437,507.47142799991707,10473.155183000017,0.0
1774120552,10,,Aggregated,9.100000,9.100000,670,740,830,1000,1000,1200,1500,1600,9500,10000,10000,3331,3331,670.0,804.0972352716917,507.47142799991707,10473.155183000017,0.0
1774120553,10,,Aggregated,9.200000,9.200000,670,740,830,1000,1000,1200,1500,1600,9500,10000,10000,3340,3340,670.0,804.0547416583845,507.47142799991707,10473.155183000017,0.0
1774120554,10,,Aggregated,9.000000,9.000000,670,740,830,1000,1000,1200,1500,1600,9500,10000,10000,3349,3349,670.0,803.8547158181559,507.47142799991707,10473.155183000017,0.0
1774120555,10,,Aggregated,9.100000,9.100000,670,740,830,1000,1000,1200,1500,1600,9500,10000,10000,3358,3358,670.0,803.6364694729016,507.47142799991707,10473.155183000017,0.0
1774120556,10,,Aggregated,8.900000,8.900000,670,740,830,1000,1000,1200,1500,1600,9500,10000,10000,3368,3368,670.0,803.4591028625309,507.47142799991707,10473.155183000017,0.0
1774120557,10,,Aggregated,9.300000,9.300000,670,740,830,1000,1000,1200,1500,1600,9500,10000,10000,3379,3379,670.0,803.3161570130228,507.47142799991707,10473.155183000017,0.0
1774120558,10,,Aggregated,9.600000,9.600000,670,740,820,1000,1000,1200,1500,1600,9500,10000,10000,3385,3385,670.0,803.1469449949791,507.47142799991707,10473.155183000017,0.0
1774120559,10,,Aggregated,9.400000,9.400000,670,740,830,1000,1000,1200,1500,1600,9500,10000,10000,3397,3397,670.0,803.0158843623798,507.47142799991707,10473.155183000017,0.0
1774120560,10,,Aggregated,9.200000,9.200000,670,740,830,1000,1000,1200,1500,1600,9500,10000,10000,3406,3406,670.0,802.8321265044053,507.47142799991707,10473.155183000017,0.0
1774120561,10,,Aggregated,9.200000,9.200000,670,740,820,990,1000,1200,1500,1600,9500,10000,10000,3416,3416,670.0,802.2978567687366,507.47142799991707,10473.155183000017,0.0
1774120562,10,,Aggregated,9.400000,9.400000,670,740,820,990,1000,1200,1500,1600,9500,10000,10000,3423,3423,670.0,802.132223626937,507.47142799991707,10473.155183000017,0.0
1774120563,10,,Aggregated,9.500000,9.500000,670,740,820,990,1000,1200,1500,1600,9500,10000,10000,3432,3432,670.0,802.144166771272,507.47142799991707,10473.155183000017,0.0
1774120564,10,,Aggregated,9.600000,9.600000,670,740,820,1000,1000,1200,1500,1600,9500,10000,10000,3441,3441,670.0,802.1848135190369,507.47142799991707,10473.155183000017,0.0
1774120565,10,,Aggregated,9.400000,9.400000,670,740,830,990,1000,1200,1500,1600,9500,10000,10000,3452,3452,670.0,801.9962342572437,507.47142799991707,10473.155183000017,0.0
1774120566,10,,Aggregated,9.300000,9.300000,670,740,830,990,1000,1200,1500,1600,9500,10000,10000,3460,3460,670.0,801.8448853083829,507.47142799991707,10473.155183000017,0.0
1774120567,10,,Aggregated,8.900000,8.900000,670,740,820,990,1000,1200,1500,1600,9500,10000,10000,3470,3470,670.0,801.6768137487047,507.47142799991707,10473.155183000017,0.0
1774120568,10,,Aggregated,8.900000,8.900000,670,740,830,1000,1000,1200,1500,1600,9500,10000,10000,3480,3480,670.0,801.6706097482776,507.47142799991707,10473.155183000017,0.0
1774120569,10,,Aggregated,9.100000,9.100000,670,740,830,990,1000,1200,1500,1600,9500,10000,10000,3490,3490,670.0,801.451040110317,507.47142799991707,10473.155183000017,0.0
1774120570,10,,Aggregated,9.000000,9.000000,670,740,820,990,1000,1200,1500,1600,9500,10000,10000,3498,3498,670.0,801.0720503527746,507.47142799991707,10473.155183000017,0.0
1774120571,10,,Aggregated,8.900000,8.900000,670,740,830,990,1000,1200,1500,1500,9500,10000,10000,3507,3507,670.0,801.1998281474209,507.47142799991707,10473.155183000017,0.0
1774120572,10,,Aggregated,8.900000,8.900000,670,740,830,990,1000,1200,1500,1500,9500,10000,10000,3516,3516,670.0,801.1342395890231,507.47142799991707,10473.155183000017,0.0
1774120573,10,,Aggregated,8.700000,8.700000,670,740,830,1000,1000,1200,1500,1500,9500,10000,10000,3525,3525,670.0,801.0816208930513,507.47142799991707,10473.155183000017,0.0
1774120574,10,,Aggregated,8.700000,8.700000,670,740,830,990,1000,1200,1500,1500,9500,10000,10000,3534,3534,670.0,800.9611339219032,507.47142799991707,10473.155183000017,0.0
1774120575,10,,Aggregated,8.900000,8.900000,670,740,830,990,1000,1200,1500,1500,9500,10000,10000,3542,3542,670.0,800.814236644553,507.47142799991707,10473.155183000017,0.0
1774120576,10,,Aggregated,9.000000,9.000000,670,740,820,990,1000,1200,1500,1500,9500,10000,10000,3549,3549,670.0,800.6852420174715,507.47142799991707,10473.155183000017,0.0
1774120577,10,,Aggregated,9.100000,9.100000,670,740,830,1000,1000,1200,1500,1500,9500,10000,10000,3558,3558,670.0,800.760865421025,507.47142799991707,10473.155183000017,0.0
1774120578,10,,Aggregated,8.900000,8.900000,670,740,830,1000,1000,1200,1500,1500,9500,10000,10000,3567,3567,670.0,800.7644867947871,507.47142799991707,10473.155183000017,0.0
1774120579,10,,Aggregated,8.800000,8.800000,670,740,830,1000,1000,1200,1500,1500,9500,10000,10000,3578,3578,670.0,800.6842341612646,507.47142799991707,10473.155183000017,0.0
1774120580,10,,Aggregated,8.900000,8.900000,670,740,830,1000,1000,1200,1500,1500,9500,10000,10000,3589,3589,670.0,800.526945181389,507.47142799991707,10473.155183000017,0.0
1774120581,10,,Aggregated,9.100000,9.100000,670,740,830,990,1000,1200,1500,1500,9500,10000,10000,3596,3596,670.0,800.3081307182995,507.47142799991707,10473.155183000017,0.0
1774120582,10,,Aggregated,8.900000,8.900000,670,740,830,1000,1000,1200,1500,1500,9500,10000,10000,3605,3605,670.0,800.2942629961183,507.47142799991707,10473.155183000017,0.0
1774120583,10,,Aggregated,9.000000,9.000000,670,740,830,990,1000,1200,1500,1500,9500,10000,10000,3612,3612,670.0,800.0812354714857,507.47142799991707,10473.155183000017,0.0
1774120584,10,,Aggregated,8.800000,8.800000,670,740,830,990,1000,1200,1500,1500,9500,10000,10000,3622,3622,670.0,800.0875294240769,507.47142799991707,10473.155183000017,0.0
1774120585,10,,Aggregated,8.900000,8.900000,670,740,830,990,1000,1200,1500,1500,9500,10000,10000,3632,3632,670.0,800.0537951156408,507.47142799991707,10473.155183000017,0.0
1774120586,10,,Aggregated,8.700000,8.700000,670,740,830,1000,1000,1200,1500,1500,9500,10000,10000,3641,3641,670.0,800.0220694649844,507.47142799991707,10473.155183000017,0.0
1774120587,10,,Aggregated,8.900000,8.900000,670,740,830,990,1000,1200,1500,1500,9500,10000,10000,3651,3651,670.0,799.8776465532754,507.47142799991707,10473.155183000017,0.0
1774120588,10,,Aggregated,8.900000,8.900000,670,740,830,990,1000,1200,1500,1500,9500,10000,10000,3658,3658,670.0,799.6628158660493,507.47142799991707,10473.155183000017,0.0
1774120589,10,,Aggregated,8.900000,8.900000,670,740,830,990,1000,1200,1500,1500,9500,10000,10000,3668,3668,670.0,799.481139160853,507.47142799991707,10473.155183000017,0.0
1774120590,10,,Aggregated,9.100000,9.100000,670,740,830,990,1000,1200,1500,1500,9500,10000,10000,3677,3677,670.0,799.6503207389201,507.47142799991707,10473.155183000017,0.0
1774120591,10,,Aggregated,8.900000,8.900000,670,740,830,990,1000,1200,1500,1500,9500,10000,10000,3685,3685,670.0,799.3680153701516,507.47142799991707,10473.155183000017,0.0
1774120592,10,,Aggregated,8.900000,8.900000,670,740,830,990,1000,1200,1500,1500,9500,10000,10000,3694,3694,670.0,799.4678887273983,507.47142799991707,10473.155183000017,0.0
1774120593,10,,Aggregated,8.900000,8.900000,670,740,830,990,1000,1200,1500,1500,9500,10000,10000,3703,3703,670.0,799.2921152033512,507.47142799991707,10473.155183000017,0.0
1774120594,10,,Aggregated,9.100000,9.100000,670,740,830,990,1000,1200,1500,1500,9500,10000,10000,3712,3712,670.0,799.2451172311451,507.47142799991707,10473.155183000017,0.0
1774120595,10,,Aggregated,9.000000,9.000000,670,740,830,990,1000,1200,1500,1500,9500,10000,10000,3721,3721,670.0,799.0177229728596,507.47142799991707,10473.155183000017,0.0
1774120596,10,,Aggregated,9.000000,9.000000,670,740,830,990,1000,1200,1500,1500,9500,10000,10000,3729,3729,670.0,799.0536893824108,507.47142799991707,10473.155183000017,0.0
1774120597,10,,Aggregated,8.800000,8.800000,670,740,830,990,1000,1200,1500,1500,9500,10000,10000,3739,3739,670.0,799.0228777758784,507.47142799991707,10473.155183000017,0.0
1774120598,10,,Aggregated,8.900000,8.900000,670,740,830,990,1000,1200,1500,1500,9500,10000,10000,3747,3747,670.0,798.8212991782781,507.47142799991707,10473.155183000017,0.0
1774120599,10,,Aggregated,9.000000,9.000000,670,740,830,990,1000,1200,1500,1500,9500,10000,10000,3757,3757,670.0,798.6890040210295,507.47142799991707,10473.155183000017,0.0
1774120600,10,,Aggregated,9.000000,9.000000,670,740,830,990,1000,1200,1500,1500,9500,10000,10000,3767,3767,670.0,798.6533305803046,507.47142799991707,10473.155183000017,0.0
1774120601,10,,Aggregated,8.800000,8.800000,670,740,830,990,1000,1200,1500,1500,9500,10000,10000,3776,3776,670.0,798.3931988641436,507.47142799991707,10473.155183000017,0.0
1774120602,10,,Aggregated,8.900000,8.900000,670,740,830,990,1000,1200,1500,1500,9500,10000,10000,3786,3786,670.0,798.0994639302711,507.47142799991707,10473.155183000017,0.0
1774120603,10,,Aggregated,8.900000,8.900000,670,740,830,980,1000,1200,1500,1500,9500,10000,10000,3796,3796,670.0,797.794150515808,507.47142799991707,10473.155183000017,0.0
1774120604,10,,Aggregated,8.900000,8.900000,670,740,830,980,1000,1200,1500,1500,9500,10000,10000,3804,3804,670.0,797.5459537171414,507.47142799991707,10473.155183000017,0.0
1774120605,10,,Aggregated,9.100000,9.100000,670,740,830,980,1000,1200,1500,1500,9500,10000,10000,3812,3812,670.0,797.4431642972211,507.47142799991707,10473.155183000017,0.0
1774120606,10,,Aggregated,9.300000,9.300000,670,740,830,990,1000,1200,1500,1500,9500,10000,10000,3821,3821,670.0,797.668157657421,507.47142799991707,10473.155183000017,0.0
1774120607,10,,Aggregated,9.200000,9.200000,670,740,830,990,1000,1200,1500,1500,9500,10000,10000,3829,3829,670.0,797.52468589658,507.47142799991707,10473.155183000017,0.0
1774120608,10,,Aggregated,9.200000,9.200000,670,740,830,1000,1000,1200,1500,1500,9500,10000,10000,3838,3838,670.0,797.4996454528412,507.47142799991707,10473.155183000017,0.0
1774120609,10,,Aggregated,9.100000,9.100000,670,740,830,990,1000,1200,1500,1500,9500,10000,10000,3847,3847,670.0,797.3720725801935,507.47142799991707,10473.155183000017,0.0
1774120610,10,,Aggregated,8.900000,8.900000,670,740,830,990,1000,1200,1500,1500,9500,10000,10000,3858,3858,670.0,797.2052813045627,507.47142799991707,10473.155183000017,0.0
1774120611,10,,Aggregated,9.000000,9.000000,670,740,830,990,1000,1200,1500,1500,9500,10000,10000,3868,3868,670.0,797.1628481010862,507.47142799991707,10473.155183000017,0.0
1774120613,10,,Aggregated,9.100000,9.100000,670,740,830,990,1000,1200,1500,1500,9500,10000,10000,3876,3876,670.0,797.0669014277612,507.47142799991707,10473.155183000017,0.0
1774120614,10,,Aggregated,9.100000,9.100000,670,740,830,990,1000,1200,1500,1500,9500,10000,10000,3884,3884,670.0,797.0526244271375,507.47142799991707,10473.155183000017,0.0
1774120615,10,,Aggregated,9.200000,9.200000,670,740,830,1000,1000,1200,1500,1500,9500,10000,10000,3893,3893,670.0,797.1193681335739,507.47142799991707,10473.155183000017,0.0
1774120616,10,,Aggregated,8.800000,8.800000,670,740,830,1000,1000,1200,1500,1500,9500,10000,10000,3900,3900,670.0,797.1362976874366,507.47142799991707,10473.155183000017,0.0
1774120617,10,,Aggregated,8.800000,8.800000,670,740,830,1000,1000,1200,1500,1500,9500,10000,10000,3911,3911,670.0,797.1628520419338,507.47142799991707,10473.155183000017,0.0
1774120618,10,,Aggregated,8.900000,8.900000,670,740,830,1000,1000,1200,1500,1500,9500,10000,10000,3920,3920,670.0,797.0989423971947,507.47142799991707,10473.155183000017,0.0
1774120619,10,,Aggregated,8.600000,8.600000,670,740,830,1000,1000,1200,1500,1500,9500,10000,10000,3929,3929,670.0,796.8833838012229,507.47142799991707,10473.155183000017,0.0
1774120620,10,,Aggregated,9.000000,9.000000,670,740,830,1000,1000,1200,1500,1500,9500,10000,10000,3938,3938,670.0,796.7968659664815,507.47142799991707,10473.155183000017,0.0
1774120621,10,,Aggregated,9.000000,9.000000,670,740,830,1000,1000,1200,1500,1500,9500,10000,10000,3945,3945,670.0,796.8098988552609,507.47142799991707,10473.155183000017,0.0
1774120622,10,,Aggregated,8.900000,8.900000,670,740,830,1000,1000,1200,1500,1500,9500,10000,10000,3956,3956,670.0,796.7616826438338,507.47142799991707,10473.155183000017,0.0
1774120623,10,,Aggregated,8.900000,8.900000,670,740,830,1000,1000,1200,1500,1500,9500,10000,10000,3964,3964,670.0,796.5474941579228,507.47142799991707,10473.155183000017,0.0
1774120624,10,,Aggregated,8.700000,8.700000,670,740,830,1000,1000,1200,1500,1500,9500,10000,10000,3975,3975,670.0,796.4398719479261,507.47142799991707,10473.155183000017,0.0
1774120625,10,,Aggregated,8.700000,8.700000,670,740,830,1000,1000,1200,1500,1500,9500,10000,10000,3982,3982,670.0,796.5574967388262,507.47142799991707,10473.155183000017,0.0
1774120626,10,,Aggregated,9.000000,9.000000,670,740,830,1000,1000,1200,1500,1500,9500,10000,10000,3992,3992,670.0,796.4745986703423,507.47142799991707,10473.155183000017,0.0
1774120627,10,,Aggregated,8.900000,8.900000,670,740,830,1000,1000,1200,1500,1500,9400,10000,10000,4002,4002,670.0,796.231578408797,507.47142799991707,10473.155183000017,0.0
1774120628,10,,Aggregated,8.900000,8.900000,670,740,830,1000,1000,1200,1500,1500,9400,10000,10000,4008,4008,670.0,796.2725392267981,507.47142799991707,10473.155183000017,0.0
1774120629,10,,Aggregated,8.900000,8.900000,670,740,830,1000,1000,1200,1500,1500,9400,10000,10000,4017,4017,670.0,796.1952026547193,507.47142799991707,10473.155183000017,0.0
1774120630,10,,Aggregated,8.900000,8.900000,670,740,830,1000,1000,1200,1500,1500,9400,10000,10000,4026,4026,670.0,796.2284236830618,507.47142799991707,10473.155183000017,0.0
1774120631,10,,Aggregated,8.800000,8.800000,670,740,830,1000,1000,1200,1500,1500,9400,10000,10000,4035,4035,670.0,796.1700247179693,507.47142799991707,10473.155183000017,0.0
1774120632,10,,Aggregated,8.900000,8.900000,670,740,830,1000,1000,1200,1500,1500,9400,10000,10000,4045,4045,670.0,796.2160896657618,507.47142799991707,10473.155183000017,0.0
1774120633,10,,Aggregated,8.900000,8.900000,670,740,830,1000,1000,1200,1500,1500,9400,10000,10000,4055,4055,670.0,796.0046812303348,507.47142799991707,10473.155183000017,0.0
1774120634,10,,Aggregated,8.900000,8.900000,670,740,830,1000,1000,1200,1500,1500,9400,10000,10000,4063,4063,670.0,796.0121531139571,507.47142799991707,10473.155183000017,0.0
1774120635,10,,Aggregated,8.900000,8.900000,670,740,830,1000,1000,1200,1500,1500,9400,10000,10000,4070,4070,670.0,796.0232605034415,507.47142799991707,10473.155183000017,0.0
1774120636,10,,Aggregated,9.100000,9.100000,670,740,830,1000,1000,1200,1500,1500,9400,10000,10000,4080,4080,670.0,796.0235941580902,507.47142799991707,10473.155183000017,0.0
1774120637,10,,Aggregated,8.600000,8.600000,670,740,830,1000,1000,1200,1500,1500,9400,10000,10000,4088,4088,670.0,795.763787766147,507.47142799991707,10473.155183000017,0.0
1774120638,10,,Aggregated,8.800000,8.800000,670,740,830,1000,1000,1200,1500,1500,9400,10000,10000,4098,4098,670.0,795.688122826991,507.47142799991707,10473.155183000017,0.0
1774120639,10,,Aggregated,8.800000,8.800000,670,740,830,1000,1000,1200,1500,1500,9400,10000,10000,4108,4108,670.0,795.5793727346661,507.47142799991707,10473.155183000017,0.0
1774120640,10,,Aggregated,9.000000,9.000000,670,740,830,990,1000,1200,1500,1500,9400,10000,10000,4118,4118,670.0,795.2895248999533,507.47142799991707,10473.155183000017,0.0
1774120641,10,,Aggregated,9.000000,9.000000,670,740,830,990,1000,1200,1500,1500,9400,10000,10000,4126,4126,670.0,795.1641633824546,507.47142799991707,10473.155183000017,0.0
1774120642,10,,Aggregated,9.100000,9.100000,670,740,830,990,1000,1200,1500,1500,9400,10000,10000,4137,4137,670.0,795.018960055356,507.47142799991707,10473.155183000017,0.0
1774120643,10,,Aggregated,9.100000,9.100000,670,740,830,990,1000,1200,1500,1500,9400,10000,10000,4146,4146,670.0,794.8348509078652,507.47142799991707,10473.155183000017,0.0
1774120644,10,,Aggregated,9.100000,9.100000,670,740,830,990,1000,1200,1500,1500,9400,10000,10000,4154,4154,670.0,794.7954318519519,507.47142799991707,10473.155183000017,0.0
1774120645,10,,Aggregated,8.800000,8.800000,670,740,830,990,1000,1200,1500,1500,9400,10000,10000,4164,4164,670.0,794.7365814877545,507.47142799991707,10473.155183000017,0.0
1774120646,10,,Aggregated,9.300000,9.300000,670,740,830,980,1000,1200,1500,1500,9400,10000,10000,4174,4174,670.0,794.401668021085,507.47142799991707,10473.155183000017,0.0
1774120647,10,,Aggregated,9.200000,9.200000,670,740,830,980,1000,1200,1500,1500,9400,10000,10000,4184,4184,670.0,794.2400392784436,507.47142799991707,10473.155183000017,0.0
1774120648,10,,Aggregated,9.200000,9.200000,670,740,820,980,1000,1200,1500,1500,9400,10000,10000,4192,4192,670.0,793.9707238031986,507.47142799991707,10473.155183000017,0.0
1774120649,10,,Aggregated,9.500000,9.500000,670,740,820,980,1000,1200,1500,1500,9400,10000,10000,4202,4202,670.0,793.9723159012393,507.47142799991707,10473.155183000017,0.0
1774120650,10,,Aggregated,9.500000,9.500000,670,740,830,980,1000,1200,1500,1500,9400,10000,10000,4210,4210,670.0,794.001185360097,507.47142799991707,10473.155183000017,0.0
1774120651,10,,Aggregated,9.300000,9.300000,670,740,830,980,1000,1200,1500,1500,9400,10000,10000,4219,4219,670.0,793.8740999497534,507.47142799991707,10473.155183000017,0.0
1774120652,10,,Aggregated,9.300000,9.300000,670,740,830,990,1000,1200,1500,1500,9400,10000,10000,4229,4229,670.0,794.023100889338,507.47142799991707,10473.155183000017,0.0
1774120653,10,,Aggregated,9.300000,9.300000,670,740,830,980,1000,1200,1500,1500,9400,10000,10000,4238,4238,670.0,793.8300498683366,507.47142799991707,10473.155183000017,0.0
1774120654,10,,Aggregated,9.200000,9.200000,670,740,830,980,1000,1200,1500,1500,9400,10000,10000,4246,4246,670.0,793.726154532739,507.47142799991707,10473.155183000017,0.0
1774120655,10,,Aggregated,9.400000,9.400000,670,740,830,980,1000,1200,1500,1500,9400,10000,10000,4256,4256,670.0,793.6941192403688,507.47142799991707,10473.155183000017,0.0
1774120656,10,,Aggregated,9.100000,9.100000,670,740,820,980,1000,1200,1500,1500,9400,10000,10000,4266,4266,670.0,793.4664992226932,507.47142799991707,10473.155183000017,0.0
1774120657,10,,Aggregated,9.200000,9.200000,670,740,830,980,1000,1200,1500,1500,9400,10000,10000,4275,4275,670.0,793.5011257019904,507.47142799991707,10473.155183000017,0.0
1774120658,10,,Aggregated,9.100000,9.100000,670,740,820,980,1000,1200,1500,1500,9400,10000,10000,4284,4284,670.0,793.2322247621404,507.47142799991707,10473.155183000017,0.0
1774120659,10,,Aggregated,9.000000,9.000000,670,740,820,980,1000,1200,1500,1500,9400,10000,10000,4295,4295,670.0,792.9845874118764,507.47142799991707,10473.155183000017,0.0
1774120660,10,,Aggregated,9.200000,9.200000,670,740,820,980,1000,1200,1500,1500,9400,10000,10000,4304,4304,670.0,792.8994138424744,507.47142799991707,10473.155183000017,0.0
1774120661,10,,Aggregated,9.200000,9.200000,670,740,820,980,1000,1200,1500,1500,9400,10000,10000,4313,4313,670.0,793.0249697593343,507.47142799991707,10473.155183000017,0.0
1774120662,10,,Aggregated,9.200000,9.200000,670,740,820,980,1000,1200,1500,1500,9400,10000,10000,4321,4321,670.0,792.8323513501526,507.47142799991707,10473.155183000017,0.0
1774120663,10,,Aggregated,8.900000,8.900000,670,740,820,980,1000,1200,1500,1500,9400,10000,10000,4330,4330,670.0,792.8036753681316,507.47142799991707,10473.155183000017,0.0
1774120664,10,,Aggregated,9.100000,9.100000,670,740,820,980,1000,1200,1500,1500,9400,10000,10000,4340,4340,670.0,792.6270836341037,507.47142799991707,10473.155183000017,0.0
1774120665,10,,Aggregated,9.200000,9.200000,670,740,820,980,1000,1200,1500,1500,9400,10000,10000,4349,4349,670.0,792.3607070402414,507.47142799991707,10473.155183000017,0.0
1774120666,10,,Aggregated,9.400000,9.400000,670,740,820,980,1000,1200,1500,1500,9400,10000,10000,4358,4358,670.0,792.3537855330452,507.47142799991707,10473.155183000017,0.0
1774120667,10,,Aggregated,9.200000,9.200000,670,740,820,980,1000,1200,1500,1500,9400,10000,10000,4369,4369,670.0,792.3970700700415,507.47142799991707,10473.155183000017,0.0
1774120668,10,,Aggregated,9.300000,9.300000,670,740,820,980,1000,1200,1500,1500,9400,10000,10000,4377,4377,670.0,792.2132493193996,507.47142799991707,10473.155183000017,0.0
1774120669,10,,Aggregated,9.100000,9.100000,670,740,820,980,1000,1200,1500,1500,9400,10000,10000,4387,4387,670.0,792.115096590611,507.47142799991707,10473.155183000017,0.0
1774120670,10,,Aggregated,9.100000,9.100000,670,740,820,970,1000,1200,1500,1500,9400,10000,10000,4396,4396,670.0,791.9448870627864,507.47142799991707,10473.155183000017,0.0
1774120671,10,,Aggregated,9.100000,9.100000,670,740,820,970,1000,1200,1500,1500,9400,10000,10000,4405,4405,670.0,791.9551333770736,507.47142799991707,10473.155183000017,0.0
1774120672,10,,Aggregated,9.100000,9.100000,670,740,820,980,1000,1200,1500,1500,9400,10000,10000,4414,4414,670.0,792.0097476184889,507.47142799991707,10473.155183000017,0.0
1774120673,10,,Aggregated,9.200000,9.200000,670,740,820,980,1000,1200,1500,1500,9400,10000,10000,4420,4420,670.0,791.94405063507,507.47142799991707,10473.155183000017,0.0
1774120674,10,,Aggregated,9.000000,9.000000,670,740,820,980,1000,1200,1500,1500,9400,10000,10000,4428,4428,670.0,791.8696453419172,507.47142799991707,10473.155183000017,0.0
1774120675,10,,Aggregated,8.800000,8.800000,670,740,820,990,1000,1200,1500,1500,9400,10000,10000,4438,4438,670.0,792.0429762289342,507.47142799991707,10473.155183000017,0.0
1774120676,10,,Aggregated,8.900000,8.900000,670,740,820,990,1000,1200,1500,1500,9400,10000,10000,4447,4447,670.0,792.0226696276161,507.47142799991707,10473.155183000017,0.0
1774120677,10,,Aggregated,9.000000,9.000000,670,740,820,990,1000,1200,1500,1500,9400,10000,10000,4456,4456,670.0,792.0668820439874,507.47142799991707,10473.155183000017,0.0
1774120678,10,,Aggregated,9.000000,9.000000,670,740,820,990,1000,1200,1500,1500,9400,10000,10000,4466,4466,670.0,791.8781966336786,507.47142799991707,10473.155183000017,0.0
1774120679,10,,Aggregated,9.100000,9.100000,670,740,820,990,1000,1200,1500,1500,9400,10000,10000,4475,4475,670.0,791.8495104592201,507.47142799991707,10473.155183000017,0.0
1774120680,10,,Aggregated,8.900000,8.900000,670,740,820,990,1000,1200,1500,1500,9400,10000,10000,4484,4484,670.0,791.7033431757382,507.47142799991707,10473.155183000017,0.0
1774120681,10,,Aggregated,8.600000,8.600000,670,740,820,980,1000,1200,1500,1500,9400,10000,10000,4494,4494,670.0,791.592700725859,507.47142799991707,10473.155183000017,0.0
1774120682,10,,Aggregated,8.600000,8.600000,670,740,820,990,1000,1200,1500,1500,9400,10000,10000,4503,4503,670.0,791.773895239176,507.47142799991707,10473.155183000017,0.0
1774120683,10,,Aggregated,8.900000,8.900000,670,740,820,990,1000,1200,1500,1500,9400,10000,10000,4509,4509,670.0,791.7339969720579,507.47142799991707,10473.155183000017,0.0
1774120684,10,,Aggregated,9.000000,9.000000,670,740,820,990,1000,1200,1500,1500,9400,10000,10000,4521,4521,670.0,791.6445873647446,507.47142799991707,10473.155183000017,0.0
1774120685,10,,Aggregated,8.900000,8.900000,670,740,820,990,1000,1200,1500,1500,9400,10000,10000,4530,4530,670.0,791.5658314306868,507.47142799991707,10473.155183000017,0.0
1774120686,10,,Aggregated,8.900000,8.900000,670,740,820,990,1000,1200,1500,1500,9400,10000,10000,4538,4538,670.0,791.3920672598084,507.47142799991707,10473.155183000017,0.0
1774120687,10,,Aggregated,8.800000,8.800000,670,740,820,980,1000,1200,1500,1500,9400,10000,10000,4548,4548,670.0,791.2094040952088,507.47142799991707,10473.155183000017,0.0
1774120688,10,,Aggregated,8.900000,8.900000,670,740,820,980,1000,1200,1500,1500,9400,10000,10000,4558,4558,670.0,791.1312277906999,507.47142799991707,10473.155183000017,0.0
1774120689,10,,Aggregated,8.900000,8.900000,670,740,820,980,1000,1200,1500,1500,9400,10000,10000,4566,4566,670.0,790.8926827696035,507.47142799991707,10473.155183000017,0.0
1774120690,10,,Aggregated,9.000000,9.000000,670,740,820,980,1000,1200,1500,1500,9400,10000,10000,4575,4575,670.0,790.9357286848109,507.47142799991707,10473.155183000017,0.0
1774120691,10,,Aggregated,9.300000,9.300000,670,740,820,980,1000,1200,1500,1500,9400,10000,10000,4584,4584,670.0,790.8654876282743,507.47142799991707,10473.155183000017,0.0
1774120692,10,,Aggregated,9.300000,9.300000,670,740,820,980,1000,1200,1500,1500,9400,10000,10000,4594,4594,670.0,790.754435745322,507.47142799991707,10473.155183000017,0.0
1774120693,10,,Aggregated,9.000000,9.000000,670,740,820,980,1000,1200,1500,1500,9400,10000,10000,4604,4604,670.0,790.6785613173349,507.47142799991707,10473.155183000017,0.0
1774120694,10,,Aggregated,9.100000,9.100000,670,740,820,980,1000,1200,1500,1500,9400,10000,10000,4613,4613,670.0,790.5654476665968,507.47142799991707,10473.155183000017,0.0
1774120695,10,,Aggregated,9.400000,9.400000,670,740,820,980,1000,1200,1500,1500,9400,10000,10000,4620,4620,670.0,790.5183353859331,507.47142799991707,10473.155183000017,0.0
1774120696,10,,Aggregated,9.000000,9.000000,670,740,820,980,1000,1200,1500,1500,9400,10000,10000,4630,4630,670.0,790.6021214216008,507.47142799991707,10473.155183000017,0.0
1774120697,10,,Aggregated,9.300000,9.300000,670,740,820,980,1000,1200,1500,1500,9400,10000,10000,4637,4637,670.0,790.5306846001749,507.47142799991707,10473.155183000017,0.0
1774120698,10,,Aggregated,9.100000,9.100000,670,740,820,980,1000,1200,1500,1500,9400,10000,10000,4647,4647,670.0,790.5629557316573,507.47142799991707,10473.155183000017,0.0
1774120699,10,,Aggregated,9.000000,9.000000,670,740,820,980,1000,1200,1500,1500,9400,10000,10000,4655,4655,670.0,790.3756876251368,507.47142799991707,10473.155183000017,0.0
1774120700,10,,Aggregated,9.000000,9.000000,670,740,820,990,1000,1200,1500,1500,9400,10000,10000,4666,4666,670.0,790.487401055296,507.47142799991707,10473.155183000017,0.0
1774120701,10,,Aggregated,8.800000,8.800000,670,740,820,990,1000,1200,1500,1500,9400,10000,10000,4673,4673,670.0,790.591673605395,507.47142799991707,10473.155183000017,0.0
1774120702,10,,Aggregated,8.800000,8.800000,670,740,820,990,1000,1200,1500,1500,9400,10000,10000,4680,4680,670.0,790.5569714942329,507.47142799991707,10473.155183000017,0.0
1774120703,10,,Aggregated,8.800000,8.800000,670,740,830,990,1000,1200,1500,1500,9400,10000,10000,4691,4691,670.0,790.6506618584547,507.47142799991707,10473.155183000017,0.0
1774120704,10,,Aggregated,8.800000,8.800000,670,740,820,990,1000,1200,1500,1500,9400,10000,10000,4701,4701,670.0,790.3665871497578,507.47142799991707,10473.155183000017,0.0
1774120705,10,,Aggregated,8.500000,8.500000,670,740,820,990,1000,1200,1500,1500,9400,10000,10000,4709,4709,670.0,790.3613390698688,507.47142799991707,10473.155183000017,0.0
1774120706,10,,Aggregated,8.900000,8.900000,670,740,830,990,1000,1200,1500,1500,9400,10000,10000,4718,4718,670.0,790.3503511305663,507.47142799991707,10473.155183000017,0.0
1774120707,10,,Aggregated,8.800000,8.800000,670,740,830,990,1000,1200,1500,1500,9400,10000,10000,4727,4727,670.0,790.2638974499708,507.47142799991707,10473.155183000017,0.0
1774120708,10,,Aggregated,8.700000,8.700000,670,740,830,990,1000,1200,1500,1500,9400,10000,10000,4735,4735,670.0,790.2752887110903,507.47142799991707,10473.155183000017,0.0
1774120709,10,,Aggregated,8.900000,8.900000,670,740,820,990,1000,1200,1500,1500,9400,10000,10000,4744,4744,670.0,790.1179082822538,507.47142799991707,10473.155183000017,0.0
1774120710,10,,Aggregated,8.800000,8.800000,670,740,820,990,1000,1200,1500,1500,9400,10000,10000,4753,4753,670.0,790.2332572234402,507.47142799991707,10473.155183000017,0.0
1774120711,10,,Aggregated,9.000000,9.000000,670,740,830,990,1000,1200,1500,1500,9400,10000,10000,4763,4763,670.0,790.2796072813377,507.47142799991707,10473.155183000017,0.0
1774120712,10,,Aggregated,9.000000,9.000000,670,740,820,990,1000,1200,1500,1500,9400,10000,10000,4773,4773,670.0,789.9593036142911,507.47142799991707,10473.155183000017,0.0
1774120713,10,,Aggregated,9.100000,9.100000,670,740,820,990,1000,1200,1500,1500,9400,10000,10000,4783,4783,670.0,789.7675035772551,507.47142799991707,10473.155183000017,0.0
1774120714,10,,Aggregated,9.100000,9.100000,670,740,820,990,1000,1200,1500,1500,9400,10000,10000,4793,4793,670.0,789.7474558399773,507.47142799991707,10473.155183000017,0.0
1774120715,10,,Aggregated,9.400000,9.400000,670,740,820,980,1000,1200,1500,1500,9400,10000,10000,4801,4801,670.0,789.6798329339745,507.47142799991707,10473.155183000017,0.0
1774120716,10,,Aggregated,9.300000,9.300000,670,740,820,980,1000,1200,1500,1500,9400,10000,10000,4811,4811,670.0,789.5629058405763,507.47142799991707,10473.155183000017,0.0
1774120717,10,,Aggregated,9.100000,9.100000,670,740,820,990,1000,1200,1500,1500,9400,10000,10000,4820,4820,670.0,789.5705625153554,507.47142799991707,10473.155183000017,0.0
1774120718,10,,Aggregated,9.200000,9.200000,670,740,820,980,1000,1200,1500,1500,9400,10000,10000,4828,4828,670.0,789.4030884917178,507.47142799991707,10473.155183000017,0.0
1774120719,10,,Aggregated,9.000000,9.000000,670,740,820,980,1000,1200,1500,1500,9400,10000,10000,4838,4838,670.0,789.4050898218297,507.47142799991707,10473.155183000017,0.0
1774120720,10,,Aggregated,9.200000,9.200000,670,740,820,980,1000,1200,1500,1500,9400,10000,10000,4847,4847,670.0,789.248518822573,507.47142799991707,10473.155183000017,0.0
1774120721,10,,Aggregated,9.200000,9.200000,670,740,820,980,1000,1200,1500,1500,9400,10000,10000,4857,4857,670.0,789.2100927681719,507.47142799991707,10473.155183000017,0.0
1774120722,10,,Aggregated,9.100000,9.100000,670,740,820,980,1000,1200,1500,1500,9400,10000,10000,4867,4867,670.0,789.1481350322603,507.47142799991707,10473.155183000017,0.0
1774120723,10,,Aggregated,9.100000,9.100000,670,740,820,980,1000,1200,1500,1500,9400,10000,10000,4875,4875,670.0,788.9632460545663,507.47142799991707,10473.155183000017,0.0
1774120724,10,,Aggregated,9.000000,9.000000,670,740,820,980,1000,1200,1500,1500,9400,10000,10000,4885,4885,670.0,788.9533278835233,507.47142799991707,10473.155183000017,0.0
1774120725,10,,Aggregated,8.800000,8.800000,670,740,820,980,1000,1200,1500,1500,9400,10000,10000,4891,4891,670.0,788.9128669092232,507.47142799991707,10473.155183000017,0.0
1774120726,10,,Aggregated,8.900000,8.900000,670,740,820,990,1000,1200,1500,1500,9400,10000,10000,4901,4901,670.0,789.0217719855153,507.47142799991707,10473.155183000017,0.0
1774120727,10,,Aggregated,9.000000,9.000000,670,740,820,990,1000,1200,1500,1500,9400,10000,10000,4909,4909,670.0,788.9830050729295,507.47142799991707,10473.155183000017,0.0
1774120728,10,,Aggregated,9.000000,9.000000,670,740,830,990,1000,1200,1500,1500,9400,10000,10000,4918,4918,670.0,788.9764194814987,507.47142799991707,10473.155183000017,0.0
1774120729,10,,Aggregated,9.100000,9.100000,670,740,830,990,1000,1200,1500,1500,9400,10000,10000,4926,4926,670.0,789.166462723713,507.47142799991707,10473.155183000017,0.0
1774120730,10,,Aggregated,9.000000,9.000000,670,740,830,990,1000,1200,1500,1500,9400,10000,10000,4936,4936,670.0,789.1180947163716,507.47142799991707,10473.155183000017,0.0
1774120731,10,,Aggregated,8.600000,8.600000,670,740,830,990,1000,1200,1500,1500,9400,10000,10000,4945,4945,670.0,789.0151792622872,507.47142799991707,10473.155183000017,0.0
1774120732,10,,Aggregated,8.800000,8.800000,670,740,830,990,1000,1200,1500,1500,9400,10000,10000,4953,4953,670.0,788.9181883876462,507.47142799991707,10473.155183000017,0.0
1774120733,10,,Aggregated,8.900000,8.900000,670,740,830,990,1000,1200,1500,1500,9400,10000,10000,4962,4962,670.0,788.7193676662658,507.47142799991707,10473.155183000017,0.0
1774120734,10,,Aggregated,9.000000,9.000000,670,740,830,990,1000,1200,1500,1500,9400,10000,10000,4970,4970,670.0,788.8356395281713,507.47142799991707,10473.155183000017,0.0
1774120735,10,,Aggregated,9.000000,9.000000,670,740,830,990,1000,1200,1500,1500,9400,10000,10000,4978,4978,670.0,788.7926963093635,507.47142799991707,10473.155183000017,0.0
1774120736,10,,Aggregated,8.900000,8.900000,670,740,830,990,1000,1200,1500,1500,9400,10000,10000,4988,4988,670.0,788.9197822953108,507.47142799991707,10473.155183000017,0.0
1774120737,10,,Aggregated,8.800000,8.800000,670,740,830,990,1000,1200,1500,1500,9400,10000,10000,4997,4997,670.0,788.7430791624996,507.47142799991707,10473.155183000017,0.0
1774120738,10,,Aggregated,8.700000,8.700000,670,740,830,990,1000,1200,1500,1500,9400,10000,10000,5007,5007,670.0,788.6740228887579,507.47142799991707,10473.155183000017,0.0
1774120739,10,,Aggregated,8.600000,8.600000,670,740,830,990,1000,1200,1500,1500,9400,10000,10000,5017,5017,670.0,788.6444932090915,507.47142799991707,10473.155183000017,0.0
1774120740,10,,Aggregated,8.700000,8.700000,670,740,830,990,1000,1200,1500,1500,9400,10000,10000,5025,5025,670.0,788.5421488861714,507.47142799991707,10473.155183000017,0.0
1774120741,10,,Aggregated,8.900000,8.900000,670,740,830,990,1000,1200,1500,1500,9400,10000,10000,5035,5035,670.0,788.494391862167,507.47142799991707,10473.155183000017,0.0
1774120742,10,,Aggregated,8.900000,8.900000,670,740,830,990,1000,1200,1500,1500,9400,10000,10000,5045,5045,670.0,788.4394336971282,507.47142799991707,10473.155183000017,0.0
1774120743,10,,Aggregated,9.000000,9.000000,670,740,830,990,1000,1200,1500,1500,9400,10000,10000,5052,5052,670.0,788.3640701401447,507.47142799991707,10473.155183000017,0.0
1774120744,10,,Aggregated,8.700000,8.700000,670,740,830,990,1000,1200,1500,1500,9400,10000,10000,5060,5060,670.0,788.3849136343896,507.47142799991707,10473.155183000017,0.0
1774120745,10,,Aggregated,8.800000,8.800000,670,740,830,1000,1000,1200,1500,1500,9400,10000,10000,5068,5068,670.0,788.5290729003575,507.47142799991707,10473.155183000017,0.0
1774120746,10,,Aggregated,8.800000,8.800000,670,740,830,1000,1000,1200,1500,1500,9400,10000,10000,5077,5077,670.0,788.4991210242297,507.47142799991707,10473.155183000017,0.0
1774120747,10,,Aggregated,8.800000,8.800000,670,740,830,1000,1000,1200,1500,1500,9400,10000,10000,5085,5085,670.0,788.3792049235034,507.47142799991707,10473.155183000017,0.0
1774120748,10,,Aggregated,9.000000,9.000000,670,740,830,1000,1000,1200,1500,1500,9400,10000,10000,5095,5095,670.0,788.4225043099145,507.47142799991707,10473.155183000017,0.0
1774120749,10,,Aggregated,9.000000,9.000000,670,740,830,1000,1000,1200,1500,1500,9400,10000,10000,5105,5105,670.0,788.114163520473,507.47142799991707,10473.155183000017,0.0
1774120750,10,,Aggregated,9.000000,9.000000,670,740,830,990,1000,1200,1500,1500,9400,10000,10000,5115,5115,670.0,787.9271346267867,507.47142799991707,10473.155183000017,0.0
1774120751,10,,Aggregated,9.100000,9.100000,670,740,830,990,1000,1200,1500,1500,9400,10000,10000,5125,5125,670.0,787.7104167410761,507.47142799991707,10473.155183000017,0.0
1774120752,10,,Aggregated,9.000000,9.000000,670,740,830,990,1000,1200,1500,1500,9400,10000,10000,5133,5133,670.0,787.7100007736244,507.47142799991707,10473.155183000017,0.0
1774120753,10,,Aggregated,8.900000,8.900000,670,740,830,990,1000,1200,1500,1500,9400,10000,10000,5144,5144,670.0,787.864755037911,507.47142799991707,10473.155183000017,0.0
1774120754,10,,Aggregated,9.300000,9.300000,670,740,830,990,1000,1200,1500,1500,9400,10000,10000,5151,5151,670.0,787.7715706400726,507.47142799991707,10473.155183000017,0.0
1774120755,10,,Aggregated,9.000000,9.000000,670,740,830,990,1000,1200,1500,1500,9400,10000,10000,5161,5161,670.0,787.7806446223627,507.47142799991707,10473.155183000017,0.0
1774120756,10,,Aggregated,9.100000,9.100000,670,740,830,990,1000,1200,1500,1500,9400,10000,10000,5171,5171,670.0,787.4927289978752,507.47142799991707,10473.155183000017,0.0
1774120757,10,,Aggregated,9.000000,9.000000,670,740,830,990,1000,1200,1500,1500,9400,10000,10000,5181,5181,670.0,787.3770849706646,507.47142799991707,10473.155183000017,0.0
1774120758,10,,Aggregated,9.100000,9.100000,670,740,830,990,1000,1200,1500,1500,9400,10000,10000,5190,5190,670.0,787.3580154229313,507.47142799991707,10473.155183000017,0.0
1774120759,10,,Aggregated,9.300000,9.300000,670,740,830,990,1000,1200,1500,1500,9400,10000,10000,5199,5199,670.0,787.2006567732283,507.47142799991707,10473.155183000017,0.0
1774120760,10,,Aggregated,9.200000,9.200000,670,740,830,990,1000,1200,1500,1500,9400,10000,10000,5207,5207,670.0,787.1450823118907,507.47142799991707,10473.155183000017,0.0
1774120761,10,,Aggregated,9.200000,9.200000,670,740,830,990,1000,1200,1500,1500,9400,10000,10000,5216,5216,670.0,787.207063430601,507.47142799991707,10473.155183000017,0.0
1774120762,10,,Aggregated,9.200000,9.200000,670,740,830,990,1000,1200,1500,1500,9400,10000,10000,5225,5225,670.0,787.049257201151,507.47142799991707,10473.155183000017,0.0
1774120763,10,,Aggregated,9.100000,9.100000,670,740,830,990,1000,1200,1500,1500,9400,10000,10000,5232,5232,670.0,787.1575719287107,507.47142799991707,10473.155183000017,0.0
1774120764,10,,Aggregated,9.100000,9.100000,670,740,830,990,1000,1200,1500,1500,9400,10000,10000,5242,5242,670.0,787.1221681793237,507.47142799991707,10473.155183000017,0.0
