Timestamp,User Count,Type,Name,Requests/s,Failures/s,50%,66%,75%,80%,90%,95%,98%,99%,99.9%,99.99%,100%,Total Request Count,Total Failure Count,Total Median Response Time,Total Average Response Time,Total Min Response Time,Total Max Response Time,Total Average Content Size
1772204481,0,,Aggregated,0.000000,0.000000,N/A,N/A,N/A,N/A,N/A,N/A,N/A,N/A,N/A,N/A,N/A,0,0,0,0.0,0,0,0
1772204482,10,,Aggregated,0.000000,0.000000,N/A,N/A,N/A,N/A,N/A,N/A,N/A,N/A,N/A,N/A,N/A,0,0,0,0.0,0,0,0
1772204483,10,,Aggregated,0.000000,0.000000,1500,1600,1600,1600,1600,1600,1600,1600,1600,1600,1600,10,10,1500.0,1554.1102801005763,1462.8785200002312,1634.362343000248,0.0
1772204484,10,,Aggregated,0.000000,0.000000,1500,1500,1600,1600,1600,1600,1600,1600,1600,1600,1600,13,13,1500.0,1440.1534203850763,1016.6752819986868,1634.362343000248,0.0
1772204485,10,,Aggregated,0.000000,0.000000,1300,1500,1500,1500,1600,1600,1600,1600,1600,1600,1600,22,20,1200.0,1308.750272591169,793.6788579991116,1634.362343000248,0.0
1772204486,10,,Aggregated,3.333333,3.333333,1200,1300,1500,1500,1600,1600,1600,1600,1600,1600,1600,30,27,1200.0,1252.8390619002191,793.6788579991116,1634.362343000248,0.0
1772204487,10,,Aggregated,4.750000,4.750000,1100,1200,1500,1500,1600,1600,1600,1600,1600,1600,1600,39,27,1100.0,1150.8560733336008,739.3676179999602,1634.362343000248,0.0
1772204488,10,,Aggregated,4.600000,4.000000,1100,1200,1200,1500,1500,1600,1600,1600,1600,1600,1600,45,27,1100.0,1107.072097711312,711.0951249997015,1634.362343000248,0.0
1772204489,10,,Aggregated,5.500000,4.500000,1100,1100,1200,1300,1500,1600,1600,1600,1600,1600,1600,53,30,1100.0,1086.8120916605924,711.0951249997015,1634.362343000248,0.0
1772204490,10,,Aggregated,5.857143,3.857143,1000,1100,1200,1200,1500,1600,1600,1600,1600,1600,1600,63,31,1000.0,1050.4833174605694,711.0951249997015,1634.362343000248,0.0
1772204491,10,,Aggregated,6.000000,3.375000,970,1100,1200,1200,1500,1600,1600,1600,1600,1600,1600,70,31,960.0,1034.8937263002101,711.0951249997015,1634.362343000248,0.0
1772204492,10,,Aggregated,6.444444,3.333333,930,1000,1100,1200,1500,1600,1600,1600,1600,1600,1600,80,31,920.0,1012.7486679252115,711.0951249997015,1634.362343000248,0.0
1772204493,10,,Aggregated,6.400000,3.100000,900,1000,1100,1200,1500,1500,1600,1600,1600,1600,1600,87,31,900.0,995.5356755059236,684.8645419995592,1634.362343000248,0.0
1772204494,10,,Aggregated,7.300000,3.100000,900,980,1100,1100,1500,1500,1600,1600,1600,1600,1600,96,31,900.0,979.6371158960065,680.9835609983566,1634.362343000248,0.0
1772204495,10,,Aggregated,8.100000,3.100000,910,1000,1100,1100,1300,1500,1600,1600,1600,1600,1600,104,36,910.0,982.4561498270879,680.9835609983566,1634.362343000248,0.0
1772204496,10,,Aggregated,8.000000,2.100000,900,980,1100,1100,1200,1500,1600,1600,1600,1600,1600,112,37,900.0,973.2107282590699,680.9835609983566,1634.362343000248,0.0
1772204497,10,,Aggregated,7.700000,1.200000,900,980,1000,1100,1200,1500,1600,1600,1600,1600,1600,120,37,900.0,962.2264613084553,609.0986729996075,1634.362343000248,0.0
1772204498,10,,Aggregated,8.200000,1.700000,900,960,1000,1100,1200,1500,1600,1600,1600,1600,1600,128,37,890.0,955.2895458126329,609.0986729996075,1634.362343000248,0.0
1772204499,10,,Aggregated,8.000000,1.000000,900,970,1000,1100,1200,1500,1600,1600,1600,1600,1600,138,41,900.0,954.6673950581085,609.0986729996075,1634.362343000248,0.0
1772204500,10,,Aggregated,8.000000,1.000000,900,970,1000,1000,1200,1500,1600,1600,1600,1600,1600,143,42,900.0,952.1622918602677,609.0986729996075,1634.362343000248,0.0
1772204501,10,,Aggregated,8.000000,1.000000,900,970,1000,1000,1200,1500,1600,1600,1600,1600,1600,151,44,900.0,949.0824120928678,609.0986729996075,1634.362343000248,0.0
1772204502,10,,Aggregated,8.000000,1.100000,910,970,1000,1000,1200,1500,1600,1600,1600,1600,1600,160,45,900.0,947.7254868438879,609.0986729996075,1634.362343000248,0.0
1772204503,10,,Aggregated,8.100000,1.200000,910,970,1000,1000,1200,1500,1600,1600,1600,1600,1600,169,46,910.0,945.3418465267499,609.0986729996075,1634.362343000248,0.0
1772204504,10,,Aggregated,7.900000,1.300000,900,960,1000,1000,1200,1500,1600,1600,1600,1600,1600,176,46,900.0,939.6556390512488,609.0986729996075,1634.362343000248,0.0
1772204505,10,,Aggregated,8.100000,1.400000,900,960,1000,1000,1100,1500,1600,1600,1600,1600,1600,186,46,900.0,936.9721797850526,609.0986729996075,1634.362343000248,0.0
1772204506,10,,Aggregated,7.900000,1.500000,900,960,1000,1000,1100,1500,1600,1600,1600,1600,1600,191,46,900.0,933.3054505707767,609.0986729996075,1634.362343000248,0.0
1772204507,10,,Aggregated,8.000000,1.500000,900,960,1000,1000,1100,1300,1500,1600,1600,1600,1600,201,50,900.0,933.5511549503385,609.0986729996075,1634.362343000248,0.0
1772204508,10,,Aggregated,8.100000,0.900000,900,960,990,1000,1100,1300,1500,1600,1600,1600,1600,209,50,900.0,932.0906843445796,609.0986729996075,1634.362343000248,0.0
1772204510,10,,Aggregated,7.900000,0.900000,900,960,990,1000,1100,1300,1500,1600,1600,1600,1600,217,51,900.0,930.4225732074486,609.0986729996075,1634.362343000248,0.0
1772204511,10,,Aggregated,8.000000,1.300000,910,960,1000,1000,1100,1300,1500,1600,1600,1600,1600,224,57,900.0,936.7837186072078,609.0986729996075,1634.362343000248,0.0
1772204512,10,,Aggregated,8.100000,1.300000,900,960,1000,1000,1100,1300,1500,1600,1600,1600,1600,231,57,900.0,933.9548582684619,609.0986729996075,1634.362343000248,0.0
1772204513,10,,Aggregated,7.900000,1.000000,900,950,1000,1000,1100,1300,1500,1600,1600,1600,1600,239,57,900.0,932.5561304101087,609.0986729996075,1634.362343000248,0.0
1772204514,10,,Aggregated,7.900000,1.400000,900,960,990,1000,1100,1300,1500,1600,1600,1600,1600,249,59,900.0,932.6222130803866,609.0986729996075,1634.362343000248,0.0
1772204515,10,,Aggregated,7.700000,1.200000,900,950,980,1000,1100,1300,1500,1600,1600,1600,1600,257,59,900.0,928.5629698560912,609.0986729996075,1634.362343000248,0.0
1772204516,10,,Aggregated,7.700000,1.200000,900,950,980,1000,1100,1200,1500,1600,1600,1600,1600,265,60,900.0,926.618016750992,609.0986729996075,1634.362343000248,0.0
1772204517,10,,Aggregated,7.900000,1.300000,900,950,980,1000,1100,1200,1500,1600,1600,1600,1600,274,61,900.0,924.9261321642829,609.0986729996075,1634.362343000248,0.0
1772204518,10,,Aggregated,7.900000,1.400000,900,950,980,1000,1100,1200,1500,1600,1600,1600,1600,281,61,900.0,921.5919487367017,609.0986729996075,1634.362343000248,0.0
1772204519,10,,Aggregated,7.900000,1.400000,900,940,970,1000,1100,1200,1500,1600,1600,1600,1600,289,61,900.0,919.3333932872488,609.0986729996075,1634.362343000248,0.0
1772204520,10,,Aggregated,7.900000,1.100000,900,950,980,1000,1100,1200,1500,1600,1600,1600,1600,296,65,900.0,923.4355281317993,609.0986729996075,1634.362343000248,0.0
1772204521,10,,Aggregated,8.000000,1.100000,900,950,980,1000,1100,1200,1500,1600,1600,1600,1600,306,68,900.0,924.2745303105048,609.0986729996075,1634.362343000248,0.0
1772204522,10,,Aggregated,7.800000,1.300000,900,950,980,1000,1100,1200,1500,1600,1600,1600,1600,313,68,900.0,922.795829089505,609.0986729996075,1634.362343000248,0.0
1772204523,10,,Aggregated,7.900000,1.100000,900,940,970,1000,1100,1200,1500,1600,1600,1600,1600,322,68,900.0,921.6124888696141,609.0986729996075,1634.362343000248,0.0
1772204524,10,,Aggregated,8.100000,1.100000,900,950,980,1000,1100,1200,1500,1600,1600,1600,1600,329,73,900.0,924.7562133191958,609.0986729996075,1634.362343000248,0.0
1772204525,10,,Aggregated,8.100000,1.100000,900,950,980,1000,1100,1200,1500,1600,1600,1600,1600,336,74,900.0,922.9601774226614,609.0986729996075,1634.362343000248,0.0
1772204526,10,,Aggregated,7.600000,1.000000,900,950,980,1000,1100,1200,1500,1600,1600,1600,1600,346,76,900.0,923.3586495202748,609.0986729996075,1634.362343000248,0.0
1772204527,10,,Aggregated,8.000000,1.500000,900,950,980,1000,1100,1200,1500,1600,1600,1600,1600,352,77,900.0,922.1752377898155,592.9418830000941,1634.362343000248,0.0
1772204528,10,,Aggregated,8.000000,1.500000,900,950,980,1000,1100,1200,1500,1600,1600,1600,1600,359,78,900.0,921.4520684763708,592.9418830000941,1634.362343000248,0.0
1772204529,10,,Aggregated,7.800000,1.600000,900,950,980,1000,1100,1200,1500,1600,1600,1600,1600,369,82,900.0,921.5873001463813,592.9418830000941,1634.362343000248,0.0
1772204530,10,,Aggregated,7.900000,1.700000,900,950,990,1000,1100,1200,1500,1600,1600,1600,1600,379,85,900.0,922.2042330264251,592.9418830000941,1634.362343000248,0.0
1772204531,10,,Aggregated,8.000000,2.100000,900,950,980,1000,1100,1200,1500,1600,1600,1600,1600,383,85,900.0,921.6037949034303,592.9418830000941,1634.362343000248,0.0
1772204532,10,,Aggregated,7.800000,1.800000,900,950,990,1000,1100,1200,1500,1600,1600,1600,1600,392,91,900.0,923.0012026122848,592.9418830000941,1634.362343000248,0.0
1772204533,10,,Aggregated,7.900000,1.700000,900,950,990,1000,1100,1200,1500,1500,1600,1600,1600,401,91,900.0,920.638045862881,592.9418830000941,1634.362343000248,0.0
1772204534,10,,Aggregated,7.900000,2.300000,900,950,990,1000,1100,1200,1500,1500,1600,1600,1600,407,91,900.0,920.5849844963539,592.9418830000941,1634.362343000248,0.0
1772204535,10,,Aggregated,7.900000,2.300000,900,950,990,1000,1100,1200,1500,1600,1600,1600,1600,412,96,900.0,926.2713882912976,592.9418830000941,1634.362343000248,0.0
1772204536,10,,Aggregated,8.100000,2.200000,900,960,1000,1000,1100,1300,1500,1600,1600,1600,1600,420,101,900.0,931.8316227143225,592.9418830000941,1634.362343000248,0.0
1772204537,10,,Aggregated,7.400000,1.900000,910,960,1000,1000,1100,1300,1500,1600,1600,1600,1600,430,103,910.0,932.5584974442265,592.9418830000941,1634.362343000248,0.0
1772204538,10,,Aggregated,7.600000,2.500000,900,960,1000,1000,1100,1300,1500,1600,1600,1600,1600,438,103,900.0,931.1090522945603,592.9418830000941,1634.362343000248,0.0
1772204539,10,,Aggregated,7.800000,2.700000,910,960,1000,1000,1100,1300,1500,1600,1600,1600,1600,444,104,900.0,930.8139138626497,592.9418830000941,1634.362343000248,0.0
1772204540,10,,Aggregated,7.500000,2.500000,910,960,990,1000,1100,1300,1500,1600,1600,1600,1600,451,104,910.0,930.2541788670001,592.9418830000941,1634.362343000248,0.0
1772204541,10,,Aggregated,7.100000,2.100000,910,960,1000,1000,1100,1200,1500,1600,1600,1600,1600,461,110,910.0,932.4824449805163,592.9418830000941,1634.362343000248,0.0
1772204542,10,,Aggregated,7.700000,2.200000,910,960,1000,1000,1100,1200,1500,1600,1600,1600,1600,470,114,910.0,933.6418851936578,592.9418830000941,1634.362343000248,0.0
1772204543,10,,Aggregated,7.700000,2.500000,910,960,1000,1000,1100,1200,1500,1600,1600,1600,1600,475,114,910.0,932.9912616989857,592.9418830000941,1634.362343000248,0.0
1772204544,10,,Aggregated,7.200000,1.900000,910,960,1000,1000,1100,1200,1500,1600,1600,1600,1600,484,117,910.0,933.1846709669813,592.9418830000941,1634.362343000248,0.0
1772204545,10,,Aggregated,7.400000,2.300000,910,960,1000,1000,1100,1200,1500,1600,1600,1600,1600,494,117,910.0,931.3733840061119,592.9418830000941,1634.362343000248,0.0
1772204546,10,,Aggregated,7.500000,2.600000,910,960,1000,1000,1100,1200,1500,1500,1600,1600,1600,503,120,910.0,932.0997204155375,592.9418830000941,1634.362343000248,0.0
1772204547,10,,Aggregated,8.000000,2.400000,910,960,1000,1000,1100,1200,1500,1500,1600,1600,1600,508,121,910.0,931.9936074035703,592.9418830000941,1634.362343000248,0.0
1772204548,10,,Aggregated,7.600000,1.700000,910,960,1000,1000,1100,1200,1500,1500,1600,1600,1600,515,124,910.0,932.3686105961367,592.9418830000941,1634.362343000248,0.0
1772204549,10,,Aggregated,7.600000,1.700000,910,960,1000,1000,1100,1200,1500,1500,1600,1600,1600,525,124,910.0,931.8372456609703,592.9418830000941,1634.362343000248,0.0
1772204550,10,,Aggregated,8.000000,2.100000,910,960,1000,1000,1100,1200,1500,1500,1600,1600,1600,534,125,910.0,931.7251877434671,592.9418830000941,1634.362343000248,0.0
1772204551,10,,Aggregated,8.000000,2.100000,910,960,990,1000,1100,1200,1500,1500,1600,1600,1600,541,125,910.0,931.3920594547352,592.9418830000941,1634.362343000248,0.0
1772204552,10,,Aggregated,7.700000,2.000000,910,960,990,1000,1100,1200,1500,1500,1600,1600,1600,548,126,910.0,930.820253598563,592.9418830000941,1634.362343000248,0.0
1772204553,10,,Aggregated,7.700000,1.500000,910,960,990,1000,1100,1200,1500,1500,1600,1600,1600,556,128,910.0,930.6226361708882,592.9418830000941,1634.362343000248,0.0
1772204554,10,,Aggregated,8.200000,1.600000,910,970,1000,1000,1100,1200,1500,1500,1600,1600,1600,564,136,910.0,934.7350523510914,592.9418830000941,1634.362343000248,0.0
1772204555,10,,Aggregated,8.000000,1.400000,920,970,1000,1000,1100,1200,1500,1500,1600,1600,1600,568,138,920.0,935.6128649771438,592.9418830000941,1634.362343000248,0.0
1772204556,10,,Aggregated,7.500000,1.100000,920,970,1000,1000,1100,1200,1500,1500,1600,1600,1600,577,141,920.0,935.9653320710814,592.9418830000941,1634.362343000248,0.0
1772204557,10,,Aggregated,7.700000,2.100000,920,970,1000,1000,1100,1200,1500,1500,1600,1600,1600,587,147,920.0,936.8235953373335,592.9418830000941,1634.362343000248,0.0
1772204558,10,,Aggregated,7.900000,2.300000,920,970,1000,1000,1100,1200,1500,1500,1600,1600,1600,592,148,920.0,937.1546157382006,592.9418830000941,1634.362343000248,0.0
1772204559,10,,Aggregated,7.400000,2.200000,920,970,1000,1000,1100,1200,1500,1500,1600,1600,1600,599,151,920.0,937.0077868865003,592.9418830000941,1634.362343000248,0.0
1772204560,10,,Aggregated,7.300000,2.300000,920,970,1000,1000,1100,1200,1500,1500,1600,1600,1600,609,151,920.0,936.0504534827879,592.9418830000941,1634.362343000248,0.0
1772204561,10,,Aggregated,7.700000,2.700000,920,970,1000,1000,1100,1200,1500,1500,1600,1600,1600,619,155,920.0,936.7100873812896,592.9418830000941,1634.362343000248,0.0
1772204562,10,,Aggregated,7.700000,2.700000,920,970,1000,1000,1100,1200,1500,1500,1600,1600,1600,625,155,920.0,936.4364689168285,592.9418830000941,1634.362343000248,0.0
1772204563,10,,Aggregated,7.400000,2.600000,920,970,1000,1000,1100,1200,1500,1500,1600,1600,1600,630,156,920.0,936.2303899889221,592.9418830000941,1634.362343000248,0.0
1772204564,10,,Aggregated,7.400000,2.900000,920,970,1000,1000,1100,1200,1500,1500,1600,1600,1600,640,162,920.0,937.8748998109697,592.9418830000941,1634.362343000248,0.0
1772204565,10,,Aggregated,7.500000,2.800000,920,970,1000,1000,1100,1200,1500,1500,1600,1600,1600,649,165,920.0,938.221399355962,592.9418830000941,1634.362343000248,0.0
1772204566,10,,Aggregated,7.600000,2.800000,920,970,1000,1000,1100,1200,1500,1500,1600,1600,1600,653,165,920.0,937.8385975007934,592.9418830000941,1634.362343000248,0.0
1772204567,10,,Aggregated,7.400000,2.400000,930,980,1000,1000,1100,1200,1500,1500,1600,1600,1600,662,172,930.0,938.767159938089,592.9418830000941,1634.362343000248,0.0
1772204568,10,,Aggregated,7.600000,2.400000,930,980,1000,1000,1100,1200,1500,1500,1600,1600,1600,672,179,930.0,939.6823744464576,592.9418830000941,1634.362343000248,0.0
1772204569,10,,Aggregated,8.000000,2.800000,930,980,1000,1000,1100,1200,1500,1500,1600,1600,1600,678,182,930.0,940.4049090133002,592.9418830000941,1634.362343000248,0.0
1772204570,10,,Aggregated,7.500000,2.500000,930,980,1000,1000,1100,1200,1500,1500,1600,1600,1600,684,184,930.0,940.1951694766337,592.9418830000941,1634.362343000248,0.0
1772204571,10,,Aggregated,7.500000,2.800000,930,980,1000,1000,1100,1200,1500,1500,1600,1600,1600,694,190,930.0,941.6814807521871,592.9418830000941,1634.362343000248,0.0
1772204572,10,,Aggregated,7.800000,3.300000,930,980,1000,1000,1100,1200,1500,1500,1600,1600,1600,700,194,930.0,942.360162275737,592.9418830000941,1634.362343000248,0.0
1772204573,10,,Aggregated,7.500000,3.300000,930,980,1000,1000,1100,1200,1500,1500,1600,1600,1600,707,197,930.0,942.531779200871,592.9418830000941,1634.362343000248,0.0
1772204574,10,,Aggregated,7.500000,3.500000,930,980,1000,1000,1100,1200,1500,1500,1600,1600,1600,716,201,930.0,942.3250289301882,592.9418830000941,1634.362343000248,0.0
1772204575,10,,Aggregated,7.600000,4.100000,930,980,1000,1000,1100,1200,1500,1500,1600,1600,1600,725,202,930.0,942.1639417255357,592.9418830000941,1634.362343000248,0.0
1772204576,10,,Aggregated,7.600000,4.100000,930,980,1000,1000,1100,1200,1500,1500,1600,1600,1600,731,203,930.0,941.3613919001539,592.9418830000941,1634.362343000248,0.0
1772204577,10,,Aggregated,7.700000,3.900000,930,980,1000,1000,1100,1200,1500,1500,1600,1600,1600,741,204,930.0,940.3262519716719,592.9418830000941,1634.362343000248,0.0
1772204578,10,,Aggregated,7.600000,3.700000,930,980,1000,1000,1100,1200,1500,1500,1600,1600,1600,746,204,930.0,939.6378165268237,592.9418830000941,1634.362343000248,0.0
1772204579,10,,Aggregated,7.500000,3.300000,930,980,1000,1000,1100,1200,1400,1500,1600,1600,1600,754,212,930.0,942.4179942347617,592.9418830000941,1634.362343000248,0.0
1772204580,10,,Aggregated,7.900000,3.200000,930,980,1000,1000,1100,1200,1400,1500,1600,1600,1600,762,216,930.0,942.9774230682551,592.9418830000941,1634.362343000248,0.0
1772204581,10,,Aggregated,7.500000,2.600000,930,980,1000,1000,1100,1200,1400,1500,1600,1600,1600,772,216,930.0,941.7945977538997,592.9418830000941,1634.362343000248,0.0
1772204583,10,,Aggregated,7.200000,2.800000,930,980,1000,1000,1100,1200,1400,1500,1600,1600,1600,779,216,930.0,940.7114345288905,592.9418830000941,1634.362343000248,0.0
1772204584,10,,Aggregated,7.800000,3.200000,930,980,1000,1000,1100,1200,1400,1500,1600,1600,1600,788,217,930.0,939.9936087715828,592.9418830000941,1634.362343000248,0.0
1772204585,10,,Aggregated,7.800000,2.600000,930,980,1000,1000,1100,1200,1400,1500,1600,1600,1600,796,218,930.0,939.2922266118185,592.9418830000941,1634.362343000248,0.0
1772204586,10,,Aggregated,7.500000,1.900000,930,980,1000,1000,1100,1200,1400,1500,1600,1600,1600,803,219,930.0,938.6937812764728,592.9418830000941,1634.362343000248,0.0
1772204587,10,,Aggregated,8.000000,2.000000,920,980,1000,1000,1100,1200,1400,1500,1600,1600,1600,813,219,920.0,937.5824661783622,592.9418830000941,1634.362343000248,0.0
1772204588,10,,Aggregated,7.900000,1.700000,920,980,1000,1000,1100,1200,1400,1500,1600,1600,1600,822,219,920.0,936.397281716554,592.9418830000941,1634.362343000248,0.0
1772204589,10,,Aggregated,7.700000,1.700000,920,980,1000,1000,1100,1200,1400,1500,1600,1600,1600,828,219,920.0,936.197042415469,592.9418830000941,1634.362343000248,0.0
1772204590,10,,Aggregated,8.000000,1.600000,920,980,1000,1000,1100,1200,1400,1500,1600,1600,1600,835,221,920.0,935.6255201892338,592.9418830000941,1634.362343000248,0.0
1772204591,10,,Aggregated,8.100000,1.500000,920,980,1000,1000,1100,1200,1400,1500,1600,1600,1600,845,224,920.0,936.2426675869915,592.9418830000941,1634.362343000248,0.0
1772204592,10,,Aggregated,8.100000,0.900000,920,980,1000,1000,1100,1200,1400,1500,1600,1600,1600,852,227,920.0,936.5729758403818,592.9418830000941,1634.362343000248,0.0
1772204593,10,,Aggregated,8.100000,0.900000,920,980,1000,1000,1100,1200,1400,1500,1600,1600,1600,857,227,920.0,936.3980917829673,592.9418830000941,1634.362343000248,0.0
1772204594,10,,Aggregated,7.900000,1.000000,920,980,1000,1000,1100,1200,1400,1500,1600,1600,1600,868,229,920.0,936.2481800391718,592.9418830000941,1634.362343000248,0.0
1772204595,10,,Aggregated,7.800000,1.100000,920,980,1000,1000,1100,1200,1400,1500,1600,1600,1600,877,232,920.0,936.5032996431049,592.9418830000941,1634.362343000248,0.0
1772204596,10,,Aggregated,7.900000,1.200000,920,980,1000,1000,1100,1200,1400,1500,1600,1600,1600,884,233,920.0,935.9413538506836,592.9418830000941,1634.362343000248,0.0
1772204597,10,,Aggregated,7.900000,1.300000,920,980,1000,1000,1100,1200,1400,1500,1600,1600,1600,891,234,920.0,935.670903826041,592.9418830000941,1634.362343000248,0.0
1772204598,10,,Aggregated,7.800000,1.300000,930,980,1000,1000,1100,1200,1300,1500,1600,1600,1600,901,239,930.0,936.0905768745876,592.9418830000941,1634.362343000248,0.0
1772204599,10,,Aggregated,7.700000,1.500000,920,980,1000,1000,1100,1200,1300,1500,1600,1600,1600,907,239,920.0,935.1746278643933,592.9418830000941,1634.362343000248,0.0
1772204600,10,,Aggregated,7.800000,2.000000,920,980,1000,1000,1100,1200,1300,1500,1600,1600,1600,917,239,920.0,933.9854744198559,592.9418830000941,1634.362343000248,0.0
1772204601,10,,Aggregated,7.800000,2.000000,920,980,1000,1000,1100,1200,1300,1500,1600,1600,1600,926,239,920.0,933.5956141911553,592.9418830000941,1634.362343000248,0.0
1772204602,10,,Aggregated,8.000000,1.800000,920,980,1000,1000,1100,1200,1300,1500,1600,1600,1600,933,239,920.0,932.9034968874686,592.9418830000941,1634.362343000248,0.0
1772204603,10,,Aggregated,7.800000,1.500000,920,980,1000,1000,1100,1200,1300,1500,1600,1600,1600,941,239,920.0,932.5781813305102,592.9418830000941,1634.362343000248,0.0
1772204604,10,,Aggregated,7.800000,1.500000,920,980,1000,1000,1100,1200,1300,1500,1600,1600,1600,949,244,920.0,932.9865998113903,592.9418830000941,1634.362343000248,0.0
1772204605,10,,Aggregated,8.200000,1.200000,920,980,1000,1000,1100,1200,1300,1500,1600,1600,1600,958,245,920.0,932.684859823602,592.9418830000941,1634.362343000248,0.0
1772204606,10,,Aggregated,8.200000,1.500000,920,980,1000,1000,1100,1200,1300,1500,1600,1600,1600,966,247,920.0,932.3617691459746,592.9418830000941,1634.362343000248,0.0
1772204607,10,,Aggregated,8.100000,1.400000,920,980,1000,1000,1100,1200,1300,1500,1600,1600,1600,973,247,920.0,931.5073065806866,592.9418830000941,1634.362343000248,0.0
1772204608,10,,Aggregated,8.200000,1.400000,920,970,1000,1000,1100,1200,1300,1500,1600,1600,1600,983,248,920.0,931.2027750925838,592.9418830000941,1634.362343000248,0.0
1772204609,10,,Aggregated,8.200000,1.300000,920,970,1000,1000,1100,1200,1300,1500,1600,1600,1600,992,248,920.0,930.0005244485989,592.9418830000941,1634.362343000248,0.0
1772204610,10,,Aggregated,8.000000,0.900000,920,970,1000,1000,1100,1200,1300,1500,1600,1600,1600,1000,248,920.0,929.8218882160097,592.9418830000941,1634.362343000248,0.0
1772204611,10,,Aggregated,8.300000,0.900000,920,970,1000,1000,1100,1200,1300,1500,1600,1600,1600,1008,248,920.0,929.3117877420709,592.9418830000941,1634.362343000248,0.0
1772204612,10,,Aggregated,8.100000,0.900000,920,970,1000,1000,1100,1200,1300,1500,1600,1600,1600,1017,248,920.0,928.1803952684452,592.9418830000941,1634.362343000248,0.0
1772204613,10,,Aggregated,8.300000,0.900000,920,970,1000,1000,1100,1200,1300,1500,1600,1600,1600,1026,249,920.0,928.0128030818822,592.9418830000941,1634.362343000248,0.0
1772204614,10,,Aggregated,8.400000,0.900000,920,970,1000,1000,1100,1200,1300,1500,1600,1600,1600,1034,249,920.0,927.8555836537809,592.9418830000941,1634.362343000248,0.0
1772204615,10,,Aggregated,8.300000,1.000000,920,970,1000,1000,1100,1200,1300,1500,1600,1600,1600,1039,249,920.0,926.9642982271487,592.9418830000941,1634.362343000248,0.0
1772204616,10,,Aggregated,8.000000,0.500000,920,970,1000,1000,1100,1200,1300,1500,1600,1600,1600,1049,253,920.0,927.1924095262202,592.9418830000941,1634.362343000248,0.0
1772204617,10,,Aggregated,8.200000,0.400000,920,970,1000,1000,1100,1200,1300,1500,1600,1600,1600,1057,257,920.0,927.3654337880828,592.9418830000941,1634.362343000248,0.0
1772204618,10,,Aggregated,8.300000,0.700000,920,970,1000,1000,1100,1200,1300,1500,1600,1600,1600,1064,257,920.0,926.9412288900418,592.9418830000941,1634.362343000248,0.0
1772204619,10,,Aggregated,7.900000,0.600000,920,970,1000,1000,1100,1200,1300,1500,1600,1600,1600,1073,263,920.0,927.2268623122122,592.9418830000941,1634.362343000248,0.0
1772204620,10,,Aggregated,8.100000,0.900000,920,970,1000,1000,1100,1200,1300,1500,1600,1600,1600,1081,263,920.0,926.949774441263,592.9418830000941,1634.362343000248,0.0
1772204621,10,,Aggregated,8.200000,1.500000,920,970,1000,1000,1100,1200,1300,1500,1600,1600,1600,1086,265,920.0,926.7306373931912,592.9418830000941,1634.362343000248,0.0
1772204622,10,,Aggregated,8.000000,1.500000,920,970,1000,1000,1100,1200,1300,1500,1600,1600,1600,1096,267,920.0,926.7267592828541,592.9418830000941,1634.362343000248,0.0
1772204623,10,,Aggregated,7.900000,1.700000,920,970,1000,1000,1100,1200,1300,1500,1600,1600,1600,1106,268,920.0,926.9610873933175,592.9418830000941,1634.362343000248,0.0
1772204624,10,,Aggregated,7.900000,1.900000,920,970,1000,1000,1100,1200,1300,1500,1600,1600,1600,1115,268,920.0,926.5586017713105,592.9418830000941,1634.362343000248,0.0
1772204625,10,,Aggregated,7.900000,1.900000,920,970,1000,1000,1100,1200,1300,1500,1600,1600,1600,1121,268,920.0,925.9866208091091,592.9418830000941,1634.362343000248,0.0
1772204626,10,,Aggregated,8.000000,1.900000,920,970,1000,1000,1100,1200,1300,1500,1600,1600,1600,1130,268,920.0,925.4350803017801,592.9418830000941,1634.362343000248,0.0
1772204627,10,,Aggregated,7.900000,1.900000,920,970,1000,1000,1100,1200,1300,1500,1600,1600,1600,1138,268,920.0,925.1613118295359,592.9418830000941,1634.362343000248,0.0
1772204628,10,,Aggregated,8.000000,1.500000,920,970,1000,1000,1100,1200,1300,1500,1600,1600,1600,1146,268,920.0,924.3713631265388,592.9418830000941,1634.362343000248,0.0
1772204629,10,,Aggregated,8.400000,1.500000,920,970,1000,1000,1100,1200,1300,1500,1600,1600,1600,1156,269,920.0,924.0996641574501,592.9418830000941,1634.362343000248,0.0
1772204630,10,,Aggregated,8.200000,1.100000,920,970,1000,1000,1100,1200,1300,1500,1600,1600,1600,1162,269,920.0,923.658605998289,592.9418830000941,1634.362343000248,0.0
1772204631,10,,Aggregated,7.800000,0.500000,920,970,1000,1000,1100,1200,1300,1500,1600,1600,1600,1170,273,920.0,923.8160297376136,592.9418830000941,1634.362343000248,0.0
1772204632,10,,Aggregated,8.300000,0.600000,920,970,1000,1000,1100,1200,1300,1500,1600,1600,1600,1180,273,920.0,923.8223628271282,592.9418830000941,1634.362343000248,0.0
1772204633,10,,Aggregated,8.200000,0.800000,920,970,1000,1000,1100,1200,1300,1500,1600,1600,1600,1188,275,920.0,923.9450661186966,592.9418830000941,1634.362343000248,0.0
1772204634,10,,Aggregated,8.100000,0.600000,920,970,990,1000,1100,1200,1300,1500,1600,1600,1600,1194,275,920.0,923.4191793718701,592.9418830000941,1634.362343000248,0.0
1772204635,10,,Aggregated,8.100000,0.500000,920,970,990,1000,1100,1200,1300,1500,1600,1600,1600,1204,277,920.0,923.2483995548247,592.9418830000941,1634.362343000248,0.0
1772204636,10,,Aggregated,8.100000,0.700000,920,970,1000,1000,1100,1200,1300,1500,1600,1600,1600,1211,281,920.0,923.5210663649974,592.9418830000941,1634.362343000248,0.0
1772204637,10,,Aggregated,8.100000,0.700000,920,970,1000,1000,1100,1200,1300,1500,1600,1600,1600,1218,282,920.0,923.0903934778427,592.9418830000941,1634.362343000248,0.0
1772204638,10,,Aggregated,7.900000,0.900000,920,970,1000,1000,1100,1100,1300,1500,1600,1600,1600,1227,286,920.0,923.3139377359494,592.9418830000941,1634.362343000248,0.0
1772204639,10,,Aggregated,8.000000,1.400000,920,970,1000,1000,1100,1100,1300,1500,1600,1600,1600,1234,291,920.0,923.7443662325866,592.9418830000941,1634.362343000248,0.0
1772204640,10,,Aggregated,7.700000,1.400000,920,970,1000,1000,1100,1100,1300,1500,1600,1600,1600,1240,292,920.0,923.8881804725921,592.9418830000941,1634.362343000248,0.0
1772204641,10,,Aggregated,8.000000,1.800000,920,970,1000,1000,1100,1100,1300,1500,1600,1600,1600,1250,295,920.0,924.0020316448085,592.9418830000941,1634.362343000248,0.0
1772204642,10,,Aggregated,7.800000,2.300000,920,970,1000,1000,1100,1100,1300,1500,1600,1600,1600,1259,300,920.0,924.5661175790405,592.9418830000941,1634.362343000248,0.0
1772204643,10,,Aggregated,7.700000,2.000000,920,970,1000,1000,1100,1100,1300,1500,1600,1600,1600,1265,300,920.0,924.0223203454656,592.9418830000941,1634.362343000248,0.0
1772204644,10,,Aggregated,7.700000,2.200000,920,970,1000,1000,1100,1100,1300,1500,1600,1600,1600,1274,300,920.0,923.7950792496194,592.9418830000941,1634.362343000248,0.0
1772204645,10,,Aggregated,7.800000,2.700000,920,970,1000,1000,1100,1100,1300,1500,1600,1600,1600,1282,303,920.0,923.9509407504041,592.9418830000941,1634.362343000248,0.0
1772204646,10,,Aggregated,7.700000,2.500000,920,970,1000,1000,1100,1100,1300,1500,1600,1600,1600,1288,303,920.0,923.8519510132126,592.9418830000941,1634.362343000248,0.0
1772204647,10,,Aggregated,7.800000,2.500000,920,970,1000,1000,1100,1100,1300,1500,1600,1600,1600,1298,308,920.0,924.0684927950851,592.9418830000941,1634.362343000248,0.0
1772204648,10,,Aggregated,8.000000,2.600000,920,970,1000,1000,1100,1100,1300,1500,1600,1600,1600,1307,313,920.0,924.5870391331455,592.9418830000941,1634.362343000248,0.0
1772204649,10,,Aggregated,7.500000,2.300000,920,970,1000,1000,1100,1100,1300,1500,1600,1600,1600,1314,313,920.0,924.3355367108228,592.9418830000941,1634.362343000248,0.0
1772204650,10,,Aggregated,7.900000,2.600000,920,970,1000,1000,1100,1100,1300,1500,1600,1600,1600,1323,313,920.0,923.8481128307067,592.9418830000941,1634.362343000248,0.0
1772204651,10,,Aggregated,7.900000,2.700000,920,970,1000,1000,1100,1100,1300,1500,1600,1600,1600,1329,314,920.0,923.7661658472703,592.9418830000941,1634.362343000248,0.0
1772204652,10,,Aggregated,7.800000,2.100000,920,970,1000,1000,1100,1100,1300,1500,1600,1600,1600,1339,314,920.0,923.3088460030042,592.9418830000941,1634.362343000248,0.0
1772204653,10,,Aggregated,8.000000,2.000000,920,970,1000,1000,1100,1100,1300,1500,1600,1600,1600,1345,315,920.0,923.0618094765982,592.9418830000941,1634.362343000248,0.0
1772204654,10,,Aggregated,7.900000,1.900000,920,970,1000,1000,1100,1100,1300,1500,1600,1600,1600,1354,323,920.0,924.0221396543748,592.9418830000941,1634.362343000248,0.0
1772204655,10,,Aggregated,7.900000,1.400000,920,970,1000,1000,1100,1100,1300,1500,1600,1600,1600,1363,324,920.0,923.4973233059626,592.9418830000941,1634.362343000248,0.0
1772204656,10,,Aggregated,7.900000,1.600000,920,970,1000,1000,1100,1100,1300,1500,1600,1600,1600,1371,324,920.0,923.3060386170877,592.9418830000941,1634.362343000248,0.0
1772204657,10,,Aggregated,7.800000,2.300000,920,970,1000,1000,1100,1100,1300,1500,1600,1600,1600,1378,324,920.0,923.0924786538653,592.9418830000941,1634.362343000248,0.0
1772204658,10,,Aggregated,7.800000,2.100000,920,970,1000,1000,1100,1100,1300,1500,1600,1600,1600,1387,324,920.0,922.4515181766595,592.9418830000941,1634.362343000248,0.0
1772204659,10,,Aggregated,8.100000,1.900000,920,970,1000,1000,1100,1100,1300,1500,1600,1600,1600,1394,326,920.0,922.4780090653,592.9418830000941,1634.362343000248,0.0
1772204661,10,,Aggregated,8.100000,1.600000,920,970,1000,1000,1100,1100,1200,1500,1600,1600,1600,1404,327,920.0,922.5831554323549,592.9418830000941,1634.362343000248,0.0
1772204662,10,,Aggregated,7.900000,1.300000,920,970,990,1000,1100,1100,1200,1500,1600,1600,1600,1411,327,920.0,922.0337293175241,592.9418830000941,1634.362343000248,0.0
1772204663,10,,Aggregated,7.900000,1.300000,920,970,990,1000,1100,1100,1200,1500,1600,1600,1600,1418,327,920.0,921.6331243935299,592.9418830000941,1634.362343000248,0.0
1772204664,10,,Aggregated,8.000000,1.400000,920,970,990,1000,1100,1100,1200,1500,1600,1600,1600,1428,327,920.0,921.3422512745288,592.9418830000941,1634.362343000248,0.0
1772204665,10,,Aggregated,7.900000,1.300000,920,970,990,1000,1100,1100,1200,1500,1600,1600,1600,1436,327,920.0,920.7522694011317,592.9418830000941,1634.362343000248,0.0
1772204666,10,,Aggregated,7.900000,1.300000,920,970,990,1000,1100,1100,1200,1500,1600,1600,1600,1443,327,920.0,920.4934003132522,592.9418830000941,1634.362343000248,0.0
1772204667,10,,Aggregated,8.100000,0.400000,920,970,990,1000,1100,1100,1200,1500,1600,1600,1600,1452,327,920.0,920.1185824359676,592.9418830000941,1634.362343000248,0.0
1772204668,10,,Aggregated,8.100000,0.400000,920,970,990,1000,1100,1100,1200,1500,1600,1600,1600,1459,327,920.0,919.7977901144793,592.9418830000941,1634.362343000248,0.0
1772204669,10,,Aggregated,8.000000,0.300000,920,970,990,1000,1100,1100,1200,1500,1600,1600,1600,1469,329,920.0,919.7627746317411,592.9418830000941,1634.362343000248,0.0
1772204670,10,,Aggregated,7.900000,0.300000,920,970,990,1000,1100,1100,1200,1500,1600,1600,1600,1477,330,920.0,919.8864678551321,592.9418830000941,1634.362343000248,0.0
1772204671,10,,Aggregated,7.900000,0.300000,920,970,990,1000,1100,1100,1200,1500,1600,1600,1600,1481,331,920.0,919.6281283626122,592.9418830000941,1634.362343000248,0.0
1772204672,10,,Aggregated,8.200000,0.500000,920,970,990,1000,1100,1100,1200,1500,1600,1600,1600,1491,335,920.0,919.893527876613,592.9418830000941,1634.362343000248,0.0
1772204673,10,,Aggregated,7.700000,0.400000,920,970,990,1000,1100,1100,1200,1500,1600,1600,1600,1500,339,920.0,920.296678128021,592.9418830000941,1634.362343000248,0.0
1772204674,10,,Aggregated,8.100000,0.800000,920,970,990,1000,1100,1100,1200,1400,1600,1600,1600,1505,341,920.0,920.2324054804186,592.9418830000941,1634.362343000248,0.0
1772204675,10,,Aggregated,8.100000,0.800000,920,970,990,1000,1100,1100,1200,1400,1600,1600,1600,1513,346,920.0,920.5156657052414,592.9418830000941,1634.362343000248,0.0
1772204676,10,,Aggregated,7.500000,1.200000,920,970,990,1000,1100,1100,1200,1400,1600,1600,1600,1522,353,920.0,921.2629077792554,592.9418830000941,1634.362343000248,0.0
1772204677,10,,Aggregated,7.800000,1.900000,920,970,990,1000,1100,1100,1200,1400,1600,1600,1600,1527,355,920.0,921.2928863562722,592.9418830000941,1634.362343000248,0.0
1772204678,10,,Aggregated,7.800000,2.600000,920,970,1000,1000,1100,1100,1200,1400,1600,1600,1600,1535,360,920.0,921.8686972781951,592.9418830000941,1634.362343000248,0.0
1772204679,10,,Aggregated,7.400000,2.700000,920,970,1000,1000,1100,1100,1200,1400,1600,1600,1600,1545,367,920.0,922.2918470394982,592.9418830000941,1634.362343000248,0.0
1772204680,10,,Aggregated,7.500000,3.300000,920,970,1000,1000,1100,1100,1200,1400,1600,1600,1600,1549,368,920.0,922.1528034131841,592.9418830000941,1634.362343000248,0.0
1772204681,10,,Aggregated,7.500000,3.300000,920,970,1000,1000,1100,1100,1200,1400,1600,1600,1600,1557,373,920.0,922.5150072864625,592.9418830000941,1634.362343000248,0.0
1772204682,10,,Aggregated,7.200000,3.700000,920,970,1000,1000,1100,1100,1300,1400,1600,1600,1600,1567,382,920.0,924.2116125207541,592.9418830000941,1634.362343000248,0.0
1772204683,10,,Aggregated,7.600000,4.200000,920,970,1000,1000,1100,1100,1300,1400,1600,1600,1600,1569,383,920.0,924.3141085226396,592.9418830000941,1634.362343000248,0.0
1772204684,10,,Aggregated,7.100000,4.300000,920,970,1000,1000,1100,1200,1300,1500,1900,2000,2000,1577,391,920.0,928.9915528909441,592.9418830000941,1950.5372120001994,0.0
1772204685,10,,Aggregated,7.100000,4.300000,920,970,1000,1000,1100,1200,1300,1500,1900,2000,2000,1579,393,920.0,929.8486755123618,592.9418830000941,1950.5372120001994,0.0
1772204686,10,,Aggregated,6.800000,4.600000,920,970,1000,1000,1100,1200,1300,1600,1900,2000,2000,1581,395,920.0,930.8808985743327,592.9418830000941,1950.5372120001994,0.0
1772204687,10,,Aggregated,6.600000,4.700000,920,970,1000,1000,1100,1200,1500,1700,2000,2200,2200,1591,403,920.0,935.5003331093764,592.9418830000941,2231.2786120000965,0.0
1772204688,10,,Aggregated,5.900000,4.100000,920,970,1000,1000,1100,1200,1500,1700,2000,2200,2200,1600,409,920.0,935.9811455437615,592.9418830000941,2231.2786120000965,0.0
1772204689,10,,Aggregated,6.500000,4.900000,920,970,1000,1000,1100,1200,1500,1700,2000,2200,2200,1605,412,920.0,936.2481042093573,592.9418830000941,2231.2786120000965,0.0
1772204690,10,,Aggregated,6.100000,4.600000,920,980,1000,1000,1100,1200,1500,1700,2000,2200,2200,1612,417,920.0,936.652340737605,592.9418830000941,2231.2786120000965,0.0
1772204691,10,,Aggregated,5.700000,4.200000,920,980,1000,1000,1100,1200,1500,1700,2000,2200,2200,1621,422,920.0,937.0872984188907,592.9418830000941,2231.2786120000965,0.0
1772204692,10,,Aggregated,6.300000,5.000000,920,980,1000,1000,1100,1200,1500,1700,2000,2200,2200,1626,423,920.0,936.960615512314,592.9418830000941,2231.2786120000965,0.0
1772204693,10,,Aggregated,5.900000,4.400000,920,980,1000,1000,1100,1200,1500,1700,2000,2200,2200,1636,427,920.0,937.0411330776407,592.9418830000941,2231.2786120000965,0.0
1772204694,10,,Aggregated,6.300000,4.500000,920,980,1000,1000,1100,1200,1500,1700,2000,2200,2200,1646,431,920.0,937.099290659182,592.9418830000941,2231.2786120000965,0.0
1772204695,10,,Aggregated,6.500000,4.500000,920,980,1000,1000,1100,1200,1500,1700,2000,2200,2200,1650,432,920.0,937.1238456387956,592.9418830000941,2231.2786120000965,0.0
1772204696,10,,Aggregated,6.500000,4.500000,920,980,1000,1000,1100,1200,1500,1700,2000,2200,2200,1657,437,920.0,937.3660801321732,592.9418830000941,2231.2786120000965,0.0
1772204697,10,,Aggregated,6.800000,3.800000,930,980,1000,1000,1100,1200,1500,1700,2000,2200,2200,1667,443,930.0,937.7932433365407,592.9418830000941,2231.2786120000965,0.0
1772204698,10,,Aggregated,7.700000,4.300000,930,980,1000,1000,1100,1200,1500,1700,2000,2200,2200,1674,445,930.0,937.7516529020374,592.9418830000941,2231.2786120000965,0.0
1772204699,10,,Aggregated,7.300000,3.900000,930,980,1000,1000,1100,1200,1500,1700,2000,2200,2200,1682,446,930.0,937.5735954464964,592.9418830000941,2231.2786120000965,0.0
1772204700,10,,Aggregated,7.500000,3.800000,930,980,1000,1000,1100,1200,1500,1700,2000,2200,2200,1690,448,930.0,937.5672746680499,592.9418830000941,2231.2786120000965,0.0
1772204701,10,,Aggregated,7.800000,3.700000,930,980,1000,1000,1100,1200,1500,1700,2000,2200,2200,1699,454,930.0,937.9000889717504,592.9418830000941,2231.2786120000965,0.0
1772204702,10,,Aggregated,7.700000,3.100000,930,980,1000,1000,1100,1200,1400,1600,2000,2200,2200,1705,454,930.0,937.5809362375386,592.9418830000941,2231.2786120000965,0.0
1772204703,10,,Aggregated,7.600000,3.100000,930,980,1000,1000,1100,1200,1400,1600,2000,2200,2200,1713,456,930.0,937.5003883736154,592.9418830000941,2231.2786120000965,0.0
1772204704,10,,Aggregated,7.700000,3.100000,930,980,1000,1000,1100,1200,1400,1600,2000,2200,2200,1723,457,930.0,937.3442999872328,592.9418830000941,2231.2786120000965,0.0
1772204705,10,,Aggregated,7.900000,2.900000,930,980,1000,1000,1100,1200,1400,1600,2000,2200,2200,1730,458,930.0,937.4376162329478,592.9418830000941,2231.2786120000965,0.0
1772204706,10,,Aggregated,7.800000,2.800000,930,980,1000,1000,1100,1200,1400,1600,2000,2200,2200,1737,458,930.0,937.0476279407036,592.9418830000941,2231.2786120000965,0.0
1772204707,10,,Aggregated,7.800000,2.600000,930,980,1000,1000,1100,1200,1400,1600,2000,2200,2200,1746,458,930.0,936.9239394427273,592.9418830000941,2231.2786120000965,0.0
1772204708,10,,Aggregated,7.800000,2.100000,930,980,1000,1000,1100,1200,1400,1600,2000,2200,2200,1753,463,930.0,937.2670285784365,592.9418830000941,2231.2786120000965,0.0
1772204709,10,,Aggregated,8.000000,1.600000,930,980,1000,1000,1100,1200,1400,1600,2000,2200,2200,1760,466,930.0,937.481869272157,592.9418830000941,2231.2786120000965,0.0
1772204710,10,,Aggregated,7.800000,1.400000,930,980,1000,1000,1100,1200,1400,1600,2000,2200,2200,1768,466,930.0,937.2849360039564,592.9418830000941,2231.2786120000965,0.0
1772204711,10,,Aggregated,7.800000,2.000000,930,980,1000,1000,1100,1200,1400,1600,2000,2200,2200,1778,468,930.0,937.3380541141722,592.9418830000941,2231.2786120000965,0.0
1772204712,10,,Aggregated,7.500000,1.800000,930,980,1000,1000,1100,1200,1400,1600,2000,2200,2200,1783,469,930.0,937.2287920588857,592.9418830000941,2231.2786120000965,0.0
1772204713,10,,Aggregated,7.800000,1.800000,930,980,1000,1000,1100,1200,1400,1600,2000,2200,2200,1791,470,930.0,937.1236746739214,592.9418830000941,2231.2786120000965,0.0
1772204714,10,,Aggregated,7.800000,1.400000,930,980,1000,1000,1100,1200,1400,1600,2000,2200,2200,1801,475,930.0,937.3643415730123,592.9418830000941,2231.2786120000965,0.0
1772204715,10,,Aggregated,7.700000,1.400000,930,980,1000,1000,1100,1200,1400,1600,2000,2200,2200,1808,475,930.0,936.83834969469,592.9418830000941,2231.2786120000965,0.0
1772204716,10,,Aggregated,7.500000,1.400000,930,980,1000,1000,1100,1200,1400,1600,2000,2200,2200,1816,477,930.0,936.754600011014,592.9418830000941,2231.2786120000965,0.0
1772204717,10,,Aggregated,7.700000,1.800000,930,980,1000,1000,1100,1200,1400,1600,2000,2200,2200,1825,479,930.0,936.5546878476736,592.9418830000941,2231.2786120000965,0.0
1772204718,10,,Aggregated,7.600000,1.800000,930,980,1000,1000,1100,1200,1400,1600,2000,2200,2200,1834,481,930.0,936.4632485419876,592.9418830000941,2231.2786120000965,0.0
1772204719,10,,Aggregated,7.500000,2.000000,930,980,1000,1000,1100,1200,1400,1600,2000,2200,2200,1839,481,930.0,936.1306212528574,592.9418830000941,2231.2786120000965,0.0
1772204720,10,,Aggregated,7.900000,2.100000,930,980,1000,1000,1100,1200,1400,1600,2000,2200,2200,1848,483,930.0,936.1925419659124,592.9418830000941,2231.2786120000965,0.0
1772204721,10,,Aggregated,7.900000,1.500000,930,980,1000,1000,1100,1200,1400,1600,2000,2200,2200,1858,490,930.0,936.7028205656644,592.9418830000941,2231.2786120000965,0.0
1772204722,10,,Aggregated,8.000000,1.600000,930,980,1000,1000,1100,1200,1400,1600,2000,2200,2200,1861,491,930.0,936.5646136883423,592.9418830000941,2231.2786120000965,0.0
1772204723,10,,Aggregated,7.900000,1.700000,930,980,1000,1000,1100,1200,1400,1600,2000,2200,2200,1870,499,930.0,937.277047177008,592.9418830000941,2231.2786120000965,0.0
1772204724,10,,Aggregated,7.900000,2.200000,930,980,1000,1000,1100,1200,1400,1600,2000,2200,2200,1880,508,930.0,938.1592377452181,592.9418830000941,2231.2786120000965,0.0
1772204725,10,,Aggregated,7.400000,2.300000,930,980,1000,1000,1100,1200,1400,1600,2000,2200,2200,1882,509,930.0,938.1906344086127,592.9418830000941,2231.2786120000965,0.0
1772204726,10,,Aggregated,7.700000,2.800000,930,980,1000,1000,1100,1200,1400,1600,2000,2200,2200,1891,517,930.0,939.0712279011144,592.9418830000941,2231.2786120000965,0.0
1772204727,10,,Aggregated,7.800000,3.300000,930,980,1000,1000,1100,1200,1400,1600,2000,2200,2200,1901,526,930.0,940.0669951099468,592.9418830000941,2231.2786120000965,0.0
1772204728,10,,Aggregated,7.400000,3.600000,930,980,1000,1000,1100,1200,1400,1600,2000,2200,2200,1904,526,930.0,939.9290784217479,592.9418830000941,2231.2786120000965,0.0
1772204729,10,,Aggregated,7.300000,3.900000,930,980,1000,1000,1100,1200,1400,1600,2000,2200,2200,1912,532,930.0,940.5028982651739,592.9418830000941,2231.2786120000965,0.0
1772204730,10,,Aggregated,7.400000,4.700000,930,980,1000,1000,1100,1200,1400,1600,2000,2200,2200,1922,539,930.0,941.2374904224835,592.9418830000941,2231.2786120000965,0.0
1772204731,10,,Aggregated,6.800000,4.500000,930,980,1000,1000,1100,1200,1400,1600,2000,2200,2200,1924,539,930.0,940.8657605171587,573.8028699997813,2231.2786120000965,0.0
1772204732,10,,Aggregated,7.000000,5.000000,930,980,1000,1000,1100,1200,1400,1600,2000,2200,2200,1934,549,930.0,942.2010539710539,573.8028699997813,2231.2786120000965,0.0
1772204733,10,,Aggregated,7.400000,5.600000,930,980,1000,1000,1100,1200,1400,1600,2000,2200,2200,1944,555,930.0,942.6796698153379,573.8028699997813,2231.2786120000965,0.0
1772204734,10,,Aggregated,6.500000,4.900000,930,980,1000,1000,1100,1200,1400,1600,2000,2200,2200,1947,555,930.0,942.5049569460814,573.8028699997813,2231.2786120000965,0.0
1772204736,10,,Aggregated,7.100000,5.600000,930,980,1000,1000,1100,1200,1300,1600,2000,2200,2200,1957,560,930.0,942.844617087389,573.8028699997813,2231.2786120000965,0.0
1772204737,10,,Aggregated,7.400000,5.600000,930,980,1000,1000,1100,1200,1300,1600,2000,2200,2200,1967,565,930.0,943.1863645205988,573.8028699997813,2231.2786120000965,0.0
1772204738,10,,Aggregated,7.200000,4.800000,930,980,1000,1000,1100,1200,1300,1600,2000,2200,2200,1971,569,930.0,943.522359342982,573.8028699997813,2231.2786120000965,0.0
1772204739,10,,Aggregated,7.600000,4.800000,930,980,1000,1000,1100,1200,1300,1600,2000,2200,2200,1978,575,930.0,943.9625358913147,573.8028699997813,2231.2786120000965,0.0
1772204740,10,,Aggregated,7.600000,4.800000,930,990,1000,1000,1100,1200,1300,1600,2000,2200,2200,1987,584,930.0,945.2312797352897,573.8028699997813,2231.2786120000965,0.0
1772204741,10,,Aggregated,7.300000,4.900000,930,990,1000,1000,1100,1200,1300,1600,2000,2200,2200,1990,586,930.0,945.2734972241311,573.8028699997813,2231.2786120000965,0.0
1772204742,10,,Aggregated,7.400000,5.200000,940,990,1000,1000,1100,1200,1300,1600,2000,2200,2200,2000,593,940.0,945.5873279620104,573.8028699997813,2231.2786120000965,0.0
1772204743,10,,Aggregated,7.400000,5.200000,940,990,1000,1000,1100,1200,1300,1600,1900,2200,2200,2008,597,940.0,945.8742080323811,573.8028699997813,2231.2786120000965,0.0
1772204744,10,,Aggregated,7.500000,5.400000,940,990,1000,1000,1100,1200,1300,1600,1900,2200,2200,2014,599,940.0,945.9112939121253,573.8028699997813,2231.2786120000965,0.0
1772204745,10,,Aggregated,7.400000,4.800000,940,990,1000,1000,1100,1200,1300,1600,1900,2200,2200,2024,605,940.0,945.9205849501102,573.8028699997813,2231.2786120000965,0.0
1772204746,10,,Aggregated,6.900000,4.300000,940,990,1000,1000,1100,1200,1300,1600,1900,2200,2200,2033,608,940.0,945.8855828642529,573.8028699997813,2231.2786120000965,0.0
1772204747,10,,Aggregated,7.600000,5.000000,940,990,1000,1000,1100,1200,1300,1600,1900,2200,2200,2037,608,940.0,945.5513179671213,573.8028699997813,2231.2786120000965,0.0
1772204748,10,,Aggregated,7.300000,4.800000,940,990,1000,1000,1100,1200,1300,1600,1900,2200,2200,2047,611,940.0,945.5476179545802,573.8028699997813,2231.2786120000965,0.0
1772204749,10,,Aggregated,6.900000,4.300000,940,990,1000,1000,1100,1200,1300,1600,1900,2200,2200,2056,615,940.0,945.7072902670337,573.8028699997813,2231.2786120000965,0.0
1772204750,10,,Aggregated,7.500000,4.300000,940,990,1000,1000,1100,1200,1300,1600,1900,2200,2200,2062,617,940.0,945.6948229030176,573.8028699997813,2231.2786120000965,0.0
1772204751,10,,Aggregated,7.600000,4.000000,940,990,1000,1000,1100,1200,1300,1600,1900,2200,2200,2068,618,940.0,945.6874163041697,573.8028699997813,2231.2786120000965,0.0
1772204752,10,,Aggregated,7.200000,3.100000,940,990,1000,1000,1100,1200,1300,1600,1900,2200,2200,2078,622,940.0,945.8233401169508,573.8028699997813,2231.2786120000965,0.0
1772204753,10,,Aggregated,7.800000,3.300000,940,990,1000,1000,1100,1200,1300,1600,1900,2200,2200,2087,627,940.0,946.114022519417,573.8028699997813,2231.2786120000965,0.0
1772204754,10,,Aggregated,7.800000,3.300000,940,990,1000,1000,1100,1200,1300,1600,1900,2200,2200,2091,628,940.0,945.8864325394665,573.8028699997813,2231.2786120000965,0.0
1772204755,10,,Aggregated,7.300000,2.500000,940,990,1000,1000,1100,1200,1300,1600,1900,2200,2200,2101,637,940.0,946.686304034758,573.8028699997813,2231.2786120000965,0.0
1772204756,10,,Aggregated,7.800000,3.000000,940,990,1000,1000,1100,1200,1300,1600,1900,2200,2200,2108,641,940.0,946.8192155697454,573.8028699997813,2231.2786120000965,0.0
1772204757,10,,Aggregated,7.700000,3.200000,940,990,1000,1000,1100,1200,1300,1600,1900,2200,2200,2115,644,940.0,946.6936615839362,573.8028699997813,2231.2786120000965,0.0
1772204758,10,,Aggregated,7.400000,2.900000,940,990,1000,1000,1100,1200,1300,1600,1900,2200,2200,2125,644,940.0,946.4476152371896,573.8028699997813,2231.2786120000965,0.0
1772204759,10,,Aggregated,7.700000,3.600000,940,990,1000,1000,1100,1200,1300,1600,1900,2200,2200,2133,645,940.0,946.2988358823386,573.8028699997813,2231.2786120000965,0.0
1772204760,10,,Aggregated,7.600000,3.300000,940,990,1000,1000,1100,1200,1300,1600,1900,2200,2200,2139,648,940.0,946.4442282318969,573.8028699997813,2231.2786120000965,0.0
1772204761,10,,Aggregated,7.600000,2.900000,940,990,1000,1000,1100,1200,1300,1600,1900,2200,2200,2148,652,940.0,946.4123161243144,573.8028699997813,2231.2786120000965,0.0
1772204762,10,,Aggregated,7.800000,3.100000,940,990,1000,1000,1100,1200,1300,1600,1900,2200,2200,2155,652,940.0,945.9448201563936,573.8028699997813,2231.2786120000965,0.0
1772204763,10,,Aggregated,7.700000,3.400000,940,990,1000,1000,1100,1200,1300,1600,1900,2200,2200,2164,655,940.0,946.0447693322669,573.8028699997813,2231.2786120000965,0.0
1772204764,10,,Aggregated,7.500000,3.000000,940,990,1000,1000,1100,1200,1300,1600,1900,2200,2200,2170,656,940.0,945.907053902776,573.8028699997813,2231.2786120000965,0.0
1772204765,10,,Aggregated,7.800000,3.200000,940,990,1000,1000,1100,1200,1300,1600,1900,2200,2200,2180,659,940.0,945.8985398298257,573.8028699997813,2231.2786120000965,0.0
1772204766,10,,Aggregated,7.600000,2.700000,940,990,1000,1000,1100,1200,1300,1600,1900,2200,2200,2190,665,940.0,946.104503034712,573.8028699997813,2231.2786120000965,0.0
1772204767,10,,Aggregated,7.500000,2.200000,940,990,1000,1000,1100,1200,1300,1600,1900,2200,2200,2195,667,940.0,946.1254594592348,573.8028699997813,2231.2786120000965,0.0
1772204768,10,,Aggregated,7.700000,2.200000,940,990,1000,1000,1100,1200,1300,1600,1900,2200,2200,2204,671,940.0,946.0155439473768,573.8028699997813,2231.2786120000965,0.0
1772204769,10,,Aggregated,7.700000,2.100000,940,990,1000,1000,1100,1200,1300,1600,1900,2200,2200,2212,672,940.0,946.0428449878013,573.8028699997813,2231.2786120000965,0.0
1772204770,10,,Aggregated,7.900000,2.700000,940,990,1000,1000,1100,1200,1300,1600,1900,2200,2200,2219,672,940.0,945.693524920693,573.8028699997813,2231.2786120000965,0.0
1772204771,10,,Aggregated,7.600000,2.700000,940,990,1000,1000,1100,1200,1300,1600,1900,2200,2200,2227,674,940.0,945.480554904363,573.8028699997813,2231.2786120000965,0.0
1772204772,10,,Aggregated,7.800000,2.600000,940,990,1000,1000,1100,1200,1300,1600,1900,2200,2200,2236,674,940.0,945.1595461055522,573.8028699997813,2231.2786120000965,0.0
1772204773,10,,Aggregated,7.900000,2.200000,940,990,1000,1000,1100,1200,1300,1600,1900,2200,2200,2243,674,940.0,944.8789912697339,573.8028699997813,2231.2786120000965,0.0
1772204774,10,,Aggregated,7.800000,2.200000,940,990,1000,1000,1100,1200,1300,1600,1900,2200,2200,2250,674,940.0,944.7092964782277,573.8028699997813,2231.2786120000965,0.0
1772204775,10,,Aggregated,7.900000,2.000000,940,990,1000,1000,1100,1200,1300,1600,1900,2200,2200,2260,679,940.0,945.0273264668195,573.8028699997813,2231.2786120000965,0.0
1772204776,10,,Aggregated,8.000000,1.900000,940,990,1000,1000,1100,1200,1300,1600,1900,2200,2200,2265,680,940.0,944.9362803284823,573.8028699997813,2231.2786120000965,0.0
1772204777,10,,Aggregated,7.700000,1.500000,940,990,1000,1000,1100,1200,1300,1600,1900,2200,2200,2272,681,940.0,944.9481541320481,573.8028699997813,2231.2786120000965,0.0
1772204778,10,,Aggregated,8.000000,2.000000,940,990,1000,1000,1100,1200,1300,1600,1900,2200,2200,2282,687,940.0,945.2507810451394,573.8028699997813,2231.2786120000965,0.0
1772204779,10,,Aggregated,8.000000,1.600000,940,990,1000,1000,1100,1200,1300,1600,1900,2200,2200,2291,690,940.0,945.2792549960753,573.8028699997813,2231.2786120000965,0.0
1772204780,10,,Aggregated,7.400000,1.100000,940,990,1000,1000,1100,1200,1300,1600,1900,2200,2200,2295,691,940.0,945.1801263442313,573.8028699997813,2231.2786120000965,0.0
1772204781,10,,Aggregated,7.700000,1.600000,940,990,1000,1000,1100,1200,1300,1600,1900,2200,2200,2304,697,940.0,945.4810659869844,573.8028699997813,2231.2786120000965,0.0
1772204782,10,,Aggregated,7.700000,1.800000,940,990,1000,1000,1100,1200,1300,1600,1900,2200,2200,2312,703,940.0,945.7749335579639,573.8028699997813,2231.2786120000965,0.0
1772204783,10,,Aggregated,7.200000,1.700000,940,990,1000,1000,1100,1200,1300,1600,1900,2200,2200,2316,704,940.0,945.7306550133895,573.8028699997813,2231.2786120000965,0.0
1772204784,10,,Aggregated,7.500000,2.300000,940,990,1000,1000,1100,1200,1300,1600,1900,2200,2200,2327,712,940.0,946.0449814972101,573.8028699997813,2231.2786120000965,0.0
1772204785,10,,Aggregated,7.700000,3.000000,940,990,1000,1000,1100,1200,1300,1600,1900,2200,2200,2335,716,940.0,946.1464390950788,573.8028699997813,2231.2786120000965,0.0
1772204786,10,,Aggregated,7.200000,3.300000,940,990,1000,1000,1100,1200,1300,1600,1900,2200,2200,2338,717,940.0,946.1553144071903,573.8028699997813,2231.2786120000965,0.0
1772204787,10,,Aggregated,7.500000,3.800000,940,990,1000,1000,1100,1200,1300,1600,1900,2200,2200,2348,726,940.0,947.8196620864608,573.8028699997813,2231.2786120000965,0.0
1772204788,10,,Aggregated,7.400000,3.700000,940,990,1000,1000,1100,1200,1300,1600,1900,2200,2200,2353,728,940.0,947.9240678682562,573.8028699997813,2231.2786120000965,0.0
1772204789,10,,Aggregated,6.800000,3.600000,940,990,1000,1000,1100,1200,1300,1600,1900,2200,2200,2361,731,940.0,947.9566552160136,573.8028699997813,2231.2786120000965,0.0
1772204790,10,,Aggregated,7.400000,4.400000,940,990,1000,1000,1100,1200,1300,1600,1900,2200,2200,2370,734,940.0,947.8875364911416,573.8028699997813,2231.2786120000965,0.0
1772204791,10,,Aggregated,7.500000,4.400000,940,990,1000,1000,1100,1200,1300,1600,1900,2200,2200,2379,734,940.0,947.4623813030722,573.8028699997813,2231.2786120000965,0.0
1772204792,10,,Aggregated,6.900000,4.100000,940,990,1000,1000,1100,1200,1300,1600,1900,2200,2200,2386,735,940.0,947.3280587443458,573.8028699997813,2231.2786120000965,0.0
1772204793,10,,Aggregated,7.600000,4.300000,940,990,1000,1000,1100,1200,1300,1600,1900,2200,2200,2394,735,940.0,947.0449480772799,573.8028699997813,2231.2786120000965,0.0
1772204794,10,,Aggregated,7.400000,3.700000,940,990,1000,1000,1100,1200,1300,1600,1900,2200,2200,2404,735,940.0,946.6195472125657,573.8028699997813,2231.2786120000965,0.0
1772204796,10,,Aggregated,7.100000,3.100000,940,990,1000,1000,1100,1200,1300,1600,1900,2200,2200,2413,738,940.0,946.5834755955281,573.8028699997813,2231.2786120000965,0.0
1772204797,10,,Aggregated,7.700000,2.300000,940,990,1000,1000,1100,1200,1300,1600,1900,2200,2200,2420,740,940.0,946.4403483566151,573.8028699997813,2231.2786120000965,0.0
1772204798,10,,Aggregated,7.700000,2.300000,940,990,1000,1000,1100,1200,1300,1600,1900,2200,2200,2426,740,940.0,946.2543681900275,573.8028699997813,2231.2786120000965,0.0
1772204799,10,,Aggregated,7.800000,2.200000,940,990,1000,1000,1100,1200,1300,1600,1900,2200,2200,2436,747,940.0,946.4314798587874,573.8028699997813,2231.2786120000965,0.0
1772204800,10,,Aggregated,7.800000,1.400000,940,990,1000,1000,1100,1200,1300,1600,1900,2200,2200,2445,749,940.0,946.2652078760763,573.8028699997813,2231.2786120000965,0.0
1772204801,10,,Aggregated,7.900000,1.600000,940,990,1000,1000,1100,1200,1300,1600,1900,2200,2200,2450,750,940.0,946.159531919596,573.8028699997813,2231.2786120000965,0.0
1772204802,10,,Aggregated,8.200000,1.700000,940,990,1000,1000,1100,1200,1300,1600,1900,2200,2200,2459,753,940.0,946.1436588438427,573.8028699997813,2231.2786120000965,0.0
1772204803,10,,Aggregated,7.800000,1.600000,940,990,1000,1000,1100,1200,1300,1600,1900,2200,2200,2469,755,940.0,946.0452217023147,573.8028699997813,2231.2786120000965,0.0
1772204804,10,,Aggregated,7.900000,1.900000,940,990,1000,1000,1100,1200,1300,1600,1900,2200,2200,2475,756,940.0,945.8708094880866,573.8028699997813,2231.2786120000965,0.0
1772204805,10,,Aggregated,7.900000,1.900000,940,990,1000,1000,1100,1200,1300,1600,1900,2200,2200,2483,760,940.0,945.7276229951748,553.0130300012388,2231.2786120000965,0.0
1772204806,10,,Aggregated,7.900000,2.000000,940,990,1000,1000,1100,1200,1300,1600,1900,2200,2200,2493,761,940.0,945.541629281195,553.0130300012388,2231.2786120000965,0.0
1772204807,10,,Aggregated,7.900000,2.500000,940,990,1000,1000,1100,1200,1300,1600,1900,2200,2200,2500,761,940.0,945.4070528056078,553.0130300012388,2231.2786120000965,0.0
1772204808,10,,Aggregated,7.800000,2.300000,940,990,1000,1000,1100,1200,1300,1500,1900,2200,2200,2507,762,940.0,945.4192040582456,553.0130300012388,2231.2786120000965,0.0
1772204809,10,,Aggregated,7.800000,2.300000,940,990,1000,1000,1100,1200,1300,1500,1900,2200,2200,2510,765,940.0,945.6875368012039,553.0130300012388,2231.2786120000965,0.0
1772204810,10,,Aggregated,7.900000,2.200000,940,990,1000,1000,1100,1200,1300,1600,1900,2200,2200,2516,771,940.0,947.6057931395173,553.0130300012388,2231.2786120000965,0.0
1772204811,10,,Aggregated,7.400000,1.800000,940,990,1000,1000,1100,1200,1400,1600,1900,2200,2200,2525,775,940.0,948.5685314499112,553.0130300012388,2231.2786120000965,0.0
1772204812,10,,Aggregated,7.400000,1.800000,940,990,1000,1000,1100,1200,1400,1600,1900,2200,2200,2529,775,940.0,948.5170727599949,553.0130300012388,2231.2786120000965,0.0
1772204813,10,,Aggregated,7.500000,2.500000,940,990,1000,1000,1100,1200,1400,1600,1900,2200,2200,2539,784,940.0,949.5155739291175,553.0130300012388,2231.2786120000965,0.0
1772204814,10,,Aggregated,7.100000,2.200000,940,990,1000,1000,1100,1200,1400,1600,1900,2200,2200,2547,788,940.0,949.5860142799485,553.0130300012388,2231.2786120000965,0.0
1772204815,10,,Aggregated,7.000000,2.700000,940,990,1000,1000,1100,1200,1400,1600,1900,2200,2200,2553,788,940.0,949.4351415664041,553.0130300012388,2231.2786120000965,0.0
1772204816,10,,Aggregated,7.000000,2.700000,940,990,1000,1000,1100,1200,1400,1600,1900,2200,2200,2561,790,940.0,949.494051824689,553.0130300012388,2231.2786120000965,0.0
1772204817,10,,Aggregated,6.800000,2.800000,940,990,1000,1000,1100,1200,1400,1600,1900,2200,2200,2570,796,940.0,949.8807564439801,553.0130300012388,2231.2786120000965,0.0
1772204818,10,,Aggregated,7.000000,2.900000,940,990,1000,1000,1100,1200,1400,1600,1900,2200,2200,2576,801,940.0,950.2411659464391,553.0130300012388,2231.2786120000965,0.0
1772204819,10,,Aggregated,6.900000,3.200000,940,990,1000,1000,1100,1200,1400,1600,1900,2200,2200,2585,804,940.0,950.1087566027195,553.0130300012388,2231.2786120000965,0.0
1772204820,10,,Aggregated,6.900000,3.800000,940,990,1000,1000,1100,1200,1400,1600,1900,2200,2200,2594,804,940.0,949.8037074533637,550.6797199996072,2231.2786120000965,0.0
1772204821,10,,Aggregated,7.100000,3.800000,940,990,1000,1000,1100,1200,1400,1600,1900,2200,2200,2601,804,940.0,949.6614490672903,550.6797199996072,2231.2786120000965,0.0
1772204822,10,,Aggregated,7.600000,3.400000,940,990,1000,1000,1100,1200,1400,1600,1900,2200,2200,2609,804,940.0,949.3513156868622,550.6797199996072,2231.2786120000965,0.0
1772204823,10,,Aggregated,7.400000,2.900000,940,990,1000,1000,1100,1200,1400,1600,1900,2200,2200,2615,805,940.0,949.3672163483839,550.6797199996072,2231.2786120000965,0.0
1772204824,10,,Aggregated,7.800000,2.900000,940,990,1000,1000,1100,1200,1400,1600,1900,2200,2200,2623,811,940.0,949.6773130141157,550.6797199996072,2231.2786120000965,0.0
1772204825,10,,Aggregated,7.700000,2.200000,940,990,1000,1000,1100,1200,1400,1600,1900,2200,2200,2631,814,940.0,949.7614505283243,550.6797199996072,2231.2786120000965,0.0
1772204826,10,,Aggregated,7.700000,2.400000,940,990,1000,1000,1100,1200,1400,1600,1900,2200,2200,2641,822,940.0,950.0873638746781,550.6797199996072,2231.2786120000965,0.0
1772204827,10,,Aggregated,7.800000,2.600000,940,990,1000,1000,1100,1200,1400,1600,1900,2200,2200,2646,822,940.0,949.7905675060553,550.6797199996072,2231.2786120000965,0.0
1772204828,10,,Aggregated,7.300000,2.600000,940,990,1000,1000,1100,1200,1400,1600,1900,2200,2200,2656,822,940.0,949.6061272891656,550.6797199996072,2231.2786120000965,0.0
1772204829,10,,Aggregated,7.600000,2.900000,940,990,1000,1000,1100,1200,1400,1600,1900,2200,2200,2664,822,940.0,949.1257996114954,550.6797199996072,2231.2786120000965,0.0
1772204830,10,,Aggregated,7.800000,2.200000,940,990,1000,1000,1100,1200,1400,1600,1900,2200,2200,2672,822,940.0,948.8437482077198,550.6797199996072,2231.2786120000965,0.0
1772204831,10,,Aggregated,8.000000,1.900000,940,990,1000,1000,1100,1200,1400,1600,1900,2200,2200,2680,822,940.0,948.649206308593,550.6797199996072,2231.2786120000965,0.0
1772204832,10,,Aggregated,7.700000,1.800000,940,990,1000,1000,1100,1200,1400,1600,1900,2200,2200,2689,822,940.0,948.3736938322893,550.6797199996072,2231.2786120000965,0.0
1772204833,10,,Aggregated,7.900000,1.800000,940,990,1000,1000,1100,1200,1400,1600,1900,2200,2200,2698,825,940.0,948.422928807274,550.6797199996072,2231.2786120000965,0.0
1772204834,10,,Aggregated,7.700000,1.800000,940,990,1000,1000,1100,1200,1400,1600,1900,2200,2200,2701,825,940.0,948.3517522499175,550.6797199996072,2231.2786120000965,0.0
1772204835,10,,Aggregated,7.600000,1.800000,940,990,1000,1000,1100,1200,1400,1600,1900,2200,2200,2711,831,940.0,948.4052184485537,550.6797199996072,2231.2786120000965,0.0
1772204836,10,,Aggregated,7.800000,1.500000,940,990,1000,1000,1100,1200,1400,1600,1900,2200,2200,2720,837,940.0,948.4560223834671,550.6797199996072,2231.2786120000965,0.0
1772204837,10,,Aggregated,7.800000,1.500000,940,990,1000,1000,1100,1200,1400,1600,1900,2200,2200,2722,837,940.0,948.2984391469613,550.6797199996072,2231.2786120000965,0.0
1772204838,10,,Aggregated,7.800000,1.500000,940,990,1000,1000,1100,1200,1400,1600,1900,2200,2200,2732,846,940.0,948.8961254037436,550.6797199996072,2231.2786120000965,0.0
1772204839,10,,Aggregated,7.900000,1.500000,940,990,1000,1000,1100,1200,1400,1600,1900,2200,2200,2742,853,940.0,949.1662490477845,550.6797199996072,2231.2786120000965,0.0
1772204840,10,,Aggregated,7.700000,2.200000,940,990,1000,1000,1100,1200,1400,1600,1900,2200,2200,2747,853,940.0,948.9131609268392,550.6797199996072,2231.2786120000965,0.0
1772204841,10,,Aggregated,7.300000,2.400000,940,990,1000,1000,1100,1200,1400,1600,1900,2200,2200,2754,857,940.0,949.0273455653701,550.6797199996072,2231.2786120000965,0.0
1772204842,10,,Aggregated,7.600000,3.100000,940,990,1000,1000,1100,1200,1400,1600,1900,2200,2200,2762,864,940.0,949.7297625767669,550.6797199996072,2231.2786120000965,0.0
1772204843,10,,Aggregated,7.400000,3.400000,940,990,1000,1000,1100,1200,1400,1600,1900,2200,2200,2767,866,940.0,949.8920263415364,550.6797199996072,2231.2786120000965,0.0
1772204844,10,,Aggregated,7.200000,3.600000,940,990,1000,1000,1100,1200,1400,1600,1900,2200,2200,2777,872,940.0,950.1761830961575,550.6797199996072,2231.2786120000965,0.0
1772204845,10,,Aggregated,7.500000,4.400000,940,990,1000,1000,1100,1200,1400,1600,1900,2200,2200,2785,873,940.0,950.1538422689517,550.6797199996072,2231.2786120000965,0.0
1772204846,10,,Aggregated,7.100000,4.400000,940,990,1000,1000,1100,1200,1400,1600,1900,2200,2200,2790,874,940.0,950.0546897426639,550.6797199996072,2231.2786120000965,0.0
1772204847,10,,Aggregated,6.900000,4.100000,940,990,1000,1000,1100,1200,1400,1600,1900,2200,2200,2799,878,940.0,950.0216644012269,550.6797199996072,2231.2786120000965,0.0
1772204848,10,,Aggregated,7.500000,4.300000,940,990,1000,1000,1100,1200,1400,1600,1900,2200,2200,2809,881,940.0,949.926892033832,550.6797199996072,2231.2786120000965,0.0
1772204849,10,,Aggregated,7.100000,3.800000,940,990,1000,1000,1100,1200,1400,1600,1900,2200,2200,2815,882,940.0,949.9097897495687,550.6797199996072,2231.2786120000965,0.0
1772204850,10,,Aggregated,7.200000,3.400000,940,990,1000,1000,1100,1200,1400,1600,1900,2200,2200,2822,883,940.0,949.786071294131,550.6797199996072,2231.2786120000965,0.0
1772204851,10,,Aggregated,7.500000,3.500000,940,990,1000,1000,1100,1200,1400,1600,1900,2200,2200,2831,890,940.0,950.1675568428255,550.6797199996072,2231.2786120000965,0.0
1772204852,10,,Aggregated,7.500000,3.000000,940,990,1000,1000,1100,1200,1400,1600,1900,2200,2200,2841,891,940.0,950.0104615973386,550.6797199996072,2231.2786120000965,0.0
1772204853,10,,Aggregated,7.300000,2.800000,940,990,1000,1000,1100,1200,1400,1600,1900,2200,2200,2846,891,940.0,949.8546810105545,550.6797199996072,2231.2786120000965,0.0
1772204854,10,,Aggregated,7.500000,3.200000,940,990,1000,1000,1100,1200,1300,1600,1900,2200,2200,2855,894,940.0,949.6890316399429,550.6797199996072,2231.2786120000965,0.0
1772204855,10,,Aggregated,7.600000,2.500000,940,990,1000,1000,1100,1200,1300,1600,1900,2200,2200,2864,894,940.0,949.4524704724294,550.6797199996072,2231.2786120000965,0.0
1772204856,10,,Aggregated,7.800000,2.300000,940,990,1000,1000,1100,1200,1300,1600,1900,2200,2200,2871,898,940.0,949.548861008372,550.6797199996072,2231.2786120000965,0.0
1772204857,10,,Aggregated,7.700000,2.200000,940,990,1000,1000,1100,1200,1300,1600,1900,2200,2200,2876,899,940.0,949.4821725980648,550.6797199996072,2231.2786120000965,0.0
1772204858,10,,Aggregated,7.800000,2.000000,940,990,1000,1000,1100,1200,1300,1600,1900,2200,2200,2885,907,940.0,949.7215654547781,550.6797199996072,2231.2786120000965,0.0
1772204859,10,,Aggregated,7.900000,2.400000,940,990,1000,1000,1100,1200,1300,1600,1900,2200,2200,2895,914,940.0,949.9930879972494,550.6797199996072,2231.2786120000965,0.0
1772204860,10,,Aggregated,7.600000,2.200000,940,990,1000,1000,1100,1200,1300,1600,1900,2200,2200,2899,915,940.0,950.0019061755908,550.6797199996072,2231.2786120000965,0.0
1772204861,10,,Aggregated,7.600000,2.600000,940,990,1000,1000,1100,1200,1300,1600,1900,2200,2200,2907,920,940.0,950.0743229246782,550.6797199996072,2231.2786120000965,0.0
1772204862,10,,Aggregated,7.600000,3.100000,940,990,1000,1000,1100,1200,1300,1600,1900,2200,2200,2915,926,940.0,950.3553680868063,550.6797199996072,2231.2786120000965,0.0
1772204863,10,,Aggregated,7.500000,3.100000,940,990,1000,1000,1100,1200,1300,1600,1900,2200,2200,2924,927,940.0,950.1696226980308,550.6797199996072,2231.2786120000965,0.0
1772204865,10,,Aggregated,7.600000,3.000000,940,990,1000,1000,1100,1200,1300,1600,1900,2200,2200,2931,930,940.0,950.1187631528621,550.6797199996072,2231.2786120000965,0.0
1772204866,10,,Aggregated,7.400000,3.500000,940,990,1000,1000,1100,1200,1300,1600,1900,2200,2200,2939,934,940.0,950.2302212994354,550.6797199996072,2231.2786120000965,0.0
1772204867,10,,Aggregated,7.600000,3.500000,940,990,1000,1000,1100,1200,1300,1600,1900,2200,2200,2949,936,940.0,950.0232239772936,550.6797199996072,2231.2786120000965,0.0
1772204868,10,,Aggregated,7.600000,3.600000,940,990,1000,1000,1100,1200,1300,1600,1900,2200,2200,2953,939,940.0,950.1348431347907,550.6797199996072,2231.2786120000965,0.0
1772204869,10,,Aggregated,7.400000,4.000000,940,990,1000,1000,1100,1200,1300,1600,1900,2200,2200,2962,945,940.0,950.5140971117613,550.6797199996072,2231.2786120000965,0.0
1772204870,10,,Aggregated,7.600000,3.900000,940,990,1000,1000,1100,1200,1300,1600,1900,2200,2200,2971,945,940.0,949.9856657697874,550.6797199996072,2231.2786120000965,0.0
1772204871,10,,Aggregated,7.700000,3.800000,940,990,1000,1000,1100,1200,1300,1600,1900,2200,2200,2979,946,940.0,949.9506480560727,550.6797199996072,2231.2786120000965,0.0
1772204872,10,,Aggregated,7.500000,3.100000,940,990,1000,1000,1100,1200,1300,1600,1900,2200,2200,2986,946,940.0,949.8422691115351,550.6797199996072,2231.2786120000965,0.0
1772204873,10,,Aggregated,7.500000,3.100000,940,990,1000,1000,1100,1200,1300,1600,1900,2200,2200,2992,952,940.0,950.042528396739,550.6797199996072,2231.2786120000965,0.0
1772204874,10,,Aggregated,7.700000,2.600000,940,990,1000,1000,1100,1200,1300,1600,1900,2200,2200,3002,960,940.0,950.7604556928858,550.6797199996072,2231.2786120000965,0.0
1772204875,10,,Aggregated,7.700000,2.600000,940,990,1000,1000,1100,1200,1300,1600,1900,2200,2200,3006,960,940.0,950.6415178779251,550.6797199996072,2231.2786120000965,0.0
1772204876,10,,Aggregated,7.400000,3.100000,940,990,1000,1000,1100,1200,1300,1600,1900,2200,2200,3015,963,940.0,950.6610675064808,550.6797199996072,2231.2786120000965,0.0
1772204877,10,,Aggregated,7.500000,3.000000,940,990,1000,1000,1100,1200,1300,1600,1900,2200,2200,3025,968,940.0,950.6356208572028,550.6797199996072,2231.2786120000965,0.0
1772204878,10,,Aggregated,7.500000,2.800000,940,990,1000,1000,1100,1200,1300,1600,1900,2200,2200,3029,970,940.0,950.6230179996817,550.6797199996072,2231.2786120000965,0.0
1772204879,10,,Aggregated,7.500000,2.800000,940,990,1000,1000,1100,1200,1300,1600,1900,2200,2200,3036,974,940.0,950.8118492496825,550.6797199996072,2231.2786120000965,0.0
1772204880,10,,Aggregated,7.300000,3.200000,940,990,1000,1000,1100,1200,1300,1600,1900,2200,2200,3046,979,940.0,950.9684921746665,550.6797199996072,2231.2786120000965,0.0
1772204881,10,,Aggregated,7.400000,2.900000,940,990,1000,1000,1100,1200,1300,1600,1900,2200,2200,3056,987,940.0,951.3141897702995,550.6797199996072,2231.2786120000965,0.0
1772204882,10,,Aggregated,7.400000,2.900000,940,990,1000,1000,1100,1200,1300,1600,1900,2200,2200,3059,987,940.0,951.106930186347,550.6797199996072,2231.2786120000965,0.0
1772204883,10,,Aggregated,7.200000,3.500000,940,990,1000,1000,1100,1200,1300,1600,1900,2200,2200,3069,990,940.0,951.0135115868476,550.6797199996072,2231.2786120000965,0.0
1772204884,10,,Aggregated,7.500000,4.100000,940,1000,1000,1000,1100,1200,1300,1600,1900,2200,2200,3078,996,940.0,951.2536575143059,550.6797199996072,2231.2786120000965,0.0
1772204885,10,,Aggregated,7.600000,3.800000,940,1000,1000,1000,1100,1200,1300,1600,1900,2200,2200,3083,1000,940.0,951.3122907239803,550.6797199996072,2231.2786120000965,0.0
1772204886,10,,Aggregated,7.600000,3.800000,940,1000,1000,1100,1100,1200,1300,1600,1900,2200,2200,3089,1003,940.0,951.446012502762,550.6797199996072,2231.2786120000965,0.0
1772204887,10,,Aggregated,7.700000,3.800000,940,1000,1000,1100,1100,1200,1300,1600,1900,2200,2200,3099,1011,940.0,951.7108659019134,550.6797199996072,2231.2786120000965,0.0
1772204888,10,,Aggregated,7.500000,4.100000,940,1000,1000,1100,1100,1200,1300,1600,1900,2200,2200,3109,1014,940.0,951.6745873792324,550.6797199996072,2231.2786120000965,0.0
1772204889,10,,Aggregated,7.700000,4.300000,940,1000,1000,1100,1100,1200,1300,1600,1900,2200,2200,3113,1014,940.0,951.4777974921407,550.6797199996072,2231.2786120000965,0.0
1772204890,10,,Aggregated,7.600000,4.400000,940,1000,1000,1100,1100,1200,1300,1600,1900,2200,2200,3121,1020,940.0,951.7865810134678,550.6797199996072,2231.2786120000965,0.0
1772204891,10,,Aggregated,7.500000,4.000000,940,1000,1000,1100,1100,1200,1300,1600,1900,2200,2200,3131,1027,940.0,952.1236583906193,550.6797199996072,2231.2786120000965,0.0
1772204892,10,,Aggregated,7.400000,4.100000,940,1000,1000,1100,1100,1200,1300,1600,1900,2200,2200,3136,1028,940.0,952.1176544528162,550.6797199996072,2231.2786120000965,0.0
1772204893,10,,Aggregated,7.600000,4.100000,940,1000,1000,1100,1100,1200,1300,1600,1900,2200,2200,3145,1033,940.0,952.1008530947634,550.6797199996072,2231.2786120000965,0.0
1772204894,10,,Aggregated,7.300000,4.000000,950,1000,1000,1100,1100,1200,1300,1600,1900,2200,2200,3153,1035,950.0,952.1745385112692,550.6797199996072,2231.2786120000965,0.0
1772204895,10,,Aggregated,7.300000,4.300000,950,1000,1000,1100,1100,1200,1300,1600,1900,2200,2200,3161,1037,950.0,952.1823712840971,550.6797199996072,2231.2786120000965,0.0
1772204896,10,,Aggregated,7.500000,3.800000,950,1000,1000,1100,1100,1200,1300,1600,1900,2200,2200,3169,1037,950.0,952.0131280883669,550.6797199996072,2231.2786120000965,0.0
1772204897,10,,Aggregated,7.600000,3.900000,940,1000,1000,1100,1100,1200,1300,1600,1900,2200,2200,3176,1037,940.0,951.7272462934611,550.6797199996072,2231.2786120000965,0.0
1772204898,10,,Aggregated,7.600000,3.400000,940,1000,1000,1100,1100,1200,1300,1600,1900,2200,2200,3186,1037,940.0,951.3461347360414,550.6797199996072,2231.2786120000965,0.0
1772204899,10,,Aggregated,7.400000,2.600000,940,1000,1000,1100,1100,1200,1300,1600,1900,2200,2200,3194,1037,940.0,951.0459718444038,550.6797199996072,2231.2786120000965,0.0
1772204900,10,,Aggregated,7.700000,2.500000,940,990,1000,1100,1100,1200,1300,1600,1900,2200,2200,3203,1037,940.0,950.622350386833,550.6797199996072,2231.2786120000965,0.0
1772204901,10,,Aggregated,7.800000,2.300000,940,990,1000,1100,1100,1200,1300,1600,1900,2200,2200,3208,1037,940.0,950.3800754354824,550.6797199996072,2231.2786120000965,0.0
1772204902,10,,Aggregated,7.700000,1.700000,940,990,1000,1100,1100,1200,1300,1600,1900,2200,2200,3218,1042,940.0,950.4618599453171,550.6797199996072,2231.2786120000965,0.0
1772204903,10,,Aggregated,8.100000,1.500000,940,990,1000,1000,1100,1200,1300,1600,1900,2200,2200,3227,1042,940.0,950.2666374388068,550.6797199996072,2231.2786120000965,0.0
1772204904,10,,Aggregated,8.100000,1.300000,940,990,1000,1000,1100,1200,1300,1600,1900,2200,2200,3232,1042,940.0,950.0993132840445,550.6797199996072,2231.2786120000965,0.0
1772204905,10,,Aggregated,8.000000,0.900000,940,990,1000,1000,1100,1200,1300,1600,1900,2200,2200,3241,1046,940.0,950.0014214174747,550.6797199996072,2231.2786120000965,0.0
1772204906,10,,Aggregated,7.900000,0.800000,940,990,1000,1000,1100,1200,1300,1600,1900,2200,2200,3251,1046,940.0,949.9621644980114,550.6797199996072,2231.2786120000965,0.0
1772204907,10,,Aggregated,8.200000,1.100000,940,990,1000,1000,1100,1200,1300,1600,1900,2200,2200,3259,1052,940.0,950.0830248214277,550.6797199996072,2231.2786120000965,0.0
1772204908,10,,Aggregated,7.700000,0.900000,940,990,1000,1000,1100,1200,1300,1600,1900,2200,2200,3264,1052,940.0,950.0067609788704,550.6797199996072,2231.2786120000965,0.0
1772204909,10,,Aggregated,7.900000,0.900000,940,990,1000,1000,1100,1200,1300,1600,1900,2200,2200,3272,1055,940.0,950.1234111314282,550.6797199996072,2231.2786120000965,0.0
1772204910,10,,Aggregated,8.100000,1.500000,940,1000,1000,1000,1100,1200,1300,1600,1900,2200,2200,3282,1063,940.0,950.4979154649703,550.6797199996072,2231.2786120000965,0.0
1772204911,10,,Aggregated,7.800000,1.700000,940,1000,1000,1000,1100,1200,1300,1600,1900,2200,2200,3286,1064,940.0,950.409306178341,550.6797199996072,2231.2786120000965,0.0
1772204912,10,,Aggregated,7.600000,1.900000,940,1000,1000,1100,1100,1200,1300,1600,1900,2200,2200,3294,1072,940.0,951.2668915458497,550.6797199996072,2231.2786120000965,0.0
1772204913,10,,Aggregated,7.600000,2.600000,940,1000,1000,1100,1100,1200,1300,1600,1900,2200,2200,3299,1072,940.0,951.1382347505394,550.6797199996072,2231.2786120000965,0.0
1772204914,10,,Aggregated,7.500000,2.600000,940,1000,1000,1100,1100,1200,1300,1600,1900,2200,2200,3309,1076,940.0,951.1930062130646,550.6797199996072,2231.2786120000965,0.0
1772204915,10,,Aggregated,7.600000,3.000000,940,1000,1000,1100,1100,1200,1300,1600,1900,2200,2200,3319,1078,940.0,951.2234498803953,550.6797199996072,2231.2786120000965,0.0
1772204916,10,,Aggregated,7.200000,3.100000,940,1000,1000,1000,1100,1200,1300,1600,1900,2200,2200,3326,1078,940.0,950.8482835111334,550.6797199996072,2231.2786120000965,0.0
1772204917,10,,Aggregated,7.200000,3.000000,940,1000,1000,1000,1100,1200,1300,1600,1900,2200,2200,3334,1078,940.0,950.6763069547175,550.6797199996072,2231.2786120000965,0.0
1772204918,10,,Aggregated,7.700000,3.200000,940,1000,1000,1000,1100,1200,1300,1600,1900,2200,2200,3342,1081,940.0,950.6543005158672,550.6797199996072,2231.2786120000965,0.0
1772204919,10,,Aggregated,7.400000,3.200000,940,990,1000,1000,1100,1200,1300,1600,1900,2200,2200,3349,1082,940.0,950.5477609596974,550.6797199996072,2231.2786120000965,0.0
1772204920,10,,Aggregated,7.300000,2.600000,940,990,1000,1000,1100,1200,1300,1600,1900,2200,2200,3356,1084,940.0,950.5291178063258,550.6797199996072,2231.2786120000965,0.0
1772204921,10,,Aggregated,7.600000,2.800000,940,990,1000,1000,1100,1200,1300,1600,1900,2200,2200,3366,1088,940.0,950.5922189123662,550.6797199996072,2231.2786120000965,0.0
1772204922,10,,Aggregated,7.700000,2.600000,940,1000,1000,1000,1100,1200,1300,1600,1900,2200,2200,3373,1091,940.0,950.6333588778606,550.6797199996072,2231.2786120000965,0.0
1772204923,10,,Aggregated,7.400000,2.100000,940,990,1000,1000,1100,1200,1300,1600,1900,2200,2200,3380,1092,940.0,950.4510333497121,550.6797199996072,2231.2786120000965,0.0
1772204925,10,,Aggregated,7.800000,2.200000,940,990,1000,1000,1100,1200,1300,1600,1900,2200,2200,3390,1092,940.0,950.1160334929285,550.6797199996072,2231.2786120000965,0.0
1772204926,10,,Aggregated,7.600000,1.900000,940,990,1000,1000,1100,1200,1300,1600,1900,2200,2200,3398,1093,940.0,950.1160418043047,550.6797199996072,2231.2786120000965,0.0
1772204927,10,,Aggregated,7.900000,1.900000,940,990,1000,1000,1100,1200,1300,1600,1900,2200,2200,3403,1096,940.0,950.0949324898696,550.6797199996072,2231.2786120000965,0.0
1772204928,10,,Aggregated,8.100000,1.600000,940,990,1000,1000,1100,1200,1300,1600,1900,2200,2200,3411,1101,940.0,950.1911600307913,550.6797199996072,2231.2786120000965,0.0
1772204929,10,,Aggregated,7.900000,1.500000,940,1000,1000,1000,1100,1200,1300,1600,1900,2200,2200,3421,1108,940.0,950.4774398401132,550.6797199996072,2231.2786120000965,0.0
1772204930,10,,Aggregated,7.700000,2.300000,940,1000,1000,1000,1100,1200,1300,1600,1900,2200,2200,3426,1108,940.0,950.3226584699445,550.6797199996072,2231.2786120000965,0.0
1772204931,10,,Aggregated,7.800000,2.600000,940,1000,1000,1100,1100,1200,1300,1600,1900,2200,2200,3435,1113,940.0,950.4012517216979,550.6797199996072,2231.2786120000965,0.0
1772204932,10,,Aggregated,7.800000,2.600000,940,1000,1000,1000,1100,1200,1300,1600,1900,2200,2200,3444,1113,940.0,950.3001378934468,550.6797199996072,2231.2786120000965,0.0
1772204933,10,,Aggregated,7.800000,2.900000,940,1000,1000,1000,1100,1200,1300,1600,1900,2200,2200,3452,1117,940.0,950.3882575124654,550.6797199996072,2231.2786120000965,0.0
1772204934,10,,Aggregated,7.800000,2.900000,940,990,1000,1000,1100,1200,1300,1600,1900,2200,2200,3457,1117,940.0,950.2507606144137,550.6797199996072,2231.2786120000965,0.0
1772204935,10,,Aggregated,7.800000,2.500000,940,990,1000,1000,1100,1200,1300,1600,1900,2200,2200,3467,1120,940.0,950.3096499616457,550.6797199996072,2231.2786120000965,0.0
1772204936,10,,Aggregated,7.700000,2.500000,940,990,1000,1000,1100,1200,1300,1600,1900,2200,2200,3474,1123,940.0,950.363322451361,550.6797199996072,2231.2786120000965,0.0
1772204937,10,,Aggregated,7.700000,2.800000,940,990,1000,1000,1100,1200,1300,1600,1900,2200,2200,3480,1123,940.0,950.1263923379396,550.6797199996072,2231.2786120000965,0.0
1772204938,10,,Aggregated,7.700000,2.800000,940,990,1000,1000,1100,1200,1300,1600,1900,2200,2200,3489,1126,940.0,950.1524434531472,550.6797199996072,2231.2786120000965,0.0
1772204939,10,,Aggregated,7.600000,2.700000,940,1000,1000,1000,1100,1200,1300,1600,1900,2200,2200,3499,1130,940.0,950.2166403598266,550.6797199996072,2231.2786120000965,0.0
1772204940,10,,Aggregated,7.800000,2.500000,940,990,1000,1000,1100,1200,1300,1600,1900,2200,2200,3503,1130,940.0,950.0248188235895,550.6797199996072,2231.2786120000965,0.0
1772204941,10,,Aggregated,7.700000,2.200000,940,1000,1000,1000,1100,1200,1300,1600,1900,2200,2200,3513,1137,940.0,950.245444021075,550.6797199996072,2231.2786120000965,0.0
1772204942,10,,Aggregated,7.700000,2.200000,940,1000,1000,1100,1100,1200,1300,1600,1900,2200,2200,3520,1144,940.0,950.7094322323958,550.6797199996072,2231.2786120000965,0.0
1772204943,10,,Aggregated,7.800000,2.400000,940,1000,1000,1100,1100,1200,1300,1600,1900,2200,2200,3527,1145,940.0,950.5671650201398,550.6797199996072,2231.2786120000965,0.0
1772204944,10,,Aggregated,7.200000,2.700000,940,1000,1000,1100,1100,1200,1300,1600,1900,2200,2200,3536,1145,940.0,950.3509505712772,550.6797199996072,2231.2786120000965,0.0
1772204945,10,,Aggregated,7.700000,2.900000,940,1000,1000,1100,1100,1200,1300,1600,1900,2200,2200,3545,1149,940.0,950.4222105497989,550.6797199996072,2231.2786120000965,0.0
1772204946,10,,Aggregated,7.700000,2.900000,940,1000,1000,1100,1100,1200,1300,1600,1900,2200,2200,3549,1150,940.0,950.3814224128031,550.6797199996072,2231.2786120000965,0.0
1772204947,10,,Aggregated,7.400000,2.800000,940,1000,1000,1100,1100,1200,1300,1600,1900,2200,2200,3559,1157,940.0,950.3670441421845,550.6797199996072,2231.2786120000965,0.0
1772204948,10,,Aggregated,7.600000,2.700000,940,1000,1000,1100,1100,1200,1300,1600,1900,2200,2200,3569,1161,940.0,950.4804675749606,550.6797199996072,2231.2786120000965,0.0
1772204949,10,,Aggregated,7.900000,3.400000,940,1000,1000,1100,1100,1200,1300,1600,1900,2200,2200,3572,1164,940.0,950.5899422536492,550.6797199996072,2231.2786120000965,0.0
1772204950,10,,Aggregated,7.600000,3.400000,940,1000,1000,1100,1100,1200,1300,1600,1900,2200,2200,3581,1171,940.0,950.8047517707436,550.6797199996072,2231.2786120000965,0.0
1772204951,10,,Aggregated,7.100000,3.100000,940,1000,1000,1100,1100,1200,1300,1600,1900,2200,2200,3589,1171,940.0,950.766905661474,550.6797199996072,2231.2786120000965,0.0
1772204952,10,,Aggregated,7.700000,4.100000,940,1000,1000,1100,1100,1200,1300,1600,1900,2200,2200,3599,1172,940.0,950.5722908130127,550.6797199996072,2231.2786120000965,0.0
1772204953,10,,Aggregated,7.700000,4.100000,940,1000,1000,1100,1100,1200,1300,1500,1900,2200,2200,3602,1172,940.0,950.4159153417643,550.6797199996072,2231.2786120000965,0.0
1772204954,10,,Aggregated,7.700000,3.100000,940,1000,1000,1100,1100,1200,1300,1600,1900,2200,2200,3604,1174,940.0,950.9009011043378,550.6797199996072,2231.2786120000965,0.0
1772204955,10,,Aggregated,7.600000,2.700000,940,1000,1000,1100,1100,1200,1300,1600,2100,2300,2300,3612,1182,940.0,953.3355040299101,550.6797199996072,2272.996862000582,0.0
1772204956,10,,Aggregated,7.600000,2.700000,940,1000,1000,1100,1100,1200,1400,1600,2100,2300,2300,3613,1183,940.0,953.476791268208,550.6797199996072,2272.996862000582,0.0
1772204957,10,,Aggregated,6.900000,3.200000,950,1000,1000,1100,1100,1200,1400,1700,2100,2300,2300,3623,1193,950.0,955.2731374079585,550.6797199996072,2272.996862000582,0.0
1772204958,10,,Aggregated,6.400000,3.300000,950,1000,1000,1100,1100,1200,1400,1700,2100,2300,2300,3627,1197,950.0,955.4879362233347,550.6797199996072,2272.996862000582,0.0
1772204959,10,,Aggregated,6.200000,3.300000,950,1000,1000,1100,1100,1200,1500,1700,2100,2300,2300,3635,1203,950.0,955.9935313802016,550.6797199996072,2272.996862000582,0.0
1772204960,10,,Aggregated,5.900000,3.400000,950,1000,1000,1100,1100,1200,1500,1700,2100,2300,2300,3642,1210,950.0,956.6231769203825,550.6797199996072,2272.996862000582,0.0
1772204961,10,,Aggregated,6.400000,4.200000,950,1000,1000,1100,1100,1200,1500,1700,2100,2300,2300,3646,1212,950.0,956.7923543439476,550.6797199996072,2272.996862000582,0.0
1772204962,10,,Aggregated,5.700000,3.300000,950,1000,1000,1100,1100,1200,1400,1700,2100,2300,2300,3656,1221,950.0,957.3351383878647,550.6797199996072,2272.996862000582,0.0
1772204963,10,,Aggregated,5.800000,4.100000,950,1000,1000,1100,1100,1200,1400,1700,2100,2300,2300,3666,1226,950.0,957.4223380597474,550.6797199996072,2272.996862000582,0.0
1772204964,10,,Aggregated,5.800000,4.600000,950,1000,1000,1100,1100,1200,1400,1700,2100,2300,2300,3671,1226,950.0,957.3234892609736,550.6797199996072,2272.996862000582,0.0
1772204965,10,,Aggregated,5.500000,4.900000,950,1000,1000,1100,1100,1200,1400,1700,2100,2300,2300,3679,1227,950.0,957.2440094186011,550.6797199996072,2272.996862000582,0.0
1772204966,10,,Aggregated,6.300000,5.300000,950,1000,1000,1100,1100,1200,1400,1700,2100,2300,2300,3687,1230,950.0,957.2470150132983,550.6797199996072,2272.996862000582,0.0
1772204967,10,,Aggregated,6.600000,4.700000,950,1000,1000,1100,1100,1200,1400,1700,2100,2300,2300,3696,1231,950.0,957.1467765013614,550.6797199996072,2272.996862000582,0.0
1772204968,10,,Aggregated,6.900000,4.500000,950,1000,1000,1100,1100,1200,1400,1700,2100,2300,2300,3702,1231,950.0,957.0589388590034,550.6797199996072,2272.996862000582,0.0
1772204969,10,,Aggregated,6.900000,4.000000,950,1000,1000,1100,1100,1200,1400,1700,2100,2300,2300,3711,1233,950.0,956.9009583478925,550.6797199996072,2272.996862000582,0.0
1772204970,10,,Aggregated,7.500000,3.700000,950,1000,1000,1100,1100,1200,1400,1700,2100,2300,2300,3720,1238,950.0,956.9002906190943,550.6797199996072,2272.996862000582,0.0
1772204971,10,,Aggregated,7.300000,3.000000,950,1000,1000,1100,1100,1200,1400,1700,2100,2300,2300,3725,1239,950.0,956.8129276174569,550.6797199996072,2272.996862000582,0.0
1772204972,10,,Aggregated,7.600000,2.900000,950,1000,1000,1100,1100,1200,1400,1700,2100,2300,2300,3734,1245,950.0,956.8004204303757,550.6797199996072,2272.996862000582,0.0
1772204973,10,,Aggregated,7.600000,2.600000,950,1000,1000,1100,1100,1200,1400,1700,2100,2300,2300,3742,1250,950.0,956.9544887207438,550.6797199996072,2272.996862000582,0.0
1772204974,10,,Aggregated,7.800000,2.600000,950,1000,1000,1100,1100,1200,1400,1700,2100,2300,2300,3748,1251,950.0,956.9156564581164,550.6797199996072,2272.996862000582,0.0
1772204975,10,,Aggregated,7.700000,2.400000,950,1000,1000,1100,1100,1200,1400,1700,2100,2300,2300,3756,1255,950.0,956.9448360223691,550.6797199996072,2272.996862000582,0.0
1772204976,10,,Aggregated,7.800000,2.400000,950,1000,1000,1100,1100,1200,1400,1700,2100,2300,2300,3766,1260,950.0,957.0760547684582,550.6797199996072,2272.996862000582,0.0
1772204977,10,,Aggregated,7.600000,2.700000,950,1000,1000,1100,1100,1200,1400,1700,2100,2300,2300,3768,1261,950.0,957.0590293699611,550.6797199996072,2272.996862000582,0.0
1772204978,10,,Aggregated,7.500000,2.700000,950,1000,1000,1100,1100,1200,1400,1700,2100,2300,2300,3778,1268,950.0,957.3594492490766,550.6797199996072,2272.996862000582,0.0
1772204979,10,,Aggregated,7.700000,3.000000,950,1000,1000,1100,1100,1200,1400,1700,2100,2300,2300,3787,1275,950.0,957.6485148302111,550.6797199996072,2272.996862000582,0.0
1772204980,10,,Aggregated,7.400000,3.500000,950,1000,1000,1100,1100,1200,1400,1700,2100,2300,2300,3791,1278,950.0,957.6929886367745,550.6797199996072,2272.996862000582,0.0
1772204981,10,,Aggregated,7.200000,3.500000,950,1000,1000,1100,1100,1200,1400,1700,2100,2300,2300,3800,1285,950.0,958.0055126368454,550.6797199996072,2272.996862000582,0.0
1772204982,10,,Aggregated,7.600000,4.300000,950,1000,1000,1100,1100,1200,1400,1700,2100,2300,2300,3808,1291,950.0,958.2952805252133,550.6797199996072,2272.996862000582,0.0
1772204983,10,,Aggregated,7.100000,4.100000,950,1000,1000,1100,1100,1200,1400,1700,2100,2300,2300,3815,1293,950.0,958.2265576212353,550.6797199996072,2272.996862000582,0.0
1772204984,10,,Aggregated,7.300000,4.200000,950,1000,1000,1100,1100,1200,1400,1700,2100,2300,2300,3823,1293,950.0,958.1189981391614,550.6797199996072,2272.996862000582,0.0
1772204985,10,,Aggregated,7.400000,4.600000,950,1000,1000,1100,1100,1200,1400,1700,2100,2300,2300,3832,1293,950.0,957.8267021025621,550.6797199996072,2272.996862000582,0.0
1772204986,10,,Aggregated,7.200000,4.300000,950,1000,1000,1100,1100,1200,1400,1700,2100,2300,2300,3838,1293,950.0,957.6887076341892,550.6797199996072,2272.996862000582,0.0
1772204988,10,,Aggregated,7.200000,3.900000,950,1000,1000,1100,1100,1200,1400,1700,2100,2300,2300,3846,1299,950.0,957.8281401666718,550.6797199996072,2272.996862000582,0.0
1772204989,10,,Aggregated,7.500000,3.800000,950,1000,1000,1100,1100,1200,1400,1700,2100,2300,2300,3855,1307,950.0,958.1384640871659,550.6797199996072,2272.996862000582,0.0
1772204990,10,,Aggregated,7.200000,3.300000,950,1000,1000,1100,1100,1200,1400,1700,2100,2300,2300,3860,1307,950.0,957.9357719984516,550.6797199996072,2272.996862000582,0.0
1772204991,10,,Aggregated,7.300000,3.300000,950,1000,1000,1100,1100,1200,1400,1700,2100,2300,2300,3870,1309,950.0,957.8253067834685,550.6797199996072,2272.996862000582,0.0
1772204992,10,,Aggregated,7.700000,3.900000,950,1000,1000,1100,1100,1200,1400,1700,2100,2300,2300,3878,1310,950.0,957.7625537754056,550.6797199996072,2272.996862000582,0.0
1772204993,10,,Aggregated,7.200000,3.100000,950,1000,1000,1100,1100,1200,1400,1700,2100,2300,2300,3885,1311,950.0,957.6088758468527,550.6797199996072,2272.996862000582,0.0
1772204994,10,,Aggregated,7.600000,2.500000,950,1000,1000,1100,1100,1200,1400,1700,2100,2300,2300,3895,1312,950.0,957.5481078534086,550.6797199996072,2272.996862000582,0.0
1772204995,10,,Aggregated,7.600000,2.500000,950,1000,1000,1100,1100,1200,1400,1700,2100,2300,2300,3902,1312,950.0,957.4327766463418,550.6797199996072,2272.996862000582,0.0
1772204996,10,,Aggregated,7.700000,2.000000,950,1000,1000,1100,1100,1200,1400,1700,2100,2300,2300,3909,1314,950.0,957.3579131854756,550.6797199996072,2272.996862000582,0.0
1772204997,10,,Aggregated,7.800000,1.900000,950,1000,1000,1100,1100,1200,1400,1700,2100,2300,2300,3919,1317,950.0,957.3384422097533,550.6797199996072,2272.996862000582,0.0
1772204998,10,,Aggregated,7.700000,2.100000,950,1000,1000,1100,1100,1200,1400,1700,2100,2300,2300,3927,1317,950.0,957.2653806328044,550.6797199996072,2272.996862000582,0.0
1772204999,10,,Aggregated,8.000000,2.400000,950,1000,1000,1100,1100,1200,1400,1700,2100,2300,2300,3934,1318,950.0,957.092484417647,550.6797199996072,2272.996862000582,0.0
1772205000,10,,Aggregated,7.900000,1.800000,950,1000,1000,1100,1100,1200,1400,1700,2100,2300,2300,3944,1318,950.0,956.7055837593878,550.6797199996072,2272.996862000582,0.0
1772205001,10,,Aggregated,7.600000,1.100000,950,1000,1000,1100,1100,1200,1400,1700,2100,2300,2300,3951,1322,950.0,956.7783354935528,550.6797199996072,2272.996862000582,0.0
1772205002,10,,Aggregated,8.200000,1.100000,950,1000,1000,1100,1100,1200,1400,1700,2100,2300,2300,3958,1323,950.0,956.6263688772173,550.6797199996072,2272.996862000582,0.0
1772205003,10,,Aggregated,7.800000,1.100000,950,1000,1000,1100,1100,1200,1400,1700,2100,2300,2300,3967,1324,950.0,956.499430851028,550.6797199996072,2272.996862000582,0.0
1772205004,10,,Aggregated,7.800000,1.300000,950,1000,1000,1100,1100,1200,1400,1700,2100,2300,2300,3974,1328,950.0,956.5799046975412,550.6797199996072,2272.996862000582,0.0
1772205005,10,,Aggregated,7.800000,1.300000,950,1000,1000,1100,1100,1200,1400,1700,2100,2300,2300,3980,1329,950.0,956.5344390585498,550.6797199996072,2272.996862000582,0.0
1772205006,10,,Aggregated,7.700000,1.200000,950,1000,1000,1100,1100,1200,1400,1700,2100,2300,2300,3990,1339,950.0,956.8830463789553,550.6797199996072,2272.996862000582,0.0
1772205007,10,,Aggregated,7.800000,1.700000,950,1000,1000,1100,1100,1200,1400,1700,2100,2300,2300,3996,1340,950.0,956.9133324804884,550.6797199996072,2272.996862000582,0.0
1772205008,10,,Aggregated,7.700000,2.100000,950,1000,1000,1100,1100,1200,1400,1700,2100,2300,2300,4003,1342,950.0,956.8609600871926,550.6797199996072,2272.996862000582,0.0
1772205009,10,,Aggregated,7.500000,2.200000,950,1000,1000,1100,1100,1200,1400,1700,2100,2300,2300,4011,1345,950.0,956.8881531877419,550.6797199996072,2272.996862000582,0.0
1772205010,10,,Aggregated,7.500000,2.400000,950,1000,1000,1100,1100,1200,1400,1700,2100,2300,2300,4020,1353,950.0,957.144582854237,550.6797199996072,2272.996862000582,0.0
1772205011,10,,Aggregated,7.900000,2.700000,950,1000,1000,1100,1100,1200,1400,1700,2100,2300,2300,4027,1354,950.0,957.136929077734,550.6797199996072,2272.996862000582,0.0
1772205012,10,,Aggregated,7.500000,3.200000,950,1000,1000,1100,1100,1200,1400,1700,2100,2300,2300,4034,1357,950.0,957.1231588383818,550.6797199996072,2272.996862000582,0.0
1772205013,10,,Aggregated,7.500000,3.300000,950,1000,1000,1100,1100,1200,1400,1700,2100,2300,2300,4042,1365,950.0,957.4811973928832,550.6797199996072,2272.996862000582,0.0
1772205014,10,,Aggregated,7.500000,3.400000,950,1000,1000,1100,1100,1200,1400,1700,2100,2300,2300,4050,1367,950.0,957.4795781797607,550.6797199996072,2272.996862000582,0.0
1772205015,10,,Aggregated,7.400000,3.900000,950,1000,1000,1100,1100,1200,1400,1700,2100,2300,2300,4059,1368,950.0,957.2680525580265,550.6797199996072,2272.996862000582,0.0
1772205016,10,,Aggregated,7.600000,4.300000,950,1000,1000,1100,1100,1200,1400,1700,2100,2300,2300,4066,1370,950.0,957.1849444001552,550.6797199996072,2272.996862000582,0.0
1772205017,10,,Aggregated,7.400000,3.800000,950,1000,1000,1100,1100,1200,1400,1700,2100,2300,2300,4075,1372,950.0,956.9606022157132,550.6797199996072,2272.996862000582,0.0
1772205018,10,,Aggregated,7.700000,3.300000,950,1000,1000,1100,1100,1200,1400,1700,2100,2300,2300,4083,1376,950.0,956.9613232236172,550.6797199996072,2272.996862000582,0.0
1772205019,10,,Aggregated,7.800000,3.300000,950,1000,1000,1100,1100,1200,1400,1700,2100,2300,2300,4089,1377,950.0,956.8820595710511,550.6797199996072,2272.996862000582,0.0
1772205020,10,,Aggregated,7.700000,3.100000,950,1000,1000,1100,1100,1200,1400,1700,2100,2300,2300,4099,1379,950.0,956.8664605101314,550.6797199996072,2272.996862000582,0.0
1772205021,10,,Aggregated,7.700000,3.200000,950,1000,1000,1100,1100,1200,1400,1600,2100,2300,2300,4106,1379,950.0,956.6521274437471,550.6797199996072,2272.996862000582,0.0
1772205022,10,,Aggregated,7.700000,2.700000,950,1000,1000,1100,1100,1200,1400,1600,2100,2300,2300,4116,1382,950.0,956.578281348888,550.6797199996072,2272.996862000582,0.0
1772205023,10,,Aggregated,8.000000,2.600000,950,1000,1000,1100,1100,1200,1400,1600,2100,2300,2300,4122,1382,950.0,956.4098896952993,550.6797199996072,2272.996862000582,0.0
1772205024,10,,Aggregated,7.900000,2.400000,950,1000,1000,1100,1100,1200,1400,1600,2100,2300,2300,4131,1383,950.0,956.3729876187421,550.6797199996072,2272.996862000582,0.0
1772205025,10,,Aggregated,7.900000,1.900000,950,1000,1000,1100,1100,1200,1400,1600,2100,2300,2300,4139,1385,950.0,956.2822414116993,550.6797199996072,2272.996862000582,0.0
1772205026,10,,Aggregated,8.000000,1.500000,950,1000,1000,1100,1100,1200,1400,1600,2100,2300,2300,4147,1385,950.0,956.0588020180918,550.6797199996072,2272.996862000582,0.0
1772205027,10,,Aggregated,8.000000,1.600000,950,1000,1000,1100,1100,1200,1400,1600,2100,2300,2300,4156,1389,950.0,956.048942651594,550.6797199996072,2272.996862000582,0.0
1772205028,10,,Aggregated,8.000000,1.700000,950,1000,1000,1100,1100,1200,1400,1600,2100,2300,2300,4164,1393,950.0,955.9663800079305,550.6797199996072,2272.996862000582,0.0
1772205029,10,,Aggregated,7.800000,1.400000,950,1000,1000,1100,1100,1200,1400,1600,2100,2300,2300,4171,1393,950.0,955.8758301354645,550.6797199996072,2272.996862000582,0.0
1772205030,10,,Aggregated,8.100000,1.700000,950,1000,1000,1100,1100,1200,1400,1600,2100,2300,2300,4181,1394,950.0,955.7784718689353,550.6797199996072,2272.996862000582,0.0
1772205031,10,,Aggregated,8.000000,1.600000,950,1000,1000,1100,1100,1200,1400,1600,2100,2300,2300,4187,1394,950.0,955.6505925080049,550.6797199996072,2272.996862000582,0.0
1772205032,10,,Aggregated,7.900000,1.600000,950,1000,1000,1100,1100,1200,1400,1600,2100,2300,2300,4196,1396,950.0,955.5458998479546,550.6797199996072,2272.996862000582,0.0
1772205033,10,,Aggregated,8.000000,1.500000,950,1000,1000,1100,1100,1200,1400,1600,2100,2300,2300,4203,1400,950.0,955.5944053031204,550.6797199996072,2272.996862000582,0.0
1772205034,10,,Aggregated,8.000000,1.500000,950,1000,1000,1100,1100,1200,1400,1600,2100,2300,2300,4209,1401,950.0,955.5132766329327,550.6797199996072,2272.996862000582,0.0
1772205035,10,,Aggregated,7.800000,1.400000,950,1000,1000,1100,1100,1200,1400,1600,2100,2300,2300,4219,1409,950.0,955.6920353619374,550.6797199996072,2272.996862000582,0.0
1772205036,10,,Aggregated,8.100000,1.800000,950,1000,1000,1100,1100,1200,1400,1600,2100,2300,2300,4228,1410,950.0,955.5608488812715,550.6797199996072,2272.996862000582,0.0
1772205037,10,,Aggregated,7.700000,2.000000,950,1000,1000,1100,1100,1200,1400,1600,2100,2300,2300,4236,1411,950.0,955.4032625306929,550.6797199996072,2272.996862000582,0.0
1772205038,10,,Aggregated,7.800000,2.400000,950,1000,1000,1100,1100,1200,1400,1600,2100,2300,2300,4243,1416,950.0,955.4681021334001,550.6797199996072,2272.996862000582,0.0
1772205039,10,,Aggregated,7.900000,2.400000,950,1000,1000,1100,1100,1200,1400,1600,2100,2300,2300,4250,1419,950.0,955.4385914729446,550.6797199996072,2272.996862000582,0.0
1772205040,10,,Aggregated,8.000000,2.200000,950,1000,1000,1100,1100,1200,1400,1600,2100,2300,2300,4258,1419,950.0,955.3634943459406,550.6797199996072,2272.996862000582,0.0
1772205041,10,,Aggregated,7.600000,2.300000,950,1000,1000,1100,1100,1200,1400,1600,2100,2300,2300,4268,1422,950.0,955.2836794725905,550.6797199996072,2272.996862000582,0.0
1772205042,10,,Aggregated,7.900000,2.600000,950,1000,1000,1100,1100,1200,1400,1600,2100,2300,2300,4273,1422,950.0,955.1095007077037,550.6797199996072,2272.996862000582,0.0
1772205043,10,,Aggregated,7.500000,2.500000,950,1000,1000,1100,1100,1200,1400,1600,2100,2300,2300,4283,1424,950.0,955.0785800997007,550.6797199996072,2272.996862000582,0.0
1772205044,10,,Aggregated,7.800000,2.600000,950,1000,1000,1100,1100,1200,1400,1600,2100,2300,2300,4291,1425,950.0,955.0004747653272,550.6797199996072,2272.996862000582,0.0
1772205046,10,,Aggregated,7.700000,2.600000,950,1000,1000,1100,1100,1200,1400,1600,2100,2300,2300,4299,1427,950.0,954.9690228034469,550.6797199996072,2272.996862000582,0.0
1772205047,10,,Aggregated,7.600000,2.400000,950,1000,1000,1100,1100,1200,1400,1600,2100,2300,2300,4305,1427,950.0,954.7389583914094,550.6797199996072,2272.996862000582,0.0
1772205048,10,,Aggregated,7.800000,1.800000,950,1000,1000,1100,1100,1200,1400,1600,2100,2300,2300,4316,1430,950.0,954.6760559909683,550.6797199996072,2272.996862000582,0.0
1772205049,10,,Aggregated,7.800000,1.800000,950,1000,1000,1100,1100,1200,1400,1600,2100,2300,2300,4324,1436,950.0,954.722868621189,550.6797199996072,2272.996862000582,0.0
1772205050,10,,Aggregated,7.700000,1.700000,950,1000,1000,1100,1100,1200,1400,1600,2100,2300,2300,4329,1436,950.0,954.5256933395754,550.6797199996072,2272.996862000582,0.0
1772205051,10,,Aggregated,7.700000,1.900000,950,1000,1000,1100,1100,1200,1400,1600,2100,2300,2300,4339,1441,950.0,954.6284634095468,550.6797199996072,2272.996862000582,0.0
1772205052,10,,Aggregated,7.700000,1.700000,950,1000,1000,1100,1100,1200,1400,1600,2100,2300,2300,4348,1443,950.0,954.6376527897937,550.6797199996072,2272.996862000582,0.0
1772205053,10,,Aggregated,7.700000,1.700000,950,1000,1000,1100,1100,1200,1400,1600,2100,2300,2300,4353,1443,950.0,954.5788113236899,550.6797199996072,2272.996862000582,0.0
1772205054,10,,Aggregated,8.100000,2.200000,950,1000,1000,1100,1100,1200,1400,1600,2100,2300,2300,4361,1446,950.0,954.5512468335291,550.6797199996072,2272.996862000582,0.0
1772205055,10,,Aggregated,7.900000,2.100000,950,1000,1000,1100,1100,1200,1400,1600,2100,2300,2300,4372,1448,950.0,954.4429770416335,550.6797199996072,2272.996862000582,0.0
1772205056,10,,Aggregated,7.800000,2.200000,950,1000,1000,1100,1100,1200,1400,1600,2100,2300,2300,4377,1450,950.0,954.4174723308256,550.6797199996072,2272.996862000582,0.0
1772205057,10,,Aggregated,7.800000,2.200000,950,1000,1000,1100,1100,1200,1400,1600,2100,2300,2300,4384,1451,950.0,954.4024259625962,550.6797199996072,2272.996862000582,0.0
1772205058,10,,Aggregated,7.900000,2.300000,950,1000,1000,1100,1100,1200,1400,1600,2100,2300,2300,4394,1454,950.0,954.3718404940881,550.6797199996072,2272.996862000582,0.0
1772205059,10,,Aggregated,7.900000,2.400000,950,1000,1000,1100,1100,1200,1300,1600,2100,2300,2300,4403,1456,950.0,954.289210064052,550.6797199996072,2272.996862000582,0.0
1772205060,10,,Aggregated,7.900000,2.400000,950,1000,1000,1100,1100,1200,1300,1600,2100,2300,2300,4410,1456,950.0,954.1383379154232,550.6797199996072,2272.996862000582,0.0
1772205061,10,,Aggregated,7.600000,1.900000,950,1000,1000,1100,1100,1200,1300,1600,2100,2300,2300,4418,1458,950.0,954.0654464735221,550.6797199996072,2272.996862000582,0.0
1772205062,10,,Aggregated,7.800000,2.000000,950,1000,1000,1100,1100,1200,1300,1600,2100,2300,2300,4427,1459,950.0,954.0288982742314,550.6797199996072,2272.996862000582,0.0
1772205063,10,,Aggregated,7.800000,2.000000,950,1000,1000,1100,1100,1200,1300,1600,2100,2300,2300,4432,1459,950.0,953.8374053278485,550.6797199996072,2272.996862000582,0.0
1772205064,10,,Aggregated,7.800000,1.700000,950,1000,1000,1100,1100,1200,1300,1600,2100,2300,2300,4442,1461,950.0,953.6919537847872,550.6797199996072,2272.996862000582,0.0
1772205065,10,,Aggregated,7.900000,1.600000,950,1000,1000,1100,1100,1200,1400,1600,2100,2300,2300,4447,1466,950.0,954.1180055887169,550.6797199996072,2272.996862000582,0.0
1772205066,10,,Aggregated,8.100000,1.500000,950,1000,1000,1100,1100,1200,1400,1600,2100,2300,2300,4454,1471,950.0,954.3401714180566,550.6797199996072,2272.996862000582,0.0
1772205067,10,,Aggregated,7.300000,1.400000,950,1000,1000,1100,1100,1200,1400,1600,2100,2300,2300,4464,1477,950.0,954.4566926218686,550.6797199996072,2272.996862000582,0.0
1772205068,10,,Aggregated,7.700000,2.200000,950,1000,1000,1100,1100,1200,1400,1600,2100,2300,2300,4470,1482,950.0,954.6371736986623,550.6797199996072,2272.996862000582,0.0
1772205069,10,,Aggregated,7.700000,2.500000,950,1000,1000,1100,1100,1200,1400,1600,2100,2300,2300,4477,1485,950.0,954.6145665467991,550.6797199996072,2272.996862000582,0.0
1772205070,10,,Aggregated,7.100000,2.300000,950,1000,1000,1100,1100,1200,1400,1600,2100,2300,2300,4487,1493,950.0,954.7529942404768,550.6797199996072,2272.996862000582,0.0
1772205071,10,,Aggregated,7.500000,3.000000,950,1000,1000,1100,1100,1200,1400,1600,2100,2300,2300,4493,1496,950.0,954.7745759049677,550.6797199996072,2272.996862000582,0.0
1772205072,10,,Aggregated,7.600000,3.500000,950,1000,1000,1100,1100,1200,1400,1600,2100,2300,2300,4500,1499,950.0,954.781537688671,550.6797199996072,2272.996862000582,0.0
1772205073,10,,Aggregated,7.200000,3.500000,950,1000,1000,1100,1100,1200,1400,1600,2100,2300,2300,4509,1503,950.0,954.775650439349,550.6797199996072,2272.996862000582,0.0
1772205074,10,,Aggregated,7.300000,4.000000,950,1000,1000,1100,1100,1200,1400,1600,2100,2300,2300,4514,1507,950.0,954.8918727618567,550.6797199996072,2272.996862000582,0.0
1772205075,10,,Aggregated,7.300000,4.300000,950,1000,1000,1100,1100,1200,1400,1600,2100,2300,2300,4523,1513,950.0,955.1646705036532,550.6797199996072,2272.996862000582,0.0
1772205076,10,,Aggregated,6.800000,4.200000,950,1000,1000,1100,1100,1200,1400,1600,2100,2300,2300,4532,1519,950.0,955.3526944097576,550.6797199996072,2272.996862000582,0.0
1772205077,10,,Aggregated,7.700000,5.100000,950,1000,1000,1100,1100,1200,1400,1600,2100,2300,2300,4535,1519,950.0,955.306879378616,550.6797199996072,2272.996862000582,0.0
1772205078,10,,Aggregated,7.200000,4.200000,950,1000,1000,1100,1100,1200,1400,1600,2100,2300,2300,4546,1528,950.0,955.6943283787997,550.6797199996072,2272.996862000582,0.0
1772205079,10,,Aggregated,7.300000,4.300000,950,1000,1000,1100,1100,1200,1400,1600,2100,2300,2300,4553,1533,950.0,955.7628586973481,550.6797199996072,2272.996862000582,0.0
1772205080,10,,Aggregated,7.400000,4.600000,950,1000,1000,1100,1100,1200,1400,1600,2100,2300,2300,4558,1535,950.0,955.7137931693779,550.6797199996072,2272.996862000582,0.0
