Method,Name,Error,Occurrences
FANOUT,K100,Exception('timeout_or_slo_miss: completed=100/100 errors=0 elapsed_ms=1105.8'),1
FANOUT,K100,Exception('timeout_or_slo_miss: completed=100/100 errors=0 elapsed_ms=1035.5'),2
FANOUT,K100,Exception('timeout_or_slo_miss: completed=100/100 errors=0 elapsed_ms=1054.3'),1
FANOUT,K100,Exception('timeout_or_slo_miss: completed=100/100 errors=0 elapsed_ms=1341.9'),1
FANOUT,K100,Exception('timeout_or_slo_miss: completed=100/100 errors=0 elapsed_ms=1086.2'),2
FANOUT,K100,Exception('timeout_or_slo_miss: completed=100/100 errors=0 elapsed_ms=1173.2'),1
FANOUT,K100,Exception('timeout_or_slo_miss: completed=100/100 errors=0 elapsed_ms=1115.2'),2
FANOUT,K100,Exception('timeout_or_slo_miss: completed=100/100 errors=0 elapsed_ms=1148.8'),1
FANOUT,K100,Exception('timeout_or_slo_miss: completed=100/100 errors=0 elapsed_ms=1129.4'),1
FANOUT,K100,Exception('timeout_or_slo_miss: completed=100/100 errors=0 elapsed_ms=1058.3'),3
FANOUT,K100,Exception('timeout_or_slo_miss: completed=100/100 errors=0 elapsed_ms=1031.5'),1
FANOUT,K100,Exception('timeout_or_slo_miss: completed=100/100 errors=0 elapsed_ms=1013.2'),1
FANOUT,K100,Exception('timeout_or_slo_miss: completed=100/100 errors=0 elapsed_ms=1129.5'),1
FANOUT,K100,Exception('timeout_or_slo_miss: completed=100/100 errors=0 elapsed_ms=1072.5'),1
FANOUT,K100,Exception('timeout_or_slo_miss: completed=100/100 errors=0 elapsed_ms=1356.0'),1
FANOUT,K100,Exception('timeout_or_slo_miss: completed=90/100 errors=0 elapsed_ms=1849.7'),1
FANOUT,K100,Exception('timeout_or_slo_miss: completed=100/100 errors=0 elapsed_ms=1030.8'),1
FANOUT,K100,Exception('timeout_or_slo_miss: completed=100/100 errors=0 elapsed_ms=1008.7'),1
FANOUT,K100,Exception('timeout_or_slo_miss: completed=100/100 errors=0 elapsed_ms=1061.1'),1
FANOUT,K100,Exception('timeout_or_slo_miss: completed=100/100 errors=0 elapsed_ms=1094.9'),1
FANOUT,K100,Exception('timeout_or_slo_miss: completed=100/100 errors=0 elapsed_ms=1049.5'),2
FANOUT,K100,Exception('timeout_or_slo_miss: completed=100/100 errors=0 elapsed_ms=1009.6'),1
FANOUT,K100,Exception('timeout_or_slo_miss: completed=100/100 errors=0 elapsed_ms=1164.1'),1
FANOUT,K100,Exception('timeout_or_slo_miss: completed=100/100 errors=0 elapsed_ms=1077.8'),1
FANOUT,K100,Exception('timeout_or_slo_miss: completed=100/100 errors=0 elapsed_ms=1075.5'),2
FANOUT,K100,Exception('timeout_or_slo_miss: completed=100/100 errors=0 elapsed_ms=1003.3'),2
FANOUT,K100,Exception('timeout_or_slo_miss: completed=100/100 errors=0 elapsed_ms=1196.5'),1
FANOUT,K100,Exception('timeout_or_slo_miss: completed=100/100 errors=0 elapsed_ms=1068.0'),1
FANOUT,K100,Exception('timeout_or_slo_miss: completed=100/100 errors=0 elapsed_ms=1129.9'),2
FANOUT,K100,Exception('timeout_or_slo_miss: completed=100/100 errors=0 elapsed_ms=1040.9'),1
FANOUT,K100,Exception('timeout_or_slo_miss: completed=100/100 errors=0 elapsed_ms=1036.7'),1
FANOUT,K100,Exception('timeout_or_slo_miss: completed=100/100 errors=0 elapsed_ms=1142.5'),1
FANOUT,K100,Exception('timeout_or_slo_miss: completed=100/100 errors=0 elapsed_ms=1030.9'),1
FANOUT,K100,Exception('timeout_or_slo_miss: completed=100/100 errors=0 elapsed_ms=1219.1'),1
FANOUT,K100,Exception('timeout_or_slo_miss: completed=100/100 errors=0 elapsed_ms=1171.3'),1
FANOUT,K100,Exception('timeout_or_slo_miss: completed=100/100 errors=0 elapsed_ms=1113.3'),1
FANOUT,K100,Exception('timeout_or_slo_miss: completed=100/100 errors=0 elapsed_ms=1155.8'),1
FANOUT,K100,Exception('timeout_or_slo_miss: completed=90/100 errors=0 elapsed_ms=1745.8'),1
FANOUT,K100,Exception('timeout_or_slo_miss: completed=100/100 errors=0 elapsed_ms=1020.5'),1
FANOUT,K100,Exception('timeout_or_slo_miss: completed=100/100 errors=0 elapsed_ms=1048.5'),2
FANOUT,K100,Exception('timeout_or_slo_miss: completed=100/100 errors=0 elapsed_ms=1092.0'),1
FANOUT,K100,Exception('timeout_or_slo_miss: completed=100/100 errors=0 elapsed_ms=1120.6'),1
FANOUT,K100,Exception('timeout_or_slo_miss: completed=100/100 errors=0 elapsed_ms=1087.1'),2
FANOUT,K100,Exception('timeout_or_slo_miss: completed=100/100 errors=0 elapsed_ms=1147.1'),1
FANOUT,K100,Exception('timeout_or_slo_miss: completed=100/100 errors=0 elapsed_ms=1089.3'),1
FANOUT,K100,Exception('timeout_or_slo_miss: completed=100/100 errors=0 elapsed_ms=1271.4'),2
FANOUT,K100,Exception('timeout_or_slo_miss: completed=100/100 errors=0 elapsed_ms=1259.1'),1
FANOUT,K100,Exception('timeout_or_slo_miss: completed=100/100 errors=0 elapsed_ms=1102.9'),1
FANOUT,K100,Exception('timeout_or_slo_miss: completed=100/100 errors=0 elapsed_ms=1152.3'),2
FANOUT,K100,Exception('timeout_or_slo_miss: completed=100/100 errors=0 elapsed_ms=1011.5'),1
FANOUT,K100,Exception('timeout_or_slo_miss: completed=100/100 errors=0 elapsed_ms=1108.5'),1
FANOUT,K100,Exception('timeout_or_slo_miss: completed=100/100 errors=0 elapsed_ms=1047.6'),2
FANOUT,K100,Exception('timeout_or_slo_miss: completed=100/100 errors=0 elapsed_ms=1109.5'),1
FANOUT,K100,Exception('timeout_or_slo_miss: completed=100/100 errors=0 elapsed_ms=1032.0'),1
FANOUT,K100,Exception('timeout_or_slo_miss: completed=100/100 errors=0 elapsed_ms=1177.5'),1
FANOUT,K100,Exception('timeout_or_slo_miss: completed=100/100 errors=0 elapsed_ms=1120.9'),1
FANOUT,K100,Exception('timeout_or_slo_miss: completed=100/100 errors=0 elapsed_ms=1020.8'),2
FANOUT,K100,Exception('timeout_or_slo_miss: completed=100/100 errors=0 elapsed_ms=1050.4'),1
FANOUT,K100,Exception('timeout_or_slo_miss: completed=92/100 errors=0 elapsed_ms=1799.9'),1
FANOUT,K100,Exception('timeout_or_slo_miss: completed=100/100 errors=0 elapsed_ms=1394.4'),1
FANOUT,K100,Exception('timeout_or_slo_miss: completed=100/100 errors=0 elapsed_ms=1036.2'),4
FANOUT,K100,Exception('timeout_or_slo_miss: completed=100/100 errors=0 elapsed_ms=1057.0'),1
FANOUT,K100,Exception('timeout_or_slo_miss: completed=100/100 errors=0 elapsed_ms=1140.6'),1
FANOUT,K100,Exception('timeout_or_slo_miss: completed=100/100 errors=0 elapsed_ms=1071.4'),2
FANOUT,K100,Exception('timeout_or_slo_miss: completed=100/100 errors=0 elapsed_ms=1034.2'),1
FANOUT,K100,Exception('timeout_or_slo_miss: completed=100/100 errors=0 elapsed_ms=1008.1'),1
FANOUT,K100,Exception('timeout_or_slo_miss: completed=100/100 errors=0 elapsed_ms=1009.1'),2
FANOUT,K100,Exception('timeout_or_slo_miss: completed=100/100 errors=0 elapsed_ms=1360.8'),1
FANOUT,K100,Exception('timeout_or_slo_miss: completed=100/100 errors=0 elapsed_ms=1212.0'),1
FANOUT,K100,Exception('timeout_or_slo_miss: completed=100/100 errors=0 elapsed_ms=1059.2'),2
FANOUT,K100,Exception('timeout_or_slo_miss: completed=100/100 errors=0 elapsed_ms=1177.3'),1
FANOUT,K100,Exception('timeout_or_slo_miss: completed=100/100 errors=0 elapsed_ms=1071.1'),3
FANOUT,K100,Exception('timeout_or_slo_miss: completed=100/100 errors=0 elapsed_ms=1541.6'),1
FANOUT,K100,Exception('timeout_or_slo_miss: completed=100/100 errors=0 elapsed_ms=1081.2'),1
FANOUT,K100,Exception('timeout_or_slo_miss: completed=100/100 errors=0 elapsed_ms=1041.9'),1
FANOUT,K100,Exception('timeout_or_slo_miss: completed=100/100 errors=0 elapsed_ms=1058.5'),2
FANOUT,K100,Exception('timeout_or_slo_miss: completed=100/100 errors=0 elapsed_ms=1300.4'),1
FANOUT,K100,Exception('timeout_or_slo_miss: completed=100/100 errors=0 elapsed_ms=1055.5'),1
FANOUT,K100,Exception('timeout_or_slo_miss: completed=100/100 errors=0 elapsed_ms=1023.3'),1
FANOUT,K100,Exception('timeout_or_slo_miss: completed=100/100 errors=0 elapsed_ms=1312.7'),1
FANOUT,K100,Exception('timeout_or_slo_miss: completed=100/100 errors=0 elapsed_ms=1002.6'),4
FANOUT,K100,Exception('timeout_or_slo_miss: completed=100/100 errors=0 elapsed_ms=1249.0'),1
FANOUT,K100,Exception('timeout_or_slo_miss: completed=100/100 errors=0 elapsed_ms=1044.4'),1
FANOUT,K100,Exception('timeout_or_slo_miss: completed=100/100 errors=0 elapsed_ms=1098.7'),1
FANOUT,K100,Exception('timeout_or_slo_miss: completed=100/100 errors=0 elapsed_ms=1075.6'),2
FANOUT,K100,Exception('timeout_or_slo_miss: completed=100/100 errors=0 elapsed_ms=1133.0'),2
FANOUT,K100,Exception('timeout_or_slo_miss: completed=93/100 errors=0 elapsed_ms=2091.4'),1
FANOUT,K100,Exception('timeout_or_slo_miss: completed=100/100 errors=0 elapsed_ms=1121.8'),1
FANOUT,K100,Exception('timeout_or_slo_miss: completed=100/100 errors=0 elapsed_ms=1014.9'),1
FANOUT,K100,Exception('timeout_or_slo_miss: completed=100/100 errors=0 elapsed_ms=1018.7'),3
FANOUT,K100,Exception('timeout_or_slo_miss: completed=100/100 errors=0 elapsed_ms=1098.5'),2
FANOUT,K100,Exception('timeout_or_slo_miss: completed=100/100 errors=0 elapsed_ms=1116.9'),1
FANOUT,K100,Exception('timeout_or_slo_miss: completed=100/100 errors=0 elapsed_ms=1010.8'),3
FANOUT,K100,Exception('timeout_or_slo_miss: completed=100/100 errors=0 elapsed_ms=1126.3'),1
FANOUT,K100,Exception('timeout_or_slo_miss: completed=100/100 errors=0 elapsed_ms=1094.0'),1
FANOUT,K100,Exception('timeout_or_slo_miss: completed=100/100 errors=0 elapsed_ms=1086.6'),1
FANOUT,K100,Exception('timeout_or_slo_miss: completed=100/100 errors=0 elapsed_ms=1134.6'),1
FANOUT,K100,Exception('timeout_or_slo_miss: completed=100/100 errors=0 elapsed_ms=1226.8'),1
FANOUT,K100,Exception('timeout_or_slo_miss: completed=100/100 errors=0 elapsed_ms=1009.0'),1
FANOUT,K100,Exception('timeout_or_slo_miss: completed=100/100 errors=0 elapsed_ms=1060.9'),1
FANOUT,K100,Exception('timeout_or_slo_miss: completed=100/100 errors=0 elapsed_ms=1162.4'),1
FANOUT,K100,Exception('timeout_or_slo_miss: completed=100/100 errors=0 elapsed_ms=1102.2'),2
FANOUT,K100,Exception('timeout_or_slo_miss: completed=100/100 errors=0 elapsed_ms=1034.7'),2
FANOUT,K100,Exception('timeout_or_slo_miss: completed=100/100 errors=0 elapsed_ms=1262.6'),1
FANOUT,K100,Exception('timeout_or_slo_miss: completed=100/100 errors=0 elapsed_ms=1153.2'),1
FANOUT,K100,Exception('timeout_or_slo_miss: completed=100/100 errors=0 elapsed_ms=1144.0'),1
FANOUT,K100,Exception('timeout_or_slo_miss: completed=100/100 errors=0 elapsed_ms=1134.2'),1
FANOUT,K100,Exception('timeout_or_slo_miss: completed=100/100 errors=0 elapsed_ms=1156.6'),3
FANOUT,K100,Exception('timeout_or_slo_miss: completed=100/100 errors=0 elapsed_ms=1117.7'),2
FANOUT,K100,Exception('timeout_or_slo_miss: completed=100/100 errors=0 elapsed_ms=1205.8'),1
FANOUT,K100,Exception('timeout_or_slo_miss: completed=100/100 errors=0 elapsed_ms=1003.9'),2
FANOUT,K100,Exception('timeout_or_slo_miss: completed=100/100 errors=0 elapsed_ms=1064.9'),1
FANOUT,K100,Exception('timeout_or_slo_miss: completed=100/100 errors=0 elapsed_ms=1078.9'),1
FANOUT,K100,Exception('timeout_or_slo_miss: completed=100/100 errors=0 elapsed_ms=1180.1'),1
FANOUT,K100,Exception('timeout_or_slo_miss: completed=100/100 errors=0 elapsed_ms=1173.5'),1
FANOUT,K100,Exception('timeout_or_slo_miss: completed=100/100 errors=0 elapsed_ms=1097.8'),2
FANOUT,K100,Exception('timeout_or_slo_miss: completed=100/100 errors=0 elapsed_ms=1017.4'),3
FANOUT,K100,Exception('timeout_or_slo_miss: completed=100/100 errors=0 elapsed_ms=1115.6'),2
FANOUT,K100,Exception('timeout_or_slo_miss: completed=100/100 errors=0 elapsed_ms=1141.4'),1
FANOUT,K100,Exception('timeout_or_slo_miss: completed=100/100 errors=0 elapsed_ms=1069.2'),1
FANOUT,K100,Exception('timeout_or_slo_miss: completed=100/100 errors=0 elapsed_ms=1096.4'),1
FANOUT,K100,Exception('timeout_or_slo_miss: completed=100/100 errors=0 elapsed_ms=1539.7'),1
FANOUT,K100,Exception('timeout_or_slo_miss: completed=100/100 errors=0 elapsed_ms=1111.0'),1
FANOUT,K100,Exception('timeout_or_slo_miss: completed=100/100 errors=0 elapsed_ms=1168.7'),1
FANOUT,K100,Exception('timeout_or_slo_miss: completed=100/100 errors=0 elapsed_ms=1078.6'),2
FANOUT,K100,Exception('timeout_or_slo_miss: completed=100/100 errors=0 elapsed_ms=1164.2'),2
FANOUT,K100,Exception('timeout_or_slo_miss: completed=100/100 errors=0 elapsed_ms=1009.2'),2
FANOUT,K100,Exception('timeout_or_slo_miss: completed=100/100 errors=0 elapsed_ms=1239.8'),1
FANOUT,K100,Exception('timeout_or_slo_miss: completed=100/100 errors=0 elapsed_ms=1026.6'),2
FANOUT,K100,Exception('timeout_or_slo_miss: completed=91/100 errors=0 elapsed_ms=1933.3'),1
FANOUT,K100,Exception('timeout_or_slo_miss: completed=100/100 errors=0 elapsed_ms=1267.5'),1
FANOUT,K100,Exception('timeout_or_slo_miss: completed=100/100 errors=0 elapsed_ms=1219.4'),1
FANOUT,K100,Exception('timeout_or_slo_miss: completed=100/100 errors=0 elapsed_ms=1060.7'),2
FANOUT,K100,Exception('timeout_or_slo_miss: completed=100/100 errors=0 elapsed_ms=1001.2'),3
FANOUT,K100,Exception('timeout_or_slo_miss: completed=100/100 errors=0 elapsed_ms=1166.6'),1
FANOUT,K100,Exception('timeout_or_slo_miss: completed=100/100 errors=0 elapsed_ms=1063.2'),2
FANOUT,K100,Exception('timeout_or_slo_miss: completed=100/100 errors=0 elapsed_ms=1176.0'),1
FANOUT,K100,Exception('timeout_or_slo_miss: completed=100/100 errors=0 elapsed_ms=1090.3'),2
FANOUT,K100,Exception('timeout_or_slo_miss: completed=100/100 errors=0 elapsed_ms=1225.5'),1
FANOUT,K100,Exception('timeout_or_slo_miss: completed=100/100 errors=0 elapsed_ms=1434.8'),1
FANOUT,K100,Exception('timeout_or_slo_miss: completed=100/100 errors=0 elapsed_ms=1135.4'),1
FANOUT,K100,Exception('timeout_or_slo_miss: completed=100/100 errors=0 elapsed_ms=1264.3'),1
FANOUT,K100,Exception('timeout_or_slo_miss: completed=100/100 errors=0 elapsed_ms=1105.3'),1
FANOUT,K100,Exception('timeout_or_slo_miss: completed=100/100 errors=0 elapsed_ms=1108.8'),1
FANOUT,K100,Exception('timeout_or_slo_miss: completed=100/100 errors=0 elapsed_ms=1205.0'),1
FANOUT,K100,Exception('timeout_or_slo_miss: completed=100/100 errors=0 elapsed_ms=1038.3'),1
FANOUT,K100,Exception('timeout_or_slo_miss: completed=100/100 errors=0 elapsed_ms=1165.6'),1
FANOUT,K100,Exception('timeout_or_slo_miss: completed=100/100 errors=0 elapsed_ms=1024.8'),2
FANOUT,K100,Exception('timeout_or_slo_miss: completed=100/100 errors=0 elapsed_ms=1100.7'),1
FANOUT,K100,Exception('timeout_or_slo_miss: completed=100/100 errors=0 elapsed_ms=1142.6'),1
FANOUT,K100,Exception('timeout_or_slo_miss: completed=100/100 errors=0 elapsed_ms=1334.2'),1
FANOUT,K100,Exception('timeout_or_slo_miss: completed=100/100 errors=0 elapsed_ms=1084.6'),1
FANOUT,K100,Exception('timeout_or_slo_miss: completed=100/100 errors=0 elapsed_ms=1073.6'),3
FANOUT,K100,Exception('timeout_or_slo_miss: completed=100/100 errors=0 elapsed_ms=1144.6'),1
FANOUT,K100,Exception('timeout_or_slo_miss: completed=100/100 errors=0 elapsed_ms=1197.8'),1
FANOUT,K100,Exception('timeout_or_slo_miss: completed=100/100 errors=0 elapsed_ms=1030.1'),2
FANOUT,K100,Exception('timeout_or_slo_miss: completed=100/100 errors=0 elapsed_ms=1048.2'),1
FANOUT,K100,Exception('timeout_or_slo_miss: completed=100/100 errors=0 elapsed_ms=1106.0'),1
FANOUT,K100,Exception('timeout_or_slo_miss: completed=100/100 errors=0 elapsed_ms=1019.3'),1
FANOUT,K100,Exception('timeout_or_slo_miss: completed=100/100 errors=0 elapsed_ms=1033.5'),2
FANOUT,K100,Exception('timeout_or_slo_miss: completed=100/100 errors=0 elapsed_ms=1017.9'),2
FANOUT,K100,Exception('timeout_or_slo_miss: completed=100/100 errors=0 elapsed_ms=1076.3'),1
FANOUT,K100,Exception('timeout_or_slo_miss: completed=100/100 errors=0 elapsed_ms=1021.4'),3
FANOUT,K100,Exception('timeout_or_slo_miss: completed=100/100 errors=0 elapsed_ms=1804.8'),1
FANOUT,K100,Exception('timeout_or_slo_miss: completed=100/100 errors=0 elapsed_ms=1026.0'),3
FANOUT,K100,Exception('timeout_or_slo_miss: completed=100/100 errors=0 elapsed_ms=1187.0'),1
FANOUT,K100,Exception('timeout_or_slo_miss: completed=100/100 errors=0 elapsed_ms=1189.2'),1
FANOUT,K100,Exception('timeout_or_slo_miss: completed=100/100 errors=0 elapsed_ms=1011.0'),1
FANOUT,K100,Exception('timeout_or_slo_miss: completed=100/100 errors=0 elapsed_ms=1171.9'),1
FANOUT,K100,Exception('timeout_or_slo_miss: completed=100/100 errors=0 elapsed_ms=1052.4'),1
FANOUT,K100,Exception('timeout_or_slo_miss: completed=100/100 errors=0 elapsed_ms=1015.7'),2
FANOUT,K100,Exception('timeout_or_slo_miss: completed=100/100 errors=0 elapsed_ms=1620.7'),1
FANOUT,K100,Exception('timeout_or_slo_miss: completed=100/100 errors=0 elapsed_ms=1058.0'),4
FANOUT,K100,Exception('timeout_or_slo_miss: completed=100/100 errors=0 elapsed_ms=1184.1'),1
FANOUT,K100,Exception('timeout_or_slo_miss: completed=100/100 errors=0 elapsed_ms=1196.6'),1
FANOUT,K100,Exception('timeout_or_slo_miss: completed=100/100 errors=0 elapsed_ms=1126.0'),1
FANOUT,K100,Exception('timeout_or_slo_miss: completed=100/100 errors=0 elapsed_ms=1068.4'),3
FANOUT,K100,Exception('timeout_or_slo_miss: completed=100/100 errors=0 elapsed_ms=1036.9'),1
FANOUT,K100,Exception('timeout_or_slo_miss: completed=100/100 errors=0 elapsed_ms=1059.5'),1
FANOUT,K100,Exception('timeout_or_slo_miss: completed=100/100 errors=0 elapsed_ms=1058.6'),1
FANOUT,K100,Exception('timeout_or_slo_miss: completed=100/100 errors=0 elapsed_ms=1120.4'),2
FANOUT,K100,Exception('timeout_or_slo_miss: completed=100/100 errors=0 elapsed_ms=1061.4'),1
FANOUT,K100,Exception('timeout_or_slo_miss: completed=100/100 errors=0 elapsed_ms=1155.4'),1
FANOUT,K100,Exception('timeout_or_slo_miss: completed=100/100 errors=0 elapsed_ms=1069.8'),3
FANOUT,K100,Exception('timeout_or_slo_miss: completed=100/100 errors=0 elapsed_ms=1051.5'),1
FANOUT,K100,Exception('timeout_or_slo_miss: completed=100/100 errors=0 elapsed_ms=1099.4'),2
FANOUT,K100,Exception('timeout_or_slo_miss: completed=100/100 errors=0 elapsed_ms=1164.9'),1
FANOUT,K100,Exception('timeout_or_slo_miss: completed=100/100 errors=0 elapsed_ms=1068.3'),3
FANOUT,K100,Exception('timeout_or_slo_miss: completed=100/100 errors=0 elapsed_ms=1002.5'),4
FANOUT,K100,Exception('timeout_or_slo_miss: completed=100/100 errors=0 elapsed_ms=1095.2'),1
FANOUT,K100,Exception('timeout_or_slo_miss: completed=100/100 errors=0 elapsed_ms=1170.8'),1
FANOUT,K100,Exception('timeout_or_slo_miss: completed=100/100 errors=0 elapsed_ms=1059.3'),1
FANOUT,K100,Exception('timeout_or_slo_miss: completed=100/100 errors=0 elapsed_ms=1034.0'),1
FANOUT,K100,Exception('timeout_or_slo_miss: completed=100/100 errors=0 elapsed_ms=1136.7'),1
FANOUT,K100,Exception('timeout_or_slo_miss: completed=100/100 errors=0 elapsed_ms=1200.0'),1
FANOUT,K100,Exception('timeout_or_slo_miss: completed=100/100 errors=0 elapsed_ms=1070.9'),1
FANOUT,K100,Exception('timeout_or_slo_miss: completed=100/100 errors=0 elapsed_ms=1131.7'),1
FANOUT,K100,Exception('timeout_or_slo_miss: completed=100/100 errors=0 elapsed_ms=1072.8'),3
FANOUT,K100,Exception('timeout_or_slo_miss: completed=100/100 errors=0 elapsed_ms=1084.2'),1
FANOUT,K100,Exception('timeout_or_slo_miss: completed=100/100 errors=0 elapsed_ms=1105.0'),1
FANOUT,K100,Exception('timeout_or_slo_miss: completed=100/100 errors=0 elapsed_ms=1000.6'),1
FANOUT,K100,Exception('timeout_or_slo_miss: completed=100/100 errors=0 elapsed_ms=1039.7'),1
FANOUT,K100,Exception('timeout_or_slo_miss: completed=100/100 errors=0 elapsed_ms=1161.9'),1
FANOUT,K100,Exception('timeout_or_slo_miss: completed=100/100 errors=0 elapsed_ms=1055.1'),1
FANOUT,K100,Exception('timeout_or_slo_miss: completed=100/100 errors=0 elapsed_ms=1165.2'),1
FANOUT,K100,Exception('timeout_or_slo_miss: completed=100/100 errors=0 elapsed_ms=1049.7'),1
FANOUT,K100,Exception('timeout_or_slo_miss: completed=97/100 errors=0 elapsed_ms=1755.6'),1
FANOUT,K100,Exception('timeout_or_slo_miss: completed=100/100 errors=0 elapsed_ms=1062.8'),1
FANOUT,K100,Exception('timeout_or_slo_miss: completed=100/100 errors=0 elapsed_ms=1046.3'),1
FANOUT,K100,Exception('timeout_or_slo_miss: completed=100/100 errors=0 elapsed_ms=1026.8'),1
FANOUT,K100,Exception('timeout_or_slo_miss: completed=100/100 errors=0 elapsed_ms=1002.1'),1
FANOUT,K100,Exception('timeout_or_slo_miss: completed=100/100 errors=0 elapsed_ms=1021.8'),2
FANOUT,K100,Exception('timeout_or_slo_miss: completed=100/100 errors=0 elapsed_ms=1073.1'),1
FANOUT,K100,Exception('timeout_or_slo_miss: completed=100/100 errors=0 elapsed_ms=1051.8'),3
FANOUT,K100,Exception('timeout_or_slo_miss: completed=100/100 errors=0 elapsed_ms=1025.2'),3
FANOUT,K100,Exception('timeout_or_slo_miss: completed=100/100 errors=0 elapsed_ms=1208.7'),1
FANOUT,K100,Exception('timeout_or_slo_miss: completed=100/100 errors=0 elapsed_ms=1210.7'),1
FANOUT,K100,Exception('timeout_or_slo_miss: completed=100/100 errors=0 elapsed_ms=1137.3'),1
FANOUT,K100,Exception('timeout_or_slo_miss: completed=100/100 errors=0 elapsed_ms=1216.7'),1
FANOUT,K100,Exception('timeout_or_slo_miss: completed=100/100 errors=0 elapsed_ms=1252.5'),1
FANOUT,K100,Exception('timeout_or_slo_miss: completed=100/100 errors=0 elapsed_ms=1032.6'),1
FANOUT,K100,Exception('timeout_or_slo_miss: completed=100/100 errors=0 elapsed_ms=1162.0'),1
FANOUT,K100,Exception('timeout_or_slo_miss: completed=100/100 errors=0 elapsed_ms=1474.4'),1
FANOUT,K100,Exception('timeout_or_slo_miss: completed=100/100 errors=0 elapsed_ms=1100.1'),1
FANOUT,K100,Exception('timeout_or_slo_miss: completed=100/100 errors=0 elapsed_ms=1093.3'),3
FANOUT,K100,Exception('timeout_or_slo_miss: completed=100/100 errors=0 elapsed_ms=1064.1'),2
FANOUT,K100,Exception('timeout_or_slo_miss: completed=100/100 errors=0 elapsed_ms=1230.7'),1
FANOUT,K100,Exception('timeout_or_slo_miss: completed=100/100 errors=0 elapsed_ms=1036.4'),2
FANOUT,K100,Exception('timeout_or_slo_miss: completed=100/100 errors=0 elapsed_ms=1000.5'),3
FANOUT,K100,Exception('timeout_or_slo_miss: completed=100/100 errors=0 elapsed_ms=1007.6'),1
FANOUT,K100,Exception('timeout_or_slo_miss: completed=100/100 errors=0 elapsed_ms=1028.7'),2
FANOUT,K100,Exception('timeout_or_slo_miss: completed=100/100 errors=0 elapsed_ms=1072.1'),1
FANOUT,K100,Exception('timeout_or_slo_miss: completed=100/100 errors=0 elapsed_ms=1064.3'),1
FANOUT,K100,Exception('timeout_or_slo_miss: completed=100/100 errors=0 elapsed_ms=1128.1'),1
FANOUT,K100,Exception('timeout_or_slo_miss: completed=100/100 errors=0 elapsed_ms=1465.9'),1
FANOUT,K100,Exception('timeout_or_slo_miss: completed=100/100 errors=0 elapsed_ms=1001.8'),2
FANOUT,K100,Exception('timeout_or_slo_miss: completed=100/100 errors=0 elapsed_ms=1138.5'),1
FANOUT,K100,Exception('timeout_or_slo_miss: completed=100/100 errors=0 elapsed_ms=1075.4'),2
FANOUT,K100,Exception('timeout_or_slo_miss: completed=100/100 errors=0 elapsed_ms=1166.5'),1
FANOUT,K100,Exception('timeout_or_slo_miss: completed=100/100 errors=0 elapsed_ms=1100.2'),1
FANOUT,K100,Exception('timeout_or_slo_miss: completed=100/100 errors=0 elapsed_ms=1007.9'),1
FANOUT,K100,Exception('timeout_or_slo_miss: completed=100/100 errors=0 elapsed_ms=1143.8'),1
FANOUT,K100,Exception('timeout_or_slo_miss: completed=100/100 errors=0 elapsed_ms=1090.1'),2
FANOUT,K100,Exception('timeout_or_slo_miss: completed=100/100 errors=0 elapsed_ms=1013.6'),2
FANOUT,K100,Exception('timeout_or_slo_miss: completed=100/100 errors=0 elapsed_ms=1006.6'),1
FANOUT,K100,Exception('timeout_or_slo_miss: completed=100/100 errors=0 elapsed_ms=1086.4'),3
FANOUT,K100,Exception('timeout_or_slo_miss: completed=100/100 errors=0 elapsed_ms=1316.0'),1
FANOUT,K100,Exception('timeout_or_slo_miss: completed=100/100 errors=0 elapsed_ms=1086.3'),1
FANOUT,K100,Exception('timeout_or_slo_miss: completed=100/100 errors=0 elapsed_ms=1331.0'),1
FANOUT,K100,Exception('timeout_or_slo_miss: completed=100/100 errors=0 elapsed_ms=1019.0'),1
FANOUT,K100,Exception('timeout_or_slo_miss: completed=100/100 errors=0 elapsed_ms=1016.8'),2
FANOUT,K100,Exception('timeout_or_slo_miss: completed=100/100 errors=0 elapsed_ms=1064.7'),1
FANOUT,K100,Exception('timeout_or_slo_miss: completed=100/100 errors=0 elapsed_ms=1162.5'),2
FANOUT,K100,Exception('timeout_or_slo_miss: completed=100/100 errors=0 elapsed_ms=1019.5'),1
FANOUT,K100,Exception('timeout_or_slo_miss: completed=100/100 errors=0 elapsed_ms=1038.7'),1
FANOUT,K100,Exception('timeout_or_slo_miss: completed=100/100 errors=0 elapsed_ms=1103.4'),1
FANOUT,K100,Exception('timeout_or_slo_miss: completed=100/100 errors=0 elapsed_ms=1018.5'),1
FANOUT,K100,Exception('timeout_or_slo_miss: completed=100/100 errors=0 elapsed_ms=1177.1'),1
FANOUT,K100,Exception('timeout_or_slo_miss: completed=100/100 errors=0 elapsed_ms=1096.5'),2
FANOUT,K100,Exception('timeout_or_slo_miss: completed=100/100 errors=0 elapsed_ms=1360.9'),1
FANOUT,K100,Exception('timeout_or_slo_miss: completed=100/100 errors=0 elapsed_ms=1000.2'),4
FANOUT,K100,Exception('timeout_or_slo_miss: completed=100/100 errors=0 elapsed_ms=1241.1'),1
FANOUT,K100,Exception('timeout_or_slo_miss: completed=100/100 errors=0 elapsed_ms=1043.1'),1
FANOUT,K100,Exception('timeout_or_slo_miss: completed=100/100 errors=0 elapsed_ms=1097.9'),1
FANOUT,K100,Exception('timeout_or_slo_miss: completed=100/100 errors=0 elapsed_ms=1074.8'),2
FANOUT,K100,Exception('timeout_or_slo_miss: completed=100/100 errors=0 elapsed_ms=1170.0'),1
FANOUT,K100,Exception('timeout_or_slo_miss: completed=100/100 errors=0 elapsed_ms=1037.4'),1
FANOUT,K100,Exception('timeout_or_slo_miss: completed=100/100 errors=0 elapsed_ms=1080.1'),1
FANOUT,K100,Exception('timeout_or_slo_miss: completed=100/100 errors=0 elapsed_ms=1026.2'),2
FANOUT,K100,Exception('timeout_or_slo_miss: completed=100/100 errors=0 elapsed_ms=1053.1'),1
FANOUT,K100,Exception('timeout_or_slo_miss: completed=100/100 errors=0 elapsed_ms=1115.9'),1
FANOUT,K100,Exception('timeout_or_slo_miss: completed=100/100 errors=0 elapsed_ms=1054.5'),4
FANOUT,K100,Exception('timeout_or_slo_miss: completed=100/100 errors=0 elapsed_ms=1090.9'),1
FANOUT,K100,Exception('timeout_or_slo_miss: completed=100/100 errors=0 elapsed_ms=1071.5'),1
FANOUT,K100,Exception('timeout_or_slo_miss: completed=100/100 errors=0 elapsed_ms=1012.9'),1
FANOUT,K100,Exception('timeout_or_slo_miss: completed=100/100 errors=0 elapsed_ms=1079.7'),1
FANOUT,K100,Exception('timeout_or_slo_miss: completed=100/100 errors=0 elapsed_ms=1171.0'),1
FANOUT,K100,Exception('timeout_or_slo_miss: completed=100/100 errors=0 elapsed_ms=1059.9'),2
FANOUT,K100,Exception('timeout_or_slo_miss: completed=100/100 errors=0 elapsed_ms=1178.3'),1
FANOUT,K100,Exception('timeout_or_slo_miss: completed=100/100 errors=0 elapsed_ms=1367.4'),1
FANOUT,K100,Exception('timeout_or_slo_miss: completed=100/100 errors=0 elapsed_ms=1047.2'),1
FANOUT,K100,Exception('timeout_or_slo_miss: completed=100/100 errors=0 elapsed_ms=1056.1'),1
FANOUT,K100,Exception('timeout_or_slo_miss: completed=99/100 errors=0 elapsed_ms=1861.0'),1
FANOUT,K100,Exception('timeout_or_slo_miss: completed=100/100 errors=0 elapsed_ms=1333.3'),1
FANOUT,K100,Exception('timeout_or_slo_miss: completed=100/100 errors=0 elapsed_ms=1000.9'),1
FANOUT,K100,Exception('timeout_or_slo_miss: completed=100/100 errors=0 elapsed_ms=1179.0'),1
FANOUT,K100,Exception('timeout_or_slo_miss: completed=100/100 errors=0 elapsed_ms=1024.7'),4
FANOUT,K100,Exception('timeout_or_slo_miss: completed=100/100 errors=0 elapsed_ms=1043.4'),1
FANOUT,K100,Exception('timeout_or_slo_miss: completed=100/100 errors=0 elapsed_ms=1154.7'),1
FANOUT,K100,Exception('timeout_or_slo_miss: completed=100/100 errors=0 elapsed_ms=1189.3'),1
FANOUT,K100,Exception('timeout_or_slo_miss: completed=100/100 errors=0 elapsed_ms=1036.6'),1
FANOUT,K100,Exception('timeout_or_slo_miss: completed=100/100 errors=0 elapsed_ms=1176.5'),2
FANOUT,K100,Exception('timeout_or_slo_miss: completed=100/100 errors=0 elapsed_ms=1304.6'),1
FANOUT,K100,Exception('timeout_or_slo_miss: completed=100/100 errors=0 elapsed_ms=1067.7'),2
FANOUT,K100,Exception('timeout_or_slo_miss: completed=100/100 errors=0 elapsed_ms=1139.1'),2
FANOUT,K100,Exception('timeout_or_slo_miss: completed=100/100 errors=0 elapsed_ms=1529.5'),1
FANOUT,K100,Exception('timeout_or_slo_miss: completed=100/100 errors=0 elapsed_ms=1114.2'),2
FANOUT,K100,Exception('timeout_or_slo_miss: completed=100/100 errors=0 elapsed_ms=1026.7'),2
FANOUT,K100,Exception('timeout_or_slo_miss: completed=100/100 errors=0 elapsed_ms=1027.5'),1
FANOUT,K100,Exception('timeout_or_slo_miss: completed=100/100 errors=0 elapsed_ms=1088.0'),1
FANOUT,K100,Exception('timeout_or_slo_miss: completed=100/100 errors=0 elapsed_ms=1274.7'),1
FANOUT,K100,Exception('timeout_or_slo_miss: completed=100/100 errors=0 elapsed_ms=1173.8'),1
FANOUT,K100,Exception('timeout_or_slo_miss: completed=100/100 errors=0 elapsed_ms=1071.2'),1
FANOUT,K100,Exception('timeout_or_slo_miss: completed=100/100 errors=0 elapsed_ms=1169.1'),1
FANOUT,K100,Exception('timeout_or_slo_miss: completed=100/100 errors=0 elapsed_ms=1138.9'),1
FANOUT,K100,Exception('timeout_or_slo_miss: completed=100/100 errors=0 elapsed_ms=1135.2'),2
FANOUT,K100,Exception('timeout_or_slo_miss: completed=100/100 errors=0 elapsed_ms=1001.3'),1
FANOUT,K100,Exception('timeout_or_slo_miss: completed=100/100 errors=0 elapsed_ms=1089.0'),1
FANOUT,K100,Exception('timeout_or_slo_miss: completed=100/100 errors=0 elapsed_ms=1360.7'),1
FANOUT,K100,Exception('timeout_or_slo_miss: completed=100/100 errors=0 elapsed_ms=1077.0'),1
FANOUT,K100,Exception('timeout_or_slo_miss: completed=100/100 errors=0 elapsed_ms=1118.0'),1
FANOUT,K100,Exception('timeout_or_slo_miss: completed=100/100 errors=0 elapsed_ms=1067.1'),2
FANOUT,K100,Exception('timeout_or_slo_miss: completed=100/100 errors=0 elapsed_ms=1035.3'),1
FANOUT,K100,Exception('timeout_or_slo_miss: completed=100/100 errors=0 elapsed_ms=1050.3'),2
FANOUT,K100,Exception('timeout_or_slo_miss: completed=100/100 errors=0 elapsed_ms=1423.4'),1
FANOUT,K100,Exception('timeout_or_slo_miss: completed=100/100 errors=0 elapsed_ms=1180.2'),1
FANOUT,K100,Exception('timeout_or_slo_miss: completed=93/100 errors=0 elapsed_ms=1971.6'),1
FANOUT,K100,Exception('timeout_or_slo_miss: completed=100/100 errors=0 elapsed_ms=1096.9'),1
FANOUT,K100,Exception('timeout_or_slo_miss: completed=100/100 errors=0 elapsed_ms=1111.4'),2
FANOUT,K100,Exception('timeout_or_slo_miss: completed=100/100 errors=0 elapsed_ms=1056.5'),1
FANOUT,K100,Exception('timeout_or_slo_miss: completed=100/100 errors=0 elapsed_ms=1077.2'),2
FANOUT,K100,Exception('timeout_or_slo_miss: completed=100/100 errors=0 elapsed_ms=1057.6'),2
FANOUT,K100,Exception('timeout_or_slo_miss: completed=100/100 errors=0 elapsed_ms=1042.8'),1
FANOUT,K100,Exception('timeout_or_slo_miss: completed=100/100 errors=0 elapsed_ms=1073.4'),1
FANOUT,K100,Exception('timeout_or_slo_miss: completed=100/100 errors=0 elapsed_ms=1089.8'),2
FANOUT,K100,Exception('timeout_or_slo_miss: completed=100/100 errors=0 elapsed_ms=1256.7'),1
FANOUT,K100,Exception('timeout_or_slo_miss: completed=100/100 errors=0 elapsed_ms=1534.2'),1
FANOUT,K100,Exception('timeout_or_slo_miss: completed=100/100 errors=0 elapsed_ms=1634.4'),1
FANOUT,K100,Exception('timeout_or_slo_miss: completed=100/100 errors=0 elapsed_ms=1122.1'),1
FANOUT,K100,Exception('timeout_or_slo_miss: completed=100/100 errors=0 elapsed_ms=1013.5'),1
FANOUT,K100,Exception('timeout_or_slo_miss: completed=100/100 errors=0 elapsed_ms=1096.2'),1
FANOUT,K100,Exception('timeout_or_slo_miss: completed=100/100 errors=0 elapsed_ms=1790.9'),1
FANOUT,K100,Exception('timeout_or_slo_miss: completed=100/100 errors=0 elapsed_ms=1004.3'),2
FANOUT,K100,Exception('timeout_or_slo_miss: completed=100/100 errors=0 elapsed_ms=1043.0'),1
FANOUT,K100,Exception('timeout_or_slo_miss: completed=100/100 errors=0 elapsed_ms=1188.8'),1
FANOUT,K100,Exception('timeout_or_slo_miss: completed=100/100 errors=0 elapsed_ms=1045.9'),1
FANOUT,K100,Exception('timeout_or_slo_miss: completed=100/100 errors=0 elapsed_ms=1065.0'),1
FANOUT,K100,Exception('timeout_or_slo_miss: completed=100/100 errors=0 elapsed_ms=1059.4'),2
FANOUT,K100,Exception('timeout_or_slo_miss: completed=100/100 errors=0 elapsed_ms=1102.0'),1
FANOUT,K100,Exception('timeout_or_slo_miss: completed=100/100 errors=0 elapsed_ms=1010.9'),1
FANOUT,K100,Exception('timeout_or_slo_miss: completed=100/100 errors=0 elapsed_ms=1051.0'),1
FANOUT,K100,Exception('timeout_or_slo_miss: completed=100/100 errors=0 elapsed_ms=1021.3'),2
FANOUT,K100,Exception('timeout_or_slo_miss: completed=100/100 errors=0 elapsed_ms=1088.5'),1
FANOUT,K100,Exception('timeout_or_slo_miss: completed=92/100 errors=0 elapsed_ms=1818.1'),1
FANOUT,K100,Exception('timeout_or_slo_miss: completed=100/100 errors=0 elapsed_ms=1110.3'),1
FANOUT,K100,Exception('timeout_or_slo_miss: completed=100/100 errors=0 elapsed_ms=1003.7'),4
FANOUT,K100,Exception('timeout_or_slo_miss: completed=100/100 errors=0 elapsed_ms=1022.3'),1
FANOUT,K100,Exception('timeout_or_slo_miss: completed=100/100 errors=0 elapsed_ms=1008.9'),4
FANOUT,K100,Exception('timeout_or_slo_miss: completed=100/100 errors=0 elapsed_ms=1091.4'),2
FANOUT,K100,Exception('timeout_or_slo_miss: completed=100/100 errors=0 elapsed_ms=1126.9'),2
FANOUT,K100,Exception('timeout_or_slo_miss: completed=100/100 errors=0 elapsed_ms=1023.5'),1
FANOUT,K100,Exception('timeout_or_slo_miss: completed=100/100 errors=0 elapsed_ms=1189.4'),1
FANOUT,K100,Exception('timeout_or_slo_miss: completed=100/100 errors=0 elapsed_ms=1048.3'),1
FANOUT,K100,Exception('timeout_or_slo_miss: completed=100/100 errors=0 elapsed_ms=1174.3'),1
FANOUT,K100,Exception('timeout_or_slo_miss: completed=100/100 errors=0 elapsed_ms=1063.1'),1
FANOUT,K100,Exception('timeout_or_slo_miss: completed=100/100 errors=0 elapsed_ms=1137.7'),1
FANOUT,K100,Exception('timeout_or_slo_miss: completed=100/100 errors=0 elapsed_ms=1044.9'),1
FANOUT,K100,Exception('timeout_or_slo_miss: completed=100/100 errors=0 elapsed_ms=1109.0'),1
FANOUT,K100,Exception('timeout_or_slo_miss: completed=100/100 errors=0 elapsed_ms=1042.0'),2
FANOUT,K100,Exception('timeout_or_slo_miss: completed=100/100 errors=0 elapsed_ms=1161.2'),1
FANOUT,K100,Exception('timeout_or_slo_miss: completed=100/100 errors=0 elapsed_ms=1025.3'),1
FANOUT,K100,Exception('timeout_or_slo_miss: completed=100/100 errors=0 elapsed_ms=1085.9'),1
FANOUT,K100,Exception('timeout_or_slo_miss: completed=100/100 errors=0 elapsed_ms=1313.5'),1
FANOUT,K100,Exception('timeout_or_slo_miss: completed=100/100 errors=0 elapsed_ms=1220.9'),1
FANOUT,K100,Exception('timeout_or_slo_miss: completed=100/100 errors=0 elapsed_ms=1357.2'),1
FANOUT,K100,Exception('timeout_or_slo_miss: completed=100/100 errors=0 elapsed_ms=1025.7'),2
FANOUT,K100,Exception('timeout_or_slo_miss: completed=100/100 errors=0 elapsed_ms=1095.8'),2
FANOUT,K100,Exception('timeout_or_slo_miss: completed=100/100 errors=0 elapsed_ms=1572.7'),1
FANOUT,K100,Exception('timeout_or_slo_miss: completed=100/100 errors=0 elapsed_ms=1128.9'),1
FANOUT,K100,Exception('timeout_or_slo_miss: completed=100/100 errors=0 elapsed_ms=1042.6'),1
FANOUT,K100,Exception('timeout_or_slo_miss: completed=100/100 errors=0 elapsed_ms=1161.7'),1
FANOUT,K100,Exception('timeout_or_slo_miss: completed=100/100 errors=0 elapsed_ms=1041.7'),2
FANOUT,K100,Exception('timeout_or_slo_miss: completed=100/100 errors=0 elapsed_ms=1015.6'),2
FANOUT,K100,Exception('timeout_or_slo_miss: completed=100/100 errors=0 elapsed_ms=1080.3'),1
FANOUT,K100,Exception('timeout_or_slo_miss: completed=100/100 errors=0 elapsed_ms=1016.9'),2
FANOUT,K100,Exception('timeout_or_slo_miss: completed=100/100 errors=0 elapsed_ms=1201.2'),1
FANOUT,K100,Exception('timeout_or_slo_miss: completed=100/100 errors=0 elapsed_ms=1176.1'),1
FANOUT,K100,Exception('timeout_or_slo_miss: completed=100/100 errors=0 elapsed_ms=1051.1'),2
FANOUT,K100,Exception('timeout_or_slo_miss: completed=100/100 errors=0 elapsed_ms=1008.0'),1
FANOUT,K100,Exception('timeout_or_slo_miss: completed=100/100 errors=0 elapsed_ms=1128.8'),1
FANOUT,K100,Exception('timeout_or_slo_miss: completed=100/100 errors=0 elapsed_ms=1312.0'),1
FANOUT,K100,Exception('timeout_or_slo_miss: completed=100/100 errors=0 elapsed_ms=1067.3'),1
FANOUT,K100,Exception('timeout_or_slo_miss: completed=100/100 errors=0 elapsed_ms=1008.5'),1
FANOUT,K100,Exception('timeout_or_slo_miss: completed=100/100 errors=0 elapsed_ms=1267.1'),1
FANOUT,K100,Exception('timeout_or_slo_miss: completed=100/100 errors=0 elapsed_ms=1224.6'),1
FANOUT,K100,Exception('timeout_or_slo_miss: completed=100/100 errors=0 elapsed_ms=1032.9'),1
FANOUT,K100,Exception('timeout_or_slo_miss: completed=100/100 errors=0 elapsed_ms=1131.4'),1
FANOUT,K100,Exception('timeout_or_slo_miss: completed=100/100 errors=0 elapsed_ms=1139.4'),1
FANOUT,K100,Exception('timeout_or_slo_miss: completed=100/100 errors=0 elapsed_ms=1088.8'),1
FANOUT,K100,Exception('timeout_or_slo_miss: completed=100/100 errors=0 elapsed_ms=1093.5'),2
FANOUT,K100,Exception('timeout_or_slo_miss: completed=100/100 errors=0 elapsed_ms=1073.0'),1
FANOUT,K100,Exception('timeout_or_slo_miss: completed=100/100 errors=0 elapsed_ms=1186.9'),1
FANOUT,K100,Exception('timeout_or_slo_miss: completed=100/100 errors=0 elapsed_ms=1046.9'),1
FANOUT,K100,Exception('timeout_or_slo_miss: completed=100/100 errors=0 elapsed_ms=1008.6'),2
FANOUT,K100,Exception('timeout_or_slo_miss: completed=95/100 errors=0 elapsed_ms=1748.5'),1
FANOUT,K100,Exception('timeout_or_slo_miss: completed=100/100 errors=0 elapsed_ms=1015.0'),2
FANOUT,K100,Exception('timeout_or_slo_miss: completed=100/100 errors=0 elapsed_ms=1083.5'),1
FANOUT,K100,Exception('timeout_or_slo_miss: completed=100/100 errors=0 elapsed_ms=1089.1'),2
FANOUT,K100,Exception('timeout_or_slo_miss: completed=100/100 errors=0 elapsed_ms=1015.9'),2
FANOUT,K100,Exception('timeout_or_slo_miss: completed=100/100 errors=0 elapsed_ms=1034.1'),1
FANOUT,K100,Exception('timeout_or_slo_miss: completed=100/100 errors=0 elapsed_ms=1027.6'),2
FANOUT,K100,Exception('timeout_or_slo_miss: completed=100/100 errors=0 elapsed_ms=1136.1'),1
FANOUT,K100,Exception('timeout_or_slo_miss: completed=100/100 errors=0 elapsed_ms=1032.4'),1
FANOUT,K100,Exception('timeout_or_slo_miss: completed=100/100 errors=0 elapsed_ms=1010.5'),1
FANOUT,K100,Exception('timeout_or_slo_miss: completed=100/100 errors=0 elapsed_ms=1173.7'),1
FANOUT,K100,Exception('timeout_or_slo_miss: completed=100/100 errors=0 elapsed_ms=1042.7'),1
FANOUT,K100,Exception('timeout_or_slo_miss: completed=100/100 errors=0 elapsed_ms=1063.0'),2
FANOUT,K100,Exception('timeout_or_slo_miss: completed=100/100 errors=0 elapsed_ms=1011.8'),3
FANOUT,K100,Exception('timeout_or_slo_miss: completed=100/100 errors=0 elapsed_ms=1027.4'),2
FANOUT,K100,Exception('timeout_or_slo_miss: completed=100/100 errors=0 elapsed_ms=1002.2'),1
FANOUT,K100,Exception('timeout_or_slo_miss: completed=100/100 errors=0 elapsed_ms=1237.0'),1
FANOUT,K100,Exception('timeout_or_slo_miss: completed=100/100 errors=0 elapsed_ms=1069.7'),1
FANOUT,K100,Exception('timeout_or_slo_miss: completed=100/100 errors=0 elapsed_ms=1128.3'),1
FANOUT,K100,Exception('timeout_or_slo_miss: completed=100/100 errors=0 elapsed_ms=1097.7'),1
FANOUT,K100,Exception('timeout_or_slo_miss: completed=100/100 errors=0 elapsed_ms=1038.8'),4
FANOUT,K100,Exception('timeout_or_slo_miss: completed=100/100 errors=0 elapsed_ms=1041.0'),1
FANOUT,K100,Exception('timeout_or_slo_miss: completed=100/100 errors=0 elapsed_ms=1203.6'),2
FANOUT,K100,Exception('timeout_or_slo_miss: completed=100/100 errors=0 elapsed_ms=1097.6'),1
FANOUT,K100,Exception('timeout_or_slo_miss: completed=100/100 errors=0 elapsed_ms=1012.7'),1
FANOUT,K100,Exception('timeout_or_slo_miss: completed=100/100 errors=0 elapsed_ms=1068.6'),1
FANOUT,K100,Exception('timeout_or_slo_miss: completed=100/100 errors=0 elapsed_ms=1120.2'),1
FANOUT,K100,Exception('timeout_or_slo_miss: completed=100/100 errors=0 elapsed_ms=1032.5'),2
FANOUT,K100,Exception('timeout_or_slo_miss: completed=100/100 errors=0 elapsed_ms=1090.2'),1
FANOUT,K100,Exception('timeout_or_slo_miss: completed=100/100 errors=0 elapsed_ms=1062.4'),3
FANOUT,K100,Exception('timeout_or_slo_miss: completed=100/100 errors=0 elapsed_ms=1035.0'),1
FANOUT,K100,Exception('timeout_or_slo_miss: completed=100/100 errors=0 elapsed_ms=1052.8'),1
FANOUT,K100,Exception('timeout_or_slo_miss: completed=100/100 errors=0 elapsed_ms=1071.0'),1
FANOUT,K100,Exception('timeout_or_slo_miss: completed=100/100 errors=0 elapsed_ms=1072.2'),1
FANOUT,K100,Exception('timeout_or_slo_miss: completed=100/100 errors=0 elapsed_ms=1039.0'),1
FANOUT,K100,Exception('timeout_or_slo_miss: completed=100/100 errors=0 elapsed_ms=1154.2'),1
FANOUT,K100,Exception('timeout_or_slo_miss: completed=100/100 errors=0 elapsed_ms=1168.5'),1
FANOUT,K100,Exception('timeout_or_slo_miss: completed=100/100 errors=0 elapsed_ms=1034.6'),1
FANOUT,K100,Exception('timeout_or_slo_miss: completed=100/100 errors=0 elapsed_ms=1224.9'),1
FANOUT,K100,Exception('timeout_or_slo_miss: completed=100/100 errors=0 elapsed_ms=1287.1'),1
FANOUT,K100,Exception('timeout_or_slo_miss: completed=100/100 errors=0 elapsed_ms=1117.2'),1
FANOUT,K100,Exception('timeout_or_slo_miss: completed=100/100 errors=0 elapsed_ms=1005.5'),1
FANOUT,K100,Exception('timeout_or_slo_miss: completed=100/100 errors=0 elapsed_ms=1034.5'),1
FANOUT,K100,Exception('timeout_or_slo_miss: completed=100/100 errors=0 elapsed_ms=1186.0'),1
FANOUT,K100,Exception('timeout_or_slo_miss: completed=100/100 errors=0 elapsed_ms=1148.4'),1
FANOUT,K100,Exception('timeout_or_slo_miss: completed=100/100 errors=0 elapsed_ms=1063.4'),2
FANOUT,K100,Exception('timeout_or_slo_miss: completed=100/100 errors=0 elapsed_ms=1195.9'),1
FANOUT,K100,Exception('timeout_or_slo_miss: completed=100/100 errors=0 elapsed_ms=1078.7'),1
FANOUT,K100,Exception('timeout_or_slo_miss: completed=100/100 errors=0 elapsed_ms=1192.3'),2
FANOUT,K100,Exception('timeout_or_slo_miss: completed=100/100 errors=0 elapsed_ms=1108.6'),1
FANOUT,K100,Exception('timeout_or_slo_miss: completed=100/100 errors=0 elapsed_ms=1078.1'),1
FANOUT,K100,Exception('timeout_or_slo_miss: completed=100/100 errors=0 elapsed_ms=1136.4'),1
FANOUT,K100,Exception('timeout_or_slo_miss: completed=100/100 errors=0 elapsed_ms=1001.7'),5
FANOUT,K100,Exception('timeout_or_slo_miss: completed=100/100 errors=0 elapsed_ms=1065.6'),2
FANOUT,K100,Exception('timeout_or_slo_miss: completed=100/100 errors=0 elapsed_ms=1017.0'),2
FANOUT,K100,Exception('timeout_or_slo_miss: completed=100/100 errors=0 elapsed_ms=1123.8'),1
FANOUT,K100,Exception('timeout_or_slo_miss: completed=100/100 errors=0 elapsed_ms=1185.9'),1
FANOUT,K100,Exception('timeout_or_slo_miss: completed=100/100 errors=0 elapsed_ms=1087.6'),1
FANOUT,K100,Exception('timeout_or_slo_miss: completed=100/100 errors=0 elapsed_ms=1013.0'),1
FANOUT,K100,Exception('timeout_or_slo_miss: completed=100/100 errors=0 elapsed_ms=1030.3'),2
FANOUT,K100,Exception('timeout_or_slo_miss: completed=100/100 errors=0 elapsed_ms=1128.2'),1
FANOUT,K100,Exception('timeout_or_slo_miss: completed=100/100 errors=0 elapsed_ms=1039.8'),2
FANOUT,K100,Exception('timeout_or_slo_miss: completed=100/100 errors=0 elapsed_ms=1164.8'),1
FANOUT,K100,Exception('timeout_or_slo_miss: completed=100/100 errors=0 elapsed_ms=1055.2'),2
FANOUT,K100,Exception('timeout_or_slo_miss: completed=100/100 errors=0 elapsed_ms=1125.4'),2
FANOUT,K100,Exception('timeout_or_slo_miss: completed=100/100 errors=0 elapsed_ms=1222.1'),1
FANOUT,K100,Exception('timeout_or_slo_miss: completed=100/100 errors=0 elapsed_ms=1060.0'),3
FANOUT,K100,Exception('timeout_or_slo_miss: completed=100/100 errors=0 elapsed_ms=1047.1'),1
FANOUT,K100,Exception('timeout_or_slo_miss: completed=100/100 errors=0 elapsed_ms=1008.2'),3
FANOUT,K100,Exception('timeout_or_slo_miss: completed=100/100 errors=0 elapsed_ms=1046.1'),1
FANOUT,K100,Exception('timeout_or_slo_miss: completed=100/100 errors=0 elapsed_ms=1034.9'),3
FANOUT,K100,Exception('timeout_or_slo_miss: completed=100/100 errors=0 elapsed_ms=1462.9'),1
FANOUT,K100,Exception('timeout_or_slo_miss: completed=100/100 errors=0 elapsed_ms=1069.5'),1
FANOUT,K100,Exception('timeout_or_slo_miss: completed=100/100 errors=0 elapsed_ms=1054.6'),2
FANOUT,K100,Exception('timeout_or_slo_miss: completed=100/100 errors=0 elapsed_ms=1044.8'),3
FANOUT,K100,Exception('timeout_or_slo_miss: completed=100/100 errors=0 elapsed_ms=1092.7'),2
FANOUT,K100,Exception('timeout_or_slo_miss: completed=100/100 errors=0 elapsed_ms=1044.5'),1
FANOUT,K100,Exception('timeout_or_slo_miss: completed=100/100 errors=0 elapsed_ms=1094.5'),1
FANOUT,K100,Exception('timeout_or_slo_miss: completed=100/100 errors=0 elapsed_ms=1077.6'),1
FANOUT,K100,Exception('timeout_or_slo_miss: completed=100/100 errors=0 elapsed_ms=1319.8'),1
FANOUT,K100,Exception('timeout_or_slo_miss: completed=93/100 errors=0 elapsed_ms=1860.9'),1
FANOUT,K100,Exception('timeout_or_slo_miss: completed=100/100 errors=0 elapsed_ms=1138.0'),2
FANOUT,K100,Exception('timeout_or_slo_miss: completed=89/100 errors=0 elapsed_ms=1641.9'),1
FANOUT,K100,Exception('timeout_or_slo_miss: completed=100/100 errors=0 elapsed_ms=1010.6'),3
FANOUT,K100,Exception('timeout_or_slo_miss: completed=100/100 errors=0 elapsed_ms=1010.1'),1
FANOUT,K100,Exception('timeout_or_slo_miss: completed=100/100 errors=0 elapsed_ms=1133.6'),1
FANOUT,K100,Exception('timeout_or_slo_miss: completed=100/100 errors=0 elapsed_ms=1049.0'),4
FANOUT,K100,Exception('timeout_or_slo_miss: completed=100/100 errors=0 elapsed_ms=1032.7'),2
FANOUT,K100,Exception('timeout_or_slo_miss: completed=100/100 errors=0 elapsed_ms=1143.7'),1
FANOUT,K100,Exception('timeout_or_slo_miss: completed=100/100 errors=0 elapsed_ms=1036.0'),1
FANOUT,K100,Exception('timeout_or_slo_miss: completed=100/100 errors=0 elapsed_ms=1443.4'),1
FANOUT,K100,Exception('timeout_or_slo_miss: completed=100/100 errors=0 elapsed_ms=1006.2'),2
FANOUT,K100,Exception('timeout_or_slo_miss: completed=100/100 errors=0 elapsed_ms=1048.4'),1
FANOUT,K100,Exception('timeout_or_slo_miss: completed=100/100 errors=0 elapsed_ms=1126.2'),1
FANOUT,K100,Exception('timeout_or_slo_miss: completed=100/100 errors=0 elapsed_ms=1012.1'),1
FANOUT,K100,Exception('timeout_or_slo_miss: completed=100/100 errors=0 elapsed_ms=1064.2'),2
FANOUT,K100,Exception('timeout_or_slo_miss: completed=100/100 errors=0 elapsed_ms=1097.2'),1
FANOUT,K100,Exception('timeout_or_slo_miss: completed=100/100 errors=0 elapsed_ms=1012.6'),1
FANOUT,K100,Exception('timeout_or_slo_miss: completed=100/100 errors=0 elapsed_ms=1051.2'),1
FANOUT,K100,Exception('timeout_or_slo_miss: completed=100/100 errors=0 elapsed_ms=1115.7'),3
FANOUT,K100,Exception('timeout_or_slo_miss: completed=100/100 errors=0 elapsed_ms=1335.9'),1
FANOUT,K100,Exception('timeout_or_slo_miss: completed=100/100 errors=0 elapsed_ms=1200.7'),1
FANOUT,K100,Exception('timeout_or_slo_miss: completed=100/100 errors=0 elapsed_ms=1137.2'),1
FANOUT,K100,Exception('timeout_or_slo_miss: completed=100/100 errors=0 elapsed_ms=1014.0'),1
FANOUT,K100,Exception('timeout_or_slo_miss: completed=100/100 errors=0 elapsed_ms=1017.8'),2
FANOUT,K100,Exception('timeout_or_slo_miss: completed=100/100 errors=0 elapsed_ms=1002.3'),2
FANOUT,K100,Exception('timeout_or_slo_miss: completed=100/100 errors=0 elapsed_ms=1029.7'),2
FANOUT,K100,Exception('timeout_or_slo_miss: completed=100/100 errors=0 elapsed_ms=1181.0'),1
FANOUT,K100,Exception('timeout_or_slo_miss: completed=100/100 errors=0 elapsed_ms=1301.2'),1
FANOUT,K100,Exception('timeout_or_slo_miss: completed=100/100 errors=0 elapsed_ms=1101.2'),1
FANOUT,K100,Exception('timeout_or_slo_miss: completed=100/100 errors=0 elapsed_ms=1206.0'),1
FANOUT,K100,Exception('timeout_or_slo_miss: completed=100/100 errors=0 elapsed_ms=1149.9'),1
FANOUT,K100,Exception('timeout_or_slo_miss: completed=100/100 errors=0 elapsed_ms=1041.3'),2
FANOUT,K100,Exception('timeout_or_slo_miss: completed=100/100 errors=0 elapsed_ms=1070.7'),2
FANOUT,K100,Exception('timeout_or_slo_miss: completed=100/100 errors=0 elapsed_ms=1059.0'),1
FANOUT,K100,Exception('timeout_or_slo_miss: completed=100/100 errors=0 elapsed_ms=1047.7'),3
FANOUT,K100,Exception('timeout_or_slo_miss: completed=100/100 errors=0 elapsed_ms=1004.5'),1
FANOUT,K100,Exception('timeout_or_slo_miss: completed=100/100 errors=0 elapsed_ms=1029.8'),1
FANOUT,K100,Exception('timeout_or_slo_miss: completed=100/100 errors=0 elapsed_ms=1157.8'),1
FANOUT,K100,Exception('timeout_or_slo_miss: completed=100/100 errors=0 elapsed_ms=1015.3'),3
FANOUT,K100,Exception('timeout_or_slo_miss: completed=100/100 errors=0 elapsed_ms=1184.2'),1
FANOUT,K100,Exception('timeout_or_slo_miss: completed=100/100 errors=0 elapsed_ms=1011.2'),1
FANOUT,K100,Exception('timeout_or_slo_miss: completed=100/100 errors=0 elapsed_ms=1018.6'),2
FANOUT,K100,Exception('timeout_or_slo_miss: completed=100/100 errors=0 elapsed_ms=1147.3'),1
FANOUT,K100,Exception('timeout_or_slo_miss: completed=100/100 errors=0 elapsed_ms=1006.1'),2
FANOUT,K100,Exception('timeout_or_slo_miss: completed=100/100 errors=0 elapsed_ms=1020.3'),3
FANOUT,K100,Exception('timeout_or_slo_miss: completed=100/100 errors=0 elapsed_ms=1254.0'),1
FANOUT,K100,Exception('timeout_or_slo_miss: completed=100/100 errors=0 elapsed_ms=1009.3'),2
FANOUT,K100,Exception('timeout_or_slo_miss: completed=100/100 errors=0 elapsed_ms=1037.7'),1
FANOUT,K100,Exception('timeout_or_slo_miss: completed=100/100 errors=0 elapsed_ms=1134.7'),1
FANOUT,K100,Exception('timeout_or_slo_miss: completed=100/100 errors=0 elapsed_ms=1183.2'),1
FANOUT,K100,Exception('timeout_or_slo_miss: completed=100/100 errors=0 elapsed_ms=1043.7'),2
FANOUT,K100,Exception('timeout_or_slo_miss: completed=100/100 errors=0 elapsed_ms=1063.3'),2
FANOUT,K100,Exception('timeout_or_slo_miss: completed=90/100 errors=0 elapsed_ms=2103.7'),1
FANOUT,K100,Exception('timeout_or_slo_miss: completed=100/100 errors=0 elapsed_ms=1004.6'),1
FANOUT,K100,Exception('timeout_or_slo_miss: completed=100/100 errors=0 elapsed_ms=1041.8'),1
FANOUT,K100,Exception('timeout_or_slo_miss: completed=100/100 errors=0 elapsed_ms=1262.0'),1
FANOUT,K100,Exception('timeout_or_slo_miss: completed=100/100 errors=0 elapsed_ms=1155.5'),2
FANOUT,K100,Exception('timeout_or_slo_miss: completed=100/100 errors=0 elapsed_ms=1127.8'),1
FANOUT,K100,Exception('timeout_or_slo_miss: completed=100/100 errors=0 elapsed_ms=1084.0'),1
FANOUT,K100,Exception('timeout_or_slo_miss: completed=100/100 errors=0 elapsed_ms=1107.9'),1
FANOUT,K100,Exception('timeout_or_slo_miss: completed=89/100 errors=0 elapsed_ms=1797.1'),1
FANOUT,K100,Exception('timeout_or_slo_miss: completed=100/100 errors=0 elapsed_ms=1062.1'),1
FANOUT,K100,Exception('timeout_or_slo_miss: completed=100/100 errors=0 elapsed_ms=1044.1'),1
FANOUT,K100,Exception('timeout_or_slo_miss: completed=100/100 errors=0 elapsed_ms=1251.4'),1
FANOUT,K100,Exception('timeout_or_slo_miss: completed=100/100 errors=0 elapsed_ms=1144.8'),2
FANOUT,K100,Exception('timeout_or_slo_miss: completed=100/100 errors=0 elapsed_ms=1022.6'),1
FANOUT,K100,Exception('timeout_or_slo_miss: completed=100/100 errors=0 elapsed_ms=1132.4'),1
FANOUT,K100,Exception('timeout_or_slo_miss: completed=100/100 errors=0 elapsed_ms=1042.9'),1
FANOUT,K100,Exception('timeout_or_slo_miss: completed=100/100 errors=0 elapsed_ms=1023.9'),5
FANOUT,K100,Exception('timeout_or_slo_miss: completed=100/100 errors=0 elapsed_ms=1140.0'),1
FANOUT,K100,Exception('timeout_or_slo_miss: completed=100/100 errors=0 elapsed_ms=1036.8'),2
FANOUT,K100,Exception('timeout_or_slo_miss: completed=100/100 errors=0 elapsed_ms=1038.4'),4
FANOUT,K100,Exception('timeout_or_slo_miss: completed=100/100 errors=0 elapsed_ms=1019.1'),1
FANOUT,K100,Exception('timeout_or_slo_miss: completed=100/100 errors=0 elapsed_ms=1023.2'),2
FANOUT,K100,Exception('timeout_or_slo_miss: completed=100/100 errors=0 elapsed_ms=1113.7'),2
FANOUT,K100,Exception('timeout_or_slo_miss: completed=100/100 errors=0 elapsed_ms=1001.4'),1
FANOUT,K100,Exception('timeout_or_slo_miss: completed=100/100 errors=0 elapsed_ms=1178.4'),1
FANOUT,K100,Exception('timeout_or_slo_miss: completed=100/100 errors=0 elapsed_ms=1191.7'),2
FANOUT,K100,Exception('timeout_or_slo_miss: completed=100/100 errors=0 elapsed_ms=1139.6'),1
FANOUT,K100,Exception('timeout_or_slo_miss: completed=100/100 errors=0 elapsed_ms=1035.9'),2
FANOUT,K100,Exception('timeout_or_slo_miss: completed=100/100 errors=0 elapsed_ms=1146.1'),1
FANOUT,K100,Exception('timeout_or_slo_miss: completed=100/100 errors=0 elapsed_ms=1039.1'),2
FANOUT,K100,Exception('timeout_or_slo_miss: completed=100/100 errors=0 elapsed_ms=1068.2'),1
FANOUT,K100,Exception('timeout_or_slo_miss: completed=100/100 errors=0 elapsed_ms=1089.6'),2
FANOUT,K100,Exception('timeout_or_slo_miss: completed=100/100 errors=0 elapsed_ms=1007.7'),1
FANOUT,K100,Exception('timeout_or_slo_miss: completed=100/100 errors=0 elapsed_ms=1154.3'),1
FANOUT,K100,Exception('timeout_or_slo_miss: completed=100/100 errors=0 elapsed_ms=1128.4'),1
FANOUT,K100,Exception('timeout_or_slo_miss: completed=100/100 errors=0 elapsed_ms=1233.7'),1
FANOUT,K100,Exception('timeout_or_slo_miss: completed=100/100 errors=0 elapsed_ms=1103.1'),1
FANOUT,K100,Exception('timeout_or_slo_miss: completed=100/100 errors=0 elapsed_ms=1038.6'),4
FANOUT,K100,Exception('timeout_or_slo_miss: completed=100/100 errors=0 elapsed_ms=1099.1'),1
FANOUT,K100,Exception('timeout_or_slo_miss: completed=100/100 errors=0 elapsed_ms=1001.1'),2
FANOUT,K100,Exception('timeout_or_slo_miss: completed=100/100 errors=0 elapsed_ms=1083.7'),2
FANOUT,K100,Exception('timeout_or_slo_miss: completed=100/100 errors=0 elapsed_ms=1559.2'),1
FANOUT,K100,Exception('timeout_or_slo_miss: completed=89/100 errors=0 elapsed_ms=1909.0'),1
FANOUT,K100,Exception('timeout_or_slo_miss: completed=100/100 errors=0 elapsed_ms=1103.8'),1
FANOUT,K100,Exception('timeout_or_slo_miss: completed=99/100 errors=0 elapsed_ms=1625.6'),1
FANOUT,K100,Exception('timeout_or_slo_miss: completed=100/100 errors=0 elapsed_ms=1544.0'),1
FANOUT,K100,Exception('timeout_or_slo_miss: completed=100/100 errors=0 elapsed_ms=1030.0'),2
FANOUT,K100,Exception('timeout_or_slo_miss: completed=100/100 errors=0 elapsed_ms=1062.0'),1
FANOUT,K100,Exception('timeout_or_slo_miss: completed=100/100 errors=0 elapsed_ms=1137.6'),2
FANOUT,K100,Exception('timeout_or_slo_miss: completed=100/100 errors=0 elapsed_ms=1047.3'),2
FANOUT,K100,Exception('timeout_or_slo_miss: completed=100/100 errors=0 elapsed_ms=1143.6'),1
FANOUT,K100,Exception('timeout_or_slo_miss: completed=100/100 errors=0 elapsed_ms=1248.3'),1
FANOUT,K100,Exception('timeout_or_slo_miss: completed=100/100 errors=0 elapsed_ms=1167.6'),1
FANOUT,K100,Exception('timeout_or_slo_miss: completed=100/100 errors=0 elapsed_ms=1188.7'),1
FANOUT,K100,Exception('timeout_or_slo_miss: completed=100/100 errors=0 elapsed_ms=1000.3'),2
FANOUT,K100,Exception('timeout_or_slo_miss: completed=100/100 errors=0 elapsed_ms=1026.1'),1
FANOUT,K100,Exception('timeout_or_slo_miss: completed=100/100 errors=0 elapsed_ms=1047.4'),1
FANOUT,K100,Exception('timeout_or_slo_miss: completed=100/100 errors=0 elapsed_ms=1091.1'),2
FANOUT,K100,Exception('timeout_or_slo_miss: completed=100/100 errors=0 elapsed_ms=1031.3'),1
FANOUT,K100,Exception('timeout_or_slo_miss: completed=100/100 errors=0 elapsed_ms=1651.6'),1
FANOUT,K100,Exception('timeout_or_slo_miss: completed=100/100 errors=0 elapsed_ms=1038.0'),1
FANOUT,K100,Exception('timeout_or_slo_miss: completed=100/100 errors=0 elapsed_ms=1217.7'),1
FANOUT,K100,Exception('timeout_or_slo_miss: completed=100/100 errors=0 elapsed_ms=1112.8'),1
FANOUT,K100,Exception('timeout_or_slo_miss: completed=100/100 errors=0 elapsed_ms=1251.8'),2
FANOUT,K100,Exception('timeout_or_slo_miss: completed=100/100 errors=0 elapsed_ms=1032.8'),3
FANOUT,K100,Exception('timeout_or_slo_miss: completed=100/100 errors=0 elapsed_ms=1105.6'),1
FANOUT,K100,Exception('timeout_or_slo_miss: completed=100/100 errors=0 elapsed_ms=1076.6'),2
FANOUT,K100,Exception('timeout_or_slo_miss: completed=100/100 errors=0 elapsed_ms=1136.6'),1
FANOUT,K100,Exception('timeout_or_slo_miss: completed=100/100 errors=0 elapsed_ms=1170.9'),1
FANOUT,K100,Exception('timeout_or_slo_miss: completed=100/100 errors=0 elapsed_ms=1152.5'),1
FANOUT,K100,Exception('timeout_or_slo_miss: completed=100/100 errors=0 elapsed_ms=1056.9'),3
FANOUT,K100,Exception('timeout_or_slo_miss: completed=100/100 errors=0 elapsed_ms=1056.2'),1
FANOUT,K100,Exception('timeout_or_slo_miss: completed=100/100 errors=0 elapsed_ms=1154.8'),1
FANOUT,K100,Exception('timeout_or_slo_miss: completed=100/100 errors=0 elapsed_ms=1050.5'),3
FANOUT,K100,Exception('timeout_or_slo_miss: completed=100/100 errors=0 elapsed_ms=1154.4'),1
FANOUT,K100,Exception('timeout_or_slo_miss: completed=100/100 errors=0 elapsed_ms=1067.9'),2
FANOUT,K100,Exception('timeout_or_slo_miss: completed=100/100 errors=0 elapsed_ms=1010.0'),1
FANOUT,K100,Exception('timeout_or_slo_miss: completed=100/100 errors=0 elapsed_ms=1020.1'),4
FANOUT,K100,Exception('timeout_or_slo_miss: completed=96/100 errors=0 elapsed_ms=1885.5'),1
FANOUT,K100,Exception('timeout_or_slo_miss: completed=100/100 errors=0 elapsed_ms=1211.0'),1
FANOUT,K100,Exception('timeout_or_slo_miss: completed=100/100 errors=0 elapsed_ms=1052.1'),1
FANOUT,K100,Exception('timeout_or_slo_miss: completed=100/100 errors=0 elapsed_ms=1060.3'),1
FANOUT,K100,Exception('timeout_or_slo_miss: completed=100/100 errors=0 elapsed_ms=1035.6'),2
FANOUT,K100,Exception('timeout_or_slo_miss: completed=100/100 errors=0 elapsed_ms=1143.9'),1
FANOUT,K100,Exception('timeout_or_slo_miss: completed=100/100 errors=0 elapsed_ms=1151.5'),1
FANOUT,K100,Exception('timeout_or_slo_miss: completed=100/100 errors=0 elapsed_ms=1015.4'),1
FANOUT,K100,Exception('timeout_or_slo_miss: completed=100/100 errors=0 elapsed_ms=1179.4'),1
FANOUT,K100,Exception('timeout_or_slo_miss: completed=95/100 errors=0 elapsed_ms=1817.3'),1
FANOUT,K100,Exception('timeout_or_slo_miss: completed=100/100 errors=0 elapsed_ms=1018.2'),2
FANOUT,K100,Exception('timeout_or_slo_miss: completed=100/100 errors=0 elapsed_ms=1053.8'),1
FANOUT,K100,Exception('timeout_or_slo_miss: completed=100/100 errors=0 elapsed_ms=1022.2'),1
FANOUT,K100,Exception('timeout_or_slo_miss: completed=100/100 errors=0 elapsed_ms=1236.6'),1
FANOUT,K100,Exception('timeout_or_slo_miss: completed=100/100 errors=0 elapsed_ms=1343.9'),1
FANOUT,K100,Exception('timeout_or_slo_miss: completed=100/100 errors=0 elapsed_ms=1130.9'),1
FANOUT,K100,Exception('timeout_or_slo_miss: completed=100/100 errors=0 elapsed_ms=1155.1'),1
FANOUT,K100,Exception('timeout_or_slo_miss: completed=100/100 errors=0 elapsed_ms=1124.5'),1
FANOUT,K100,Exception('timeout_or_slo_miss: completed=100/100 errors=0 elapsed_ms=1656.4'),1
FANOUT,K100,Exception('timeout_or_slo_miss: completed=100/100 errors=0 elapsed_ms=1016.2'),1
FANOUT,K100,Exception('timeout_or_slo_miss: completed=100/100 errors=0 elapsed_ms=1123.7'),1
FANOUT,K100,Exception('timeout_or_slo_miss: completed=100/100 errors=0 elapsed_ms=1113.0'),1
FANOUT,K100,Exception('timeout_or_slo_miss: completed=100/100 errors=0 elapsed_ms=1303.5'),1
FANOUT,K100,Exception('timeout_or_slo_miss: completed=100/100 errors=0 elapsed_ms=1104.6'),1
FANOUT,K100,Exception('timeout_or_slo_miss: completed=100/100 errors=0 elapsed_ms=1232.0'),1
FANOUT,K100,Exception('timeout_or_slo_miss: completed=100/100 errors=0 elapsed_ms=1109.2'),2
FANOUT,K100,Exception('timeout_or_slo_miss: completed=100/100 errors=0 elapsed_ms=1174.0'),1
FANOUT,K100,Exception('timeout_or_slo_miss: completed=100/100 errors=0 elapsed_ms=1209.7'),1
FANOUT,K100,Exception('timeout_or_slo_miss: completed=100/100 errors=0 elapsed_ms=1119.8'),1
FANOUT,K100,Exception('timeout_or_slo_miss: completed=100/100 errors=0 elapsed_ms=1185.2'),1
FANOUT,K100,Exception('timeout_or_slo_miss: completed=100/100 errors=0 elapsed_ms=1004.9'),2
FANOUT,K100,Exception('timeout_or_slo_miss: completed=100/100 errors=0 elapsed_ms=1038.1'),1
FANOUT,K100,Exception('timeout_or_slo_miss: completed=100/100 errors=0 elapsed_ms=1110.0'),2
FANOUT,K100,Exception('timeout_or_slo_miss: completed=100/100 errors=0 elapsed_ms=1239.4'),1
FANOUT,K100,Exception('timeout_or_slo_miss: completed=100/100 errors=0 elapsed_ms=1183.1'),1
FANOUT,K100,Exception('timeout_or_slo_miss: completed=100/100 errors=0 elapsed_ms=1525.2'),1
FANOUT,K100,Exception('timeout_or_slo_miss: completed=100/100 errors=0 elapsed_ms=1366.6'),1
FANOUT,K100,Exception('timeout_or_slo_miss: completed=86/100 errors=0 elapsed_ms=2255.0'),1
FANOUT,K100,Exception('timeout_or_slo_miss: completed=100/100 errors=0 elapsed_ms=1029.5'),1
FANOUT,K100,Exception('timeout_or_slo_miss: completed=100/100 errors=0 elapsed_ms=1080.6'),1
FANOUT,K100,Exception('timeout_or_slo_miss: completed=100/100 errors=0 elapsed_ms=1504.1'),1
FANOUT,K100,Exception('timeout_or_slo_miss: completed=100/100 errors=0 elapsed_ms=1171.5'),1
FANOUT,K100,Exception('timeout_or_slo_miss: completed=100/100 errors=0 elapsed_ms=1148.7'),2
FANOUT,K100,Exception('timeout_or_slo_miss: completed=100/100 errors=0 elapsed_ms=1033.3'),1
FANOUT,K100,Exception('timeout_or_slo_miss: completed=100/100 errors=0 elapsed_ms=1150.3'),1
FANOUT,K100,Exception('timeout_or_slo_miss: completed=100/100 errors=0 elapsed_ms=1025.9'),1
FANOUT,K100,Exception('timeout_or_slo_miss: completed=100/100 errors=0 elapsed_ms=1013.3'),2
FANOUT,K100,Exception('timeout_or_slo_miss: completed=100/100 errors=0 elapsed_ms=1210.6'),1
FANOUT,K100,Exception('timeout_or_slo_miss: completed=100/100 errors=0 elapsed_ms=1079.2'),2
FANOUT,K100,Exception('timeout_or_slo_miss: completed=100/100 errors=0 elapsed_ms=1264.6'),1
FANOUT,K100,Exception('timeout_or_slo_miss: completed=99/100 errors=0 elapsed_ms=1677.1'),1
FANOUT,K100,Exception('timeout_or_slo_miss: completed=100/100 errors=0 elapsed_ms=1260.6'),2
FANOUT,K100,Exception('timeout_or_slo_miss: completed=100/100 errors=0 elapsed_ms=1056.8'),1
FANOUT,K100,Exception('timeout_or_slo_miss: completed=100/100 errors=0 elapsed_ms=1072.4'),1
FANOUT,K100,Exception('timeout_or_slo_miss: completed=100/100 errors=0 elapsed_ms=1060.8'),3
FANOUT,K100,Exception('timeout_or_slo_miss: completed=100/100 errors=0 elapsed_ms=1024.5'),2
FANOUT,K100,Exception('timeout_or_slo_miss: completed=100/100 errors=0 elapsed_ms=1092.9'),1
FANOUT,K100,Exception('timeout_or_slo_miss: completed=100/100 errors=0 elapsed_ms=1080.5'),1
FANOUT,K100,Exception('timeout_or_slo_miss: completed=100/100 errors=0 elapsed_ms=1161.8'),1
FANOUT,K100,Exception('timeout_or_slo_miss: completed=100/100 errors=0 elapsed_ms=1038.5'),2
FANOUT,K100,Exception('timeout_or_slo_miss: completed=100/100 errors=0 elapsed_ms=1027.0'),1
FANOUT,K100,Exception('timeout_or_slo_miss: completed=100/100 errors=0 elapsed_ms=1024.2'),3
FANOUT,K100,Exception('timeout_or_slo_miss: completed=100/100 errors=0 elapsed_ms=1127.2'),1
FANOUT,K100,Exception('timeout_or_slo_miss: completed=100/100 errors=0 elapsed_ms=1121.0'),1
FANOUT,K100,Exception('timeout_or_slo_miss: completed=100/100 errors=0 elapsed_ms=1056.6'),3
FANOUT,K100,Exception('timeout_or_slo_miss: completed=100/100 errors=0 elapsed_ms=1057.9'),1
FANOUT,K100,Exception('timeout_or_slo_miss: completed=100/100 errors=0 elapsed_ms=1213.3'),1
FANOUT,K100,Exception('timeout_or_slo_miss: completed=100/100 errors=0 elapsed_ms=1021.6'),1
FANOUT,K100,Exception('timeout_or_slo_miss: completed=100/100 errors=0 elapsed_ms=1369.2'),1
FANOUT,K100,Exception('timeout_or_slo_miss: completed=100/100 errors=0 elapsed_ms=1075.2'),2
FANOUT,K100,Exception('timeout_or_slo_miss: completed=100/100 errors=0 elapsed_ms=1078.8'),1
FANOUT,K100,Exception('timeout_or_slo_miss: completed=100/100 errors=0 elapsed_ms=1006.3'),1
FANOUT,K100,Exception('timeout_or_slo_miss: completed=100/100 errors=0 elapsed_ms=1129.7'),2
FANOUT,K100,Exception('timeout_or_slo_miss: completed=100/100 errors=0 elapsed_ms=1060.4'),2
FANOUT,K100,Exception('timeout_or_slo_miss: completed=100/100 errors=0 elapsed_ms=1118.3'),1
FANOUT,K100,Exception('timeout_or_slo_miss: completed=100/100 errors=0 elapsed_ms=1107.1'),1
FANOUT,K100,Exception('timeout_or_slo_miss: completed=100/100 errors=0 elapsed_ms=1270.6'),1
FANOUT,K100,Exception('timeout_or_slo_miss: completed=100/100 errors=0 elapsed_ms=1261.6'),1
FANOUT,K100,Exception('timeout_or_slo_miss: completed=100/100 errors=0 elapsed_ms=1067.2'),1
FANOUT,K100,Exception('timeout_or_slo_miss: completed=100/100 errors=0 elapsed_ms=1026.9'),2
FANOUT,K100,Exception('timeout_or_slo_miss: completed=100/100 errors=0 elapsed_ms=1282.0'),1
FANOUT,K100,Exception('timeout_or_slo_miss: completed=100/100 errors=0 elapsed_ms=1211.2'),1
FANOUT,K100,Exception('timeout_or_slo_miss: completed=100/100 errors=0 elapsed_ms=1097.4'),1
FANOUT,K100,Exception('timeout_or_slo_miss: completed=100/100 errors=0 elapsed_ms=1072.0'),2
FANOUT,K100,Exception('timeout_or_slo_miss: completed=100/100 errors=0 elapsed_ms=1144.2'),2
FANOUT,K100,Exception('timeout_or_slo_miss: completed=100/100 errors=0 elapsed_ms=1223.4'),1
FANOUT,K100,Exception('timeout_or_slo_miss: completed=100/100 errors=0 elapsed_ms=1056.4'),1
FANOUT,K100,Exception('timeout_or_slo_miss: completed=100/100 errors=0 elapsed_ms=1045.0'),3
FANOUT,K100,Exception('timeout_or_slo_miss: completed=100/100 errors=0 elapsed_ms=1083.2'),2
FANOUT,K100,Exception('timeout_or_slo_miss: completed=100/100 errors=0 elapsed_ms=1065.8'),1
FANOUT,K100,Exception('timeout_or_slo_miss: completed=100/100 errors=0 elapsed_ms=1413.6'),1
FANOUT,K100,Exception('timeout_or_slo_miss: completed=100/100 errors=0 elapsed_ms=1157.0'),1
FANOUT,K100,Exception('timeout_or_slo_miss: completed=99/100 errors=0 elapsed_ms=1777.9'),1
FANOUT,K100,Exception('timeout_or_slo_miss: completed=100/100 errors=0 elapsed_ms=1246.6'),1
FANOUT,K100,Exception('timeout_or_slo_miss: completed=100/100 errors=0 elapsed_ms=1040.0'),2
FANOUT,K100,Exception('timeout_or_slo_miss: completed=100/100 errors=0 elapsed_ms=1164.0'),1
FANOUT,K100,Exception('timeout_or_slo_miss: completed=100/100 errors=0 elapsed_ms=1081.1'),1
FANOUT,K100,Exception('timeout_or_slo_miss: completed=100/100 errors=0 elapsed_ms=1061.7'),4
FANOUT,K100,Exception('timeout_or_slo_miss: completed=100/100 errors=0 elapsed_ms=1275.2'),1
FANOUT,K100,Exception('timeout_or_slo_miss: completed=100/100 errors=0 elapsed_ms=1285.5'),1
FANOUT,K100,Exception('timeout_or_slo_miss: completed=100/100 errors=0 elapsed_ms=1005.1'),2
FANOUT,K100,Exception('timeout_or_slo_miss: completed=100/100 errors=0 elapsed_ms=1101.9'),2
FANOUT,K100,Exception('timeout_or_slo_miss: completed=100/100 errors=0 elapsed_ms=1124.8'),1
FANOUT,K100,Exception('timeout_or_slo_miss: completed=100/100 errors=0 elapsed_ms=1583.5'),1
FANOUT,K100,Exception('timeout_or_slo_miss: completed=99/100 errors=0 elapsed_ms=1740.9'),1
FANOUT,K100,Exception('timeout_or_slo_miss: completed=100/100 errors=0 elapsed_ms=1055.9'),2
FANOUT,K100,Exception('timeout_or_slo_miss: completed=100/100 errors=0 elapsed_ms=1098.1'),1
FANOUT,K100,Exception('timeout_or_slo_miss: completed=100/100 errors=0 elapsed_ms=1064.5'),1
FANOUT,K100,Exception('timeout_or_slo_miss: completed=100/100 errors=0 elapsed_ms=1127.9'),1
FANOUT,K100,Exception('timeout_or_slo_miss: completed=100/100 errors=0 elapsed_ms=1238.6'),1
FANOUT,K100,Exception('timeout_or_slo_miss: completed=100/100 errors=0 elapsed_ms=1315.7'),1
FANOUT,K100,Exception('timeout_or_slo_miss: completed=100/100 errors=0 elapsed_ms=1040.8'),1
FANOUT,K100,Exception('timeout_or_slo_miss: completed=100/100 errors=0 elapsed_ms=1103.2'),1
FANOUT,K100,Exception('timeout_or_slo_miss: completed=100/100 errors=0 elapsed_ms=1023.4'),1
FANOUT,K100,Exception('timeout_or_slo_miss: completed=100/100 errors=0 elapsed_ms=1072.7'),1
FANOUT,K100,Exception('timeout_or_slo_miss: completed=100/100 errors=0 elapsed_ms=1224.5'),1
FANOUT,K100,Exception('timeout_or_slo_miss: completed=100/100 errors=0 elapsed_ms=1084.5'),1
FANOUT,K100,Exception('timeout_or_slo_miss: completed=100/100 errors=0 elapsed_ms=1070.6'),1
FANOUT,K100,Exception('timeout_or_slo_miss: completed=100/100 errors=0 elapsed_ms=1021.5'),5
FANOUT,K100,Exception('timeout_or_slo_miss: completed=100/100 errors=0 elapsed_ms=1131.9'),1
FANOUT,K100,Exception('timeout_or_slo_miss: completed=100/100 errors=0 elapsed_ms=1092.1'),1
FANOUT,K100,Exception('timeout_or_slo_miss: completed=100/100 errors=0 elapsed_ms=1009.8'),1
FANOUT,K100,Exception('timeout_or_slo_miss: completed=100/100 errors=0 elapsed_ms=1167.8'),1
FANOUT,K100,Exception('timeout_or_slo_miss: completed=91/100 errors=0 elapsed_ms=1882.7'),1
FANOUT,K100,Exception('timeout_or_slo_miss: completed=100/100 errors=0 elapsed_ms=1090.0'),1
FANOUT,K100,Exception('timeout_or_slo_miss: completed=100/100 errors=0 elapsed_ms=1091.0'),1
FANOUT,K100,Exception('timeout_or_slo_miss: completed=100/100 errors=0 elapsed_ms=1104.2'),2
FANOUT,K100,Exception('timeout_or_slo_miss: completed=100/100 errors=0 elapsed_ms=1159.5'),1
FANOUT,K100,Exception('timeout_or_slo_miss: completed=100/100 errors=0 elapsed_ms=1034.8'),1
FANOUT,K100,Exception('timeout_or_slo_miss: completed=90/100 errors=0 elapsed_ms=2034.7'),1
FANOUT,K100,Exception('timeout_or_slo_miss: completed=100/100 errors=0 elapsed_ms=1002.7'),1
FANOUT,K100,Exception('timeout_or_slo_miss: completed=100/100 errors=0 elapsed_ms=1084.9'),2
FANOUT,K100,Exception('timeout_or_slo_miss: completed=100/100 errors=0 elapsed_ms=1098.4'),3
FANOUT,K100,Exception('timeout_or_slo_miss: completed=100/100 errors=0 elapsed_ms=1129.6'),1
FANOUT,K100,Exception('timeout_or_slo_miss: completed=100/100 errors=0 elapsed_ms=1037.3'),2
FANOUT,K100,Exception('timeout_or_slo_miss: completed=100/100 errors=0 elapsed_ms=1198.8'),1
FANOUT,K100,Exception('timeout_or_slo_miss: completed=100/100 errors=0 elapsed_ms=1045.8'),1
FANOUT,K100,Exception('timeout_or_slo_miss: completed=100/100 errors=0 elapsed_ms=1197.0'),1
FANOUT,K100,Exception('timeout_or_slo_miss: completed=100/100 errors=0 elapsed_ms=1006.7'),1
FANOUT,K100,Exception('timeout_or_slo_miss: completed=100/100 errors=0 elapsed_ms=1104.7'),1
FANOUT,K100,Exception('timeout_or_slo_miss: completed=100/100 errors=0 elapsed_ms=1008.8'),1
FANOUT,K100,Exception('timeout_or_slo_miss: completed=100/100 errors=0 elapsed_ms=1005.7'),1
FANOUT,K100,Exception('timeout_or_slo_miss: completed=100/100 errors=0 elapsed_ms=1049.6'),1
FANOUT,K100,Exception('timeout_or_slo_miss: completed=100/100 errors=0 elapsed_ms=1058.8'),1
FANOUT,K100,Exception('timeout_or_slo_miss: completed=100/100 errors=0 elapsed_ms=1186.7'),1
FANOUT,K100,Exception('timeout_or_slo_miss: completed=100/100 errors=0 elapsed_ms=1375.5'),1
FANOUT,K100,Exception('timeout_or_slo_miss: completed=100/100 errors=0 elapsed_ms=1051.3'),2
FANOUT,K100,Exception('timeout_or_slo_miss: completed=100/100 errors=0 elapsed_ms=1113.2'),1
FANOUT,K100,Exception('timeout_or_slo_miss: completed=100/100 errors=0 elapsed_ms=1362.8'),1
FANOUT,K100,Exception('timeout_or_slo_miss: completed=100/100 errors=0 elapsed_ms=1115.0'),2
FANOUT,K100,Exception('timeout_or_slo_miss: completed=100/100 errors=0 elapsed_ms=1152.6'),1
FANOUT,K100,Exception('timeout_or_slo_miss: completed=100/100 errors=0 elapsed_ms=1047.0'),3
FANOUT,K100,Exception('timeout_or_slo_miss: completed=90/100 errors=0 elapsed_ms=1727.8'),1
FANOUT,K100,Exception('timeout_or_slo_miss: completed=100/100 errors=0 elapsed_ms=1012.3'),2
FANOUT,K100,Exception('timeout_or_slo_miss: completed=100/100 errors=0 elapsed_ms=1270.5'),1
FANOUT,K100,Exception('timeout_or_slo_miss: completed=100/100 errors=0 elapsed_ms=1093.4'),1
FANOUT,K100,Exception('timeout_or_slo_miss: completed=100/100 errors=0 elapsed_ms=1033.7'),1
FANOUT,K100,Exception('timeout_or_slo_miss: completed=100/100 errors=0 elapsed_ms=1267.3'),1
FANOUT,K100,Exception('timeout_or_slo_miss: completed=100/100 errors=0 elapsed_ms=1030.5'),2
FANOUT,K100,Exception('timeout_or_slo_miss: completed=100/100 errors=0 elapsed_ms=1116.1'),1
FANOUT,K100,Exception('timeout_or_slo_miss: completed=100/100 errors=0 elapsed_ms=1033.8'),1
FANOUT,K100,Exception('timeout_or_slo_miss: completed=100/100 errors=0 elapsed_ms=1180.9'),1
FANOUT,K100,Exception('timeout_or_slo_miss: completed=100/100 errors=0 elapsed_ms=1021.1'),3
FANOUT,K100,Exception('timeout_or_slo_miss: completed=100/100 errors=0 elapsed_ms=1020.9'),1
FANOUT,K100,Exception('timeout_or_slo_miss: completed=100/100 errors=0 elapsed_ms=1072.3'),1
FANOUT,K100,Exception('timeout_or_slo_miss: completed=100/100 errors=0 elapsed_ms=1015.5'),2
FANOUT,K100,Exception('timeout_or_slo_miss: completed=100/100 errors=0 elapsed_ms=1176.9'),1
FANOUT,K100,Exception('timeout_or_slo_miss: completed=100/100 errors=0 elapsed_ms=1415.6'),1
FANOUT,K100,Exception('timeout_or_slo_miss: completed=100/100 errors=0 elapsed_ms=1134.4'),1
FANOUT,K100,Exception('timeout_or_slo_miss: completed=100/100 errors=0 elapsed_ms=1053.7'),1
FANOUT,K100,Exception('timeout_or_slo_miss: completed=100/100 errors=0 elapsed_ms=1179.9'),1
FANOUT,K100,Exception('timeout_or_slo_miss: completed=92/100 errors=0 elapsed_ms=1782.3'),1
FANOUT,K100,Exception('timeout_or_slo_miss: completed=100/100 errors=0 elapsed_ms=1153.5'),1
FANOUT,K100,Exception('timeout_or_slo_miss: completed=100/100 errors=0 elapsed_ms=1053.9'),1
FANOUT,K100,Exception('timeout_or_slo_miss: completed=100/100 errors=0 elapsed_ms=1143.4'),1
FANOUT,K100,Exception('timeout_or_slo_miss: completed=100/100 errors=0 elapsed_ms=1100.4'),1
FANOUT,K100,Exception('timeout_or_slo_miss: completed=100/100 errors=0 elapsed_ms=1065.3'),1
FANOUT,K100,Exception('timeout_or_slo_miss: completed=100/100 errors=0 elapsed_ms=1123.5'),1
FANOUT,K100,Exception('timeout_or_slo_miss: completed=100/100 errors=0 elapsed_ms=1047.9'),3
FANOUT,K100,Exception('timeout_or_slo_miss: completed=100/100 errors=0 elapsed_ms=1042.5'),1
FANOUT,K100,Exception('timeout_or_slo_miss: completed=100/100 errors=0 elapsed_ms=1045.6'),4
FANOUT,K100,Exception('timeout_or_slo_miss: completed=100/100 errors=0 elapsed_ms=1096.7'),2
FANOUT,K100,Exception('timeout_or_slo_miss: completed=100/100 errors=0 elapsed_ms=1069.0'),1
FANOUT,K100,Exception('timeout_or_slo_miss: completed=100/100 errors=0 elapsed_ms=1098.8'),1
FANOUT,K100,Exception('timeout_or_slo_miss: completed=100/100 errors=0 elapsed_ms=1003.2'),3
FANOUT,K100,Exception('timeout_or_slo_miss: completed=100/100 errors=0 elapsed_ms=1109.4'),1
FANOUT,K100,Exception('timeout_or_slo_miss: completed=100/100 errors=0 elapsed_ms=1027.8'),1
FANOUT,K100,Exception('timeout_or_slo_miss: completed=100/100 errors=0 elapsed_ms=1089.2'),2
FANOUT,K100,Exception('timeout_or_slo_miss: completed=100/100 errors=0 elapsed_ms=1202.0'),1
FANOUT,K100,Exception('timeout_or_slo_miss: completed=100/100 errors=0 elapsed_ms=1114.9'),1
FANOUT,K100,Exception('timeout_or_slo_miss: completed=100/100 errors=0 elapsed_ms=1079.0'),2
FANOUT,K100,Exception('timeout_or_slo_miss: completed=100/100 errors=0 elapsed_ms=1156.8'),1
FANOUT,K100,Exception('timeout_or_slo_miss: completed=100/100 errors=0 elapsed_ms=1116.8'),1
FANOUT,K100,Exception('timeout_or_slo_miss: completed=100/100 errors=0 elapsed_ms=1221.3'),1
FANOUT,K100,Exception('timeout_or_slo_miss: completed=100/100 errors=0 elapsed_ms=1144.1'),1
FANOUT,K100,Exception('timeout_or_slo_miss: completed=100/100 errors=0 elapsed_ms=1057.8'),1
FANOUT,K100,Exception('timeout_or_slo_miss: completed=100/100 errors=0 elapsed_ms=1123.1'),2
FANOUT,K100,Exception('timeout_or_slo_miss: completed=100/100 errors=0 elapsed_ms=1145.4'),2
FANOUT,K100,Exception('timeout_or_slo_miss: completed=100/100 errors=0 elapsed_ms=1069.6'),1
FANOUT,K100,Exception('timeout_or_slo_miss: completed=100/100 errors=0 elapsed_ms=1301.8'),1
FANOUT,K100,Exception('timeout_or_slo_miss: completed=90/100 errors=0 elapsed_ms=1482.2'),1
FANOUT,K100,Exception('timeout_or_slo_miss: completed=100/100 errors=0 elapsed_ms=1011.1'),2
FANOUT,K100,Exception('timeout_or_slo_miss: completed=100/100 errors=0 elapsed_ms=1042.4'),1
FANOUT,K100,Exception('timeout_or_slo_miss: completed=100/100 errors=0 elapsed_ms=1029.3'),1
FANOUT,K100,Exception('timeout_or_slo_miss: completed=100/100 errors=0 elapsed_ms=1079.9'),1
FANOUT,K100,Exception('timeout_or_slo_miss: completed=100/100 errors=0 elapsed_ms=1234.8'),1
FANOUT,K100,Exception('timeout_or_slo_miss: completed=100/100 errors=0 elapsed_ms=1057.3'),1
FANOUT,K100,Exception('timeout_or_slo_miss: completed=100/100 errors=0 elapsed_ms=1217.5'),1
FANOUT,K100,Exception('timeout_or_slo_miss: completed=90/100 errors=0 elapsed_ms=1652.1'),1
FANOUT,K100,Exception('timeout_or_slo_miss: completed=100/100 errors=0 elapsed_ms=1016.1'),2
FANOUT,K100,Exception('timeout_or_slo_miss: completed=100/100 errors=0 elapsed_ms=1245.3'),1
FANOUT,K100,Exception('timeout_or_slo_miss: completed=100/100 errors=0 elapsed_ms=1013.8'),1
FANOUT,K100,Exception('timeout_or_slo_miss: completed=100/100 errors=0 elapsed_ms=1181.2'),1
FANOUT,K100,Exception('timeout_or_slo_miss: completed=100/100 errors=0 elapsed_ms=1464.7'),1
FANOUT,K100,Exception('timeout_or_slo_miss: completed=100/100 errors=0 elapsed_ms=1059.6'),2
FANOUT,K100,Exception('timeout_or_slo_miss: completed=100/100 errors=0 elapsed_ms=1147.2'),2
FANOUT,K100,Exception('timeout_or_slo_miss: completed=100/100 errors=0 elapsed_ms=1093.2'),1
FANOUT,K100,Exception('timeout_or_slo_miss: completed=100/100 errors=0 elapsed_ms=1022.1'),1
FANOUT,K100,Exception('timeout_or_slo_miss: completed=100/100 errors=0 elapsed_ms=1170.7'),1
FANOUT,K100,Exception('timeout_or_slo_miss: completed=100/100 errors=0 elapsed_ms=1018.1'),2
FANOUT,K100,Exception('timeout_or_slo_miss: completed=100/100 errors=0 elapsed_ms=1010.3'),1
FANOUT,K100,Exception('timeout_or_slo_miss: completed=100/100 errors=0 elapsed_ms=1121.3'),1
FANOUT,K100,Exception('timeout_or_slo_miss: completed=100/100 errors=0 elapsed_ms=1045.3'),4
FANOUT,K100,Exception('timeout_or_slo_miss: completed=100/100 errors=0 elapsed_ms=1142.8'),1
FANOUT,K100,Exception('timeout_or_slo_miss: completed=100/100 errors=0 elapsed_ms=1068.1'),1
FANOUT,K100,Exception('timeout_or_slo_miss: completed=100/100 errors=0 elapsed_ms=1098.9'),1
FANOUT,K100,Exception('timeout_or_slo_miss: completed=100/100 errors=0 elapsed_ms=1139.2'),2
FANOUT,K100,Exception('timeout_or_slo_miss: completed=100/100 errors=0 elapsed_ms=1257.3'),1
FANOUT,K100,Exception('timeout_or_slo_miss: completed=100/100 errors=0 elapsed_ms=1131.3'),1
FANOUT,K100,Exception('timeout_or_slo_miss: completed=100/100 errors=0 elapsed_ms=1023.1'),2
FANOUT,K100,Exception('timeout_or_slo_miss: completed=100/100 errors=0 elapsed_ms=1095.3'),2
FANOUT,K100,Exception('timeout_or_slo_miss: completed=100/100 errors=0 elapsed_ms=1005.4'),2
FANOUT,K100,Exception('timeout_or_slo_miss: completed=100/100 errors=0 elapsed_ms=1055.4'),1
FANOUT,K100,Exception('timeout_or_slo_miss: completed=100/100 errors=0 elapsed_ms=1118.1'),2
FANOUT,K100,Exception('timeout_or_slo_miss: completed=100/100 errors=0 elapsed_ms=1099.2'),1
FANOUT,K100,Exception('timeout_or_slo_miss: completed=100/100 errors=0 elapsed_ms=1239.0'),1
FANOUT,K100,Exception('timeout_or_slo_miss: completed=100/100 errors=0 elapsed_ms=1033.2'),4
FANOUT,K100,Exception('timeout_or_slo_miss: completed=100/100 errors=0 elapsed_ms=1017.5'),1
FANOUT,K100,Exception('timeout_or_slo_miss: completed=100/100 errors=0 elapsed_ms=1019.9'),1
FANOUT,K100,Exception('timeout_or_slo_miss: completed=100/100 errors=0 elapsed_ms=1409.0'),1
FANOUT,K100,Exception('timeout_or_slo_miss: completed=100/100 errors=0 elapsed_ms=1235.8'),1
FANOUT,K100,Exception('timeout_or_slo_miss: completed=100/100 errors=0 elapsed_ms=1132.3'),1
FANOUT,K100,Exception('timeout_or_slo_miss: completed=100/100 errors=0 elapsed_ms=1081.0'),1
FANOUT,K100,Exception('timeout_or_slo_miss: completed=100/100 errors=0 elapsed_ms=1180.7'),1
FANOUT,K100,Exception('timeout_or_slo_miss: completed=100/100 errors=0 elapsed_ms=1056.3'),1
FANOUT,K100,Exception('timeout_or_slo_miss: completed=100/100 errors=0 elapsed_ms=1114.4'),1
FANOUT,K100,Exception('timeout_or_slo_miss: completed=100/100 errors=0 elapsed_ms=1096.3'),1
FANOUT,K100,Exception('timeout_or_slo_miss: completed=100/100 errors=0 elapsed_ms=1139.9'),1
FANOUT,K100,Exception('timeout_or_slo_miss: completed=100/100 errors=0 elapsed_ms=1007.0'),2
FANOUT,K100,Exception('timeout_or_slo_miss: completed=100/100 errors=0 elapsed_ms=1177.8'),1
FANOUT,K100,Exception('timeout_or_slo_miss: completed=100/100 errors=0 elapsed_ms=1211.8'),1
FANOUT,K100,Exception('timeout_or_slo_miss: completed=100/100 errors=0 elapsed_ms=1171.4'),1
FANOUT,K100,Exception('timeout_or_slo_miss: completed=95/100 errors=0 elapsed_ms=1463.8'),1
FANOUT,K100,Exception('timeout_or_slo_miss: completed=100/100 errors=0 elapsed_ms=1047.8'),2
FANOUT,K100,Exception('timeout_or_slo_miss: completed=100/100 errors=0 elapsed_ms=1279.5'),1
FANOUT,K100,Exception('timeout_or_slo_miss: completed=100/100 errors=0 elapsed_ms=1002.8'),3
FANOUT,K100,Exception('timeout_or_slo_miss: completed=100/100 errors=0 elapsed_ms=1557.3'),1
FANOUT,K100,Exception('timeout_or_slo_miss: completed=100/100 errors=0 elapsed_ms=1823.1'),1
FANOUT,K100,Exception('timeout_or_slo_miss: completed=100/100 errors=0 elapsed_ms=1142.0'),2
FANOUT,K100,Exception('timeout_or_slo_miss: completed=100/100 errors=0 elapsed_ms=1044.7'),1
FANOUT,K100,Exception('timeout_or_slo_miss: completed=100/100 errors=0 elapsed_ms=1109.7'),1
FANOUT,K100,Exception('timeout_or_slo_miss: completed=100/100 errors=0 elapsed_ms=1121.4'),1
FANOUT,K100,Exception('timeout_or_slo_miss: completed=100/100 errors=0 elapsed_ms=1070.8'),3
FANOUT,K100,Exception('timeout_or_slo_miss: completed=100/100 errors=0 elapsed_ms=1118.6'),1
FANOUT,K100,Exception('timeout_or_slo_miss: completed=87/100 errors=0 elapsed_ms=1414.3'),1
FANOUT,K100,Exception('timeout_or_slo_miss: completed=100/100 errors=0 elapsed_ms=1003.4'),1
FANOUT,K100,Exception('timeout_or_slo_miss: completed=100/100 errors=0 elapsed_ms=1216.8'),1
FANOUT,K100,Exception('timeout_or_slo_miss: completed=100/100 errors=0 elapsed_ms=1176.2'),1
FANOUT,K100,Exception('timeout_or_slo_miss: completed=100/100 errors=0 elapsed_ms=1119.2'),1
FANOUT,K100,Exception('timeout_or_slo_miss: completed=100/100 errors=0 elapsed_ms=1065.4'),2
FANOUT,K100,Exception('timeout_or_slo_miss: completed=100/100 errors=0 elapsed_ms=1208.9'),1
FANOUT,K100,Exception('timeout_or_slo_miss: completed=100/100 errors=0 elapsed_ms=1062.5'),2
FANOUT,K100,Exception('timeout_or_slo_miss: completed=100/100 errors=0 elapsed_ms=1583.9'),1
FANOUT,K100,Exception('timeout_or_slo_miss: completed=100/100 errors=0 elapsed_ms=1057.7'),2
FANOUT,K100,Exception('timeout_or_slo_miss: completed=100/100 errors=0 elapsed_ms=1091.3'),2
FANOUT,K100,Exception('timeout_or_slo_miss: completed=100/100 errors=0 elapsed_ms=1035.2'),2
FANOUT,K100,Exception('timeout_or_slo_miss: completed=100/100 errors=0 elapsed_ms=1166.1'),1
FANOUT,K100,Exception('timeout_or_slo_miss: completed=100/100 errors=0 elapsed_ms=1013.9'),4
FANOUT,K100,Exception('timeout_or_slo_miss: completed=100/100 errors=0 elapsed_ms=1140.1'),1
FANOUT,K100,Exception('timeout_or_slo_miss: completed=100/100 errors=0 elapsed_ms=1014.4'),3
FANOUT,K100,Exception('timeout_or_slo_miss: completed=100/100 errors=0 elapsed_ms=1061.8'),1
FANOUT,K100,Exception('timeout_or_slo_miss: completed=100/100 errors=0 elapsed_ms=1022.9'),2
FANOUT,K100,Exception('timeout_or_slo_miss: completed=100/100 errors=0 elapsed_ms=1063.5'),1
FANOUT,K100,Exception('timeout_or_slo_miss: completed=100/100 errors=0 elapsed_ms=1022.8'),1
FANOUT,K100,Exception('timeout_or_slo_miss: completed=100/100 errors=0 elapsed_ms=1078.5'),1
FANOUT,K100,Exception('timeout_or_slo_miss: completed=100/100 errors=0 elapsed_ms=1048.0'),2
FANOUT,K100,Exception('timeout_or_slo_miss: completed=100/100 errors=0 elapsed_ms=1250.1'),1
FANOUT,K100,Exception('timeout_or_slo_miss: completed=100/100 errors=0 elapsed_ms=1102.6'),1
FANOUT,K100,Exception('timeout_or_slo_miss: completed=100/100 errors=0 elapsed_ms=1039.9'),1
FANOUT,K100,Exception('timeout_or_slo_miss: completed=100/100 errors=0 elapsed_ms=1315.9'),1
FANOUT,K100,Exception('timeout_or_slo_miss: completed=87/100 errors=0 elapsed_ms=1900.9'),1
FANOUT,K100,Exception('timeout_or_slo_miss: completed=100/100 errors=0 elapsed_ms=1119.9'),1
FANOUT,K100,Exception('timeout_or_slo_miss: completed=100/100 errors=0 elapsed_ms=1124.4'),3
FANOUT,K100,Exception('timeout_or_slo_miss: completed=100/100 errors=0 elapsed_ms=1381.7'),1
FANOUT,K100,Exception('timeout_or_slo_miss: completed=100/100 errors=0 elapsed_ms=1140.2'),2
FANOUT,K100,Exception('timeout_or_slo_miss: completed=100/100 errors=0 elapsed_ms=1016.7'),4
FANOUT,K100,Exception('timeout_or_slo_miss: completed=100/100 errors=0 elapsed_ms=1111.6'),1
FANOUT,K100,Exception('timeout_or_slo_miss: completed=100/100 errors=0 elapsed_ms=1066.3'),1
FANOUT,K100,Exception('timeout_or_slo_miss: completed=100/100 errors=0 elapsed_ms=1081.3'),2
FANOUT,K100,Exception('timeout_or_slo_miss: completed=100/100 errors=0 elapsed_ms=1042.1'),3
FANOUT,K100,Exception('timeout_or_slo_miss: completed=100/100 errors=0 elapsed_ms=1023.0'),3
FANOUT,K100,Exception('timeout_or_slo_miss: completed=100/100 errors=0 elapsed_ms=1110.1'),1
FANOUT,K100,Exception('timeout_or_slo_miss: completed=100/100 errors=0 elapsed_ms=1048.7'),1
FANOUT,K100,Exception('timeout_or_slo_miss: completed=100/100 errors=0 elapsed_ms=1080.2'),1
FANOUT,K100,Exception('timeout_or_slo_miss: completed=100/100 errors=0 elapsed_ms=2231.3'),1
FANOUT,K100,Exception('timeout_or_slo_miss: completed=100/100 errors=0 elapsed_ms=1101.7'),2
FANOUT,K100,Exception('timeout_or_slo_miss: completed=100/100 errors=0 elapsed_ms=1028.2'),1
FANOUT,K100,Exception('timeout_or_slo_miss: completed=100/100 errors=0 elapsed_ms=1018.4'),3
FANOUT,K100,Exception('timeout_or_slo_miss: completed=100/100 errors=0 elapsed_ms=1053.4'),1
FANOUT,K100,Exception('timeout_or_slo_miss: completed=100/100 errors=0 elapsed_ms=1596.2'),1
FANOUT,K100,Exception('timeout_or_slo_miss: completed=100/100 errors=0 elapsed_ms=1053.3'),1
FANOUT,K100,Exception('timeout_or_slo_miss: completed=100/100 errors=0 elapsed_ms=1474.6'),1
FANOUT,K100,Exception('timeout_or_slo_miss: completed=100/100 errors=0 elapsed_ms=1007.5'),1
FANOUT,K100,Exception('timeout_or_slo_miss: completed=100/100 errors=0 elapsed_ms=1005.0'),2
FANOUT,K100,Exception('timeout_or_slo_miss: completed=100/100 errors=0 elapsed_ms=1060.2'),2
FANOUT,K100,Exception('timeout_or_slo_miss: completed=100/100 errors=0 elapsed_ms=1046.7'),1
FANOUT,K100,Exception('timeout_or_slo_miss: completed=100/100 errors=0 elapsed_ms=1079.5'),1
FANOUT,K100,Exception('timeout_or_slo_miss: completed=100/100 errors=0 elapsed_ms=1033.0'),6
FANOUT,K100,Exception('timeout_or_slo_miss: completed=100/100 errors=0 elapsed_ms=1172.8'),1
FANOUT,K100,Exception('timeout_or_slo_miss: completed=100/100 errors=0 elapsed_ms=1062.6'),1
FANOUT,K100,Exception('timeout_or_slo_miss: completed=100/100 errors=0 elapsed_ms=1212.6'),1
FANOUT,K100,Exception('timeout_or_slo_miss: completed=100/100 errors=0 elapsed_ms=1428.0'),1
FANOUT,K100,Exception('timeout_or_slo_miss: completed=100/100 errors=0 elapsed_ms=1036.1'),3
FANOUT,K100,Exception('timeout_or_slo_miss: completed=100/100 errors=0 elapsed_ms=1010.4'),2
FANOUT,K100,Exception('timeout_or_slo_miss: completed=100/100 errors=0 elapsed_ms=1027.2'),1
FANOUT,K100,Exception('timeout_or_slo_miss: completed=100/100 errors=0 elapsed_ms=1190.6'),1
FANOUT,K100,Exception('timeout_or_slo_miss: completed=100/100 errors=0 elapsed_ms=1106.3'),1
FANOUT,K100,Exception('timeout_or_slo_miss: completed=100/100 errors=0 elapsed_ms=1235.1'),1
FANOUT,K100,Exception('timeout_or_slo_miss: completed=100/100 errors=0 elapsed_ms=1170.4'),1
FANOUT,K100,Exception('timeout_or_slo_miss: completed=100/100 errors=0 elapsed_ms=1002.0'),3
FANOUT,K100,Exception('timeout_or_slo_miss: completed=100/100 errors=0 elapsed_ms=1110.6'),1
FANOUT,K100,Exception('timeout_or_slo_miss: completed=100/100 errors=0 elapsed_ms=1051.6'),2
FANOUT,K100,Exception('timeout_or_slo_miss: completed=100/100 errors=0 elapsed_ms=1060.6'),3
FANOUT,K100,Exception('timeout_or_slo_miss: completed=100/100 errors=0 elapsed_ms=1111.8'),1
FANOUT,K100,Exception('timeout_or_slo_miss: completed=100/100 errors=0 elapsed_ms=1006.9'),3
FANOUT,K100,Exception('timeout_or_slo_miss: completed=100/100 errors=0 elapsed_ms=1040.6'),2
FANOUT,K100,Exception('timeout_or_slo_miss: completed=100/100 errors=0 elapsed_ms=1179.5'),1
FANOUT,K100,Exception('timeout_or_slo_miss: completed=100/100 errors=0 elapsed_ms=1549.3'),1
FANOUT,K100,Exception('timeout_or_slo_miss: completed=100/100 errors=0 elapsed_ms=1025.4'),1
FANOUT,K100,Exception('timeout_or_slo_miss: completed=100/100 errors=0 elapsed_ms=1006.4'),1
FANOUT,K100,Exception('timeout_or_slo_miss: completed=100/100 errors=0 elapsed_ms=1062.3'),1
FANOUT,K100,Exception('timeout_or_slo_miss: completed=100/100 errors=0 elapsed_ms=1124.6'),2
FANOUT,K100,Exception('timeout_or_slo_miss: completed=100/100 errors=0 elapsed_ms=1069.3'),2
FANOUT,K100,Exception('timeout_or_slo_miss: completed=100/100 errors=0 elapsed_ms=1083.1'),2
FANOUT,K100,Exception('timeout_or_slo_miss: completed=100/100 errors=0 elapsed_ms=1010.7'),3
FANOUT,K100,Exception('timeout_or_slo_miss: completed=100/100 errors=0 elapsed_ms=1088.7'),2
FANOUT,K100,Exception('timeout_or_slo_miss: completed=100/100 errors=0 elapsed_ms=1074.2'),1
FANOUT,K100,Exception('timeout_or_slo_miss: completed=100/100 errors=0 elapsed_ms=1107.0'),2
FANOUT,K100,Exception('timeout_or_slo_miss: completed=89/100 errors=0 elapsed_ms=2273.0'),1
FANOUT,K100,Exception('timeout_or_slo_miss: completed=100/100 errors=0 elapsed_ms=1512.6'),1
FANOUT,K100,Exception('timeout_or_slo_miss: completed=100/100 errors=0 elapsed_ms=1232.4'),1
FANOUT,K100,Exception('timeout_or_slo_miss: completed=92/100 errors=0 elapsed_ms=1614.6'),1
FANOUT,K100,Exception('timeout_or_slo_miss: completed=100/100 errors=0 elapsed_ms=1155.7'),1
FANOUT,K100,Exception('timeout_or_slo_miss: completed=100/100 errors=0 elapsed_ms=1003.0'),1
FANOUT,K100,Exception('timeout_or_slo_miss: completed=97/100 errors=0 elapsed_ms=1935.5'),1
FANOUT,K100,Exception('timeout_or_slo_miss: completed=98/100 errors=0 elapsed_ms=1820.5'),1
FANOUT,K100,Exception('timeout_or_slo_miss: completed=100/100 errors=0 elapsed_ms=1126.6'),1
FANOUT,K100,Exception('timeout_or_slo_miss: completed=100/100 errors=0 elapsed_ms=1040.7'),1
FANOUT,K100,Exception('timeout_or_slo_miss: completed=100/100 errors=0 elapsed_ms=1288.2'),1
FANOUT,K100,Exception('timeout_or_slo_miss: completed=100/100 errors=0 elapsed_ms=1054.0'),1
FANOUT,K100,Exception('timeout_or_slo_miss: completed=100/100 errors=0 elapsed_ms=1083.4'),1
FANOUT,K100,Exception('timeout_or_slo_miss: completed=100/100 errors=0 elapsed_ms=1056.7'),2
FANOUT,K100,Exception('timeout_or_slo_miss: completed=100/100 errors=0 elapsed_ms=1005.2'),3
FANOUT,K100,Exception('timeout_or_slo_miss: completed=100/100 errors=0 elapsed_ms=1715.7'),1
FANOUT,K100,Exception('timeout_or_slo_miss: completed=100/100 errors=0 elapsed_ms=1025.1'),1
FANOUT,K100,Exception('timeout_or_slo_miss: completed=100/100 errors=0 elapsed_ms=1145.7'),1
FANOUT,K100,Exception('timeout_or_slo_miss: completed=100/100 errors=0 elapsed_ms=1066.6'),1
FANOUT,K100,Exception('timeout_or_slo_miss: completed=100/100 errors=0 elapsed_ms=1029.9'),1
FANOUT,K100,Exception('timeout_or_slo_miss: completed=100/100 errors=0 elapsed_ms=1045.1'),2
FANOUT,K100,Exception('timeout_or_slo_miss: completed=100/100 errors=0 elapsed_ms=1002.4'),1
FANOUT,K100,Exception('timeout_or_slo_miss: completed=100/100 errors=0 elapsed_ms=1011.7'),1
FANOUT,K100,Exception('timeout_or_slo_miss: completed=100/100 errors=0 elapsed_ms=1022.5'),1
FANOUT,K100,Exception('timeout_or_slo_miss: completed=100/100 errors=0 elapsed_ms=1058.9'),1
FANOUT,K100,Exception('timeout_or_slo_miss: completed=100/100 errors=0 elapsed_ms=1174.7'),1
FANOUT,K100,Exception('timeout_or_slo_miss: completed=100/100 errors=0 elapsed_ms=1101.3'),2
FANOUT,K100,Exception('timeout_or_slo_miss: completed=100/100 errors=0 elapsed_ms=1127.0'),1
FANOUT,K100,Exception('timeout_or_slo_miss: completed=100/100 errors=0 elapsed_ms=1201.3'),1
FANOUT,K100,Exception('timeout_or_slo_miss: completed=100/100 errors=0 elapsed_ms=1157.1'),1
FANOUT,K100,Exception('timeout_or_slo_miss: completed=100/100 errors=0 elapsed_ms=1050.9'),3
FANOUT,K100,Exception('timeout_or_slo_miss: completed=100/100 errors=0 elapsed_ms=1086.8'),1
FANOUT,K100,Exception('timeout_or_slo_miss: completed=100/100 errors=0 elapsed_ms=1079.3'),1
FANOUT,K100,Exception('timeout_or_slo_miss: completed=100/100 errors=0 elapsed_ms=1017.2'),1
FANOUT,K100,Exception('timeout_or_slo_miss: completed=100/100 errors=0 elapsed_ms=1016.5'),1
FANOUT,K100,Exception('timeout_or_slo_miss: completed=100/100 errors=0 elapsed_ms=1101.6'),1
FANOUT,K100,Exception('timeout_or_slo_miss: completed=100/100 errors=0 elapsed_ms=1021.0'),1
FANOUT,K100,Exception('timeout_or_slo_miss: completed=100/100 errors=0 elapsed_ms=1117.5'),1
FANOUT,K100,Exception('timeout_or_slo_miss: completed=100/100 errors=0 elapsed_ms=1021.7'),1
FANOUT,K100,Exception('timeout_or_slo_miss: completed=100/100 errors=0 elapsed_ms=1153.7'),2
FANOUT,K100,Exception('timeout_or_slo_miss: completed=100/100 errors=0 elapsed_ms=1133.8'),1
FANOUT,K100,Exception('timeout_or_slo_miss: completed=100/100 errors=0 elapsed_ms=1119.1'),1
FANOUT,K100,Exception('timeout_or_slo_miss: completed=100/100 errors=0 elapsed_ms=1024.9'),2
FANOUT,K100,Exception('timeout_or_slo_miss: completed=100/100 errors=0 elapsed_ms=1008.3'),3
FANOUT,K100,Exception('timeout_or_slo_miss: completed=100/100 errors=0 elapsed_ms=1470.3'),2
FANOUT,K100,Exception('timeout_or_slo_miss: completed=100/100 errors=0 elapsed_ms=1148.9'),1
FANOUT,K100,Exception('timeout_or_slo_miss: completed=100/100 errors=0 elapsed_ms=1035.4'),1
FANOUT,K100,Exception('timeout_or_slo_miss: completed=100/100 errors=0 elapsed_ms=1161.6'),1
FANOUT,K100,Exception('timeout_or_slo_miss: completed=100/100 errors=0 elapsed_ms=1750.7'),1
FANOUT,K100,Exception('timeout_or_slo_miss: completed=100/100 errors=0 elapsed_ms=1378.0'),1
FANOUT,K100,Exception('timeout_or_slo_miss: completed=94/100 errors=0 elapsed_ms=1868.6'),1
FANOUT,K100,Exception('timeout_or_slo_miss: completed=100/100 errors=0 elapsed_ms=1062.2'),1
FANOUT,K100,Exception('timeout_or_slo_miss: completed=100/100 errors=0 elapsed_ms=1013.1'),2
FANOUT,K100,Exception('timeout_or_slo_miss: completed=100/100 errors=0 elapsed_ms=1121.1'),2
FANOUT,K100,Exception('timeout_or_slo_miss: completed=100/100 errors=0 elapsed_ms=1466.3'),1
FANOUT,K100,Exception('timeout_or_slo_miss: completed=100/100 errors=0 elapsed_ms=1124.1'),1
FANOUT,K100,Exception('timeout_or_slo_miss: completed=100/100 errors=0 elapsed_ms=1085.1'),1
FANOUT,K100,Exception('timeout_or_slo_miss: completed=100/100 errors=0 elapsed_ms=1060.5'),2
FANOUT,K100,Exception('timeout_or_slo_miss: completed=100/100 errors=0 elapsed_ms=1030.7'),1
FANOUT,K100,Exception('timeout_or_slo_miss: completed=94/100 errors=0 elapsed_ms=1950.5'),1
FANOUT,K100,Exception('timeout_or_slo_miss: completed=100/100 errors=0 elapsed_ms=1119.3'),1
FANOUT,K100,Exception('timeout_or_slo_miss: completed=100/100 errors=0 elapsed_ms=1067.0'),1
FANOUT,K100,Exception('timeout_or_slo_miss: completed=100/100 errors=0 elapsed_ms=1102.5'),1
FANOUT,K100,Exception('timeout_or_slo_miss: completed=100/100 errors=0 elapsed_ms=1026.5'),4
FANOUT,K100,Exception('timeout_or_slo_miss: completed=100/100 errors=0 elapsed_ms=1548.4'),1
FANOUT,K100,Exception('timeout_or_slo_miss: completed=100/100 errors=0 elapsed_ms=1248.7'),1
FANOUT,K100,Exception('timeout_or_slo_miss: completed=100/100 errors=0 elapsed_ms=1024.4'),1
FANOUT,K100,Exception('timeout_or_slo_miss: completed=100/100 errors=0 elapsed_ms=1305.4'),1
FANOUT,K100,Exception('timeout_or_slo_miss: completed=100/100 errors=0 elapsed_ms=1240.9'),1
FANOUT,K100,Exception('timeout_or_slo_miss: completed=100/100 errors=0 elapsed_ms=1004.4'),1
FANOUT,K100,Exception('timeout_or_slo_miss: completed=100/100 errors=0 elapsed_ms=1012.4'),2
FANOUT,K100,Exception('timeout_or_slo_miss: completed=100/100 errors=0 elapsed_ms=1046.0'),2
FANOUT,K100,Exception('timeout_or_slo_miss: completed=100/100 errors=0 elapsed_ms=1055.0'),1
FANOUT,K100,Exception('timeout_or_slo_miss: completed=100/100 errors=0 elapsed_ms=1052.9'),1
FANOUT,K100,Exception('timeout_or_slo_miss: completed=100/100 errors=0 elapsed_ms=1061.6'),1
FANOUT,K100,Exception('timeout_or_slo_miss: completed=100/100 errors=0 elapsed_ms=1162.2'),1
FANOUT,K100,Exception('timeout_or_slo_miss: completed=100/100 errors=0 elapsed_ms=1219.9'),1
FANOUT,K100,Exception('timeout_or_slo_miss: completed=100/100 errors=0 elapsed_ms=1160.6'),1
FANOUT,K100,Exception('timeout_or_slo_miss: completed=100/100 errors=0 elapsed_ms=1052.2'),3
FANOUT,K100,Exception('timeout_or_slo_miss: completed=100/100 errors=0 elapsed_ms=1043.8'),2
FANOUT,K100,Exception('timeout_or_slo_miss: completed=100/100 errors=0 elapsed_ms=1068.9'),1
FANOUT,K100,Exception('timeout_or_slo_miss: completed=100/100 errors=0 elapsed_ms=1239.9'),1
FANOUT,K100,Exception('timeout_or_slo_miss: completed=100/100 errors=0 elapsed_ms=1185.8'),1
FANOUT,K100,Exception('timeout_or_slo_miss: completed=100/100 errors=0 elapsed_ms=1054.2'),1
FANOUT,K100,Exception('timeout_or_slo_miss: completed=100/100 errors=0 elapsed_ms=1041.1'),1
FANOUT,K100,Exception('timeout_or_slo_miss: completed=100/100 errors=0 elapsed_ms=1069.9'),2
FANOUT,K100,Exception('timeout_or_slo_miss: completed=100/100 errors=0 elapsed_ms=1294.0'),1
FANOUT,K100,Exception('timeout_or_slo_miss: completed=100/100 errors=0 elapsed_ms=1176.3'),1
FANOUT,K100,Exception('timeout_or_slo_miss: completed=100/100 errors=0 elapsed_ms=1004.8'),1
FANOUT,K100,Exception('timeout_or_slo_miss: completed=100/100 errors=0 elapsed_ms=1003.8'),1
FANOUT,K100,Exception('timeout_or_slo_miss: completed=100/100 errors=0 elapsed_ms=1065.7'),1
FANOUT,K100,Exception('timeout_or_slo_miss: completed=100/100 errors=0 elapsed_ms=1018.9'),2
FANOUT,K100,Exception('timeout_or_slo_miss: completed=100/100 errors=0 elapsed_ms=1079.4'),1
FANOUT,K100,Exception('timeout_or_slo_miss: completed=100/100 errors=0 elapsed_ms=1249.2'),1
FANOUT,K100,Exception('timeout_or_slo_miss: completed=100/100 errors=0 elapsed_ms=1281.6'),1
FANOUT,K100,Exception('timeout_or_slo_miss: completed=100/100 errors=0 elapsed_ms=1028.3'),1
FANOUT,K100,Exception('timeout_or_slo_miss: completed=100/100 errors=0 elapsed_ms=1024.0'),1
FANOUT,K100,Exception('timeout_or_slo_miss: completed=100/100 errors=0 elapsed_ms=1112.7'),1
FANOUT,K100,Exception('timeout_or_slo_miss: completed=100/100 errors=0 elapsed_ms=1089.5'),1
FANOUT,K100,Exception('timeout_or_slo_miss: completed=100/100 errors=0 elapsed_ms=1011.4'),1
FANOUT,K100,Exception('timeout_or_slo_miss: completed=100/100 errors=0 elapsed_ms=1135.0'),2
FANOUT,K100,Exception('timeout_or_slo_miss: completed=100/100 errors=0 elapsed_ms=1045.2'),1
FANOUT,K100,Exception('timeout_or_slo_miss: completed=100/100 errors=0 elapsed_ms=1123.6'),1
FANOUT,K100,Exception('timeout_or_slo_miss: completed=100/100 errors=0 elapsed_ms=1085.5'),2
FANOUT,K100,Exception('timeout_or_slo_miss: completed=100/100 errors=0 elapsed_ms=1516.9'),1
FANOUT,K100,Exception('timeout_or_slo_miss: completed=100/100 errors=0 elapsed_ms=1065.1'),2
FANOUT,K100,Exception('timeout_or_slo_miss: completed=100/100 errors=0 elapsed_ms=1209.3'),1
FANOUT,K100,Exception('timeout_or_slo_miss: completed=100/100 errors=0 elapsed_ms=1268.5'),1
FANOUT,K100,Exception('timeout_or_slo_miss: completed=100/100 errors=0 elapsed_ms=1024.3'),1
FANOUT,K100,Exception('timeout_or_slo_miss: completed=100/100 errors=0 elapsed_ms=1033.1'),1
FANOUT,K100,Exception('timeout_or_slo_miss: completed=100/100 errors=0 elapsed_ms=1658.6'),1
FANOUT,K100,Exception('timeout_or_slo_miss: completed=100/100 errors=0 elapsed_ms=1191.9'),1
FANOUT,K100,Exception('timeout_or_slo_miss: completed=100/100 errors=0 elapsed_ms=1103.0'),1
FANOUT,K100,Exception('timeout_or_slo_miss: completed=100/100 errors=0 elapsed_ms=1037.5'),2
FANOUT,K100,Exception('timeout_or_slo_miss: completed=100/100 errors=0 elapsed_ms=1040.4'),1
FANOUT,K100,Exception('timeout_or_slo_miss: completed=100/100 errors=0 elapsed_ms=1122.3'),1
FANOUT,K100,Exception('timeout_or_slo_miss: completed=100/100 errors=0 elapsed_ms=1089.4'),1
FANOUT,K100,Exception('timeout_or_slo_miss: completed=100/100 errors=0 elapsed_ms=1082.3'),1
FANOUT,K100,Exception('timeout_or_slo_miss: completed=100/100 errors=0 elapsed_ms=1074.3'),2
FANOUT,K100,Exception('timeout_or_slo_miss: completed=100/100 errors=0 elapsed_ms=1164.7'),1
FANOUT,K100,Exception('timeout_or_slo_miss: completed=100/100 errors=0 elapsed_ms=1050.2'),2
FANOUT,K100,Exception('timeout_or_slo_miss: completed=100/100 errors=0 elapsed_ms=1234.2'),1
FANOUT,K100,Exception('timeout_or_slo_miss: completed=100/100 errors=0 elapsed_ms=1049.3'),2
FANOUT,K100,Exception('timeout_or_slo_miss: completed=100/100 errors=0 elapsed_ms=1132.6'),1
FANOUT,K100,Exception('timeout_or_slo_miss: completed=100/100 errors=0 elapsed_ms=1041.5'),2
FANOUT,K100,Exception('timeout_or_slo_miss: completed=100/100 errors=0 elapsed_ms=1209.1'),1
FANOUT,K100,Exception('timeout_or_slo_miss: completed=100/100 errors=0 elapsed_ms=1000.4'),3
FANOUT,K100,Exception('timeout_or_slo_miss: completed=100/100 errors=0 elapsed_ms=1018.8'),2
FANOUT,K100,Exception('timeout_or_slo_miss: completed=100/100 errors=0 elapsed_ms=1146.4'),1
FANOUT,K100,Exception('timeout_or_slo_miss: completed=100/100 errors=0 elapsed_ms=1193.5'),1
FANOUT,K100,Exception('timeout_or_slo_miss: completed=100/100 errors=0 elapsed_ms=1001.9'),1
FANOUT,K100,Exception('timeout_or_slo_miss: completed=100/100 errors=0 elapsed_ms=1095.6'),1
FANOUT,K100,Exception('timeout_or_slo_miss: completed=100/100 errors=0 elapsed_ms=1125.3'),1
FANOUT,K100,Exception('timeout_or_slo_miss: completed=100/100 errors=0 elapsed_ms=1143.0'),1
FANOUT,K100,Exception('timeout_or_slo_miss: completed=100/100 errors=0 elapsed_ms=1280.1'),1
FANOUT,K100,Exception('timeout_or_slo_miss: completed=100/100 errors=0 elapsed_ms=1178.1'),1
FANOUT,K100,Exception('timeout_or_slo_miss: completed=100/100 errors=0 elapsed_ms=1166.9'),1
FANOUT,K100,Exception('timeout_or_slo_miss: completed=93/100 errors=0 elapsed_ms=1833.3'),1
FANOUT,K100,Exception('timeout_or_slo_miss: completed=100/100 errors=0 elapsed_ms=1110.7'),1
FANOUT,K100,Exception('timeout_or_slo_miss: completed=100/100 errors=0 elapsed_ms=1000.1'),2
FANOUT,K100,Exception('timeout_or_slo_miss: completed=100/100 errors=0 elapsed_ms=1014.5'),2
FANOUT,K100,Exception('timeout_or_slo_miss: completed=100/100 errors=0 elapsed_ms=1042.3'),1
FANOUT,K100,Exception('timeout_or_slo_miss: completed=100/100 errors=0 elapsed_ms=1190.9'),1
FANOUT,K100,Exception('timeout_or_slo_miss: completed=100/100 errors=0 elapsed_ms=1061.5'),1
FANOUT,K100,Exception('timeout_or_slo_miss: completed=100/100 errors=0 elapsed_ms=1063.8'),1
FANOUT,K100,Exception('timeout_or_slo_miss: completed=100/100 errors=0 elapsed_ms=1122.5'),1
FANOUT,K100,Exception('timeout_or_slo_miss: completed=100/100 errors=0 elapsed_ms=1138.2'),1
FANOUT,K100,Exception('timeout_or_slo_miss: completed=100/100 errors=0 elapsed_ms=1092.8'),3
FANOUT,K100,Exception('timeout_or_slo_miss: completed=100/100 errors=0 elapsed_ms=1004.0'),2
FANOUT,K100,Exception('timeout_or_slo_miss: completed=100/100 errors=0 elapsed_ms=1039.3'),2
FANOUT,K100,Exception('timeout_or_slo_miss: completed=100/100 errors=0 elapsed_ms=1095.4'),1
FANOUT,K100,Exception('timeout_or_slo_miss: completed=100/100 errors=0 elapsed_ms=1114.1'),2
FANOUT,K100,Exception('timeout_or_slo_miss: completed=100/100 errors=0 elapsed_ms=1044.6'),1
FANOUT,K100,Exception('timeout_or_slo_miss: completed=100/100 errors=0 elapsed_ms=1142.7'),1
FANOUT,K100,Exception('timeout_or_slo_miss: completed=100/100 errors=0 elapsed_ms=1031.2'),1
