Timestamp,User Count,Type,Name,Requests/s,Failures/s,50%,66%,75%,80%,90%,95%,98%,99%,99.9%,99.99%,100%,Total Request Count,Total Failure Count,Total Median Response Time,Total Average Response Time,Total Min Response Time,Total Max Response Time,Total Average Content Size
1774105198,0,,Aggregated,0.000000,0.000000,N/A,N/A,N/A,N/A,N/A,N/A,N/A,N/A,N/A,N/A,N/A,0,0,0,0.0,0,0,0
1774105199,10,,Aggregated,0.000000,0.000000,N/A,N/A,N/A,N/A,N/A,N/A,N/A,N/A,N/A,N/A,N/A,0,0,0,0.0,0,0,0
1774105200,10,,Aggregated,0.000000,0.000000,1900,1900,1900,1900,1900,1900,1900,1900,1900,1900,1900,2,2,1926.4748970017536,1928.496731501582,1926.4748970017536,1930.5185660014104,0.0
1774105201,10,,Aggregated,0.000000,0.000000,1900,1900,1900,1900,1900,1900,1900,1900,1900,1900,1900,2,2,1926.4748970017536,1928.496731501582,1926.4748970017536,1930.5185660014104,0.0
1774105202,10,,Aggregated,0.000000,0.000000,1900,1900,3500,3500,3500,3500,3500,3500,3500,3500,3500,4,4,1900.0,2106.3970450013585,1080.287185999623,3488.307531002647,0.0
1774105203,10,,Aggregated,0.666667,0.666667,3500,4400,4400,4400,4600,4600,4600,4600,4600,4600,4600,8,8,1900.0,2901.3923863753917,1080.287185999623,4647.643008996965,0.0
1774105204,10,,Aggregated,0.666667,0.666667,4400,4600,5200,5200,5200,5200,5200,5200,5200,5200,5200,13,13,4400.0,3612.4041660768853,1080.287185999623,5244.523449997359,0.0
1774105205,10,,Aggregated,1.200000,1.200000,2400,4400,4600,5200,5200,5200,5200,5200,5200,5200,5200,20,20,1900.0,2798.6672186998476,1008.6122519969649,5244.523449997359,0.0
1774105206,10,,Aggregated,2.166667,2.166667,1900,2900,4400,4600,5200,5200,5200,5200,5200,5200,5200,25,25,1900.0,2550.8912781998515,1008.5255119993235,5244.523449997359,0.0
1774105207,10,,Aggregated,2.428571,2.428571,1300,2400,3500,4400,5200,5200,5200,5200,5200,5200,5200,33,33,1300.0,2290.9190183636383,1007.2542990019429,5244.523449997359,0.0
1774105208,10,,Aggregated,2.875000,2.875000,1200,1900,2900,3800,5200,5200,5200,5200,5200,5200,5200,39,39,1200.0,2097.5734423078297,1006.5162319988303,5244.523449997359,0.0
1774105209,10,,Aggregated,3.222222,3.222222,1100,1400,2300,2900,4600,5200,5200,5200,5200,5200,5200,49,49,1100.0,1875.925459061308,565.5719899987162,5244.523449997359,0.0
1774105210,10,,Aggregated,3.800000,3.800000,1100,1200,1900,2400,4400,5200,5200,5200,5200,5200,5200,55,55,1100.0,1754.0311861818323,503.48014699920896,5244.523449997359,0.0
1774105211,10,,Aggregated,4.400000,4.400000,1100,1200,1500,2300,4400,5200,5200,5200,5200,5200,5200,65,65,1100.0,1617.0531688921842,503.48014699920896,5244.523449997359,0.0
1774105212,10,,Aggregated,5.000000,5.000000,1000,1100,1500,1500,3800,5200,5200,5200,5200,5200,5200,76,76,1000.0,1488.7645588156183,503.48014699920896,5244.523449997359,0.0
1774105213,10,,Aggregated,5.800000,5.800000,1000,1100,1200,1500,3500,4600,5200,5200,5200,5200,5200,86,86,1000.0,1399.9476131626411,503.48014699920896,5244.523449997359,0.0
1774105214,10,,Aggregated,6.800000,6.800000,1000,1100,1200,1400,2900,4600,5200,5200,5200,5200,5200,96,96,1000.0,1311.981662822859,503.48014699920896,5244.523449997359,0.0
1774105215,10,,Aggregated,7.200000,7.200000,1000,1100,1100,1300,2400,4400,5200,5200,5200,5200,5200,105,105,1000.0,1247.5537195617758,503.48014699920896,5244.523449997359,0.0
1774105216,10,,Aggregated,7.900000,7.900000,1000,1000,1100,1200,2400,4400,5200,5200,5200,5200,5200,117,117,1000.0,1180.2529159059095,503.4271639997314,5244.523449997359,0.0
1774105217,10,,Aggregated,8.700000,8.700000,920,1000,1100,1100,2300,4400,5200,5200,5200,5200,5200,128,128,810.0,1128.6020498514802,503.4271639997314,5244.523449997359,0.0
1774105218,10,,Aggregated,9.000000,9.000000,680,1000,1100,1100,1900,4400,5200,5200,5200,5200,5200,140,140,660.0,1080.7549314356688,501.1931269982597,5244.523449997359,0.0
1774105219,10,,Aggregated,9.400000,9.400000,640,1000,1000,1100,1500,3800,5200,5200,5200,5200,5200,152,152,630.0,1039.3903374078227,501.1931269982597,5244.523449997359,0.0
1774105220,10,,Aggregated,9.600000,9.600000,610,1000,1000,1100,1500,3500,5200,5200,5200,5200,5200,161,161,610.0,1013.3766980806913,501.1931269982597,5244.523449997359,0.0
1774105221,10,,Aggregated,10.000000,10.000000,600,1000,1000,1100,1500,3500,5200,5200,5200,5200,5200,171,171,600.0,991.1099167484759,501.1931269982597,5244.523449997359,0.0
1774105222,10,,Aggregated,10.700000,10.700000,600,1000,1000,1100,1500,2900,5200,5200,5200,5200,5200,181,181,600.0,965.0289007789456,501.1931269982597,5244.523449997359,0.0
1774105223,10,,Aggregated,10.700000,10.700000,590,1000,1000,1000,1400,2900,5200,5200,5200,5200,5200,193,193,590.0,940.0155636994048,501.1931269982597,5244.523449997359,0.0
1774105224,10,,Aggregated,10.700000,10.700000,580,1000,1000,1000,1300,2400,4600,5200,5200,5200,5200,205,205,580.0,920.5728672193889,501.1931269982597,5244.523449997359,0.0
1774105225,10,,Aggregated,11.200000,11.200000,540,810,1000,1000,1200,2400,4600,5200,5200,5200,5200,216,216,530.0,902.0453678008043,501.1931269982597,5244.523449997359,0.0
1774105226,10,,Aggregated,10.700000,10.700000,520,730,1000,1000,1200,2400,4600,5200,5200,5200,5200,226,226,510.0,887.3094777564938,501.0646189984982,5244.523449997359,0.0
1774105227,10,,Aggregated,10.500000,10.500000,510,660,1000,1000,1200,2400,4600,5200,5200,5200,5200,237,237,510.0,872.5741749365602,501.0646189984982,5244.523449997359,0.0
1774105228,10,,Aggregated,10.600000,10.600000,510,650,1000,1000,1200,2300,4600,5200,5200,5200,5200,247,247,510.0,860.6472951618093,501.0646189984982,5244.523449997359,0.0
1774105229,10,,Aggregated,10.600000,10.600000,510,650,1000,1000,1100,2300,4400,5200,5200,5200,5200,257,257,510.0,851.1885726730665,501.0646189984982,5244.523449997359,0.0
1774105230,10,,Aggregated,10.700000,10.700000,510,640,1000,1000,1100,1900,4400,5200,5200,5200,5200,267,267,510.0,839.5363086366273,501.0646189984982,5244.523449997359,0.0
1774105231,10,,Aggregated,10.800000,10.800000,510,630,1000,1000,1100,1900,4400,5200,5200,5200,5200,279,279,510.0,826.9152889748302,501.0646189984982,5244.523449997359,0.0
1774105232,10,,Aggregated,10.600000,10.600000,510,620,1000,1000,1100,1900,4400,5200,5200,5200,5200,291,291,510.0,815.3845278831102,501.0646189984982,5244.523449997359,0.0
1774105233,10,,Aggregated,10.800000,10.800000,510,610,1000,1000,1100,1500,4400,5200,5200,5200,5200,302,302,510.0,806.8906553310668,501.0646189984982,5244.523449997359,0.0
1774105234,10,,Aggregated,10.800000,10.800000,510,610,1000,1000,1100,1500,4400,5200,5200,5200,5200,312,312,510.0,800.1589074326428,501.0646189984982,5244.523449997359,0.0
1774105235,10,,Aggregated,10.800000,10.800000,510,610,930,1000,1100,1500,4400,5200,5200,5200,5200,323,323,510.0,790.3339331763955,501.0646189984982,5244.523449997359,0.0
1774105236,10,,Aggregated,11.000000,11.000000,510,600,810,1000,1100,1500,4400,5200,5200,5200,5200,336,336,510.0,781.7744019344533,501.0646189984982,5244.523449997359,0.0
1774105237,10,,Aggregated,11.000000,11.000000,510,600,740,1000,1100,1500,4400,5200,5200,5200,5200,346,346,510.0,776.9168101531145,501.0646189984982,5244.523449997359,0.0
1774105238,10,,Aggregated,11.000000,11.000000,510,600,730,1000,1100,1500,3800,5200,5200,5200,5200,357,357,510.0,772.013388462151,501.0646189984982,5244.523449997359,0.0
1774105239,10,,Aggregated,11.100000,11.100000,510,600,660,1000,1100,1500,3800,5200,5200,5200,5200,369,369,510.0,763.8699765283858,501.0646189984982,5244.523449997359,0.0
1774105240,10,,Aggregated,10.900000,10.900000,510,600,660,1000,1000,1500,3800,5200,5200,5200,5200,380,380,510.0,758.3057163052028,501.0646189984982,5244.523449997359,0.0
1774105241,10,,Aggregated,10.900000,10.900000,510,600,660,1000,1000,1400,3800,5200,5200,5200,5200,390,390,510.0,754.5840195743018,501.0646189984982,5244.523449997359,0.0
1774105242,10,,Aggregated,11.000000,11.000000,510,600,650,1000,1000,1300,3500,4600,5200,5200,5200,402,402,510.0,748.9043073059096,501.0646189984982,5244.523449997359,0.0
1774105243,10,,Aggregated,10.900000,10.900000,510,590,650,1000,1000,1300,3500,4600,5200,5200,5200,412,412,510.0,743.4913121043122,501.0646189984982,5244.523449997359,0.0
1774105244,10,,Aggregated,10.800000,10.800000,510,590,640,1000,1000,1200,3500,4600,5200,5200,5200,424,424,510.0,739.0716250588844,501.0646189984982,5244.523449997359,0.0
1774105245,10,,Aggregated,10.800000,10.800000,510,590,640,1000,1000,1200,3500,4600,5200,5200,5200,432,432,510.0,736.1731589188975,501.0646189984982,5244.523449997359,0.0
1774105246,10,,Aggregated,10.800000,10.800000,510,590,640,1000,1000,1200,3500,4600,5200,5200,5200,445,445,510.0,732.7975386223844,501.0646189984982,5244.523449997359,0.0
1774105247,10,,Aggregated,10.800000,10.800000,510,590,640,1000,1000,1200,2900,4600,5200,5200,5200,455,455,510.0,728.2682409910997,501.0646189984982,5244.523449997359,0.0
1774105248,10,,Aggregated,10.900000,10.900000,510,590,630,1000,1000,1200,2900,4600,5200,5200,5200,465,465,510.0,724.8649723074038,501.0646189984982,5244.523449997359,0.0
1774105249,10,,Aggregated,10.900000,10.900000,510,580,630,1000,1000,1200,2900,4600,5200,5200,5200,478,478,510.0,720.5364243450642,501.0646189984982,5244.523449997359,0.0
1774105250,10,,Aggregated,11.100000,11.100000,510,580,620,920,1000,1200,2900,4600,5200,5200,5200,487,487,510.0,717.4740824125979,501.0646189984982,5244.523449997359,0.0
1774105251,10,,Aggregated,10.900000,10.900000,510,580,620,810,1000,1200,2900,4600,5200,5200,5200,497,497,510.0,714.489874122618,501.0646189984982,5244.523449997359,0.0
1774105252,10,,Aggregated,10.800000,10.800000,510,580,620,740,1000,1100,2400,4400,5200,5200,5200,510,510,510.0,711.2345024959623,501.0646189984982,5244.523449997359,0.0
1774105253,10,,Aggregated,10.800000,10.800000,510,580,620,730,1000,1100,2400,4400,5200,5200,5200,520,520,510.0,708.7945515191263,501.0646189984982,5244.523449997359,0.0
1774105254,10,,Aggregated,10.700000,10.700000,510,580,620,680,1000,1100,2400,4400,5200,5200,5200,531,531,510.0,704.7759130771043,501.0646189984982,5244.523449997359,0.0
1774105255,10,,Aggregated,10.600000,10.600000,510,580,620,680,1000,1100,2400,4400,5200,5200,5200,542,542,510.0,702.0652783375267,501.0646189984982,5244.523449997359,0.0
1774105256,10,,Aggregated,10.600000,10.600000,510,580,620,670,1000,1100,2400,4400,5200,5200,5200,553,553,510.0,699.0620259763871,501.0646189984982,5244.523449997359,0.0
1774105257,10,,Aggregated,10.700000,10.700000,510,580,620,670,1000,1100,2400,4400,5200,5200,5200,563,563,510.0,698.1684725043463,501.0646189984982,5244.523449997359,0.0
1774105258,10,,Aggregated,10.900000,10.900000,510,580,620,660,1000,1100,2400,4400,5200,5200,5200,573,573,510.0,695.1348149615194,501.0646189984982,5244.523449997359,0.0
1774105259,10,,Aggregated,10.700000,10.700000,510,570,620,660,1000,1100,2400,4400,5200,5200,5200,585,585,510.0,693.089121861449,501.0646189984982,5244.523449997359,0.0
1774105260,10,,Aggregated,10.700000,10.700000,510,570,610,660,1000,1100,2400,4400,5200,5200,5200,597,597,510.0,690.2997975828135,501.0646189984982,5244.523449997359,0.0
1774105261,10,,Aggregated,10.900000,10.900000,510,570,610,660,1000,1100,2300,4400,5200,5200,5200,605,605,510.0,688.9480098461738,501.0646189984982,5244.523449997359,0.0
1774105262,10,,Aggregated,10.800000,10.800000,510,570,610,650,1000,1100,2300,4400,5200,5200,5200,616,616,510.0,686.7350567174207,501.0646189984982,5244.523449997359,0.0
1774105263,10,,Aggregated,10.700000,10.700000,510,570,610,660,1000,1100,2300,4400,5200,5200,5200,627,627,510.0,686.1736231163162,501.0646189984982,5244.523449997359,0.0
1774105264,10,,Aggregated,10.700000,10.700000,510,570,610,650,1000,1100,2300,4400,5200,5200,5200,637,637,510.0,684.6171534049106,501.0646189984982,5244.523449997359,0.0
1774105265,10,,Aggregated,10.900000,10.900000,510,570,610,650,1000,1100,2300,4400,5200,5200,5200,649,649,510.0,682.6640958042092,501.0646189984982,5244.523449997359,0.0
1774105266,10,,Aggregated,10.800000,10.800000,510,570,610,650,1000,1100,1900,4400,5200,5200,5200,660,660,510.0,680.6162862483804,501.0646189984982,5244.523449997359,0.0
1774105267,10,,Aggregated,10.700000,10.700000,510,570,610,650,1000,1100,1900,4400,5200,5200,5200,671,671,510.0,678.8505208419227,501.0646189984982,5244.523449997359,0.0
1774105268,10,,Aggregated,10.600000,10.600000,510,570,610,650,1000,1100,1900,4400,5200,5200,5200,681,681,510.0,676.6959452906394,501.0646189984982,5244.523449997359,0.0
1774105269,10,,Aggregated,10.900000,10.900000,510,570,610,650,1000,1100,1900,4400,5200,5200,5200,693,693,510.0,675.7851943822757,501.0646189984982,5244.523449997359,0.0
1774105270,10,,Aggregated,10.900000,10.900000,510,570,610,650,1000,1100,1900,3800,5200,5200,5200,704,704,510.0,674.0339450084066,501.0646189984982,5244.523449997359,0.0
1774105271,10,,Aggregated,10.700000,10.700000,510,570,610,650,1000,1100,1900,3800,5200,5200,5200,716,716,510.0,672.6356288951223,501.0646189984982,5244.523449997359,0.0
1774105272,10,,Aggregated,10.800000,10.800000,510,570,610,650,1000,1100,1900,3800,5200,5200,5200,725,725,510.0,670.6761260853846,501.0646189984982,5244.523449997359,0.0
1774105273,10,,Aggregated,10.900000,10.900000,510,560,610,640,1000,1100,1900,3800,5200,5200,5200,736,736,510.0,669.2559406697052,501.0646189984982,5244.523449997359,0.0
1774105274,10,,Aggregated,10.900000,10.900000,510,560,610,640,1000,1100,1900,3800,5200,5200,5200,747,747,510.0,667.837272550078,501.0646189984982,5244.523449997359,0.0
1774105275,10,,Aggregated,10.800000,10.800000,510,560,610,640,1000,1100,1500,3800,5200,5200,5200,757,757,510.0,666.7972164820546,501.0646189984982,5244.523449997359,0.0
1774105276,10,,Aggregated,10.800000,10.800000,510,540,610,640,1000,1100,1500,3800,5200,5200,5200,768,768,510.0,664.8290863605697,501.0646189984982,5244.523449997359,0.0
1774105277,10,,Aggregated,11.000000,11.000000,510,540,610,640,1000,1100,1500,3800,5200,5200,5200,779,779,510.0,663.3020459126093,501.0646189984982,5244.523449997359,0.0
1774105278,10,,Aggregated,11.000000,11.000000,510,540,610,640,1000,1100,1500,3800,5200,5200,5200,791,791,510.0,662.1409341503376,501.0646189984982,5244.523449997359,0.0
1774105279,10,,Aggregated,10.900000,10.900000,510,540,610,640,1000,1100,1500,3800,5200,5200,5200,800,800,510.0,661.7457602823971,501.0646189984982,5244.523449997359,0.0
1774105280,10,,Aggregated,10.600000,10.600000,510,540,610,640,1000,1000,1500,3500,5200,5200,5200,810,810,510.0,660.3501558912544,501.0646189984982,5244.523449997359,0.0
1774105281,10,,Aggregated,10.800000,10.800000,510,530,610,640,1000,1000,1500,3500,5200,5200,5200,822,822,510.0,659.3370223125513,501.0646189984982,5244.523449997359,0.0
1774105282,10,,Aggregated,10.800000,10.800000,510,530,610,640,1000,1000,1500,3500,5200,5200,5200,834,834,510.0,658.6151699435455,501.0646189984982,5244.523449997359,0.0
1774105283,10,,Aggregated,10.800000,10.800000,510,530,610,640,1000,1000,1500,3500,5200,5200,5200,845,845,510.0,657.218336340716,501.0646189984982,5244.523449997359,0.0
1774105284,10,,Aggregated,10.700000,10.700000,510,530,610,630,1000,1000,1500,3500,5200,5200,5200,856,856,510.0,656.2091746634387,501.0646189984982,5244.523449997359,0.0
1774105285,10,,Aggregated,10.800000,10.800000,510,530,610,630,1000,1000,1500,3500,5200,5200,5200,866,866,510.0,655.766601330142,501.0646189984982,5244.523449997359,0.0
1774105286,10,,Aggregated,10.800000,10.800000,510,530,610,630,1000,1000,1500,3500,5200,5200,5200,877,877,510.0,654.7262273465261,501.0646189984982,5244.523449997359,0.0
1774105287,10,,Aggregated,10.600000,10.600000,510,520,600,630,1000,1000,1500,3500,5200,5200,5200,886,886,510.0,653.3892399400811,501.0646189984982,5244.523449997359,0.0
1774105288,10,,Aggregated,10.400000,10.400000,510,520,600,630,1000,1000,1500,3500,5200,5200,5200,896,896,510.0,652.9588829530315,501.0646189984982,5244.523449997359,0.0
1774105289,10,,Aggregated,10.400000,10.400000,510,520,610,630,1000,1000,1500,2900,5200,5200,5200,907,907,510.0,652.5340491454352,501.0646189984982,5244.523449997359,0.0
1774105290,10,,Aggregated,10.600000,10.600000,510,520,600,630,1000,1000,1500,2900,5200,5200,5200,920,920,510.0,651.0795425118569,501.0646189984982,5244.523449997359,0.0
1774105291,10,,Aggregated,10.600000,10.600000,510,510,600,630,1000,1000,1500,2900,5200,5200,5200,930,930,510.0,649.634718938614,501.0646189984982,5244.523449997359,0.0
1774105292,10,,Aggregated,10.700000,10.700000,510,520,600,630,1000,1000,1500,2900,5200,5200,5200,939,939,510.0,649.4665235004386,501.0646189984982,5244.523449997359,0.0
1774105293,10,,Aggregated,10.600000,10.600000,510,510,600,630,1000,1000,1500,2900,5200,5200,5200,950,950,510.0,648.3111646062252,501.0646189984982,5244.523449997359,0.0
1774105294,10,,Aggregated,10.700000,10.700000,510,510,600,630,1000,1000,1400,2900,5200,5200,5200,962,962,510.0,647.1461320716397,501.0646189984982,5244.523449997359,0.0
1774105295,10,,Aggregated,10.500000,10.500000,510,510,600,630,1000,1000,1400,2900,5200,5200,5200,973,973,510.0,646.7942766114256,501.0646189984982,5244.523449997359,0.0
1774105296,10,,Aggregated,10.800000,10.800000,510,510,600,630,1000,1000,1400,2900,5200,5200,5200,984,984,510.0,645.8158200903641,501.0646189984982,5244.523449997359,0.0
1774105297,10,,Aggregated,10.900000,10.900000,510,510,600,630,1000,1000,1400,2900,5200,5200,5200,994,994,510.0,644.9068030170183,501.0646189984982,5244.523449997359,0.0
1774105298,10,,Aggregated,10.800000,10.800000,510,510,600,620,1000,1000,1300,2400,5200,5200,5200,1006,1006,510.0,643.3509738746602,500.9957289985323,5244.523449997359,0.0
1774105299,10,,Aggregated,10.800000,10.800000,510,510,600,620,1000,1000,1300,2400,5200,5200,5200,1016,1016,510.0,642.2244700688034,500.9957289985323,5244.523449997359,0.0
1774105300,10,,Aggregated,10.900000,10.900000,510,510,600,620,1000,1000,1300,2400,5200,5200,5200,1028,1028,510.0,640.7659069396008,500.9957289985323,5244.523449997359,0.0
1774105301,10,,Aggregated,10.900000,10.900000,510,510,600,620,1000,1000,1300,2400,5200,5200,5200,1039,1039,510.0,639.5008402366686,500.9957289985323,5244.523449997359,0.0
1774105302,10,,Aggregated,10.700000,10.700000,510,510,600,620,1000,1000,1200,2400,5200,5200,5200,1052,1052,510.0,638.548685232796,500.9957289985323,5244.523449997359,0.0
1774105303,10,,Aggregated,11.100000,11.100000,510,510,600,620,1000,1000,1200,2400,5200,5200,5200,1064,1064,510.0,637.5191116155113,500.9957289985323,5244.523449997359,0.0
1774105304,10,,Aggregated,11.200000,11.200000,510,510,600,620,1000,1000,1200,2400,5200,5200,5200,1074,1074,510.0,636.5150640744023,500.9957289985323,5244.523449997359,0.0
1774105305,10,,Aggregated,11.200000,11.200000,510,510,600,620,1000,1000,1200,2400,5200,5200,5200,1084,1084,510.0,635.3980790561836,500.9957289985323,5244.523449997359,0.0
1774105306,10,,Aggregated,10.900000,10.900000,510,510,600,620,1000,1000,1200,2400,5200,5200,5200,1095,1095,510.0,634.092951764292,500.9957289985323,5244.523449997359,0.0
1774105307,10,,Aggregated,10.900000,10.900000,510,510,600,620,1000,1000,1200,2400,5200,5200,5200,1108,1108,510.0,632.5852299999063,500.9957289985323,5244.523449997359,0.0
1774105308,10,,Aggregated,11.300000,11.300000,510,510,600,620,1000,1000,1200,2400,5200,5200,5200,1119,1119,510.0,631.3338478604877,500.9957289985323,5244.523449997359,0.0
1774105309,10,,Aggregated,11.200000,11.200000,510,510,600,620,1000,1000,1200,2400,5200,5200,5200,1131,1131,510.0,630.0903918106899,500.9957289985323,5244.523449997359,0.0
1774105310,10,,Aggregated,11.400000,11.400000,510,510,600,620,1000,1000,1200,2400,5200,5200,5200,1142,1142,510.0,629.1892864210938,500.9957289985323,5244.523449997359,0.0
1774105311,10,,Aggregated,11.400000,11.400000,510,510,590,610,1000,1000,1200,2400,5200,5200,5200,1153,1153,510.0,628.0774920181225,500.9957289985323,5244.523449997359,0.0
1774105312,10,,Aggregated,11.400000,11.400000,510,510,590,610,1000,1000,1200,2400,5200,5200,5200,1165,1165,510.0,627.1020826780216,500.9293820003222,5244.523449997359,0.0
1774105313,10,,Aggregated,11.000000,11.000000,510,510,590,610,1000,1000,1200,2400,5200,5200,5200,1176,1176,510.0,625.9671682414,500.9293820003222,5244.523449997359,0.0
1774105314,10,,Aggregated,11.300000,11.300000,510,510,590,610,1000,1000,1200,2400,5200,5200,5200,1187,1187,510.0,625.1851680571897,500.9293820003222,5244.523449997359,0.0
1774105315,10,,Aggregated,11.400000,11.400000,510,510,590,610,1000,1000,1200,2400,5200,5200,5200,1200,1200,510.0,623.8873285157354,500.9293820003222,5244.523449997359,0.0
1774105316,10,,Aggregated,11.500000,11.500000,510,510,590,610,1000,1000,1200,2300,5200,5200,5200,1211,1211,510.0,622.8072728438381,500.9293820003222,5244.523449997359,0.0
1774105317,10,,Aggregated,11.500000,11.500000,510,510,590,610,1000,1000,1200,2300,5200,5200,5200,1223,1223,510.0,622.1340761503527,500.9293820003222,5244.523449997359,0.0
1774105318,10,,Aggregated,11.400000,11.400000,510,510,590,610,1000,1000,1200,2300,5200,5200,5200,1233,1233,510.0,621.6399136300727,500.9293820003222,5244.523449997359,0.0
1774105319,10,,Aggregated,11.400000,11.400000,510,510,590,610,1000,1000,1200,2300,5200,5200,5200,1246,1246,510.0,620.899130865876,500.9293820003222,5244.523449997359,0.0
1774105320,10,,Aggregated,11.300000,11.300000,510,510,590,610,1000,1000,1100,2300,5200,5200,5200,1256,1256,510.0,620.2417733032457,500.9293820003222,5244.523449997359,0.0
1774105321,10,,Aggregated,11.300000,11.300000,510,510,590,610,1000,1000,1100,2300,5200,5200,5200,1266,1266,510.0,619.4607577858378,500.9293820003222,5244.523449997359,0.0
1774105322,10,,Aggregated,11.300000,11.300000,510,510,590,610,1000,1000,1100,2300,5200,5200,5200,1277,1277,510.0,619.1401759967695,500.9293820003222,5244.523449997359,0.0
1774105323,10,,Aggregated,11.400000,11.400000,510,510,590,610,1000,1000,1100,2300,5200,5200,5200,1288,1288,510.0,618.6938948205565,500.9293820003222,5244.523449997359,0.0
1774105324,10,,Aggregated,11.000000,11.000000,510,510,590,610,1000,1000,1100,2300,5200,5200,5200,1300,1300,510.0,617.6376541714432,500.9293820003222,5244.523449997359,0.0
1774105325,10,,Aggregated,11.000000,11.000000,510,510,590,610,1000,1000,1100,1900,5200,5200,5200,1312,1312,510.0,616.7696523085899,500.9293820003222,5244.523449997359,0.0
1774105326,10,,Aggregated,11.200000,11.200000,510,510,590,610,1000,1000,1100,1900,5200,5200,5200,1322,1322,510.0,616.4465895104875,500.9293820003222,5244.523449997359,0.0
1774105327,10,,Aggregated,11.200000,11.200000,510,510,580,610,1000,1000,1100,1900,5200,5200,5200,1334,1334,510.0,615.627896810244,500.9293820003222,5244.523449997359,0.0
1774105328,10,,Aggregated,11.100000,11.100000,510,510,580,610,1000,1000,1100,1900,5200,5200,5200,1345,1345,510.0,614.7189429984162,500.9293820003222,5244.523449997359,0.0
1774105329,10,,Aggregated,11.200000,11.200000,510,510,580,610,1000,1000,1100,1900,5200,5200,5200,1356,1356,510.0,613.9032844018259,500.9293820003222,5244.523449997359,0.0
1774105330,10,,Aggregated,11.100000,11.100000,510,510,580,610,1000,1000,1100,1900,5200,5200,5200,1369,1369,510.0,613.0915450612665,500.9293820003222,5244.523449997359,0.0
1774105331,10,,Aggregated,11.000000,11.000000,510,510,580,610,1000,1000,1100,1900,5200,5200,5200,1380,1380,510.0,612.3531705173011,500.9293820003222,5244.523449997359,0.0
1774105332,10,,Aggregated,11.300000,11.300000,510,510,580,610,1000,1000,1100,1900,5200,5200,5200,1392,1392,510.0,611.774917835403,500.9293820003222,5244.523449997359,0.0
1774105333,10,,Aggregated,11.300000,11.300000,510,510,580,600,1000,1000,1100,1900,5200,5200,5200,1403,1403,510.0,611.079988274329,500.9293820003222,5244.523449997359,0.0
1774105334,10,,Aggregated,11.400000,11.400000,510,510,580,600,1000,1000,1100,1900,5200,5200,5200,1414,1414,510.0,610.3271780819524,500.9293820003222,5244.523449997359,0.0
1774105335,10,,Aggregated,11.500000,11.500000,510,510,580,600,1000,1000,1100,1900,5200,5200,5200,1424,1424,510.0,610.214237566626,500.9293820003222,5244.523449997359,0.0
1774105336,10,,Aggregated,11.200000,11.200000,510,510,580,600,1000,1000,1100,1900,5200,5200,5200,1438,1438,510.0,609.3247056501207,500.9293820003222,5244.523449997359,0.0
1774105337,10,,Aggregated,11.400000,11.400000,510,510,580,600,1000,1000,1100,1900,5200,5200,5200,1450,1450,510.0,608.7029110640535,500.9293820003222,5244.523449997359,0.0
1774105338,10,,Aggregated,11.500000,11.500000,510,510,580,600,1000,1000,1100,1900,5200,5200,5200,1460,1460,510.0,608.4760918389563,500.9293820003222,5244.523449997359,0.0
1774105339,10,,Aggregated,11.500000,11.500000,510,510,580,600,1000,1000,1100,1900,5200,5200,5200,1470,1470,510.0,607.8590476386956,500.9293820003222,5244.523449997359,0.0
1774105340,10,,Aggregated,11.400000,11.400000,510,510,580,600,1000,1000,1100,1900,5200,5200,5200,1483,1483,510.0,607.2065017396392,500.9293820003222,5244.523449997359,0.0
1774105341,10,,Aggregated,11.500000,11.500000,510,510,580,600,1000,1000,1100,1900,5200,5200,5200,1494,1494,510.0,606.6348808499932,500.9293820003222,5244.523449997359,0.0
1774105342,10,,Aggregated,11.400000,11.400000,510,510,580,600,1000,1000,1100,1500,5200,5200,5200,1505,1505,510.0,606.0979476185256,500.9293820003222,5244.523449997359,0.0
1774105343,10,,Aggregated,11.400000,11.400000,510,510,580,600,1000,1000,1100,1500,5200,5200,5200,1516,1516,510.0,605.91365815691,500.9293820003222,5244.523449997359,0.0
1774105344,10,,Aggregated,11.400000,11.400000,510,510,580,600,1000,1000,1100,1500,5200,5200,5200,1528,1528,510.0,605.1985778474326,500.9293820003222,5244.523449997359,0.0
1774105345,10,,Aggregated,11.300000,11.300000,510,510,580,600,1000,1000,1100,1500,5200,5200,5200,1540,1540,510.0,604.7421952369352,500.9293820003222,5244.523449997359,0.0
1774105346,10,,Aggregated,11.600000,11.600000,510,510,580,600,1000,1000,1100,1500,5200,5200,5200,1551,1551,510.0,604.2802656298401,500.9293820003222,5244.523449997359,0.0
1774105347,10,,Aggregated,11.400000,11.400000,510,510,580,600,1000,1000,1100,1500,5200,5200,5200,1563,1563,510.0,604.020194853412,500.9293820003222,5244.523449997359,0.0
1774105348,10,,Aggregated,11.400000,11.400000,510,510,580,600,1000,1000,1100,1500,5200,5200,5200,1573,1573,510.0,603.5007989795835,500.9293820003222,5244.523449997359,0.0
1774105349,10,,Aggregated,11.300000,11.300000,510,510,580,600,1000,1000,1100,1500,5200,5200,5200,1584,1584,510.0,602.8950994784592,500.9293820003222,5244.523449997359,0.0
1774105350,10,,Aggregated,11.300000,11.300000,510,510,580,600,930,1000,1100,1500,5200,5200,5200,1595,1595,510.0,602.4020032469494,500.9293820003222,5244.523449997359,0.0
1774105351,10,,Aggregated,11.300000,11.300000,510,510,580,600,930,1000,1100,1500,5200,5200,5200,1606,1606,510.0,602.1490710472476,500.9293820003222,5244.523449997359,0.0
1774105352,10,,Aggregated,11.200000,11.200000,510,510,580,600,920,1000,1100,1500,5200,5200,5200,1617,1617,510.0,601.6295335286889,500.9293820003222,5244.523449997359,0.0
1774105353,10,,Aggregated,11.100000,11.100000,510,510,580,600,820,1000,1100,1500,5200,5200,5200,1630,1630,510.0,601.2982774533083,500.9293820003222,5244.523449997359,0.0
1774105354,10,,Aggregated,11.100000,11.100000,510,510,580,600,810,1000,1100,1500,5200,5200,5200,1640,1640,510.0,600.8445670029813,500.9293820003222,5244.523449997359,0.0
1774105355,10,,Aggregated,11.200000,11.200000,510,510,580,600,750,1000,1100,1500,5200,5200,5200,1652,1652,510.0,600.5643312214823,500.9293820003222,5244.523449997359,0.0
1774105356,10,,Aggregated,11.100000,11.100000,510,510,580,600,740,1000,1100,1500,5200,5200,5200,1664,1664,510.0,600.1359783316626,500.9293820003222,5244.523449997359,0.0
1774105357,10,,Aggregated,11.100000,11.100000,510,510,580,600,740,1000,1100,1500,5200,5200,5200,1675,1675,510.0,599.6842433659004,500.9293820003222,5244.523449997359,0.0
1774105358,10,,Aggregated,11.100000,11.100000,510,510,570,600,730,1000,1100,1500,5200,5200,5200,1686,1686,510.0,599.1694016737144,500.9293820003222,5244.523449997359,0.0
1774105359,10,,Aggregated,11.200000,11.200000,510,510,570,600,730,1000,1100,1500,5200,5200,5200,1698,1698,510.0,598.5475452531767,500.9293820003222,5244.523449997359,0.0
1774105360,10,,Aggregated,11.300000,11.300000,510,510,570,600,720,1000,1100,1500,5200,5200,5200,1708,1708,510.0,598.1469911199626,500.9293820003222,5244.523449997359,0.0
1774105361,10,,Aggregated,11.400000,11.400000,510,510,570,600,720,1000,1100,1500,5200,5200,5200,1719,1719,510.0,598.0563426427556,500.9293820003222,5244.523449997359,0.0
1774105362,10,,Aggregated,11.300000,11.300000,510,510,570,600,700,1000,1100,1500,5200,5200,5200,1729,1729,510.0,597.7448176812601,500.9293820003222,5244.523449997359,0.0
1774105363,10,,Aggregated,11.400000,11.400000,510,510,570,600,680,1000,1100,1500,5200,5200,5200,1741,1741,510.0,597.2442310803564,500.9293820003222,5244.523449997359,0.0
1774105364,10,,Aggregated,11.300000,11.300000,510,510,570,600,680,1000,1100,1500,5200,5200,5200,1753,1753,510.0,596.6643385749604,500.9293820003222,5244.523449997359,0.0
1774105365,10,,Aggregated,11.100000,11.100000,510,510,570,600,680,1000,1100,1500,5200,5200,5200,1766,1766,510.0,596.1742659637049,500.9293820003222,5244.523449997359,0.0
1774105366,10,,Aggregated,11.100000,11.100000,510,510,570,600,680,1000,1100,1500,5200,5200,5200,1776,1776,510.0,595.7434515410514,500.9293820003222,5244.523449997359,0.0
1774105367,10,,Aggregated,11.200000,11.200000,510,510,570,600,680,1000,1100,1500,5200,5200,5200,1787,1787,510.0,595.4623227279823,500.9293820003222,5244.523449997359,0.0
1774105369,10,,Aggregated,11.300000,11.300000,510,510,570,600,670,1000,1100,1500,5200,5200,5200,1797,1797,510.0,595.0699925742352,500.9293820003222,5244.523449997359,0.0
1774105370,10,,Aggregated,11.200000,11.200000,510,510,570,600,670,1000,1100,1500,5200,5200,5200,1807,1807,510.0,594.7485503751494,500.9293820003222,5244.523449997359,0.0
1774105371,10,,Aggregated,11.100000,11.100000,510,510,570,600,670,1000,1100,1500,5200,5200,5200,1818,1818,510.0,594.2590406831123,500.9293820003222,5244.523449997359,0.0
1774105372,10,,Aggregated,10.900000,10.900000,510,510,570,600,670,1000,1100,1500,5200,5200,5200,1831,1831,510.0,593.8007070015816,500.9293820003222,5244.523449997359,0.0
1774105373,10,,Aggregated,10.900000,10.900000,510,510,570,600,670,1000,1100,1500,5200,5200,5200,1844,1844,510.0,593.3115491154535,500.9293820003222,5244.523449997359,0.0
1774105374,10,,Aggregated,10.900000,10.900000,510,510,570,600,670,1000,1100,1500,5200,5200,5200,1857,1857,510.0,592.8075556283759,500.9293820003222,5244.523449997359,0.0
1774105375,10,,Aggregated,11.200000,11.200000,510,510,570,600,670,1000,1100,1500,5200,5200,5200,1868,1868,510.0,592.5445092215668,500.9293820003222,5244.523449997359,0.0
1774105376,10,,Aggregated,11.400000,11.400000,510,510,570,600,670,1000,1100,1500,5200,5200,5200,1878,1878,510.0,592.2226958524399,500.9293820003222,5244.523449997359,0.0
1774105377,10,,Aggregated,11.600000,11.600000,510,510,570,600,670,1000,1100,1500,5200,5200,5200,1889,1889,510.0,592.0249277273097,500.9293820003222,5244.523449997359,0.0
1774105378,10,,Aggregated,11.500000,11.500000,510,510,570,600,670,1000,1100,1500,5200,5200,5200,1900,1900,510.0,591.5680272199442,500.9293820003222,5244.523449997359,0.0
1774105379,10,,Aggregated,11.200000,11.200000,510,510,570,600,660,1000,1100,1400,5200,5200,5200,1912,1912,510.0,591.2835222708608,500.9293820003222,5244.523449997359,0.0
1774105380,10,,Aggregated,11.300000,11.300000,510,510,570,600,660,1000,1100,1400,5200,5200,5200,1925,1925,510.0,590.862716344875,500.9293820003222,5244.523449997359,0.0
1774105381,10,,Aggregated,11.300000,11.300000,510,510,570,600,660,1000,1100,1400,5200,5200,5200,1935,1935,510.0,590.4735805353436,500.9293820003222,5244.523449997359,0.0
1774105382,10,,Aggregated,11.600000,11.600000,510,510,570,600,660,1000,1100,1400,5200,5200,5200,1947,1947,510.0,589.9666665592638,500.9293820003222,5244.523449997359,0.0
1774105383,10,,Aggregated,11.600000,11.600000,510,510,570,600,660,1000,1100,1400,5200,5200,5200,1957,1957,510.0,589.6948931409706,500.9293820003222,5244.523449997359,0.0
1774105384,10,,Aggregated,11.500000,11.500000,510,510,570,600,660,1000,1100,1400,5200,5200,5200,1969,1969,510.0,589.6777680796778,500.9293820003222,5244.523449997359,0.0
1774105385,10,,Aggregated,11.400000,11.400000,510,510,570,600,660,1000,1100,1400,5200,5200,5200,1979,1979,510.0,589.8365866694684,500.9293820003222,5244.523449997359,0.0
1774105386,10,,Aggregated,11.100000,11.100000,510,510,570,600,660,1000,1100,1400,5200,5200,5200,1992,1992,510.0,589.5793772670038,500.9293820003222,5244.523449997359,0.0
1774105387,10,,Aggregated,10.900000,10.900000,510,510,560,600,660,1000,1000,1300,5200,5200,5200,2002,2002,510.0,589.2285851597738,500.9293820003222,5244.523449997359,0.0
1774105388,10,,Aggregated,11.200000,11.200000,510,510,560,600,660,1000,1000,1300,5200,5200,5200,2015,2015,510.0,589.1228571508028,500.9293820003222,5244.523449997359,0.0
1774105389,10,,Aggregated,11.200000,11.200000,510,510,560,600,660,1000,1000,1300,5200,5200,5200,2025,2025,510.0,588.7907793900561,500.9293820003222,5244.523449997359,0.0
1774105390,10,,Aggregated,11.200000,11.200000,510,510,560,600,660,1000,1000,1300,5200,5200,5200,2036,2036,510.0,588.3906623064162,500.9293820003222,5244.523449997359,0.0
1774105391,10,,Aggregated,11.400000,11.400000,510,510,560,600,660,1000,1000,1300,5200,5200,5200,2047,2047,510.0,588.0270073726697,500.9293820003222,5244.523449997359,0.0
1774105392,10,,Aggregated,11.300000,11.300000,510,510,560,600,660,1000,1000,1300,5200,5200,5200,2057,2057,510.0,587.7033508064442,500.9293820003222,5244.523449997359,0.0
1774105393,10,,Aggregated,11.200000,11.200000,510,510,560,600,660,1000,1000,1300,5200,5200,5200,2069,2069,510.0,587.477620699298,500.9293820003222,5244.523449997359,0.0
1774105394,10,,Aggregated,11.100000,11.100000,510,510,560,600,660,1000,1000,1300,5200,5200,5200,2083,2083,510.0,587.0470977450054,500.9293820003222,5244.523449997359,0.0
1774105395,10,,Aggregated,11.000000,11.000000,510,510,560,600,660,1000,1000,1300,5200,5200,5200,2094,2094,510.0,586.9076419440529,500.9293820003222,5244.523449997359,0.0
1774105396,10,,Aggregated,11.000000,11.000000,510,510,560,600,660,1000,1000,1200,5200,5200,5200,2104,2104,510.0,586.628766804589,500.9293820003222,5244.523449997359,0.0
1774105397,10,,Aggregated,11.500000,11.500000,510,510,560,600,660,1000,1000,1200,5200,5200,5200,2116,2116,510.0,586.2219244389731,500.9293820003222,5244.523449997359,0.0
1774105398,10,,Aggregated,11.500000,11.500000,510,510,560,600,660,1000,1000,1200,5200,5200,5200,2126,2126,510.0,585.9565761217625,500.9293820003222,5244.523449997359,0.0
1774105399,10,,Aggregated,11.400000,11.400000,510,510,560,600,660,1000,1000,1200,5200,5200,5200,2137,2137,510.0,585.7206382802364,500.9293820003222,5244.523449997359,0.0
1774105400,10,,Aggregated,11.200000,11.200000,510,510,560,600,660,1000,1000,1200,5200,5200,5200,2150,2150,510.0,585.429877392963,500.9293820003222,5244.523449997359,0.0
1774105401,10,,Aggregated,11.100000,11.100000,510,510,560,600,660,1000,1000,1200,5200,5200,5200,2161,2161,510.0,585.2509854201147,500.9293820003222,5244.523449997359,0.0
1774105402,10,,Aggregated,11.100000,11.100000,510,510,560,600,660,1000,1000,1200,5200,5200,5200,2173,2173,510.0,584.877186573802,500.9293820003222,5244.523449997359,0.0
1774105403,10,,Aggregated,11.200000,11.200000,510,510,560,600,660,1000,1000,1200,5200,5200,5200,2184,2184,510.0,584.8268769395033,500.9293820003222,5244.523449997359,0.0
1774105404,10,,Aggregated,11.500000,11.500000,510,510,560,600,660,1000,1000,1200,5200,5200,5200,2196,2196,510.0,584.4392241069539,500.9293820003222,5244.523449997359,0.0
1774105405,10,,Aggregated,11.500000,11.500000,510,510,550,600,660,1000,1000,1200,5200,5200,5200,2206,2206,510.0,584.0787133888814,500.9293820003222,5244.523449997359,0.0
1774105406,10,,Aggregated,11.600000,11.600000,510,510,560,600,660,1000,1000,1200,5200,5200,5200,2216,2216,510.0,584.1138206258447,500.9293820003222,5244.523449997359,0.0
1774105407,10,,Aggregated,11.400000,11.400000,510,510,550,600,650,1000,1000,1200,5200,5200,5200,2230,2230,510.0,583.6620952932112,500.9293820003222,5244.523449997359,0.0
1774105408,10,,Aggregated,11.100000,11.100000,510,510,550,600,650,1000,1000,1200,5200,5200,5200,2239,2239,510.0,583.4676269718009,500.9293820003222,5244.523449997359,0.0
1774105409,10,,Aggregated,11.100000,11.100000,510,510,550,600,650,1000,1000,1200,5200,5200,5200,2252,2252,510.0,583.3201244035799,500.9293820003222,5244.523449997359,0.0
1774105410,10,,Aggregated,11.100000,11.100000,510,510,550,600,650,1000,1000,1200,5200,5200,5200,2263,2263,510.0,583.0158289040505,500.9293820003222,5244.523449997359,0.0
1774105411,10,,Aggregated,11.100000,11.100000,510,510,550,600,650,1000,1000,1200,5200,5200,5200,2273,2273,510.0,582.8363634698046,500.9293820003222,5244.523449997359,0.0
1774105412,10,,Aggregated,11.500000,11.500000,510,510,550,600,650,1000,1000,1200,5200,5200,5200,2287,2287,510.0,582.519374973705,500.9293820003222,5244.523449997359,0.0
1774105413,10,,Aggregated,11.400000,11.400000,510,510,550,600,650,1000,1000,1200,5200,5200,5200,2298,2298,510.0,582.461120973395,500.9293820003222,5244.523449997359,0.0
1774105414,10,,Aggregated,11.100000,11.100000,510,510,550,600,650,1000,1000,1200,5200,5200,5200,2311,2311,510.0,582.1781046295379,500.9293820003222,5244.523449997359,0.0
1774105415,10,,Aggregated,11.200000,11.200000,510,510,540,600,650,1000,1000,1200,5200,5200,5200,2321,2321,510.0,581.8911069219549,500.9293820003222,5244.523449997359,0.0
1774105416,10,,Aggregated,11.200000,11.200000,510,510,540,600,650,1000,1000,1200,5200,5200,5200,2331,2331,510.0,581.7409227403953,500.9293820003222,5244.523449997359,0.0
1774105417,10,,Aggregated,11.200000,11.200000,510,510,540,600,650,1000,1000,1200,5200,5200,5200,2342,2342,510.0,581.495439713004,500.9293820003222,5244.523449997359,0.0
1774105418,10,,Aggregated,11.600000,11.600000,510,510,540,600,650,1000,1000,1200,5200,5200,5200,2353,2353,510.0,581.2241458035949,500.9293820003222,5244.523449997359,0.0
1774105419,10,,Aggregated,11.500000,11.500000,510,510,540,600,650,1000,1000,1200,5200,5200,5200,2365,2365,510.0,581.1414430794316,500.9293820003222,5244.523449997359,0.0
1774105420,10,,Aggregated,11.400000,11.400000,510,510,540,600,650,1000,1000,1200,5200,5200,5200,2377,2377,510.0,580.8877570134003,500.9293820003222,5244.523449997359,0.0
1774105421,10,,Aggregated,11.300000,11.300000,510,510,540,600,650,1000,1000,1200,5200,5200,5200,2388,2388,510.0,580.5371389015282,500.9293820003222,5244.523449997359,0.0
1774105422,10,,Aggregated,11.200000,11.200000,510,510,530,600,650,1000,1000,1200,5200,5200,5200,2399,2399,510.0,580.4479169936831,500.9293820003222,5244.523449997359,0.0
1774105423,10,,Aggregated,11.400000,11.400000,510,510,530,590,650,1000,1000,1200,5200,5200,5200,2412,2412,510.0,580.1232663216622,500.9293820003222,5244.523449997359,0.0
1774105424,10,,Aggregated,11.500000,11.500000,510,510,530,590,650,1000,1000,1200,5200,5200,5200,2422,2422,510.0,579.9113044293382,500.9293820003222,5244.523449997359,0.0
1774105425,10,,Aggregated,11.300000,11.300000,510,510,530,590,650,1000,1000,1200,5200,5200,5200,2433,2433,510.0,579.839660488229,500.9293820003222,5244.523449997359,0.0
1774105426,10,,Aggregated,11.400000,11.400000,510,510,530,590,650,1000,1000,1200,5200,5200,5200,2444,2444,510.0,579.7573539819405,500.9293820003222,5244.523449997359,0.0
1774105427,10,,Aggregated,11.400000,11.400000,510,510,530,590,650,1000,1000,1200,5200,5200,5200,2455,2455,510.0,579.6714983726505,500.9293820003222,5244.523449997359,0.0
1774105428,10,,Aggregated,11.400000,11.400000,510,510,530,590,650,1000,1000,1200,5200,5200,5200,2464,2464,510.0,579.6333285815193,500.8640810010547,5244.523449997359,0.0
1774105429,10,,Aggregated,11.200000,11.200000,510,510,530,590,650,1000,1000,1200,5200,5200,5200,2476,2476,510.0,579.6198521356482,500.8640810010547,5244.523449997359,0.0
1774105430,10,,Aggregated,11.300000,11.300000,510,510,530,590,650,1000,1000,1200,5200,5200,5200,2488,2488,510.0,579.4501054489009,500.8640810010547,5244.523449997359,0.0
1774105431,10,,Aggregated,11.200000,11.200000,510,510,530,590,650,1000,1000,1200,5200,5200,5200,2499,2499,510.0,579.2580407990667,500.8640810010547,5244.523449997359,0.0
1774105432,10,,Aggregated,11.200000,11.200000,510,510,540,590,650,1000,1000,1100,5200,5200,5200,2512,2512,510.0,579.0433460294034,500.8640810010547,5244.523449997359,0.0
1774105433,10,,Aggregated,10.900000,10.900000,510,510,530,590,650,1000,1000,1100,5200,5200,5200,2523,2523,510.0,578.7195287050611,500.8640810010547,5244.523449997359,0.0
1774105434,10,,Aggregated,11.000000,11.000000,510,510,530,600,650,1000,1000,1100,5200,5200,5200,2535,2535,510.0,578.7580287320988,500.8640810010547,5244.523449997359,0.0
1774105435,10,,Aggregated,11.100000,11.100000,510,510,530,590,650,1000,1000,1100,5200,5200,5200,2546,2546,510.0,578.559262389582,500.8640810010547,5244.523449997359,0.0
1774105436,10,,Aggregated,11.300000,11.300000,510,510,540,600,650,1000,1000,1100,5200,5200,5200,2556,2556,510.0,578.4552613966663,500.8640810010547,5244.523449997359,0.0
1774105437,10,,Aggregated,10.900000,10.900000,510,510,530,590,650,1000,1000,1100,5200,5200,5200,2567,2567,510.0,578.1700501098097,500.8640810010547,5244.523449997359,0.0
1774105438,10,,Aggregated,11.100000,11.100000,510,510,530,590,650,1000,1000,1100,5200,5200,5200,2579,2579,510.0,577.8974971100752,500.8640810010547,5244.523449997359,0.0
1774105439,10,,Aggregated,11.200000,11.200000,510,510,530,590,650,1000,1000,1100,5200,5200,5200,2590,2590,510.0,577.5884134015025,500.8640810010547,5244.523449997359,0.0
1774105440,10,,Aggregated,11.200000,11.200000,510,510,530,590,640,1000,1000,1100,5200,5200,5200,2602,2602,510.0,577.3282609380831,500.8640810010547,5244.523449997359,0.0
1774105441,10,,Aggregated,11.400000,11.400000,510,510,530,590,640,1000,1000,1100,5200,5200,5200,2613,2613,510.0,577.1861376781064,500.8640810010547,5244.523449997359,0.0
1774105442,10,,Aggregated,11.300000,11.300000,510,510,530,590,640,1000,1000,1100,5200,5200,5200,2626,2626,510.0,576.9489305239498,500.8640810010547,5244.523449997359,0.0
1774105443,10,,Aggregated,11.300000,11.300000,510,510,530,590,640,1000,1000,1100,5200,5200,5200,2636,2636,510.0,576.9123174449551,500.8640810010547,5244.523449997359,0.0
1774105444,10,,Aggregated,11.100000,11.100000,510,510,530,590,640,1000,1000,1100,5200,5200,5200,2647,2647,510.0,576.649714475218,500.8640810010547,5244.523449997359,0.0
1774105445,10,,Aggregated,11.200000,11.200000,510,510,530,590,640,1000,1000,1100,5200,5200,5200,2659,2659,510.0,576.6958637912358,500.8640810010547,5244.523449997359,0.0
1774105446,10,,Aggregated,11.100000,11.100000,510,510,530,590,640,1000,1000,1100,5200,5200,5200,2669,2669,510.0,576.5290885732114,500.8640810010547,5244.523449997359,0.0
1774105447,10,,Aggregated,11.400000,11.400000,510,510,530,590,640,1000,1000,1100,5200,5200,5200,2682,2682,510.0,576.3766303649885,500.8640810010547,5244.523449997359,0.0
1774105448,10,,Aggregated,11.400000,11.400000,510,510,530,590,640,1000,1000,1100,5200,5200,5200,2694,2694,510.0,576.1051442694514,500.8640810010547,5244.523449997359,0.0
1774105449,10,,Aggregated,11.400000,11.400000,510,510,530,590,640,1000,1000,1100,5200,5200,5200,2706,2706,510.0,575.7913219515513,500.8640810010547,5244.523449997359,0.0
1774105450,10,,Aggregated,11.400000,11.400000,510,510,530,590,640,1000,1000,1100,5200,5200,5200,2717,2717,510.0,575.7221254320592,500.8640810010547,5244.523449997359,0.0
1774105451,10,,Aggregated,11.300000,11.300000,510,510,530,590,640,1000,1000,1100,5200,5200,5200,2729,2729,510.0,575.4681628391043,500.8640810010547,5244.523449997359,0.0
1774105452,10,,Aggregated,11.200000,11.200000,510,510,530,590,640,1000,1000,1100,5200,5200,5200,2739,2739,510.0,575.3445008608661,500.8640810010547,5244.523449997359,0.0
1774105453,10,,Aggregated,11.600000,11.600000,510,510,530,590,640,1000,1000,1100,5200,5200,5200,2749,2749,510.0,575.1460538835601,500.8640810010547,5244.523449997359,0.0
1774105454,10,,Aggregated,11.700000,11.700000,510,510,530,590,640,1000,1000,1100,5200,5200,5200,2762,2762,510.0,575.0237126194419,500.8640810010547,5244.523449997359,0.0
1774105455,10,,Aggregated,11.700000,11.700000,510,510,520,590,640,1000,1000,1100,5200,5200,5200,2774,2774,510.0,574.7714962425717,500.8640810010547,5244.523449997359,0.0
1774105456,10,,Aggregated,11.400000,11.400000,510,510,520,590,640,1000,1000,1100,5200,5200,5200,2785,2785,510.0,574.5687815644147,500.8640810010547,5244.523449997359,0.0
1774105457,10,,Aggregated,11.500000,11.500000,510,510,520,590,640,1000,1000,1100,5200,5200,5200,2796,2796,510.0,574.2944590028217,500.8640810010547,5244.523449997359,0.0
1774105458,10,,Aggregated,11.400000,11.400000,510,510,520,590,640,1000,1000,1100,5200,5200,5200,2808,2808,510.0,574.0756874016705,500.8640810010547,5244.523449997359,0.0
1774105459,10,,Aggregated,11.400000,11.400000,510,510,520,590,640,1000,1000,1100,5200,5200,5200,2819,2819,510.0,573.8971051759116,500.8640810010547,5244.523449997359,0.0
1774105460,10,,Aggregated,11.400000,11.400000,510,510,520,590,640,1000,1000,1100,5200,5200,5200,2830,2830,510.0,573.7916596819421,500.8640810010547,5244.523449997359,0.0
1774105461,10,,Aggregated,11.400000,11.400000,510,510,520,590,640,1000,1000,1100,5200,5200,5200,2841,2841,510.0,573.6598347162593,500.8640810010547,5244.523449997359,0.0
1774105462,10,,Aggregated,11.500000,11.500000,510,510,530,590,640,1000,1000,1100,5200,5200,5200,2851,2851,510.0,573.643040808452,500.8640810010547,5244.523449997359,0.0
1774105463,10,,Aggregated,11.400000,11.400000,510,510,530,590,640,1000,1000,1100,5200,5200,5200,2864,2864,510.0,573.5885506787353,500.8640810010547,5244.523449997359,0.0
1774105464,10,,Aggregated,11.400000,11.400000,510,510,530,590,640,1000,1000,1100,5200,5200,5200,2874,2874,510.0,573.4117755834706,500.8640810010547,5244.523449997359,0.0
1774105465,10,,Aggregated,11.100000,11.100000,510,510,530,590,640,1000,1000,1100,5200,5200,5200,2885,2885,510.0,573.3961156072426,500.8640810010547,5244.523449997359,0.0
1774105466,10,,Aggregated,11.300000,11.300000,510,510,520,590,640,1000,1000,1100,5200,5200,5200,2897,2897,510.0,573.2030964383468,500.8640810010547,5244.523449997359,0.0
1774105467,10,,Aggregated,11.200000,11.200000,510,510,520,590,640,1000,1000,1100,5200,5200,5200,2908,2908,510.0,572.9990379304983,500.8640810010547,5244.523449997359,0.0
1774105468,10,,Aggregated,11.100000,11.100000,510,510,520,590,640,1000,1000,1100,5200,5200,5200,2919,2919,510.0,572.8138293418605,500.8640810010547,5244.523449997359,0.0
1774105469,10,,Aggregated,10.900000,10.900000,510,510,520,590,640,1000,1000,1100,5200,5200,5200,2930,2930,510.0,572.6576099456943,500.8640810010547,5244.523449997359,0.0
1774105470,10,,Aggregated,11.000000,11.000000,510,510,520,590,640,1000,1000,1100,5200,5200,5200,2939,2939,510.0,572.5386136634521,500.8640810010547,5244.523449997359,0.0
1774105471,10,,Aggregated,11.300000,11.300000,510,510,520,590,640,1000,1000,1100,5200,5200,5200,2951,2951,510.0,572.5111798017246,500.8640810010547,5244.523449997359,0.0
1774105472,10,,Aggregated,11.200000,11.200000,510,510,520,590,640,1000,1000,1100,5200,5200,5200,2964,2964,510.0,572.2151114982743,500.8640810010547,5244.523449997359,0.0
1774105473,10,,Aggregated,11.000000,11.000000,510,510,520,590,640,1000,1000,1100,5200,5200,5200,2977,2977,510.0,571.9971393103414,500.8640810010547,5244.523449997359,0.0
1774105474,10,,Aggregated,10.900000,10.900000,510,510,520,590,640,1000,1000,1100,5200,5200,5200,2989,2989,510.0,571.8740541796207,500.8640810010547,5244.523449997359,0.0
1774105475,10,,Aggregated,11.200000,11.200000,510,510,520,590,640,1000,1000,1100,5200,5200,5200,3000,3000,510.0,571.6318301079604,500.8640810010547,5244.523449997359,0.0
1774105476,10,,Aggregated,11.200000,11.200000,510,510,520,590,640,1000,1000,1100,5200,5200,5200,3010,3010,510.0,571.5409514188927,500.8640810010547,5244.523449997359,0.0
1774105477,10,,Aggregated,11.200000,11.200000,510,510,520,590,640,1000,1000,1100,5200,5200,5200,3020,3020,510.0,571.3733572476375,500.8640810010547,5244.523449997359,0.0
1774105478,10,,Aggregated,11.300000,11.300000,510,510,520,590,640,1000,1000,1100,5200,5200,5200,3033,3033,510.0,571.1783039231327,500.8640810010547,5244.523449997359,0.0
1774105479,10,,Aggregated,11.600000,11.600000,510,510,520,590,640,1000,1000,1100,5200,5200,5200,3043,3043,510.0,571.2053349555897,500.8640810010547,5244.523449997359,0.0
1774105480,10,,Aggregated,11.500000,11.500000,510,510,520,590,640,1000,1000,1100,5200,5200,5200,3054,3054,510.0,571.00293223702,500.8640810010547,5244.523449997359,0.0
1774105481,10,,Aggregated,11.000000,11.000000,510,510,520,590,640,1000,1000,1100,5200,5200,5200,3065,3065,510.0,570.8718237895156,500.8640810010547,5244.523449997359,0.0
1774105482,10,,Aggregated,11.200000,11.200000,510,510,520,590,640,1000,1000,1100,5200,5200,5200,3077,3077,510.0,570.6464317227378,500.8640810010547,5244.523449997359,0.0
1774105483,10,,Aggregated,11.300000,11.300000,510,510,520,590,640,1000,1000,1100,5200,5200,5200,3089,3089,510.0,570.5900975506213,500.8640810010547,5244.523449997359,0.0
1774105484,10,,Aggregated,11.400000,11.400000,510,510,520,590,640,1000,1000,1100,5200,5200,5200,3099,3099,510.0,570.487149192923,500.8640810010547,5244.523449997359,0.0
1774105485,10,,Aggregated,11.300000,11.300000,510,510,520,590,640,1000,1000,1100,5200,5200,5200,3109,3109,510.0,570.381483619449,500.8640810010547,5244.523449997359,0.0
1774105486,10,,Aggregated,11.200000,11.200000,510,510,520,590,640,1000,1000,1100,5200,5200,5200,3124,3124,510.0,570.2131166648079,500.83901999823865,5244.523449997359,0.0
1774105487,10,,Aggregated,11.100000,11.100000,510,510,520,590,640,1000,1000,1100,5200,5200,5200,3134,3134,510.0,570.0415400679218,500.83901999823865,5244.523449997359,0.0
1774105488,10,,Aggregated,11.200000,11.200000,510,510,520,590,640,1000,1000,1100,5200,5200,5200,3145,3145,510.0,570.064431903616,500.83901999823865,5244.523449997359,0.0
1774105489,10,,Aggregated,11.000000,11.000000,510,510,520,590,640,1000,1000,1100,5200,5200,5200,3154,3154,510.0,569.9078583788445,500.83901999823865,5244.523449997359,0.0
1774105490,10,,Aggregated,10.900000,10.900000,510,510,520,590,640,1000,1000,1100,5200,5200,5200,3166,3166,510.0,569.8682696083011,500.83901999823865,5244.523449997359,0.0
1774105491,10,,Aggregated,11.300000,11.300000,510,510,520,590,640,1000,1000,1100,5200,5200,5200,3176,3176,510.0,569.7944386473179,500.83901999823865,5244.523449997359,0.0
1774105492,10,,Aggregated,11.200000,11.200000,510,510,520,590,640,1000,1000,1100,5200,5200,5200,3189,3189,510.0,569.7269969469696,500.83901999823865,5244.523449997359,0.0
1774105493,10,,Aggregated,11.000000,11.000000,510,510,520,590,640,1000,1000,1100,5200,5200,5200,3201,3201,510.0,569.8020219752843,500.83901999823865,5244.523449997359,0.0
1774105494,10,,Aggregated,11.000000,11.000000,510,510,520,590,640,1000,1000,1100,5200,5200,5200,3212,3212,510.0,569.6845240093047,500.83901999823865,5244.523449997359,0.0
1774105495,10,,Aggregated,11.000000,11.000000,510,510,520,590,630,1000,1000,1100,5200,5200,5200,3221,3221,510.0,569.5681681738249,500.83901999823865,5244.523449997359,0.0
1774105496,10,,Aggregated,11.000000,11.000000,510,510,520,590,630,1000,1000,1100,5200,5200,5200,3231,3231,510.0,569.5441436279457,500.83901999823865,5244.523449997359,0.0
1774105497,10,,Aggregated,11.200000,11.200000,510,510,520,590,630,1000,1000,1100,5200,5200,5200,3242,3242,510.0,569.5144376609758,500.83901999823865,5244.523449997359,0.0
1774105498,10,,Aggregated,11.100000,11.100000,510,510,520,590,630,1000,1000,1100,5200,5200,5200,3255,3255,510.0,569.3944572721605,500.83901999823865,5244.523449997359,0.0
1774105499,10,,Aggregated,11.000000,11.000000,510,510,520,590,640,1000,1000,1100,5200,5200,5200,3266,3266,510.0,569.4549465958031,500.83901999823865,5244.523449997359,0.0
1774105500,10,,Aggregated,11.100000,11.100000,510,510,520,590,640,1000,1000,1100,5200,5200,5200,3277,3277,510.0,569.5493620194974,500.83901999823865,5244.523449997359,0.0
1774105501,10,,Aggregated,10.900000,10.900000,510,510,520,590,640,1000,1000,1100,5200,5200,5200,3289,3289,510.0,569.354492902066,500.83901999823865,5244.523449997359,0.0
1774105502,10,,Aggregated,10.700000,10.700000,510,510,520,590,640,1000,1000,1100,5200,5200,5200,3299,3299,510.0,569.5477194901162,500.83901999823865,5244.523449997359,0.0
1774105503,10,,Aggregated,10.900000,10.900000,510,510,520,590,640,1000,1000,1100,5200,5200,5200,3311,3311,510.0,569.5613248622466,500.83901999823865,5244.523449997359,0.0
1774105504,10,,Aggregated,10.900000,10.900000,510,510,520,590,640,1000,1000,1100,5200,5200,5200,3321,3321,510.0,569.4179696946403,500.83901999823865,5244.523449997359,0.0
1774105505,10,,Aggregated,10.900000,10.900000,510,510,520,590,640,1000,1000,1100,5200,5200,5200,3332,3332,510.0,569.3070479453474,500.83901999823865,5244.523449997359,0.0
1774105506,10,,Aggregated,11.000000,11.000000,510,510,520,590,640,1000,1000,1100,5200,5200,5200,3343,3343,510.0,569.2213050002669,500.83901999823865,5244.523449997359,0.0
1774105507,10,,Aggregated,10.800000,10.800000,510,510,520,590,640,1000,1000,1100,5200,5200,5200,3353,3353,510.0,569.1035855033981,500.83901999823865,5244.523449997359,0.0
1774105508,10,,Aggregated,10.900000,10.900000,510,510,520,590,630,1000,1000,1100,5200,5200,5200,3365,3365,510.0,568.8744424100722,500.83901999823865,5244.523449997359,0.0
1774105509,10,,Aggregated,11.100000,11.100000,510,510,520,590,630,1000,1000,1100,5200,5200,5200,3377,3377,510.0,568.7557247586295,500.83901999823865,5244.523449997359,0.0
1774105510,10,,Aggregated,11.100000,11.100000,510,510,520,590,630,1000,1000,1100,5200,5200,5200,3389,3389,510.0,568.6476482711403,500.83901999823865,5244.523449997359,0.0
1774105511,10,,Aggregated,11.000000,11.000000,510,510,520,590,630,1000,1000,1100,5200,5200,5200,3399,3399,510.0,568.5783132259212,500.83901999823865,5244.523449997359,0.0
1774105512,10,,Aggregated,11.100000,11.100000,510,510,520,590,630,1000,1000,1100,5200,5200,5200,3411,3411,510.0,568.5508103388768,500.83901999823865,5244.523449997359,0.0
1774105513,10,,Aggregated,11.200000,11.200000,510,510,520,590,630,1000,1000,1100,5200,5200,5200,3424,3424,510.0,568.3391989360136,500.83901999823865,5244.523449997359,0.0
1774105514,10,,Aggregated,11.400000,11.400000,510,510,520,590,630,1000,1000,1100,5200,5200,5200,3434,3434,510.0,568.2741562483733,500.83901999823865,5244.523449997359,0.0
1774105515,10,,Aggregated,11.300000,11.300000,510,510,520,590,630,1000,1000,1100,5200,5200,5200,3446,3446,510.0,568.1232830504683,500.83901999823865,5244.523449997359,0.0
1774105516,10,,Aggregated,11.300000,11.300000,510,510,520,590,630,1000,1000,1100,5200,5200,5200,3457,3457,510.0,567.9243807827328,500.83901999823865,5244.523449997359,0.0
1774105517,10,,Aggregated,11.600000,11.600000,510,510,520,590,630,1000,1000,1100,5200,5200,5200,3471,3471,510.0,567.8140114669877,500.83901999823865,5244.523449997359,0.0
1774105518,10,,Aggregated,11.400000,11.400000,510,510,520,590,630,1000,1000,1100,5200,5200,5200,3480,3480,510.0,567.7674893088836,500.83901999823865,5244.523449997359,0.0
1774105519,10,,Aggregated,11.300000,11.300000,510,510,520,590,630,1000,1000,1100,5200,5200,5200,3489,3489,510.0,567.7688881733776,500.83901999823865,5244.523449997359,0.0
1774105520,10,,Aggregated,11.300000,11.300000,510,510,520,590,630,1000,1000,1100,5200,5200,5200,3502,3502,510.0,567.6776647384099,500.83901999823865,5244.523449997359,0.0
1774105521,10,,Aggregated,11.400000,11.400000,510,510,520,590,630,1000,1000,1100,5200,5200,5200,3514,3514,510.0,567.5322464100474,500.83901999823865,5244.523449997359,0.0
1774105522,10,,Aggregated,11.600000,11.600000,510,510,520,590,630,1000,1000,1100,5200,5200,5200,3524,3524,510.0,567.3564070408383,500.83901999823865,5244.523449997359,0.0
1774105523,10,,Aggregated,11.400000,11.400000,510,510,520,590,630,1000,1000,1100,5200,5200,5200,3534,3534,510.0,567.3530043384028,500.83901999823865,5244.523449997359,0.0
1774105524,10,,Aggregated,11.100000,11.100000,510,510,520,590,630,1000,1000,1100,5200,5200,5200,3544,3544,510.0,567.2146182084962,500.83901999823865,5244.523449997359,0.0
1774105525,10,,Aggregated,11.400000,11.400000,510,510,520,590,630,1000,1000,1100,5200,5200,5200,3556,3556,510.0,567.0986350643726,500.83901999823865,5244.523449997359,0.0
1774105526,10,,Aggregated,11.300000,11.300000,510,510,520,590,630,1000,1000,1100,5200,5200,5200,3569,3569,510.0,566.966818832981,500.83901999823865,5244.523449997359,0.0
1774105527,10,,Aggregated,10.900000,10.900000,510,510,520,590,630,1000,1000,1100,5200,5200,5200,3581,3581,510.0,566.8423867913731,500.83901999823865,5244.523449997359,0.0
1774105528,10,,Aggregated,11.200000,11.200000,510,510,520,590,630,1000,1000,1100,5200,5200,5200,3592,3592,510.0,566.674247588228,500.83901999823865,5244.523449997359,0.0
1774105529,10,,Aggregated,11.100000,11.100000,510,510,520,590,630,1000,1000,1100,5200,5200,5200,3603,3603,510.0,566.5587526286188,500.83901999823865,5244.523449997359,0.0
1774105530,10,,Aggregated,11.100000,11.100000,510,510,520,590,630,1000,1000,1100,5200,5200,5200,3613,3613,510.0,566.5063223525914,500.83901999823865,5244.523449997359,0.0
1774105531,10,,Aggregated,11.000000,11.000000,510,510,520,590,630,1000,1000,1100,5200,5200,5200,3624,3624,510.0,566.4767541070378,500.83901999823865,5244.523449997359,0.0
1774105532,10,,Aggregated,11.000000,11.000000,510,510,520,590,630,1000,1000,1100,5200,5200,5200,3636,3636,510.0,566.2996124664194,500.83901999823865,5244.523449997359,0.0
1774105533,10,,Aggregated,11.100000,11.100000,510,510,520,590,630,1000,1000,1100,5200,5200,5200,3648,3648,510.0,566.0986609695436,500.83901999823865,5244.523449997359,0.0
1774105534,10,,Aggregated,11.200000,11.200000,510,510,520,590,630,1000,1000,1100,5200,5200,5200,3658,3658,510.0,565.968731531682,500.83901999823865,5244.523449997359,0.0
1774105535,10,,Aggregated,11.100000,11.100000,510,510,520,590,630,1000,1000,1100,5200,5200,5200,3670,3670,510.0,565.8305010334841,500.83901999823865,5244.523449997359,0.0
1774105536,10,,Aggregated,11.100000,11.100000,510,510,520,590,630,1000,1000,1100,5200,5200,5200,3681,3681,510.0,565.7363399964373,500.83901999823865,5244.523449997359,0.0
1774105537,10,,Aggregated,11.200000,11.200000,510,510,520,590,630,1000,1000,1100,5200,5200,5200,3691,3691,510.0,565.786715271711,500.83901999823865,5244.523449997359,0.0
1774105538,10,,Aggregated,11.100000,11.100000,510,510,520,590,630,1000,1000,1100,5200,5200,5200,3701,3701,510.0,565.8323140045618,500.83901999823865,5244.523449997359,0.0
1774105539,10,,Aggregated,11.100000,11.100000,510,510,520,590,630,1000,1000,1100,5200,5200,5200,3712,3712,510.0,565.8740619223825,500.83901999823865,5244.523449997359,0.0
1774105540,10,,Aggregated,11.100000,11.100000,510,510,520,590,630,1000,1000,1100,5200,5200,5200,3724,3724,510.0,565.7906453683889,500.83901999823865,5244.523449997359,0.0
1774105541,10,,Aggregated,11.200000,11.200000,510,510,520,590,630,1000,1000,1100,5200,5200,5200,3736,3736,510.0,565.6589686704698,500.83901999823865,5244.523449997359,0.0
1774105542,10,,Aggregated,11.100000,11.100000,510,510,520,590,630,1000,1000,1100,5200,5200,5200,3747,3747,510.0,565.5235853429066,500.83901999823865,5244.523449997359,0.0
1774105543,10,,Aggregated,11.100000,11.100000,510,510,520,590,630,1000,1000,1100,5200,5200,5200,3759,3759,510.0,565.3858176589167,500.83901999823865,5244.523449997359,0.0
1774105544,10,,Aggregated,11.000000,11.000000,510,510,520,590,630,1000,1000,1100,5200,5200,5200,3771,3771,510.0,565.2496937788037,500.83901999823865,5244.523449997359,0.0
1774105545,10,,Aggregated,11.000000,11.000000,510,510,510,590,630,1000,1000,1100,5200,5200,5200,3782,3782,510.0,565.0726607939896,500.83901999823865,5244.523449997359,0.0
1774105546,10,,Aggregated,11.400000,11.400000,510,510,510,590,630,1000,1000,1100,5200,5200,5200,3794,3794,510.0,564.962898579037,500.83901999823865,5244.523449997359,0.0
1774105547,10,,Aggregated,11.300000,11.300000,510,510,510,590,630,1000,1000,1100,5200,5200,5200,3804,3804,510.0,564.8554608167381,500.83901999823865,5244.523449997359,0.0
1774105548,10,,Aggregated,11.200000,11.200000,510,510,520,590,630,1000,1000,1100,5200,5200,5200,3815,3815,510.0,564.7913712455758,500.83901999823865,5244.523449997359,0.0
1774105549,10,,Aggregated,11.400000,11.400000,510,510,510,590,630,1000,1000,1100,5200,5200,5200,3828,3828,510.0,564.6224325020569,500.83901999823865,5244.523449997359,0.0
1774105550,10,,Aggregated,11.300000,11.300000,510,510,510,590,630,1000,1000,1100,5200,5200,5200,3842,3842,510.0,564.4476733854441,500.83901999823865,5244.523449997359,0.0
1774105551,10,,Aggregated,11.500000,11.500000,510,510,510,590,630,1000,1000,1100,5200,5200,5200,3853,3853,510.0,564.3056891022256,500.83901999823865,5244.523449997359,0.0
1774105552,10,,Aggregated,11.500000,11.500000,510,510,510,590,630,1000,1000,1100,5200,5200,5200,3862,3862,510.0,564.1664712278268,500.83901999823865,5244.523449997359,0.0
1774105553,10,,Aggregated,11.400000,11.400000,510,510,510,590,630,1000,1000,1100,5200,5200,5200,3872,3872,510.0,564.3297273209866,500.83901999823865,5244.523449997359,0.0
1774105554,10,,Aggregated,11.600000,11.600000,510,510,510,590,630,1000,1000,1100,5200,5200,5200,3884,3884,510.0,564.4157837175222,500.83901999823865,5244.523449997359,0.0
1774105555,10,,Aggregated,11.500000,11.500000,510,510,510,590,630,1000,1000,1100,5200,5200,5200,3895,3895,510.0,564.4552375355212,500.83901999823865,5244.523449997359,0.0
1774105556,10,,Aggregated,11.100000,11.100000,510,510,510,590,630,1000,1000,1100,5200,5200,5200,3907,3907,510.0,564.3763842443967,500.83885400090367,5244.523449997359,0.0
1774105557,10,,Aggregated,11.300000,11.300000,510,510,510,590,630,1000,1000,1100,5200,5200,5200,3920,3920,510.0,564.2265749351678,500.83885400090367,5244.523449997359,0.0
1774105558,10,,Aggregated,11.300000,11.300000,510,510,510,590,630,1000,1000,1100,5200,5200,5200,3931,3931,510.0,564.1120633405894,500.83885400090367,5244.523449997359,0.0
1774105559,10,,Aggregated,11.200000,11.200000,510,510,510,590,630,1000,1000,1100,5200,5200,5200,3940,3940,510.0,564.0400748078306,500.83885400090367,5244.523449997359,0.0
1774105560,10,,Aggregated,11.300000,11.300000,510,510,510,590,630,1000,1000,1100,5200,5200,5200,3951,3951,510.0,564.044791885055,500.83885400090367,5244.523449997359,0.0
1774105561,10,,Aggregated,11.000000,11.000000,510,510,510,590,630,1000,1000,1100,5200,5200,5200,3961,3961,510.0,563.8943197987504,500.83885400090367,5244.523449997359,0.0
1774105562,10,,Aggregated,11.100000,11.100000,510,510,510,590,630,1000,1000,1100,5200,5200,5200,3974,3974,510.0,563.9151580017243,500.83885400090367,5244.523449997359,0.0
1774105563,10,,Aggregated,11.300000,11.300000,510,510,510,590,630,1000,1000,1100,5200,5200,5200,3986,3986,510.0,563.8595884841583,500.83885400090367,5244.523449997359,0.0
1774105564,10,,Aggregated,11.400000,11.400000,510,510,510,590,630,1000,1000,1100,5200,5200,5200,3998,3998,510.0,563.7876557090703,500.83885400090367,5244.523449997359,0.0
1774105565,10,,Aggregated,11.300000,11.300000,510,510,510,590,630,1000,1000,1000,4600,5200,5200,4009,4009,510.0,563.6875438059022,500.83885400090367,5244.523449997359,0.0
1774105566,10,,Aggregated,11.300000,11.300000,510,510,510,590,630,1000,1000,1000,4600,5200,5200,4020,4020,510.0,563.5291373422548,500.83885400090367,5244.523449997359,0.0
1774105567,10,,Aggregated,11.100000,11.100000,510,510,510,590,630,1000,1000,1000,4600,5200,5200,4032,4032,510.0,563.4264555302241,500.83885400090367,5244.523449997359,0.0
1774105568,10,,Aggregated,11.200000,11.200000,510,510,510,590,630,1000,1000,1000,4600,5200,5200,4043,4043,510.0,563.4903031308099,500.83885400090367,5244.523449997359,0.0
1774105569,10,,Aggregated,11.200000,11.200000,510,510,510,590,630,1000,1000,1000,4600,5200,5200,4055,4055,510.0,563.3529829124211,500.83885400090367,5244.523449997359,0.0
1774105570,10,,Aggregated,11.200000,11.200000,510,510,510,590,630,1000,1000,1000,4600,5200,5200,4066,4066,510.0,563.3307576999166,500.83885400090367,5244.523449997359,0.0
1774105571,10,,Aggregated,11.400000,11.400000,510,510,510,590,630,1000,1000,1000,4600,5200,5200,4076,4076,510.0,563.2591074256278,500.83885400090367,5244.523449997359,0.0
1774105572,10,,Aggregated,11.300000,11.300000,510,510,510,590,630,1000,1000,1000,4600,5200,5200,4087,4087,510.0,563.2249269243573,500.83885400090367,5244.523449997359,0.0
1774105573,10,,Aggregated,11.100000,11.100000,510,510,510,590,630,1000,1000,1000,4600,5200,5200,4098,4098,510.0,563.1935942193388,500.83885400090367,5244.523449997359,0.0
1774105574,10,,Aggregated,10.900000,10.900000,510,510,510,590,630,1000,1000,1000,4600,5200,5200,4110,4110,510.0,563.02224434741,500.83885400090367,5244.523449997359,0.0
1774105575,10,,Aggregated,11.300000,11.300000,510,510,510,590,630,1000,1000,1000,4600,5200,5200,4123,4123,510.0,562.9573857091578,500.83885400090367,5244.523449997359,0.0
1774105576,10,,Aggregated,11.500000,11.500000,510,510,510,590,630,1000,1000,1000,4600,5200,5200,4134,4134,510.0,562.862861829913,500.83885400090367,5244.523449997359,0.0
1774105577,10,,Aggregated,11.500000,11.500000,510,510,510,590,630,1000,1000,1000,4600,5200,5200,4147,4147,510.0,562.7342708545585,500.83885400090367,5244.523449997359,0.0
1774105578,10,,Aggregated,11.400000,11.400000,510,510,510,590,630,1000,1000,1000,4600,5200,5200,4158,4158,510.0,562.6343229566755,500.83885400090367,5244.523449997359,0.0
1774105579,10,,Aggregated,11.500000,11.500000,510,510,510,590,630,1000,1000,1000,4600,5200,5200,4169,4169,510.0,562.5205427370721,500.83885400090367,5244.523449997359,0.0
1774105580,10,,Aggregated,11.600000,11.600000,510,510,510,590,630,1000,1000,1000,4600,5200,5200,4181,4181,510.0,562.4098571891557,500.83885400090367,5244.523449997359,0.0
1774105581,10,,Aggregated,11.500000,11.500000,510,510,510,590,630,1000,1000,1000,4600,5200,5200,4192,4192,510.0,562.3374804331714,500.83885400090367,5244.523449997359,0.0
1774105582,10,,Aggregated,11.700000,11.700000,510,510,510,590,630,1000,1000,1000,4600,5200,5200,4202,4202,510.0,562.2680730777862,500.83885400090367,5244.523449997359,0.0
1774105583,10,,Aggregated,11.700000,11.700000,510,510,510,590,630,1000,1000,1000,4600,5200,5200,4213,4213,510.0,562.1678134879794,500.83885400090367,5244.523449997359,0.0
1774105584,10,,Aggregated,11.700000,11.700000,510,510,510,590,630,1000,1000,1000,4600,5200,5200,4226,4226,510.0,562.1609635321481,500.83885400090367,5244.523449997359,0.0
1774105585,10,,Aggregated,11.300000,11.300000,510,510,510,590,630,1000,1000,1000,4600,5200,5200,4237,4237,510.0,562.054634780235,500.83885400090367,5244.523449997359,0.0
1774105586,10,,Aggregated,11.200000,11.200000,510,510,510,590,630,1000,1000,1000,4600,5200,5200,4248,4248,510.0,562.1420995710596,500.83885400090367,5244.523449997359,0.0
1774105587,10,,Aggregated,11.400000,11.400000,510,510,510,590,630,1000,1000,1000,4600,5200,5200,4259,4259,510.0,562.0778993857381,500.83885400090367,5244.523449997359,0.0
1774105588,10,,Aggregated,11.300000,11.300000,510,510,510,590,630,1000,1000,1000,4600,5200,5200,4270,4270,510.0,562.1199810472741,500.83885400090367,5244.523449997359,0.0
1774105589,10,,Aggregated,11.300000,11.300000,510,510,510,590,630,1000,1000,1000,4600,5200,5200,4281,4281,510.0,562.056976644674,500.83885400090367,5244.523449997359,0.0
1774105590,10,,Aggregated,11.100000,11.100000,510,510,510,590,630,1000,1000,1000,4600,5200,5200,4295,4295,510.0,561.9113557054361,500.83885400090367,5244.523449997359,0.0
1774105591,10,,Aggregated,11.200000,11.200000,510,510,510,590,630,1000,1000,1000,4600,5200,5200,4304,4304,510.0,561.8424136997809,500.83885400090367,5244.523449997359,0.0
1774105592,10,,Aggregated,11.000000,11.000000,510,510,510,590,630,1000,1000,1000,4600,5200,5200,4316,4316,510.0,561.7157621660937,500.83885400090367,5244.523449997359,0.0
1774105593,10,,Aggregated,11.100000,11.100000,510,510,510,590,630,1000,1000,1000,4600,5200,5200,4327,4327,510.0,561.7479327272622,500.83885400090367,5244.523449997359,0.0
1774105594,10,,Aggregated,11.100000,11.100000,510,510,510,590,630,1000,1000,1000,4600,5200,5200,4338,4338,510.0,561.7205907249559,500.83885400090367,5244.523449997359,0.0
1774105595,10,,Aggregated,11.100000,11.100000,510,510,510,590,630,1000,1000,1000,4600,5200,5200,4349,4349,510.0,561.6203233122211,500.83885400090367,5244.523449997359,0.0
1774105596,10,,Aggregated,11.200000,11.200000,510,510,510,590,630,1000,1000,1000,4600,5200,5200,4360,4360,510.0,561.4811824887274,500.83885400090367,5244.523449997359,0.0
1774105597,10,,Aggregated,11.100000,11.100000,510,510,510,590,630,1000,1000,1000,4600,5200,5200,4371,4371,510.0,561.3817588649874,500.83885400090367,5244.523449997359,0.0
1774105598,10,,Aggregated,11.200000,11.200000,510,510,510,590,630,1000,1000,1000,4600,5200,5200,4383,4383,510.0,561.399680887944,500.83885400090367,5244.523449997359,0.0
1774105599,10,,Aggregated,11.100000,11.100000,510,510,510,590,630,1000,1000,1000,4600,5200,5200,4395,4395,510.0,561.2744633394439,500.83885400090367,5244.523449997359,0.0
1774105600,10,,Aggregated,11.300000,11.300000,510,510,510,580,630,1000,1000,1000,4600,5200,5200,4408,4408,510.0,561.1680916304123,500.83885400090367,5244.523449997359,0.0
1774105601,10,,Aggregated,11.200000,11.200000,510,510,510,580,630,1000,1000,1000,4600,5200,5200,4418,4418,510.0,561.1102912410258,500.83885400090367,5244.523449997359,0.0
1774105602,10,,Aggregated,11.500000,11.500000,510,510,510,580,630,1000,1000,1000,4600,5200,5200,4428,4428,510.0,561.0072314423801,500.83885400090367,5244.523449997359,0.0
1774105603,10,,Aggregated,11.300000,11.300000,510,510,510,580,630,1000,1000,1000,4600,5200,5200,4440,4440,510.0,560.8872780332993,500.83885400090367,5244.523449997359,0.0
1774105604,10,,Aggregated,11.200000,11.200000,510,510,510,580,630,1000,1000,1000,4600,5200,5200,4451,4451,510.0,560.8739743311261,500.83885400090367,5244.523449997359,0.0
1774105605,10,,Aggregated,11.500000,11.500000,510,510,510,580,630,930,1000,1000,4600,5200,5200,4462,4462,510.0,560.7748603188802,500.83885400090367,5244.523449997359,0.0
1774105606,10,,Aggregated,11.200000,11.200000,510,510,510,580,630,930,1000,1000,4600,5200,5200,4473,4473,510.0,560.7015480777645,500.83885400090367,5244.523449997359,0.0
1774105607,10,,Aggregated,11.300000,11.300000,510,510,510,590,630,930,1000,1000,4600,5200,5200,4485,4485,510.0,560.7268390017477,500.83885400090367,5244.523449997359,0.0
1774105608,10,,Aggregated,11.300000,11.300000,510,510,510,590,630,930,1000,1000,4600,5200,5200,4496,4496,510.0,560.707475855169,500.83885400090367,5244.523449997359,0.0
1774105609,10,,Aggregated,11.400000,11.400000,510,510,510,590,630,920,1000,1000,4600,5200,5200,4508,4508,510.0,560.6161768823944,500.83885400090367,5244.523449997359,0.0
1774105610,10,,Aggregated,11.200000,11.200000,510,510,510,590,630,930,1000,1000,4600,5200,5200,4519,4519,510.0,560.6039543022433,500.83885400090367,5244.523449997359,0.0
1774105611,10,,Aggregated,11.200000,11.200000,510,510,510,580,630,920,1000,1000,4600,5200,5200,4530,4530,510.0,560.4873381796565,500.83885400090367,5244.523449997359,0.0
1774105612,10,,Aggregated,11.100000,11.100000,510,510,510,580,630,820,1000,1000,4600,5200,5200,4541,4541,510.0,560.4099761045695,500.83885400090367,5244.523449997359,0.0
1774105613,10,,Aggregated,11.100000,11.100000,510,510,510,580,630,820,1000,1000,4600,5200,5200,4553,4553,510.0,560.2997981976384,500.83885400090367,5244.523449997359,0.0
1774105614,10,,Aggregated,11.200000,11.200000,510,510,510,580,630,820,1000,1000,4600,5200,5200,4566,4566,510.0,560.3127855593197,500.83885400090367,5244.523449997359,0.0
1774105615,10,,Aggregated,11.100000,11.100000,510,510,510,580,630,820,1000,1000,4600,5200,5200,4578,4578,510.0,560.2063686539636,500.83885400090367,5244.523449997359,0.0
1774105616,10,,Aggregated,11.400000,11.400000,510,510,510,580,630,820,1000,1000,4600,5200,5200,4587,4587,510.0,560.2360118711234,500.83885400090367,5244.523449997359,0.0
1774105617,10,,Aggregated,11.400000,11.400000,510,510,510,580,630,920,1000,1000,4600,5200,5200,4598,4598,510.0,560.2768320678205,500.83885400090367,5244.523449997359,0.0
1774105618,10,,Aggregated,11.500000,11.500000,510,510,510,580,630,820,1000,1000,4600,5200,5200,4610,4610,510.0,560.1942731424804,500.83885400090367,5244.523449997359,0.0
1774105619,10,,Aggregated,11.200000,11.200000,510,510,510,580,630,810,1000,1000,4600,5200,5200,4621,4621,510.0,560.0965553096379,500.83885400090367,5244.523449997359,0.0
1774105620,10,,Aggregated,11.300000,11.300000,510,510,510,580,630,810,1000,1000,4600,5200,5200,4634,4634,510.0,559.9740877956036,500.83885400090367,5244.523449997359,0.0
1774105621,10,,Aggregated,11.500000,11.500000,510,510,510,580,630,810,1000,1000,4600,5200,5200,4644,4644,510.0,559.9610254835974,500.83885400090367,5244.523449997359,0.0
1774105622,10,,Aggregated,11.200000,11.200000,510,510,510,580,630,810,1000,1000,4600,5200,5200,4654,4654,510.0,559.8897241800248,500.83885400090367,5244.523449997359,0.0
1774105623,10,,Aggregated,11.500000,11.500000,510,510,510,580,630,790,1000,1000,4600,5200,5200,4665,4665,510.0,559.7971938779928,500.83885400090367,5244.523449997359,0.0
1774105624,10,,Aggregated,11.400000,11.400000,510,510,510,580,630,820,1000,1000,4600,5200,5200,4677,4677,510.0,559.8724555905168,500.83885400090367,5244.523449997359,0.0
1774105626,10,,Aggregated,11.200000,11.200000,510,510,510,580,630,850,1000,1000,4600,5200,5200,4688,4688,510.0,559.9889061418185,500.83885400090367,5244.523449997359,0.0
1774105627,10,,Aggregated,11.100000,11.100000,510,510,510,580,630,920,1000,1000,4600,5200,5200,4697,4697,510.0,560.0088440069907,500.83885400090367,5244.523449997359,0.0
1774105628,10,,Aggregated,11.100000,11.100000,510,510,510,580,630,920,1000,1000,4600,5200,5200,4709,4709,510.0,560.0476179388047,500.83885400090367,5244.523449997359,0.0
1774105629,10,,Aggregated,11.000000,11.000000,510,510,510,580,630,920,1000,1000,4600,5200,5200,4722,4722,510.0,560.0514928197447,500.83885400090367,5244.523449997359,0.0
1774105630,10,,Aggregated,11.000000,11.000000,510,510,510,580,630,920,1000,1000,4600,5200,5200,4732,4732,510.0,559.9337029710119,500.83885400090367,5244.523449997359,0.0
1774105631,10,,Aggregated,11.100000,11.100000,510,510,510,580,630,920,1000,1000,4600,5200,5200,4743,4743,510.0,559.9103736889808,500.83885400090367,5244.523449997359,0.0
1774105632,10,,Aggregated,11.100000,11.100000,510,510,510,580,630,920,1000,1000,4600,5200,5200,4753,4753,510.0,559.8200874615691,500.83885400090367,5244.523449997359,0.0
1774105633,10,,Aggregated,11.100000,11.100000,510,510,510,580,630,850,1000,1000,4600,5200,5200,4766,4766,510.0,559.7025368348393,500.83885400090367,5244.523449997359,0.0
1774105634,10,,Aggregated,10.900000,10.900000,510,510,510,580,630,850,1000,1000,4600,5200,5200,4778,4778,510.0,559.5900866862381,500.83885400090367,5244.523449997359,0.0
1774105635,10,,Aggregated,10.900000,10.900000,510,510,510,580,630,820,1000,1000,4600,5200,5200,4790,4790,510.0,559.4763750241848,500.83885400090367,5244.523449997359,0.0
1774105636,10,,Aggregated,11.200000,11.200000,510,510,510,580,630,820,1000,1000,4600,5200,5200,4800,4800,510.0,559.3632303268419,500.83885400090367,5244.523449997359,0.0
1774105637,10,,Aggregated,11.200000,11.200000,510,510,510,580,630,810,1000,1000,4600,5200,5200,4812,4812,510.0,559.2955773266507,500.83885400090367,5244.523449997359,0.0
1774105638,10,,Aggregated,11.200000,11.200000,510,510,510,580,630,790,1000,1000,4600,5200,5200,4822,4822,510.0,559.2373999089273,500.83885400090367,5244.523449997359,0.0
1774105639,10,,Aggregated,11.500000,11.500000,510,510,510,580,630,820,1000,1000,4600,5200,5200,4834,4834,510.0,559.3104930065891,500.83885400090367,5244.523449997359,0.0
1774105640,10,,Aggregated,11.500000,11.500000,510,510,510,580,630,810,1000,1000,4600,5200,5200,4845,4845,510.0,559.2372745834592,500.83885400090367,5244.523449997359,0.0
1774105641,10,,Aggregated,11.100000,11.100000,510,510,510,580,630,850,1000,1000,4600,5200,5200,4857,4857,510.0,559.3084032853332,500.83885400090367,5244.523449997359,0.0
1774105642,10,,Aggregated,11.100000,11.100000,510,510,510,580,630,820,1000,1000,4600,5200,5200,4867,4867,510.0,559.2475582915271,500.83885400090367,5244.523449997359,0.0
1774105643,10,,Aggregated,11.300000,11.300000,510,510,510,580,630,820,1000,1000,4600,5200,5200,4877,4877,510.0,559.136278773397,500.83885400090367,5244.523449997359,0.0
1774105644,10,,Aggregated,11.300000,11.300000,510,510,510,580,630,820,1000,1000,4600,5200,5200,4888,4888,510.0,559.169075631723,500.83885400090367,5244.523449997359,0.0
1774105645,10,,Aggregated,11.000000,11.000000,510,510,510,580,630,810,1000,1000,4600,5200,5200,4901,4901,510.0,559.0473144264153,500.83885400090367,5244.523449997359,0.0
1774105646,10,,Aggregated,11.000000,11.000000,510,510,510,580,630,810,1000,1000,4600,5200,5200,4911,4911,510.0,559.0140633015408,500.83885400090367,5244.523449997359,0.0
1774105647,10,,Aggregated,10.900000,10.900000,510,510,510,580,630,790,1000,1000,4600,5200,5200,4923,4923,510.0,558.9778591706014,500.83885400090367,5244.523449997359,0.0
1774105648,10,,Aggregated,10.900000,10.900000,510,510,510,580,630,790,1000,1000,4600,5200,5200,4933,4933,510.0,558.9084242209351,500.83885400090367,5244.523449997359,0.0
1774105649,10,,Aggregated,11.000000,11.000000,510,510,510,580,630,780,1000,1000,4600,5200,5200,4944,4944,510.0,558.8625273365418,500.83885400090367,5244.523449997359,0.0
1774105650,10,,Aggregated,11.200000,11.200000,510,510,510,580,630,780,1000,1000,4600,5200,5200,4956,4956,510.0,558.7316420288245,500.83885400090367,5244.523449997359,0.0
1774105651,10,,Aggregated,11.000000,11.000000,510,510,510,580,630,770,1000,1000,4600,5200,5200,4967,4967,510.0,558.6140420684223,500.83885400090367,5244.523449997359,0.0
1774105652,10,,Aggregated,10.900000,10.900000,510,510,510,580,630,770,1000,1000,4600,5200,5200,4979,4979,510.0,558.5279711686793,500.83885400090367,5244.523449997359,0.0
1774105653,10,,Aggregated,10.900000,10.900000,510,510,510,580,630,770,1000,1000,4600,5200,5200,4990,4990,510.0,558.5685692885489,500.83885400090367,5244.523449997359,0.0
1774105654,10,,Aggregated,10.900000,10.900000,510,510,510,580,630,770,1000,1000,4600,5200,5200,5000,5000,510.0,558.4924022503724,500.83885400090367,5244.523449997359,0.0
1774105655,10,,Aggregated,10.900000,10.900000,510,510,510,580,630,770,1000,1000,4400,5200,5200,5012,5012,510.0,558.4211664486965,500.83885400090367,5244.523449997359,0.0
1774105656,10,,Aggregated,11.300000,11.300000,510,510,510,580,630,760,1000,1000,4400,5200,5200,5023,5023,510.0,558.3518461733757,500.83885400090367,5244.523449997359,0.0
1774105657,10,,Aggregated,11.300000,11.300000,510,510,510,580,630,760,1000,1000,4400,5200,5200,5035,5035,510.0,558.2239047372117,500.83885400090367,5244.523449997359,0.0
1774105658,10,,Aggregated,11.200000,11.200000,510,510,510,580,630,750,1000,1000,4400,5200,5200,5048,5048,510.0,558.1090124773873,500.83885400090367,5244.523449997359,0.0
1774105659,10,,Aggregated,11.200000,11.200000,510,510,510,580,630,760,1000,1000,4400,5200,5200,5059,5059,510.0,558.0598631873585,500.83885400090367,5244.523449997359,0.0
1774105660,10,,Aggregated,11.400000,11.400000,510,510,510,580,630,750,1000,1000,4400,5200,5200,5071,5071,510.0,558.0212874241457,500.83885400090367,5244.523449997359,0.0
1774105661,10,,Aggregated,11.400000,11.400000,510,510,510,580,630,740,1000,1000,4400,5200,5200,5083,5083,510.0,558.0282594170461,500.83885400090367,5244.523449997359,0.0
1774105662,10,,Aggregated,11.500000,11.500000,510,510,510,580,630,750,1000,1000,4400,5200,5200,5093,5093,510.0,557.9894349027763,500.83885400090367,5244.523449997359,0.0
1774105663,10,,Aggregated,11.600000,11.600000,510,510,510,580,630,740,1000,1000,4400,5200,5200,5103,5103,510.0,557.9285746860372,500.83885400090367,5244.523449997359,0.0
1774105664,10,,Aggregated,11.500000,11.500000,510,510,510,580,630,750,1000,1000,4400,5200,5200,5113,5113,510.0,557.9240020253955,500.83885400090367,5244.523449997359,0.0
1774105665,10,,Aggregated,11.300000,11.300000,510,510,510,580,630,750,1000,1000,4400,5200,5200,5125,5125,510.0,557.9541790682636,500.83885400090367,5244.523449997359,0.0
1774105666,10,,Aggregated,11.200000,11.200000,510,510,510,580,630,750,1000,1000,4400,5200,5200,5138,5138,510.0,557.868588158592,500.83885400090367,5244.523449997359,0.0
1774105667,10,,Aggregated,11.200000,11.200000,510,510,510,580,630,750,1000,1000,4400,5200,5200,5148,5148,510.0,557.9183369850142,500.83885400090367,5244.523449997359,0.0
1774105668,10,,Aggregated,11.000000,11.000000,510,510,510,580,630,750,1000,1000,4400,5200,5200,5160,5160,510.0,557.8471970243901,500.83885400090367,5244.523449997359,0.0
1774105669,10,,Aggregated,11.200000,11.200000,510,510,510,580,630,750,1000,1000,4400,5200,5200,5170,5170,510.0,557.8541098750197,500.83885400090367,5244.523449997359,0.0
1774105670,10,,Aggregated,11.000000,11.000000,510,510,510,580,630,740,1000,1000,4400,5200,5200,5183,5183,510.0,557.7403621612697,500.83885400090367,5244.523449997359,0.0
1774105671,10,,Aggregated,11.200000,11.200000,510,510,510,580,630,740,1000,1000,4400,5200,5200,5193,5193,510.0,557.6964646446862,500.83885400090367,5244.523449997359,0.0
1774105672,10,,Aggregated,11.200000,11.200000,510,510,510,580,630,740,1000,1000,4400,5200,5200,5205,5205,510.0,557.5918707853707,500.83885400090367,5244.523449997359,0.0
1774105673,10,,Aggregated,11.100000,11.100000,510,510,510,580,630,740,1000,1000,4400,5200,5200,5219,5219,510.0,557.4500485937631,500.83885400090367,5244.523449997359,0.0
1774105674,10,,Aggregated,11.200000,11.200000,510,510,510,580,630,740,1000,1000,4400,5200,5200,5229,5229,510.0,557.5003091717051,500.83885400090367,5244.523449997359,0.0
1774105675,10,,Aggregated,11.400000,11.400000,510,510,510,580,630,740,1000,1000,4400,5200,5200,5240,5240,510.0,557.4162236910024,500.83885400090367,5244.523449997359,0.0
1774105676,10,,Aggregated,11.600000,11.600000,510,510,510,580,630,730,1000,1000,4400,5200,5200,5252,5252,510.0,557.3466846277314,500.83885400090367,5244.523449997359,0.0
1774105677,10,,Aggregated,11.500000,11.500000,510,510,510,580,630,730,1000,1000,4400,5200,5200,5262,5262,510.0,557.2893151554256,500.83885400090367,5244.523449997359,0.0
1774105678,10,,Aggregated,11.600000,11.600000,510,510,510,580,630,730,1000,1000,4400,5200,5200,5274,5274,510.0,557.182295102362,500.83885400090367,5244.523449997359,0.0
1774105679,10,,Aggregated,11.300000,11.300000,510,510,510,580,630,730,1000,1000,4400,5200,5200,5288,5288,510.0,557.077179673575,500.83885400090367,5244.523449997359,0.0
1774105680,10,,Aggregated,11.400000,11.400000,510,510,510,580,630,730,1000,1000,4400,5200,5200,5298,5298,510.0,556.9789713055623,500.83885400090367,5244.523449997359,0.0
1774105681,10,,Aggregated,11.500000,11.500000,510,510,510,580,630,730,1000,1000,4400,5200,5200,5308,5308,510.0,556.9504421493738,500.83885400090367,5244.523449997359,0.0
1774105682,10,,Aggregated,11.600000,11.600000,510,510,510,580,630,730,1000,1000,4400,5200,5200,5319,5319,510.0,556.9906987721147,500.83885400090367,5244.523449997359,0.0
1774105683,10,,Aggregated,11.500000,11.500000,510,510,510,580,630,730,1000,1000,4400,5200,5200,5331,5331,510.0,556.964549165802,500.83885400090367,5244.523449997359,0.0
1774105684,10,,Aggregated,11.300000,11.300000,510,510,510,580,630,730,1000,1000,4400,5200,5200,5344,5344,510.0,556.8902343098588,500.83885400090367,5244.523449997359,0.0
1774105685,10,,Aggregated,11.300000,11.300000,510,510,510,580,630,730,1000,1000,4400,5200,5200,5353,5353,510.0,556.8399602008025,500.83885400090367,5244.523449997359,0.0
1774105686,10,,Aggregated,11.100000,11.100000,510,510,510,580,630,720,1000,1000,4400,5200,5200,5367,5367,510.0,556.829912177362,500.83885400090367,5244.523449997359,0.0
1774105687,10,,Aggregated,11.200000,11.200000,510,510,510,580,630,720,1000,1000,4400,5200,5200,5377,5377,510.0,556.7628715653532,500.83885400090367,5244.523449997359,0.0
1774105688,10,,Aggregated,11.300000,11.300000,510,510,510,580,630,720,1000,1000,4400,5200,5200,5389,5389,510.0,556.7474029259413,500.83885400090367,5244.523449997359,0.0
1774105689,10,,Aggregated,11.500000,11.500000,510,510,510,580,630,720,1000,1000,4400,5200,5200,5400,5400,510.0,556.6725784305381,500.83885400090367,5244.523449997359,0.0
1774105690,10,,Aggregated,11.400000,11.400000,510,510,510,580,630,720,1000,1000,4400,5200,5200,5412,5412,510.0,556.5789742479503,500.83885400090367,5244.523449997359,0.0
1774105691,10,,Aggregated,11.300000,11.300000,510,510,510,580,630,720,1000,1000,4400,5200,5200,5423,5423,510.0,556.6928160938426,500.83885400090367,5244.523449997359,0.0
1774105692,10,,Aggregated,11.100000,11.100000,510,510,510,580,630,720,1000,1000,4400,5200,5200,5434,5434,510.0,556.6509938152211,500.83885400090367,5244.523449997359,0.0
1774105693,10,,Aggregated,11.100000,11.100000,510,510,510,580,630,720,1000,1000,4400,5200,5200,5445,5445,510.0,556.6151399667434,500.83885400090367,5244.523449997359,0.0
1774105694,10,,Aggregated,11.500000,11.500000,510,510,510,580,630,720,1000,1000,4400,5200,5200,5456,5456,510.0,556.5607748991781,500.83885400090367,5244.523449997359,0.0
1774105695,10,,Aggregated,11.200000,11.200000,510,510,510,580,630,720,1000,1000,4400,5200,5200,5467,5467,510.0,556.4810420294336,500.83885400090367,5244.523449997359,0.0
1774105696,10,,Aggregated,11.300000,11.300000,510,510,510,580,630,720,1000,1000,4400,5200,5200,5478,5478,510.0,556.4825935164133,500.83885400090367,5244.523449997359,0.0
1774105697,10,,Aggregated,11.400000,11.400000,510,510,510,580,630,720,1000,1000,4400,5200,5200,5491,5491,510.0,556.4349752680587,500.83885400090367,5244.523449997359,0.0
1774105698,10,,Aggregated,11.400000,11.400000,510,510,510,580,630,710,1000,1000,4400,5200,5200,5501,5501,510.0,556.3584762590282,500.83885400090367,5244.523449997359,0.0
1774105699,10,,Aggregated,11.400000,11.400000,510,510,510,580,630,720,1000,1000,4400,5200,5200,5514,5514,510.0,556.283708863242,500.83885400090367,5244.523449997359,0.0
1774105700,10,,Aggregated,11.500000,11.500000,510,510,510,580,630,710,1000,1000,4400,5200,5200,5524,5524,510.0,556.2575694362635,500.83885400090367,5244.523449997359,0.0
1774105701,10,,Aggregated,11.400000,11.400000,510,510,510,580,630,720,1000,1000,4400,5200,5200,5534,5534,510.0,556.3456847090564,500.83885400090367,5244.523449997359,0.0
1774105702,10,,Aggregated,11.300000,11.300000,510,510,510,580,630,720,1000,1000,4400,5200,5200,5547,5547,510.0,556.3168591095969,500.83885400090367,5244.523449997359,0.0
1774105703,10,,Aggregated,11.400000,11.400000,510,510,510,580,630,720,1000,1000,4400,5200,5200,5558,5558,510.0,556.3235809215424,500.83885400090367,5244.523449997359,0.0
1774105704,10,,Aggregated,11.200000,11.200000,510,510,510,580,630,720,1000,1000,4400,5200,5200,5569,5569,510.0,556.2697991219145,500.83885400090367,5244.523449997359,0.0
1774105705,10,,Aggregated,11.400000,11.400000,510,510,510,580,630,720,1000,1000,4400,5200,5200,5580,5580,510.0,556.2567545100263,500.83885400090367,5244.523449997359,0.0
1774105706,10,,Aggregated,11.400000,11.400000,510,510,510,580,630,710,1000,1000,4400,5200,5200,5590,5590,510.0,556.1921689321911,500.83885400090367,5244.523449997359,0.0
1774105707,10,,Aggregated,11.100000,11.100000,510,510,510,580,630,710,1000,1000,4400,5200,5200,5602,5602,510.0,556.1485162775699,500.83885400090367,5244.523449997359,0.0
1774105708,10,,Aggregated,11.300000,11.300000,510,510,510,580,630,710,1000,1000,4400,5200,5200,5614,5614,510.0,556.0647216818572,500.83885400090367,5244.523449997359,0.0
1774105709,10,,Aggregated,11.100000,11.100000,510,510,510,580,630,710,1000,1000,4400,5200,5200,5626,5626,510.0,555.9870310273641,500.83885400090367,5244.523449997359,0.0
1774105710,10,,Aggregated,10.900000,10.900000,510,510,510,580,630,710,1000,1000,4400,5200,5200,5637,5637,510.0,555.9574076549501,500.83885400090367,5244.523449997359,0.0
1774105711,10,,Aggregated,11.000000,11.000000,510,510,510,580,630,710,1000,1000,4400,5200,5200,5649,5649,510.0,555.8797139599847,500.83885400090367,5244.523449997359,0.0
1774105712,10,,Aggregated,11.200000,11.200000,510,510,510,580,630,710,1000,1000,4400,5200,5200,5659,5659,510.0,555.8126391570866,500.83885400090367,5244.523449997359,0.0
1774105713,10,,Aggregated,11.200000,11.200000,510,510,510,580,630,700,1000,1000,4400,5200,5200,5670,5670,510.0,555.715672466481,500.83885400090367,5244.523449997359,0.0
1774105714,10,,Aggregated,11.200000,11.200000,510,510,510,580,630,700,1000,1000,4400,5200,5200,5683,5683,510.0,555.6346436512318,500.83885400090367,5244.523449997359,0.0
1774105715,10,,Aggregated,11.400000,11.400000,510,510,510,580,630,700,1000,1000,4400,5200,5200,5693,5693,510.0,555.6218402204356,500.83885400090367,5244.523449997359,0.0
1774105716,10,,Aggregated,11.400000,11.400000,510,510,510,580,630,700,1000,1000,4400,5200,5200,5704,5704,510.0,555.693644264367,500.83885400090367,5244.523449997359,0.0
1774105717,10,,Aggregated,11.300000,11.300000,510,510,510,580,630,700,1000,1000,4400,5200,5200,5716,5716,510.0,555.6252946950582,500.83885400090367,5244.523449997359,0.0
1774105718,10,,Aggregated,11.000000,11.000000,510,510,510,580,630,700,1000,1000,4400,5200,5200,5727,5727,510.0,555.6732984249961,500.83885400090367,5244.523449997359,0.0
1774105719,10,,Aggregated,11.200000,11.200000,510,510,510,580,630,700,1000,1000,4400,5200,5200,5739,5739,510.0,555.6289271406098,500.83885400090367,5244.523449997359,0.0
1774105720,10,,Aggregated,11.300000,11.300000,510,510,510,580,630,700,1000,1000,4400,5200,5200,5750,5750,510.0,555.5875964043418,500.83885400090367,5244.523449997359,0.0
1774105721,10,,Aggregated,11.300000,11.300000,510,510,510,580,630,700,1000,1000,4400,5200,5200,5762,5762,510.0,555.524619810303,500.83885400090367,5244.523449997359,0.0
1774105722,10,,Aggregated,11.200000,11.200000,510,510,510,580,630,700,1000,1000,4400,5200,5200,5774,5774,510.0,555.4533318268033,500.83885400090367,5244.523449997359,0.0
1774105723,10,,Aggregated,11.200000,11.200000,510,510,510,580,630,700,1000,1000,4400,5200,5200,5786,5786,510.0,555.3740322837815,500.83885400090367,5244.523449997359,0.0
1774105724,10,,Aggregated,11.400000,11.400000,510,510,510,580,630,700,1000,1000,4400,5200,5200,5796,5796,510.0,555.3196086856393,500.83885400090367,5244.523449997359,0.0
1774105725,10,,Aggregated,11.100000,11.100000,510,510,510,580,630,700,1000,1000,4400,5200,5200,5807,5807,510.0,555.3313731523967,500.83885400090367,5244.523449997359,0.0
1774105726,10,,Aggregated,11.200000,11.200000,510,510,510,580,630,700,1000,1000,4400,5200,5200,5818,5818,510.0,555.2898733288029,500.83885400090367,5244.523449997359,0.0
1774105727,10,,Aggregated,11.200000,11.200000,510,510,510,580,630,700,1000,1000,4400,5200,5200,5829,5829,510.0,555.2811394184206,500.83885400090367,5244.523449997359,0.0
1774105728,10,,Aggregated,11.700000,11.700000,510,510,510,580,630,700,1000,1000,4400,5200,5200,5841,5841,510.0,555.3156014379358,500.83885400090367,5244.523449997359,0.0
1774105729,10,,Aggregated,11.500000,11.500000,510,510,510,580,630,700,1000,1000,4400,5200,5200,5851,5851,510.0,555.2462941450992,500.83885400090367,5244.523449997359,0.0
1774105730,10,,Aggregated,11.400000,11.400000,510,510,510,580,630,700,1000,1000,4400,5200,5200,5864,5864,510.0,555.3031008296352,500.83885400090367,5244.523449997359,0.0
1774105731,10,,Aggregated,11.300000,11.300000,510,510,510,580,630,700,1000,1000,4400,5200,5200,5874,5874,510.0,555.2902534436466,500.83885400090367,5244.523449997359,0.0
1774105732,10,,Aggregated,11.200000,11.200000,510,510,510,580,630,700,1000,1000,4400,5200,5200,5885,5885,510.0,555.2247190156288,500.83885400090367,5244.523449997359,0.0
1774105733,10,,Aggregated,11.400000,11.400000,510,510,510,580,630,700,1000,1000,4400,5200,5200,5896,5896,510.0,555.2538339250297,500.83885400090367,5244.523449997359,0.0
1774105734,10,,Aggregated,11.200000,11.200000,510,510,510,580,630,700,1000,1000,4400,5200,5200,5907,5907,510.0,555.2822837279464,500.83885400090367,5244.523449997359,0.0
1774105735,10,,Aggregated,11.300000,11.300000,510,510,510,580,630,700,1000,1000,4400,5200,5200,5918,5918,510.0,555.2223683844165,500.83885400090367,5244.523449997359,0.0
1774105736,10,,Aggregated,11.000000,11.000000,510,510,510,580,630,700,1000,1000,4400,5200,5200,5930,5930,510.0,555.2882108711606,500.83885400090367,5244.523449997359,0.0
1774105737,10,,Aggregated,11.100000,11.100000,510,510,510,580,630,700,1000,1000,4400,5200,5200,5940,5940,510.0,555.3027040669976,500.83885400090367,5244.523449997359,0.0
1774105738,10,,Aggregated,10.800000,10.800000,510,510,510,580,630,700,1000,1000,4400,5200,5200,5950,5950,510.0,555.2783299835224,500.83885400090367,5244.523449997359,0.0
1774105739,10,,Aggregated,10.800000,10.800000,510,510,510,580,630,700,1000,1000,4400,5200,5200,5961,5961,510.0,555.2140986223726,500.83885400090367,5244.523449997359,0.0
1774105740,10,,Aggregated,10.900000,10.900000,510,510,510,580,630,700,1000,1000,4400,5200,5200,5974,5974,510.0,555.1207103446534,500.83885400090367,5244.523449997359,0.0
1774105741,10,,Aggregated,11.000000,11.000000,510,510,510,580,630,700,1000,1000,4400,5200,5200,5984,5984,510.0,555.0590212082154,500.83885400090367,5244.523449997359,0.0
1774105742,10,,Aggregated,11.100000,11.100000,510,510,510,580,630,700,1000,1000,4400,5200,5200,5994,5994,510.0,555.0900893126397,500.83885400090367,5244.523449997359,0.0
1774105743,10,,Aggregated,10.900000,10.900000,510,510,510,580,630,700,1000,1000,4400,5200,5200,6006,6006,510.0,555.129238577416,500.83885400090367,5244.523449997359,0.0
1774105744,10,,Aggregated,11.000000,11.000000,510,510,510,580,630,700,1000,1000,4400,5200,5200,6016,6016,510.0,555.0454752393545,500.83885400090367,5244.523449997359,0.0
1774105745,10,,Aggregated,10.800000,10.800000,510,510,510,580,630,700,1000,1000,4400,5200,5200,6030,6030,510.0,554.9301267636749,500.83885400090367,5244.523449997359,0.0
1774105746,10,,Aggregated,11.000000,11.000000,510,510,510,580,630,700,1000,1000,4400,5200,5200,6041,6041,510.0,554.8811843747658,500.83885400090367,5244.523449997359,0.0
1774105747,10,,Aggregated,11.300000,11.300000,510,510,510,580,630,700,1000,1000,4400,5200,5200,6052,6052,510.0,554.8870347754387,500.83885400090367,5244.523449997359,0.0
1774105748,10,,Aggregated,11.100000,11.100000,510,510,510,580,630,700,1000,1000,4400,5200,5200,6064,6064,510.0,554.7893217331725,500.83885400090367,5244.523449997359,0.0
1774105749,10,,Aggregated,11.200000,11.200000,510,510,510,580,630,700,1000,1000,4400,5200,5200,6073,6073,510.0,554.8481716900978,500.83885400090367,5244.523449997359,0.0
1774105750,10,,Aggregated,11.300000,11.300000,510,510,510,580,630,700,1000,1000,4400,5200,5200,6084,6084,510.0,554.8524716263921,500.83885400090367,5244.523449997359,0.0
1774105751,10,,Aggregated,11.200000,11.200000,510,510,510,580,630,700,1000,1000,4400,5200,5200,6096,6096,510.0,554.8784222478631,500.83885400090367,5244.523449997359,0.0
1774105752,10,,Aggregated,11.400000,11.400000,510,510,510,580,630,700,1000,1000,4400,5200,5200,6108,6108,510.0,554.8317055830009,500.83885400090367,5244.523449997359,0.0
1774105753,10,,Aggregated,11.400000,11.400000,510,510,510,580,630,700,1000,1000,4400,5200,5200,6119,6119,510.0,554.846990181398,500.83885400090367,5244.523449997359,0.0
1774105754,10,,Aggregated,11.300000,11.300000,510,510,510,580,630,700,1000,1000,4400,5200,5200,6129,6129,510.0,554.7796785411931,500.83885400090367,5244.523449997359,0.0
1774105755,10,,Aggregated,11.200000,11.200000,510,510,510,580,630,700,1000,1000,4400,5200,5200,6142,6142,510.0,554.8222966455517,500.83885400090367,5244.523449997359,0.0
1774105756,10,,Aggregated,11.200000,11.200000,510,510,510,580,630,700,1000,1000,4400,5200,5200,6154,6154,510.0,554.8251768979485,500.83885400090367,5244.523449997359,0.0
1774105757,10,,Aggregated,11.000000,11.000000,510,510,510,580,630,700,1000,1000,4400,5200,5200,6167,6167,510.0,554.7407258308696,500.83885400090367,5244.523449997359,0.0
1774105758,10,,Aggregated,11.200000,11.200000,510,510,510,580,630,700,1000,1000,4400,5200,5200,6176,6176,510.0,554.6823098965306,500.83885400090367,5244.523449997359,0.0
1774105759,10,,Aggregated,11.200000,11.200000,510,510,510,580,630,700,1000,1000,4400,5200,5200,6188,6188,510.0,554.6849284823812,500.83885400090367,5244.523449997359,0.0
1774105760,10,,Aggregated,11.200000,11.200000,510,510,510,580,630,700,1000,1000,4400,5200,5200,6201,6201,510.0,554.6257648625998,500.83885400090367,5244.523449997359,0.0
1774105761,10,,Aggregated,11.300000,11.300000,510,510,510,580,630,700,1000,1000,4400,5200,5200,6211,6211,510.0,554.5945812566383,500.83885400090367,5244.523449997359,0.0
1774105762,10,,Aggregated,11.200000,11.200000,510,510,510,580,630,700,1000,1000,4400,5200,5200,6222,6222,510.0,554.5444248569561,500.83885400090367,5244.523449997359,0.0
1774105763,10,,Aggregated,11.100000,11.100000,510,510,510,580,620,700,1000,1000,4400,5200,5200,6234,6234,510.0,554.4777833014097,500.83885400090367,5244.523449997359,0.0
1774105764,10,,Aggregated,11.200000,11.200000,510,510,510,580,620,690,1000,1000,4400,5200,5200,6246,6246,510.0,554.3935563400553,500.83885400090367,5244.523449997359,0.0
1774105765,10,,Aggregated,11.600000,11.600000,510,510,510,580,620,690,1000,1000,4400,5200,5200,6259,6259,510.0,554.3088120758882,500.83885400090367,5244.523449997359,0.0
1774105766,10,,Aggregated,11.700000,11.700000,510,510,510,580,620,690,1000,1000,4400,5200,5200,6270,6270,510.0,554.2361333912262,500.83885400090367,5244.523449997359,0.0
1774105767,10,,Aggregated,11.600000,11.600000,510,510,510,580,620,690,1000,1000,4400,5200,5200,6281,6281,510.0,554.1959559523958,500.83885400090367,5244.523449997359,0.0
1774105768,10,,Aggregated,11.500000,11.500000,510,510,510,580,620,690,1000,1000,4400,5200,5200,6290,6290,510.0,554.1262803077898,500.83885400090367,5244.523449997359,0.0
1774105769,10,,Aggregated,11.600000,11.600000,510,510,510,580,620,690,1000,1000,4400,5200,5200,6301,6301,510.0,554.1715478857317,500.83885400090367,5244.523449997359,0.0
1774105770,10,,Aggregated,11.500000,11.500000,510,510,510,580,620,690,1000,1000,4400,5200,5200,6313,6313,510.0,554.2090962585136,500.83885400090367,5244.523449997359,0.0
1774105771,10,,Aggregated,11.500000,11.500000,510,510,510,580,620,690,1000,1000,4400,5200,5200,6325,6325,510.0,554.2421452153359,500.83885400090367,5244.523449997359,0.0
1774105772,10,,Aggregated,11.400000,11.400000,510,510,510,580,620,690,1000,1000,4400,5200,5200,6337,6337,510.0,554.172769913683,500.83885400090367,5244.523449997359,0.0
1774105773,10,,Aggregated,11.400000,11.400000,510,510,510,580,620,690,1000,1000,4400,5200,5200,6347,6347,510.0,554.1274767485438,500.83885400090367,5244.523449997359,0.0
1774105774,10,,Aggregated,11.300000,11.300000,510,510,510,580,620,690,1000,1000,4400,5200,5200,6360,6360,510.0,554.0950650503158,500.83885400090367,5244.523449997359,0.0
1774105775,10,,Aggregated,11.000000,11.000000,510,510,510,580,620,690,1000,1000,4400,5200,5200,6371,6371,510.0,554.0537863073309,500.83885400090367,5244.523449997359,0.0
1774105776,10,,Aggregated,11.100000,11.100000,510,510,510,580,620,690,1000,1000,4400,5200,5200,6382,6382,510.0,554.0738831320916,500.83885400090367,5244.523449997359,0.0
1774105777,10,,Aggregated,11.300000,11.300000,510,510,510,580,620,690,1000,1000,4400,5200,5200,6393,6393,510.0,554.0027171484443,500.83885400090367,5244.523449997359,0.0
1774105778,10,,Aggregated,11.300000,11.300000,510,510,510,580,620,690,1000,1000,4400,5200,5200,6404,6404,510.0,553.9502121014997,500.83885400090367,5244.523449997359,0.0
1774105779,10,,Aggregated,11.500000,11.500000,510,510,510,580,620,690,1000,1000,4400,5200,5200,6417,6417,510.0,553.9554982928169,500.83885400090367,5244.523449997359,0.0
1774105780,10,,Aggregated,11.400000,11.400000,510,510,510,580,620,690,1000,1000,4400,5200,5200,6428,6428,510.0,553.909444738178,500.83885400090367,5244.523449997359,0.0
1774105781,10,,Aggregated,11.100000,11.100000,510,510,510,580,620,690,1000,1000,4400,5200,5200,6438,6438,510.0,553.932662525475,500.83885400090367,5244.523449997359,0.0
1774105782,10,,Aggregated,11.100000,11.100000,510,510,510,580,620,690,1000,1000,4400,5200,5200,6449,6449,510.0,553.8958993569555,500.83885400090367,5244.523449997359,0.0
1774105783,10,,Aggregated,11.300000,11.300000,510,510,510,580,620,690,1000,1000,4400,5200,5200,6461,6461,510.0,553.8388123646498,500.83885400090367,5244.523449997359,0.0
1774105784,10,,Aggregated,11.400000,11.400000,510,510,510,580,620,690,1000,1000,4400,5200,5200,6473,6473,510.0,553.8183594738159,500.83885400090367,5244.523449997359,0.0
1774105785,10,,Aggregated,11.500000,11.500000,510,510,510,580,620,690,1000,1000,4400,5200,5200,6484,6484,510.0,553.9007529696197,500.83885400090367,5244.523449997359,0.0
1774105786,10,,Aggregated,11.300000,11.300000,510,510,510,580,620,690,1000,1000,4400,5200,5200,6495,6495,510.0,553.8197801858375,500.83885400090367,5244.523449997359,0.0
1774105787,10,,Aggregated,11.200000,11.200000,510,510,510,580,620,690,1000,1000,4400,5200,5200,6505,6505,510.0,553.7675270800944,500.83885400090367,5244.523449997359,0.0
1774105788,10,,Aggregated,11.200000,11.200000,510,510,510,580,620,690,1000,1000,4400,5200,5200,6517,6517,510.0,553.7034224677018,500.83885400090367,5244.523449997359,0.0
1774105789,10,,Aggregated,11.000000,11.000000,510,510,510,580,620,690,1000,1000,4400,5200,5200,6530,6530,510.0,553.6257988989299,500.83885400090367,5244.523449997359,0.0
1774105790,10,,Aggregated,11.200000,11.200000,510,510,510,580,620,690,1000,1000,4400,5200,5200,6540,6540,510.0,553.5510921542831,500.83885400090367,5244.523449997359,0.0
1774105791,10,,Aggregated,11.300000,11.300000,510,510,510,580,620,690,1000,1000,4400,5200,5200,6551,6551,510.0,553.5924387388189,500.83885400090367,5244.523449997359,0.0
1774105792,10,,Aggregated,11.400000,11.400000,510,510,510,580,620,690,1000,1000,4400,5200,5200,6563,6563,510.0,553.5033615255222,500.83885400090367,5244.523449997359,0.0
1774105793,10,,Aggregated,11.300000,11.300000,510,510,510,580,620,690,1000,1000,4400,5200,5200,6574,6574,510.0,553.5322143564046,500.83885400090367,5244.523449997359,0.0
1774105794,10,,Aggregated,11.400000,11.400000,510,510,510,580,620,690,1000,1000,4400,5200,5200,6588,6588,510.0,553.4441270151782,500.83885400090367,5244.523449997359,0.0
1774105795,10,,Aggregated,11.400000,11.400000,510,510,510,580,620,690,1000,1000,4400,5200,5200,6600,6600,510.0,553.3568508798493,500.83885400090367,5244.523449997359,0.0
