Timestamp,User Count,Type,Name,Requests/s,Failures/s,50%,66%,75%,80%,90%,95%,98%,99%,99.9%,99.99%,100%,Total Request Count,Total Failure Count,Total Median Response Time,Total Average Response Time,Total Min Response Time,Total Max Response Time,Total Average Content Size
1774120966,0,,Aggregated,0.000000,0.000000,N/A,N/A,N/A,N/A,N/A,N/A,N/A,N/A,N/A,N/A,N/A,0,0,0,0.0,0,0,0
1774120967,10,,Aggregated,0.000000,0.000000,N/A,N/A,N/A,N/A,N/A,N/A,N/A,N/A,N/A,N/A,N/A,0,0,0,0.0,0,0,0
1774120968,10,,Aggregated,0.000000,0.000000,N/A,N/A,N/A,N/A,N/A,N/A,N/A,N/A,N/A,N/A,N/A,0,0,0,0.0,0,0,0
1774120969,10,,Aggregated,0.000000,0.000000,N/A,N/A,N/A,N/A,N/A,N/A,N/A,N/A,N/A,N/A,N/A,0,0,0,0.0,0,0,0
1774120970,10,,Aggregated,0.000000,0.000000,N/A,N/A,N/A,N/A,N/A,N/A,N/A,N/A,N/A,N/A,N/A,0,0,0,0.0,0,0,0
1774120971,10,,Aggregated,0.000000,0.000000,N/A,N/A,N/A,N/A,N/A,N/A,N/A,N/A,N/A,N/A,N/A,0,0,0,0.0,0,0,0
1774120972,10,,Aggregated,0.000000,0.000000,N/A,N/A,N/A,N/A,N/A,N/A,N/A,N/A,N/A,N/A,N/A,0,0,0,0.0,0,0,0
1774120973,10,,Aggregated,0.000000,0.000000,N/A,N/A,N/A,N/A,N/A,N/A,N/A,N/A,N/A,N/A,N/A,0,0,0,0.0,0,0,0
1774120974,10,,Aggregated,0.000000,0.000000,N/A,N/A,N/A,N/A,N/A,N/A,N/A,N/A,N/A,N/A,N/A,0,0,0,0.0,0,0,0
1774120975,10,,Aggregated,0.000000,0.000000,N/A,N/A,N/A,N/A,N/A,N/A,N/A,N/A,N/A,N/A,N/A,0,0,0,0.0,0,0,0
1774120976,10,,Aggregated,0.000000,0.000000,N/A,N/A,N/A,N/A,N/A,N/A,N/A,N/A,N/A,N/A,N/A,0,0,0,0.0,0,0,0
1774120977,10,,Aggregated,0.000000,0.000000,N/A,N/A,N/A,N/A,N/A,N/A,N/A,N/A,N/A,N/A,N/A,0,0,0,0.0,0,0,0
1774120978,10,,Aggregated,0.000000,0.000000,12000,12000,12000,12000,12000,12000,12000,12000,12000,12000,12000,1,1,11828.185680999923,11828.185680999923,11828.185680999923,11828.185680999923,0.0
1774120979,10,,Aggregated,0.000000,0.000000,13000,13000,13000,13000,13000,13000,13000,13000,13000,13000,13000,2,2,12000.0,12401.567335499976,11828.185680999923,12974.94899000003,0.0
1774120980,10,,Aggregated,0.000000,0.000000,14000,14000,14000,14000,14000,14000,14000,14000,14000,14000,14000,9,9,13717.016701000375,13317.701944666725,11828.185680999923,13717.016701000375,0.0
1774120981,10,,Aggregated,0.000000,0.000000,14000,14000,14000,14000,14000,14000,14000,14000,14000,14000,14000,10,10,14000.0,13391.450282800044,11828.185680999923,14055.1853259999,0.0
1774120982,10,,Aggregated,0.000000,0.000000,14000,14000,14000,14000,14000,14000,14000,14000,14000,14000,14000,10,10,14000.0,13391.450282800044,11828.185680999923,14055.1853259999,0.0
1774120983,10,,Aggregated,0.000000,0.000000,14000,14000,14000,14000,14000,14000,14000,14000,14000,14000,14000,10,10,14000.0,13391.450282800044,11828.185680999923,14055.1853259999,0.0
1774120984,10,,Aggregated,0.000000,0.000000,14000,14000,14000,14000,14000,14000,14000,14000,14000,14000,14000,10,10,14000.0,13391.450282800044,11828.185680999923,14055.1853259999,0.0
1774120985,10,,Aggregated,0.000000,0.000000,14000,14000,14000,14000,14000,14000,14000,14000,14000,14000,14000,10,10,14000.0,13391.450282800044,11828.185680999923,14055.1853259999,0.0
1774120986,10,,Aggregated,0.000000,0.000000,14000,14000,14000,14000,14000,14000,14000,14000,14000,14000,14000,10,10,14000.0,13391.450282800044,11828.185680999923,14055.1853259999,0.0
1774120987,10,,Aggregated,0.000000,0.000000,14000,14000,14000,14000,14000,14000,14000,14000,14000,14000,14000,10,10,14000.0,13391.450282800044,11828.185680999923,14055.1853259999,0.0
1774120988,10,,Aggregated,1.000000,1.000000,14000,14000,14000,14000,14000,14000,14000,14000,14000,14000,14000,12,12,14000.0,12625.828076750055,8508.50422900021,14055.1853259999,0.0
1774120989,10,,Aggregated,1.000000,1.000000,14000,14000,14000,14000,14000,14000,14000,14000,14000,14000,14000,12,12,14000.0,12625.828076750055,8508.50422900021,14055.1853259999,0.0
1774120990,10,,Aggregated,1.000000,1.000000,14000,14000,14000,14000,14000,14000,14000,14000,14000,14000,14000,12,12,14000.0,12625.828076750055,8508.50422900021,14055.1853259999,0.0
1774120991,10,,Aggregated,1.000000,1.000000,14000,14000,14000,14000,14000,14000,14000,14000,14000,14000,14000,12,12,14000.0,12625.828076750055,8508.50422900021,14055.1853259999,0.0
1774120992,10,,Aggregated,1.000000,1.000000,13000,14000,14000,14000,14000,14000,14000,14000,14000,14000,14000,15,15,13000.0,11870.19065433339,3187.892047999867,14055.1853259999,0.0
1774120993,10,,Aggregated,0.200000,0.200000,13000,14000,14000,14000,14000,14000,14000,14000,14000,14000,14000,18,18,13000.0,12046.9798715556,3187.892047999867,14055.1853259999,0.0
1774120994,10,,Aggregated,0.200000,0.200000,13000,14000,14000,14000,14000,14000,14000,14000,14000,14000,14000,20,20,13000.0,11578.555951800057,1649.086575000183,14055.1853259999,0.0
1774120995,10,,Aggregated,0.200000,0.200000,13000,14000,14000,14000,14000,14000,14000,14000,14000,14000,14000,20,20,13000.0,11578.555951800057,1649.086575000183,14055.1853259999,0.0
1774120996,10,,Aggregated,0.500000,0.500000,13000,13000,14000,14000,14000,14000,14000,14000,14000,14000,14000,22,22,13000.0,10754.677069772779,1624.405465000109,14055.1853259999,0.0
1774120997,10,,Aggregated,1.000000,1.000000,13000,14000,14000,14000,14000,17000,17000,17000,17000,17000,17000,24,24,13000.0,11260.567726416732,1624.405465000109,16910.19544000028,0.0
1774120998,10,,Aggregated,1.000000,1.000000,13000,14000,14000,14000,14000,17000,17000,17000,17000,17000,17000,25,25,13000.0,10885.270209320059,1624.405465000109,16910.19544000028,0.0
1774120999,10,,Aggregated,1.200000,1.200000,13000,13000,14000,14000,14000,17000,17000,17000,17000,17000,17000,27,27,13000.0,10560.934108444497,1624.405465000109,16910.19544000028,0.0
1774121000,10,,Aggregated,1.400000,1.400000,13000,13000,14000,14000,14000,17000,17000,17000,17000,17000,17000,29,29,13000.0,10160.987856241432,1624.405465000109,16910.19544000028,0.0
1774121001,10,,Aggregated,1.400000,1.400000,13000,13000,14000,14000,14000,17000,17000,17000,17000,17000,17000,30,30,12000.0,9877.878497966713,1624.405465000109,16910.19544000028,0.0
1774121002,10,,Aggregated,1.600000,1.600000,12000,13000,14000,14000,14000,17000,17000,17000,17000,17000,17000,32,32,12000.0,9367.37163606254,1503.8933750001888,16910.19544000028,0.0
1774121003,10,,Aggregated,1.600000,1.600000,12000,13000,14000,14000,14000,17000,17000,17000,17000,17000,17000,32,32,12000.0,9367.37163606254,1503.8933750001888,16910.19544000028,0.0
1774121004,10,,Aggregated,1.700000,1.700000,11000,13000,13000,14000,14000,17000,17000,17000,17000,17000,17000,37,37,11000.0,9083.507470405417,1503.8933750001888,16910.19544000028,0.0
1774121005,10,,Aggregated,1.700000,1.700000,11000,13000,13000,14000,14000,17000,17000,17000,17000,17000,17000,39,39,11000.0,8938.218089666672,1503.8933750001888,16910.19544000028,0.0
1774121006,10,,Aggregated,1.300000,1.300000,11000,13000,13000,14000,14000,14000,17000,17000,17000,17000,17000,42,42,10000.0,8553.292420142863,1503.8933750001888,16910.19544000028,0.0
1774121007,10,,Aggregated,1.900000,1.900000,10000,12000,13000,14000,14000,14000,17000,17000,17000,17000,17000,45,45,10000.0,8308.826581577772,1503.8933750001888,16910.19544000028,0.0
1774121008,10,,Aggregated,1.700000,1.700000,9700,12000,13000,13000,14000,14000,17000,17000,17000,17000,17000,47,47,9700.0,8015.936199510631,1352.6465260001714,16910.19544000028,0.0
1774121009,10,,Aggregated,2.100000,2.100000,8500,11000,13000,13000,14000,14000,17000,17000,17000,17000,17000,53,53,8500.0,7551.071161999995,1007.7274400000533,16910.19544000028,0.0
1774121010,10,,Aggregated,2.000000,2.000000,7900,11000,13000,13000,14000,14000,17000,17000,17000,17000,17000,56,56,7100.0,7346.740039285714,1007.7274400000533,16910.19544000028,0.0
1774121011,10,,Aggregated,2.100000,2.100000,4600,11000,12000,13000,14000,14000,17000,17000,17000,17000,17000,61,61,4600.0,6880.491347639354,1007.7274400000533,16910.19544000028,0.0
1774121012,10,,Aggregated,2.600000,2.600000,3400,10000,12000,13000,14000,14000,17000,17000,17000,17000,17000,66,66,3400.0,6506.451180484859,1006.8691389997184,16910.19544000028,0.0
1774121013,10,,Aggregated,2.700000,2.700000,3400,9700,12000,13000,14000,14000,17000,17000,17000,17000,17000,71,71,3400.0,6192.25959718311,1006.8691389997184,16910.19544000028,0.0
1774121014,10,,Aggregated,3.100000,3.100000,3300,9100,11000,12000,14000,14000,17000,17000,17000,17000,17000,76,76,3200.0,5888.511417842108,1006.8691389997184,16910.19544000028,0.0
1774121015,10,,Aggregated,3.400000,3.400000,2300,7100,11000,12000,14000,14000,17000,17000,17000,17000,17000,85,85,2300.0,5392.775997623528,1002.1538000000874,16910.19544000028,0.0
1774121016,10,,Aggregated,4.100000,4.100000,2000,4600,10000,11000,13000,14000,17000,17000,17000,17000,17000,92,92,2000.0,5061.411859108696,974.3342750002739,16910.19544000028,0.0
1774121017,10,,Aggregated,4.000000,4.000000,1900,3400,9700,11000,13000,14000,17000,17000,17000,17000,17000,98,98,1900.0,4822.5398806020385,974.3342750002739,16910.19544000028,0.0
1774121018,10,,Aggregated,4.700000,4.700000,1700,3400,8500,11000,13000,14000,14000,17000,17000,17000,17000,105,105,1700.0,4568.6810946857195,974.3342750002739,16910.19544000028,0.0
1774121019,10,,Aggregated,5.200000,5.200000,1600,3200,7100,10000,13000,14000,14000,17000,17000,17000,17000,113,113,1600.0,4320.116603283196,886.8119270000534,16910.19544000028,0.0
1774121020,10,,Aggregated,5.500000,5.500000,1600,2400,5300,9700,13000,14000,14000,17000,17000,17000,17000,121,121,1600.0,4104.2064052396745,777.3934070000905,16910.19544000028,0.0
1774121021,10,,Aggregated,5.900000,5.900000,1500,2000,4600,9100,13000,14000,14000,17000,17000,17000,17000,127,127,1500.0,3958.4681944960735,777.3934070000905,16910.19544000028,0.0
1774121022,10,,Aggregated,6.100000,6.100000,1500,2000,3400,8500,13000,14000,14000,17000,17000,17000,17000,134,134,1500.0,3806.871402873147,777.3934070000905,16910.19544000028,0.0
1774121023,10,,Aggregated,6.500000,6.500000,1400,1900,3400,7100,13000,14000,14000,17000,17000,17000,17000,142,142,1300.0,3649.490226760575,777.3934070000905,16910.19544000028,0.0
1774121024,10,,Aggregated,6.800000,6.800000,1300,1800,3300,5400,13000,14000,14000,17000,17000,17000,17000,149,149,1300.0,3531.1820685235016,777.3934070000905,16910.19544000028,0.0
1774121025,10,,Aggregated,6.900000,6.900000,1100,1700,3200,5300,12000,14000,14000,17000,17000,17000,17000,155,155,1100.0,3433.4679502774284,777.3934070000905,16910.19544000028,0.0
1774121026,10,,Aggregated,6.800000,6.800000,1100,1600,2500,3800,12000,14000,14000,17000,17000,17000,17000,163,163,1100.0,3317.1030511411086,777.3934070000905,16910.19544000028,0.0
1774121027,10,,Aggregated,7.100000,7.100000,1100,1600,2300,3400,12000,14000,14000,17000,17000,17000,17000,169,169,1100.0,3235.091198668643,777.3934070000905,16910.19544000028,0.0
1774121028,10,,Aggregated,7.100000,7.100000,1100,1600,2000,3400,12000,14000,14000,17000,17000,17000,17000,178,178,1100.0,3127.4965065842707,777.3934070000905,16910.19544000028,0.0
1774121029,10,,Aggregated,6.900000,6.900000,1100,1600,2000,3400,11000,13000,14000,17000,17000,17000,17000,185,185,1100.0,3050.5776888108094,777.3934070000905,16910.19544000028,0.0
1774121030,10,,Aggregated,7.000000,7.000000,1100,1600,1900,3300,11000,13000,14000,17000,17000,17000,17000,189,189,1100.0,3011.1969512380947,777.3934070000905,16910.19544000028,0.0
1774121031,10,,Aggregated,7.100000,7.100000,1100,1500,1900,3200,11000,13000,14000,17000,17000,17000,17000,198,198,1100.0,2919.069302131313,777.3934070000905,16910.19544000028,0.0
1774121032,10,,Aggregated,7.100000,7.100000,1100,1500,1800,2400,11000,13000,14000,14000,17000,17000,17000,206,206,1000.0,2847.357256169902,777.3934070000905,16910.19544000028,0.0
1774121033,10,,Aggregated,6.900000,6.900000,1000,1500,1700,2300,11000,13000,14000,14000,17000,17000,17000,211,211,1000.0,2804.5113334786734,777.3934070000905,16910.19544000028,0.0
1774121034,10,,Aggregated,6.900000,6.900000,1000,1400,1700,2000,11000,13000,14000,14000,17000,17000,17000,218,218,1000.0,2750.155767110093,777.3934070000905,16910.19544000028,0.0
1774121035,10,,Aggregated,7.200000,7.200000,1000,1300,1600,2000,10000,13000,14000,14000,17000,17000,17000,226,226,1000.0,2688.202783274339,777.3934070000905,16910.19544000028,0.0
1774121036,10,,Aggregated,7.300000,7.300000,1000,1300,1600,2000,10000,13000,14000,14000,17000,17000,17000,234,234,1000.0,2634.2193274786327,777.3934070000905,16910.19544000028,0.0
1774121037,10,,Aggregated,6.800000,6.800000,1000,1300,1600,1900,10000,13000,14000,14000,17000,17000,17000,238,238,1000.0,2606.144511142856,726.9128429998091,16910.19544000028,0.0
1774121038,10,,Aggregated,7.000000,7.000000,1000,1200,1600,1900,9700,13000,14000,14000,17000,17000,17000,248,248,1000.0,2544.6360664314507,726.9128429998091,16910.19544000028,0.0
1774121039,10,,Aggregated,7.000000,7.000000,1000,1200,1600,1800,9100,13000,14000,14000,17000,17000,17000,254,254,1000.0,2508.742364153541,726.9128429998091,16910.19544000028,0.0
1774121040,10,,Aggregated,7.100000,7.100000,1000,1200,1600,1700,8500,13000,14000,14000,17000,17000,17000,261,261,1000.0,2470.110265666664,726.9128429998091,16910.19544000028,0.0
1774121041,10,,Aggregated,7.000000,7.000000,1000,1100,1600,1700,8500,13000,14000,14000,17000,17000,17000,269,269,1000.0,2428.531223475837,726.9128429998091,16910.19544000028,0.0
1774121042,10,,Aggregated,6.900000,6.900000,1000,1100,1600,1700,7900,13000,14000,14000,17000,17000,17000,276,276,1000.0,2392.817954539854,726.9128429998091,16910.19544000028,0.0
1774121043,10,,Aggregated,7.100000,7.100000,1000,1100,1500,1600,7100,13000,14000,14000,17000,17000,17000,283,283,1000.0,2360.7013306113076,726.9128429998091,16910.19544000028,0.0
1774121044,10,,Aggregated,7.200000,7.200000,1000,1100,1500,1600,5400,13000,14000,14000,17000,17000,17000,291,291,1000.0,2323.5143574398626,726.9128429998091,16910.19544000028,0.0
1774121045,10,,Aggregated,6.900000,6.900000,1000,1100,1500,1600,5400,13000,14000,14000,17000,17000,17000,296,296,1000.0,2302.567919564186,726.9128429998091,16910.19544000028,0.0
1774121046,10,,Aggregated,6.900000,6.900000,1000,1100,1500,1600,5300,12000,14000,14000,17000,17000,17000,303,303,1000.0,2272.650875448842,726.9128429998091,16910.19544000028,0.0
1774121047,10,,Aggregated,7.400000,7.400000,1000,1100,1500,1600,4600,12000,14000,14000,17000,17000,17000,313,313,1000.0,2234.951894086258,726.9128429998091,16910.19544000028,0.0
1774121048,10,,Aggregated,7.100000,7.100000,1000,1100,1400,1600,4600,12000,14000,14000,17000,17000,17000,320,320,1000.0,2208.2760760749998,726.9128429998091,16910.19544000028,0.0
1774121049,10,,Aggregated,7.100000,7.100000,1000,1100,1400,1600,3800,12000,14000,14000,17000,17000,17000,325,325,1000.0,2191.8406988738466,726.9128429998091,16910.19544000028,0.0
1774121050,10,,Aggregated,7.200000,7.200000,1000,1100,1400,1600,3400,12000,14000,14000,17000,17000,17000,332,332,1000.0,2167.7227531686726,726.9128429998091,16910.19544000028,0.0
1774121051,10,,Aggregated,7.200000,7.200000,1000,1100,1400,1600,3400,12000,14000,14000,17000,17000,17000,340,340,1000.0,2142.1564140029377,726.9128429998091,16910.19544000028,0.0
1774121052,10,,Aggregated,7.000000,7.000000,1000,1100,1300,1600,3400,12000,14000,14000,17000,17000,17000,349,349,1000.0,2112.684699343836,726.9128429998091,16910.19544000028,0.0
1774121053,10,,Aggregated,7.000000,7.000000,1000,1100,1300,1600,3400,12000,14000,14000,17000,17000,17000,354,354,1000.0,2097.445377127114,726.9128429998091,16910.19544000028,0.0
1774121054,10,,Aggregated,7.100000,7.100000,1000,1100,1300,1500,3400,11000,14000,14000,17000,17000,17000,362,362,1000.0,2075.5876506436402,726.9128429998091,16910.19544000028,0.0
1774121055,10,,Aggregated,7.300000,7.300000,1000,1100,1200,1500,3400,11000,14000,14000,17000,17000,17000,369,369,1000.0,2055.547684436306,726.9128429998091,16910.19544000028,0.0
1774121056,10,,Aggregated,7.200000,7.200000,1000,1100,1200,1500,3300,11000,14000,14000,17000,17000,17000,376,376,1000.0,2037.015401367013,726.9128429998091,16910.19544000028,0.0
1774121057,10,,Aggregated,7.000000,7.000000,1000,1100,1200,1500,3200,11000,14000,14000,17000,17000,17000,382,382,1000.0,2021.084568054968,726.9128429998091,16910.19544000028,0.0
1774121058,10,,Aggregated,7.200000,7.200000,1000,1100,1200,1500,3200,11000,14000,14000,17000,17000,17000,390,390,1000.0,2003.153149058967,726.9128429998091,16910.19544000028,0.0
1774121059,10,,Aggregated,7.200000,7.200000,1000,1100,1200,1500,3200,11000,14000,14000,17000,17000,17000,397,397,1000.0,1986.130318725435,726.9128429998091,16910.19544000028,0.0
1774121060,10,,Aggregated,7.000000,7.000000,1000,1100,1200,1500,2500,11000,14000,14000,17000,17000,17000,403,403,1000.0,1972.628209210913,723.6372350002966,16910.19544000028,0.0
1774121061,10,,Aggregated,7.100000,7.100000,1000,1100,1100,1500,2400,11000,14000,14000,17000,17000,17000,411,411,1000.0,1954.6595691873445,723.6372350002966,16910.19544000028,0.0
1774121062,10,,Aggregated,7.200000,7.200000,1000,1100,1100,1500,2400,11000,14000,14000,17000,17000,17000,417,417,1000.0,1942.3116330071914,723.6372350002966,16910.19544000028,0.0
1774121063,10,,Aggregated,7.200000,7.200000,1000,1100,1100,1500,2300,11000,14000,14000,17000,17000,17000,424,424,1000.0,1927.0346288891474,723.6372350002966,16910.19544000028,0.0
1774121064,10,,Aggregated,7.000000,7.000000,1000,1100,1100,1400,2000,11000,14000,14000,17000,17000,17000,432,432,1000.0,1911.3738330370336,723.6372350002966,16910.19544000028,0.0
1774121065,10,,Aggregated,6.800000,6.800000,1000,1100,1100,1400,2000,11000,14000,14000,17000,17000,17000,440,440,1000.0,1893.8989871499987,691.6483640002298,16910.19544000028,0.0
1774121066,10,,Aggregated,6.800000,6.800000,1000,1100,1100,1400,2000,10000,14000,14000,17000,17000,17000,448,448,1000.0,1879.0972929999982,691.6483640002298,16910.19544000028,0.0
1774121067,10,,Aggregated,7.000000,7.000000,1000,1100,1100,1400,2000,10000,13000,14000,17000,17000,17000,452,452,1000.0,1871.5642665884934,691.6483640002298,16910.19544000028,0.0
1774121068,10,,Aggregated,7.000000,7.000000,1000,1100,1100,1300,2000,10000,13000,14000,17000,17000,17000,462,462,1000.0,1853.8962831948013,691.6483640002298,16910.19544000028,0.0
1774121069,10,,Aggregated,7.200000,7.200000,1000,1100,1100,1300,2000,10000,13000,14000,17000,17000,17000,468,468,1000.0,1843.0473151944411,691.6483640002298,16910.19544000028,0.0
1774121070,10,,Aggregated,7.000000,7.000000,1000,1100,1100,1300,1900,10000,13000,14000,17000,17000,17000,475,475,1000.0,1831.8818726821034,691.6483640002298,16910.19544000028,0.0
1774121072,10,,Aggregated,7.100000,7.100000,1000,1100,1100,1300,1900,9700,13000,14000,17000,17000,17000,482,482,1000.0,1820.1271321307029,691.6483640002298,16910.19544000028,0.0
1774121073,10,,Aggregated,7.100000,7.100000,1000,1100,1100,1300,1900,9700,13000,14000,17000,17000,17000,490,490,1000.0,1808.403145026529,691.6483640002298,16910.19544000028,0.0
1774121074,10,,Aggregated,7.100000,7.100000,1000,1100,1100,1300,1900,9700,13000,14000,17000,17000,17000,498,498,1000.0,1796.0178489036125,691.6483640002298,16910.19544000028,0.0
1774121075,10,,Aggregated,7.100000,7.100000,1000,1100,1100,1300,1800,9100,13000,14000,17000,17000,17000,504,504,1000.0,1787.994208928569,691.6483640002298,16910.19544000028,0.0
1774121076,10,,Aggregated,7.300000,7.300000,1000,1100,1100,1300,1800,9100,13000,14000,17000,17000,17000,510,510,1000.0,1778.5341964137242,691.6483640002298,16910.19544000028,0.0
1774121077,10,,Aggregated,7.400000,7.400000,1000,1100,1100,1200,1800,9100,13000,14000,17000,17000,17000,519,519,1000.0,1766.3246668882457,691.6483640002298,16910.19544000028,0.0
1774121078,10,,Aggregated,7.200000,7.200000,1000,1100,1100,1200,1700,8500,13000,14000,17000,17000,17000,526,526,1000.0,1755.939280241445,691.6483640002298,16910.19544000028,0.0
1774121079,10,,Aggregated,7.000000,7.000000,1000,1100,1100,1200,1700,8500,13000,14000,17000,17000,17000,532,532,1000.0,1749.186829892857,691.6483640002298,16910.19544000028,0.0
1774121080,10,,Aggregated,7.000000,7.000000,1000,1100,1100,1200,1700,8500,13000,14000,17000,17000,17000,540,540,1000.0,1738.985380474074,691.6483640002298,16910.19544000028,0.0
1774121081,10,,Aggregated,7.300000,7.300000,1000,1000,1100,1200,1700,7900,13000,14000,17000,17000,17000,549,549,1000.0,1726.7154289999999,691.6483640002298,16910.19544000028,0.0
1774121082,10,,Aggregated,7.000000,7.000000,1000,1000,1100,1200,1700,7900,13000,14000,17000,17000,17000,553,553,1000.0,1722.611835562386,691.6483640002298,16910.19544000028,0.0
1774121083,10,,Aggregated,7.400000,7.400000,1000,1100,1100,1200,1700,7100,13000,14000,17000,17000,17000,561,561,1000.0,1713.0288045811049,691.6483640002298,16910.19544000028,0.0
1774121084,10,,Aggregated,7.400000,7.400000,1000,1000,1100,1200,1700,7100,13000,14000,17000,17000,17000,569,569,1000.0,1704.1624385606303,691.6483640002298,16910.19544000028,0.0
1774121085,10,,Aggregated,7.100000,7.100000,1000,1000,1100,1100,1700,7100,13000,14000,17000,17000,17000,575,575,1000.0,1696.5694169669537,691.6483640002298,16910.19544000028,0.0
1774121086,10,,Aggregated,7.100000,7.100000,1000,1100,1100,1100,1700,5400,13000,14000,17000,17000,17000,584,584,1000.0,1687.6799496746542,691.6483640002298,16910.19544000028,0.0
1774121087,10,,Aggregated,7.100000,7.100000,1000,1000,1100,1100,1700,5400,13000,14000,17000,17000,17000,589,589,1000.0,1682.1048313582319,691.6483640002298,16910.19544000028,0.0
1774121088,10,,Aggregated,7.100000,7.100000,1000,1000,1100,1100,1600,5400,13000,14000,17000,17000,17000,597,597,1000.0,1673.487770618089,691.6483640002298,16910.19544000028,0.0
1774121089,10,,Aggregated,7.100000,7.100000,1000,1000,1100,1100,1600,5300,13000,14000,17000,17000,17000,604,604,1000.0,1666.230576508276,691.6483640002298,16910.19544000028,0.0
1774121090,10,,Aggregated,7.000000,7.000000,1000,1000,1100,1100,1600,5300,13000,14000,17000,17000,17000,610,610,1000.0,1660.909102986884,691.6483640002298,16910.19544000028,0.0
1774121091,10,,Aggregated,7.100000,7.100000,1000,1000,1100,1100,1600,5300,13000,14000,17000,17000,17000,618,618,1000.0,1652.5171152556634,691.6483640002298,16910.19544000028,0.0
1774121092,10,,Aggregated,7.200000,7.200000,1000,1000,1100,1100,1600,4600,13000,14000,17000,17000,17000,626,626,1000.0,1645.8175946725237,691.6483640002298,16910.19544000028,0.0
1774121093,10,,Aggregated,7.000000,7.000000,1000,1000,1100,1100,1600,4600,13000,14000,17000,17000,17000,632,632,1000.0,1640.0857574335437,691.6483640002298,16910.19544000028,0.0
1774121094,10,,Aggregated,6.900000,6.900000,1000,1000,1100,1100,1600,4600,13000,14000,17000,17000,17000,639,639,1000.0,1633.6722568873242,691.6483640002298,16910.19544000028,0.0
1774121095,10,,Aggregated,7.200000,7.200000,1000,1000,1100,1100,1600,3800,13000,14000,17000,17000,17000,648,648,1000.0,1625.0060617669758,691.6483640002298,16910.19544000028,0.0
1774121096,10,,Aggregated,7.200000,7.200000,1000,1000,1100,1100,1600,3800,13000,14000,17000,17000,17000,655,655,1000.0,1619.2339762167956,691.6483640002298,16910.19544000028,0.0
1774121097,10,,Aggregated,7.200000,7.200000,1000,1000,1100,1100,1600,3400,13000,14000,17000,17000,17000,663,663,1000.0,1612.1404468778298,691.6483640002298,16910.19544000028,0.0
1774121098,10,,Aggregated,7.400000,7.400000,1000,1000,1100,1100,1600,3400,13000,14000,17000,17000,17000,669,669,1000.0,1607.8591731345302,691.6483640002298,16910.19544000028,0.0
1774121099,10,,Aggregated,7.400000,7.400000,1000,1000,1100,1100,1600,3400,13000,14000,17000,17000,17000,676,676,1000.0,1601.8351657278113,691.6483640002298,16910.19544000028,0.0
1774121100,10,,Aggregated,7.100000,7.100000,1000,1000,1100,1100,1600,3400,13000,14000,17000,17000,17000,685,685,1000.0,1594.57512160438,691.6483640002298,16910.19544000028,0.0
1774121101,10,,Aggregated,7.200000,7.200000,1000,1000,1100,1100,1600,3400,13000,14000,17000,17000,17000,691,691,1000.0,1589.4060168639664,691.6483640002298,16910.19544000028,0.0
1774121102,10,,Aggregated,7.200000,7.200000,1000,1000,1100,1100,1600,3400,13000,14000,17000,17000,17000,698,698,1000.0,1584.2968660458464,691.6483640002298,16910.19544000028,0.0
1774121103,10,,Aggregated,7.100000,7.100000,1000,1000,1100,1100,1600,3400,13000,14000,17000,17000,17000,706,706,1000.0,1577.5399940028356,691.6483640002298,16910.19544000028,0.0
1774121104,10,,Aggregated,7.200000,7.200000,1000,1000,1100,1100,1600,3400,13000,14000,17000,17000,17000,712,712,1000.0,1573.6495034775303,691.6483640002298,16910.19544000028,0.0
1774121105,10,,Aggregated,7.200000,7.200000,1000,1000,1100,1100,1600,3400,13000,14000,17000,17000,17000,721,721,1000.0,1566.9834812995862,691.6483640002298,16910.19544000028,0.0
1774121106,10,,Aggregated,7.200000,7.200000,1000,1000,1100,1100,1600,3400,13000,14000,17000,17000,17000,727,727,1000.0,1562.516428002753,691.6483640002298,16910.19544000028,0.0
1774121107,10,,Aggregated,7.200000,7.200000,1000,1000,1100,1100,1600,3400,13000,14000,17000,17000,17000,734,734,1000.0,1558.0350977356977,691.6483640002298,16910.19544000028,0.0
1774121108,10,,Aggregated,7.200000,7.200000,1000,1000,1100,1100,1600,3400,13000,14000,17000,17000,17000,740,740,1000.0,1553.7356002378413,691.6483640002298,16910.19544000028,0.0
1774121109,10,,Aggregated,7.000000,7.000000,1000,1000,1100,1100,1600,3300,13000,14000,17000,17000,17000,747,747,1000.0,1549.4755137951845,691.6483640002298,16910.19544000028,0.0
1774121110,10,,Aggregated,7.200000,7.200000,1000,1000,1100,1100,1600,3300,12000,14000,17000,17000,17000,755,755,1000.0,1543.9513574794755,691.6483640002298,16910.19544000028,0.0
1774121111,10,,Aggregated,7.200000,7.200000,1000,1000,1100,1100,1600,3200,12000,14000,17000,17000,17000,761,761,1000.0,1540.2122248252351,691.6483640002298,16910.19544000028,0.0
1774121112,10,,Aggregated,7.000000,7.000000,1000,1000,1100,1100,1600,3200,12000,14000,17000,17000,17000,767,767,1000.0,1536.30098108084,691.6483640002298,16910.19544000028,0.0
1774121113,10,,Aggregated,7.200000,7.200000,1000,1000,1100,1100,1600,3200,12000,14000,17000,17000,17000,776,776,1000.0,1531.8050237242312,691.6483640002298,16910.19544000028,0.0
1774121114,10,,Aggregated,6.800000,6.800000,1000,1000,1100,1100,1600,3200,12000,14000,17000,17000,17000,783,783,1000.0,1527.3107694917041,691.6483640002298,16910.19544000028,0.0
1774121115,10,,Aggregated,7.000000,7.000000,1000,1000,1100,1100,1600,3200,12000,14000,17000,17000,17000,791,791,1000.0,1522.6648513185892,691.6483640002298,16910.19544000028,0.0
1774121116,10,,Aggregated,7.000000,7.000000,1000,1000,1100,1100,1600,3200,12000,14000,17000,17000,17000,796,796,1000.0,1519.5336845414622,691.6483640002298,16910.19544000028,0.0
1774121117,10,,Aggregated,7.000000,7.000000,1000,1000,1100,1100,1600,2500,12000,14000,17000,17000,17000,804,804,1000.0,1515.3708410945321,691.6483640002298,16910.19544000028,0.0
1774121118,10,,Aggregated,6.900000,6.900000,1000,1000,1100,1100,1600,2500,12000,14000,17000,17000,17000,811,811,1000.0,1510.9115956966752,691.6483640002298,16910.19544000028,0.0
1774121119,10,,Aggregated,7.100000,7.100000,1000,1000,1100,1100,1600,2500,12000,14000,17000,17000,17000,820,820,1000.0,1506.1593409463453,691.6483640002298,16910.19544000028,0.0
1774121120,10,,Aggregated,7.000000,7.000000,1000,1000,1100,1100,1600,2400,12000,14000,17000,17000,17000,825,825,1000.0,1503.0164055369737,691.6483640002298,16910.19544000028,0.0
1774121121,10,,Aggregated,7.000000,7.000000,1000,1000,1100,1100,1600,2400,12000,14000,17000,17000,17000,831,831,1000.0,1500.1839020649838,691.6483640002298,16910.19544000028,0.0
1774121122,10,,Aggregated,7.100000,7.100000,1000,1000,1100,1100,1600,2400,12000,14000,17000,17000,17000,840,840,1000.0,1495.5948800964304,691.6483640002298,16910.19544000028,0.0
1774121123,10,,Aggregated,7.000000,7.000000,1000,1000,1100,1100,1600,2300,12000,14000,17000,17000,17000,848,848,1000.0,1491.4550461474075,691.6483640002298,16910.19544000028,0.0
1774121124,10,,Aggregated,7.200000,7.200000,1000,1000,1100,1100,1600,2300,12000,14000,17000,17000,17000,855,855,1000.0,1487.7003532467868,691.6483640002298,16910.19544000028,0.0
1774121125,10,,Aggregated,7.100000,7.100000,1000,1000,1100,1100,1600,2000,12000,14000,17000,17000,17000,862,862,1000.0,1483.822267351512,691.6483640002298,16910.19544000028,0.0
1774121126,10,,Aggregated,7.100000,7.100000,1000,1000,1100,1100,1600,2000,12000,14000,17000,17000,17000,870,870,1000.0,1479.9362995655208,691.6483640002298,16910.19544000028,0.0
1774121127,10,,Aggregated,7.100000,7.100000,1000,1000,1100,1100,1600,2000,12000,14000,17000,17000,17000,875,875,1000.0,1477.02583658629,691.6483640002298,16910.19544000028,0.0
1774121128,10,,Aggregated,7.100000,7.100000,1000,1000,1100,1100,1600,2000,12000,14000,17000,17000,17000,884,884,1000.0,1473.1603622590542,691.6483640002298,16910.19544000028,0.0
1774121129,10,,Aggregated,7.200000,7.200000,1000,1000,1100,1100,1600,2000,12000,14000,17000,17000,17000,891,891,1000.0,1469.853787363641,691.6483640002298,16910.19544000028,0.0
1774121130,10,,Aggregated,7.200000,7.200000,1000,1000,1100,1100,1600,2000,12000,14000,17000,17000,17000,897,897,1000.0,1467.021236016726,691.6483640002298,16910.19544000028,0.0
1774121131,10,,Aggregated,7.200000,7.200000,1000,1000,1100,1100,1600,2000,11000,13000,17000,17000,17000,905,905,1000.0,1463.1739359392307,691.6483640002298,16910.19544000028,0.0
1774121132,10,,Aggregated,7.200000,7.200000,1000,1000,1100,1100,1600,2000,11000,13000,17000,17000,17000,912,912,1000.0,1460.4621929824605,691.6483640002298,16910.19544000028,0.0
1774121133,10,,Aggregated,7.100000,7.100000,1000,1000,1100,1100,1600,2000,11000,13000,17000,17000,17000,920,920,1000.0,1456.1313649108738,691.6483640002298,16910.19544000028,0.0
1774121134,10,,Aggregated,7.200000,7.200000,1000,1000,1100,1100,1600,2000,11000,13000,17000,17000,17000,928,928,1000.0,1452.6536175689694,656.8661760002215,16910.19544000028,0.0
1774121135,10,,Aggregated,7.300000,7.300000,1000,1000,1100,1100,1500,2000,11000,13000,17000,17000,17000,935,935,1000.0,1449.039084028881,656.8661760002215,16910.19544000028,0.0
1774121136,10,,Aggregated,7.200000,7.200000,1000,1000,1100,1100,1500,2000,11000,13000,17000,17000,17000,941,941,1000.0,1446.9130778979857,656.8661760002215,16910.19544000028,0.0
1774121137,10,,Aggregated,7.100000,7.100000,1000,1000,1100,1100,1500,2000,11000,13000,17000,17000,17000,948,948,1000.0,1443.9292022594984,656.8661760002215,16910.19544000028,0.0
1774121138,10,,Aggregated,7.300000,7.300000,1000,1000,1100,1100,1500,2000,11000,13000,17000,17000,17000,956,956,1000.0,1441.064297196658,656.8661760002215,16910.19544000028,0.0
1774121139,10,,Aggregated,7.300000,7.300000,1000,1000,1100,1100,1500,1900,11000,13000,17000,17000,17000,962,962,1000.0,1438.4621038420005,656.8661760002215,16910.19544000028,0.0
1774121140,10,,Aggregated,7.000000,7.000000,1000,1000,1100,1100,1500,1900,11000,13000,17000,17000,17000,970,970,1000.0,1435.7884803051595,656.8661760002215,16910.19544000028,0.0
1774121141,10,,Aggregated,7.200000,7.200000,1000,1000,1100,1100,1500,1900,11000,13000,17000,17000,17000,976,976,1000.0,1433.107634587095,656.8661760002215,16910.19544000028,0.0
1774121142,10,,Aggregated,7.200000,7.200000,1000,1000,1100,1100,1500,1900,11000,13000,17000,17000,17000,986,986,1000.0,1429.4279380091323,656.8661760002215,16910.19544000028,0.0
1774121143,10,,Aggregated,7.200000,7.200000,1000,1000,1100,1100,1500,1900,11000,13000,17000,17000,17000,991,991,1000.0,1427.3807400312865,656.8661760002215,16910.19544000028,0.0
1774121144,10,,Aggregated,7.200000,7.200000,1000,1000,1100,1100,1500,1900,11000,13000,17000,17000,17000,998,998,1000.0,1424.7968028216478,656.8661760002215,16910.19544000028,0.0
1774121145,10,,Aggregated,7.100000,7.100000,1000,1000,1100,1100,1500,1900,11000,13000,17000,17000,17000,1006,1006,1000.0,1422.2413761799253,656.8661760002215,16910.19544000028,0.0
1774121146,10,,Aggregated,7.200000,7.200000,1000,1000,1100,1100,1500,1900,11000,13000,17000,17000,17000,1013,1013,1000.0,1419.3557683228078,656.8661760002215,16910.19544000028,0.0
1774121147,10,,Aggregated,7.200000,7.200000,1000,1000,1100,1100,1500,1900,11000,13000,17000,17000,17000,1019,1019,1000.0,1417.5440493660499,656.8661760002215,16910.19544000028,0.0
1774121148,10,,Aggregated,7.200000,7.200000,1000,1000,1100,1100,1500,1800,11000,13000,17000,17000,17000,1026,1026,1000.0,1414.6669126803167,645.6830009997248,16910.19544000028,0.0
1774121149,10,,Aggregated,6.900000,6.900000,1000,1000,1100,1100,1500,1800,11000,13000,17000,17000,17000,1036,1036,1000.0,1411.3138408532861,645.6830009997248,16910.19544000028,0.0
1774121150,10,,Aggregated,7.400000,7.400000,1000,1000,1100,1100,1500,1800,11000,13000,17000,17000,17000,1042,1042,1000.0,1408.922021900196,645.6830009997248,16910.19544000028,0.0
1774121151,10,,Aggregated,7.100000,7.100000,1000,1000,1100,1100,1500,1800,11000,13000,17000,17000,17000,1049,1049,1000.0,1406.0826226873257,645.6830009997248,16910.19544000028,0.0
1774121152,10,,Aggregated,6.900000,6.900000,1000,1000,1100,1100,1500,1800,11000,13000,17000,17000,17000,1055,1055,1000.0,1403.9023617800983,645.6830009997248,16910.19544000028,0.0
1774121153,10,,Aggregated,7.200000,7.200000,1000,1000,1100,1100,1500,1800,11000,13000,17000,17000,17000,1064,1064,1000.0,1401.2112829755672,645.6830009997248,16910.19544000028,0.0
1774121154,10,,Aggregated,7.100000,7.100000,1000,1000,1100,1100,1500,1800,11000,13000,17000,17000,17000,1070,1070,1000.0,1398.953925706545,645.6830009997248,16910.19544000028,0.0
1774121155,10,,Aggregated,7.100000,7.100000,1000,1000,1100,1100,1500,1800,11000,13000,17000,17000,17000,1078,1078,1000.0,1396.5475455361816,645.6830009997248,16910.19544000028,0.0
1774121156,10,,Aggregated,7.100000,7.100000,1000,1000,1100,1100,1500,1700,11000,13000,17000,17000,17000,1083,1083,1000.0,1394.8624213739643,645.6830009997248,16910.19544000028,0.0
1774121157,10,,Aggregated,7.100000,7.100000,1000,1000,1100,1100,1500,1700,11000,13000,17000,17000,17000,1093,1093,1000.0,1391.8089104190328,645.6830009997248,16910.19544000028,0.0
1774121158,10,,Aggregated,7.300000,7.300000,1000,1000,1100,1100,1500,1700,11000,13000,17000,17000,17000,1099,1099,1000.0,1389.5899430782558,645.6830009997248,16910.19544000028,0.0
1774121159,10,,Aggregated,7.300000,7.300000,1000,1000,1100,1100,1500,1700,10000,13000,17000,17000,17000,1107,1107,1000.0,1387.2517862140946,645.6830009997248,16910.19544000028,0.0
1774121160,10,,Aggregated,6.800000,6.800000,1000,1000,1100,1100,1500,1700,10000,13000,17000,17000,17000,1112,1112,1000.0,1385.368974913672,645.6830009997248,16910.19544000028,0.0
1774121161,10,,Aggregated,7.300000,7.300000,1000,1000,1100,1100,1500,1700,10000,13000,17000,17000,17000,1122,1122,1000.0,1382.6292904358322,645.6830009997248,16910.19544000028,0.0
1774121162,10,,Aggregated,7.300000,7.300000,1000,1000,1100,1100,1500,1700,10000,13000,17000,17000,17000,1129,1129,1000.0,1380.0078952914118,645.6830009997248,16910.19544000028,0.0
1774121163,10,,Aggregated,7.100000,7.100000,1000,1000,1100,1100,1500,1700,10000,13000,17000,17000,17000,1136,1136,1000.0,1378.4015715105668,645.6830009997248,16910.19544000028,0.0
1774121164,10,,Aggregated,7.000000,7.000000,1000,1000,1100,1100,1500,1700,10000,13000,17000,17000,17000,1141,1141,1000.0,1377.019386002632,645.6830009997248,16910.19544000028,0.0
1774121165,10,,Aggregated,7.200000,7.200000,1000,1000,1100,1100,1500,1700,10000,13000,17000,17000,17000,1150,1150,1000.0,1374.5982389965247,645.6830009997248,16910.19544000028,0.0
1774121166,10,,Aggregated,7.100000,7.100000,1000,1000,1100,1100,1500,1700,10000,13000,17000,17000,17000,1157,1157,1000.0,1372.8193839628384,645.6830009997248,16910.19544000028,0.0
1774121167,10,,Aggregated,7.200000,7.200000,1000,1000,1100,1100,1500,1700,10000,13000,17000,17000,17000,1164,1164,1000.0,1370.4595676348838,645.6830009997248,16910.19544000028,0.0
1774121168,10,,Aggregated,7.000000,7.000000,1000,1000,1100,1100,1500,1700,10000,13000,17000,17000,17000,1172,1172,1000.0,1368.4543845119501,645.6830009997248,16910.19544000028,0.0
1774121169,10,,Aggregated,7.200000,7.200000,1000,1000,1100,1100,1500,1700,10000,13000,17000,17000,17000,1178,1178,1000.0,1366.3855545976273,645.6830009997248,16910.19544000028,0.0
1774121170,10,,Aggregated,7.200000,7.200000,1000,1000,1100,1100,1500,1700,10000,13000,17000,17000,17000,1187,1187,1000.0,1363.9530401019417,645.6830009997248,16910.19544000028,0.0
1774121171,10,,Aggregated,7.100000,7.100000,1000,1000,1100,1100,1500,1700,10000,13000,17000,17000,17000,1193,1193,1000.0,1362.2195270829875,645.6830009997248,16910.19544000028,0.0
1774121172,10,,Aggregated,7.100000,7.100000,1000,1000,1100,1100,1500,1700,10000,13000,17000,17000,17000,1200,1200,1000.0,1360.507892460004,645.6830009997248,16910.19544000028,0.0
1774121173,10,,Aggregated,7.200000,7.200000,1000,1000,1100,1100,1500,1700,9700,13000,17000,17000,17000,1208,1208,1000.0,1358.4538703377534,645.6830009997248,16910.19544000028,0.0
1774121174,10,,Aggregated,7.300000,7.300000,1000,1000,1100,1100,1500,1700,9700,13000,17000,17000,17000,1214,1214,1000.0,1356.761307271834,614.707565000117,16910.19544000028,0.0
1774121175,10,,Aggregated,7.000000,7.000000,1000,1000,1100,1100,1500,1700,9700,13000,17000,17000,17000,1222,1222,1000.0,1354.6544995924767,614.707565000117,16910.19544000028,0.0
1774121176,10,,Aggregated,7.200000,7.200000,1000,1000,1100,1100,1500,1700,9700,13000,17000,17000,17000,1230,1230,1000.0,1352.8563133154528,614.707565000117,16910.19544000028,0.0
1774121177,10,,Aggregated,7.200000,7.200000,1000,1000,1100,1100,1500,1700,9700,13000,17000,17000,17000,1234,1234,1000.0,1351.7399636329067,614.707565000117,16910.19544000028,0.0
1774121178,10,,Aggregated,7.000000,7.000000,1000,1000,1100,1100,1500,1700,9700,13000,17000,17000,17000,1243,1243,1000.0,1349.7980766371736,614.707565000117,16910.19544000028,0.0
1774121179,10,,Aggregated,7.100000,7.100000,1000,1000,1100,1100,1500,1700,9100,13000,17000,17000,17000,1251,1251,1000.0,1347.3960014180714,614.707565000117,16910.19544000028,0.0
1774121180,10,,Aggregated,7.300000,7.300000,1000,1000,1100,1100,1500,1700,9100,13000,17000,17000,17000,1260,1260,1000.0,1345.4351610357198,614.707565000117,16910.19544000028,0.0
1774121181,10,,Aggregated,7.200000,7.200000,1000,1000,1100,1100,1500,1700,9100,13000,17000,17000,17000,1264,1264,1000.0,1344.4843094446258,614.707565000117,16910.19544000028,0.0
1774121182,10,,Aggregated,7.200000,7.200000,1000,1000,1100,1100,1500,1700,9100,13000,17000,17000,17000,1272,1272,1000.0,1342.8393348168297,614.707565000117,16910.19544000028,0.0
1774121183,10,,Aggregated,7.200000,7.200000,1000,1000,1100,1100,1500,1700,9100,13000,17000,17000,17000,1280,1280,1000.0,1341.0397554882866,614.707565000117,16910.19544000028,0.0
1774121184,10,,Aggregated,7.100000,7.100000,1000,1000,1100,1100,1500,1600,9100,13000,17000,17000,17000,1288,1288,1000.0,1339.2107008431738,614.707565000117,16910.19544000028,0.0
1774121185,10,,Aggregated,7.000000,7.000000,1000,1000,1100,1100,1500,1600,9100,13000,17000,17000,17000,1292,1292,1000.0,1338.2473234814302,614.707565000117,16910.19544000028,0.0
1774121186,10,,Aggregated,7.100000,7.100000,1000,1000,1100,1100,1500,1600,8500,13000,17000,17000,17000,1301,1301,1000.0,1336.1096272213742,614.707565000117,16910.19544000028,0.0
1774121187,10,,Aggregated,7.100000,7.100000,1000,1000,1100,1100,1500,1600,8500,13000,17000,17000,17000,1308,1308,1000.0,1334.3432965489358,614.707565000117,16910.19544000028,0.0
1774121188,10,,Aggregated,7.600000,7.600000,1000,1000,1100,1100,1500,1600,8500,13000,17000,17000,17000,1317,1317,1000.0,1332.675341394084,614.707565000117,16910.19544000028,0.0
1774121189,10,,Aggregated,7.000000,7.000000,1000,1000,1100,1100,1500,1600,8500,13000,17000,17000,17000,1322,1322,1000.0,1331.3123729493261,614.707565000117,16910.19544000028,0.0
1774121190,10,,Aggregated,7.100000,7.100000,1000,1000,1100,1100,1500,1600,8500,13000,17000,17000,17000,1330,1330,1000.0,1329.5925505225634,614.707565000117,16910.19544000028,0.0
1774121191,10,,Aggregated,7.100000,7.100000,1000,1000,1100,1100,1500,1600,8500,13000,17000,17000,17000,1338,1338,1000.0,1328.0163473228774,614.707565000117,16910.19544000028,0.0
1774121192,10,,Aggregated,7.400000,7.400000,1000,1000,1100,1100,1500,1600,8500,13000,17000,17000,17000,1346,1346,1000.0,1326.0992539346285,614.707565000117,16910.19544000028,0.0
1774121193,10,,Aggregated,7.100000,7.100000,1000,1000,1100,1100,1500,1600,7900,13000,17000,17000,17000,1351,1351,1000.0,1325.356920159148,614.707565000117,16910.19544000028,0.0
1774121194,10,,Aggregated,7.100000,7.100000,1000,1000,1100,1100,1500,1600,7900,13000,17000,17000,17000,1357,1357,1000.0,1324.0612856072285,614.707565000117,16910.19544000028,0.0
1774121195,10,,Aggregated,7.400000,7.400000,1000,1000,1100,1100,1500,1600,7900,13000,17000,17000,17000,1366,1366,1000.0,1322.5096302276784,614.707565000117,16910.19544000028,0.0
1774121196,10,,Aggregated,7.200000,7.200000,1000,1000,1100,1100,1500,1600,7900,13000,17000,17000,17000,1373,1373,1000.0,1320.9075434035021,614.707565000117,16910.19544000028,0.0
1774121197,10,,Aggregated,7.000000,7.000000,1000,1000,1100,1100,1500,1600,7900,13000,17000,17000,17000,1380,1380,1000.0,1319.7461510239193,614.707565000117,16910.19544000028,0.0
1774121198,10,,Aggregated,6.900000,6.900000,1000,1000,1100,1100,1500,1600,7900,13000,17000,17000,17000,1386,1386,1000.0,1318.4722258780723,614.707565000117,16910.19544000028,0.0
1774121199,10,,Aggregated,7.300000,7.300000,1000,1000,1100,1100,1500,1600,7900,13000,17000,17000,17000,1395,1395,1000.0,1316.807751430113,614.707565000117,16910.19544000028,0.0
1774121200,10,,Aggregated,7.100000,7.100000,1000,1000,1100,1100,1500,1600,7900,13000,17000,17000,17000,1400,1400,1000.0,1315.8861793300052,614.707565000117,16910.19544000028,0.0
1774121201,10,,Aggregated,6.900000,6.900000,1000,1000,1100,1100,1500,1600,7100,13000,17000,17000,17000,1408,1408,1000.0,1314.7222281619365,614.707565000117,16910.19544000028,0.0
1774121202,10,,Aggregated,6.800000,6.800000,1000,1000,1100,1100,1500,1600,7100,13000,17000,17000,17000,1415,1415,1000.0,1313.051751728627,614.707565000117,16910.19544000028,0.0
1774121203,10,,Aggregated,7.100000,7.100000,1000,1000,1100,1100,1500,1600,7100,13000,17000,17000,17000,1424,1424,1000.0,1311.5573300969152,614.707565000117,16910.19544000028,0.0
1774121204,10,,Aggregated,7.000000,7.000000,1000,1000,1100,1100,1500,1600,7100,13000,17000,17000,17000,1430,1430,1000.0,1310.8182633028027,614.707565000117,16910.19544000028,0.0
1774121205,10,,Aggregated,7.000000,7.000000,1000,1000,1100,1100,1500,1600,7100,13000,17000,17000,17000,1435,1435,1000.0,1309.8407880439077,614.707565000117,16910.19544000028,0.0
1774121206,10,,Aggregated,7.100000,7.100000,1000,1000,1100,1100,1500,1600,7100,13000,17000,17000,17000,1444,1444,1000.0,1308.160144241003,614.707565000117,16910.19544000028,0.0
1774121207,10,,Aggregated,7.200000,7.200000,1000,1000,1100,1100,1500,1600,5400,13000,17000,17000,17000,1451,1451,1000.0,1306.8306940282628,614.707565000117,16910.19544000028,0.0
1774121208,10,,Aggregated,7.000000,7.000000,1000,1000,1100,1100,1500,1600,5400,13000,17000,17000,17000,1457,1457,1000.0,1305.8063034255385,614.707565000117,16910.19544000028,0.0
1774121209,10,,Aggregated,7.000000,7.000000,1000,1000,1100,1100,1500,1600,5400,13000,17000,17000,17000,1466,1466,1000.0,1304.1194427319303,614.707565000117,16910.19544000028,0.0
1774121210,10,,Aggregated,7.100000,7.100000,1000,1000,1100,1100,1500,1600,5400,13000,17000,17000,17000,1473,1473,1000.0,1302.9723873951189,614.707565000117,16910.19544000028,0.0
1774121211,10,,Aggregated,7.200000,7.200000,1000,1000,1100,1100,1500,1600,5400,13000,17000,17000,17000,1480,1480,1000.0,1301.882577031764,614.707565000117,16910.19544000028,0.0
1774121212,10,,Aggregated,7.100000,7.100000,1000,1000,1100,1100,1500,1600,5400,13000,17000,17000,17000,1487,1487,1000.0,1300.9745470269067,614.707565000117,16910.19544000028,0.0
1774121213,10,,Aggregated,7.000000,7.000000,1000,1000,1100,1100,1500,1600,5400,13000,17000,17000,17000,1493,1493,1000.0,1299.7855075753587,614.707565000117,16910.19544000028,0.0
1774121214,10,,Aggregated,7.300000,7.300000,1000,1000,1100,1100,1500,1600,5300,12000,17000,17000,17000,1503,1503,1000.0,1298.3106710272848,614.707565000117,16910.19544000028,0.0
1774121215,10,,Aggregated,7.100000,7.100000,1000,1000,1100,1100,1500,1600,5300,12000,17000,17000,17000,1509,1509,1000.0,1296.8897580371165,614.707565000117,16910.19544000028,0.0
1774121216,10,,Aggregated,6.900000,6.900000,1000,1000,1100,1100,1500,1600,5300,12000,17000,17000,17000,1515,1515,1000.0,1295.9690874165074,614.707565000117,16910.19544000028,0.0
1774121217,10,,Aggregated,7.200000,7.200000,1000,1000,1100,1100,1500,1600,5300,12000,17000,17000,17000,1524,1524,1000.0,1294.805926355649,614.707565000117,16910.19544000028,0.0
1774121219,10,,Aggregated,7.200000,7.200000,1000,1000,1100,1100,1500,1600,5300,12000,17000,17000,17000,1530,1530,1000.0,1293.6563098581764,614.707565000117,16910.19544000028,0.0
1774121220,10,,Aggregated,7.000000,7.000000,1000,1000,1100,1100,1500,1600,5300,12000,17000,17000,17000,1538,1538,1000.0,1292.4307970539724,614.707565000117,16910.19544000028,0.0
1774121221,10,,Aggregated,7.200000,7.200000,1000,1000,1100,1100,1500,1600,5300,12000,17000,17000,17000,1543,1543,1000.0,1291.5681336694813,614.707565000117,16910.19544000028,0.0
1774121222,10,,Aggregated,7.200000,7.200000,1000,1000,1100,1100,1500,1600,4600,12000,17000,17000,17000,1553,1553,1000.0,1290.023130448815,614.707565000117,16910.19544000028,0.0
1774121223,10,,Aggregated,7.200000,7.200000,1000,1000,1100,1100,1500,1600,4600,12000,17000,17000,17000,1559,1559,1000.0,1289.0099896869851,614.707565000117,16910.19544000028,0.0
1774121224,10,,Aggregated,7.000000,7.000000,1000,1000,1100,1100,1500,1600,4600,12000,17000,17000,17000,1564,1564,1000.0,1288.6364288625387,614.707565000117,16910.19544000028,0.0
1774121225,10,,Aggregated,7.100000,7.100000,1000,1000,1100,1100,1500,1600,4600,12000,17000,17000,17000,1573,1573,1000.0,1287.0705069713993,614.707565000117,16910.19544000028,0.0
1774121226,10,,Aggregated,7.200000,7.200000,1000,1000,1100,1100,1500,1600,4600,12000,17000,17000,17000,1581,1581,1000.0,1285.9273317748327,614.707565000117,16910.19544000028,0.0
1774121227,10,,Aggregated,7.000000,7.000000,1000,1000,1100,1100,1500,1600,4600,12000,17000,17000,17000,1586,1586,1000.0,1285.1530505958451,614.707565000117,16910.19544000028,0.0
1774121228,10,,Aggregated,7.000000,7.000000,1000,1000,1100,1100,1500,1600,4600,12000,17000,17000,17000,1595,1595,1000.0,1284.1189774683448,614.707565000117,16910.19544000028,0.0
1774121229,10,,Aggregated,7.200000,7.200000,1000,1000,1100,1100,1500,1600,3800,12000,17000,17000,17000,1601,1601,1000.0,1283.0048048344852,614.707565000117,16910.19544000028,0.0
1774121230,10,,Aggregated,7.100000,7.100000,1000,1000,1100,1100,1500,1600,3800,12000,17000,17000,17000,1610,1610,1000.0,1281.7097819857213,614.707565000117,16910.19544000028,0.0
1774121231,10,,Aggregated,7.100000,7.100000,1000,1000,1100,1100,1500,1600,3800,12000,17000,17000,17000,1617,1617,1000.0,1280.7533735157772,614.707565000117,16910.19544000028,0.0
1774121232,10,,Aggregated,7.100000,7.100000,1000,1000,1100,1100,1500,1600,3800,12000,17000,17000,17000,1622,1622,1000.0,1280.2922298267645,614.707565000117,16910.19544000028,0.0
1774121233,10,,Aggregated,7.100000,7.100000,1000,1000,1100,1100,1500,1600,3800,12000,17000,17000,17000,1630,1630,1000.0,1278.9437650736272,614.707565000117,16910.19544000028,0.0
1774121234,10,,Aggregated,7.000000,7.000000,1000,1000,1100,1100,1500,1600,3800,12000,17000,17000,17000,1639,1639,1000.0,1277.6764022824964,614.707565000117,16910.19544000028,0.0
1774121235,10,,Aggregated,7.100000,7.100000,1000,1000,1100,1100,1500,1600,3800,12000,17000,17000,17000,1645,1645,1000.0,1277.0444467884574,614.707565000117,16910.19544000028,0.0
1774121236,10,,Aggregated,7.100000,7.100000,1000,1000,1100,1100,1500,1600,3400,12000,17000,17000,17000,1651,1651,1000.0,1276.1900217837747,614.707565000117,16910.19544000028,0.0
1774121237,10,,Aggregated,7.400000,7.400000,1000,1000,1100,1100,1500,1600,3400,12000,17000,17000,17000,1660,1660,1000.0,1274.9771994168748,614.707565000117,16910.19544000028,0.0
1774121238,10,,Aggregated,7.000000,7.000000,1000,1000,1100,1100,1500,1600,3400,12000,17000,17000,17000,1668,1668,1000.0,1273.7375131253066,614.707565000117,16910.19544000028,0.0
1774121239,10,,Aggregated,7.500000,7.500000,1000,1000,1100,1100,1500,1600,3400,12000,17000,17000,17000,1676,1676,1000.0,1272.781548419458,614.707565000117,16910.19544000028,0.0
1774121240,10,,Aggregated,7.200000,7.200000,1000,1000,1100,1100,1500,1600,3400,12000,17000,17000,17000,1680,1680,1000.0,1272.2846558303638,614.707565000117,16910.19544000028,0.0
1774121241,10,,Aggregated,7.200000,7.200000,1000,1000,1100,1100,1500,1600,3400,12000,17000,17000,17000,1689,1689,1000.0,1271.1753199828368,614.707565000117,16910.19544000028,0.0
1774121242,10,,Aggregated,7.000000,7.000000,1000,1000,1100,1100,1500,1600,3400,12000,17000,17000,17000,1697,1697,1000.0,1269.9153065073733,614.707565000117,16910.19544000028,0.0
1774121243,10,,Aggregated,7.400000,7.400000,1000,1000,1100,1100,1500,1600,3400,12000,17000,17000,17000,1705,1705,1000.0,1268.9033058351981,614.707565000117,16910.19544000028,0.0
1774121244,10,,Aggregated,7.400000,7.400000,1000,1000,1100,1100,1500,1600,3400,12000,17000,17000,17000,1711,1711,1000.0,1268.156663513742,614.707565000117,16910.19544000028,0.0
1774121245,10,,Aggregated,7.100000,7.100000,1000,1000,1100,1100,1500,1600,3400,12000,17000,17000,17000,1719,1719,1000.0,1267.0656440541088,614.707565000117,16910.19544000028,0.0
1774121246,10,,Aggregated,7.100000,7.100000,1000,1000,1100,1100,1500,1600,3400,12000,17000,17000,17000,1726,1726,1000.0,1266.161890322719,614.707565000117,16910.19544000028,0.0
1774121247,10,,Aggregated,7.300000,7.300000,1000,1000,1100,1100,1500,1600,3400,12000,17000,17000,17000,1733,1733,1000.0,1265.242697677446,614.707565000117,16910.19544000028,0.0
1774121248,10,,Aggregated,7.400000,7.400000,1000,1000,1100,1100,1500,1600,3400,12000,17000,17000,17000,1739,1739,1000.0,1264.6656230897142,614.707565000117,16910.19544000028,0.0
1774121249,10,,Aggregated,6.900000,6.900000,1000,1000,1100,1100,1500,1600,3400,12000,17000,17000,17000,1748,1748,1000.0,1263.3998949393667,614.707565000117,16910.19544000028,0.0
1774121250,10,,Aggregated,7.100000,7.100000,1000,1000,1100,1100,1500,1600,3400,12000,17000,17000,17000,1756,1756,1000.0,1262.2567800495522,614.707565000117,16910.19544000028,0.0
1774121251,10,,Aggregated,7.300000,7.300000,1000,1000,1100,1100,1500,1600,3400,12000,17000,17000,17000,1761,1761,1000.0,1261.4085034843918,614.707565000117,16910.19544000028,0.0
1774121252,10,,Aggregated,7.300000,7.300000,1000,1000,1100,1100,1500,1600,3400,12000,17000,17000,17000,1769,1769,1000.0,1260.6568420407095,614.707565000117,16910.19544000028,0.0
1774121253,10,,Aggregated,7.100000,7.100000,1000,1000,1100,1100,1500,1600,3400,12000,17000,17000,17000,1778,1778,1000.0,1259.3202464651372,614.707565000117,16910.19544000028,0.0
1774121254,10,,Aggregated,7.300000,7.300000,1000,1000,1100,1100,1500,1600,3400,12000,17000,17000,17000,1783,1783,1000.0,1258.8238761177865,614.707565000117,16910.19544000028,0.0
1774121255,10,,Aggregated,7.300000,7.300000,1000,1000,1100,1100,1500,1600,3400,12000,17000,17000,17000,1791,1791,1000.0,1257.8200671792374,614.707565000117,16910.19544000028,0.0
1774121256,10,,Aggregated,7.300000,7.300000,1000,1000,1100,1100,1500,1600,3400,12000,17000,17000,17000,1798,1798,1000.0,1256.9550451941122,614.707565000117,16910.19544000028,0.0
1774121257,10,,Aggregated,7.100000,7.100000,1000,1000,1100,1100,1500,1600,3400,11000,17000,17000,17000,1806,1806,1000.0,1255.8432802209384,614.707565000117,16910.19544000028,0.0
1774121258,10,,Aggregated,7.200000,7.200000,1000,1000,1100,1100,1500,1600,3400,11000,17000,17000,17000,1813,1813,1000.0,1255.4969180535109,614.707565000117,16910.19544000028,0.0
1774121259,10,,Aggregated,7.300000,7.300000,1000,1000,1100,1100,1500,1600,3400,11000,17000,17000,17000,1819,1819,1000.0,1254.7950632105633,614.707565000117,16910.19544000028,0.0
1774121260,10,,Aggregated,7.200000,7.200000,1000,1000,1100,1100,1500,1600,3400,11000,17000,17000,17000,1828,1828,1000.0,1253.6624710224373,614.707565000117,16910.19544000028,0.0
1774121261,10,,Aggregated,7.100000,7.100000,1000,1000,1100,1100,1500,1600,3400,11000,17000,17000,17000,1836,1836,1000.0,1252.7914113518605,614.707565000117,16910.19544000028,0.0
1774121262,10,,Aggregated,7.300000,7.300000,1000,1000,1100,1100,1400,1600,3400,11000,17000,17000,17000,1844,1844,1000.0,1251.4269291572753,614.707565000117,16910.19544000028,0.0
1774121263,10,,Aggregated,7.400000,7.400000,1000,1000,1100,1100,1400,1600,3400,11000,17000,17000,17000,1849,1849,1000.0,1250.8465870751843,614.707565000117,16910.19544000028,0.0
1774121264,10,,Aggregated,7.100000,7.100000,1000,1000,1100,1100,1400,1600,3300,11000,17000,17000,17000,1856,1856,1000.0,1250.0528505409568,614.707565000117,16910.19544000028,0.0
1774121265,10,,Aggregated,7.200000,7.200000,1000,1000,1100,1100,1400,1600,3300,11000,17000,17000,17000,1864,1864,1000.0,1249.1201144367037,614.707565000117,16910.19544000028,0.0
1774121266,10,,Aggregated,7.300000,7.300000,1000,1000,1100,1100,1400,1600,3300,11000,17000,17000,17000,1872,1872,1000.0,1248.516423036333,614.707565000117,16910.19544000028,0.0
1774121267,10,,Aggregated,7.300000,7.300000,1000,1000,1100,1100,1400,1600,3300,11000,17000,17000,17000,1879,1879,1000.0,1248.0348318627016,614.707565000117,16910.19544000028,0.0
1774121268,10,,Aggregated,7.300000,7.300000,1000,1000,1100,1100,1400,1600,3300,11000,17000,17000,17000,1884,1884,1000.0,1247.43061741296,614.707565000117,16910.19544000028,0.0
1774121269,10,,Aggregated,7.200000,7.200000,1000,1000,1100,1100,1400,1600,3300,11000,17000,17000,17000,1894,1894,1000.0,1246.5087052465767,614.707565000117,16910.19544000028,0.0
1774121270,10,,Aggregated,7.400000,7.400000,1000,1000,1100,1100,1400,1600,3300,11000,17000,17000,17000,1900,1900,1000.0,1245.9177300936926,614.707565000117,16910.19544000028,0.0
1774121271,10,,Aggregated,7.200000,7.200000,1000,1000,1100,1100,1400,1600,3200,11000,17000,17000,17000,1907,1907,1000.0,1245.1924260576905,614.707565000117,16910.19544000028,0.0
1774121272,10,,Aggregated,6.900000,6.900000,1000,1000,1100,1100,1400,1600,3200,11000,17000,17000,17000,1914,1914,1000.0,1244.2093415773334,614.707565000117,16910.19544000028,0.0
1774121273,10,,Aggregated,7.000000,7.000000,1000,1000,1100,1100,1400,1600,3200,11000,17000,17000,17000,1922,1922,1000.0,1243.6873925431928,614.707565000117,16910.19544000028,0.0
1774121274,10,,Aggregated,7.200000,7.200000,1000,1000,1100,1100,1400,1600,3200,11000,17000,17000,17000,1930,1930,1000.0,1242.7789967906822,614.707565000117,16910.19544000028,0.0
1774121275,10,,Aggregated,7.100000,7.100000,1000,1000,1100,1100,1400,1600,3200,11000,17000,17000,17000,1936,1936,1000.0,1242.2312396244924,614.707565000117,16910.19544000028,0.0
1774121276,10,,Aggregated,6.900000,6.900000,1000,1000,1100,1100,1400,1600,3200,11000,17000,17000,17000,1942,1942,1000.0,1241.406920412985,614.707565000117,16910.19544000028,0.0
1774121277,10,,Aggregated,7.100000,7.100000,1000,1000,1100,1100,1400,1600,3200,11000,17000,17000,17000,1951,1951,1000.0,1240.584986657108,614.707565000117,16910.19544000028,0.0
1774121278,10,,Aggregated,7.100000,7.100000,1000,1000,1100,1100,1400,1600,3200,11000,17000,17000,17000,1958,1958,1000.0,1239.7318181123685,614.707565000117,16910.19544000028,0.0
1774121279,10,,Aggregated,7.300000,7.300000,1000,1000,1100,1100,1400,1600,3200,11000,17000,17000,17000,1964,1964,1000.0,1239.350883213349,614.707565000117,16910.19544000028,0.0
1774121280,10,,Aggregated,6.900000,6.900000,1000,1000,1100,1100,1400,1600,3200,11000,17000,17000,17000,1972,1972,1000.0,1238.4768200060942,614.707565000117,16910.19544000028,0.0
1774121281,10,,Aggregated,7.300000,7.300000,1000,1000,1100,1100,1400,1600,3200,11000,17000,17000,17000,1979,1979,1000.0,1237.9553531081444,614.707565000117,16910.19544000028,0.0
1774121282,10,,Aggregated,7.300000,7.300000,1000,1000,1100,1100,1400,1600,3200,11000,17000,17000,17000,1988,1988,1000.0,1237.1040484979974,614.707565000117,16910.19544000028,0.0
1774121283,10,,Aggregated,7.100000,7.100000,1000,1000,1100,1100,1400,1600,3200,11000,17000,17000,17000,1993,1993,1000.0,1236.5266032343295,614.707565000117,16910.19544000028,0.0
1774121284,10,,Aggregated,7.000000,7.000000,1000,1000,1100,1100,1400,1600,2500,11000,14000,17000,17000,2002,2002,1000.0,1235.6223961278818,614.707565000117,16910.19544000028,0.0
1774121285,10,,Aggregated,7.200000,7.200000,1000,1000,1100,1100,1400,1600,2500,11000,14000,17000,17000,2010,2010,1000.0,1234.6968261736417,614.707565000117,16910.19544000028,0.0
1774121286,10,,Aggregated,7.400000,7.400000,1000,1000,1100,1100,1400,1600,2500,11000,14000,17000,17000,2016,2016,1000.0,1234.2532755749105,614.707565000117,16910.19544000028,0.0
1774121287,10,,Aggregated,7.100000,7.100000,1000,1000,1100,1100,1400,1600,2500,11000,14000,17000,17000,2022,2022,1000.0,1233.5516298541145,614.707565000117,16910.19544000028,0.0
1774121288,10,,Aggregated,7.100000,7.100000,1000,1000,1100,1100,1400,1600,2500,11000,14000,17000,17000,2031,2031,1000.0,1233.1339865421069,614.707565000117,16910.19544000028,0.0
1774121289,10,,Aggregated,7.300000,7.300000,1000,1000,1100,1100,1400,1600,2500,11000,14000,17000,17000,2037,2037,1000.0,1232.522053074629,614.707565000117,16910.19544000028,0.0
1774121290,10,,Aggregated,7.200000,7.200000,1000,1000,1100,1100,1400,1600,2500,11000,14000,17000,17000,2045,2045,1000.0,1232.0063474195695,614.707565000117,16910.19544000028,0.0
1774121291,10,,Aggregated,7.000000,7.000000,1000,1000,1100,1100,1400,1600,2400,11000,14000,17000,17000,2052,2052,1000.0,1231.143405613557,614.707565000117,16910.19544000028,0.0
1774121292,10,,Aggregated,7.100000,7.100000,1000,1000,1100,1100,1400,1600,2400,11000,14000,17000,17000,2059,2059,1000.0,1230.5130162991838,614.707565000117,16910.19544000028,0.0
1774121293,10,,Aggregated,7.400000,7.400000,1000,1000,1100,1100,1400,1600,2400,11000,14000,17000,17000,2066,2066,1000.0,1229.8738879220807,614.707565000117,16910.19544000028,0.0
1774121294,10,,Aggregated,7.200000,7.200000,1000,1000,1100,1100,1400,1600,2400,11000,14000,17000,17000,2073,2073,1000.0,1229.5257691948957,614.707565000117,16910.19544000028,0.0
1774121295,10,,Aggregated,7.300000,7.300000,1000,1000,1100,1100,1400,1600,2400,11000,14000,17000,17000,2080,2080,1000.0,1228.7265839173158,614.707565000117,16910.19544000028,0.0
1774121296,10,,Aggregated,7.000000,7.000000,1000,1000,1100,1100,1400,1600,2400,11000,14000,17000,17000,2086,2086,1000.0,1228.4293425647252,614.707565000117,16910.19544000028,0.0
1774121297,10,,Aggregated,7.300000,7.300000,1000,1000,1100,1100,1300,1600,2400,11000,14000,17000,17000,2094,2094,1000.0,1227.520119222548,614.707565000117,16910.19544000028,0.0
1774121298,10,,Aggregated,7.100000,7.100000,1000,1000,1100,1100,1300,1600,2300,11000,14000,17000,17000,2103,2103,1000.0,1226.9796521060462,614.707565000117,16910.19544000028,0.0
1774121299,10,,Aggregated,6.900000,6.900000,1000,1000,1100,1100,1300,1600,2300,11000,14000,17000,17000,2110,2110,1000.0,1226.0617468137511,614.707565000117,16910.19544000028,0.0
1774121300,10,,Aggregated,7.100000,7.100000,1000,1000,1100,1100,1300,1600,2300,11000,14000,17000,17000,2116,2116,1000.0,1225.6174695543546,614.707565000117,16910.19544000028,0.0
1774121301,10,,Aggregated,7.200000,7.200000,1000,1000,1100,1100,1300,1600,2300,11000,14000,17000,17000,2123,2123,1000.0,1224.7586158638787,614.707565000117,16910.19544000028,0.0
1774121302,10,,Aggregated,7.300000,7.300000,1000,1000,1100,1100,1300,1600,2300,11000,14000,17000,17000,2131,2131,1000.0,1224.1133638385804,614.707565000117,16910.19544000028,0.0
1774121303,10,,Aggregated,7.200000,7.200000,1000,1000,1100,1100,1300,1600,2300,11000,14000,17000,17000,2138,2138,1000.0,1223.3086696529538,614.707565000117,16910.19544000028,0.0
1774121304,10,,Aggregated,7.300000,7.300000,1000,1000,1100,1100,1300,1600,2300,11000,14000,17000,17000,2146,2146,1000.0,1222.843383837379,614.707565000117,16910.19544000028,0.0
1774121305,10,,Aggregated,7.100000,7.100000,1000,1000,1100,1100,1300,1600,2000,11000,14000,17000,17000,2151,2151,1000.0,1222.295461298008,614.707565000117,16910.19544000028,0.0
1774121306,10,,Aggregated,7.200000,7.200000,1000,1000,1100,1100,1300,1600,2000,11000,14000,17000,17000,2159,2159,1000.0,1221.899420771197,614.707565000117,16910.19544000028,0.0
1774121307,10,,Aggregated,7.200000,7.200000,1000,1000,1100,1100,1300,1600,2000,11000,14000,17000,17000,2167,2167,1000.0,1221.3424941532137,614.707565000117,16910.19544000028,0.0
1774121308,10,,Aggregated,7.200000,7.200000,1000,1000,1100,1100,1300,1600,2000,11000,14000,17000,17000,2174,2174,1000.0,1220.7615841853792,614.707565000117,16910.19544000028,0.0
1774121309,10,,Aggregated,7.200000,7.200000,1000,1000,1100,1100,1300,1600,2000,11000,14000,17000,17000,2181,2181,1000.0,1220.2989325470032,614.707565000117,16910.19544000028,0.0
1774121310,10,,Aggregated,7.200000,7.200000,1000,1000,1100,1100,1300,1600,2000,11000,14000,17000,17000,2188,2188,1000.0,1219.6680966969902,614.707565000117,16910.19544000028,0.0
1774121311,10,,Aggregated,7.100000,7.100000,1000,1000,1100,1100,1300,1600,2000,11000,14000,17000,17000,2195,2195,1000.0,1219.2183344656103,614.707565000117,16910.19544000028,0.0
1774121312,10,,Aggregated,7.100000,7.100000,1000,1000,1100,1100,1300,1600,2000,10000,14000,17000,17000,2203,2203,1000.0,1218.4287041992804,614.707565000117,16910.19544000028,0.0
1774121313,10,,Aggregated,6.900000,6.900000,1000,1000,1100,1100,1300,1600,2000,10000,14000,17000,17000,2210,2210,1000.0,1218.1248520117715,614.707565000117,16910.19544000028,0.0
1774121314,10,,Aggregated,7.000000,7.000000,1000,1000,1100,1100,1300,1600,2000,10000,14000,17000,17000,2217,2217,1000.0,1217.4528595710485,614.707565000117,16910.19544000028,0.0
1774121315,10,,Aggregated,7.000000,7.000000,1000,1000,1100,1100,1300,1600,2000,10000,14000,17000,17000,2226,2226,1000.0,1216.6964074712555,614.707565000117,16910.19544000028,0.0
1774121316,10,,Aggregated,7.300000,7.300000,1000,1000,1100,1100,1300,1600,2000,10000,14000,17000,17000,2233,2233,1000.0,1216.2676904684347,614.707565000117,16910.19544000028,0.0
1774121317,10,,Aggregated,7.100000,7.100000,1000,1000,1100,1100,1300,1600,2000,10000,14000,17000,17000,2240,2240,1000.0,1215.6402422125063,614.707565000117,16910.19544000028,0.0
1774121318,10,,Aggregated,7.200000,7.200000,1000,1000,1100,1100,1300,1600,2000,10000,14000,17000,17000,2247,2247,1000.0,1215.427041385854,614.707565000117,16910.19544000028,0.0
1774121319,10,,Aggregated,7.200000,7.200000,1000,1000,1100,1100,1300,1600,2000,10000,14000,17000,17000,2254,2254,1000.0,1214.8285021521801,614.707565000117,16910.19544000028,0.0
1774121320,10,,Aggregated,7.300000,7.300000,1000,1000,1100,1100,1300,1600,2000,10000,14000,17000,17000,2262,2262,1000.0,1214.3604820185742,614.707565000117,16910.19544000028,0.0
1774121321,10,,Aggregated,7.300000,7.300000,1000,1000,1100,1100,1300,1600,2000,10000,14000,17000,17000,2268,2268,1000.0,1213.8153716485958,614.707565000117,16910.19544000028,0.0
1774121322,10,,Aggregated,7.100000,7.100000,1000,1000,1100,1100,1300,1600,2000,10000,14000,17000,17000,2275,2275,1000.0,1213.5393095753916,614.707565000117,16910.19544000028,0.0
1774121323,10,,Aggregated,7.300000,7.300000,1000,1000,1100,1100,1300,1600,2000,10000,14000,17000,17000,2281,2281,1000.0,1213.0332216523518,614.707565000117,16910.19544000028,0.0
1774121324,10,,Aggregated,7.100000,7.100000,1000,1000,1100,1100,1300,1600,2000,10000,14000,17000,17000,2290,2290,1000.0,1212.5939639008798,614.707565000117,16910.19544000028,0.0
1774121325,10,,Aggregated,7.200000,7.200000,1000,1000,1100,1100,1300,1600,2000,10000,14000,17000,17000,2297,2297,1000.0,1212.064160862,614.707565000117,16910.19544000028,0.0
1774121327,10,,Aggregated,6.800000,6.800000,1000,1000,1100,1100,1300,1600,2000,10000,14000,17000,17000,2304,2304,1000.0,1211.7493094965337,614.707565000117,16910.19544000028,0.0
1774121328,10,,Aggregated,7.100000,7.100000,1000,1000,1100,1100,1300,1600,2000,10000,14000,17000,17000,2309,2309,1000.0,1211.4345145101834,614.707565000117,16910.19544000028,0.0
1774121329,10,,Aggregated,7.100000,7.100000,1000,1000,1100,1100,1300,1600,2000,10000,14000,17000,17000,2319,2319,1000.0,1210.7055002962538,614.707565000117,16910.19544000028,0.0
1774121330,10,,Aggregated,7.100000,7.100000,1000,1000,1100,1100,1300,1600,2000,10000,14000,17000,17000,2326,2326,1000.0,1209.9756101956207,614.707565000117,16910.19544000028,0.0
1774121331,10,,Aggregated,6.800000,6.800000,1000,1000,1100,1100,1300,1600,2000,10000,14000,17000,17000,2334,2334,1000.0,1209.6594830291401,614.707565000117,16910.19544000028,0.0
1774121332,10,,Aggregated,7.100000,7.100000,1000,1000,1100,1100,1300,1600,2000,10000,14000,17000,17000,2339,2339,1000.0,1209.0710344262561,614.707565000117,16910.19544000028,0.0
1774121333,10,,Aggregated,7.200000,7.200000,1000,1000,1100,1100,1300,1600,2000,10000,14000,17000,17000,2347,2347,1000.0,1208.7293153127448,614.707565000117,16910.19544000028,0.0
1774121334,10,,Aggregated,7.200000,7.200000,1000,1000,1100,1100,1300,1600,2000,10000,14000,17000,17000,2355,2355,1000.0,1208.0905848730408,614.707565000117,16910.19544000028,0.0
1774121335,10,,Aggregated,7.100000,7.100000,1000,1000,1100,1100,1300,1600,2000,10000,14000,17000,17000,2362,2362,1000.0,1207.6864510419182,614.707565000117,16910.19544000028,0.0
1774121336,10,,Aggregated,7.100000,7.100000,1000,1000,1100,1100,1300,1600,2000,10000,14000,17000,17000,2367,2367,1000.0,1207.3461941622352,614.707565000117,16910.19544000028,0.0
1774121337,10,,Aggregated,7.400000,7.400000,1000,1000,1100,1100,1300,1600,2000,10000,14000,17000,17000,2375,2375,1000.0,1207.0133441166358,614.707565000117,16910.19544000028,0.0
1774121338,10,,Aggregated,7.000000,7.000000,1000,1000,1100,1100,1300,1600,2000,10000,14000,17000,17000,2383,2383,1000.0,1206.2833015845615,614.707565000117,16910.19544000028,0.0
1774121339,10,,Aggregated,7.000000,7.000000,1000,1000,1100,1100,1300,1600,2000,10000,14000,17000,17000,2389,2389,1000.0,1206.202751663043,614.707565000117,16910.19544000028,0.0
1774121340,10,,Aggregated,7.300000,7.300000,1000,1000,1100,1100,1300,1600,2000,10000,14000,17000,17000,2396,2396,1000.0,1205.7386294870655,614.707565000117,16910.19544000028,0.0
1774121341,10,,Aggregated,7.000000,7.000000,1000,1000,1100,1100,1300,1600,1900,9700,14000,17000,17000,2403,2403,1000.0,1205.4569541864378,614.707565000117,16910.19544000028,0.0
1774121342,10,,Aggregated,7.000000,7.000000,1000,1000,1100,1100,1200,1600,1900,9700,14000,17000,17000,2411,2411,1000.0,1204.8483812608915,614.707565000117,16910.19544000028,0.0
1774121343,10,,Aggregated,6.800000,6.800000,1000,1000,1100,1100,1300,1600,1900,9700,14000,17000,17000,2419,2419,1000.0,1204.403664489876,614.707565000117,16910.19544000028,0.0
1774121344,10,,Aggregated,7.200000,7.200000,1000,1000,1100,1100,1200,1600,1900,9700,14000,17000,17000,2425,2425,1000.0,1203.9628109785606,614.707565000117,16910.19544000028,0.0
1774121345,10,,Aggregated,7.100000,7.100000,1000,1000,1100,1100,1200,1600,1900,9700,14000,17000,17000,2432,2432,1000.0,1203.5970331447409,614.707565000117,16910.19544000028,0.0
1774121346,10,,Aggregated,7.100000,7.100000,1000,1000,1100,1100,1200,1600,1900,9700,14000,17000,17000,2440,2440,1000.0,1203.0617109446764,614.707565000117,16910.19544000028,0.0
1774121347,10,,Aggregated,6.800000,6.800000,1000,1000,1100,1100,1200,1600,1900,9700,14000,17000,17000,2446,2446,1000.0,1202.8597664104702,614.707565000117,16910.19544000028,0.0
1774121348,10,,Aggregated,7.300000,7.300000,1000,1000,1100,1100,1200,1600,1900,9700,14000,17000,17000,2455,2455,1000.0,1202.379770511613,614.707565000117,16910.19544000028,0.0
1774121349,10,,Aggregated,7.100000,7.100000,1000,1000,1100,1100,1200,1600,1900,9700,14000,17000,17000,2461,2461,1000.0,1201.8623470012233,614.707565000117,16910.19544000028,0.0
1774121350,10,,Aggregated,7.100000,7.100000,1000,1000,1100,1100,1200,1600,1900,9700,14000,17000,17000,2469,2469,1000.0,1201.4042696857068,614.707565000117,16910.19544000028,0.0
1774121351,10,,Aggregated,7.100000,7.100000,1000,1000,1100,1100,1200,1600,1900,9700,14000,17000,17000,2476,2476,1000.0,1200.909970456789,614.707565000117,16910.19544000028,0.0
1774121352,10,,Aggregated,7.300000,7.300000,1000,1000,1100,1100,1200,1600,1900,9700,14000,17000,17000,2483,2483,1000.0,1200.4653103423316,614.707565000117,16910.19544000028,0.0
1774121353,10,,Aggregated,7.300000,7.300000,1000,1000,1100,1100,1200,1600,1900,9700,14000,17000,17000,2489,2489,1000.0,1200.0871107545233,614.707565000117,16910.19544000028,0.0
1774121354,10,,Aggregated,7.200000,7.200000,1000,1000,1100,1100,1200,1600,1900,9700,14000,17000,17000,2497,2497,1000.0,1199.6860801173443,614.707565000117,16910.19544000028,0.0
1774121355,10,,Aggregated,7.200000,7.200000,1000,1000,1100,1100,1200,1600,1900,9100,14000,17000,17000,2506,2506,1000.0,1199.364080577418,614.707565000117,16910.19544000028,0.0
1774121356,10,,Aggregated,7.400000,7.400000,1000,1000,1100,1100,1200,1600,1900,9100,14000,17000,17000,2513,2513,1000.0,1198.8342580362155,614.707565000117,16910.19544000028,0.0
1774121357,10,,Aggregated,7.200000,7.200000,1000,1000,1100,1100,1200,1600,1900,9100,14000,17000,17000,2519,2519,1000.0,1198.6787093620524,614.707565000117,16910.19544000028,0.0
1774121358,10,,Aggregated,6.900000,6.900000,1000,1000,1100,1100,1200,1600,1900,9100,14000,17000,17000,2526,2526,1000.0,1198.1951994916903,614.707565000117,16910.19544000028,0.0
1774121359,10,,Aggregated,7.100000,7.100000,1000,1000,1100,1100,1200,1600,1900,9100,14000,17000,17000,2534,2534,1000.0,1197.9594691657499,614.707565000117,16910.19544000028,0.0
1774121360,10,,Aggregated,7.100000,7.100000,1000,1000,1100,1100,1200,1600,1900,9100,14000,17000,17000,2540,2540,1000.0,1197.455269316933,614.707565000117,16910.19544000028,0.0
1774121361,10,,Aggregated,7.100000,7.100000,1000,1000,1100,1100,1200,1600,1900,9100,14000,17000,17000,2547,2547,1000.0,1197.250522881433,614.707565000117,16910.19544000028,0.0
1774121362,10,,Aggregated,7.000000,7.000000,1000,1000,1100,1100,1200,1600,1900,9100,14000,17000,17000,2554,2554,1000.0,1196.777589161711,614.707565000117,16910.19544000028,0.0
1774121363,10,,Aggregated,7.200000,7.200000,1000,1000,1100,1100,1200,1600,1900,9100,14000,17000,17000,2562,2562,1000.0,1196.512972035133,614.707565000117,16910.19544000028,0.0
1774121364,10,,Aggregated,7.100000,7.100000,1000,1000,1100,1100,1200,1600,1900,9100,14000,17000,17000,2570,2570,1000.0,1196.1226117883311,614.707565000117,16910.19544000028,0.0
1774121365,10,,Aggregated,7.100000,7.100000,1000,1000,1100,1100,1200,1600,1900,9100,14000,17000,17000,2578,2578,1000.0,1195.539093872774,614.707565000117,16910.19544000028,0.0
1774121366,10,,Aggregated,7.100000,7.100000,1000,1000,1100,1100,1200,1600,1900,9100,14000,17000,17000,2583,2583,1000.0,1195.5098725118123,614.707565000117,16910.19544000028,0.0
1774121367,10,,Aggregated,6.900000,6.900000,1000,1000,1100,1100,1200,1600,1900,9100,14000,17000,17000,2591,2591,1000.0,1194.9290649116213,614.707565000117,16910.19544000028,0.0
1774121368,10,,Aggregated,7.000000,7.000000,1000,1000,1100,1100,1200,1600,1900,9100,14000,17000,17000,2599,2599,1000.0,1194.3885715636827,614.707565000117,16910.19544000028,0.0
1774121369,10,,Aggregated,7.100000,7.100000,1000,1000,1100,1100,1200,1600,1800,8500,14000,17000,17000,2605,2605,1000.0,1193.9663334790832,614.707565000117,16910.19544000028,0.0
1774121370,10,,Aggregated,7.100000,7.100000,1000,1000,1100,1100,1200,1600,1800,8500,14000,17000,17000,2612,2612,1000.0,1193.7346824337722,614.707565000117,16910.19544000028,0.0
1774121371,10,,Aggregated,7.000000,7.000000,1000,1000,1100,1100,1200,1600,1800,8500,14000,17000,17000,2619,2619,1000.0,1193.1586217281456,614.707565000117,16910.19544000028,0.0
1774121372,10,,Aggregated,7.300000,7.300000,1000,1000,1100,1100,1200,1600,1800,8500,14000,17000,17000,2627,2627,1000.0,1192.8099017807435,614.707565000117,16910.19544000028,0.0
1774121373,10,,Aggregated,7.100000,7.100000,1000,1000,1100,1100,1200,1600,1800,8500,14000,17000,17000,2635,2635,1000.0,1192.2897502694545,614.707565000117,16910.19544000028,0.0
1774121374,10,,Aggregated,7.100000,7.100000,1000,1000,1100,1100,1200,1600,1800,8500,14000,17000,17000,2640,2640,1000.0,1192.268967545838,614.707565000117,16910.19544000028,0.0
1774121375,10,,Aggregated,6.900000,6.900000,1000,1000,1100,1100,1200,1600,1800,8500,14000,17000,17000,2647,2647,1000.0,1191.8488071412964,614.707565000117,16910.19544000028,0.0
1774121376,10,,Aggregated,7.000000,7.000000,1000,1000,1100,1100,1200,1600,1800,8500,14000,17000,17000,2655,2655,1000.0,1191.509192661021,614.707565000117,16910.19544000028,0.0
1774121377,10,,Aggregated,7.300000,7.300000,1000,1000,1100,1100,1200,1600,1800,8500,14000,17000,17000,2661,2661,1000.0,1191.076175326573,614.707565000117,16910.19544000028,0.0
1774121378,10,,Aggregated,7.200000,7.200000,1000,1000,1100,1100,1200,1600,1800,8500,14000,17000,17000,2669,2669,1000.0,1190.7779494934468,614.707565000117,16910.19544000028,0.0
1774121379,10,,Aggregated,7.000000,7.000000,1000,1000,1100,1100,1200,1600,1800,8500,14000,17000,17000,2676,2676,1000.0,1190.3222739013486,614.707565000117,16910.19544000028,0.0
1774121380,10,,Aggregated,7.100000,7.100000,1000,1000,1100,1100,1200,1600,1800,8500,14000,17000,17000,2684,2684,1000.0,1190.2524991896453,614.707565000117,16910.19544000028,0.0
1774121381,10,,Aggregated,7.100000,7.100000,1000,1000,1100,1100,1200,1600,1800,8500,14000,17000,17000,2689,2689,1000.0,1189.884403411308,614.707565000117,16910.19544000028,0.0
1774121382,10,,Aggregated,6.900000,6.900000,1000,1000,1100,1100,1200,1600,1800,8500,14000,17000,17000,2699,2699,1000.0,1189.3906126980394,614.707565000117,16910.19544000028,0.0
1774121383,10,,Aggregated,7.000000,7.000000,1000,1000,1100,1100,1200,1600,1800,7900,14000,17000,17000,2706,2706,1000.0,1188.8129483056205,614.707565000117,16910.19544000028,0.0
1774121384,10,,Aggregated,7.100000,7.100000,1000,1000,1100,1100,1200,1600,1800,7900,14000,17000,17000,2711,2711,1000.0,1188.7001522375538,614.707565000117,16910.19544000028,0.0
1774121385,10,,Aggregated,7.100000,7.100000,1000,1000,1100,1100,1200,1600,1800,7900,14000,17000,17000,2719,2719,1000.0,1188.1041863839682,614.707565000117,16910.19544000028,0.0
1774121386,10,,Aggregated,7.000000,7.000000,1000,1000,1100,1100,1200,1600,1800,7900,14000,17000,17000,2726,2726,1000.0,1187.9365547949405,614.707565000117,16910.19544000028,0.0
1774121387,10,,Aggregated,7.000000,7.000000,1000,1000,1100,1100,1200,1600,1800,7900,14000,17000,17000,2735,2735,1000.0,1187.1956725769687,614.707565000117,16910.19544000028,0.0
1774121388,10,,Aggregated,7.200000,7.200000,1000,1000,1100,1100,1200,1600,1800,7900,14000,17000,17000,2740,2740,1000.0,1187.0464735189812,614.707565000117,16910.19544000028,0.0
1774121389,10,,Aggregated,7.100000,7.100000,1000,1000,1100,1100,1200,1600,1800,7900,14000,17000,17000,2749,2749,1000.0,1186.3570155594796,614.707565000117,16910.19544000028,0.0
1774121390,10,,Aggregated,7.200000,7.200000,1000,1000,1100,1100,1200,1600,1800,7900,14000,17000,17000,2757,2757,1000.0,1186.1440766858937,614.707565000117,16910.19544000028,0.0
1774121391,10,,Aggregated,7.100000,7.100000,1000,1000,1100,1100,1200,1600,1800,7900,14000,17000,17000,2762,2762,1000.0,1186.0231626158616,614.707565000117,16910.19544000028,0.0
1774121392,10,,Aggregated,7.100000,7.100000,1000,1000,1100,1100,1200,1600,1800,7900,14000,17000,17000,2769,2769,1000.0,1185.6130219516103,614.707565000117,16910.19544000028,0.0
1774121393,10,,Aggregated,7.100000,7.100000,1000,1000,1100,1100,1200,1600,1800,7900,14000,17000,17000,2778,2778,1000.0,1185.0354763344162,614.707565000117,16910.19544000028,0.0
1774121394,10,,Aggregated,7.300000,7.300000,1000,1000,1100,1100,1200,1600,1800,7900,14000,17000,17000,2787,2787,1000.0,1184.440084912095,614.707565000117,16910.19544000028,0.0
1774121395,10,,Aggregated,7.300000,7.300000,1000,1000,1100,1100,1200,1600,1800,7900,14000,17000,17000,2791,2791,1000.0,1184.4223105689748,614.707565000117,16910.19544000028,0.0
1774121396,10,,Aggregated,7.100000,7.100000,1000,1000,1100,1100,1200,1600,1800,7900,14000,17000,17000,2798,2798,1000.0,1184.0709968670515,614.707565000117,16910.19544000028,0.0
1774121397,10,,Aggregated,7.200000,7.200000,1000,1000,1100,1100,1200,1600,1800,7100,14000,17000,17000,2807,2807,1000.0,1183.7795723473496,614.707565000117,16910.19544000028,0.0
1774121398,10,,Aggregated,7.000000,7.000000,1000,1000,1100,1100,1200,1600,1800,7100,14000,17000,17000,2814,2814,1000.0,1183.4704303248081,614.707565000117,16910.19544000028,0.0
1774121399,10,,Aggregated,7.000000,7.000000,1000,1000,1100,1100,1200,1600,1800,7100,14000,17000,17000,2820,2820,1000.0,1183.3686558361737,614.707565000117,16910.19544000028,0.0
1774121400,10,,Aggregated,6.900000,6.900000,1000,1000,1100,1100,1200,1600,1800,7100,14000,17000,17000,2827,2827,1000.0,1182.9776244711747,614.707565000117,16910.19544000028,0.0
1774121401,10,,Aggregated,7.100000,7.100000,1000,1000,1100,1100,1200,1600,1800,7100,14000,17000,17000,2834,2834,1000.0,1182.7484964626012,614.707565000117,16910.19544000028,0.0
1774121402,10,,Aggregated,7.300000,7.300000,1000,1000,1100,1100,1200,1600,1800,7100,14000,17000,17000,2840,2840,1000.0,1182.4716163658493,614.707565000117,16910.19544000028,0.0
1774121403,10,,Aggregated,7.000000,7.000000,1000,1000,1100,1100,1200,1600,1800,7100,14000,17000,17000,2849,2849,1000.0,1182.0411924464768,614.707565000117,16910.19544000028,0.0
1774121404,10,,Aggregated,7.000000,7.000000,1000,1000,1100,1100,1200,1600,1700,7100,14000,17000,17000,2857,2857,1000.0,1181.5136336006342,614.707565000117,16910.19544000028,0.0
1774121405,10,,Aggregated,7.000000,7.000000,1000,1000,1100,1100,1200,1600,1700,7100,14000,17000,17000,2863,2863,1000.0,1181.3357172504407,614.707565000117,16910.19544000028,0.0
1774121406,10,,Aggregated,7.200000,7.200000,1000,1000,1100,1100,1200,1600,1700,7100,14000,17000,17000,2869,2869,1000.0,1181.0283427225554,614.707565000117,16910.19544000028,0.0
1774121407,10,,Aggregated,7.000000,7.000000,1000,1000,1100,1100,1200,1600,1700,7100,14000,17000,17000,2878,2878,1000.0,1180.437836735237,614.707565000117,16910.19544000028,0.0
1774121408,10,,Aggregated,7.200000,7.200000,1000,1000,1100,1100,1200,1600,1700,7100,14000,17000,17000,2887,2887,1000.0,1180.1955023297578,614.707565000117,16910.19544000028,0.0
1774121409,10,,Aggregated,7.300000,7.300000,1000,1000,1100,1100,1200,1600,1700,7100,14000,17000,17000,2893,2893,1000.0,1179.7994747587315,614.707565000117,16910.19544000028,0.0
1774121410,10,,Aggregated,7.200000,7.200000,1000,1000,1100,1100,1200,1600,1700,7100,14000,17000,17000,2898,2898,1000.0,1179.761053148727,614.707565000117,16910.19544000028,0.0
1774121411,10,,Aggregated,7.400000,7.400000,1000,1000,1100,1100,1200,1600,1700,5400,14000,17000,17000,2907,2907,1000.0,1179.2763407285895,614.707565000117,16910.19544000028,0.0
1774121412,10,,Aggregated,7.000000,7.000000,1000,1000,1100,1100,1200,1600,1700,5400,14000,17000,17000,2914,2914,1000.0,1179.0270868829818,614.707565000117,16910.19544000028,0.0
1774121413,10,,Aggregated,7.300000,7.300000,1000,1000,1100,1100,1200,1600,1700,5400,14000,17000,17000,2921,2921,1000.0,1178.7793781516634,614.707565000117,16910.19544000028,0.0
1774121414,10,,Aggregated,7.000000,7.000000,1000,1000,1100,1100,1200,1600,1700,5400,14000,17000,17000,2928,2928,1000.0,1178.5383883849079,614.707565000117,16910.19544000028,0.0
1774121415,10,,Aggregated,7.100000,7.100000,1000,1000,1100,1100,1200,1600,1700,5400,14000,17000,17000,2936,2936,1000.0,1178.1802275378102,614.707565000117,16910.19544000028,0.0
1774121416,10,,Aggregated,7.100000,7.100000,1000,1000,1100,1100,1200,1600,1700,5400,14000,17000,17000,2943,2943,1000.0,1177.931366687737,614.707565000117,16910.19544000028,0.0
1774121417,10,,Aggregated,7.100000,7.100000,1000,1000,1100,1100,1200,1600,1700,5400,14000,17000,17000,2948,2948,1000.0,1177.6154611088907,614.707565000117,16910.19544000028,0.0
1774121418,10,,Aggregated,7.100000,7.100000,1000,1000,1100,1100,1200,1600,1700,5400,14000,17000,17000,2957,2957,1000.0,1177.2966585377105,614.707565000117,16910.19544000028,0.0
1774121420,10,,Aggregated,7.100000,7.100000,1000,1000,1100,1100,1200,1600,1700,5400,14000,17000,17000,2963,2963,1000.0,1177.029375501184,614.707565000117,16910.19544000028,0.0
1774121421,10,,Aggregated,6.900000,6.900000,1000,1000,1100,1100,1200,1600,1700,5400,14000,17000,17000,2970,2970,1000.0,1176.98388147273,614.707565000117,16910.19544000028,0.0
1774121422,10,,Aggregated,6.900000,6.900000,1000,1000,1100,1100,1200,1600,1700,5400,14000,17000,17000,2977,2977,1000.0,1176.6278874628852,614.707565000117,16910.19544000028,0.0
1774121423,10,,Aggregated,6.900000,6.900000,1000,1000,1100,1100,1200,1600,1700,5400,14000,17000,17000,2986,2986,1000.0,1176.3519269434055,614.707565000117,16910.19544000028,0.0
1774121424,10,,Aggregated,6.900000,6.900000,1000,1000,1100,1100,1200,1600,1700,5400,14000,17000,17000,2991,2991,1000.0,1176.1044820290901,614.707565000117,16910.19544000028,0.0
1774121425,10,,Aggregated,7.100000,7.100000,1000,1000,1100,1100,1200,1600,1700,5400,14000,17000,17000,2998,2998,1000.0,1175.8824473865939,614.707565000117,16910.19544000028,0.0
1774121426,10,,Aggregated,7.100000,7.100000,1000,1000,1100,1100,1200,1600,1700,5300,14000,17000,17000,3006,3006,1000.0,1175.5157579610802,614.707565000117,16910.19544000028,0.0
1774121427,10,,Aggregated,6.900000,6.900000,1000,1000,1100,1100,1200,1600,1700,5300,14000,17000,17000,3012,3012,1000.0,1175.4352940275585,614.707565000117,16910.19544000028,0.0
1774121428,10,,Aggregated,7.000000,7.000000,1000,1000,1100,1100,1200,1600,1700,5300,14000,17000,17000,3021,3021,1000.0,1175.143737613375,614.707565000117,16910.19544000028,0.0
1774121429,10,,Aggregated,7.000000,7.000000,1000,1000,1100,1100,1200,1600,1700,5300,14000,17000,17000,3029,3029,1000.0,1174.528798813472,614.707565000117,16910.19544000028,0.0
1774121430,10,,Aggregated,6.900000,6.900000,1000,1000,1100,1100,1200,1600,1700,5300,14000,17000,17000,3037,3037,1000.0,1174.2783362357611,614.707565000117,16910.19544000028,0.0
1774121431,10,,Aggregated,7.200000,7.200000,1000,1000,1100,1100,1200,1600,1700,5300,14000,17000,17000,3042,3042,1000.0,1173.978802821501,614.707565000117,16910.19544000028,0.0
1774121432,10,,Aggregated,7.400000,7.400000,1000,1000,1100,1100,1200,1600,1700,5300,14000,17000,17000,3050,3050,1000.0,1173.7958742501662,614.707565000117,16910.19544000028,0.0
1774121433,10,,Aggregated,7.400000,7.400000,1000,1000,1100,1100,1200,1600,1700,5300,14000,17000,17000,3058,3058,1000.0,1173.3360142884258,614.707565000117,16910.19544000028,0.0
1774121434,10,,Aggregated,7.000000,7.000000,1000,1000,1100,1100,1200,1600,1700,5300,14000,17000,17000,3066,3066,1000.0,1173.0671152136351,614.707565000117,16910.19544000028,0.0
1774121435,10,,Aggregated,7.300000,7.300000,1000,1000,1100,1100,1200,1600,1700,5300,14000,17000,17000,3072,3072,1000.0,1172.6733404938168,614.707565000117,16910.19544000028,0.0
1774121436,10,,Aggregated,7.300000,7.300000,1000,1000,1100,1100,1200,1600,1700,5300,14000,17000,17000,3079,3079,1000.0,1172.3471690626845,614.707565000117,16910.19544000028,0.0
1774121437,10,,Aggregated,7.500000,7.500000,1000,1000,1100,1100,1200,1600,1700,5300,14000,17000,17000,3087,3087,1000.0,1171.902965996114,614.707565000117,16910.19544000028,0.0
1774121438,10,,Aggregated,7.300000,7.300000,1000,1000,1100,1100,1200,1600,1700,5300,14000,17000,17000,3095,3095,1000.0,1171.749651688854,614.707565000117,16910.19544000028,0.0
1774121439,10,,Aggregated,7.300000,7.300000,1000,1000,1100,1100,1200,1600,1700,5300,14000,17000,17000,3098,3098,1000.0,1171.590377558749,614.707565000117,16910.19544000028,0.0
1774121440,10,,Aggregated,7.300000,7.300000,1000,1000,1100,1100,1200,1600,1700,4600,14000,17000,17000,3108,3108,1000.0,1171.204444209139,614.707565000117,16910.19544000028,0.0
1774121441,10,,Aggregated,6.900000,6.900000,1000,1000,1100,1100,1200,1600,1700,4600,14000,17000,17000,3117,3117,1000.0,1170.7245030898314,614.707565000117,16910.19544000028,0.0
1774121442,10,,Aggregated,7.000000,7.000000,1000,1000,1100,1100,1200,1600,1700,4600,14000,17000,17000,3125,3125,1000.0,1170.2888377238414,614.707565000117,16910.19544000028,0.0
1774121443,10,,Aggregated,7.500000,7.500000,1000,1000,1100,1100,1200,1600,1700,4600,14000,17000,17000,3130,3130,1000.0,1170.2245040747619,614.707565000117,16910.19544000028,0.0
1774121444,10,,Aggregated,7.200000,7.200000,1000,1000,1100,1100,1200,1600,1700,4600,14000,17000,17000,3137,3137,1000.0,1169.898089775265,614.707565000117,16910.19544000028,0.0
1774121445,10,,Aggregated,6.900000,6.900000,1000,1000,1100,1100,1200,1600,1700,4600,14000,17000,17000,3146,3146,1000.0,1169.5311108239052,614.707565000117,16910.19544000028,0.0
1774121446,10,,Aggregated,7.000000,7.000000,1000,1000,1100,1100,1200,1600,1700,4600,14000,17000,17000,3153,3153,1000.0,1169.202013054236,614.707565000117,16910.19544000028,0.0
1774121447,10,,Aggregated,7.600000,7.600000,1000,1000,1100,1100,1200,1600,1700,4600,14000,17000,17000,3160,3160,1000.0,1169.1517542800655,614.707565000117,16910.19544000028,0.0
1774121448,10,,Aggregated,7.600000,7.600000,1000,1000,1100,1100,1200,1600,1700,4600,14000,17000,17000,3165,3165,1000.0,1168.846899723857,614.707565000117,16910.19544000028,0.0
1774121449,10,,Aggregated,7.000000,7.000000,1000,1000,1100,1100,1200,1600,1700,4600,14000,17000,17000,3175,3175,1000.0,1168.550702681262,614.707565000117,16910.19544000028,0.0
1774121450,10,,Aggregated,7.200000,7.200000,1000,1000,1100,1100,1200,1600,1700,4600,14000,17000,17000,3183,3183,1000.0,1168.2879760744602,614.707565000117,16910.19544000028,0.0
1774121451,10,,Aggregated,7.500000,7.500000,1000,1000,1100,1100,1200,1600,1700,4600,14000,17000,17000,3188,3188,1000.0,1168.0675245072166,614.707565000117,16910.19544000028,0.0
1774121452,10,,Aggregated,7.100000,7.100000,1000,1000,1100,1100,1200,1600,1700,4600,14000,17000,17000,3194,3194,1000.0,1168.0047978472155,614.707565000117,16910.19544000028,0.0
1774121453,10,,Aggregated,7.000000,7.000000,1000,1000,1100,1100,1200,1600,1700,3800,14000,17000,17000,3203,3203,1000.0,1167.8037752238545,614.707565000117,16910.19544000028,0.0
1774121454,10,,Aggregated,7.200000,7.200000,1000,1000,1100,1100,1200,1600,1700,3800,14000,17000,17000,3211,3211,1000.0,1167.5562145278745,614.707565000117,16910.19544000028,0.0
1774121455,10,,Aggregated,7.300000,7.300000,1000,1000,1100,1100,1200,1600,1700,3800,14000,17000,17000,3215,3215,1000.0,1167.3571159536561,614.707565000117,16910.19544000028,0.0
1774121456,10,,Aggregated,7.000000,7.000000,1000,1000,1100,1100,1200,1600,1700,3800,14000,17000,17000,3223,3223,1000.0,1167.073866379151,614.707565000117,16910.19544000028,0.0
1774121457,10,,Aggregated,6.800000,6.800000,1000,1000,1100,1100,1200,1600,1700,3800,14000,17000,17000,3232,3232,1000.0,1166.8135252274144,614.707565000117,16910.19544000028,0.0
1774121458,10,,Aggregated,7.200000,7.200000,1000,1000,1100,1100,1200,1600,1700,3800,14000,17000,17000,3239,3239,1000.0,1166.5204165520236,614.707565000117,16910.19544000028,0.0
1774121459,10,,Aggregated,7.100000,7.100000,1000,1000,1100,1100,1200,1600,1700,3800,14000,17000,17000,3245,3245,1000.0,1166.382965010787,614.707565000117,16910.19544000028,0.0
1774121460,10,,Aggregated,6.900000,6.900000,1000,1000,1100,1100,1200,1600,1700,3800,14000,17000,17000,3253,3253,1000.0,1165.9935401447908,614.707565000117,16910.19544000028,0.0
1774121461,10,,Aggregated,6.900000,6.900000,1000,1000,1100,1100,1200,1600,1700,3800,14000,17000,17000,3260,3260,1000.0,1165.8657778831302,614.707565000117,16910.19544000028,0.0
1774121462,10,,Aggregated,7.300000,7.300000,1000,1000,1100,1100,1200,1600,1700,3800,14000,17000,17000,3268,3268,1000.0,1165.5534421484106,614.707565000117,16910.19544000028,0.0
1774121463,10,,Aggregated,7.200000,7.200000,1000,1000,1100,1100,1200,1600,1700,3800,14000,17000,17000,3275,3275,1000.0,1165.279056010994,614.707565000117,16910.19544000028,0.0
1774121464,10,,Aggregated,7.000000,7.000000,1000,1000,1100,1100,1200,1600,1700,3800,14000,17000,17000,3282,3282,1000.0,1164.871042737357,614.707565000117,16910.19544000028,0.0
1774121465,10,,Aggregated,7.100000,7.100000,1000,1000,1100,1100,1200,1600,1700,3800,14000,17000,17000,3290,3290,1000.0,1164.4816991838925,614.707565000117,16910.19544000028,0.0
1774121466,10,,Aggregated,7.400000,7.400000,1000,1000,1100,1100,1200,1600,1700,3800,14000,17000,17000,3298,3298,1000.0,1164.1396990651929,614.707565000117,16910.19544000028,0.0
1774121467,10,,Aggregated,7.300000,7.300000,1000,1000,1100,1100,1200,1600,1700,3400,14000,17000,17000,3303,3303,1000.0,1164.034583881625,614.707565000117,16910.19544000028,0.0
1774121468,10,,Aggregated,7.000000,7.000000,1000,1000,1100,1100,1200,1600,1700,3400,14000,17000,17000,3311,3311,1000.0,1163.5872175306574,614.707565000117,16910.19544000028,0.0
1774121469,10,,Aggregated,7.200000,7.200000,1000,1000,1100,1100,1200,1600,1700,3400,14000,17000,17000,3321,3321,1000.0,1163.0852464327033,614.707565000117,16910.19544000028,0.0
1774121470,10,,Aggregated,7.500000,7.500000,1000,1000,1100,1100,1200,1600,1700,3400,14000,17000,17000,3328,3328,1000.0,1162.8057611111801,614.707565000117,16910.19544000028,0.0
1774121471,10,,Aggregated,7.300000,7.300000,1000,1000,1100,1100,1200,1600,1700,3400,14000,17000,17000,3334,3334,1000.0,1162.495624566289,614.707565000117,16910.19544000028,0.0
1774121472,10,,Aggregated,7.100000,7.100000,1000,1000,1100,1100,1200,1600,1700,3400,14000,17000,17000,3341,3341,1000.0,1162.1913154564525,614.707565000117,16910.19544000028,0.0
1774121473,10,,Aggregated,7.300000,7.300000,1000,1000,1100,1100,1200,1600,1700,3400,14000,17000,17000,3349,3349,1000.0,1162.0616687097665,614.707565000117,16910.19544000028,0.0
1774121474,10,,Aggregated,7.600000,7.600000,1000,1000,1100,1100,1200,1600,1700,3400,14000,17000,17000,3358,3358,1000.0,1161.6520091843383,614.707565000117,16910.19544000028,0.0
1774121475,10,,Aggregated,7.400000,7.400000,1000,1000,1100,1100,1200,1600,1700,3400,14000,17000,17000,3363,3363,1000.0,1161.393382418974,614.707565000117,16910.19544000028,0.0
1774121476,10,,Aggregated,7.100000,7.100000,1000,1000,1100,1100,1200,1600,1700,3400,14000,17000,17000,3371,3371,1000.0,1161.270800782263,614.707565000117,16910.19544000028,0.0
1774121477,10,,Aggregated,7.300000,7.300000,1000,1000,1100,1100,1200,1600,1700,3400,14000,17000,17000,3378,3378,1000.0,1160.9600201415064,614.707565000117,16910.19544000028,0.0
1774121478,10,,Aggregated,7.600000,7.600000,1000,1000,1100,1100,1200,1600,1700,3400,14000,17000,17000,3384,3384,1000.0,1160.8802992553217,614.707565000117,16910.19544000028,0.0
1774121479,10,,Aggregated,7.300000,7.300000,1000,1000,1100,1100,1200,1600,1700,3400,14000,17000,17000,3392,3392,1000.0,1160.570701413033,614.707565000117,16910.19544000028,0.0
1774121480,10,,Aggregated,6.900000,6.900000,1000,1000,1100,1100,1200,1600,1700,3400,14000,17000,17000,3401,3401,1000.0,1160.2346418315226,614.707565000117,16910.19544000028,0.0
1774121481,10,,Aggregated,7.300000,7.300000,1000,1000,1100,1100,1200,1600,1700,3400,14000,17000,17000,3407,3407,1000.0,1159.9876479142968,614.707565000117,16910.19544000028,0.0
1774121482,10,,Aggregated,7.100000,7.100000,1000,1000,1100,1100,1200,1600,1700,3400,14000,17000,17000,3413,3413,1000.0,1159.8481961040168,614.707565000117,16910.19544000028,0.0
1774121483,10,,Aggregated,7.200000,7.200000,1000,1000,1100,1100,1200,1600,1700,3400,14000,17000,17000,3422,3422,1000.0,1159.6375773953857,614.707565000117,16910.19544000028,0.0
1774121484,10,,Aggregated,7.200000,7.200000,1000,1000,1100,1100,1200,1600,1700,3400,14000,17000,17000,3429,3429,1000.0,1159.3583024176173,614.707565000117,16910.19544000028,0.0
1774121485,10,,Aggregated,7.100000,7.100000,1000,1000,1100,1100,1200,1600,1700,3400,14000,17000,17000,3436,3436,1000.0,1159.2909234205497,614.707565000117,16910.19544000028,0.0
1774121486,10,,Aggregated,7.200000,7.200000,1000,1000,1100,1100,1200,1600,1700,3400,14000,17000,17000,3442,3442,1000.0,1159.0591111998863,614.707565000117,16910.19544000028,0.0
1774121487,10,,Aggregated,7.100000,7.100000,1000,1000,1100,1100,1200,1600,1700,3400,14000,17000,17000,3450,3450,1000.0,1158.8439333408724,614.707565000117,16910.19544000028,0.0
1774121488,10,,Aggregated,6.900000,6.900000,1000,1000,1100,1100,1200,1600,1700,3400,14000,17000,17000,3457,3457,1000.0,1158.5975565701506,614.707565000117,16910.19544000028,0.0
1774121489,10,,Aggregated,7.300000,7.300000,1000,1000,1100,1100,1200,1500,1700,3400,14000,17000,17000,3464,3464,1000.0,1158.5008954893217,614.707565000117,16910.19544000028,0.0
1774121490,10,,Aggregated,7.300000,7.300000,1000,1000,1100,1100,1200,1500,1700,3400,14000,17000,17000,3471,3471,1000.0,1158.2301852555488,614.707565000117,16910.19544000028,0.0
1774121491,10,,Aggregated,7.100000,7.100000,1000,1000,1100,1100,1200,1500,1700,3400,14000,17000,17000,3478,3478,1000.0,1158.096075567283,614.707565000117,16910.19544000028,0.0
1774121492,10,,Aggregated,7.200000,7.200000,1000,1000,1100,1100,1200,1500,1700,3400,14000,17000,17000,3484,3484,1000.0,1157.8676039428844,614.707565000117,16910.19544000028,0.0
1774121493,10,,Aggregated,6.900000,6.900000,1000,1000,1100,1100,1200,1500,1700,3400,14000,17000,17000,3492,3492,1000.0,1157.810294825318,614.707565000117,16910.19544000028,0.0
1774121494,10,,Aggregated,6.800000,6.800000,1000,1000,1100,1100,1200,1500,1700,3400,14000,17000,17000,3500,3500,1000.0,1157.495742740574,614.707565000117,16910.19544000028,0.0
1774121495,10,,Aggregated,6.900000,6.900000,1000,1000,1100,1100,1200,1500,1700,3400,14000,17000,17000,3506,3506,1000.0,1157.4160824460953,614.707565000117,16910.19544000028,0.0
1774121496,10,,Aggregated,6.900000,6.900000,1000,1000,1100,1100,1200,1500,1700,3400,14000,17000,17000,3513,3513,1000.0,1157.1549710310305,614.707565000117,16910.19544000028,0.0
1774121497,10,,Aggregated,7.000000,7.000000,1000,1000,1100,1100,1200,1500,1700,3400,14000,17000,17000,3522,3522,1000.0,1156.9846176240803,614.707565000117,16910.19544000028,0.0
1774121498,10,,Aggregated,7.200000,7.200000,1000,1000,1100,1100,1200,1500,1700,3400,14000,17000,17000,3528,3528,1000.0,1156.728326138325,614.707565000117,16910.19544000028,0.0
1774121499,10,,Aggregated,6.700000,6.700000,1000,1000,1100,1100,1200,1500,1700,3400,14000,17000,17000,3534,3534,1000.0,1156.5697043183393,614.707565000117,16910.19544000028,0.0
1774121500,10,,Aggregated,7.100000,7.100000,1000,1000,1100,1100,1200,1500,1700,3400,14000,17000,17000,3544,3544,1000.0,1156.330981293175,614.707565000117,16910.19544000028,0.0
1774121501,10,,Aggregated,7.200000,7.200000,1000,1000,1100,1100,1200,1500,1700,3400,14000,17000,17000,3552,3552,1000.0,1155.989363384294,614.707565000117,16910.19544000028,0.0
1774121502,10,,Aggregated,6.900000,6.900000,1000,1000,1100,1100,1200,1500,1700,3400,14000,17000,17000,3559,3559,1000.0,1155.7522754321471,614.707565000117,16910.19544000028,0.0
1774121504,10,,Aggregated,7.300000,7.300000,1000,1000,1100,1100,1200,1500,1700,3400,14000,17000,17000,3563,3563,1000.0,1155.573245738145,614.707565000117,16910.19544000028,0.0
1774121505,10,,Aggregated,7.300000,7.300000,1000,1000,1100,1100,1200,1500,1700,3400,14000,17000,17000,3572,3572,1000.0,1155.4319937572818,614.707565000117,16910.19544000028,0.0
1774121506,10,,Aggregated,7.400000,7.400000,1000,1000,1100,1100,1200,1500,1700,3400,14000,17000,17000,3579,3579,1000.0,1155.197701246161,614.707565000117,16910.19544000028,0.0
1774121507,10,,Aggregated,7.100000,7.100000,1000,1000,1100,1100,1200,1500,1700,3400,14000,17000,17000,3585,3585,1000.0,1155.2186963305471,614.707565000117,16910.19544000028,0.0
1774121508,10,,Aggregated,7.200000,7.200000,1000,1000,1100,1100,1200,1500,1700,3400,14000,17000,17000,3592,3592,1000.0,1154.8167980225533,614.707565000117,16910.19544000028,0.0
1774121509,10,,Aggregated,7.000000,7.000000,1000,1000,1100,1100,1200,1500,1700,3400,14000,17000,17000,3601,3601,1000.0,1154.6017493773984,614.707565000117,16910.19544000028,0.0
1774121510,10,,Aggregated,7.000000,7.000000,1000,1000,1100,1100,1200,1500,1700,3400,14000,17000,17000,3608,3608,1000.0,1154.3711576092053,614.707565000117,16910.19544000028,0.0
1774121511,10,,Aggregated,7.000000,7.000000,1000,1000,1100,1100,1200,1500,1700,3400,14000,17000,17000,3615,3615,1000.0,1154.2265937554666,614.707565000117,16910.19544000028,0.0
1774121512,10,,Aggregated,7.300000,7.300000,1000,1000,1100,1100,1200,1500,1700,3400,14000,17000,17000,3624,3624,1000.0,1153.9867370689878,614.707565000117,16910.19544000028,0.0
1774121513,10,,Aggregated,7.000000,7.000000,1000,1000,1100,1100,1200,1500,1700,3400,14000,17000,17000,3631,3631,1000.0,1153.7411471104413,614.707565000117,16910.19544000028,0.0
1774121514,10,,Aggregated,7.000000,7.000000,1000,1000,1100,1100,1200,1500,1700,3400,14000,17000,17000,3639,3639,1000.0,1153.6304273363594,614.707565000117,16910.19544000028,0.0
1774121515,10,,Aggregated,7.000000,7.000000,1000,1000,1100,1100,1200,1500,1700,3400,14000,17000,17000,3643,3643,1000.0,1153.4705630337667,614.707565000117,16910.19544000028,0.0
1774121516,10,,Aggregated,7.100000,7.100000,1000,1000,1100,1100,1200,1500,1700,3400,14000,17000,17000,3651,3651,1000.0,1153.364194960562,614.707565000117,16910.19544000028,0.0
1774121517,10,,Aggregated,7.400000,7.400000,1000,1000,1100,1100,1200,1500,1700,3400,14000,17000,17000,3659,3659,1000.0,1153.093405854882,614.707565000117,16910.19544000028,0.0
1774121518,10,,Aggregated,7.200000,7.200000,1000,1000,1100,1100,1200,1500,1700,3400,14000,17000,17000,3666,3666,1000.0,1153.0305786704887,614.707565000117,16910.19544000028,0.0
1774121519,10,,Aggregated,7.400000,7.400000,1000,1000,1100,1100,1200,1500,1700,3400,14000,17000,17000,3672,3672,1000.0,1152.8234232410161,614.707565000117,16910.19544000028,0.0
1774121520,10,,Aggregated,7.100000,7.100000,1000,1000,1100,1100,1200,1500,1700,3400,14000,17000,17000,3680,3680,1000.0,1152.673232164677,614.707565000117,16910.19544000028,0.0
1774121521,10,,Aggregated,6.900000,6.900000,1000,1000,1100,1100,1200,1500,1700,3400,14000,17000,17000,3687,3687,1000.0,1152.4010719522678,614.707565000117,16910.19544000028,0.0
1774121522,10,,Aggregated,7.200000,7.200000,1000,1000,1100,1100,1200,1500,1700,3400,14000,17000,17000,3693,3693,1000.0,1152.3364550162496,614.707565000117,16910.19544000028,0.0
1774121523,10,,Aggregated,7.100000,7.100000,1000,1000,1100,1100,1200,1500,1700,3400,14000,17000,17000,3700,3700,1000.0,1152.0841299729755,614.707565000117,16910.19544000028,0.0
1774121524,10,,Aggregated,6.900000,6.900000,1000,1000,1100,1100,1200,1500,1600,3300,14000,17000,17000,3709,3709,1000.0,1151.9394048395818,614.707565000117,16910.19544000028,0.0
1774121525,10,,Aggregated,6.900000,6.900000,1000,1000,1100,1100,1200,1500,1600,3300,14000,17000,17000,3715,3715,1000.0,1151.6658329650095,614.707565000117,16910.19544000028,0.0
1774121526,10,,Aggregated,6.900000,6.900000,1000,1000,1100,1100,1200,1500,1600,3300,14000,17000,17000,3721,3721,1000.0,1151.546180500406,614.707565000117,16910.19544000028,0.0
1774121527,10,,Aggregated,7.000000,7.000000,1000,1000,1100,1100,1200,1500,1600,3300,14000,17000,17000,3729,3729,1000.0,1151.369056022529,614.707565000117,16910.19544000028,0.0
1774121528,10,,Aggregated,6.800000,6.800000,1000,1000,1100,1100,1200,1500,1600,3300,14000,17000,17000,3737,3737,1000.0,1151.049383953174,614.707565000117,16910.19544000028,0.0
1774121529,10,,Aggregated,6.700000,6.700000,1000,1000,1100,1100,1200,1500,1600,3300,14000,17000,17000,3744,3744,1000.0,1150.7875099489877,614.707565000117,16910.19544000028,0.0
1774121530,10,,Aggregated,7.200000,7.200000,1000,1000,1100,1100,1200,1500,1600,3300,14000,17000,17000,3751,3751,1000.0,1150.5498380477231,614.707565000117,16910.19544000028,0.0
1774121531,10,,Aggregated,7.100000,7.100000,1000,1000,1100,1100,1200,1500,1600,3300,14000,17000,17000,3758,3758,1000.0,1150.4661208030893,614.707565000117,16910.19544000028,0.0
1774121532,10,,Aggregated,6.800000,6.800000,1000,1000,1100,1100,1200,1500,1600,3300,14000,17000,17000,3765,3765,1000.0,1150.3130592677317,614.707565000117,16910.19544000028,0.0
1774121533,10,,Aggregated,7.000000,7.000000,1000,1000,1100,1100,1200,1500,1600,3300,14000,17000,17000,3773,3773,1000.0,1150.113017944344,614.707565000117,16910.19544000028,0.0
1774121534,10,,Aggregated,7.200000,7.200000,1000,1000,1100,1100,1200,1500,1600,3300,14000,17000,17000,3779,3779,1000.0,1149.844158798891,614.707565000117,16910.19544000028,0.0
1774121535,10,,Aggregated,7.000000,7.000000,1000,1000,1100,1100,1200,1500,1600,3300,14000,17000,17000,3787,3787,1000.0,1149.70487529179,614.707565000117,16910.19544000028,0.0
1774121536,10,,Aggregated,7.100000,7.100000,1000,1000,1100,1100,1200,1500,1600,3300,14000,17000,17000,3794,3794,1000.0,1149.4671695347938,614.707565000117,16910.19544000028,0.0
1774121537,10,,Aggregated,7.200000,7.200000,1000,1000,1100,1100,1200,1500,1600,3200,14000,17000,17000,3802,3802,1000.0,1149.30827083956,614.707565000117,16910.19544000028,0.0
1774121538,10,,Aggregated,7.100000,7.100000,1000,1000,1100,1100,1200,1500,1600,3200,14000,17000,17000,3807,3807,1000.0,1149.190165558447,614.707565000117,16910.19544000028,0.0
1774121539,10,,Aggregated,7.200000,7.200000,1000,1000,1100,1100,1200,1500,1600,3200,14000,17000,17000,3816,3816,1000.0,1148.9548439253165,614.707565000117,16910.19544000028,0.0
1774121540,10,,Aggregated,7.100000,7.100000,1000,1000,1100,1100,1200,1500,1600,3200,14000,17000,17000,3823,3823,1000.0,1148.722433965736,614.707565000117,16910.19544000028,0.0
1774121541,10,,Aggregated,7.300000,7.300000,1000,1000,1100,1100,1200,1500,1600,3200,14000,17000,17000,3830,3830,1000.0,1148.6224533318557,614.707565000117,16910.19544000028,0.0
1774121542,10,,Aggregated,7.100000,7.100000,1000,1000,1100,1100,1200,1500,1600,3200,14000,17000,17000,3836,3836,1000.0,1148.3821993933807,614.707565000117,16910.19544000028,0.0
1774121543,10,,Aggregated,7.100000,7.100000,1000,1000,1100,1100,1200,1500,1600,3200,14000,17000,17000,3845,3845,1000.0,1148.3226062306915,614.707565000117,16910.19544000028,0.0
1774121544,10,,Aggregated,7.100000,7.100000,1000,1000,1100,1100,1200,1500,1600,3200,14000,17000,17000,3850,3850,1000.0,1148.0679429594827,614.707565000117,16910.19544000028,0.0
1774121545,10,,Aggregated,7.100000,7.100000,1000,1000,1100,1100,1200,1500,1600,3200,14000,17000,17000,3859,3859,1000.0,1147.8969170082944,614.707565000117,16910.19544000028,0.0
1774121546,10,,Aggregated,7.000000,7.000000,1000,1000,1100,1100,1200,1500,1600,3200,14000,17000,17000,3866,3866,1000.0,1147.5930423680825,614.707565000117,16910.19544000028,0.0
1774121547,10,,Aggregated,7.000000,7.000000,1000,1000,1100,1100,1200,1500,1600,3200,14000,17000,17000,3871,3871,1000.0,1147.5629151777339,614.707565000117,16910.19544000028,0.0
1774121548,10,,Aggregated,7.000000,7.000000,1000,1000,1100,1100,1200,1500,1600,3200,14000,17000,17000,3879,3879,1000.0,1147.2453100698651,614.707565000117,16910.19544000028,0.0
1774121549,10,,Aggregated,7.200000,7.200000,1000,1000,1100,1100,1200,1500,1600,3200,14000,17000,17000,3888,3888,1000.0,1147.0359265216068,614.707565000117,16910.19544000028,0.0
1774121550,10,,Aggregated,7.000000,7.000000,1000,1000,1100,1100,1200,1500,1600,3200,14000,17000,17000,3892,3892,1000.0,1146.9068727469185,614.707565000117,16910.19544000028,0.0
1774121551,10,,Aggregated,6.900000,6.900000,1000,1000,1100,1100,1200,1500,1600,3200,14000,17000,17000,3901,3901,1000.0,1146.8062319566795,614.707565000117,16910.19544000028,0.0
1774121552,10,,Aggregated,7.100000,7.100000,1000,1000,1100,1100,1200,1500,1600,3200,14000,17000,17000,3908,3908,1000.0,1146.611826965457,614.707565000117,16910.19544000028,0.0
1774121553,10,,Aggregated,7.300000,7.300000,1000,1000,1100,1100,1200,1500,1600,3200,14000,17000,17000,3918,3918,1000.0,1146.4371618828507,614.707565000117,16910.19544000028,0.0
1774121554,10,,Aggregated,6.900000,6.900000,1000,1000,1100,1100,1200,1500,1600,3200,14000,17000,17000,3924,3924,1000.0,1146.3663861918985,614.707565000117,16910.19544000028,0.0
1774121555,10,,Aggregated,7.100000,7.100000,1000,1000,1100,1100,1200,1500,1600,3200,14000,17000,17000,3931,3931,1000.0,1146.0812692157238,614.707565000117,16910.19544000028,0.0
1774121556,10,,Aggregated,7.100000,7.100000,1000,1000,1100,1100,1200,1500,1600,3200,14000,17000,17000,3938,3938,1000.0,1145.948593836214,614.707565000117,16910.19544000028,0.0
1774121557,10,,Aggregated,7.100000,7.100000,1000,1000,1100,1100,1200,1500,1600,3200,14000,17000,17000,3945,3945,1000.0,1145.7582419079877,614.707565000117,16910.19544000028,0.0
1774121558,10,,Aggregated,7.200000,7.200000,1000,1000,1100,1100,1200,1500,1600,3200,14000,17000,17000,3951,3951,1000.0,1145.759919864088,614.707565000117,16910.19544000028,0.0
1774121559,10,,Aggregated,6.900000,6.900000,1000,1000,1100,1100,1200,1500,1600,3200,14000,17000,17000,3957,3957,1000.0,1145.6431798031367,614.707565000117,16910.19544000028,0.0
1774121560,10,,Aggregated,7.100000,7.100000,1000,1000,1100,1100,1200,1500,1600,3200,14000,17000,17000,3966,3966,1000.0,1145.4806193108955,614.707565000117,16910.19544000028,0.0
1774121561,10,,Aggregated,7.100000,7.100000,1000,1000,1100,1100,1200,1500,1600,3200,14000,17000,17000,3974,3974,1000.0,1145.241462317567,614.707565000117,16910.19544000028,0.0
