Timestamp,User Count,Type,Name,Requests/s,Failures/s,50%,66%,75%,80%,90%,95%,98%,99%,99.9%,99.99%,100%,Total Request Count,Total Failure Count,Total Median Response Time,Total Average Response Time,Total Min Response Time,Total Max Response Time,Total Average Content Size
1774102999,0,,Aggregated,0.000000,0.000000,N/A,N/A,N/A,N/A,N/A,N/A,N/A,N/A,N/A,N/A,N/A,0,0,0,0.0,0,0,0
1774103000,10,,Aggregated,0.000000,0.000000,160,260,260,320,320,320,320,320,320,320,320,9,0,160.0,183.7611543329937,1.9227420016250107,324.7988469993288,0.0
1774103001,10,,Aggregated,0.000000,0.000000,160,320,1000,1000,1000,1000,1000,1000,1000,1000,1000,25,7,160.0,379.82515423951554,1.7617999983485788,1000.5495849982253,0.0
1774103002,10,,Aggregated,5.000000,0.000000,120,260,1000,1000,1000,1000,1000,1000,1000,1000,1000,39,11,120.0,360.0047097688963,1.7617999983485788,1000.8212960019591,0.0
1774103003,10,,Aggregated,8.000000,2.500000,140,260,1000,1000,1000,1000,1000,1000,1000,1000,1000,55,16,140.0,368.7255954180066,1.7617999983485788,1001.0391600008006,0.0
1774103004,10,,Aggregated,11.000000,3.666667,130,260,1000,1000,1000,1000,1000,1000,1000,1000,1000,68,20,130.0,366.84680086743947,1.6833619993121829,1001.0391600008006,0.0
1774103005,10,,Aggregated,11.250000,3.250000,130,260,1000,1000,1000,1000,1000,1000,1000,1000,1000,78,24,120.0,371.3608123202553,1.6833619993121829,1001.0391600008006,0.0
1774103006,10,,Aggregated,11.600000,3.400000,130,1000,1000,1000,1000,1000,1000,1000,1000,1000,1000,91,31,130.0,397.6800478128927,1.5317029974539764,1001.0391600008006,0.0
1774103007,10,,Aggregated,11.833333,3.500000,120,1000,1000,1000,1000,1000,1000,1000,1000,1000,1000,105,36,120.0,395.42837751408416,1.5317029974539764,1001.0391600008006,0.0
1774103008,10,,Aggregated,11.714286,3.857143,130,1000,1000,1000,1000,1000,1000,1000,1000,1000,1000,117,40,130.0,393.633942666469,1.5317029974539764,1001.0391600008006,0.0
1774103009,10,,Aggregated,12.000000,4.125000,130,1000,1000,1000,1000,1000,1000,1000,1000,1000,1000,126,45,130.0,406.6588058411446,1.490339000156382,1001.0391600008006,0.0
1774103010,10,,Aggregated,12.111111,4.222222,130,1000,1000,1000,1000,1000,1000,1000,1000,1000,1000,143,51,130.0,405.06103930060084,1.490339000156382,1001.0391600008006,0.0
1774103011,10,,Aggregated,12.100000,4.200000,130,1000,1000,1000,1000,1000,1000,1000,1000,1000,1000,159,55,130.0,394.00403422631877,1.490339000156382,1001.0391600008006,0.0
1774103012,10,,Aggregated,12.600000,4.800000,120,320,1000,1000,1000,1000,1000,1000,1000,1000,1000,174,58,120.0,380.88311464933463,1.490339000156382,1001.0391600008006,0.0
1774103013,10,,Aggregated,13.100000,4.700000,120,260,1000,1000,1000,1000,1000,1000,1000,1000,1000,189,62,120.0,373.0877899946425,1.490339000156382,1001.0391600008006,0.0
1774103014,10,,Aggregated,13.000000,4.500000,110,230,1000,1000,1000,1000,1000,1000,1000,1000,1000,209,67,110.0,363.9798292487542,1.490339000156382,1001.0391600008006,0.0
1774103015,10,,Aggregated,13.600000,4.800000,110,220,1000,1000,1000,1000,1000,1000,1000,1000,1000,224,70,110.0,356.5410981918993,1.4784249979129527,1001.0391600008006,0.0
1774103016,10,,Aggregated,14.100000,4.800000,110,180,1000,1000,1000,1000,1000,1000,1000,1000,1000,248,74,100.0,340.6752854434525,1.4784249979129527,1001.0391600008006,0.0
1774103017,10,,Aggregated,14.200000,4.600000,100,170,1000,1000,1000,1000,1000,1000,1000,1000,1000,260,75,100.0,330.428665042228,1.4784249979129527,1001.0391600008006,0.0
1774103018,10,,Aggregated,14.800000,4.500000,100,170,1000,1000,1000,1000,1000,1000,1000,1000,1000,277,82,100.0,337.5754305053053,1.4784249979129527,1001.0391600008006,0.0
1774103019,10,,Aggregated,15.500000,4.100000,100,170,1000,1000,1000,1000,1000,1000,1000,1000,1000,286,84,100.0,334.6223348914966,1.467919999413425,1001.0391600008006,0.0
1774103020,10,,Aggregated,15.500000,4.000000,100,170,1000,1000,1000,1000,1000,1000,1000,1000,1000,301,90,100.0,338.9946329434346,1.467919999413425,1001.0391600008006,0.0
1774103021,10,,Aggregated,15.900000,4.000000,100,200,1000,1000,1000,1000,1000,1000,1000,1000,1000,314,97,100.0,347.9329315317851,1.467919999413425,1001.0391600008006,0.0
1774103022,10,,Aggregated,16.100000,4.000000,100,200,1000,1000,1000,1000,1000,1000,1000,1000,1000,327,103,100.0,353.46282753815365,1.467919999413425,1001.0391600008006,0.0
1774103023,10,,Aggregated,15.800000,4.100000,100,220,1000,1000,1000,1000,1000,1000,1000,1000,1000,337,108,100.0,358.66872226993934,1.467919999413425,1001.0391600008006,0.0
1774103024,10,,Aggregated,15.300000,4.300000,110,260,1000,1000,1000,1000,1000,1000,1000,1000,1000,349,116,110.0,369.66829588814795,1.467919999413425,1001.0391600008006,0.0
1774103025,10,,Aggregated,14.900000,4.300000,110,220,1000,1000,1000,1000,1000,1000,1000,1000,1000,366,119,110.0,362.7912379343385,1.467919999413425,1001.0391600008006,0.0
1774103026,10,,Aggregated,13.900000,4.400000,100,200,1000,1000,1000,1000,1000,1000,1000,1000,1000,384,122,100.0,354.84145252076854,1.467919999413425,1001.0391600008006,0.0
1774103027,10,,Aggregated,14.200000,5.000000,100,200,1000,1000,1000,1000,1000,1000,1000,1000,1000,400,127,100.0,354.22868818995084,1.467919999413425,1001.0428500027047,0.0
1774103028,10,,Aggregated,14.200000,4.700000,100,200,1000,1000,1000,1000,1000,1000,1000,1000,1000,409,130,100.0,354.1278902395704,1.467919999413425,1001.0428500027047,0.0
1774103029,10,,Aggregated,13.700000,4.800000,100,210,1000,1000,1000,1000,1000,1000,1000,1000,1000,422,136,100.0,358.24382641464337,1.467919999413425,1001.0428500027047,0.0
1774103030,10,,Aggregated,14.100000,5.000000,110,260,1000,1000,1000,1000,1000,1000,1000,1000,1000,435,144,110.0,366.4979626206165,1.467919999413425,1001.0428500027047,0.0
1774103031,10,,Aggregated,13.300000,5.100000,110,260,1000,1000,1000,1000,1000,1000,1000,1000,1000,444,147,110.0,366.4645723309985,1.467919999413425,1001.0428500027047,0.0
1774103032,10,,Aggregated,13.200000,4.900000,110,260,1000,1000,1000,1000,1000,1000,1000,1000,1000,462,154,100.0,368.0112450194145,1.467919999413425,1001.0428500027047,0.0
1774103033,10,,Aggregated,13.300000,5.200000,110,260,1000,1000,1000,1000,1000,1000,1000,1000,1000,472,158,110.0,369.4775039745101,1.467919999413425,1001.0428500027047,0.0
1774103034,10,,Aggregated,13.400000,5.200000,110,260,1000,1000,1000,1000,1000,1000,1000,1000,1000,489,164,110.0,370.24500112672933,1.467919999413425,1001.0428500027047,0.0
1774103035,10,,Aggregated,13.500000,5.000000,110,320,1000,1000,1000,1000,1000,1000,1000,1000,1000,499,168,110.0,371.4735319237683,1.467919999413425,1001.0550909973972,0.0
1774103036,10,,Aggregated,13.800000,5.000000,110,260,1000,1000,1000,1000,1000,1000,1000,1000,1000,518,174,110.0,370.7508722740505,1.467919999413425,1001.0550909973972,0.0
1774103037,10,,Aggregated,13.500000,4.700000,110,260,1000,1000,1000,1000,1000,1000,1000,1000,1000,526,175,110.0,367.76042672995106,1.467919999413425,1001.0550909973972,0.0
1774103038,10,,Aggregated,13.100000,5.000000,110,320,1000,1000,1000,1000,1000,1000,1000,1000,1000,541,182,110.0,371.2587452734831,1.467919999413425,1001.0550909973972,0.0
1774103039,10,,Aggregated,13.200000,5.200000,110,320,1000,1000,1000,1000,1000,1000,1000,1000,1000,551,186,110.0,372.030316484485,1.467919999413425,1001.0550909973972,0.0
1774103040,10,,Aggregated,12.400000,4.900000,110,320,1000,1000,1000,1000,1000,1000,1000,1000,1000,568,193,110.0,374.1025608168021,1.467919999413425,1002.9947969997011,0.0
1774103041,10,,Aggregated,13.100000,5.000000,100,260,1000,1000,1000,1000,1000,1000,1000,1000,1000,587,196,100.0,367.5242737597021,1.467919999413425,1002.9947969997011,0.0
1774103042,10,,Aggregated,13.000000,5.100000,100,230,1000,1000,1000,1000,1000,1000,1000,1000,1000,598,199,100.0,366.23830309524595,1.467919999413425,1002.9947969997011,0.0
1774103043,10,,Aggregated,13.600000,4.900000,100,260,1000,1000,1000,1000,1000,1000,1000,1000,1000,615,206,100.0,368.1463081901822,1.467919999413425,1002.9947969997011,0.0
1774103044,10,,Aggregated,14.000000,4.500000,100,220,1000,1000,1000,1000,1000,1000,1000,1000,1000,630,208,100.0,363.7919692967689,1.467919999413425,1002.9947969997011,0.0
1774103045,10,,Aggregated,13.800000,4.800000,100,230,1000,1000,1000,1000,1000,1000,1000,1000,1000,642,214,100.0,367.03543435974564,1.400361998094013,1002.9947969997011,0.0
1774103046,10,,Aggregated,14.300000,4.700000,100,220,1000,1000,1000,1000,1000,1000,1000,1000,1000,657,218,100.0,365.1732118720812,1.400361998094013,1002.9947969997011,0.0
1774103047,10,,Aggregated,14.000000,4.400000,100,260,1000,1000,1000,1000,1000,1000,1000,1000,1000,671,225,100.0,368.16833450217524,1.400361998094013,1002.9947969997011,0.0
1774103048,10,,Aggregated,14.500000,4.700000,100,220,1000,1000,1000,1000,1000,1000,1000,1000,1000,686,228,100.0,365.31336760491223,1.400361998094013,1002.9947969997011,0.0
1774103049,10,,Aggregated,13.700000,4.400000,100,230,1000,1000,1000,1000,1000,1000,1000,1000,1000,698,233,100.0,366.4642728652893,1.400361998094013,1002.9947969997011,0.0
1774103050,10,,Aggregated,14.600000,4.900000,100,260,1000,1000,1000,1000,1000,1000,1000,1000,1000,710,239,100.0,369.2807488323601,1.400361998094013,1002.9947969997011,0.0
1774103051,10,,Aggregated,14.400000,4.600000,100,260,1000,1000,1000,1000,1000,1000,1000,1000,1000,721,243,100.0,369.70268220245583,1.400361998094013,1002.9947969997011,0.0
1774103052,10,,Aggregated,14.700000,4.600000,110,320,1000,1000,1000,1000,1000,1000,1000,1000,1000,735,249,110.0,371.52412139452167,1.400361998094013,1002.9947969997011,0.0
1774103053,10,,Aggregated,13.800000,4.600000,110,1000,1000,1000,1000,1000,1000,1000,1000,1000,1000,746,255,110.0,374.43912108307546,1.400361998094013,1002.9947969997011,0.0
1774103054,10,,Aggregated,13.500000,5.000000,110,1000,1000,1000,1000,1000,1000,1000,1000,1000,1000,758,259,100.0,373.8161356503516,1.400361998094013,1002.9947969997011,0.0
1774103055,10,,Aggregated,13.400000,4.700000,110,1000,1000,1000,1000,1000,1000,1000,1000,1000,1000,770,265,110.0,376.21986753502046,1.400361998094013,1002.9947969997011,0.0
1774103056,10,,Aggregated,13.000000,5.100000,110,1000,1000,1000,1000,1000,1000,1000,1000,1000,1000,786,272,110.0,377.9294190012375,1.400361998094013,1002.9947969997011,0.0
1774103057,10,,Aggregated,13.300000,5.400000,110,1000,1000,1000,1000,1000,1000,1000,1000,1000,1000,797,276,110.0,377.8543842358572,1.400361998094013,1002.9947969997011,0.0
1774103058,10,,Aggregated,12.500000,5.000000,110,1000,1000,1000,1000,1000,1000,1000,1000,1000,1000,810,280,110.0,377.27198709010133,1.400361998094013,1002.9947969997011,0.0
1774103059,10,,Aggregated,12.900000,5.400000,110,1000,1000,1000,1000,1000,1000,1000,1000,1000,1000,829,285,110.0,375.62349245594635,1.400361998094013,1002.9947969997011,0.0
1774103060,10,,Aggregated,12.400000,5.100000,110,1000,1000,1000,1000,1000,1000,1000,1000,1000,1000,842,287,110.0,373.09800011161633,1.400361998094013,1002.9947969997011,0.0
1774103061,10,,Aggregated,12.300000,5.200000,110,1000,1000,1000,1000,1000,1000,1000,1000,1000,1000,852,292,110.0,374.6032993509083,1.400361998094013,1002.9947969997011,0.0
1774103062,10,,Aggregated,13.000000,5.100000,100,1000,1000,1000,1000,1000,1000,1000,1000,1000,1000,873,299,100.0,373.69899779607044,1.400361998094013,1002.9947969997011,0.0
1774103063,10,,Aggregated,13.100000,4.800000,100,1000,1000,1000,1000,1000,1000,1000,1000,1000,1000,886,303,100.0,373.2114031568541,1.400361998094013,1002.9947969997011,0.0
1774103064,10,,Aggregated,12.900000,4.800000,100,320,1000,1000,1000,1000,1000,1000,1000,1000,1000,904,306,100.0,370.17018506966326,1.400361998094013,1002.9947969997011,0.0
1774103065,10,,Aggregated,13.700000,5.000000,100,230,1000,1000,1000,1000,1000,1000,1000,1000,1000,921,308,100.0,366.2352903256968,1.400361998094013,1002.9947969997011,0.0
1774103066,10,,Aggregated,13.900000,4.700000,100,220,1000,1000,1000,1000,1000,1000,1000,1000,1000,939,312,100.0,364.1355940148743,1.400361998094013,1002.9947969997011,0.0
1774103067,10,,Aggregated,14.300000,4.400000,100,210,1000,1000,1000,1000,1000,1000,1000,1000,1000,954,315,100.0,362.036734622603,1.400361998094013,1002.9947969997011,0.0
1774103068,10,,Aggregated,15.000000,4.200000,100,200,1000,1000,1000,1000,1000,1000,1000,1000,1000,975,319,100.0,359.06964324715466,1.400361998094013,1002.9947969997011,0.0
1774103069,10,,Aggregated,15.500000,4.100000,100,200,1000,1000,1000,1000,1000,1000,1000,1000,1000,988,321,100.0,356.92406683803176,1.400361998094013,1002.9947969997011,0.0
1774103070,10,,Aggregated,16.000000,4.000000,100,190,1000,1000,1000,1000,1000,1000,1000,1000,1000,1005,326,100.0,356.3808833681342,1.400361998094013,1002.9947969997011,0.0
1774103071,10,,Aggregated,16.600000,3.800000,100,190,1000,1000,1000,1000,1000,1000,1000,1000,1000,1020,330,100.0,355.4586635617333,1.400361998094013,1002.9947969997011,0.0
1774103072,10,,Aggregated,16.200000,3.800000,100,180,1000,1000,1000,1000,1000,1000,1000,1000,1000,1036,333,100.0,353.4233855192736,1.400361998094013,1002.9947969997011,0.0
1774103073,10,,Aggregated,16.300000,3.900000,100,180,1000,1000,1000,1000,1000,1000,1000,1000,1000,1049,337,100.0,353.53895737937717,1.400361998094013,1002.9947969997011,0.0
1774103074,10,,Aggregated,17.000000,3.600000,100,180,1000,1000,1000,1000,1000,1000,1000,1000,1000,1064,342,100.0,353.7873491071008,1.400361998094013,1002.9947969997011,0.0
1774103075,10,,Aggregated,16.400000,3.400000,100,180,1000,1000,1000,1000,1000,1000,1000,1000,1000,1085,347,100.0,352.25215598153625,1.400361998094013,1002.9947969997011,0.0
1774103076,10,,Aggregated,16.300000,3.500000,100,170,1000,1000,1000,1000,1000,1000,1000,1000,1000,1102,348,100.0,348.1712798366225,1.400361998094013,1002.9947969997011,0.0
1774103077,10,,Aggregated,15.900000,3.700000,100,170,1000,1000,1000,1000,1000,1000,1000,1000,1000,1112,353,100.0,349.8859980161422,1.400361998094013,1002.9947969997011,0.0
1774103078,10,,Aggregated,16.500000,3.900000,100,180,1000,1000,1000,1000,1000,1000,1000,1000,1000,1129,358,100.0,349.5936650309548,1.400361998094013,1002.9947969997011,0.0
1774103079,10,,Aggregated,16.100000,3.500000,100,170,1000,1000,1000,1000,1000,1000,1000,1000,1000,1145,362,100.0,348.7254201554142,1.400361998094013,1002.9947969997011,0.0
1774103080,10,,Aggregated,15.500000,3.800000,100,170,1000,1000,1000,1000,1000,1000,1000,1000,1000,1154,364,100.0,347.97862024258984,1.400361998094013,1002.9947969997011,0.0
1774103081,10,,Aggregated,15.200000,3.900000,100,180,1000,1000,1000,1000,1000,1000,1000,1000,1000,1172,371,100.0,349.1863788054123,1.400361998094013,1002.9947969997011,0.0
1774103082,10,,Aggregated,15.400000,4.000000,100,180,1000,1000,1000,1000,1000,1000,1000,1000,1000,1180,375,100.0,350.4078065474088,1.400361998094013,1002.9947969997011,0.0
1774103083,10,,Aggregated,14.900000,3.800000,100,180,1000,1000,1000,1000,1000,1000,1000,1000,1000,1192,381,100.0,351.93023541102383,1.400361998094013,1002.9947969997011,0.0
1774103084,10,,Aggregated,14.800000,4.100000,100,180,1000,1000,1000,1000,1000,1000,1000,1000,1000,1208,389,100.0,354.25454134846655,1.400361998094013,1002.9947969997011,0.0
1774103085,10,,Aggregated,14.500000,4.400000,100,180,1000,1000,1000,1000,1000,1000,1000,1000,1000,1216,391,100.0,353.85685022529117,1.400361998094013,1002.9947969997011,0.0
1774103086,10,,Aggregated,14.200000,4.200000,100,190,1000,1000,1000,1000,1000,1000,1000,1000,1000,1230,399,100.0,356.5339507796356,1.400361998094013,1002.9947969997011,0.0
1774103087,10,,Aggregated,14.300000,4.600000,100,190,1000,1000,1000,1000,1000,1000,1000,1000,1000,1247,403,100.0,355.515467028025,1.400361998094013,1002.9947969997011,0.0
1774103088,10,,Aggregated,13.000000,4.600000,100,190,1000,1000,1000,1000,1000,1000,1000,1000,1000,1257,407,100.0,355.8816512346442,1.400361998094013,1002.9947969997011,0.0
1774103089,10,,Aggregated,12.800000,5.100000,100,190,1000,1000,1000,1000,1000,1000,1000,1000,1000,1267,414,100.0,358.718725595064,1.400361998094013,1002.9947969997011,0.0
1774103090,10,,Aggregated,13.500000,4.800000,100,190,1000,1000,1000,1000,1000,1000,1000,1000,1000,1281,418,100.0,358.29957617482125,1.400361998094013,1002.9947969997011,0.0
1774103091,10,,Aggregated,12.800000,4.900000,100,200,1000,1000,1000,1000,1000,1000,1000,1000,1000,1290,423,100.0,359.81649834491617,1.400361998094013,1002.9947969997011,0.0
1774103092,10,,Aggregated,12.100000,5.200000,100,200,1000,1000,1000,1000,1000,1000,1000,1000,1000,1304,431,100.0,362.2020085835556,1.400361998094013,1002.9947969997011,0.0
1774103093,10,,Aggregated,12.700000,5.400000,100,210,1000,1000,1000,1000,1000,1000,1000,1000,1000,1314,435,100.0,362.57258919935947,1.400361998094013,1002.9947969997011,0.0
1774103094,10,,Aggregated,12.000000,5.300000,100,220,1000,1000,1000,1000,1000,1000,1000,1000,1000,1332,443,100.0,363.77043145567205,1.400361998094013,1002.9947969997011,0.0
1774103095,10,,Aggregated,12.300000,5.400000,100,200,1000,1000,1000,1000,1000,1000,1000,1000,1000,1347,444,100.0,360.8689982768826,1.4000699993630406,1002.9947969997011,0.0
1774103096,10,,Aggregated,12.100000,5.400000,100,200,1000,1000,1000,1000,1000,1000,1000,1000,1000,1362,448,100.0,360.3948819588548,1.4000699993630406,1002.9947969997011,0.0
1774103097,10,,Aggregated,12.700000,5.400000,100,200,1000,1000,1000,1000,1000,1000,1000,1000,1000,1378,454,100.0,360.8266328620977,1.4000699993630406,1002.9947969997011,0.0
1774103098,10,,Aggregated,12.900000,5.100000,100,200,1000,1000,1000,1000,1000,1000,1000,1000,1000,1386,458,100.0,361.6378316832406,1.4000699993630406,1002.9947969997011,0.0
1774103099,10,,Aggregated,13.500000,5.000000,100,210,1000,1000,1000,1000,1000,1000,1000,1000,1000,1400,464,100.0,362.5466581971239,1.4000699993630406,1002.9947969997011,0.0
1774103100,10,,Aggregated,13.000000,5.100000,100,200,1000,1000,1000,1000,1000,1000,1000,1000,1000,1415,469,100.0,362.34768410528005,1.4000699993630406,1002.9947969997011,0.0
1774103101,10,,Aggregated,12.900000,5.100000,100,210,1000,1000,1000,1000,1000,1000,1000,1000,1000,1424,473,100.0,363.01764799296035,1.4000699993630406,1002.9947969997011,0.0
1774103102,10,,Aggregated,13.300000,4.900000,100,220,1000,1000,1000,1000,1000,1000,1000,1000,1000,1442,482,100.0,365.1039994042999,1.4000699993630406,1002.9947969997011,0.0
1774103103,10,,Aggregated,13.600000,5.100000,100,220,1000,1000,1000,1000,1000,1000,1000,1000,1000,1453,485,100.0,364.90647229662665,1.4000699993630406,1002.9947969997011,0.0
1774103104,10,,Aggregated,13.400000,5.000000,100,210,1000,1000,1000,1000,1000,1000,1000,1000,1000,1471,490,100.0,364.2903720999307,1.4000699993630406,1002.9947969997011,0.0
1774103105,10,,Aggregated,13.600000,5.100000,100,200,1000,1000,1000,1000,1000,1000,1000,1000,1000,1484,492,100.0,362.52315036792226,1.4000699993630406,1002.9947969997011,0.0
1774103106,10,,Aggregated,13.900000,5.000000,100,200,1000,1000,1000,1000,1000,1000,1000,1000,1000,1506,498,100.0,361.4624723054448,1.4000699993630406,1002.9947969997011,0.0
1774103107,10,,Aggregated,13.600000,4.700000,100,200,1000,1000,1000,1000,1000,1000,1000,1000,1000,1519,500,100.0,359.84548715997346,1.4000699993630406,1002.9947969997011,0.0
1774103108,10,,Aggregated,13.700000,4.800000,100,190,1000,1000,1000,1000,1000,1000,1000,1000,1000,1539,505,100.0,358.842222251466,1.4000699993630406,1002.9947969997011,0.0
1774103109,10,,Aggregated,14.100000,4.900000,100,190,1000,1000,1000,1000,1000,1000,1000,1000,1000,1553,508,100.0,357.79854411912896,1.4000699993630406,1002.9947969997011,0.0
1774103110,10,,Aggregated,14.000000,4.600000,100,190,1000,1000,1000,1000,1000,1000,1000,1000,1000,1568,513,100.0,357.7078883163334,1.4000699993630406,1002.9947969997011,0.0
1774103111,10,,Aggregated,15.300000,4.700000,100,190,1000,1000,1000,1000,1000,1000,1000,1000,1000,1585,518,100.0,357.25434009779514,1.4000699993630406,1002.9947969997011,0.0
1774103112,10,,Aggregated,15.200000,4.400000,100,180,1000,1000,1000,1000,1000,1000,1000,1000,1000,1602,520,100.0,355.042774382655,1.4000699993630406,1002.9947969997011,0.0
1774103113,10,,Aggregated,15.000000,4.300000,100,180,1000,1000,1000,1000,1000,1000,1000,1000,1000,1614,524,100.0,355.01716614622933,1.4000699993630406,1002.9947969997011,0.0
1774103114,10,,Aggregated,16.000000,4.400000,100,180,1000,1000,1000,1000,1000,1000,1000,1000,1000,1624,530,100.0,356.6958752401548,1.4000699993630406,1002.9947969997011,0.0
1774103116,10,,Aggregated,16.000000,3.800000,100,190,1000,1000,1000,1000,1000,1000,1000,1000,1000,1639,537,100.0,357.8218901006847,1.4000699993630406,1002.9947969997011,0.0
1774103117,10,,Aggregated,16.100000,3.900000,100,190,1000,1000,1000,1000,1000,1000,1000,1000,1000,1649,539,100.0,357.1630569357336,1.4000699993630406,1002.9947969997011,0.0
1774103118,10,,Aggregated,15.300000,4.000000,100,190,1000,1000,1000,1000,1000,1000,1000,1000,1000,1662,546,100.0,358.912323361023,1.4000699993630406,1002.9947969997011,0.0
1774103119,10,,Aggregated,15.500000,4.500000,100,190,1000,1000,1000,1000,1000,1000,1000,1000,1000,1674,552,100.0,360.2064560627332,1.4000699993630406,1002.9947969997011,0.0
1774103120,10,,Aggregated,14.300000,4.600000,100,200,1000,1000,1000,1000,1000,1000,1000,1000,1000,1691,558,100.0,360.21284450621647,1.4000699993630406,1002.9947969997011,0.0
1774103121,10,,Aggregated,14.300000,4.600000,100,190,1000,1000,1000,1000,1000,1000,1000,1000,1000,1703,561,100.0,359.76501766354005,1.4000699993630406,1002.9947969997011,0.0
1774103122,10,,Aggregated,13.500000,4.700000,100,190,1000,1000,1000,1000,1000,1000,1000,1000,1000,1715,563,100.0,358.91523122332484,1.4000699993630406,1002.9947969997011,0.0
1774103123,10,,Aggregated,13.700000,4.900000,100,200,1000,1000,1000,1000,1000,1000,1000,1000,1000,1726,570,100.0,360.79968809849515,1.4000699993630406,1002.9947969997011,0.0
1774103124,10,,Aggregated,13.500000,4.800000,100,200,1000,1000,1000,1000,1000,1000,1000,1000,1000,1741,577,100.0,361.8327151188993,1.4000699993630406,1002.9947969997011,0.0
1774103125,10,,Aggregated,12.900000,4.500000,100,200,1000,1000,1000,1000,1000,1000,1000,1000,1000,1752,580,100.0,361.3815468630177,1.4000699993630406,1002.9947969997011,0.0
1774103126,10,,Aggregated,12.400000,5.000000,100,200,1000,1000,1000,1000,1000,1000,1000,1000,1000,1770,585,100.0,360.94635647571397,1.4000699993630406,1002.9947969997011,0.0
1774103127,10,,Aggregated,12.700000,5.300000,100,190,1000,1000,1000,1000,1000,1000,1000,1000,1000,1785,589,100.0,360.3791657809641,1.4000699993630406,1002.9947969997011,0.0
1774103128,10,,Aggregated,12.800000,5.000000,100,200,1000,1000,1000,1000,1000,1000,1000,1000,1000,1797,594,100.0,360.9989231970051,1.4000699993630406,1002.9947969997011,0.0
1774103129,10,,Aggregated,13.100000,4.800000,100,190,1000,1000,1000,1000,1000,1000,1000,1000,1000,1813,597,100.0,359.83552169333166,1.4000699993630406,1002.9947969997011,0.0
1774103130,10,,Aggregated,13.500000,4.800000,100,190,1000,1000,1000,1000,1000,1000,1000,1000,1000,1829,603,100.0,360.2167265828388,1.4000699993630406,1002.9947969997011,0.0
1774103131,10,,Aggregated,13.500000,4.800000,100,190,1000,1000,1000,1000,1000,1000,1000,1000,1000,1843,606,100.0,359.3261458182346,1.4000699993630406,1002.9947969997011,0.0
1774103132,10,,Aggregated,13.900000,4.500000,100,190,1000,1000,1000,1000,1000,1000,1000,1000,1000,1855,611,100.0,359.8312857541805,1.4000699993630406,1002.9947969997011,0.0
1774103133,10,,Aggregated,14.000000,4.500000,100,190,1000,1000,1000,1000,1000,1000,1000,1000,1000,1870,618,100.0,360.7962956331587,1.4000699993630406,1002.9947969997011,0.0
1774103134,10,,Aggregated,14.000000,4.500000,100,190,1000,1000,1000,1000,1000,1000,1000,1000,1000,1881,621,100.0,360.5204927368404,1.4000699993630406,1002.9947969997011,0.0
1774103135,10,,Aggregated,14.000000,4.800000,100,200,1000,1000,1000,1000,1000,1000,1000,1000,1000,1891,627,100.0,361.9634604796421,1.4000699993630406,1002.9947969997011,0.0
1774103136,10,,Aggregated,14.100000,4.600000,100,200,1000,1000,1000,1000,1000,1000,1000,1000,1000,1906,634,100.0,362.9568008856291,1.4000699993630406,1002.9947969997011,0.0
1774103137,10,,Aggregated,14.000000,4.400000,100,200,1000,1000,1000,1000,1000,1000,1000,1000,1000,1920,638,100.0,362.7053404348993,1.4000699993630406,1002.9947969997011,0.0
1774103138,10,,Aggregated,13.600000,4.900000,100,200,1000,1000,1000,1000,1000,1000,1000,1000,1000,1935,644,100.0,363.2135407224818,1.4000699993630406,1002.9947969997011,0.0
1774103139,10,,Aggregated,13.500000,4.900000,100,200,1000,1000,1000,1000,1000,1000,1000,1000,1000,1949,648,100.0,362.96651562083747,1.4000699993630406,1002.9947969997011,0.0
1774103140,10,,Aggregated,13.500000,4.900000,100,200,1000,1000,1000,1000,1000,1000,1000,1000,1000,1964,653,100.0,362.970102813649,1.4000699993630406,1002.9947969997011,0.0
1774103141,10,,Aggregated,13.700000,4.900000,100,200,1000,1000,1000,1000,1000,1000,1000,1000,1000,1978,656,100.0,362.21047962032117,1.4000699993630406,1002.9947969997011,0.0
1774103142,10,,Aggregated,13.600000,5.000000,100,210,1000,1000,1000,1000,1000,1000,1000,1000,1000,1988,663,100.0,363.96876087876996,1.4000699993630406,1002.9947969997011,0.0
1774103143,10,,Aggregated,13.500000,5.000000,100,210,1000,1000,1000,1000,1000,1000,1000,1000,1000,2002,669,100.0,364.5209736173847,1.4000699993630406,1002.9947969997011,0.0
1774103144,10,,Aggregated,13.000000,4.900000,100,200,1000,1000,1000,1000,1000,1000,1000,1000,1000,2017,671,100.0,362.9987164427375,1.4000699993630406,1002.9947969997011,0.0
1774103145,10,,Aggregated,13.000000,4.900000,100,200,1000,1000,1000,1000,1000,1000,1000,1000,1000,2031,676,100.0,363.15807287740387,1.4000699993630406,1002.9947969997011,0.0
1774103146,10,,Aggregated,13.500000,5.000000,100,200,1000,1000,1000,1000,1000,1000,1000,1000,1000,2042,680,100.0,363.44302529873374,1.4000699993630406,1002.9947969997011,0.0
1774103147,10,,Aggregated,14.000000,4.900000,100,210,1000,1000,1000,1000,1000,1000,1000,1000,1000,2052,687,100.0,365.1758091720361,1.4000699993630406,1002.9947969997011,0.0
1774103148,10,,Aggregated,13.400000,4.500000,100,210,1000,1000,1000,1000,1000,1000,1000,1000,1000,2067,692,100.0,365.1352421204736,1.4000699993630406,1002.9947969997011,0.0
1774103149,10,,Aggregated,13.000000,4.800000,100,220,1000,1000,1000,1000,1000,1000,1000,1000,1000,2079,697,100.0,365.60556694277307,1.4000699993630406,1002.9947969997011,0.0
1774103150,10,,Aggregated,13.200000,4.900000,100,210,1000,1000,1000,1000,1000,1000,1000,1000,1000,2093,701,100.0,365.38689994315024,1.4000699993630406,1002.9947969997011,0.0
1774103151,10,,Aggregated,13.100000,4.900000,100,220,1000,1000,1000,1000,1000,1000,1000,1000,1000,2109,708,100.0,366.13401835657015,1.4000699993630406,1002.9947969997011,0.0
1774103152,10,,Aggregated,12.700000,4.800000,100,220,1000,1000,1000,1000,1000,1000,1000,1000,1000,2119,711,100.0,365.88265821095035,1.4000699993630406,1002.9947969997011,0.0
1774103153,10,,Aggregated,12.900000,5.200000,100,220,1000,1000,1000,1000,1000,1000,1000,1000,1000,2134,716,100.0,365.838837823333,1.4000699993630406,1002.9947969997011,0.0
1774103154,10,,Aggregated,13.300000,5.000000,100,210,1000,1000,1000,1000,1000,1000,1000,1000,1000,2157,720,100.0,364.077754976815,1.4000699993630406,1002.9947969997011,0.0
1774103155,10,,Aggregated,13.200000,4.800000,100,200,1000,1000,1000,1000,1000,1000,1000,1000,1000,2173,722,100.0,362.8580656304561,1.4000699993630406,1002.9947969997011,0.0
1774103156,10,,Aggregated,13.700000,4.900000,100,200,1000,1000,1000,1000,1000,1000,1000,1000,1000,2191,725,100.0,361.48333312413996,1.4000699993630406,1002.9947969997011,0.0
1774103157,10,,Aggregated,13.900000,4.500000,100,190,1000,1000,1000,1000,1000,1000,1000,1000,1000,2204,728,100.0,360.8580062722258,1.4000699993630406,1002.9947969997011,0.0
1774103158,10,,Aggregated,15.000000,4.600000,100,190,1000,1000,1000,1000,1000,1000,1000,1000,1000,2220,734,100.0,361.23239776395474,1.4000699993630406,1003.5158690006938,0.0
1774103159,10,,Aggregated,15.300000,4.200000,100,190,1000,1000,1000,1000,1000,1000,1000,1000,1000,2231,738,100.0,361.4393277709431,1.4000699993630406,1003.5158690006938,0.0
1774103160,10,,Aggregated,15.200000,4.100000,100,200,1000,1000,1000,1000,1000,1000,1000,1000,1000,2242,745,100.0,362.87987521542084,1.4000699993630406,1003.5158690006938,0.0
1774103161,10,,Aggregated,15.100000,4.000000,100,200,1000,1000,1000,1000,1000,1000,1000,1000,1000,2258,751,100.0,363.1204152037101,1.4000699993630406,1003.5158690006938,0.0
1774103162,10,,Aggregated,14.900000,4.200000,100,200,1000,1000,1000,1000,1000,1000,1000,1000,1000,2270,753,100.0,362.27546428809364,1.4000699993630406,1003.5158690006938,0.0
1774103163,10,,Aggregated,14.900000,4.300000,100,200,1000,1000,1000,1000,1000,1000,1000,1000,1000,2285,759,100.0,362.7337018135589,1.4000699993630406,1003.5158690006938,0.0
1774103164,10,,Aggregated,14.900000,4.200000,100,200,1000,1000,1000,1000,1000,1000,1000,1000,1000,2297,764,100.0,363.1645012921098,1.4000699993630406,1003.5158690006938,0.0
1774103165,10,,Aggregated,15.200000,4.300000,100,210,1000,1000,1000,1000,1000,1000,1000,1000,1000,2308,769,100.0,363.8489109263325,1.4000699993630406,1003.5158690006938,0.0
1774103166,10,,Aggregated,14.100000,4.300000,100,210,1000,1000,1000,1000,1000,1000,1000,1000,1000,2324,774,100.0,363.7526056617843,1.4000699993630406,1003.5158690006938,0.0
1774103167,10,,Aggregated,13.700000,4.800000,100,210,1000,1000,1000,1000,1000,1000,1000,1000,1000,2341,779,100.0,363.3415008171724,1.4000699993630406,1003.5158690006938,0.0
1774103168,10,,Aggregated,13.300000,4.900000,100,200,1000,1000,1000,1000,1000,1000,1000,1000,1000,2354,783,100.0,363.2441251219173,1.4000699993630406,1003.5158690006938,0.0
1774103169,10,,Aggregated,13.300000,4.800000,100,200,1000,1000,1000,1000,1000,1000,1000,1000,1000,2369,787,100.0,362.8116995892768,1.4000699993630406,1003.5158690006938,0.0
1774103170,10,,Aggregated,13.300000,4.900000,100,200,1000,1000,1000,1000,1000,1000,1000,1000,1000,2386,791,100.0,362.04767435750085,1.4000699993630406,1003.5158690006938,0.0
1774103171,10,,Aggregated,13.800000,5.000000,100,200,1000,1000,1000,1000,1000,1000,1000,1000,1000,2397,796,100.0,362.58621389570203,1.4000699993630406,1003.5158690006938,0.0
1774103172,10,,Aggregated,14.300000,4.800000,100,200,1000,1000,1000,1000,1000,1000,1000,1000,1000,2411,801,100.0,362.6740977540419,1.4000699993630406,1003.5158690006938,0.0
1774103173,10,,Aggregated,13.700000,4.200000,100,210,1000,1000,1000,1000,1000,1000,1000,1000,1000,2421,807,100.0,363.74513025733256,1.4000699993630406,1003.5158690006938,0.0
1774103174,10,,Aggregated,14.300000,4.900000,100,200,1000,1000,1000,1000,1000,1000,1000,1000,1000,2438,811,100.0,363.21482484905664,1.4000699993630406,1003.5158690006938,0.0
1774103175,10,,Aggregated,13.500000,4.600000,100,200,1000,1000,1000,1000,1000,1000,1000,1000,1000,2452,816,100.0,363.2503846802629,1.4000699993630406,1003.5158690006938,0.0
1774103176,10,,Aggregated,14.200000,4.700000,100,200,1000,1000,1000,1000,1000,1000,1000,1000,1000,2465,820,100.0,363.14600342028535,1.4000699993630406,1003.5158690006938,0.0
1774103177,10,,Aggregated,14.200000,4.500000,100,200,1000,1000,1000,1000,1000,1000,1000,1000,1000,2476,823,100.0,363.0208995294836,1.4000699993630406,1003.5158690006938,0.0
1774103178,10,,Aggregated,14.000000,4.500000,100,210,1000,1000,1000,1000,1000,1000,1000,1000,1000,2490,830,100.0,364.0287128489983,1.4000699993630406,1003.5158690006938,0.0
1774103179,10,,Aggregated,13.800000,4.700000,100,200,1000,1000,1000,1000,1000,1000,1000,1000,1000,2506,835,100.0,364.00031750598595,1.4000699993630406,1003.5158690006938,0.0
1774103180,10,,Aggregated,13.800000,4.700000,100,200,1000,1000,1000,1000,1000,1000,1000,1000,1000,2519,839,100.0,363.8230887360065,1.4000699993630406,1003.5158690006938,0.0
1774103181,10,,Aggregated,13.700000,4.800000,100,200,1000,1000,1000,1000,1000,1000,1000,1000,1000,2534,844,100.0,363.8277077837439,1.4000699993630406,1003.5158690006938,0.0
1774103182,10,,Aggregated,13.300000,4.700000,100,210,1000,1000,1000,1000,1000,1000,1000,1000,1000,2546,850,100.0,364.56966163315366,1.4000699993630406,1003.5158690006938,0.0
1774103183,10,,Aggregated,13.900000,5.100000,100,200,1000,1000,1000,1000,1000,1000,1000,1000,1000,2565,854,100.0,363.65795136374726,1.4000699993630406,1003.5158690006938,0.0
1774103184,10,,Aggregated,13.300000,4.800000,100,210,1000,1000,1000,1000,1000,1000,1000,1000,1000,2572,858,100.0,364.2843209109683,1.4000699993630406,1003.5158690006938,0.0
1774103185,10,,Aggregated,14.000000,4.800000,100,210,1000,1000,1000,1000,1000,1000,1000,1000,1000,2584,865,100.0,365.3092678266273,1.4000699993630406,1003.5158690006938,0.0
1774103186,10,,Aggregated,13.400000,4.600000,100,210,1000,1000,1000,1000,1000,1000,1000,1000,1000,2600,871,100.0,365.4293757676996,1.4000699993630406,1003.5158690006938,0.0
1774103187,10,,Aggregated,13.300000,5.100000,100,210,1000,1000,1000,1000,1000,1000,1000,1000,1000,2614,876,100.0,365.47423526741306,1.4000699993630406,1003.5158690006938,0.0
1774103188,10,,Aggregated,13.300000,5.100000,100,210,1000,1000,1000,1000,1000,1000,1000,1000,1000,2628,879,100.0,364.8031234866858,1.4000699993630406,1003.5158690006938,0.0
1774103189,10,,Aggregated,13.600000,5.100000,100,210,1000,1000,1000,1000,1000,1000,1000,1000,1000,2641,885,100.0,365.39548492010886,1.4000699993630406,1003.5158690006938,0.0
1774103190,10,,Aggregated,13.600000,5.000000,100,210,1000,1000,1000,1000,1000,1000,1000,1000,1000,2657,891,100.0,365.74239956869064,1.4000699993630406,1003.5158690006938,0.0
1774103191,10,,Aggregated,13.500000,4.900000,100,210,1000,1000,1000,1000,1000,1000,1000,1000,1000,2668,894,100.0,365.6485669351615,1.4000699993630406,1003.5158690006938,0.0
1774103192,10,,Aggregated,13.800000,5.200000,100,220,1000,1000,1000,1000,1000,1000,1000,1000,1000,2679,900,100.0,366.5339030324783,1.4000699993630406,1003.5158690006938,0.0
1774103193,10,,Aggregated,13.200000,4.800000,100,220,1000,1000,1000,1000,1000,1000,1000,1000,1000,2692,906,100.0,367.0684659364851,1.4000699993630406,1003.5158690006938,0.0
1774103194,10,,Aggregated,13.400000,5.000000,100,230,1000,1000,1000,1000,1000,1000,1000,1000,1000,2701,912,100.0,368.1564214716826,1.4000699993630406,1003.5158690006938,0.0
1774103195,10,,Aggregated,12.900000,5.000000,100,220,1000,1000,1000,1000,1000,1000,1000,1000,1000,2719,915,100.0,367.065860877536,1.4000699993630406,1003.5158690006938,0.0
1774103196,10,,Aggregated,12.700000,5.200000,100,220,1000,1000,1000,1000,1000,1000,1000,1000,1000,2732,918,100.0,366.5665548938576,1.4000699993630406,1003.5158690006938,0.0
1774103197,10,,Aggregated,13.100000,4.900000,100,220,1000,1000,1000,1000,1000,1000,1000,1000,1000,2745,923,100.0,366.76707949545516,1.4000699993630406,1003.5158690006938,0.0
1774103198,10,,Aggregated,13.200000,4.800000,100,220,1000,1000,1000,1000,1000,1000,1000,1000,1000,2764,929,100.0,366.57722989617594,1.4000699993630406,1003.5158690006938,0.0
1774103199,10,,Aggregated,13.300000,4.800000,100,220,1000,1000,1000,1000,1000,1000,1000,1000,1000,2776,933,100.0,366.49790693768995,1.4000699993630406,1003.5158690006938,0.0
1774103200,10,,Aggregated,13.500000,4.800000,100,220,1000,1000,1000,1000,1000,1000,1000,1000,1000,2785,937,100.0,366.8140991009078,1.4000699993630406,1003.5158690006938,0.0
1774103201,10,,Aggregated,13.400000,4.700000,100,220,1000,1000,1000,1000,1000,1000,1000,1000,1000,2802,944,100.0,367.15823350000875,1.4000699993630406,1003.5158690006938,0.0
1774103202,10,,Aggregated,12.900000,4.700000,100,230,1000,1000,1000,1000,1000,1000,1000,1000,1000,2814,949,100.0,367.5295814154307,1.4000699993630406,1003.5158690006938,0.0
1774103203,10,,Aggregated,13.300000,5.000000,100,220,1000,1000,1000,1000,1000,1000,1000,1000,1000,2832,952,100.0,366.58451624224057,1.4000699993630406,1003.5158690006938,0.0
1774103204,10,,Aggregated,13.200000,4.700000,100,220,1000,1000,1000,1000,1000,1000,1000,1000,1000,2845,957,100.0,366.8185961124892,1.4000699993630406,1003.5158690006938,0.0
1774103205,10,,Aggregated,14.200000,4.900000,100,220,1000,1000,1000,1000,1000,1000,1000,1000,1000,2860,961,100.0,366.58511970770394,1.4000699993630406,1003.5158690006938,0.0
1774103206,10,,Aggregated,14.400000,4.800000,100,220,1000,1000,1000,1000,1000,1000,1000,1000,1000,2871,966,100.0,367.04357276281075,1.4000699993630406,1003.5158690006938,0.0
1774103207,10,,Aggregated,14.400000,4.700000,100,220,1000,1000,1000,1000,1000,1000,1000,1000,1000,2885,969,100.0,366.53298860070527,1.4000699993630406,1003.5158690006938,0.0
1774103208,10,,Aggregated,13.800000,4.500000,100,220,1000,1000,1000,1000,1000,1000,1000,1000,1000,2898,975,100.0,367.1036602967696,1.4000699993630406,1003.5158690006938,0.0
1774103209,10,,Aggregated,13.800000,4.700000,100,220,1000,1000,1000,1000,1000,1000,1000,1000,1000,2915,981,100.0,367.14239392042373,1.4000699993630406,1003.5158690006938,0.0
1774103210,10,,Aggregated,13.500000,4.700000,100,210,1000,1000,1000,1000,1000,1000,1000,1000,1000,2934,985,100.0,366.4501086554278,1.4000699993630406,1003.5158690006938,0.0
1774103211,10,,Aggregated,13.700000,4.800000,100,210,1000,1000,1000,1000,1000,1000,1000,1000,1000,2948,987,100.0,365.5842654983131,1.4000699993630406,1003.5158690006938,0.0
1774103212,10,,Aggregated,14.300000,4.600000,100,210,1000,1000,1000,1000,1000,1000,1000,1000,1000,2961,991,100.0,365.4548702364194,1.4000699993630406,1003.5158690006938,0.0
1774103213,10,,Aggregated,14.600000,4.400000,100,210,1000,1000,1000,1000,1000,1000,1000,1000,1000,2978,998,100.0,365.80138995266674,1.4000699993630406,1003.5158690006938,0.0
1774103214,10,,Aggregated,14.900000,4.500000,100,210,1000,1000,1000,1000,1000,1000,1000,1000,1000,2991,1001,100.0,365.325744682732,1.4000699993630406,1003.5158690006938,0.0
1774103215,10,,Aggregated,14.100000,4.300000,100,210,1000,1000,1000,1000,1000,1000,1000,1000,1000,3006,1006,100.0,365.30933821525593,1.4000699993630406,1003.5158690006938,0.0
1774103216,10,,Aggregated,14.700000,4.300000,100,210,1000,1000,1000,1000,1000,1000,1000,1000,1000,3019,1010,100.0,365.24507402784377,1.4000699993630406,1003.5158690006938,0.0
1774103217,10,,Aggregated,14.300000,4.300000,100,210,1000,1000,1000,1000,1000,1000,1000,1000,1000,3032,1016,100.0,365.78057038689315,1.4000699993630406,1003.5158690006938,0.0
1774103218,10,,Aggregated,15.000000,4.700000,100,210,1000,1000,1000,1000,1000,1000,1000,1000,1000,3044,1022,100.0,366.3883998259072,1.4000699993630406,1003.5158690006938,0.0
1774103219,10,,Aggregated,14.800000,4.500000,100,210,1000,1000,1000,1000,1000,1000,1000,1000,1000,3054,1025,100.0,366.41138842994854,1.4000699993630406,1003.5158690006938,0.0
1774103220,10,,Aggregated,14.300000,4.400000,100,220,1000,1000,1000,1000,1000,1000,1000,1000,1000,3067,1031,100.0,366.9178369547009,1.4000699993630406,1003.5158690006938,0.0
1774103221,10,,Aggregated,14.000000,4.500000,100,230,1000,1000,1000,1000,1000,1000,1000,1000,1000,3078,1038,100.0,367.92621887266733,1.4000699993630406,1003.5158690006938,0.0
1774103222,10,,Aggregated,13.700000,4.700000,100,230,1000,1000,1000,1000,1000,1000,1000,1000,1000,3087,1042,100.0,368.1803410573617,1.4000699993630406,1003.5158690006938,0.0
1774103223,10,,Aggregated,13.000000,4.900000,100,260,1000,1000,1000,1000,1000,1000,1000,1000,1000,3102,1050,100.0,369.1642505438644,1.4000699993630406,1003.5158690006938,0.0
1774103224,10,,Aggregated,12.700000,5.000000,100,230,1000,1000,1000,1000,1000,1000,1000,1000,1000,3117,1054,100.0,368.74325606226165,1.4000699993630406,1003.5158690006938,0.0
1774103225,10,,Aggregated,12.500000,5.200000,100,230,1000,1000,1000,1000,1000,1000,1000,1000,1000,3128,1058,100.0,368.8925208974,1.4000699993630406,1003.5158690006938,0.0
1774103226,10,,Aggregated,12.400000,5.300000,100,230,1000,1000,1000,1000,1000,1000,1000,1000,1000,3146,1063,100.0,368.4428874675989,1.4000699993630406,1003.5158690006938,0.0
1774103227,10,,Aggregated,12.300000,5.100000,100,230,1000,1000,1000,1000,1000,1000,1000,1000,1000,3159,1066,100.0,367.9288844200921,1.4000699993630406,1003.5158690006938,0.0
1774103228,10,,Aggregated,12.400000,5.200000,100,230,1000,1000,1000,1000,1000,1000,1000,1000,1000,3173,1073,100.0,368.59894976806646,1.4000699993630406,1003.5158690006938,0.0
1774103229,10,,Aggregated,12.700000,5.100000,100,230,1000,1000,1000,1000,1000,1000,1000,1000,1000,3187,1077,100.0,368.4129954345997,1.4000699993630406,1003.5158690006938,0.0
1774103230,10,,Aggregated,13.000000,5.200000,100,230,1000,1000,1000,1000,1000,1000,1000,1000,1000,3198,1081,100.0,368.55858575330547,1.4000699993630406,1003.5158690006938,0.0
1774103231,10,,Aggregated,13.100000,5.100000,100,230,1000,1000,1000,1000,1000,1000,1000,1000,1000,3213,1087,100.0,368.81666274978795,1.4000699993630406,1003.5158690006938,0.0
1774103232,10,,Aggregated,13.100000,5.000000,100,230,1000,1000,1000,1000,1000,1000,1000,1000,1000,3230,1091,100.0,368.2264226275758,1.4000699993630406,1003.5158690006938,0.0
1774103233,10,,Aggregated,13.300000,5.100000,100,230,1000,1000,1000,1000,1000,1000,1000,1000,1000,3249,1098,100.0,368.29140915668495,1.4000699993630406,1003.5158690006938,0.0
1774103234,10,,Aggregated,14.000000,5.000000,100,220,1000,1000,1000,1000,1000,1000,1000,1000,1000,3265,1099,100.0,367.0115958655684,1.4000699993630406,1003.5158690006938,0.0
1774103235,10,,Aggregated,14.300000,4.700000,100,220,1000,1000,1000,1000,1000,1000,1000,1000,1000,3278,1103,100.0,366.84779987891477,1.4000699993630406,1003.5158690006938,0.0
1774103236,10,,Aggregated,14.600000,4.600000,100,220,1000,1000,1000,1000,1000,1000,1000,1000,1000,3290,1109,100.0,367.45947445807775,1.4000699993630406,1003.5158690006938,0.0
1774103237,10,,Aggregated,15.100000,4.700000,100,220,1000,1000,1000,1000,1000,1000,1000,1000,1000,3308,1114,100.0,367.20888928992525,1.4000699993630406,1003.5158690006938,0.0
1774103238,10,,Aggregated,14.500000,4.600000,100,220,1000,1000,1000,1000,1000,1000,1000,1000,1000,3322,1119,100.0,367.1735227155537,1.4000699993630406,1003.5158690006938,0.0
1774103239,10,,Aggregated,14.500000,4.700000,100,220,1000,1000,1000,1000,1000,1000,1000,1000,1000,3334,1122,100.0,366.8472753671445,1.4000699993630406,1003.5158690006938,0.0
1774103240,10,,Aggregated,14.700000,4.500000,100,220,1000,1000,1000,1000,1000,1000,1000,1000,1000,3346,1128,100.0,367.3991291156793,1.4000699993630406,1003.5158690006938,0.0
1774103241,10,,Aggregated,14.900000,4.700000,100,220,1000,1000,1000,1000,1000,1000,1000,1000,1000,3363,1134,100.0,367.3636723693338,1.4000699993630406,1003.5158690006938,0.0
1774103242,10,,Aggregated,14.800000,4.400000,100,220,1000,1000,1000,1000,1000,1000,1000,1000,1000,3379,1137,100.0,366.7029527094025,1.4000699993630406,1003.5158690006938,0.0
1774103243,10,,Aggregated,14.900000,4.500000,100,210,1000,1000,1000,1000,1000,1000,1000,1000,1000,3394,1139,100.0,365.91720909047814,1.4000699993630406,1003.5158690006938,0.0
1774103244,10,,Aggregated,14.800000,4.400000,100,210,1000,1000,1000,1000,1000,1000,1000,1000,1000,3412,1145,100.0,365.87110422335525,1.4000699993630406,1003.5158690006938,0.0
1774103245,10,,Aggregated,15.000000,4.500000,100,210,1000,1000,1000,1000,1000,1000,1000,1000,1000,3421,1150,100.0,366.47565337389256,1.4000699993630406,1003.5158690006938,0.0
1774103246,10,,Aggregated,14.700000,4.600000,100,220,1000,1000,1000,1000,1000,1000,1000,1000,1000,3434,1155,100.0,366.59174677899716,1.4000699993630406,1003.5158690006938,0.0
1774103247,10,,Aggregated,14.200000,4.400000,100,220,1000,1000,1000,1000,1000,1000,1000,1000,1000,3450,1160,100.0,366.49685841364476,1.4000699993630406,1003.5158690006938,0.0
1774103248,10,,Aggregated,14.500000,4.600000,100,210,1000,1000,1000,1000,1000,1000,1000,1000,1000,3471,1165,100.0,365.79337518267806,1.4000699993630406,1003.5158690006938,0.0
1774103249,10,,Aggregated,14.300000,4.600000,100,210,1000,1000,1000,1000,1000,1000,1000,1000,1000,3481,1168,100.0,365.7656789514724,1.4000699993630406,1003.5158690006938,0.0
1774103250,10,,Aggregated,14.600000,4.800000,100,210,1000,1000,1000,1000,1000,1000,1000,1000,1000,3499,1172,100.0,365.2296851880769,1.4000699993630406,1003.5158690006938,0.0
1774103251,10,,Aggregated,14.500000,4.300000,100,210,1000,1000,1000,1000,1000,1000,1000,1000,1000,3514,1178,100.0,365.40529517475125,1.4000699993630406,1003.5158690006938,0.0
1774103252,10,,Aggregated,15.100000,4.800000,100,210,1000,1000,1000,1000,1000,1000,1000,1000,1000,3529,1183,100.0,365.3632005664693,1.4000699993630406,1003.5158690006938,0.0
1774103253,10,,Aggregated,15.200000,4.400000,100,210,1000,1000,1000,1000,1000,1000,1000,1000,1000,3540,1186,100.0,365.1980489096256,1.4000699993630406,1003.5158690006938,0.0
1774103254,10,,Aggregated,14.900000,4.500000,100,210,1000,1000,1000,1000,1000,1000,1000,1000,1000,3552,1193,100.0,365.98185384208347,1.4000699993630406,1003.5158690006938,0.0
1774103255,10,,Aggregated,14.800000,4.600000,100,210,1000,1000,1000,1000,1000,1000,1000,1000,1000,3560,1197,100.0,366.3424812890686,1.4000699993630406,1003.5158690006938,0.0
1774103256,10,,Aggregated,14.100000,4.600000,100,220,1000,1000,1000,1000,1000,1000,1000,1000,1000,3578,1205,100.0,366.80751867498293,1.4000699993630406,1003.5158690006938,0.0
1774103257,10,,Aggregated,14.100000,4.900000,100,220,1000,1000,1000,1000,1000,1000,1000,1000,1000,3591,1210,100.0,367.0008623946231,1.4000699993630406,1003.5158690006938,0.0
1774103258,10,,Aggregated,14.200000,5.000000,100,220,1000,1000,1000,1000,1000,1000,1000,1000,1000,3606,1214,100.0,366.7425091974741,1.4000699993630406,1003.5158690006938,0.0
1774103259,10,,Aggregated,13.800000,4.800000,100,220,1000,1000,1000,1000,1000,1000,1000,1000,1000,3618,1219,100.0,367.0944263140134,1.4000699993630406,1003.5158690006938,0.0
1774103260,10,,Aggregated,13.900000,5.000000,100,220,1000,1000,1000,1000,1000,1000,1000,1000,1000,3635,1223,100.0,366.64965710841864,1.4000699993630406,1003.5158690006938,0.0
1774103261,10,,Aggregated,13.700000,5.100000,100,220,1000,1000,1000,1000,1000,1000,1000,1000,1000,3649,1228,100.0,366.7794652543444,1.4000699993630406,1003.5158690006938,0.0
1774103262,10,,Aggregated,13.500000,5.000000,100,210,1000,1000,1000,1000,1000,1000,1000,1000,1000,3668,1231,100.0,365.86472170122966,1.4000699993630406,1003.5158690006938,0.0
1774103263,10,,Aggregated,13.300000,4.800000,100,210,1000,1000,1000,1000,1000,1000,1000,1000,1000,3681,1234,100.0,365.4174716868017,1.4000699993630406,1003.5158690006938,0.0
1774103264,10,,Aggregated,13.600000,4.800000,100,210,1000,1000,1000,1000,1000,1000,1000,1000,1000,3694,1238,100.0,365.2564946862809,1.4000699993630406,1003.5158690006938,0.0
1774103265,10,,Aggregated,13.700000,4.600000,100,210,1000,1000,1000,1000,1000,1000,1000,1000,1000,3705,1245,100.0,366.13046442972126,1.4000699993630406,1003.5158690006938,0.0
1774103266,10,,Aggregated,14.500000,4.700000,100,220,1000,1000,1000,1000,1000,1000,1000,1000,1000,3716,1251,100.0,366.74468266364863,1.4000699993630406,1003.5158690006938,0.0
1774103267,10,,Aggregated,14.200000,4.600000,100,220,1000,1000,1000,1000,1000,1000,1000,1000,1000,3729,1257,100.0,367.11465471979557,1.4000699993630406,1003.5158690006938,0.0
1774103268,10,,Aggregated,14.000000,4.400000,100,230,1000,1000,1000,1000,1000,1000,1000,1000,1000,3743,1263,100.0,367.41286235669656,1.4000699993630406,1003.5158690006938,0.0
1774103269,10,,Aggregated,14.200000,4.800000,100,220,1000,1000,1000,1000,1000,1000,1000,1000,1000,3756,1265,100.0,366.84672310972263,1.4000699993630406,1003.5158690006938,0.0
1774103270,10,,Aggregated,13.400000,4.500000,100,220,1000,1000,1000,1000,1000,1000,1000,1000,1000,3773,1270,100.0,366.56096214659806,1.4000699993630406,1003.5158690006938,0.0
1774103271,10,,Aggregated,13.900000,4.800000,100,220,1000,1000,1000,1000,1000,1000,1000,1000,1000,3789,1275,100.0,366.4714576162876,1.4000699993630406,1003.5158690006938,0.0
1774103272,10,,Aggregated,13.900000,4.700000,100,220,1000,1000,1000,1000,1000,1000,1000,1000,1000,3802,1280,100.0,366.6348671062898,1.4000699993630406,1003.5158690006938,0.0
1774103273,10,,Aggregated,14.100000,4.900000,100,220,1000,1000,1000,1000,1000,1000,1000,1000,1000,3813,1283,100.0,366.43373545374266,1.4000699993630406,1003.5158690006938,0.0
1774103274,10,,Aggregated,13.600000,4.800000,100,220,1000,1000,1000,1000,1000,1000,1000,1000,1000,3824,1288,100.0,366.77054483554514,1.4000699993630406,1003.5158690006938,0.0
1774103275,10,,Aggregated,13.300000,5.100000,100,230,1000,1000,1000,1000,1000,1000,1000,1000,1000,3838,1296,100.0,367.5720212251513,1.4000699993630406,1003.5158690006938,0.0
1774103276,10,,Aggregated,12.800000,4.900000,100,220,1000,1000,1000,1000,1000,1000,1000,1000,1000,3853,1300,100.0,367.3372958899894,1.4000699993630406,1003.5158690006938,0.0
1774103277,10,,Aggregated,13.100000,5.200000,100,220,1000,1000,1000,1000,1000,1000,1000,1000,1000,3866,1304,100.0,367.1734849332972,1.4000699993630406,1003.5158690006938,0.0
1774103278,10,,Aggregated,13.300000,5.000000,100,220,1000,1000,1000,1000,1000,1000,1000,1000,1000,3884,1309,100.0,366.9183336079093,1.4000699993630406,1003.5158690006938,0.0
1774103279,10,,Aggregated,13.600000,4.900000,100,220,1000,1000,1000,1000,1000,1000,1000,1000,1000,3897,1313,100.0,366.82799491535036,1.4000699993630406,1003.5158690006938,0.0
1774103280,10,,Aggregated,14.000000,5.100000,100,220,1000,1000,1000,1000,1000,1000,1000,1000,1000,3909,1318,100.0,367.1259937063498,1.4000699993630406,1003.5158690006938,0.0
1774103281,10,,Aggregated,13.900000,4.600000,100,230,1000,1000,1000,1000,1000,1000,1000,1000,1000,3922,1324,100.0,367.5111354441925,1.4000699993630406,1003.5158690006938,0.0
1774103282,10,,Aggregated,13.600000,4.700000,100,230,1000,1000,1000,1000,1000,1000,1000,1000,1000,3937,1328,100.0,367.2886580995997,1.4000699993630406,1003.5158690006938,0.0
1774103283,10,,Aggregated,13.300000,4.800000,100,220,1000,1000,1000,1000,1000,1000,1000,1000,1000,3954,1332,100.0,366.8624649337676,1.4000699993630406,1003.5158690006938,0.0
1774103284,10,,Aggregated,13.500000,5.100000,100,220,1000,1000,1000,1000,1000,1000,1000,1000,1000,3966,1335,100.0,366.69502605474395,1.4000699993630406,1003.5158690006938,0.0
1774103285,10,,Aggregated,13.700000,4.900000,100,220,1000,1000,1000,1000,1000,1000,1000,1000,1000,3983,1341,100.0,366.72398641880835,1.4000699993630406,1003.5158690006938,0.0
1774103286,10,,Aggregated,14.300000,4.900000,100,220,1000,1000,1000,1000,1000,1000,1000,1000,1000,3994,1343,100.0,366.33842794945286,1.4000699993630406,1003.5158690006938,0.0
1774103287,10,,Aggregated,14.300000,4.400000,100,220,1000,1000,1000,1000,1000,1000,1000,1000,1000,4009,1350,100.0,366.8388975163652,1.4000699993630406,1003.5158690006938,0.0
1774103288,10,,Aggregated,14.300000,4.300000,100,210,1000,1000,1000,1000,1000,1000,1000,1000,1000,4027,1353,100.0,366.10722594738326,1.4000699993630406,1003.5158690006938,0.0
1774103289,10,,Aggregated,14.100000,4.400000,100,210,1000,1000,1000,1000,1000,1000,1000,1000,1000,4038,1356,100.0,365.93907709883973,1.4000699993630406,1003.5158690006938,0.0
1774103290,10,,Aggregated,14.400000,4.300000,100,220,1000,1000,1000,1000,1000,1000,1000,1000,1000,4050,1363,100.0,366.5869796313869,1.4000699993630406,1003.5158690006938,0.0
1774103291,10,,Aggregated,14.200000,4.300000,100,220,1000,1000,1000,1000,1000,1000,1000,1000,1000,4062,1368,100.0,366.739618998056,1.4000699993630406,1003.5158690006938,0.0
1774103292,10,,Aggregated,14.000000,4.400000,100,220,1000,1000,1000,1000,1000,1000,1000,1000,1000,4073,1373,100.0,367.11987419202325,1.4000699993630406,1003.5158690006938,0.0
1774103293,10,,Aggregated,14.000000,4.500000,100,230,1000,1000,1000,1000,1000,1000,1000,1000,1000,4091,1380,100.0,367.275734015671,1.4000699993630406,1003.5158690006938,0.0
1774103294,10,,Aggregated,13.900000,4.500000,100,220,1000,1000,1000,1000,1000,1000,1000,1000,1000,4107,1383,100.0,366.6742515057491,1.4000699993630406,1003.5158690006938,0.0
1774103295,10,,Aggregated,13.500000,4.500000,100,220,1000,1000,1000,1000,1000,1000,1000,1000,1000,4125,1387,100.0,366.2069653842699,1.4000699993630406,1003.5158690006938,0.0
1774103296,10,,Aggregated,13.400000,4.600000,100,210,1000,1000,1000,1000,1000,1000,1000,1000,1000,4140,1391,100.0,365.9432492652468,1.4000699993630406,1003.5158690006938,0.0
1774103297,10,,Aggregated,13.900000,4.900000,100,210,1000,1000,1000,1000,1000,1000,1000,1000,1000,4162,1395,100.0,365.1779077960389,1.4000699993630406,1003.5158690006938,0.0
1774103298,10,,Aggregated,14.200000,4.800000,100,200,1000,1000,1000,1000,1000,1000,1000,1000,1000,4177,1397,100.0,364.4371551467841,1.4000699993630406,1003.5158690006938,0.0
1774103299,10,,Aggregated,14.600000,4.500000,100,200,1000,1000,1000,1000,1000,1000,1000,1000,1000,4189,1401,100.0,364.44091868228935,1.4000699993630406,1003.5158690006938,0.0
1774103300,10,,Aggregated,15.000000,4.300000,100,200,1000,1000,1000,1000,1000,1000,1000,1000,1000,4207,1406,100.0,364.1445157221569,1.4000699993630406,1003.5158690006938,0.0
1774103301,10,,Aggregated,14.900000,4.500000,100,200,1000,1000,1000,1000,1000,1000,1000,1000,1000,4221,1410,100.0,364.0705924570301,1.4000699993630406,1003.5158690006938,0.0
1774103302,10,,Aggregated,15.400000,4.400000,100,200,1000,1000,1000,1000,1000,1000,1000,1000,1000,4239,1416,100.0,364.0764668809006,1.4000699993630406,1003.5158690006938,0.0
1774103303,10,,Aggregated,15.900000,4.200000,100,200,1000,1000,1000,1000,1000,1000,1000,1000,1000,4250,1420,100.0,364.13272387956255,1.4000699993630406,1003.5158690006938,0.0
1774103304,10,,Aggregated,15.700000,3.900000,100,200,1000,1000,1000,1000,1000,1000,1000,1000,1000,4260,1424,100.0,364.34408936975154,1.4000699993630406,1003.5158690006938,0.0
1774103305,10,,Aggregated,16.400000,4.100000,100,210,1000,1000,1000,1000,1000,1000,1000,1000,1000,4276,1432,100.0,364.8823764548988,1.4000699993630406,1003.5158690006938,0.0
1774103306,10,,Aggregated,15.900000,4.000000,100,200,1000,1000,1000,1000,1000,1000,1000,1000,1000,4294,1434,100.0,363.9397630200638,1.4000699993630406,1003.5158690006938,0.0
1774103307,10,,Aggregated,15.200000,4.100000,100,200,1000,1000,1000,1000,1000,1000,1000,1000,1000,4311,1437,100.0,363.415469322929,1.4000699993630406,1003.5158690006938,0.0
1774103308,10,,Aggregated,15.200000,4.300000,100,200,1000,1000,1000,1000,1000,1000,1000,1000,1000,4323,1440,100.0,363.17699162159266,1.4000699993630406,1003.5158690006938,0.0
1774103309,10,,Aggregated,15.200000,4.400000,100,200,1000,1000,1000,1000,1000,1000,1000,1000,1000,4337,1445,100.0,363.22645692440466,1.4000699993630406,1003.5158690006938,0.0
1774103310,10,,Aggregated,14.700000,4.200000,100,200,1000,1000,1000,1000,1000,1000,1000,1000,1000,4347,1451,100.0,363.83899920431264,1.4000699993630406,1003.5158690006938,0.0
1774103311,10,,Aggregated,14.600000,4.300000,100,200,1000,1000,1000,1000,1000,1000,1000,1000,1000,4362,1456,100.0,363.79213185927244,1.4000699993630406,1003.5158690006938,0.0
1774103312,10,,Aggregated,14.300000,4.200000,100,200,1000,1000,1000,1000,1000,1000,1000,1000,1000,4379,1461,100.0,363.65451524940465,1.4000699993630406,1003.5158690006938,0.0
1774103313,10,,Aggregated,14.100000,4.600000,100,200,1000,1000,1000,1000,1000,1000,1000,1000,1000,4390,1464,100.0,363.5960057783895,1.4000699993630406,1003.5158690006938,0.0
1774103314,10,,Aggregated,14.100000,4.600000,100,200,1000,1000,1000,1000,1000,1000,1000,1000,1000,4406,1470,100.0,363.7235864321679,1.4000699993630406,1003.5158690006938,0.0
1774103315,10,,Aggregated,13.900000,4.400000,100,200,1000,1000,1000,1000,1000,1000,1000,1000,1000,4421,1474,100.0,363.49567989145766,1.4000699993630406,1003.5158690006938,0.0
1774103316,10,,Aggregated,14.200000,4.600000,100,200,1000,1000,1000,1000,1000,1000,1000,1000,1000,4434,1477,100.0,363.21451106768774,1.4000699993630406,1003.5158690006938,0.0
1774103317,10,,Aggregated,14.600000,4.400000,100,200,1000,1000,1000,1000,1000,1000,1000,1000,1000,4446,1484,100.0,363.87518076633637,1.4000699993630406,1003.5158690006938,0.0
1774103318,10,,Aggregated,14.400000,4.300000,100,200,1000,1000,1000,1000,1000,1000,1000,1000,1000,4464,1490,100.0,363.86900164070863,1.4000699993630406,1003.5158690006938,0.0
1774103319,10,,Aggregated,13.900000,4.400000,100,200,1000,1000,1000,1000,1000,1000,1000,1000,1000,4482,1494,100.0,363.45470580033924,1.4000699993630406,1003.5158690006938,0.0
1774103320,10,,Aggregated,13.800000,5.100000,100,200,1000,1000,1000,1000,1000,1000,1000,1000,1000,4494,1497,100.0,363.25894345307347,1.4000699993630406,1003.5158690006938,0.0
1774103321,10,,Aggregated,14.000000,5.000000,100,200,1000,1000,1000,1000,1000,1000,1000,1000,1000,4512,1503,100.0,363.2475290751585,1.4000699993630406,1003.5158690006938,0.0
1774103322,10,,Aggregated,14.500000,4.800000,100,200,1000,1000,1000,1000,1000,1000,1000,1000,1000,4525,1505,100.0,362.683389226103,1.4000699993630406,1003.5158690006938,0.0
1774103323,10,,Aggregated,14.400000,4.600000,100,200,1000,1000,1000,1000,1000,1000,1000,1000,1000,4539,1511,100.0,362.955502972927,1.4000699993630406,1003.5158690006938,0.0
1774103324,10,,Aggregated,15.200000,4.600000,100,200,1000,1000,1000,1000,1000,1000,1000,1000,1000,4556,1516,100.0,362.838751197786,1.4000699993630406,1003.5158690006938,0.0
1774103325,10,,Aggregated,14.800000,4.600000,100,190,1000,1000,1000,1000,1000,1000,1000,1000,1000,4568,1519,100.0,362.5895320289219,1.4000699993630406,1003.5158690006938,0.0
1774103326,10,,Aggregated,14.600000,4.500000,100,190,1000,1000,1000,1000,1000,1000,1000,1000,1000,4585,1524,100.0,362.422857760115,1.4000699993630406,1003.5158690006938,0.0
1774103327,10,,Aggregated,14.900000,4.600000,100,200,1000,1000,1000,1000,1000,1000,1000,1000,1000,4600,1530,100.0,362.58412715263546,1.4000699993630406,1003.5158690006938,0.0
1774103328,10,,Aggregated,14.800000,4.600000,100,190,1000,1000,1000,1000,1000,1000,1000,1000,1000,4616,1532,100.0,361.99076574894394,1.4000699993630406,1003.5158690006938,0.0
1774103329,10,,Aggregated,15.000000,4.500000,100,190,1000,1000,1000,1000,1000,1000,1000,1000,1000,4631,1538,100.0,362.1683967145577,1.4000699993630406,1003.5158690006938,0.0
1774103330,10,,Aggregated,15.300000,4.200000,100,190,1000,1000,1000,1000,1000,1000,1000,1000,1000,4644,1541,100.0,361.8603915002374,1.4000699993630406,1003.5158690006938,0.0
1774103331,10,,Aggregated,15.200000,4.200000,100,190,1000,1000,1000,1000,1000,1000,1000,1000,1000,4663,1545,100.0,361.430257094169,1.4000699993630406,1003.5158690006938,0.0
1774103332,10,,Aggregated,15.100000,4.500000,100,190,1000,1000,1000,1000,1000,1000,1000,1000,1000,4677,1549,100.0,361.30237365471567,1.4000699993630406,1003.5158690006938,0.0
1774103333,10,,Aggregated,15.200000,4.400000,100,190,1000,1000,1000,1000,1000,1000,1000,1000,1000,4690,1555,100.0,361.6315268207047,1.4000699993630406,1003.5158690006938,0.0
1774103334,10,,Aggregated,15.000000,4.400000,100,190,1000,1000,1000,1000,1000,1000,1000,1000,1000,4705,1560,100.0,361.63346183254265,1.4000699993630406,1003.9589540028828,0.0
1774103335,10,,Aggregated,14.900000,4.300000,100,190,1000,1000,1000,1000,1000,1000,1000,1000,1000,4718,1564,100.0,361.5664398951069,1.4000699993630406,1003.9589540028828,0.0
1774103336,10,,Aggregated,15.300000,4.500000,100,190,1000,1000,1000,1000,1000,1000,1000,1000,1000,4733,1570,100.0,361.7881940002361,1.4000699993630406,1003.9589540028828,0.0
1774103337,10,,Aggregated,14.900000,4.300000,100,190,1000,1000,1000,1000,1000,1000,1000,1000,1000,4746,1573,100.0,361.43417518502304,1.4000699993630406,1003.9589540028828,0.0
1774103338,10,,Aggregated,14.700000,4.500000,100,190,1000,1000,1000,1000,1000,1000,1000,1000,1000,4762,1579,100.0,361.5267963089273,1.4000699993630406,1003.9589540028828,0.0
1774103339,10,,Aggregated,15.100000,4.600000,100,190,1000,1000,1000,1000,1000,1000,1000,1000,1000,4780,1585,100.0,361.5863042523261,1.4000699993630406,1003.9589540028828,0.0
1774103340,10,,Aggregated,14.500000,4.500000,100,190,1000,1000,1000,1000,1000,1000,1000,1000,1000,4790,1586,100.0,361.1602371787313,1.4000699993630406,1003.9589540028828,0.0
1774103341,10,,Aggregated,14.700000,4.700000,100,190,1000,1000,1000,1000,1000,1000,1000,1000,1000,4803,1594,100.0,361.87426873373283,1.4000699993630406,1003.9589540028828,0.0
1774103342,10,,Aggregated,14.700000,4.600000,100,190,1000,1000,1000,1000,1000,1000,1000,1000,1000,4813,1598,100.0,362.0168926268687,1.4000699993630406,1003.9589540028828,0.0
1774103343,10,,Aggregated,14.500000,4.600000,100,190,1000,1000,1000,1000,1000,1000,1000,1000,1000,4831,1604,100.0,362.0401814171216,1.4000699993630406,1003.9589540028828,0.0
1774103344,10,,Aggregated,13.800000,4.700000,100,190,1000,1000,1000,1000,1000,1000,1000,1000,1000,4842,1608,100.0,362.1073762980409,1.4000699993630406,1003.9589540028828,0.0
1774103345,10,,Aggregated,13.700000,4.900000,100,190,1000,1000,1000,1000,1000,1000,1000,1000,1000,4856,1615,100.0,362.58150459042713,1.4000699993630406,1003.9589540028828,0.0
1774103346,10,,Aggregated,13.700000,4.700000,100,190,1000,1000,1000,1000,1000,1000,1000,1000,1000,4871,1618,100.0,362.16076178281975,1.4000699993630406,1003.9589540028828,0.0
1774103347,10,,Aggregated,13.900000,5.000000,100,190,1000,1000,1000,1000,1000,1000,1000,1000,1000,4889,1622,100.0,361.7380114678098,1.4000699993630406,1003.9589540028828,0.0
1774103348,10,,Aggregated,13.600000,4.900000,100,190,1000,1000,1000,1000,1000,1000,1000,1000,1000,4897,1626,100.0,361.9925472191388,1.4000699993630406,1003.9589540028828,0.0
1774103349,10,,Aggregated,13.500000,4.900000,100,190,1000,1000,1000,1000,1000,1000,1000,1000,1000,4915,1634,100.0,362.38125868181424,1.4000699993630406,1003.9589540028828,0.0
1774103350,10,,Aggregated,14.000000,4.700000,100,190,1000,1000,1000,1000,1000,1000,1000,1000,1000,4925,1635,100.0,361.99107233504833,1.4000699993630406,1003.9589540028828,0.0
1774103351,10,,Aggregated,13.200000,4.700000,100,190,1000,1000,1000,1000,1000,1000,1000,1000,1000,4943,1641,100.0,362.0306615909583,1.4000699993630406,1003.9589540028828,0.0
1774103352,10,,Aggregated,13.500000,4.900000,100,190,1000,1000,1000,1000,1000,1000,1000,1000,1000,4961,1644,100.0,361.3928260562588,1.4000699993630406,1003.9589540028828,0.0
1774103353,10,,Aggregated,13.300000,4.700000,100,190,1000,1000,1000,1000,1000,1000,1000,1000,1000,4975,1647,100.0,361.0479460420306,1.4000699993630406,1003.9589540028828,0.0
1774103354,10,,Aggregated,14.200000,4.700000,100,190,1000,1000,1000,1000,1000,1000,1000,1000,1000,4986,1653,100.0,361.4775456508433,1.4000699993630406,1003.9589540028828,0.0
1774103355,10,,Aggregated,15.000000,4.600000,100,190,1000,1000,1000,1000,1000,1000,1000,1000,1000,4999,1659,100.0,361.7934308419902,1.4000699993630406,1003.9589540028828,0.0
1774103356,10,,Aggregated,14.500000,4.400000,100,190,1000,1000,1000,1000,1000,1000,1000,1000,1000,5015,1663,100.0,361.47996282434923,1.4000699993630406,1003.9589540028828,0.0
1774103357,10,,Aggregated,14.100000,4.500000,100,190,1000,1000,1000,1000,1000,1000,1000,1000,1000,5025,1669,100.0,362.01226358668816,1.4000699993630406,1003.9589540028828,0.0
1774103358,10,,Aggregated,14.600000,4.500000,100,190,1000,1000,1000,1000,1000,1000,1000,1000,1000,5042,1676,100.0,362.2392080065684,1.4000699993630406,1003.9589540028828,0.0
1774103359,10,,Aggregated,14.300000,4.400000,100,200,1000,1000,1000,1000,1000,1000,1000,1000,1000,5049,1681,100.0,362.75102342585086,1.4000699993630406,1003.9589540028828,0.0
1774103360,10,,Aggregated,13.600000,4.800000,100,200,1000,1000,1000,1000,1000,1000,1000,1000,1000,5063,1686,100.0,362.80497493523956,1.4000699993630406,1003.9589540028828,0.0
1774103361,10,,Aggregated,14.500000,5.000000,100,200,1000,1000,1000,1000,1000,1000,1000,1000,1000,5079,1692,100.0,362.9785503981344,1.4000699993630406,1003.9589540028828,0.0
1774103362,10,,Aggregated,13.400000,5.000000,100,200,1000,1000,1000,1000,1000,1000,1000,1000,1000,5089,1697,100.0,363.27687138399125,1.4000699993630406,1003.9589540028828,0.0
1774103363,10,,Aggregated,13.600000,5.100000,100,200,1000,1000,1000,1000,1000,1000,1000,1000,1000,5101,1701,100.0,363.29568424586114,1.4000699993630406,1003.9589540028828,0.0
1774103364,10,,Aggregated,13.200000,5.200000,100,200,1000,1000,1000,1000,1000,1000,1000,1000,1000,5116,1709,100.0,363.8178450782117,1.4000699993630406,1003.9589540028828,0.0
1774103365,10,,Aggregated,12.700000,5.400000,100,200,1000,1000,1000,1000,1000,1000,1000,1000,1000,5130,1714,100.0,363.8445113551938,1.4000699993630406,1003.9589540028828,0.0
1774103366,10,,Aggregated,12.400000,5.300000,100,200,1000,1000,1000,1000,1000,1000,1000,1000,1000,5143,1718,100.0,363.75467097864004,1.4000699993630406,1003.9589540028828,0.0
1774103367,10,,Aggregated,12.900000,5.400000,100,200,1000,1000,1000,1000,1000,1000,1000,1000,1000,5158,1722,100.0,363.53031487594933,1.4000699993630406,1003.9589540028828,0.0
1774103368,10,,Aggregated,12.700000,5.400000,100,200,1000,1000,1000,1000,1000,1000,1000,1000,1000,5173,1727,100.0,363.5993546375683,1.4000699993630406,1003.9589540028828,0.0
1774103369,10,,Aggregated,13.000000,5.600000,100,200,1000,1000,1000,1000,1000,1000,1000,1000,1000,5184,1731,100.0,363.6593154963616,1.4000699993630406,1003.9589540028828,0.0
1774103370,10,,Aggregated,13.300000,5.300000,100,200,1000,1000,1000,1000,1000,1000,1000,1000,1000,5199,1737,100.0,363.81546066457923,1.4000699993630406,1003.9589540028828,0.0
1774103371,10,,Aggregated,13.400000,5.100000,100,200,1000,1000,1000,1000,1000,1000,1000,1000,1000,5213,1742,100.0,363.88249450914054,1.4000699993630406,1003.9589540028828,0.0
1774103372,10,,Aggregated,13.500000,4.900000,100,200,1000,1000,1000,1000,1000,1000,1000,1000,1000,5231,1746,100.0,363.5011310956122,1.4000699993630406,1003.9589540028828,0.0
1774103373,10,,Aggregated,13.800000,5.200000,100,200,1000,1000,1000,1000,1000,1000,1000,1000,1000,5245,1751,100.0,363.5182280177596,1.4000699993630406,1003.9589540028828,0.0
1774103374,10,,Aggregated,13.500000,5.000000,100,200,1000,1000,1000,1000,1000,1000,1000,1000,1000,5254,1756,100.0,363.9001647803862,1.4000699993630406,1003.9589540028828,0.0
1774103375,10,,Aggregated,13.900000,4.800000,100,200,1000,1000,1000,1000,1000,1000,1000,1000,1000,5268,1760,100.0,363.76315775932966,1.4000699993630406,1003.9589540028828,0.0
1774103376,10,,Aggregated,14.300000,5.000000,100,200,1000,1000,1000,1000,1000,1000,1000,1000,1000,5285,1765,100.0,363.7135298696581,1.4000699993630406,1003.9589540028828,0.0
1774103377,10,,Aggregated,13.900000,4.800000,100,200,1000,1000,1000,1000,1000,1000,1000,1000,1000,5296,1769,100.0,363.7546208597327,1.4000699993630406,1003.9589540028828,0.0
1774103378,10,,Aggregated,14.000000,4.700000,100,200,1000,1000,1000,1000,1000,1000,1000,1000,1000,5307,1774,100.0,364.0105521046051,1.4000699993630406,1003.9589540028828,0.0
1774103379,10,,Aggregated,13.900000,4.600000,100,200,1000,1000,1000,1000,1000,1000,1000,1000,1000,5324,1782,100.0,364.46240074664695,1.4000699993630406,1003.9589540028828,0.0
1774103380,10,,Aggregated,13.800000,4.700000,100,200,1000,1000,1000,1000,1000,1000,1000,1000,1000,5334,1785,100.0,364.42330663500974,1.4000699993630406,1003.9589540028828,0.0
1774103381,10,,Aggregated,13.100000,4.700000,100,210,1000,1000,1000,1000,1000,1000,1000,1000,1000,5344,1791,100.0,364.9012145559776,1.4000699993630406,1003.9589540028828,0.0
1774103382,10,,Aggregated,13.700000,4.900000,100,210,1000,1000,1000,1000,1000,1000,1000,1000,1000,5359,1798,100.0,365.22059683637724,1.4000699993630406,1003.9589540028828,0.0
1774103383,10,,Aggregated,13.200000,4.600000,100,210,1000,1000,1000,1000,1000,1000,1000,1000,1000,5368,1800,100.0,365.00339063583283,1.4000699993630406,1003.9589540028828,0.0
1774103384,10,,Aggregated,12.900000,4.800000,100,210,1000,1000,1000,1000,1000,1000,1000,1000,1000,5384,1808,100.0,365.46267097142345,1.4000699993630406,1003.9589540028828,0.0
1774103385,10,,Aggregated,12.900000,5.100000,100,210,1000,1000,1000,1000,1000,1000,1000,1000,1000,5399,1814,100.0,365.67292022803275,1.4000699993630406,1003.9589540028828,0.0
1774103386,10,,Aggregated,12.700000,5.200000,100,210,1000,1000,1000,1000,1000,1000,1000,1000,1000,5413,1816,100.0,365.1986010273681,1.4000699993630406,1003.9589540028828,0.0
1774103387,10,,Aggregated,13.000000,5.100000,100,210,1000,1000,1000,1000,1000,1000,1000,1000,1000,5426,1821,100.0,365.30112970938796,1.4000699993630406,1003.9589540028828,0.0
1774103388,10,,Aggregated,13.100000,5.300000,100,210,1000,1000,1000,1000,1000,1000,1000,1000,1000,5447,1826,100.0,364.9905642972522,1.4000699993630406,1003.9589540028828,0.0
1774103389,10,,Aggregated,12.900000,5.000000,100,200,1000,1000,1000,1000,1000,1000,1000,1000,1000,5466,1828,100.0,364.19898737525375,1.4000699993630406,1003.9589540028828,0.0
1774103390,10,,Aggregated,13.000000,5.100000,100,200,1000,1000,1000,1000,1000,1000,1000,1000,1000,5481,1831,100.0,363.9081996298396,1.4000699993630406,1003.9589540028828,0.0
1774103391,10,,Aggregated,14.000000,5.100000,100,200,1000,1000,1000,1000,1000,1000,1000,1000,1000,5498,1835,100.0,363.65984517063436,1.4000699993630406,1003.9589540028828,0.0
1774103392,10,,Aggregated,14.300000,4.600000,100,200,1000,1000,1000,1000,1000,1000,1000,1000,1000,5508,1839,100.0,363.72854909843005,1.4000699993630406,1003.9589540028828,0.0
1774103393,10,,Aggregated,14.900000,4.600000,100,200,1000,1000,1000,1000,1000,1000,1000,1000,1000,5522,1844,100.0,363.79467326732305,1.4000699993630406,1003.9589540028828,0.0
1774103394,10,,Aggregated,15.500000,4.400000,100,200,1000,1000,1000,1000,1000,1000,1000,1000,1000,5538,1850,100.0,363.91113028009437,1.4000699993630406,1003.9589540028828,0.0
1774103395,10,,Aggregated,14.900000,4.300000,100,200,1000,1000,1000,1000,1000,1000,1000,1000,1000,5554,1855,100.0,363.82470655260255,1.4000699993630406,1003.9589540028828,0.0
1774103396,10,,Aggregated,15.100000,4.100000,100,200,1000,1000,1000,1000,1000,1000,1000,1000,1000,5566,1857,100.0,363.4391947833542,1.4000699993630406,1003.9589540028828,0.0
1774103397,10,,Aggregated,15.200000,4.200000,100,200,1000,1000,1000,1000,1000,1000,1000,1000,1000,5581,1864,100.0,363.76209835068124,1.4000699993630406,1003.9589540028828,0.0
1774103398,10,,Aggregated,15.300000,4.100000,100,200,1000,1000,1000,1000,1000,1000,1000,1000,1000,5591,1869,100.0,364.0466825543111,1.4000699993630406,1003.9589540028828,0.0
1774103399,10,,Aggregated,15.100000,4.100000,100,200,1000,1000,1000,1000,1000,1000,1000,1000,1000,5605,1873,100.0,363.87354937255145,1.4000699993630406,1003.9589540028828,0.0
1774103400,10,,Aggregated,15.300000,4.300000,100,200,1000,1000,1000,1000,1000,1000,1000,1000,1000,5619,1878,100.0,363.8764206620677,1.4000699993630406,1003.9589540028828,0.0
1774103401,10,,Aggregated,14.400000,4.300000,100,200,1000,1000,1000,1000,1000,1000,1000,1000,1000,5635,1882,100.0,363.69124173969107,1.4000699993630406,1003.9589540028828,0.0
1774103402,10,,Aggregated,13.900000,4.600000,100,200,1000,1000,1000,1000,1000,1000,1000,1000,1000,5648,1890,100.0,364.2941304462024,1.4000699993630406,1003.9589540028828,0.0
1774103403,10,,Aggregated,13.700000,4.800000,100,200,1000,1000,1000,1000,1000,1000,1000,1000,1000,5665,1893,100.0,363.8458247611913,1.4000699993630406,1003.9589540028828,0.0
1774103404,10,,Aggregated,13.600000,4.700000,100,200,1000,1000,1000,1000,1000,1000,1000,1000,1000,5678,1897,100.0,363.79324469763003,1.4000699993630406,1003.9589540028828,0.0
1774103405,10,,Aggregated,13.800000,4.900000,100,200,1000,1000,1000,1000,1000,1000,1000,1000,1000,5690,1901,100.0,363.81990707928543,1.4000699993630406,1003.9589540028828,0.0
1774103406,10,,Aggregated,14.200000,4.900000,100,200,1000,1000,1000,1000,1000,1000,1000,1000,1000,5701,1905,100.0,363.8828415646619,1.4000699993630406,1003.9589540028828,0.0
1774103407,10,,Aggregated,14.000000,4.700000,100,200,1000,1000,1000,1000,1000,1000,1000,1000,1000,5718,1911,100.0,363.98121135224693,1.4000699993630406,1003.9589540028828,0.0
1774103408,10,,Aggregated,13.700000,4.700000,100,200,1000,1000,1000,1000,1000,1000,1000,1000,1000,5733,1916,100.0,363.92192771204185,1.4000699993630406,1003.9589540028828,0.0
1774103409,10,,Aggregated,13.500000,4.800000,100,200,1000,1000,1000,1000,1000,1000,1000,1000,1000,5746,1920,100.0,363.95036914516913,1.4000699993630406,1003.9589540028828,0.0
1774103410,10,,Aggregated,13.700000,4.700000,100,200,1000,1000,1000,1000,1000,1000,1000,1000,1000,5758,1926,100.0,364.29101899481526,1.4000699993630406,1003.9589540028828,0.0
1774103411,10,,Aggregated,14.100000,4.700000,100,200,1000,1000,1000,1000,1000,1000,1000,1000,1000,5772,1929,100.0,364.0138457380705,1.4000699993630406,1003.9589540028828,0.0
1774103412,10,,Aggregated,14.000000,4.600000,100,200,1000,1000,1000,1000,1000,1000,1000,1000,1000,5786,1934,100.0,364.0196489421268,1.4000699993630406,1003.9589540028828,0.0
1774103413,10,,Aggregated,13.800000,4.700000,100,200,1000,1000,1000,1000,1000,1000,1000,1000,1000,5800,1939,100.0,364.0535527645066,1.4000699993630406,1003.9589540028828,0.0
1774103415,10,,Aggregated,13.700000,4.700000,100,200,1000,1000,1000,1000,1000,1000,1000,1000,1000,5817,1944,100.0,363.9431245348348,1.4000699993630406,1003.9589540028828,0.0
1774103416,10,,Aggregated,13.900000,4.400000,100,200,1000,1000,1000,1000,1000,1000,1000,1000,1000,5829,1947,100.0,363.8150752252764,1.4000699993630406,1003.9589540028828,0.0
1774103417,10,,Aggregated,13.500000,4.600000,100,200,1000,1000,1000,1000,1000,1000,1000,1000,1000,5843,1951,100.0,363.7142074799142,1.4000699993630406,1003.9589540028828,0.0
1774103418,10,,Aggregated,13.900000,4.700000,100,200,1000,1000,1000,1000,1000,1000,1000,1000,1000,5855,1955,100.0,363.7253595335844,1.4000699993630406,1003.9589540028828,0.0
1774103419,10,,Aggregated,13.800000,4.500000,100,200,1000,1000,1000,1000,1000,1000,1000,1000,1000,5871,1962,100.0,363.9797040242114,1.4000699993630406,1003.9589540028828,0.0
1774103420,10,,Aggregated,14.200000,4.600000,100,200,1000,1000,1000,1000,1000,1000,1000,1000,1000,5882,1965,100.0,363.85346641620896,1.4000699993630406,1003.9589540028828,0.0
1774103421,10,,Aggregated,13.800000,4.600000,100,200,1000,1000,1000,1000,1000,1000,1000,1000,1000,5896,1971,100.0,364.05443303224894,1.4000699993630406,1003.9589540028828,0.0
1774103422,10,,Aggregated,13.800000,4.600000,100,200,1000,1000,1000,1000,1000,1000,1000,1000,1000,5913,1976,100.0,363.9909183079901,1.4000699993630406,1003.9589540028828,0.0
1774103423,10,,Aggregated,13.600000,4.500000,100,200,1000,1000,1000,1000,1000,1000,1000,1000,1000,5932,1978,100.0,363.3093181819196,1.4000699993630406,1003.9589540028828,0.0
1774103424,10,,Aggregated,13.700000,4.500000,100,200,1000,1000,1000,1000,1000,1000,1000,1000,1000,5944,1981,100.0,363.19260331328087,1.4000699993630406,1003.9589540028828,0.0
1774103425,10,,Aggregated,14.500000,4.400000,100,200,1000,1000,1000,1000,1000,1000,1000,1000,1000,5960,1988,100.0,363.47450337334584,1.4000699993630406,1003.9589540028828,0.0
1774103426,10,,Aggregated,14.400000,4.200000,100,200,1000,1000,1000,1000,1000,1000,1000,1000,1000,5973,1992,100.0,363.41837091028606,1.4000699993630406,1003.9589540028828,0.0
1774103427,10,,Aggregated,14.100000,4.300000,100,200,1000,1000,1000,1000,1000,1000,1000,1000,1000,5985,1996,100.0,363.41226527805173,1.4000699993630406,1003.9589540028828,0.0
1774103428,10,,Aggregated,14.200000,4.500000,100,200,1000,1000,1000,1000,1000,1000,1000,1000,1000,6003,2001,100.0,363.2992893854963,1.4000699993630406,1003.9589540028828,0.0
1774103429,10,,Aggregated,14.200000,4.500000,100,200,1000,1000,1000,1000,1000,1000,1000,1000,1000,6015,2006,100.0,363.4485553739221,1.4000699993630406,1003.9589540028828,0.0
1774103430,10,,Aggregated,14.700000,4.600000,100,200,1000,1000,1000,1000,1000,1000,1000,1000,1000,6027,2010,100.0,363.4582028145259,1.4000699993630406,1003.9589540028828,0.0
1774103431,10,,Aggregated,14.400000,4.400000,100,200,1000,1000,1000,1000,1000,1000,1000,1000,1000,6042,2016,100.0,363.5991317971105,1.4000699993630406,1003.9589540028828,0.0
1774103432,10,,Aggregated,14.300000,4.500000,100,200,1000,1000,1000,1000,1000,1000,1000,1000,1000,6055,2022,100.0,363.89691325700267,1.4000699993630406,1003.9589540028828,0.0
1774103433,10,,Aggregated,14.600000,4.500000,100,200,1000,1000,1000,1000,1000,1000,1000,1000,1000,6066,2026,100.0,363.94927261608257,1.4000699993630406,1003.9589540028828,0.0
1774103434,10,,Aggregated,14.600000,4.500000,100,200,1000,1000,1000,1000,1000,1000,1000,1000,1000,6086,2032,100.0,363.86156099575516,1.4000699993630406,1003.9589540028828,0.0
1774103435,10,,Aggregated,13.200000,4.700000,100,200,1000,1000,1000,1000,1000,1000,1000,1000,1000,6094,2035,100.0,363.9047706229357,1.4000699993630406,1003.9589540028828,0.0
1774103436,10,,Aggregated,14.200000,5.100000,100,200,1000,1000,1000,1000,1000,1000,1000,1000,1000,6113,2041,100.0,363.89827975644823,1.4000699993630406,1003.9589540028828,0.0
1774103437,10,,Aggregated,13.400000,4.600000,100,200,1000,1000,1000,1000,1000,1000,1000,1000,1000,6127,2046,100.0,363.9471121312492,1.4000699993630406,1003.9589540028828,0.0
1774103438,10,,Aggregated,13.400000,4.600000,100,200,1000,1000,1000,1000,1000,1000,1000,1000,1000,6134,2049,100.0,364.03597050051627,1.4000699993630406,1003.9589540028828,0.0
1774103439,10,,Aggregated,13.900000,4.800000,100,200,1000,1000,1000,1000,1000,1000,1000,1000,1000,6151,2056,100.0,364.2172161070013,1.4000699993630406,1003.9589540028828,0.0
1774103440,10,,Aggregated,13.200000,4.800000,100,200,1000,1000,1000,1000,1000,1000,1000,1000,1000,6162,2059,100.0,364.09137577720867,1.4000699993630406,1003.9589540028828,0.0
1774103441,10,,Aggregated,13.400000,4.900000,100,200,1000,1000,1000,1000,1000,1000,1000,1000,1000,6178,2065,100.0,364.18762621465845,1.4000699993630406,1003.9589540028828,0.0
1774103442,10,,Aggregated,13.600000,4.900000,100,200,1000,1000,1000,1000,1000,1000,1000,1000,1000,6191,2068,100.0,363.9905868590154,1.4000699993630406,1003.9589540028828,0.0
1774103443,10,,Aggregated,13.600000,4.900000,100,200,1000,1000,1000,1000,1000,1000,1000,1000,1000,6208,2073,100.0,363.8732735533445,1.4000699993630406,1003.9589540028828,0.0
1774103444,10,,Aggregated,13.600000,4.600000,100,200,1000,1000,1000,1000,1000,1000,1000,1000,1000,6221,2078,100.0,363.9674827806086,1.4000699993630406,1003.9589540028828,0.0
1774103445,10,,Aggregated,14.200000,4.800000,100,200,1000,1000,1000,1000,1000,1000,1000,1000,1000,6233,2082,100.0,363.9113817892128,1.4000699993630406,1003.9589540028828,0.0
1774103446,10,,Aggregated,13.400000,4.600000,100,200,1000,1000,1000,1000,1000,1000,1000,1000,1000,6251,2089,100.0,364.0768678931618,1.4000699993630406,1003.9589540028828,0.0
1774103447,10,,Aggregated,13.900000,4.800000,100,200,1000,1000,1000,1000,1000,1000,1000,1000,1000,6263,2090,100.0,363.61527509854,1.4000699993630406,1003.9589540028828,0.0
1774103448,10,,Aggregated,13.600000,4.900000,100,200,1000,1000,1000,1000,1000,1000,1000,1000,1000,6284,2096,100.0,363.56518831383704,1.4000699993630406,1003.9589540028828,0.0
1774103449,10,,Aggregated,13.600000,4.900000,100,200,1000,1000,1000,1000,1000,1000,1000,1000,1000,6291,2096,100.0,363.1790902945711,1.4000699993630406,1003.9589540028828,0.0
1774103450,10,,Aggregated,14.800000,4.700000,100,200,1000,1000,1000,1000,1000,1000,1000,1000,1000,6305,2104,100.0,363.662012988605,1.4000699993630406,1003.9589540028828,0.0
1774103451,10,,Aggregated,14.200000,4.100000,100,200,1000,1000,1000,1000,1000,1000,1000,1000,1000,6319,2110,100.0,363.8338810315164,1.4000699993630406,1003.9589540028828,0.0
1774103452,10,,Aggregated,14.300000,4.500000,100,200,1000,1000,1000,1000,1000,1000,1000,1000,1000,6334,2112,100.0,363.3941383314122,1.4000699993630406,1003.9589540028828,0.0
1774103453,10,,Aggregated,14.300000,4.500000,100,200,1000,1000,1000,1000,1000,1000,1000,1000,1000,6344,2117,100.0,363.66719922606705,1.4000699993630406,1003.9589540028828,0.0
1774103454,10,,Aggregated,14.300000,4.400000,100,200,1000,1000,1000,1000,1000,1000,1000,1000,1000,6360,2124,100.0,363.92125948493145,1.4000699993630406,1003.9589540028828,0.0
1774103455,10,,Aggregated,13.800000,4.400000,100,200,1000,1000,1000,1000,1000,1000,1000,1000,1000,6374,2129,100.0,363.9483615150855,1.4000699993630406,1003.9589540028828,0.0
1774103456,10,,Aggregated,13.800000,4.500000,100,200,1000,1000,1000,1000,1000,1000,1000,1000,1000,6384,2133,100.0,364.0768747509626,1.4000699993630406,1003.9589540028828,0.0
1774103457,10,,Aggregated,14.000000,4.700000,100,200,1000,1000,1000,1000,1000,1000,1000,1000,1000,6400,2141,100.0,364.4971823884621,1.4000699993630406,1003.9589540028828,0.0
1774103458,10,,Aggregated,13.400000,4.200000,100,200,1000,1000,1000,1000,1000,1000,1000,1000,1000,6414,2143,100.0,364.0837623489499,1.4000699993630406,1003.9589540028828,0.0
1774103459,10,,Aggregated,13.300000,5.000000,100,200,1000,1000,1000,1000,1000,1000,1000,1000,1000,6428,2148,100.0,364.1427961358391,1.4000699993630406,1003.9589540028828,0.0
1774103460,10,,Aggregated,13.300000,5.000000,100,200,1000,1000,1000,1000,1000,1000,1000,1000,1000,6435,2152,100.0,364.36957965814725,1.4000699993630406,1003.9589540028828,0.0
1774103461,10,,Aggregated,13.300000,5.100000,100,200,1000,1000,1000,1000,1000,1000,1000,1000,1000,6450,2159,100.0,364.7014777321204,1.4000699993630406,1003.9589540028828,0.0
1774103462,10,,Aggregated,13.100000,4.800000,100,200,1000,1000,1000,1000,1000,1000,1000,1000,1000,6460,2166,100.0,365.26804065064675,1.4000699993630406,1003.9589540028828,0.0
1774103463,10,,Aggregated,13.200000,5.000000,100,210,1000,1000,1000,1000,1000,1000,1000,1000,1000,6472,2171,100.0,365.3963257602251,1.4000699993630406,1003.9589540028828,0.0
1774103464,10,,Aggregated,12.500000,5.300000,100,210,1000,1000,1000,1000,1000,1000,1000,1000,1000,6484,2176,100.0,365.5364868960789,1.4000699993630406,1003.9589540028828,0.0
1774103465,10,,Aggregated,12.700000,5.300000,100,200,1000,1000,1000,1000,1000,1000,1000,1000,1000,6503,2180,100.0,365.1687233457149,1.4000699993630406,1003.9589540028828,0.0
1774103466,10,,Aggregated,12.400000,5.300000,100,210,1000,1000,1000,1000,1000,1000,1000,1000,1000,6515,2186,100.0,365.41970548490985,1.4000699993630406,1003.9589540028828,0.0
1774103467,10,,Aggregated,12.900000,5.200000,100,200,1000,1000,1000,1000,1000,1000,1000,1000,1000,6531,2189,100.0,365.0752530744431,1.4000699993630406,1003.9589540028828,0.0
1774103468,10,,Aggregated,13.000000,5.300000,100,200,1000,1000,1000,1000,1000,1000,1000,1000,1000,6540,2192,100.0,365.03424765828447,1.4000699993630406,1003.9589540028828,0.0
1774103469,10,,Aggregated,13.300000,4.900000,100,210,1000,1000,1000,1000,1000,1000,1000,1000,1000,6552,2200,100.0,365.6123615160532,1.4000699993630406,1003.9589540028828,0.0
1774103470,10,,Aggregated,12.700000,5.000000,100,210,1000,1000,1000,1000,1000,1000,1000,1000,1000,6566,2205,100.0,365.6718787962493,1.4000699993630406,1003.9589540028828,0.0
1774103471,10,,Aggregated,12.500000,5.200000,100,200,1000,1000,1000,1000,1000,1000,1000,1000,1000,6583,2208,100.0,365.30350421193515,1.4000699993630406,1003.9589540028828,0.0
1774103472,10,,Aggregated,12.800000,5.200000,100,210,1000,1000,1000,1000,1000,1000,1000,1000,1000,6594,2213,100.0,365.51918445983625,1.4000699993630406,1003.9589540028828,0.0
1774103473,10,,Aggregated,13.100000,4.900000,100,210,1000,1000,1000,1000,1000,1000,1000,1000,1000,6609,2218,100.0,365.5307208720164,1.4000699993630406,1003.9589540028828,0.0
1774103474,10,,Aggregated,13.300000,4.700000,100,200,1000,1000,1000,1000,1000,1000,1000,1000,1000,6627,2222,100.0,365.1946167007936,1.4000699993630406,1003.9589540028828,0.0
1774103475,10,,Aggregated,13.700000,4.700000,100,200,1000,1000,1000,1000,1000,1000,1000,1000,1000,6640,2226,100.0,365.10269659625845,1.4000699993630406,1003.9589540028828,0.0
1774103476,10,,Aggregated,14.000000,4.400000,100,200,1000,1000,1000,1000,1000,1000,1000,1000,1000,6656,2231,100.0,365.01330312592575,1.4000699993630406,1003.9589540028828,0.0
1774103477,10,,Aggregated,13.600000,4.400000,100,200,1000,1000,1000,1000,1000,1000,1000,1000,1000,6671,2236,100.0,365.0228926492531,1.4000699993630406,1003.9589540028828,0.0
1774103478,10,,Aggregated,13.900000,4.500000,100,200,1000,1000,1000,1000,1000,1000,1000,1000,1000,6690,2238,100.0,364.3678447335081,1.4000699993630406,1003.9589540028828,0.0
1774103479,10,,Aggregated,13.600000,4.500000,100,200,1000,1000,1000,1000,1000,1000,1000,1000,1000,6704,2241,100.0,364.13988296810425,1.4000699993630406,1003.9589540028828,0.0
1774103480,10,,Aggregated,15.000000,4.600000,100,200,1000,1000,1000,1000,1000,1000,1000,1000,1000,6718,2246,100.0,364.1536674504575,1.4000699993630406,1003.9589540028828,0.0
1774103481,10,,Aggregated,15.200000,4.100000,100,200,1000,1000,1000,1000,1000,1000,1000,1000,1000,6731,2251,100.0,364.26763910372546,1.4000699993630406,1003.9589540028828,0.0
1774103482,10,,Aggregated,15.200000,4.100000,100,200,1000,1000,1000,1000,1000,1000,1000,1000,1000,6747,2257,100.0,364.3956386268232,1.4000699993630406,1003.9589540028828,0.0
1774103483,10,,Aggregated,14.800000,4.100000,100,200,1000,1000,1000,1000,1000,1000,1000,1000,1000,6756,2259,100.0,364.27616452370785,1.4000699993630406,1003.9589540028828,0.0
1774103484,10,,Aggregated,15.000000,4.300000,100,200,1000,1000,1000,1000,1000,1000,1000,1000,1000,6771,2267,100.0,364.7128529927875,1.4000699993630406,1003.9589540028828,0.0
1774103485,10,,Aggregated,14.700000,4.100000,100,200,1000,1000,1000,1000,1000,1000,1000,1000,1000,6785,2270,100.0,364.4485318272897,1.4000699993630406,1003.9589540028828,0.0
1774103486,10,,Aggregated,14.400000,4.500000,100,200,1000,1000,1000,1000,1000,1000,1000,1000,1000,6800,2274,100.0,364.2856276076701,1.4000699993630406,1003.9589540028828,0.0
1774103487,10,,Aggregated,14.500000,4.300000,100,200,1000,1000,1000,1000,1000,1000,1000,1000,1000,6814,2278,100.0,364.21449993148883,1.4000699993630406,1003.9589540028828,0.0
1774103488,10,,Aggregated,14.500000,4.500000,100,200,1000,1000,1000,1000,1000,1000,1000,1000,1000,6827,2283,100.0,364.3506401378594,1.4000699993630406,1003.9589540028828,0.0
1774103489,10,,Aggregated,14.700000,4.300000,100,200,1000,1000,1000,1000,1000,1000,1000,1000,1000,6841,2287,100.0,364.2480932024791,1.4000699993630406,1003.9589540028828,0.0
1774103490,10,,Aggregated,13.600000,4.500000,100,200,1000,1000,1000,1000,1000,1000,1000,1000,1000,6855,2294,100.0,364.61883967048334,1.4000699993630406,1003.9589540028828,0.0
1774103491,10,,Aggregated,13.900000,4.700000,100,200,1000,1000,1000,1000,1000,1000,1000,1000,1000,6868,2296,100.0,364.25742871755364,1.388114000292262,1003.9589540028828,0.0
1774103492,10,,Aggregated,13.500000,4.600000,100,200,1000,1000,1000,1000,1000,1000,1000,1000,1000,6881,2303,100.0,364.61651397517215,1.388114000292262,1003.9589540028828,0.0
1774103493,10,,Aggregated,13.600000,4.600000,100,200,1000,1000,1000,1000,1000,1000,1000,1000,1000,6893,2308,100.0,364.766350812298,1.388114000292262,1003.9589540028828,0.0
1774103494,10,,Aggregated,13.700000,4.700000,100,200,1000,1000,1000,1000,1000,1000,1000,1000,1000,6910,2315,100.0,364.9410926939473,1.388114000292262,1003.9589540028828,0.0
1774103495,10,,Aggregated,13.400000,4.800000,100,200,1000,1000,1000,1000,1000,1000,1000,1000,1000,6920,2317,100.0,364.75112979829106,1.388114000292262,1003.9589540028828,0.0
1774103496,10,,Aggregated,13.700000,4.700000,100,200,1000,1000,1000,1000,1000,1000,1000,1000,1000,6937,2323,100.0,364.8173110493255,1.388114000292262,1003.9589540028828,0.0
1774103497,10,,Aggregated,13.600000,4.900000,100,200,1000,1000,1000,1000,1000,1000,1000,1000,1000,6948,2326,100.0,364.67422205111774,1.388114000292262,1003.9589540028828,0.0
1774103498,10,,Aggregated,13.500000,4.900000,100,200,1000,1000,1000,1000,1000,1000,1000,1000,1000,6964,2334,100.0,365.05838976782957,1.388114000292262,1003.9589540028828,0.0
1774103499,10,,Aggregated,13.500000,4.900000,100,200,1000,1000,1000,1000,1000,1000,1000,1000,1000,6976,2337,100.0,364.9612007636408,1.388114000292262,1003.9589540028828,0.0
1774103500,10,,Aggregated,13.500000,5.000000,100,200,1000,1000,1000,1000,1000,1000,1000,1000,1000,6988,2342,100.0,365.1151610184825,1.388114000292262,1003.9589540028828,0.0
1774103501,10,,Aggregated,13.300000,4.900000,100,200,1000,1000,1000,1000,1000,1000,1000,1000,1000,7003,2349,100.0,365.4053590782747,1.388114000292262,1003.9589540028828,0.0
1774103502,10,,Aggregated,13.500000,5.000000,100,200,1000,1000,1000,1000,1000,1000,1000,1000,1000,7016,2352,100.0,365.2614582151007,1.388114000292262,1003.9589540028828,0.0
1774103503,10,,Aggregated,13.500000,5.400000,100,210,1000,1000,1000,1000,1000,1000,1000,1000,1000,7027,2358,100.0,365.5755647097121,1.388114000292262,1003.9589540028828,0.0
1774103504,10,,Aggregated,13.500000,4.900000,100,210,1000,1000,1000,1000,1000,1000,1000,1000,1000,7042,2363,100.0,365.5267620887736,1.388114000292262,1003.9589540028828,0.0
1774103505,10,,Aggregated,13.400000,4.900000,100,210,1000,1000,1000,1000,1000,1000,1000,1000,1000,7051,2368,100.0,365.79868032664126,1.388114000292262,1003.9589540028828,0.0
1774103506,10,,Aggregated,13.600000,5.000000,100,210,1000,1000,1000,1000,1000,1000,1000,1000,1000,7070,2375,100.0,365.8452081701767,1.388114000292262,1003.9589540028828,0.0
1774103507,10,,Aggregated,13.100000,5.000000,100,210,1000,1000,1000,1000,1000,1000,1000,1000,1000,7085,2377,100.0,365.4060617713692,1.388114000292262,1003.9589540028828,0.0
1774103508,10,,Aggregated,13.200000,5.000000,100,200,1000,1000,1000,1000,1000,1000,1000,1000,1000,7100,2381,100.0,365.2266019007265,1.388114000292262,1003.9589540028828,0.0
1774103509,10,,Aggregated,13.300000,5.000000,100,210,1000,1000,1000,1000,1000,1000,1000,1000,1000,7113,2387,100.0,365.45430789697065,1.388114000292262,1003.9589540028828,0.0
1774103510,10,,Aggregated,13.600000,4.800000,100,200,1000,1000,1000,1000,1000,1000,1000,1000,1000,7130,2391,100.0,365.20718890506976,1.388114000292262,1003.9589540028828,0.0
1774103511,10,,Aggregated,13.500000,4.900000,100,200,1000,1000,1000,1000,1000,1000,1000,1000,1000,7144,2395,100.0,365.1406772211863,1.388114000292262,1003.9589540028828,0.0
1774103512,10,,Aggregated,13.900000,4.900000,100,200,1000,1000,1000,1000,1000,1000,1000,1000,1000,7157,2400,100.0,365.2332746667814,1.388114000292262,1003.9589540028828,0.0
1774103513,10,,Aggregated,13.900000,4.500000,100,200,1000,1000,1000,1000,1000,1000,1000,1000,1000,7177,2405,100.0,365.0203962899757,1.388114000292262,1003.9589540028828,0.0
1774103514,10,,Aggregated,13.900000,4.700000,100,200,1000,1000,1000,1000,1000,1000,1000,1000,1000,7190,2407,100.0,364.7280674580198,1.388114000292262,1003.9589540028828,0.0
1774103515,10,,Aggregated,14.600000,4.900000,100,200,1000,1000,1000,1000,1000,1000,1000,1000,1000,7206,2413,100.0,364.8201373734625,1.388114000292262,1003.9589540028828,0.0
1774103516,10,,Aggregated,14.700000,4.400000,100,200,1000,1000,1000,1000,1000,1000,1000,1000,1000,7224,2416,100.0,364.41058042596376,1.388114000292262,1003.9589540028828,0.0
1774103517,10,,Aggregated,15.000000,4.500000,100,200,1000,1000,1000,1000,1000,1000,1000,1000,1000,7233,2420,100.0,364.5737402418297,1.388114000292262,1003.9589540028828,0.0
1774103518,10,,Aggregated,15.400000,4.200000,100,200,1000,1000,1000,1000,1000,1000,1000,1000,1000,7244,2426,100.0,364.86417155730953,1.388114000292262,1003.9589540028828,0.0
1774103519,10,,Aggregated,15.100000,4.200000,100,200,1000,1000,1000,1000,1000,1000,1000,1000,1000,7255,2433,100.0,365.2882601657003,1.388114000292262,1003.9589540028828,0.0
1774103520,10,,Aggregated,14.500000,4.400000,100,200,1000,1000,1000,1000,1000,1000,1000,1000,1000,7271,2437,100.0,365.1320206391362,1.388114000292262,1003.9589540028828,0.0
1774103521,10,,Aggregated,14.100000,4.400000,100,200,1000,1000,1000,1000,1000,1000,1000,1000,1000,7285,2441,100.0,365.1075454514964,1.388114000292262,1003.9589540028828,0.0
1774103522,10,,Aggregated,14.200000,4.700000,100,200,1000,1000,1000,1000,1000,1000,1000,1000,1000,7299,2447,100.0,365.2344494135023,1.388114000292262,1003.9589540028828,0.0
1774103523,10,,Aggregated,14.100000,4.600000,100,200,1000,1000,1000,1000,1000,1000,1000,1000,1000,7312,2450,100.0,365.05596630527174,1.388114000292262,1003.9589540028828,0.0
1774103524,10,,Aggregated,14.200000,4.700000,100,200,1000,1000,1000,1000,1000,1000,1000,1000,1000,7327,2456,100.0,365.2094064717007,1.388114000292262,1003.9589540028828,0.0
1774103525,10,,Aggregated,14.000000,4.600000,100,200,1000,1000,1000,1000,1000,1000,1000,1000,1000,7341,2462,100.0,365.3846485737845,1.388114000292262,1003.9589540028828,0.0
1774103526,10,,Aggregated,13.700000,4.900000,100,200,1000,1000,1000,1000,1000,1000,1000,1000,1000,7358,2465,100.0,365.04705288912015,1.388114000292262,1003.9589540028828,0.0
1774103527,10,,Aggregated,13.700000,4.700000,100,200,1000,1000,1000,1000,1000,1000,1000,1000,1000,7367,2469,100.0,365.15984002133104,1.388114000292262,1003.9589540028828,0.0
1774103528,10,,Aggregated,13.500000,4.900000,100,200,1000,1000,1000,1000,1000,1000,1000,1000,1000,7383,2476,100.0,365.40374265192304,1.388114000292262,1003.9589540028828,0.0
1774103529,10,,Aggregated,13.400000,4.900000,100,200,1000,1000,1000,1000,1000,1000,1000,1000,1000,7398,2479,100.0,365.11849732943324,1.388114000292262,1003.9589540028828,0.0
1774103530,10,,Aggregated,13.500000,4.800000,100,200,1000,1000,1000,1000,1000,1000,1000,1000,1000,7414,2484,100.0,365.0842185593681,1.388114000292262,1003.9589540028828,0.0
1774103531,10,,Aggregated,14.500000,5.000000,100,200,1000,1000,1000,1000,1000,1000,1000,1000,1000,7425,2487,100.0,365.03221416163643,1.388114000292262,1003.9589540028828,0.0
1774103532,10,,Aggregated,14.100000,4.500000,100,200,1000,1000,1000,1000,1000,1000,1000,1000,1000,7438,2494,100.0,365.3647450926526,1.388114000292262,1003.9589540028828,0.0
1774103533,10,,Aggregated,14.200000,4.500000,100,200,1000,1000,1000,1000,1000,1000,1000,1000,1000,7456,2500,100.0,365.34451919529926,1.388114000292262,1003.9589540028828,0.0
1774103534,10,,Aggregated,13.900000,4.700000,100,200,1000,1000,1000,1000,1000,1000,1000,1000,1000,7471,2500,100.0,364.73375793737847,1.388114000292262,1003.9589540028828,0.0
1774103535,10,,Aggregated,13.600000,4.700000,100,200,1000,1000,1000,1000,1000,1000,1000,1000,1000,7479,2506,100.0,365.1696045658724,1.388114000292262,1003.9589540028828,0.0
1774103536,10,,Aggregated,14.300000,4.500000,100,200,1000,1000,1000,1000,1000,1000,1000,1000,1000,7498,2512,100.0,365.1145523398451,1.388114000292262,1003.9589540028828,0.0
1774103537,10,,Aggregated,13.900000,4.400000,100,200,1000,1000,1000,1000,1000,1000,1000,1000,1000,7512,2514,100.0,364.7688902206019,1.388114000292262,1003.9589540028828,0.0
1774103538,10,,Aggregated,13.800000,4.600000,100,200,1000,1000,1000,1000,1000,1000,1000,1000,1000,7524,2518,100.0,364.78634316376343,1.388114000292262,1003.9589540028828,0.0
1774103539,10,,Aggregated,14.200000,4.600000,100,200,1000,1000,1000,1000,1000,1000,1000,1000,1000,7541,2526,100.0,365.0956669541379,1.388114000292262,1003.9589540028828,0.0
1774103540,10,,Aggregated,14.500000,4.500000,100,200,1000,1000,1000,1000,1000,1000,1000,1000,1000,7554,2527,100.0,364.7375996149272,1.388114000292262,1003.9589540028828,0.0
1774103541,10,,Aggregated,13.700000,4.400000,100,200,1000,1000,1000,1000,1000,1000,1000,1000,1000,7569,2533,100.0,364.8712717228384,1.388114000292262,1003.9589540028828,0.0
1774103542,10,,Aggregated,14.200000,4.500000,100,200,1000,1000,1000,1000,1000,1000,1000,1000,1000,7578,2537,100.0,364.99745246346845,1.388114000292262,1003.9589540028828,0.0
1774103543,10,,Aggregated,14.100000,4.600000,100,200,1000,1000,1000,1000,1000,1000,1000,1000,1000,7592,2544,100.0,365.3035418899056,1.388114000292262,1003.9589540028828,0.0
1774103544,10,,Aggregated,14.200000,4.300000,100,200,1000,1000,1000,1000,1000,1000,1000,1000,1000,7605,2548,100.0,365.25075953532877,1.388114000292262,1003.9589540028828,0.0
1774103545,10,,Aggregated,14.100000,4.400000,100,200,1000,1000,1000,1000,1000,1000,1000,1000,1000,7621,2553,100.0,365.2054885839351,1.388114000292262,1003.9589540028828,0.0
1774103546,10,,Aggregated,13.400000,4.700000,100,200,1000,1000,1000,1000,1000,1000,1000,1000,1000,7637,2558,100.0,365.1382459894162,1.388114000292262,1003.9589540028828,0.0
1774103547,10,,Aggregated,14.100000,5.000000,100,200,1000,1000,1000,1000,1000,1000,1000,1000,1000,7649,2563,100.0,365.25013892563373,1.388114000292262,1003.9589540028828,0.0
1774103548,10,,Aggregated,14.200000,4.600000,100,200,1000,1000,1000,1000,1000,1000,1000,1000,1000,7664,2566,100.0,364.9842888687588,1.388114000292262,1003.9589540028828,0.0
1774103549,10,,Aggregated,13.600000,4.600000,100,200,1000,1000,1000,1000,1000,1000,1000,1000,1000,7677,2572,100.0,365.1779254934443,1.388114000292262,1003.9589540028828,0.0
1774103550,10,,Aggregated,13.800000,4.800000,100,200,1000,1000,1000,1000,1000,1000,1000,1000,1000,7691,2578,100.0,365.32518997427826,1.388114000292262,1003.9589540028828,0.0
1774103551,10,,Aggregated,14.100000,4.600000,100,200,1000,1000,1000,1000,1000,1000,1000,1000,1000,7706,2583,100.0,365.3076056981798,1.388114000292262,1003.9589540028828,0.0
1774103552,10,,Aggregated,13.400000,4.800000,100,200,1000,1000,1000,1000,1000,1000,1000,1000,1000,7716,2585,100.0,365.1251464124112,1.388114000292262,1003.9589540028828,0.0
1774103553,10,,Aggregated,13.600000,4.900000,100,200,1000,1000,1000,1000,1000,1000,1000,1000,1000,7729,2593,100.0,365.58348738739414,1.388114000292262,1003.9589540028828,0.0
1774103554,10,,Aggregated,13.800000,5.000000,100,200,1000,1000,1000,1000,1000,1000,1000,1000,1000,7750,2596,100.0,365.07938587034243,1.388114000292262,1003.9589540028828,0.0
1774103555,10,,Aggregated,13.500000,4.700000,100,200,1000,1000,1000,1000,1000,1000,1000,1000,1000,7760,2600,100.0,365.17983683352594,1.388114000292262,1003.9589540028828,0.0
1774103556,10,,Aggregated,13.500000,4.700000,100,200,1000,1000,1000,1000,1000,1000,1000,1000,1000,7766,2604,100.0,365.42858008024234,1.388114000292262,1003.9589540028828,0.0
1774103557,10,,Aggregated,13.800000,4.500000,100,210,1000,1000,1000,1000,1000,1000,1000,1000,1000,7780,2613,100.0,365.95130412881105,1.388114000292262,1003.9589540028828,0.0
1774103558,10,,Aggregated,13.400000,4.800000,100,210,1000,1000,1000,1000,1000,1000,1000,1000,1000,7790,2618,100.0,366.15274787254754,1.388114000292262,1003.9589540028828,0.0
1774103559,10,,Aggregated,13.200000,5.200000,100,210,1000,1000,1000,1000,1000,1000,1000,1000,1000,7807,2622,100.0,365.94962621943694,1.388114000292262,1003.9589540028828,0.0
1774103560,10,,Aggregated,12.500000,5.000000,100,210,1000,1000,1000,1000,1000,1000,1000,1000,1000,7822,2628,100.0,366.0591383847013,1.388114000292262,1003.9589540028828,0.0
1774103561,10,,Aggregated,12.700000,5.300000,100,200,1000,1000,1000,1000,1000,1000,1000,1000,1000,7836,2631,100.0,365.81637604264097,1.388114000292262,1003.9589540028828,0.0
1774103562,10,,Aggregated,13.100000,5.000000,100,210,1000,1000,1000,1000,1000,1000,1000,1000,1000,7852,2637,100.0,365.8550010137712,1.388114000292262,1003.9589540028828,0.0
1774103563,10,,Aggregated,13.100000,5.100000,100,210,1000,1000,1000,1000,1000,1000,1000,1000,1000,7863,2644,100.0,366.25449350122483,1.388114000292262,1003.9589540028828,0.0
1774103564,10,,Aggregated,13.500000,5.000000,100,210,1000,1000,1000,1000,1000,1000,1000,1000,1000,7875,2648,100.0,366.28199467493704,1.388114000292262,1003.9589540028828,0.0
1774103565,10,,Aggregated,13.400000,5.000000,100,210,1000,1000,1000,1000,1000,1000,1000,1000,1000,7889,2652,100.0,366.22846187085014,1.388114000292262,1003.9589540028828,0.0
1774103566,10,,Aggregated,12.700000,5.000000,100,210,1000,1000,1000,1000,1000,1000,1000,1000,1000,7903,2657,100.0,366.2570907797208,1.388114000292262,1003.9589540028828,0.0
1774103567,10,,Aggregated,13.000000,5.500000,100,210,1000,1000,1000,1000,1000,1000,1000,1000,1000,7919,2662,100.0,366.15172603815205,1.388114000292262,1003.9589540028828,0.0
1774103568,10,,Aggregated,13.100000,5.200000,100,210,1000,1000,1000,1000,1000,1000,1000,1000,1000,7935,2668,100.0,366.2792987559063,1.388114000292262,1003.9589540028828,0.0
1774103569,10,,Aggregated,13.900000,4.900000,100,210,1000,1000,1000,1000,1000,1000,1000,1000,1000,7947,2672,100.0,366.26048097308575,1.388114000292262,1003.9589540028828,0.0
1774103570,10,,Aggregated,14.100000,4.800000,100,210,1000,1000,1000,1000,1000,1000,1000,1000,1000,7959,2678,100.0,366.49832045283523,1.388114000292262,1003.9589540028828,0.0
1774103571,10,,Aggregated,14.100000,4.700000,100,210,1000,1000,1000,1000,1000,1000,1000,1000,1000,7977,2682,100.0,366.2243342724234,1.388114000292262,1003.9589540028828,0.0
1774103572,10,,Aggregated,13.800000,4.900000,100,210,1000,1000,1000,1000,1000,1000,1000,1000,1000,7989,2688,100.0,366.4559807216325,1.388114000292262,1003.9589540028828,0.0
1774103573,10,,Aggregated,13.900000,5.000000,100,210,1000,1000,1000,1000,1000,1000,1000,1000,1000,8004,2693,100.0,366.4389369567878,1.388114000292262,1003.9589540028828,0.0
1774103574,10,,Aggregated,13.200000,4.900000,100,210,1000,1000,1000,1000,1000,1000,1000,1000,1000,8017,2698,100.0,366.49148246016364,1.388114000292262,1003.9589540028828,0.0
1774103575,10,,Aggregated,14.200000,5.300000,100,210,1000,1000,1000,1000,1000,1000,1000,1000,1000,8027,2703,100.0,366.71977618925337,1.388114000292262,1003.9589540028828,0.0
1774103576,10,,Aggregated,14.400000,4.900000,100,210,1000,1000,1000,1000,1000,1000,1000,1000,1000,8044,2708,100.0,366.63770090926687,1.388114000292262,1003.9589540028828,0.0
1774103577,10,,Aggregated,13.800000,4.700000,100,210,1000,1000,1000,1000,1000,1000,1000,1000,1000,8060,2711,100.0,366.3611484362469,1.388114000292262,1003.9589540028828,0.0
1774103578,10,,Aggregated,13.700000,4.900000,100,210,1000,1000,1000,1000,1000,1000,1000,1000,1000,8068,2716,100.0,366.61893789454035,1.388114000292262,1003.9589540028828,0.0
1774103579,10,,Aggregated,13.900000,4.900000,100,210,1000,1000,1000,1000,1000,1000,1000,1000,1000,8082,2721,100.0,366.62917170405234,1.388114000292262,1003.9589540028828,0.0
1774103580,10,,Aggregated,13.800000,4.800000,100,210,1000,1000,1000,1000,1000,1000,1000,1000,1000,8100,2728,100.0,366.75902618532746,1.388114000292262,1003.9589540028828,0.0
1774103581,10,,Aggregated,13.400000,5.000000,100,210,1000,1000,1000,1000,1000,1000,1000,1000,1000,8108,2729,100.0,366.5813476062109,1.388114000292262,1003.9589540028828,0.0
1774103582,10,,Aggregated,13.600000,5.000000,100,210,1000,1000,1000,1000,1000,1000,1000,1000,1000,8125,2735,100.0,366.6546313334361,1.388114000292262,1003.9589540028828,0.0
1774103583,10,,Aggregated,13.500000,4.700000,100,210,1000,1000,1000,1000,1000,1000,1000,1000,1000,8144,2739,100.0,366.3290878654427,1.388114000292262,1003.9589540028828,0.0
1774103584,10,,Aggregated,13.700000,5.000000,100,210,1000,1000,1000,1000,1000,1000,1000,1000,1000,8156,2743,100.0,366.3560153807218,1.388114000292262,1003.9589540028828,0.0
1774103585,10,,Aggregated,13.500000,4.600000,100,210,1000,1000,1000,1000,1000,1000,1000,1000,1000,8171,2747,100.0,366.2503042119895,1.388114000292262,1003.9589540028828,0.0
1774103586,10,,Aggregated,13.900000,4.600000,100,210,1000,1000,1000,1000,1000,1000,1000,1000,1000,8184,2750,100.0,366.0972046837925,1.388114000292262,1003.9589540028828,0.0
1774103587,10,,Aggregated,13.800000,4.500000,100,210,1000,1000,1000,1000,1000,1000,1000,1000,1000,8197,2758,100.0,366.5085201993606,1.388114000292262,1003.9589540028828,0.0
1774103588,10,,Aggregated,14.600000,4.500000,100,210,1000,1000,1000,1000,1000,1000,1000,1000,1000,8210,2761,100.0,366.36904340294205,1.388114000292262,1003.9589540028828,0.0
1774103589,10,,Aggregated,13.300000,4.200000,100,210,1000,1000,1000,1000,1000,1000,1000,1000,1000,8226,2767,100.0,366.50184874606856,1.388114000292262,1003.9589540028828,0.0
1774103590,10,,Aggregated,14.100000,4.800000,100,210,1000,1000,1000,1000,1000,1000,1000,1000,1000,8241,2770,100.0,366.2712367504147,1.388114000292262,1003.9589540028828,0.0
1774103591,10,,Aggregated,14.300000,4.500000,100,210,1000,1000,1000,1000,1000,1000,1000,1000,1000,8259,2773,100.0,365.8966877152401,1.388114000292262,1003.9589540028828,0.0
1774103592,10,,Aggregated,14.400000,4.300000,100,210,1000,1000,1000,1000,1000,1000,1000,1000,1000,8268,2777,100.0,365.99205218071654,1.388114000292262,1003.9589540028828,0.0
1774103593,10,,Aggregated,14.500000,4.300000,100,210,1000,1000,1000,1000,1000,1000,1000,1000,1000,8285,2783,100.0,365.9822287785362,1.388114000292262,1003.9589540028828,0.0
1774103594,10,,Aggregated,14.700000,4.100000,100,210,1000,1000,1000,1000,1000,1000,1000,1000,1000,8298,2789,100.0,366.1642171160727,1.388114000292262,1003.9589540028828,0.0
1774103595,10,,Aggregated,14.200000,4.300000,100,210,1000,1000,1000,1000,1000,1000,1000,1000,1000,8313,2793,100.0,366.09985663180356,1.388114000292262,1003.9589540028828,0.0
1774103596,10,,Aggregated,13.800000,4.400000,100,210,1000,1000,1000,1000,1000,1000,1000,1000,1000,8327,2798,100.0,366.1246916656876,1.388114000292262,1003.9589540028828,0.0
