Timestamp,User Count,Type,Name,Requests/s,Failures/s,50%,66%,75%,80%,90%,95%,98%,99%,99.9%,99.99%,100%,Total Request Count,Total Failure Count,Total Median Response Time,Total Average Response Time,Total Min Response Time,Total Max Response Time,Total Average Content Size
1772059688,0,,Aggregated,0.000000,0.000000,N/A,N/A,N/A,N/A,N/A,N/A,N/A,N/A,N/A,N/A,N/A,0,0,0,0.0,0,0,0
1772059689,10,,Aggregated,0.000000,0.000000,450,460,460,470,470,480,480,480,480,480,480,14,0,440.0,333.5902948570687,30.856930000481952,476.3678079998499,0.0
1772059690,10,,Aggregated,0.000000,0.000000,130,210,390,440,460,470,480,480,480,480,480,38,0,130.0,204.76739789479612,30.856930000481952,476.3678079998499,0.0
1772059691,10,,Aggregated,0.000000,0.000000,120,190,210,220,460,470,470,480,480,480,480,58,0,120.0,172.31341229312577,30.708669999512495,476.3678079998499,0.0
1772059692,10,,Aggregated,11.500000,0.000000,120,180,200,210,420,460,470,480,480,480,480,82,0,120.0,162.21440774390385,30.708669999512495,476.3678079998499,0.0
1772059693,10,,Aggregated,14.666667,0.000000,110,140,180,200,260,460,470,470,480,480,480,104,0,110.0,143.723890326905,30.708669999512495,476.3678079998499,0.0
1772059694,10,,Aggregated,16.250000,0.000000,100,130,150,180,250,450,470,470,480,480,480,127,0,100.0,132.23354840944714,30.708669999512495,476.3678079998499,0.0
1772059695,10,,Aggregated,17.400000,0.000000,91,120,140,150,220,440,460,470,480,480,480,154,0,91,121.07066640907182,30.708669999512495,476.3678079998499,0.0
1772059696,10,,Aggregated,18.166667,0.000000,92,110,140,150,210,420,460,470,480,480,480,173,0,92,118.6213685028749,30.708669999512495,476.3678079998499,0.0
1772059697,10,,Aggregated,18.714286,0.000000,91,110,130,140,210,390,460,470,480,480,480,197,0,91,114.14935950253337,30.708669999512495,476.3678079998499,0.0
1772059698,10,,Aggregated,19.375000,0.000000,91,110,140,150,210,260,460,470,480,480,480,215,0,91,114.21449278604996,30.708669999512495,476.3678079998499,0.0
1772059699,10,,Aggregated,19.555556,0.000000,87,110,130,140,200,250,460,470,480,480,480,240,0,86,110.13258993751076,30.708669999512495,476.3678079998499,0.0
1772059700,10,,Aggregated,19.800000,0.000000,86,110,130,140,200,250,460,470,480,480,480,263,0,86,107.04736721293871,30.708669999512495,476.3678079998499,0.0
1772059701,10,,Aggregated,21.700000,0.000000,83,110,120,140,190,240,460,470,480,480,480,287,0,83,103.99982877352349,29.52219899998454,476.3678079998499,0.0
1772059702,10,,Aggregated,21.700000,0.000000,80,100,120,130,180,230,450,460,480,480,480,312,0,80,100.81166334615341,29.52219899998454,476.3678079998499,0.0
1772059703,10,,Aggregated,22.200000,0.000000,77,100,110,130,180,220,450,460,480,480,480,337,0,77,98.44016288130682,29.52219899998454,476.3678079998499,0.0
1772059704,10,,Aggregated,22.400000,0.000000,78,100,120,130,190,240,440,460,480,480,480,357,0,78,100.61294652100756,29.52219899998454,476.3678079998499,0.0
1772059705,10,,Aggregated,22.700000,0.000000,77,100,120,130,180,240,440,460,480,480,480,375,0,77,99.47432571732982,29.52219899998454,476.3678079998499,0.0
1772059707,10,,Aggregated,22.900000,0.000000,77,100,120,130,190,230,440,460,480,480,480,400,0,77,99.19803063499785,29.52219899998454,476.3678079998499,0.0
1772059708,10,,Aggregated,22.800000,0.000000,78,100,120,130,190,230,420,460,480,480,480,422,0,78,99.97834938862053,29.52219899998454,476.3678079998499,0.0
1772059709,10,,Aggregated,22.400000,0.000000,78,100,110,130,190,230,420,460,480,480,480,446,0,78,98.4660791883438,29.52219899998454,476.3678079998499,0.0
1772059710,10,,Aggregated,22.400000,0.000000,79,100,120,130,190,220,390,460,480,480,480,468,0,78,99.28044123718722,29.52219899998454,476.3678079998499,0.0
1772059711,10,,Aggregated,22.400000,0.000000,78,100,120,130,190,220,390,460,480,480,480,489,0,78,98.53607309816657,29.52219899998454,476.3678079998499,0.0
1772059712,10,,Aggregated,22.800000,0.000000,80,100,120,130,190,230,320,460,480,480,480,512,0,79,100.00847495117426,29.52219899998454,476.3678079998499,0.0
1772059713,10,,Aggregated,22.300000,0.000000,78,100,120,130,190,230,320,460,480,480,480,536,0,78,99.21500013619925,29.52219899998454,476.3678079998499,0.0
1772059714,10,,Aggregated,22.200000,0.000000,79,100,120,140,200,230,300,460,480,480,480,554,0,78,100.1639095523499,29.52219899998454,476.3678079998499,0.0
1772059715,10,,Aggregated,21.500000,0.000000,81,100,120,140,200,240,300,460,480,480,480,576,0,81,101.38096625347575,29.52219899998454,476.3678079998499,0.0
1772059716,10,,Aggregated,21.500000,0.000000,82,100,120,140,200,230,300,460,480,480,480,599,0,82,101.27517176962361,29.52219899998454,476.3678079998499,0.0
1772059717,10,,Aggregated,21.500000,0.000000,81,100,120,140,200,230,290,450,480,480,480,619,0,81,100.42998926333492,29.52219899998454,476.3678079998499,0.0
1772059718,10,,Aggregated,22.000000,0.000000,80,100,120,140,190,230,290,450,480,480,480,645,0,80,99.3115038713239,29.52219899998454,476.3678079998499,0.0
1772059719,10,,Aggregated,22.000000,0.000000,78,100,120,130,190,230,270,450,480,480,480,665,0,78,98.41140510677239,29.52219899998454,476.3678079998499,0.0
1772059720,10,,Aggregated,21.900000,0.000000,80,100,120,140,190,230,270,450,480,480,480,686,0,80,98.92009982070415,29.52219899998454,476.3678079998499,0.0
1772059721,10,,Aggregated,22.100000,0.000000,82,110,120,140,190,230,260,440,480,480,480,707,0,82,100.47408126309021,29.52219899998454,476.3678079998499,0.0
1772059722,10,,Aggregated,22.000000,0.000000,82,100,120,140,190,230,260,440,480,480,480,728,0,81,99.90400245055882,29.52219899998454,476.3678079998499,0.0
1772059723,10,,Aggregated,21.800000,0.000000,82,100,120,140,190,230,260,440,480,480,480,755,0,82,99.1285799536541,29.52219899998454,476.3678079998499,0.0
1772059724,10,,Aggregated,21.700000,0.000000,81,100,120,140,200,240,290,440,480,480,480,775,0,81,100.47392196517328,29.52219899998454,476.3678079998499,0.0
1772059725,10,,Aggregated,21.700000,0.000000,82,110,120,140,200,240,290,440,480,480,480,788,0,82,101.7074750736153,29.52219899998454,476.3678079998499,0.0
1772059726,10,,Aggregated,22.100000,0.000000,84,110,130,150,200,250,320,420,480,480,480,813,0,84,104.62520104552208,29.52219899998454,476.3678079998499,0.0
1772059727,10,,Aggregated,21.400000,0.000000,84,110,130,150,200,250,320,420,480,480,480,833,0,84,104.47470672750292,29.52219899998454,476.3678079998499,0.0
1772059728,10,,Aggregated,21.400000,0.000000,85,110,130,150,200,250,320,420,480,480,480,857,0,85,104.5568102042116,29.52219899998454,476.3678079998499,0.0
1772059729,10,,Aggregated,21.200000,0.000000,84,110,130,150,200,250,320,420,480,480,480,877,0,84,103.80600202281384,29.52219899998454,476.3678079998499,0.0
1772059730,10,,Aggregated,20.900000,0.000000,85,110,130,150,200,240,320,420,480,480,480,897,0,85,103.97794267448104,29.52219899998454,476.3678079998499,0.0
1772059731,10,,Aggregated,20.900000,0.000000,85,110,130,150,200,240,300,400,480,480,480,921,0,85,104.30323202498296,29.52219899998454,476.3678079998499,0.0
1772059732,10,,Aggregated,21.000000,0.000000,85,110,130,150,200,240,300,400,480,480,480,945,0,85,103.60450345186148,29.52219899998454,476.3678079998499,0.0
1772059733,10,,Aggregated,21.000000,0.000000,84,110,130,140,200,240,290,400,480,480,480,966,0,84,102.75966701967985,29.52219899998454,476.3678079998499,0.0
1772059734,10,,Aggregated,21.200000,0.000000,84,110,130,140,190,240,290,400,480,480,480,993,0,84,102.42566855791402,29.52219899998454,476.3678079998499,0.0
1772059735,10,,Aggregated,21.000000,0.000000,84,110,130,140,190,240,290,400,470,480,480,1011,0,84,102.14708269832836,29.52219899998454,476.3678079998499,0.0
1772059736,10,,Aggregated,21.200000,0.000000,85,110,130,140,190,230,290,400,470,480,480,1034,0,84,102.13951278337159,29.52219899998454,476.3678079998499,0.0
1772059737,10,,Aggregated,22.000000,0.000000,84,110,130,140,190,230,290,400,470,480,480,1057,0,84,101.66850501041209,29.52219899998454,476.3678079998499,0.0
1772059738,10,,Aggregated,22.000000,0.000000,84,110,130,140,190,230,290,400,470,480,480,1080,0,84,101.1877125555589,29.52219899998454,476.3678079998499,0.0
1772059739,10,,Aggregated,22.000000,0.000000,84,110,130,140,190,230,280,390,470,480,480,1103,0,84,100.89028356029343,29.52219899998454,476.3678079998499,0.0
1772059740,10,,Aggregated,21.800000,0.000000,84,110,130,140,190,230,280,390,470,480,480,1124,0,83,101.02655643505607,29.52219899998454,476.3678079998499,0.0
1772059741,10,,Aggregated,21.900000,0.000000,84,110,130,140,190,230,280,390,470,480,480,1145,0,84,101.70867648733778,29.52219899998454,476.3678079998499,0.0
1772059742,10,,Aggregated,21.900000,0.000000,84,110,130,140,190,230,280,390,470,480,480,1169,0,84,101.20274472284332,29.52219899998454,476.3678079998499,0.0
1772059743,10,,Aggregated,22.000000,0.000000,83,110,130,140,190,230,280,390,470,480,480,1193,0,83,100.8214522187788,29.52219899998454,476.3678079998499,0.0
1772059744,10,,Aggregated,22.000000,0.000000,83,110,130,140,190,230,280,360,470,480,480,1215,0,83,100.51218288559919,29.52219899998454,476.3678079998499,0.0
1772059745,10,,Aggregated,22.400000,0.000000,83,110,130,140,190,230,280,360,470,480,480,1238,0,83,100.1981442843334,29.52219899998454,476.3678079998499,0.0
1772059746,10,,Aggregated,22.200000,0.000000,84,110,130,140,190,230,280,360,470,480,480,1261,0,84,100.55694548057377,29.52219899998454,476.3678079998499,0.0
1772059747,10,,Aggregated,22.200000,0.000000,83,110,130,140,190,220,280,360,470,480,480,1282,0,83,100.32876462480847,29.52219899998454,476.3678079998499,0.0
1772059748,10,,Aggregated,22.200000,0.000000,84,110,130,140,180,220,280,340,470,480,480,1306,0,84,100.45326773660378,29.52219899998454,476.3678079998499,0.0
1772059749,10,,Aggregated,22.200000,0.000000,83,110,130,140,180,220,280,340,470,480,480,1329,0,83,99.80253870353961,29.52219899998454,476.3678079998499,0.0
1772059750,10,,Aggregated,22.500000,0.000000,82,110,130,140,180,220,270,340,470,480,480,1353,0,82,99.1718301064331,29.52219899998454,476.3678079998499,0.0
1772059751,10,,Aggregated,22.500000,0.000000,82,100,120,140,180,220,270,340,470,480,480,1376,0,82,98.84928696075752,29.52219899998454,476.3678079998499,0.0
1772059752,10,,Aggregated,22.900000,0.000000,82,110,120,140,180,220,270,340,470,480,480,1398,0,82,98.85841535979985,29.52219899998454,476.3678079998499,0.0
1772059753,10,,Aggregated,22.800000,0.000000,82,110,130,140,180,220,270,340,470,480,480,1420,0,82,99.03961780633831,29.52219899998454,476.3678079998499,0.0
1772059754,10,,Aggregated,22.800000,0.000000,82,110,120,140,180,220,270,340,470,480,480,1442,0,82,98.80995417614317,29.52219899998454,476.3678079998499,0.0
1772059755,10,,Aggregated,22.500000,0.000000,82,100,120,140,180,220,270,340,470,480,480,1464,0,82,98.40399264139201,29.52219899998454,476.3678079998499,0.0
1772059756,10,,Aggregated,22.500000,0.000000,82,100,120,140,180,220,270,340,470,480,480,1488,0,82,98.19065834072377,29.52219899998454,476.3678079998499,0.0
1772059757,10,,Aggregated,22.500000,0.000000,82,100,120,140,180,220,270,340,470,480,480,1512,0,81,97.87888369840974,29.52219899998454,476.3678079998499,0.0
1772059758,10,,Aggregated,22.700000,0.000000,81,100,120,140,180,220,270,340,470,480,480,1533,0,81,97.75730172602418,29.52219899998454,476.3678079998499,0.0
1772059759,10,,Aggregated,22.800000,0.000000,81,100,120,140,180,220,260,340,470,480,480,1554,0,81,97.89321220334406,29.52219899998454,476.3678079998499,0.0
1772059760,10,,Aggregated,22.800000,0.000000,81,100,120,140,180,220,260,340,470,480,480,1576,0,81,97.5024716770258,29.52219899998454,476.3678079998499,0.0
1772059761,10,,Aggregated,22.800000,0.000000,81,100,120,140,180,220,260,340,470,480,480,1595,0,81,97.34320577617123,29.52219899998454,476.3678079998499,0.0
1772059762,10,,Aggregated,22.000000,0.000000,81,100,120,140,180,210,260,320,470,480,480,1619,0,81,97.43015505002693,29.52219899998454,476.3678079998499,0.0
1772059763,10,,Aggregated,22.100000,0.000000,80,100,120,140,180,210,260,320,470,480,480,1643,0,80,96.96495637126759,29.52219899998454,476.3678079998499,0.0
1772059764,10,,Aggregated,21.900000,0.000000,81,100,120,140,180,210,260,320,470,480,480,1665,0,81,96.80457740179634,29.52219899998454,476.3678079998499,0.0
1772059765,10,,Aggregated,22.100000,0.000000,80,100,120,140,180,210,260,320,470,480,480,1688,0,80,96.38425857641681,29.52219899998454,476.3678079998499,0.0
1772059766,10,,Aggregated,22.100000,0.000000,80,100,120,140,180,220,280,360,470,480,480,1702,0,80,97.7666004124506,29.52219899998454,476.3678079998499,0.0
1772059767,10,,Aggregated,22.100000,0.000000,81,100,120,140,180,220,280,360,470,480,480,1724,0,81,97.93507034628148,29.52219899998454,476.3678079998499,0.0
1772059768,10,,Aggregated,22.000000,0.000000,80,100,120,140,180,220,270,360,470,480,480,1751,0,80,97.48471849285679,29.52219899998454,476.3678079998499,0.0
1772059769,10,,Aggregated,21.000000,0.000000,80,100,120,140,180,220,270,360,470,480,480,1770,0,80,97.49733440056009,29.52219899998454,476.3678079998499,0.0
1772059770,10,,Aggregated,21.500000,0.000000,81,100,120,140,180,220,270,360,470,480,480,1793,0,81,97.71328877802199,29.52219899998454,476.3678079998499,0.0
1772059771,10,,Aggregated,21.200000,0.000000,80,100,120,140,180,210,270,350,470,480,480,1816,0,80,97.28172726101049,29.432455999995,476.3678079998499,0.0
1772059772,10,,Aggregated,21.800000,0.000000,80,100,120,140,180,210,270,350,470,480,480,1840,0,80,97.00599731956437,29.432455999995,476.3678079998499,0.0
1772059773,10,,Aggregated,21.800000,0.000000,80,100,120,140,180,210,270,350,470,480,480,1863,0,80,96.95775710037292,29.432455999995,476.3678079998499,0.0
1772059774,10,,Aggregated,21.900000,0.000000,80,100,120,140,180,210,270,350,470,480,480,1883,0,80,97.11336364630735,29.432455999995,476.3678079998499,0.0
1772059775,10,,Aggregated,21.700000,0.000000,80,100,120,140,180,220,270,340,470,480,480,1906,0,80,97.71639379695522,29.432455999995,476.3678079998499,0.0
1772059776,10,,Aggregated,21.700000,0.000000,80,100,120,140,180,220,270,340,470,480,480,1927,0,80,97.44948229475641,29.432455999995,476.3678079998499,0.0
1772059777,10,,Aggregated,21.900000,0.000000,80,100,120,140,180,220,270,340,470,480,480,1950,0,80,97.44151744307517,29.432455999995,476.3678079998499,0.0
1772059778,10,,Aggregated,21.800000,0.000000,80,100,120,140,180,220,270,340,470,480,480,1973,0,80,97.01772796603927,29.432455999995,476.3678079998499,0.0
1772059779,10,,Aggregated,22.600000,0.000000,80,100,120,140,180,220,270,340,470,480,480,1995,0,80,96.98676268220301,29.432455999995,476.3678079998499,0.0
1772059780,10,,Aggregated,22.400000,0.000000,80,100,120,140,180,210,270,340,470,480,480,2017,0,80,96.92308173574317,29.432455999995,476.3678079998499,0.0
1772059781,10,,Aggregated,22.500000,0.000000,80,100,120,140,180,210,270,340,470,480,480,2038,0,80,96.85144625563834,29.432455999995,476.3678079998499,0.0
1772059782,10,,Aggregated,22.400000,0.000000,80,100,120,140,180,210,260,340,470,480,480,2059,0,80,97.22127511947073,29.432455999995,476.3678079998499,0.0
1772059783,10,,Aggregated,22.100000,0.000000,80,100,120,140,180,210,260,340,470,480,480,2083,0,80,96.91916824675593,29.432455999995,476.3678079998499,0.0
1772059784,10,,Aggregated,22.200000,0.000000,80,100,120,140,180,210,260,340,470,480,480,2105,0,80,97.34176539382241,29.432455999995,476.3678079998499,0.0
1772059785,10,,Aggregated,22.200000,0.000000,80,100,120,140,180,210,260,340,470,480,480,2127,0,80,97.37344849365053,29.432455999995,476.3678079998499,0.0
1772059786,10,,Aggregated,22.200000,0.000000,81,100,120,140,180,210,260,340,470,480,480,2147,0,81,97.60525679413036,29.432455999995,476.3678079998499,0.0
1772059787,10,,Aggregated,22.000000,0.000000,81,100,120,140,180,210,260,340,470,480,480,2172,0,81,97.45551420672084,29.432455999995,476.3678079998499,0.0
1772059788,10,,Aggregated,21.900000,0.000000,81,100,120,140,180,210,260,340,470,480,480,2195,0,81,97.41965680774372,29.432455999995,476.3678079998499,0.0
1772059789,10,,Aggregated,21.700000,0.000000,81,100,120,140,180,210,260,320,470,480,480,2216,0,81,97.19753035243534,29.432455999995,476.3678079998499,0.0
1772059790,10,,Aggregated,21.900000,0.000000,81,100,120,140,180,210,260,320,470,480,480,2239,0,81,97.03357108798596,29.432455999995,476.3678079998499,0.0
1772059791,10,,Aggregated,22.000000,0.000000,81,100,120,140,180,210,260,320,470,480,480,2262,0,81,96.89429464809947,29.432455999995,476.3678079998499,0.0
1772059792,10,,Aggregated,22.000000,0.000000,80,100,120,140,180,210,260,320,470,480,480,2289,0,80,96.57493672695412,29.432455999995,476.3678079998499,0.0
1772059793,10,,Aggregated,22.400000,0.000000,80,100,120,140,180,210,260,320,470,480,480,2310,0,80,96.35255185627557,29.432455999995,476.3678079998499,0.0
1772059794,10,,Aggregated,22.400000,0.000000,80,100,120,140,180,210,260,320,470,480,480,2335,0,80,96.17050713575868,29.432455999995,476.3678079998499,0.0
1772059795,10,,Aggregated,22.500000,0.000000,79,100,120,140,170,210,260,320,470,480,480,2355,0,79,95.94954156050832,29.432455999995,476.3678079998499,0.0
1772059796,10,,Aggregated,22.300000,0.000000,79,100,120,140,170,210,260,320,470,480,480,2381,0,79,95.60973886812103,29.393069999969157,476.3678079998499,0.0
1772059797,10,,Aggregated,22.600000,0.000000,79,100,120,130,170,210,250,310,470,480,480,2404,0,79,95.35596520923215,29.393069999969157,476.3678079998499,0.0
1772059798,10,,Aggregated,22.900000,0.000000,79,100,120,140,170,210,250,310,470,480,480,2424,0,79,95.55420201484851,29.393069999969157,476.3678079998499,0.0
1772059799,10,,Aggregated,23.500000,0.000000,79,100,120,130,170,210,250,310,470,480,480,2450,0,79,95.45953629591504,29.393069999969157,476.3678079998499,0.0
1772059800,10,,Aggregated,23.100000,0.000000,79,100,120,130,170,210,250,310,470,480,480,2472,0,79,95.3274287212756,29.393069999969157,476.3678079998499,0.0
1772059801,10,,Aggregated,23.100000,0.000000,79,100,120,130,170,210,250,310,470,480,480,2495,0,79,95.48234486813386,29.393069999969157,476.3678079998499,0.0
1772059802,10,,Aggregated,22.800000,0.000000,80,100,120,140,180,210,260,310,470,480,480,2512,0,80,96.22635395620816,29.393069999969157,476.3678079998499,0.0
1772059803,10,,Aggregated,22.700000,0.000000,80,100,120,140,180,210,260,310,470,480,480,2535,0,80,96.0742237388543,29.393069999969157,476.3678079998499,0.0
1772059804,10,,Aggregated,22.400000,0.000000,80,100,120,140,170,210,260,310,470,480,480,2558,0,80,96.160711951914,29.393069999969157,476.3678079998499,0.0
1772059805,10,,Aggregated,22.300000,0.000000,80,100,120,140,180,210,260,310,470,480,480,2575,0,80,96.37046748815435,29.393069999969157,476.3678079998499,0.0
1772059806,10,,Aggregated,22.300000,0.000000,81,100,120,140,180,210,260,310,470,480,480,2598,0,81,96.59884104233895,29.393069999969157,476.3678079998499,0.0
1772059807,10,,Aggregated,22.000000,0.000000,82,100,120,140,180,210,260,310,470,480,480,2619,0,82,96.83686782321365,29.393069999969157,476.3678079998499,0.0
1772059808,10,,Aggregated,21.900000,0.000000,82,110,120,140,180,210,260,310,470,480,480,2644,0,82,96.93805299848634,29.393069999969157,476.3678079998499,0.0
1772059809,10,,Aggregated,21.400000,0.000000,82,110,120,140,180,210,260,310,470,480,480,2666,0,82,96.88411083570881,29.393069999969157,476.3678079998499,0.0
1772059810,10,,Aggregated,21.100000,0.000000,82,100,120,140,180,210,260,310,470,480,480,2689,0,82,96.73966036295971,29.393069999969157,476.3678079998499,0.0
1772059811,10,,Aggregated,21.600000,0.000000,82,110,120,140,180,210,250,310,470,480,480,2712,0,82,96.9977252488929,29.393069999969157,476.3678079998499,0.0
1772059812,10,,Aggregated,21.300000,0.000000,82,110,120,140,180,210,250,310,470,480,480,2735,0,82,97.11395373747793,29.393069999969157,476.3678079998499,0.0
1772059813,10,,Aggregated,21.600000,0.000000,82,110,120,140,180,210,250,310,470,480,480,2754,0,82,97.12835778903504,29.393069999969157,476.3678079998499,0.0
1772059814,10,,Aggregated,21.900000,0.000000,82,110,120,140,180,210,250,310,470,480,480,2772,0,82,97.12495337662398,29.393069999969157,476.3678079998499,0.0
1772059815,10,,Aggregated,21.800000,0.000000,83,110,120,140,180,210,250,310,470,480,480,2797,0,83,97.53726431247728,29.393069999969157,476.3678079998499,0.0
1772059816,10,,Aggregated,21.900000,0.000000,83,110,120,140,180,210,250,300,470,480,480,2821,0,83,97.43427891279585,29.393069999969157,476.3678079998499,0.0
1772059817,10,,Aggregated,21.900000,0.000000,83,110,120,140,180,210,250,300,470,480,480,2844,0,83,97.31414367686236,29.393069999969157,476.3678079998499,0.0
1772059818,10,,Aggregated,21.500000,0.000000,83,110,130,140,180,210,250,300,470,480,480,2866,0,83,97.42794277634154,29.393069999969157,476.3678079998499,0.0
1772059819,10,,Aggregated,21.900000,0.000000,83,110,120,140,180,210,250,300,470,480,480,2889,0,83,97.16377618103031,29.393069999969157,476.3678079998499,0.0
1772059820,10,,Aggregated,22.200000,0.000000,83,110,120,140,180,210,250,300,470,480,480,2909,0,83,97.35920440976193,29.393069999969157,476.3678079998499,0.0
1772059822,10,,Aggregated,21.600000,0.000000,83,110,130,140,180,210,250,300,470,480,480,2927,0,83,97.62505676597188,29.393069999969157,476.3678079998499,0.0
1772059823,10,,Aggregated,21.800000,0.000000,83,110,130,140,180,210,250,300,470,480,480,2950,0,83,97.77031505084814,29.393069999969157,476.3678079998499,0.0
1772059824,10,,Aggregated,21.200000,0.000000,83,110,130,140,180,210,250,300,470,480,480,2974,0,83,97.64761752891752,29.393069999969157,476.3678079998499,0.0
1772059825,10,,Aggregated,21.300000,0.000000,83,110,130,140,180,210,250,300,470,480,480,2997,0,83,97.38889111945325,29.393069999969157,476.3678079998499,0.0
1772059826,10,,Aggregated,21.500000,0.000000,83,110,120,140,180,210,250,300,460,480,480,3019,0,83,97.12351233024202,29.393069999969157,476.3678079998499,0.0
1772059827,10,,Aggregated,21.500000,0.000000,82,110,120,140,180,210,250,300,460,480,480,3042,0,82,97.09270110782444,29.393069999969157,476.3678079998499,0.0
1772059828,10,,Aggregated,21.500000,0.000000,82,110,120,140,180,210,250,300,460,480,480,3065,0,82,96.80724054975543,29.393069999969157,476.3678079998499,0.0
1772059829,10,,Aggregated,21.800000,0.000000,82,110,120,140,180,210,250,300,460,480,480,3088,0,82,97.06666317843298,29.393069999969157,476.3678079998499,0.0
1772059830,10,,Aggregated,21.800000,0.000000,82,110,120,140,180,210,250,300,460,480,480,3109,0,82,97.03610290029052,29.393069999969157,476.3678079998499,0.0
1772059831,10,,Aggregated,22.100000,0.000000,82,110,120,140,180,210,250,300,460,480,480,3132,0,82,97.17025322701186,29.393069999969157,476.3678079998499,0.0
1772059832,10,,Aggregated,21.900000,0.000000,82,110,120,140,180,210,250,300,460,480,480,3154,0,82,97.15628911858008,29.393069999969157,476.3678079998499,0.0
1772059833,10,,Aggregated,22.100000,0.000000,82,110,120,140,180,210,250,300,460,480,480,3179,0,82,96.94610819251317,29.393069999969157,476.3678079998499,0.0
1772059834,10,,Aggregated,22.500000,0.000000,81,110,120,140,180,210,250,290,460,480,480,3202,0,81,96.60392982167309,29.393069999969157,476.3678079998499,0.0
1772059835,10,,Aggregated,22.600000,0.000000,82,110,120,140,180,210,250,290,460,480,480,3224,0,82,96.74043299131394,29.393069999969157,476.3678079998499,0.0
1772059836,10,,Aggregated,22.700000,0.000000,81,100,120,140,180,210,250,290,460,480,480,3247,0,81,96.54655510840693,29.393069999969157,476.3678079998499,0.0
1772059837,10,,Aggregated,22.500000,0.000000,80,100,120,140,180,210,250,290,460,480,480,3270,0,80,96.33291620825679,29.393069999969157,476.3678079998499,0.0
1772059838,10,,Aggregated,22.700000,0.000000,81,100,120,140,180,210,250,290,460,480,480,3289,0,81,96.39714700486412,29.393069999969157,476.3678079998499,0.0
1772059839,10,,Aggregated,22.800000,0.000000,82,100,120,140,180,210,250,290,460,480,480,3311,0,82,96.64299811144569,29.393069999969157,476.3678079998499,0.0
1772059840,10,,Aggregated,22.300000,0.000000,82,110,120,140,180,210,250,290,460,480,480,3335,0,82,96.57998060239773,29.393069999969157,476.3678079998499,0.0
1772059841,10,,Aggregated,22.300000,0.000000,81,110,120,140,180,210,250,290,460,480,480,3360,0,81,96.44253084910585,29.393069999969157,476.3678079998499,0.0
1772059842,10,,Aggregated,22.400000,0.000000,81,100,120,140,180,210,250,290,460,480,480,3382,0,81,96.29304698344073,29.393069999969157,476.3678079998499,0.0
1772059843,10,,Aggregated,22.400000,0.000000,81,100,120,140,180,210,250,290,460,480,480,3406,0,81,96.17046449471391,29.393069999969157,476.3678079998499,0.0
1772059844,10,,Aggregated,22.800000,0.000000,82,110,120,140,180,210,250,290,460,480,480,3426,0,82,96.7850805566247,29.393069999969157,476.3678079998499,0.0
1772059845,10,,Aggregated,22.700000,0.000000,82,110,120,140,180,210,250,290,460,480,480,3445,0,82,96.71101208243772,29.393069999969157,476.3678079998499,0.0
1772059846,10,,Aggregated,21.800000,0.000000,82,110,120,140,180,210,250,290,460,480,480,3467,0,82,96.86682833688954,29.393069999969157,476.3678079998499,0.0
1772059847,10,,Aggregated,22.000000,0.000000,82,110,120,140,180,210,250,290,460,480,480,3488,0,82,96.86713205676581,29.393069999969157,476.3678079998499,0.0
1772059848,10,,Aggregated,21.700000,0.000000,82,110,120,140,180,210,250,290,460,480,480,3515,0,82,96.88175482048295,29.393069999969157,476.3678079998499,0.0
1772059849,10,,Aggregated,21.600000,0.000000,82,110,120,140,180,210,250,290,460,480,480,3532,0,82,96.90469038788085,29.393069999969157,476.3678079998499,0.0
1772059850,10,,Aggregated,21.800000,0.000000,82,110,120,140,180,210,250,290,460,480,480,3554,0,82,97.0137012498579,29.393069999969157,476.3678079998499,0.0
1772059851,10,,Aggregated,22.000000,0.000000,82,110,120,140,180,210,250,290,460,480,480,3578,0,82,96.96482733845751,29.393069999969157,476.3678079998499,0.0
1772059852,10,,Aggregated,21.900000,0.000000,82,110,120,140,180,210,250,290,460,480,480,3598,0,82,96.7816060686496,29.393069999969157,476.3678079998499,0.0
1772059853,10,,Aggregated,21.700000,0.000000,82,110,120,140,180,210,250,290,460,480,480,3624,0,82,96.75569541639076,29.393069999969157,476.3678079998499,0.0
1772059854,10,,Aggregated,21.600000,0.000000,82,110,120,140,180,210,250,290,460,480,480,3640,0,82,96.79198144038475,29.393069999969157,476.3678079998499,0.0
1772059855,10,,Aggregated,21.500000,0.000000,82,110,130,140,180,210,250,290,460,480,480,3663,0,82,97.0676624799351,29.393069999969157,476.3678079998499,0.0
1772059856,10,,Aggregated,22.100000,0.000000,82,110,130,140,180,210,250,290,460,480,480,3685,0,82,97.20765617232142,29.393069999969157,476.3678079998499,0.0
1772059857,10,,Aggregated,22.000000,0.000000,82,110,130,140,180,210,250,290,460,480,480,3709,0,82,96.99719393637307,29.393069999969157,476.3678079998499,0.0
1772059858,10,,Aggregated,21.300000,0.000000,82,110,130,140,180,210,250,290,460,480,480,3729,0,82,96.97395563931568,29.393069999969157,476.3678079998499,0.0
1772059859,10,,Aggregated,21.600000,0.000000,82,110,130,140,180,210,250,290,460,480,480,3753,0,82,96.95376145270646,29.393069999969157,476.3678079998499,0.0
1772059860,10,,Aggregated,21.700000,0.000000,82,110,130,140,180,210,250,290,460,480,480,3775,0,82,96.91226929748527,29.393069999969157,476.3678079998499,0.0
1772059861,10,,Aggregated,21.700000,0.000000,82,110,130,140,180,210,250,290,460,480,480,3799,0,82,96.94253032929831,29.393069999969157,476.3678079998499,0.0
1772059862,10,,Aggregated,21.900000,0.000000,82,110,130,140,180,210,250,290,460,480,480,3819,0,82,96.8179065430755,29.393069999969157,476.3678079998499,0.0
1772059863,10,,Aggregated,21.800000,0.000000,82,110,120,140,180,210,250,290,460,480,480,3842,0,82,96.7950677719944,29.393069999969157,476.3678079998499,0.0
1772059864,10,,Aggregated,21.400000,0.000000,82,110,120,140,180,210,250,290,460,480,480,3865,0,82,96.80894763829242,29.393069999969157,476.3678079998499,0.0
1772059865,10,,Aggregated,21.300000,0.000000,82,110,120,140,180,210,250,290,460,480,480,3889,0,82,96.62377110568218,29.393069999969157,476.3678079998499,0.0
1772059866,10,,Aggregated,21.400000,0.000000,82,110,120,140,180,210,250,280,460,480,480,3909,0,82,96.4743961179327,29.393069999969157,476.3678079998499,0.0
1772059867,10,,Aggregated,21.700000,0.000000,82,110,120,140,180,210,250,280,460,480,480,3937,0,82,96.35378164871668,29.393069999969157,476.3678079998499,0.0
1772059868,10,,Aggregated,22.600000,0.000000,81,110,120,140,180,210,250,280,460,480,480,3960,0,81,96.18147074393826,29.393069999969157,476.3678079998499,0.0
1772059869,10,,Aggregated,22.600000,0.000000,81,110,120,140,170,210,250,280,460,480,480,3983,0,81,96.05578584107299,29.393069999969157,476.3678079998499,0.0
1772059870,10,,Aggregated,22.600000,0.000000,81,110,120,140,170,210,250,280,460,480,480,4003,0,81,95.95804802847734,29.393069999969157,476.3678079998499,0.0
1772059871,10,,Aggregated,22.500000,0.000000,81,110,120,140,180,210,250,290,460,480,480,4027,0,81,96.30426027514113,29.393069999969157,476.3678079998499,0.0
1772059872,10,,Aggregated,22.200000,0.000000,82,110,120,140,180,210,250,290,460,480,480,4050,0,82,96.41629881431923,29.393069999969157,476.3678079998499,0.0
1772059873,10,,Aggregated,22.400000,0.000000,82,110,120,140,180,210,250,290,460,480,480,4068,0,82,96.6083482190246,29.393069999969157,476.3678079998499,0.0
1772059874,10,,Aggregated,22.500000,0.000000,82,110,120,140,180,210,250,290,460,480,480,4091,0,82,96.69646352260852,29.393069999969157,476.3678079998499,0.0
1772059875,10,,Aggregated,22.700000,0.000000,82,110,120,140,180,210,250,290,460,480,480,4115,0,82,96.67161751154045,29.393069999969157,476.3678079998499,0.0
1772059876,10,,Aggregated,22.600000,0.000000,82,110,120,140,180,210,250,290,460,480,480,4137,0,82,96.72934582450823,29.393069999969157,476.3678079998499,0.0
1772059877,10,,Aggregated,22.500000,0.000000,82,110,120,140,180,210,250,290,460,480,480,4160,0,82,96.69052746345933,29.393069999969157,476.3678079998499,0.0
1772059878,10,,Aggregated,22.500000,0.000000,82,110,120,140,180,210,250,290,460,480,480,4178,0,82,96.68068963044254,29.393069999969157,476.3678079998499,0.0
1772059879,10,,Aggregated,22.000000,0.000000,82,110,120,140,180,210,250,280,460,480,480,4201,0,82,96.69101861508892,29.393069999969157,476.3678079998499,0.0
1772059880,10,,Aggregated,21.900000,0.000000,82,110,120,140,180,210,250,280,460,480,480,4225,0,82,96.54520770271922,29.393069999969157,476.3678079998499,0.0
1772059881,10,,Aggregated,21.600000,0.000000,82,110,120,140,170,210,250,280,460,480,480,4248,0,82,96.4435893465134,29.393069999969157,476.3678079998499,0.0
1772059882,10,,Aggregated,21.900000,0.000000,82,110,120,140,170,210,250,280,460,480,480,4270,0,82,96.39147777751494,29.393069999969157,476.3678079998499,0.0
1772059883,10,,Aggregated,22.100000,0.000000,82,110,120,140,170,210,250,280,460,480,480,4294,0,82,96.22403960339729,29.393069999969157,476.3678079998499,0.0
1772059884,10,,Aggregated,22.400000,0.000000,82,110,120,140,170,210,250,280,460,480,480,4317,0,82,96.14153221565581,28.30604099926859,476.3678079998499,0.0
1772059885,10,,Aggregated,22.400000,0.000000,82,110,120,140,170,210,250,280,460,480,480,4334,0,82,96.26287882371614,28.30604099926859,476.3678079998499,0.0
1772059886,10,,Aggregated,22.300000,0.000000,82,110,120,140,180,210,250,280,460,480,480,4359,0,82,96.32112050309446,28.30604099926859,476.3678079998499,0.0
1772059887,10,,Aggregated,21.900000,0.000000,82,110,120,140,180,210,250,280,460,480,480,4384,0,82,96.35972299132979,28.30604099926859,476.3678079998499,0.0
1772059888,10,,Aggregated,21.700000,0.000000,82,110,120,140,180,210,250,280,460,480,480,4405,0,82,96.4691617078295,28.30604099926859,476.3678079998499,0.0
1772059889,10,,Aggregated,22.100000,0.000000,82,110,120,140,170,210,250,280,460,480,480,4428,0,82,96.38849689882318,28.30604099926859,476.3678079998499,0.0
1772059890,10,,Aggregated,21.800000,0.000000,82,110,120,140,180,210,250,280,460,480,480,4447,0,82,96.46454100876777,28.30604099926859,476.3678079998499,0.0
1772059891,10,,Aggregated,22.600000,0.000000,82,110,120,140,180,210,250,280,460,480,480,4472,0,82,96.4728308966885,28.30604099926859,476.3678079998499,0.0
1772059892,10,,Aggregated,22.500000,0.000000,82,110,120,140,170,210,250,280,460,480,480,4495,0,82,96.41685555817396,28.30604099926859,476.3678079998499,0.0
1772059893,10,,Aggregated,22.200000,0.000000,82,110,120,140,170,210,250,280,460,480,480,4519,0,82,96.29119297410708,28.30604099926859,476.3678079998499,0.0
1772059894,10,,Aggregated,22.000000,0.000000,82,110,120,140,170,210,250,280,460,480,480,4544,0,82,96.1478706800152,28.30604099926859,476.3678079998499,0.0
1772059895,10,,Aggregated,22.000000,0.000000,82,110,120,140,170,210,250,280,460,480,480,4563,0,82,96.04052183826141,28.30604099926859,476.3678079998499,0.0
1772059896,10,,Aggregated,22.500000,0.000000,82,110,120,140,170,210,250,280,460,480,480,4588,0,82,96.05902154751226,28.30604099926859,476.3678079998499,0.0
1772059897,10,,Aggregated,23.000000,0.000000,82,110,120,140,170,210,250,280,460,480,480,4611,0,82,95.9851585907579,28.30604099926859,476.3678079998499,0.0
1772059898,10,,Aggregated,22.900000,0.000000,82,110,120,140,170,210,250,280,460,480,480,4635,0,82,95.95725326903637,28.30604099926859,476.3678079998499,0.0
1772059899,10,,Aggregated,22.700000,0.000000,82,110,120,140,170,210,250,290,460,480,480,4652,0,82,96.31673248086484,28.30604099926859,476.3678079998499,0.0
1772059900,10,,Aggregated,23.100000,0.000000,83,110,120,140,180,210,250,290,460,480,480,4672,0,83,96.75567760808742,28.30604099926859,476.3678079998499,0.0
1772059901,10,,Aggregated,22.500000,0.000000,83,110,120,140,180,210,250,290,460,480,480,4687,0,83,96.74446381885764,28.30604099926859,476.3678079998499,0.0
1772059902,10,,Aggregated,21.700000,0.000000,83,110,120,140,180,210,250,290,460,480,480,4709,0,83,97.17783858483466,28.30604099926859,476.3678079998499,0.0
1772059903,10,,Aggregated,21.700000,0.000000,83,110,120,140,180,210,250,290,460,480,480,4732,0,83,97.16722561855178,28.30604099926859,476.3678079998499,0.0
1772059904,10,,Aggregated,21.700000,0.000000,83,110,120,140,180,210,250,290,460,480,480,4756,0,83,97.06396581643989,28.30604099926859,476.3678079998499,0.0
1772059905,10,,Aggregated,21.500000,0.000000,83,110,120,140,180,210,250,290,460,480,480,4777,0,83,97.10430915993092,28.30604099926859,476.3678079998499,0.0
1772059906,10,,Aggregated,21.000000,0.000000,83,110,120,140,180,210,250,290,460,480,480,4798,0,83,97.06782532179908,28.30604099926859,476.3678079998499,0.0
1772059907,10,,Aggregated,20.600000,0.000000,83,110,120,140,180,210,250,290,460,480,480,4823,0,83,97.08441406862757,28.30604099926859,476.3678079998499,0.0
1772059908,10,,Aggregated,21.300000,0.000000,83,110,120,140,180,210,250,290,460,480,480,4847,0,83,97.025559250463,28.30604099926859,476.3678079998499,0.0
1772059909,10,,Aggregated,20.800000,0.000000,83,110,120,140,180,210,250,290,460,480,480,4871,0,83,96.87687080825175,28.30604099926859,476.3678079998499,0.0
1772059910,10,,Aggregated,21.100000,0.000000,83,110,120,140,180,210,250,290,460,480,480,4896,0,83,96.88318181045612,28.30604099926859,476.3678079998499,0.0
1772059911,10,,Aggregated,21.200000,0.000000,83,110,120,140,180,210,250,290,460,480,480,4917,0,83,96.85428237197337,28.30604099926859,476.3678079998499,0.0
1772059912,10,,Aggregated,22.100000,0.000000,83,110,120,140,180,210,250,290,460,480,480,4942,0,83,96.91397108397273,28.30604099926859,476.3678079998499,0.0
1772059913,10,,Aggregated,22.700000,0.000000,83,110,120,140,180,210,250,290,460,480,480,4961,0,83,97.19262522757327,28.30604099926859,476.3678079998499,0.0
1772059914,10,,Aggregated,22.900000,0.000000,83,110,130,140,180,210,250,290,460,480,480,4982,0,83,97.35410799979759,28.30604099926859,476.3678079998499,0.0
1772059915,10,,Aggregated,23.100000,0.000000,83,110,130,140,180,210,250,290,460,480,480,5001,0,83,97.29290754169014,28.30604099926859,476.3678079998499,0.0
1772059916,10,,Aggregated,22.400000,0.000000,83,110,130,140,180,210,250,290,460,480,480,5024,0,83,97.24727807065902,28.30604099926859,476.3678079998499,0.0
1772059917,10,,Aggregated,22.700000,0.000000,83,110,120,140,180,210,250,290,460,480,480,5047,0,83,97.24782496235161,28.30604099926859,476.3678079998499,0.0
1772059918,10,,Aggregated,22.000000,0.000000,83,110,120,140,180,210,250,290,460,480,480,5070,0,83,97.2190766303721,28.30604099926859,476.3678079998499,0.0
1772059919,10,,Aggregated,22.600000,0.000000,84,110,130,140,180,210,250,290,460,480,480,5093,0,84,97.20042307873348,28.30604099926859,476.3678079998499,0.0
1772059920,10,,Aggregated,22.400000,0.000000,84,110,130,140,180,210,250,290,460,480,480,5115,0,84,97.24275848601943,28.30604099926859,476.3678079998499,0.0
1772059921,10,,Aggregated,21.900000,0.000000,84,110,130,140,180,210,250,290,460,480,480,5135,0,84,97.3854370488782,28.30604099926859,476.3678079998499,0.0
1772059922,10,,Aggregated,21.900000,0.000000,84,110,130,140,180,210,250,290,460,480,480,5156,0,84,97.69538189429625,28.30604099926859,476.3678079998499,0.0
1772059923,10,,Aggregated,21.400000,0.000000,84,110,130,140,180,210,250,290,460,480,480,5178,0,84,97.58319558497307,28.30604099926859,476.3678079998499,0.0
1772059924,10,,Aggregated,21.000000,0.000000,84,110,130,140,180,210,250,290,460,480,480,5201,0,84,97.43937330705526,28.30604099926859,476.3678079998499,0.0
1772059925,10,,Aggregated,21.100000,0.000000,84,110,130,140,180,210,250,290,460,480,480,5219,0,84,97.51174535485629,28.30604099926859,476.3678079998499,0.0
1772059926,10,,Aggregated,22.000000,0.000000,84,110,130,140,180,210,260,290,460,480,480,5242,0,84,97.78365843475663,28.30604099926859,476.3678079998499,0.0
1772059927,10,,Aggregated,22.000000,0.000000,84,110,130,140,180,210,260,290,460,480,480,5263,0,84,97.67027310944201,28.30604099926859,476.3678079998499,0.0
1772059928,10,,Aggregated,21.900000,0.000000,84,110,130,140,180,210,260,290,460,480,480,5287,0,84,97.62575095838737,28.30604099926859,476.3678079998499,0.0
1772059930,10,,Aggregated,21.600000,0.000000,84,110,130,140,180,210,250,290,460,480,480,5308,0,84,97.72175205369194,28.30604099926859,476.3678079998499,0.0
1772059931,10,,Aggregated,21.100000,0.000000,84,110,130,140,180,210,250,290,460,480,480,5333,0,84,97.65459693680756,28.30604099926859,476.3678079998499,0.0
1772059932,10,,Aggregated,21.700000,0.000000,84,110,130,140,180,210,250,290,460,480,480,5355,0,84,97.59335124649775,28.30604099926859,476.3678079998499,0.0
1772059933,10,,Aggregated,21.800000,0.000000,84,110,130,140,180,210,260,290,460,480,480,5376,0,84,97.68714388355572,28.30604099926859,476.3678079998499,0.0
1772059934,10,,Aggregated,22.000000,0.000000,84,110,130,140,180,210,260,290,460,480,480,5396,0,84,98.09988284191905,28.30604099926859,476.3678079998499,0.0
1772059935,10,,Aggregated,22.000000,0.000000,84,110,130,140,180,210,260,290,460,480,480,5414,0,84,98.03208109179855,28.30604099926859,476.3678079998499,0.0
1772059936,10,,Aggregated,21.100000,0.000000,84,110,130,140,180,210,260,290,460,480,480,5441,0,84,97.97411763241986,28.30604099926859,476.3678079998499,0.0
1772059937,10,,Aggregated,21.000000,0.000000,84,110,130,140,180,210,260,290,460,480,480,5463,0,84,97.89691325626875,28.30604099926859,476.3678079998499,0.0
1772059938,10,,Aggregated,21.400000,0.000000,84,110,130,140,180,210,260,290,460,480,480,5488,0,84,97.85366346720045,28.30604099926859,476.3678079998499,0.0
1772059939,10,,Aggregated,21.400000,0.000000,84,110,130,140,180,210,260,300,460,480,480,5506,0,84,98.10463916836133,28.30604099926859,476.3678079998499,0.0
1772059940,10,,Aggregated,21.800000,0.000000,84,110,130,140,180,210,260,300,460,480,480,5527,0,84,98.31212151022218,28.30604099926859,476.3678079998499,0.0
1772059941,10,,Aggregated,21.900000,0.000000,84,110,130,140,180,210,260,300,460,480,480,5550,0,84,98.21313020792762,28.30604099926859,476.3678079998499,0.0
1772059942,10,,Aggregated,21.600000,0.000000,84,110,130,140,180,210,260,300,460,480,480,5569,0,84,98.2063376410483,28.30604099926859,476.3678079998499,0.0
1772059943,10,,Aggregated,21.400000,0.000000,84,110,130,140,180,210,260,300,460,480,480,5592,0,84,98.0964433710654,28.30604099926859,476.3678079998499,0.0
1772059944,10,,Aggregated,21.100000,0.000000,84,110,130,140,180,210,260,300,460,480,480,5618,0,84,97.9295622557844,28.30604099926859,476.3678079998499,0.0
1772059945,10,,Aggregated,21.400000,0.000000,84,110,130,140,180,210,260,300,460,480,480,5639,0,84,97.91811091665144,28.30604099926859,476.3678079998499,0.0
1772059946,10,,Aggregated,22.000000,0.000000,84,110,130,140,180,210,260,300,460,480,480,5663,0,84,97.81130331555569,28.30604099926859,476.3678079998499,0.0
1772059947,10,,Aggregated,21.900000,0.000000,84,110,130,140,180,210,260,300,460,480,480,5687,0,84,97.79269086829473,28.30604099926859,476.3678079998499,0.0
1772059948,10,,Aggregated,22.100000,0.000000,84,110,130,140,180,210,260,300,460,480,480,5709,0,84,97.71227372376804,28.30604099926859,476.3678079998499,0.0
1772059949,10,,Aggregated,22.000000,0.000000,83,110,120,140,180,210,260,300,460,480,480,5727,0,83,97.60960895983747,28.30604099926859,476.3678079998499,0.0
1772059950,10,,Aggregated,22.200000,0.000000,83,110,120,140,180,210,260,300,460,480,480,5752,0,83,97.61225446609672,28.30604099926859,476.3678079998499,0.0
1772059951,10,,Aggregated,22.000000,0.000000,83,110,120,140,180,210,260,300,460,480,480,5775,0,83,97.56622724830943,28.30604099926859,476.3678079998499,0.0
1772059952,10,,Aggregated,22.500000,0.000000,83,110,120,140,180,210,260,300,460,480,480,5800,0,83,97.5079725620669,28.30604099926859,476.3678079998499,0.0
1772059953,10,,Aggregated,22.400000,0.000000,84,110,120,140,180,210,260,290,460,480,480,5822,0,83,97.4762186638589,28.30604099926859,476.3678079998499,0.0
1772059954,10,,Aggregated,22.900000,0.000000,84,110,120,140,180,210,260,290,460,480,480,5845,0,84,97.46340636680719,28.30604099926859,476.3678079998499,0.0
1772059955,10,,Aggregated,23.000000,0.000000,83,110,120,140,180,210,260,290,460,480,480,5868,0,83,97.356227915301,28.30604099926859,476.3678079998499,0.0
1772059956,10,,Aggregated,22.500000,0.000000,84,110,120,140,180,210,260,290,460,480,480,5886,0,83,97.46144053856369,28.30604099926859,476.3678079998499,0.0
1772059957,10,,Aggregated,22.700000,0.000000,83,110,120,140,180,210,260,290,460,480,480,5911,0,83,97.4466784357952,28.30604099926859,476.3678079998499,0.0
1772059958,10,,Aggregated,22.400000,0.000000,84,110,120,140,180,210,260,290,460,480,480,5932,0,84,97.5303705384333,28.30604099926859,476.3678079998499,0.0
1772059959,10,,Aggregated,22.500000,0.000000,84,110,120,140,180,210,260,290,460,480,480,5955,0,84,97.48465455700838,28.30604099926859,476.3678079998499,0.0
1772059960,10,,Aggregated,22.200000,0.000000,84,110,120,140,180,210,260,290,460,480,480,5980,0,84,97.37611941504775,28.30604099926859,476.3678079998499,0.0
1772059961,10,,Aggregated,22.200000,0.000000,84,110,120,140,180,210,260,290,460,480,480,5997,0,84,97.32622983958414,28.30604099926859,476.3678079998499,0.0
1772059962,10,,Aggregated,22.400000,0.000000,84,110,120,140,180,210,260,290,450,480,480,6021,0,84,97.47908531157363,28.30604099926859,476.3678079998499,0.0
1772059963,10,,Aggregated,22.500000,0.000000,84,110,120,140,180,210,260,290,450,480,480,6042,0,84,97.59610630800759,28.30604099926859,476.3678079998499,0.0
1772059964,10,,Aggregated,22.200000,0.000000,84,110,120,140,180,210,260,290,450,480,480,6065,0,84,97.54627570453066,28.30604099926859,476.3678079998499,0.0
1772059965,10,,Aggregated,21.200000,0.000000,84,110,120,140,180,210,260,290,450,480,480,6090,0,84,97.43774414630195,28.30604099926859,476.3678079998499,0.0
1772059966,10,,Aggregated,22.400000,0.000000,84,110,120,140,180,210,260,290,450,480,480,6113,0,84,97.36541401602815,28.30604099926859,476.3678079998499,0.0
1772059967,10,,Aggregated,22.200000,0.000000,84,110,120,140,180,210,260,290,450,480,480,6136,0,84,97.26836559582465,28.30604099926859,476.3678079998499,0.0
1772059968,10,,Aggregated,22.100000,0.000000,84,110,120,140,180,210,260,290,450,480,480,6156,0,84,97.20827895223847,28.30604099926859,476.3678079998499,0.0
1772059969,10,,Aggregated,22.400000,0.000000,84,110,120,140,180,210,260,290,450,480,480,6179,0,84,97.34467195112124,28.30604099926859,476.3678079998499,0.0
1772059970,10,,Aggregated,22.500000,0.000000,84,110,120,140,180,210,260,290,450,480,480,6201,0,84,97.3959298829189,28.30604099926859,476.3678079998499,0.0
1772059971,10,,Aggregated,22.000000,0.000000,84,110,120,140,180,210,260,290,450,480,480,6225,0,84,97.27448666457515,28.30604099926859,476.3678079998499,0.0
1772059972,10,,Aggregated,21.500000,0.000000,83,110,120,140,180,210,260,290,450,480,480,6250,0,83,97.1415986718372,28.30604099926859,476.3678079998499,0.0
1772059973,10,,Aggregated,21.900000,0.000000,83,110,120,140,180,210,260,290,450,480,480,6271,0,83,97.06762696762624,28.30604099926859,476.3678079998499,0.0
1772059974,10,,Aggregated,22.100000,0.000000,83,110,120,140,180,210,260,290,450,480,480,6292,0,83,97.17073004990208,28.30604099926859,476.3678079998499,0.0
1772059975,10,,Aggregated,22.900000,0.000000,84,110,120,140,180,210,260,290,450,480,480,6315,0,84,97.17274047236529,28.30604099926859,476.3678079998499,0.0
1772059976,10,,Aggregated,22.000000,0.000000,83,110,120,140,180,210,260,290,450,480,480,6340,0,83,97.0537451679786,28.30604099926859,476.3678079998499,0.0
1772059977,10,,Aggregated,22.300000,0.000000,83,110,120,140,180,210,260,290,450,480,480,6362,0,83,96.91641858094711,28.30604099926859,476.3678079998499,0.0
1772059978,10,,Aggregated,22.500000,0.000000,83,110,120,140,170,210,260,290,450,480,480,6387,0,83,96.77591284468242,28.30604099926859,476.3678079998499,0.0
1772059979,10,,Aggregated,22.400000,0.000000,83,110,120,140,170,210,250,290,450,480,480,6411,0,83,96.68781706644633,28.30604099926859,476.3678079998499,0.0
1772059980,10,,Aggregated,22.700000,0.000000,83,110,120,140,170,210,250,290,450,480,480,6435,0,83,96.59260095306692,28.30604099926859,476.3678079998499,0.0
1772059981,10,,Aggregated,23.400000,0.000000,83,110,120,140,170,210,250,290,450,480,480,6457,0,83,96.58416749775212,28.30604099926859,476.3678079998499,0.0
1772059982,10,,Aggregated,23.500000,0.000000,83,110,120,140,170,210,250,290,450,480,480,6478,0,83,96.60144828172024,28.30604099926859,476.3678079998499,0.0
1772059983,10,,Aggregated,23.200000,0.000000,83,110,120,140,170,210,250,290,450,480,480,6504,0,83,96.49610766881682,28.30604099926859,476.3678079998499,0.0
1772059984,10,,Aggregated,23.000000,0.000000,83,110,120,140,170,210,250,290,450,480,480,6527,0,83,96.47511899540098,28.30604099926859,476.3678079998499,0.0
1772059985,10,,Aggregated,23.200000,0.000000,83,110,120,140,170,210,250,290,450,480,480,6550,0,83,96.4015006085467,28.30604099926859,476.3678079998499,0.0
1772059986,10,,Aggregated,23.500000,0.000000,83,110,120,140,170,210,250,290,450,480,480,6570,0,83,96.32577735722678,28.30604099926859,476.3678079998499,0.0
1772059987,10,,Aggregated,23.400000,0.000000,83,110,120,140,170,210,250,290,450,480,480,6592,0,83,96.27648785466951,28.30604099926859,476.3678079998499,0.0
1772059988,10,,Aggregated,23.200000,0.000000,83,110,120,140,170,210,250,290,450,480,480,6615,0,83,96.22908653952794,28.30604099926859,476.3678079998499,0.0
1772059989,10,,Aggregated,22.800000,0.000000,83,110,120,140,170,210,250,290,450,480,480,6638,0,83,96.13164165847797,28.30604099926859,476.3678079998499,0.0
1772059990,10,,Aggregated,22.400000,0.000000,83,100,120,130,170,210,250,290,450,480,480,6661,0,83,96.07915425611401,28.30604099926859,476.3678079998499,0.0
1772059991,10,,Aggregated,22.400000,0.000000,83,110,120,140,170,210,250,290,450,480,480,6685,0,83,96.1125651531751,28.30604099926859,476.3678079998499,0.0
1772059992,10,,Aggregated,22.600000,0.000000,83,110,120,140,170,210,250,290,450,480,480,6705,0,83,96.17598749977277,28.30604099926859,476.3678079998499,0.0
1772059993,10,,Aggregated,22.500000,0.000000,83,110,120,140,170,210,250,290,450,480,480,6729,0,83,96.13535025768735,28.30604099926859,476.3678079998499,0.0
1772059994,10,,Aggregated,22.700000,0.000000,83,110,120,140,170,210,250,290,450,480,480,6752,0,83,96.15770880879403,28.30604099926859,476.3678079998499,0.0
1772059995,10,,Aggregated,22.500000,0.000000,83,110,120,140,170,210,250,290,450,480,480,6774,0,83,96.21357179494785,28.30604099926859,476.3678079998499,0.0
1772059996,10,,Aggregated,22.500000,0.000000,83,110,120,140,170,210,250,290,450,480,480,6792,0,83,96.15562455344197,28.30604099926859,476.3678079998499,0.0
1772059997,10,,Aggregated,22.400000,0.000000,83,110,120,140,170,210,250,290,450,480,480,6819,0,83,96.1666789535088,28.30604099926859,476.3678079998499,0.0
1772059998,10,,Aggregated,21.900000,0.000000,83,110,120,140,170,210,250,290,450,480,480,6842,0,83,96.11651478427008,28.30604099926859,476.3678079998499,0.0
1772059999,10,,Aggregated,22.300000,0.000000,83,110,120,140,170,210,250,290,450,480,480,6863,0,83,96.06524497886896,28.30604099926859,476.3678079998499,0.0
1772060000,10,,Aggregated,22.500000,0.000000,83,110,120,140,170,210,250,290,450,480,480,6886,0,83,96.08737542477155,28.30604099926859,476.3678079998499,0.0
1772060001,10,,Aggregated,22.300000,0.000000,83,110,120,140,170,210,250,290,450,480,480,6909,0,83,96.07571500303654,28.30604099926859,476.3678079998499,0.0
1772060002,10,,Aggregated,22.500000,0.000000,83,110,120,140,170,210,250,290,450,480,480,6932,0,83,96.03239838790856,28.30604099926859,476.3678079998499,0.0
1772060003,10,,Aggregated,22.300000,0.000000,83,110,120,140,170,210,250,290,450,480,480,6954,0,83,95.92020939430272,28.30604099926859,476.3678079998499,0.0
1772060004,10,,Aggregated,22.200000,0.000000,83,110,120,140,170,210,250,290,450,480,480,6974,0,83,95.97866278519946,28.30604099926859,476.3678079998499,0.0
1772060005,10,,Aggregated,22.400000,0.000000,82,110,120,140,170,210,250,290,450,480,480,6998,0,82,95.86174203057719,28.30604099926859,476.3678079998499,0.0
1772060006,10,,Aggregated,22.200000,0.000000,82,110,120,130,170,210,250,290,450,480,480,7020,0,82,95.7769910524187,28.30604099926859,476.3678079998499,0.0
1772060007,10,,Aggregated,22.000000,0.000000,82,110,120,130,170,210,250,290,450,480,480,7045,0,82,95.75147199588059,28.30604099926859,476.3678079998499,0.0
1772060008,10,,Aggregated,22.700000,0.000000,82,110,120,130,170,210,250,290,450,480,480,7067,0,82,95.83144940398768,28.30604099926859,476.3678079998499,0.0
1772060009,10,,Aggregated,22.700000,0.000000,82,110,120,130,170,210,250,290,450,480,480,7089,0,82,95.78803987346268,28.30604099926859,476.3678079998499,0.0
1772060010,10,,Aggregated,22.100000,0.000000,82,110,120,130,170,210,250,290,450,480,480,7109,0,82,95.77810581065931,28.30604099926859,476.3678079998499,0.0
1772060011,10,,Aggregated,22.200000,0.000000,82,110,120,140,170,210,250,290,450,480,480,7131,0,82,95.80785469933757,28.30604099926859,476.3678079998499,0.0
1772060012,10,,Aggregated,22.000000,0.000000,83,110,120,140,170,210,250,290,450,480,480,7154,0,83,95.85743676572284,28.30604099926859,476.3678079998499,0.0
1772060013,10,,Aggregated,22.000000,0.000000,82,110,120,140,170,210,250,290,450,480,480,7176,0,82,95.8002156617866,28.30604099926859,476.3678079998499,0.0
1772060014,10,,Aggregated,21.900000,0.000000,83,110,120,130,170,210,250,290,450,480,480,7200,0,83,95.76338864096964,28.30604099926859,476.3678079998499,0.0
1772060015,10,,Aggregated,21.800000,0.000000,83,110,120,140,170,210,250,290,450,480,480,7220,0,83,95.83119208129938,28.30604099926859,476.3678079998499,0.0
1772060016,10,,Aggregated,22.100000,0.000000,83,110,120,140,170,210,250,290,450,480,480,7242,0,83,95.84368790071565,28.30604099926859,476.3678079998499,0.0
1772060017,10,,Aggregated,22.400000,0.000000,82,110,120,130,170,210,250,290,450,480,480,7267,0,82,95.74042079881463,28.30604099926859,476.3678079998499,0.0
1772060018,10,,Aggregated,21.700000,0.000000,82,110,120,130,170,210,250,290,450,480,480,7289,0,82,95.75232178707438,28.30604099926859,476.3678079998499,0.0
1772060019,10,,Aggregated,21.800000,0.000000,82,110,120,140,170,210,250,290,450,480,480,7309,0,82,95.77261892844268,28.30604099926859,476.3678079998499,0.0
1772060020,10,,Aggregated,22.800000,0.000000,82,110,120,130,170,210,250,290,450,480,480,7335,0,82,95.72841743080912,28.30604099926859,476.3678079998499,0.0
1772060021,10,,Aggregated,22.400000,0.000000,83,110,120,140,170,210,250,290,450,480,480,7355,0,83,95.77229151039889,28.30604099926859,476.3678079998499,0.0
1772060022,10,,Aggregated,22.400000,0.000000,83,110,120,140,170,210,250,290,450,480,480,7378,0,83,95.89826424057806,28.30604099926859,476.3678079998499,0.0
1772060023,10,,Aggregated,22.100000,0.000000,83,110,120,140,170,210,250,290,450,480,480,7399,0,83,95.86455826760178,28.30604099926859,476.3678079998499,0.0
1772060024,10,,Aggregated,22.200000,0.000000,83,110,120,140,170,210,250,280,450,480,480,7419,0,83,95.84109158808286,28.30604099926859,476.3678079998499,0.0
1772060025,10,,Aggregated,22.000000,0.000000,83,110,120,140,170,210,250,280,450,480,480,7440,0,83,95.92068360644957,28.30604099926859,476.3678079998499,0.0
1772060026,10,,Aggregated,21.700000,0.000000,83,110,120,140,170,210,250,280,450,480,480,7461,0,83,95.98034860675288,28.30604099926859,476.3678079998499,0.0
1772060027,10,,Aggregated,21.400000,0.000000,83,110,120,140,170,210,250,280,450,480,480,7485,0,83,95.88088456005093,28.30604099926859,476.3678079998499,0.0
1772060028,10,,Aggregated,22.100000,0.000000,83,110,120,140,170,210,250,280,450,480,480,7507,0,83,95.79426833968049,28.30604099926859,476.3678079998499,0.0
1772060029,10,,Aggregated,21.700000,0.000000,83,110,120,140,170,210,250,280,450,480,480,7529,0,83,95.87450598552044,28.30604099926859,476.3678079998499,0.0
1772060030,10,,Aggregated,21.600000,0.000000,83,110,120,140,170,210,250,280,450,480,480,7552,0,83,95.78913494570733,28.30604099926859,476.3678079998499,0.0
1772060031,10,,Aggregated,21.300000,0.000000,83,110,120,140,170,210,250,290,450,480,480,7573,0,83,95.97321964439222,28.30604099926859,476.3678079998499,0.0
1772060032,10,,Aggregated,21.500000,0.000000,83,110,120,140,170,210,250,290,450,480,480,7585,0,83,96.19074140975363,28.30604099926859,476.3678079998499,0.0
1772060033,10,,Aggregated,21.800000,0.000000,83,110,120,140,170,210,250,290,450,480,480,7610,0,83,96.3339940501946,28.30604099926859,476.3678079998499,0.0
1772060034,10,,Aggregated,21.500000,0.000000,83,110,120,140,170,210,250,290,450,480,480,7634,0,83,96.2595183205375,28.30604099926859,476.3678079998499,0.0
1772060035,10,,Aggregated,21.500000,0.000000,83,110,120,140,170,210,250,290,450,480,480,7657,0,83,96.2738571832286,28.30604099926859,476.3678079998499,0.0
1772060036,10,,Aggregated,21.300000,0.000000,83,110,120,140,170,210,250,290,450,480,480,7675,0,83,96.22683251165827,28.30604099926859,476.3678079998499,0.0
1772060037,10,,Aggregated,21.400000,0.000000,83,110,120,140,170,210,250,290,450,480,480,7700,0,83,96.19713275999659,28.30604099926859,476.3678079998499,0.0
1772060038,10,,Aggregated,21.300000,0.000000,83,110,120,140,170,210,250,290,450,480,480,7721,0,83,96.2354046006958,28.30604099926859,476.3678079998499,0.0
1772060039,10,,Aggregated,21.500000,0.000000,83,110,120,140,170,210,250,290,450,480,480,7744,0,83,96.1770091776824,28.30604099926859,476.3678079998499,0.0
1772060040,10,,Aggregated,21.000000,0.000000,83,110,120,140,170,210,250,290,450,480,480,7766,0,83,96.1410380306427,28.30604099926859,476.3678079998499,0.0
1772060041,10,,Aggregated,21.400000,0.000000,83,110,120,140,170,210,250,290,450,480,480,7788,0,83,96.10517045428467,28.30604099926859,476.3678079998499,0.0
1772060042,10,,Aggregated,21.300000,0.000000,83,110,120,140,170,210,250,290,450,480,480,7813,0,83,96.03342939805073,28.30604099926859,476.3678079998499,0.0
1772060043,10,,Aggregated,21.400000,0.000000,83,110,120,140,170,210,250,290,450,480,480,7834,0,83,95.97473865687637,28.30604099926859,476.3678079998499,0.0
1772060044,10,,Aggregated,21.800000,0.000000,83,110,120,140,170,210,250,290,450,480,480,7858,0,83,95.9201948749006,28.30604099926859,476.3678079998499,0.0
1772060045,10,,Aggregated,22.100000,0.000000,83,110,120,140,170,210,250,290,450,480,480,7880,0,83,95.96220111509778,28.30604099926859,476.3678079998499,0.0
1772060046,10,,Aggregated,22.000000,0.000000,83,110,120,140,170,210,250,290,450,480,480,7903,0,83,95.9168110563043,28.30604099926859,476.3678079998499,0.0
1772060048,10,,Aggregated,22.300000,0.000000,83,110,120,140,170,210,250,290,450,480,480,7930,0,83,95.88126172849617,28.30604099926859,476.3678079998499,0.0
1772060049,10,,Aggregated,22.200000,0.000000,82,110,120,140,170,210,250,290,450,480,480,7952,0,82,95.79543110877457,28.30604099926859,476.3678079998499,0.0
1772060050,10,,Aggregated,22.200000,0.000000,82,110,120,140,170,210,250,290,450,480,480,7978,0,82,95.72644819528414,28.30604099926859,476.3678079998499,0.0
1772060051,10,,Aggregated,23.000000,0.000000,82,110,120,130,170,210,250,290,450,480,480,8000,0,82,95.67776710449715,28.30604099926859,476.3678079998499,0.0
1772060052,10,,Aggregated,23.200000,0.000000,82,100,120,130,170,210,250,280,440,480,480,8024,0,82,95.59091044566023,28.30604099926859,476.3678079998499,0.0
1772060053,10,,Aggregated,23.200000,0.000000,82,100,120,130,170,210,250,280,440,480,480,8045,0,82,95.53248930925743,28.30604099926859,476.3678079998499,0.0
1772060054,10,,Aggregated,23.200000,0.000000,82,100,120,130,170,210,250,280,440,480,480,8069,0,82,95.49988933547867,28.30604099926859,476.3678079998499,0.0
1772060055,10,,Aggregated,23.200000,0.000000,82,100,120,130,170,210,250,280,440,480,480,8089,0,82,95.42389767115522,28.30604099926859,476.3678079998499,0.0
1772060056,10,,Aggregated,23.400000,0.000000,82,100,120,130,170,210,250,280,440,480,480,8111,0,82,95.55310619516386,28.30604099926859,476.3678079998499,0.0
1772060057,10,,Aggregated,23.400000,0.000000,82,100,120,130,170,210,250,280,440,480,480,8133,0,82,95.48837349636968,28.30604099926859,476.3678079998499,0.0
1772060058,10,,Aggregated,23.000000,0.000000,82,100,120,130,170,210,250,280,440,480,480,8157,0,82,95.4460672999849,28.30604099926859,476.3678079998499,0.0
1772060059,10,,Aggregated,23.000000,0.000000,82,100,120,130,170,210,250,280,440,480,480,8179,0,82,95.39854417923648,28.30604099926859,476.3678079998499,0.0
1772060060,10,,Aggregated,23.000000,0.000000,82,100,120,130,170,210,250,280,440,480,480,8201,0,82,95.35824213973594,28.30604099926859,476.3678079998499,0.0
1772060061,10,,Aggregated,22.700000,0.000000,82,100,120,130,170,210,250,280,440,480,480,8225,0,82,95.30069554066573,28.30604099926859,476.3678079998499,0.0
1772060062,10,,Aggregated,22.300000,0.000000,82,100,120,130,170,200,250,280,440,480,480,8247,0,82,95.24321065950939,28.30604099926859,476.3678079998499,0.0
1772060063,10,,Aggregated,22.300000,0.000000,82,100,120,130,170,200,250,280,440,480,480,8269,0,82,95.21205530535404,28.30604099926859,476.3678079998499,0.0
1772060064,10,,Aggregated,22.200000,0.000000,82,100,120,130,170,210,250,280,440,480,480,8291,0,82,95.27993397490933,28.30604099926859,476.3678079998499,0.0
1772060065,10,,Aggregated,22.200000,0.000000,82,100,120,130,170,200,250,280,440,480,480,8313,0,82,95.24283752604032,28.30604099926859,476.3678079998499,0.0
1772060066,10,,Aggregated,22.200000,0.000000,82,100,120,130,170,210,250,280,440,480,480,8335,0,82,95.29071335692541,28.30604099926859,476.3678079998499,0.0
1772060067,10,,Aggregated,22.200000,0.000000,82,100,120,130,170,210,250,280,440,480,480,8359,0,82,95.21441887258902,28.30604099926859,476.3678079998499,0.0
1772060068,10,,Aggregated,22.400000,0.000000,82,100,120,130,170,210,250,280,440,480,480,8379,0,82,95.24750991370927,28.30604099926859,476.3678079998499,0.0
1772060069,10,,Aggregated,22.400000,0.000000,81,100,120,130,170,210,250,280,440,480,480,8405,0,81,95.1538144040412,28.30604099926859,476.3678079998499,0.0
1772060070,10,,Aggregated,22.400000,0.000000,81,100,120,130,170,210,250,280,440,480,480,8424,0,81,95.21686748480131,28.30604099926859,476.3678079998499,0.0
1772060071,10,,Aggregated,22.300000,0.000000,82,100,120,130,170,210,250,280,440,480,480,8447,0,82,95.28486757357263,28.30604099926859,476.3678079998499,0.0
1772060072,10,,Aggregated,22.300000,0.000000,82,100,120,130,170,210,250,280,440,480,480,8469,0,82,95.29533407674671,28.30604099926859,476.3678079998499,0.0
1772060073,10,,Aggregated,22.300000,0.000000,81,100,120,130,170,210,250,280,440,480,480,8493,0,81,95.19023744212542,28.30604099926859,476.3678079998499,0.0
1772060074,10,,Aggregated,22.100000,0.000000,81,100,120,130,170,210,240,280,440,480,480,8518,0,81,95.16233715601864,28.30604099926859,476.3678079998499,0.0
1772060075,10,,Aggregated,22.300000,0.000000,81,100,120,130,170,210,240,280,440,480,480,8541,0,81,95.13274174838644,28.30604099926859,476.3678079998499,0.0
1772060076,10,,Aggregated,22.200000,0.000000,81,100,120,130,170,210,240,280,440,480,480,8564,0,81,95.05615566604011,28.30604099926859,476.3678079998499,0.0
1772060077,10,,Aggregated,22.200000,0.000000,81,100,120,130,170,210,240,280,440,480,480,8587,0,81,95.09080303900885,28.30604099926859,476.3678079998499,0.0
1772060078,10,,Aggregated,22.600000,0.000000,81,100,120,130,170,210,240,280,440,480,480,8612,0,81,95.02170880004319,28.30604099926859,476.3678079998499,0.0
1772060079,10,,Aggregated,22.500000,0.000000,81,100,120,130,170,210,240,280,440,480,480,8630,0,81,95.13100486569783,28.30604099926859,476.3678079998499,0.0
1772060080,10,,Aggregated,23.000000,0.000000,81,100,120,130,170,210,240,280,440,480,480,8652,0,81,95.1140480129419,28.30604099926859,476.3678079998499,0.0
1772060081,10,,Aggregated,22.400000,0.000000,81,100,120,130,170,210,240,280,440,480,480,8676,0,81,95.07365380877985,28.30604099926859,476.3678079998499,0.0
1772060082,10,,Aggregated,22.300000,0.000000,81,100,120,130,170,210,240,280,440,480,480,8699,0,81,95.07916232325263,28.30604099926859,476.3678079998499,0.0
1772060083,10,,Aggregated,22.600000,0.000000,81,100,120,130,170,210,240,280,440,480,480,8721,0,81,95.0591913915807,28.30604099926859,476.3678079998499,0.0
1772060084,10,,Aggregated,22.700000,0.000000,81,100,120,130,170,210,240,280,440,480,480,8743,0,81,95.09997083895412,28.30604099926859,476.3678079998499,0.0
1772060085,10,,Aggregated,22.500000,0.000000,82,100,120,130,170,210,240,280,440,480,480,8762,0,82,95.10399332104278,28.30604099926859,476.3678079998499,0.0
1772060086,10,,Aggregated,22.300000,0.000000,81,100,120,130,170,200,240,280,440,480,480,8786,0,81,95.03626116651233,28.30604099926859,476.3678079998499,0.0
1772060087,10,,Aggregated,22.400000,0.000000,81,100,120,130,170,200,240,280,440,480,480,8808,0,81,95.06866863566943,28.30604099926859,476.3678079998499,0.0
1772060088,10,,Aggregated,22.000000,0.000000,81,100,120,130,170,200,240,280,440,480,480,8826,0,81,95.0546733743458,28.30604099926859,476.3678079998499,0.0
1772060089,10,,Aggregated,21.600000,0.000000,81,100,120,130,170,200,240,280,440,480,480,8850,0,81,95.0307263075681,28.30604099926859,476.3678079998499,0.0
1772060090,10,,Aggregated,21.500000,0.000000,81,100,120,130,170,200,240,280,440,480,480,8873,0,81,94.99877747751353,28.30604099926859,476.3678079998499,0.0
1772060091,10,,Aggregated,22.000000,0.000000,81,100,120,130,170,200,240,280,440,480,480,8898,0,81,94.9059571106966,28.30604099926859,476.3678079998499,0.0
1772060092,10,,Aggregated,22.000000,0.000000,81,100,120,130,170,200,240,280,440,480,480,8922,0,81,94.95646945920012,28.30604099926859,476.3678079998499,0.0
1772060093,10,,Aggregated,21.900000,0.000000,81,100,120,130,170,200,240,280,440,480,480,8944,0,81,94.91067889803054,28.30604099926859,476.3678079998499,0.0
1772060094,10,,Aggregated,22.000000,0.000000,81,100,120,130,170,200,240,280,440,480,480,8965,0,81,94.97877526904436,28.30604099926859,476.3678079998499,0.0
1772060095,10,,Aggregated,22.100000,0.000000,81,100,120,130,170,200,240,280,440,480,480,8989,0,81,94.96077929024173,28.30604099926859,476.3678079998499,0.0
1772060096,10,,Aggregated,22.400000,0.000000,81,100,120,130,170,200,240,280,420,480,480,9008,0,81,94.9468784277291,28.30604099926859,476.3678079998499,0.0
1772060097,10,,Aggregated,22.300000,0.000000,81,100,120,130,170,200,240,280,420,480,480,9029,0,81,94.94917566718185,28.30604099926859,476.3678079998499,0.0
1772060098,10,,Aggregated,22.200000,0.000000,82,100,120,130,170,200,240,280,420,480,480,9051,0,82,95.0206748027825,28.30604099926859,476.3678079998499,0.0
1772060099,10,,Aggregated,22.700000,0.000000,81,100,120,130,170,200,240,280,420,480,480,9081,0,81,94.96890563550092,28.30604099926859,476.3678079998499,0.0
1772060100,10,,Aggregated,22.600000,0.000000,81,100,120,130,170,200,240,280,420,480,480,9103,0,81,94.92521624332463,28.30604099926859,476.3678079998499,0.0
1772060101,10,,Aggregated,22.600000,0.000000,81,100,120,130,170,200,240,280,420,480,480,9125,0,81,94.83893806608066,28.30604099926859,476.3678079998499,0.0
1772060102,10,,Aggregated,22.700000,0.000000,81,100,120,130,170,200,240,280,420,480,480,9145,0,81,94.80293146998208,28.30604099926859,476.3678079998499,0.0
1772060103,10,,Aggregated,22.800000,0.000000,81,100,120,130,170,200,240,280,420,480,480,9166,0,81,94.96660913582667,28.30604099926859,476.3678079998499,0.0
1772060104,10,,Aggregated,22.600000,0.000000,81,100,120,130,170,200,240,280,420,480,480,9190,0,81,94.92953950076043,28.30604099926859,476.3678079998499,0.0
1772060105,10,,Aggregated,22.100000,0.000000,81,100,120,130,170,200,240,280,420,480,480,9214,0,81,94.91223064173958,28.30604099926859,476.3678079998499,0.0
1772060106,10,,Aggregated,22.200000,0.000000,81,100,120,130,170,200,240,280,420,480,480,9233,0,81,94.86356150774282,28.30604099926859,476.3678079998499,0.0
1772060107,10,,Aggregated,22.600000,0.000000,81,100,120,130,170,200,240,280,420,480,480,9257,0,81,94.86316389099997,28.30604099926859,476.3678079998499,0.0
1772060108,10,,Aggregated,22.500000,0.000000,81,100,120,130,170,200,240,280,420,480,480,9282,0,81,94.77691615836945,28.30604099926859,476.3678079998499,0.0
1772060109,10,,Aggregated,22.300000,0.000000,81,100,120,130,170,200,240,280,420,480,480,9306,0,81,94.72314360541438,28.30604099926859,476.3678079998499,0.0
1772060110,10,,Aggregated,22.400000,0.000000,81,100,120,130,170,200,240,280,420,480,480,9327,0,81,94.79372028336945,28.30604099926859,476.3678079998499,0.0
1772060111,10,,Aggregated,22.300000,0.000000,81,100,120,130,170,200,240,280,420,480,480,9351,0,81,94.73743704234705,28.30604099926859,476.3678079998499,0.0
1772060112,10,,Aggregated,22.400000,0.000000,81,100,120,130,170,200,240,280,420,480,480,9376,0,81,94.71324919944382,28.30604099926859,476.3678079998499,0.0
1772060113,10,,Aggregated,22.300000,0.000000,81,100,120,130,170,200,240,280,420,480,480,9396,0,81,94.74386707151821,28.30604099926859,476.3678079998499,0.0
1772060114,10,,Aggregated,22.600000,0.000000,81,100,120,130,170,200,240,280,420,480,480,9413,0,81,94.88294579549415,28.30604099926859,476.3678079998499,0.0
1772060115,10,,Aggregated,23.300000,0.000000,81,100,120,130,170,200,240,280,420,480,480,9434,0,81,94.90328243576269,28.30604099926859,476.3678079998499,0.0
1772060116,10,,Aggregated,22.300000,0.000000,81,100,120,130,170,200,240,280,420,480,480,9459,0,81,94.89316343069923,28.30604099926859,476.3678079998499,0.0
1772060117,10,,Aggregated,22.100000,0.000000,81,100,120,130,170,200,240,280,420,480,480,9485,0,81,94.7985239581425,28.30604099926859,476.3678079998499,0.0
1772060118,10,,Aggregated,22.300000,0.000000,81,100,120,130,170,200,240,280,420,480,480,9508,0,81,94.79780058855515,28.30604099926859,476.3678079998499,0.0
1772060119,10,,Aggregated,22.500000,0.000000,81,100,120,130,170,200,240,280,420,480,480,9531,0,81,94.72505644444243,28.30604099926859,476.3678079998499,0.0
1772060120,10,,Aggregated,22.500000,0.000000,81,100,120,130,170,200,240,280,420,480,480,9552,0,81,94.71512954124618,28.30604099926859,476.3678079998499,0.0
1772060121,10,,Aggregated,22.300000,0.000000,81,100,120,130,170,200,240,280,420,480,480,9576,0,81,94.73678875939687,28.30604099926859,476.3678079998499,0.0
1772060122,10,,Aggregated,22.200000,0.000000,81,100,120,130,170,200,240,280,420,480,480,9598,0,81,94.70128189205934,28.30604099926859,476.3678079998499,0.0
1772060123,10,,Aggregated,22.300000,0.000000,81,100,120,130,170,200,240,280,420,480,480,9621,0,81,94.65460504438066,28.30604099926859,476.3678079998499,0.0
1772060124,10,,Aggregated,22.300000,0.000000,81,100,120,130,170,200,240,280,420,480,480,9643,0,81,94.7598502827944,28.30604099926859,476.3678079998499,0.0
1772060125,10,,Aggregated,22.100000,0.000000,81,100,120,130,170,200,240,280,420,480,480,9662,0,81,94.7164349285849,28.30604099926859,476.3678079998499,0.0
1772060126,10,,Aggregated,22.700000,0.000000,81,100,120,130,170,200,240,280,420,480,480,9686,0,81,94.65612603840444,28.30604099926859,476.3678079998499,0.0
1772060127,10,,Aggregated,22.400000,0.000000,81,100,120,130,170,200,240,270,420,480,480,9706,0,81,94.67478452163452,28.30604099926859,476.3678079998499,0.0
1772060128,10,,Aggregated,22.300000,0.000000,81,100,120,130,170,200,240,270,420,480,480,9729,0,81,94.69520562729844,28.30604099926859,476.3678079998499,0.0
1772060129,10,,Aggregated,22.300000,0.000000,81,100,120,130,170,200,240,270,420,480,480,9749,0,81,94.6512119443006,28.30604099926859,476.3678079998499,0.0
1772060130,10,,Aggregated,22.300000,0.000000,81,100,120,130,170,200,240,270,420,480,480,9770,0,81,94.75401747655944,28.30604099926859,476.3678079998499,0.0
1772060131,10,,Aggregated,21.800000,0.000000,81,100,120,130,170,200,240,270,420,480,480,9792,0,81,94.71743492800105,28.30604099926859,476.3678079998499,0.0
1772060132,10,,Aggregated,21.900000,0.000000,81,100,120,130,170,200,240,270,420,480,480,9818,0,81,94.68972095110887,28.30604099926859,476.3678079998499,0.0
1772060133,10,,Aggregated,21.900000,0.000000,81,100,120,130,170,200,240,270,420,480,480,9841,0,81,94.64138198882088,28.30604099926859,476.3678079998499,0.0
1772060134,10,,Aggregated,21.600000,0.000000,81,100,120,130,170,200,240,270,420,480,480,9863,0,81,94.66702158308665,28.30604099926859,476.3678079998499,0.0
1772060135,10,,Aggregated,21.700000,0.000000,81,100,120,130,170,200,240,270,420,480,480,9885,0,81,94.66997050278034,28.30604099926859,476.3678079998499,0.0
1772060136,10,,Aggregated,22.000000,0.000000,81,100,120,130,170,200,240,270,420,480,480,9909,0,81,94.64661577535408,28.30604099926859,476.3678079998499,0.0
1772060137,10,,Aggregated,22.300000,0.000000,81,100,120,130,170,200,240,270,420,480,480,9931,0,81,94.57578070999696,28.30604099926859,476.3678079998499,0.0
1772060138,10,,Aggregated,22.100000,0.000000,81,100,120,130,170,200,240,270,420,480,480,9954,0,81,94.55505350682944,28.30604099926859,476.3678079998499,0.0
1772060139,10,,Aggregated,22.200000,0.000000,81,100,120,130,170,200,240,270,420,480,480,9975,0,81,94.64882629954695,28.30604099926859,476.3678079998499,0.0
1772060140,10,,Aggregated,22.100000,0.000000,81,100,120,130,170,200,240,270,420,480,480,9997,0,81,94.61565203250768,28.30604099926859,476.3678079998499,0.0
1772060141,10,,Aggregated,22.800000,0.000000,81,100,120,130,170,200,240,270,410,470,480,10019,0,81,94.60538810140551,28.30604099926859,476.3678079998499,0.0
1772060142,10,,Aggregated,22.100000,0.000000,81,100,120,130,170,200,240,270,410,470,480,10041,0,81,94.57909584274306,28.30604099926859,476.3678079998499,0.0
1772060143,10,,Aggregated,21.900000,0.000000,81,100,120,130,170,200,240,270,410,470,480,10064,0,81,94.53762912609135,28.30604099926859,476.3678079998499,0.0
1772060144,10,,Aggregated,22.400000,0.000000,81,100,120,130,170,200,240,280,410,470,480,10078,0,81,94.686667084241,28.30604099926859,476.3678079998499,0.0
1772060145,10,,Aggregated,22.200000,0.000000,82,100,120,130,170,200,240,280,410,470,480,10103,0,82,94.83240171196469,28.30604099926859,476.3678079998499,0.0
1772060146,10,,Aggregated,21.500000,0.000000,81,100,120,130,170,200,240,280,410,470,480,10125,0,81,94.81966086538053,28.30604099926859,476.3678079998499,0.0
1772060147,10,,Aggregated,21.400000,0.000000,81,100,120,130,170,200,240,280,410,470,480,10150,0,81,94.75386529674651,28.30604099926859,476.3678079998499,0.0
1772060148,10,,Aggregated,21.800000,0.000000,81,100,120,130,170,200,240,280,410,470,480,10175,0,81,94.71605999282342,28.30604099926859,476.3678079998499,0.0
1772060149,10,,Aggregated,21.800000,0.000000,81,100,120,130,170,200,240,280,410,470,480,10199,0,81,94.67159909334038,28.30604099926859,476.3678079998499,0.0
1772060150,10,,Aggregated,21.800000,0.000000,81,100,120,130,170,200,240,280,410,470,480,10218,0,81,94.82119085828725,28.30604099926859,476.3678079998499,0.0
1772060151,10,,Aggregated,21.800000,0.000000,81,100,120,130,170,200,240,280,410,470,480,10235,0,81,94.80888392007593,28.30604099926859,476.3678079998499,0.0
1772060152,10,,Aggregated,22.200000,0.000000,82,100,120,130,170,200,240,280,410,470,480,10256,0,82,95.02495831581318,28.30604099926859,476.3678079998499,0.0
1772060153,10,,Aggregated,21.900000,0.000000,82,100,120,130,170,200,240,280,410,470,480,10279,0,82,95.02817031802475,28.30604099926859,476.3678079998499,0.0
1772060154,10,,Aggregated,21.700000,0.000000,82,100,120,130,170,200,240,280,410,470,480,10301,0,82,95.03990759304695,28.30604099926859,476.3678079998499,0.0
1772060155,10,,Aggregated,21.500000,0.000000,82,100,120,130,170,200,240,280,410,470,480,10318,0,82,95.11709406764645,28.30604099926859,476.3678079998499,0.0
1772060156,10,,Aggregated,21.900000,0.000000,82,100,120,130,170,200,240,280,410,470,480,10344,0,82,95.07802006312605,28.30604099926859,476.3678079998499,0.0
1772060157,10,,Aggregated,21.300000,0.000000,82,100,120,130,170,200,240,280,410,470,480,10367,0,82,95.00832402295542,28.30604099926859,476.3678079998499,0.0
1772060158,10,,Aggregated,21.300000,0.000000,82,100,120,130,170,200,240,280,410,470,480,10389,0,82,95.0167344901318,28.30604099926859,476.3678079998499,0.0
1772060159,10,,Aggregated,21.400000,0.000000,82,100,120,130,170,200,240,280,410,470,480,10408,0,82,95.1102780184455,28.30604099926859,476.3678079998499,0.0
1772060160,10,,Aggregated,21.500000,0.000000,82,100,120,130,170,200,240,280,410,470,480,10433,0,82,95.1297256590609,28.30604099926859,476.3678079998499,0.0
1772060161,10,,Aggregated,21.500000,0.000000,82,100,120,130,170,200,240,280,410,470,480,10457,0,82,95.06145299483445,28.30604099926859,476.3678079998499,0.0
1772060162,10,,Aggregated,21.400000,0.000000,82,100,120,130,170,200,240,280,410,470,480,10480,0,82,95.1159729835862,28.30604099926859,476.3678079998499,0.0
1772060163,10,,Aggregated,21.700000,0.000000,82,100,120,130,170,200,240,280,410,470,480,10502,0,82,95.04075206465275,28.30604099926859,476.3678079998499,0.0
1772060164,10,,Aggregated,21.700000,0.000000,82,100,120,130,170,200,240,280,410,470,480,10516,0,82,95.08226090766269,28.30604099926859,476.3678079998499,0.0
1772060165,10,,Aggregated,21.800000,0.000000,82,100,120,130,170,200,240,280,410,470,480,10543,0,82,95.1456082977314,28.30604099926859,476.3678079998499,0.0
1772060166,10,,Aggregated,21.700000,0.000000,82,100,120,130,170,200,240,280,410,470,480,10566,0,82,95.09036519108342,28.30604099926859,476.3678079998499,0.0
1772060167,10,,Aggregated,22.400000,0.000000,82,100,120,130,170,200,240,280,410,470,480,10586,0,82,95.09872824645652,28.30604099926859,476.3678079998499,0.0
1772060168,10,,Aggregated,22.400000,0.000000,82,100,120,130,170,200,240,280,410,470,480,10612,0,82,95.05699726743184,28.30604099926859,476.3678079998499,0.0
1772060169,10,,Aggregated,22.200000,0.000000,82,100,120,130,170,200,240,280,410,470,480,10634,0,82,94.99343425841523,28.30604099926859,476.3678079998499,0.0
1772060170,10,,Aggregated,21.500000,0.000000,82,100,120,130,170,200,240,280,410,470,480,10658,0,82,94.99957301313454,28.30604099926859,476.3678079998499,0.0
1772060171,10,,Aggregated,21.800000,0.000000,82,100,120,130,170,200,240,280,410,470,480,10677,0,82,95.08015567031813,28.30604099926859,476.3678079998499,0.0
1772060172,10,,Aggregated,22.100000,0.000000,81,100,120,130,170,200,240,280,410,470,480,10699,0,81,95.01946795008752,28.30604099926859,476.3678079998499,0.0
1772060173,10,,Aggregated,22.400000,0.000000,81,100,120,130,170,200,240,280,410,470,480,10721,0,81,95.04617089982158,28.30604099926859,476.3678079998499,0.0
1772060174,10,,Aggregated,21.900000,0.000000,81,100,120,130,170,200,240,280,410,470,480,10743,0,81,94.99691573405849,28.30604099926859,476.3678079998499,0.0
1772060175,10,,Aggregated,21.600000,0.000000,81,100,120,130,170,200,240,280,410,470,480,10769,0,81,95.00158522286088,28.30604099926859,476.3678079998499,0.0
1772060176,10,,Aggregated,22.300000,0.000000,81,100,120,130,170,210,240,280,410,470,480,10782,0,81,95.11967100574907,28.30604099926859,476.3678079998499,0.0
1772060177,10,,Aggregated,22.300000,0.000000,82,100,120,130,170,210,250,280,410,470,480,10805,0,82,95.21892230643064,28.30604099926859,476.3678079998499,0.0
1772060178,10,,Aggregated,22.200000,0.000000,82,100,120,130,170,210,250,280,410,470,480,10829,0,82,95.1804383531244,28.30604099926859,476.3678079998499,0.0
1772060179,10,,Aggregated,21.300000,0.000000,82,100,120,130,170,210,250,280,410,470,480,10849,0,82,95.31125596718432,28.30604099926859,476.3678079998499,0.0
1772060180,10,,Aggregated,22.100000,0.000000,82,100,120,130,170,210,240,280,410,470,480,10870,0,82,95.31531929539848,28.30604099926859,476.3678079998499,0.0
1772060181,10,,Aggregated,21.400000,0.000000,82,100,120,130,170,210,240,280,410,470,480,10890,0,82,95.34693015289108,28.30604099926859,476.3678079998499,0.0
1772060182,10,,Aggregated,21.200000,0.000000,82,100,120,130,170,210,240,280,410,470,480,10916,0,82,95.37096815719893,28.30604099926859,476.3678079998499,0.0
1772060183,10,,Aggregated,21.000000,0.000000,82,110,120,130,170,210,250,280,410,470,480,10934,0,82,95.4442268061081,28.30604099926859,476.3678079998499,0.0
1772060184,10,,Aggregated,21.100000,0.000000,82,100,120,130,170,210,240,280,410,470,480,10956,0,82,95.40158796376258,28.30604099926859,476.3678079998499,0.0
1772060185,10,,Aggregated,21.800000,0.000000,82,100,120,130,170,210,240,280,410,470,480,10983,0,82,95.36956976891395,28.30604099926859,476.3678079998499,0.0
1772060186,10,,Aggregated,21.000000,0.000000,82,100,120,130,170,210,240,280,410,470,480,11005,0,82,95.32031932339657,28.30604099926859,476.3678079998499,0.0
1772060187,10,,Aggregated,20.900000,0.000000,82,100,120,130,170,210,240,280,410,470,480,11026,0,82,95.30008168628522,28.30604099926859,476.3678079998499,0.0
1772060188,10,,Aggregated,21.200000,0.000000,82,100,120,130,170,210,240,280,410,470,480,11049,0,82,95.26855921458763,28.30604099926859,476.3678079998499,0.0
1772060189,10,,Aggregated,22.000000,0.000000,82,100,120,130,170,210,240,280,410,470,480,11070,0,82,95.22923250189493,28.30604099926859,476.3678079998499,0.0
1772060191,10,,Aggregated,21.600000,0.000000,82,100,120,130,170,210,240,280,410,470,480,11093,0,82,95.24425863995094,28.30604099926859,476.3678079998499,0.0
1772060192,10,,Aggregated,22.000000,0.000000,82,100,120,130,170,210,240,280,410,470,480,11115,0,82,95.18386862312003,28.30604099926859,476.3678079998499,0.0
1772060193,10,,Aggregated,22.100000,0.000000,82,100,120,130,170,210,240,280,410,470,480,11138,0,82,95.20310681980412,28.30604099926859,476.3678079998499,0.0
1772060194,10,,Aggregated,22.300000,0.000000,81,100,120,130,170,210,240,280,410,470,480,11163,0,81,95.12594291561211,28.30604099926859,476.3678079998499,0.0
1772060195,10,,Aggregated,22.300000,0.000000,81,100,120,130,170,210,240,280,410,470,480,11185,0,81,95.0464873657554,28.30604099926859,476.3678079998499,0.0
1772060196,10,,Aggregated,22.100000,0.000000,81,100,120,130,170,210,240,280,410,470,480,11209,0,81,95.01679068667846,28.30604099926859,476.3678079998499,0.0
1772060197,10,,Aggregated,22.800000,0.000000,81,100,120,130,170,210,240,280,410,470,480,11230,0,81,94.98090808405877,28.30604099926859,476.3678079998499,0.0
1772060198,10,,Aggregated,22.600000,0.000000,81,100,120,130,170,210,240,280,410,470,480,11255,0,81,94.93199698107335,28.30604099926859,476.3678079998499,0.0
1772060199,10,,Aggregated,22.300000,0.000000,81,100,120,130,170,210,240,280,410,470,480,11277,0,81,94.91011500407757,28.30604099926859,476.3678079998499,0.0
1772060200,10,,Aggregated,22.300000,0.000000,81,100,120,130,170,210,240,280,410,470,480,11299,0,81,94.8819080655794,28.30604099926859,476.3678079998499,0.0
1772060201,10,,Aggregated,22.800000,0.000000,81,100,120,130,170,210,240,280,410,470,480,11321,0,81,94.84595141966113,28.30604099926859,476.3678079998499,0.0
1772060202,10,,Aggregated,22.600000,0.000000,81,100,120,130,170,210,240,280,410,470,480,11340,0,81,94.87114171922228,28.30604099926859,476.3678079998499,0.0
1772060203,10,,Aggregated,22.900000,0.000000,81,100,120,130,170,210,240,280,410,470,480,11362,0,81,94.9008971339537,28.30604099926859,476.3678079998499,0.0
1772060204,10,,Aggregated,22.500000,0.000000,81,100,120,130,170,210,240,280,410,470,480,11387,0,81,94.91510003407274,28.30604099926859,476.3678079998499,0.0
1772060205,10,,Aggregated,22.400000,0.000000,81,100,120,130,170,210,240,280,410,470,480,11411,0,81,94.8774977849433,28.30604099926859,476.3678079998499,0.0
1772060206,10,,Aggregated,22.200000,0.000000,81,100,120,130,170,200,240,280,410,470,480,11431,0,81,94.81665595415883,28.30604099926859,476.3678079998499,0.0
1772060207,10,,Aggregated,21.900000,0.000000,81,100,120,130,170,200,240,280,410,470,480,11458,0,81,94.7926765892818,28.30604099926859,476.3678079998499,0.0
1772060208,10,,Aggregated,21.900000,0.000000,81,100,120,130,170,200,240,280,410,470,480,11478,0,81,94.76600474681909,28.30604099926859,476.3678079998499,0.0
1772060209,10,,Aggregated,22.600000,0.000000,81,100,120,130,170,200,240,280,410,470,480,11501,0,81,94.73437988774799,28.30604099926859,476.3678079998499,0.0
1772060210,10,,Aggregated,22.200000,0.000000,81,100,120,130,170,200,240,280,410,470,480,11523,0,81,94.67704609511317,28.30604099926859,476.3678079998499,0.0
1772060211,10,,Aggregated,22.400000,0.000000,81,100,120,130,170,200,240,280,410,470,480,11547,0,81,94.63262063341021,28.30604099926859,476.3678079998499,0.0
1772060212,10,,Aggregated,22.200000,0.000000,81,100,120,130,170,200,240,280,410,470,480,11570,0,81,94.59770834122625,28.30604099926859,476.3678079998499,0.0
1772060213,10,,Aggregated,22.100000,0.000000,81,100,120,130,170,200,240,280,410,470,480,11593,0,81,94.57461487984054,28.30604099926859,476.3678079998499,0.0
1772060214,10,,Aggregated,22.600000,0.000000,81,100,120,130,170,200,240,280,410,470,480,11609,0,81,94.57429577741357,28.30604099926859,476.3678079998499,0.0
1772060215,10,,Aggregated,22.400000,0.000000,81,100,120,130,170,200,240,280,410,470,480,11633,0,81,94.61058014080584,28.30604099926859,476.3678079998499,0.0
1772060216,10,,Aggregated,22.500000,0.000000,81,100,120,130,170,200,240,280,410,470,480,11656,0,81,94.65587180524996,28.30604099926859,476.3678079998499,0.0
1772060217,10,,Aggregated,22.500000,0.000000,81,100,120,130,170,200,240,280,410,470,480,11677,0,81,94.7202624750361,28.30604099926859,476.3678079998499,0.0
1772060218,10,,Aggregated,22.500000,0.000000,81,100,120,130,170,200,240,280,410,470,480,11699,0,81,94.7401005688517,28.30604099926859,476.3678079998499,0.0
1772060219,10,,Aggregated,21.700000,0.000000,81,100,120,130,170,200,240,280,410,470,480,11722,0,81,94.72825582281145,28.30604099926859,476.3678079998499,0.0
1772060220,10,,Aggregated,21.400000,0.000000,81,100,120,130,170,200,240,280,410,470,480,11744,0,81,94.69520389807514,28.30604099926859,476.3678079998499,0.0
1772060221,10,,Aggregated,21.400000,0.000000,81,100,120,130,170,200,240,280,410,470,480,11770,0,81,94.6938334421407,28.30604099926859,476.3678079998499,0.0
1772060222,10,,Aggregated,21.700000,0.000000,81,100,120,130,170,200,240,280,410,470,480,11791,0,81,94.66298157026516,28.30604099926859,476.3678079998499,0.0
1772060223,10,,Aggregated,21.800000,0.000000,81,100,120,130,170,200,240,280,410,470,480,11813,0,81,94.61842002776584,28.30604099926859,476.3678079998499,0.0
1772060224,10,,Aggregated,21.700000,0.000000,81,100,120,130,170,200,240,280,410,470,480,11835,0,81,94.62126216518769,28.30604099926859,476.3678079998499,0.0
1772060225,10,,Aggregated,22.000000,0.000000,81,100,120,130,170,200,240,280,410,470,480,11849,0,81,94.62357641598419,28.30604099926859,476.3678079998499,0.0
1772060226,10,,Aggregated,21.800000,0.000000,81,100,120,130,170,210,240,280,410,470,480,11873,0,81,94.792281918807,28.30604099926859,476.3678079998499,0.0
1772060227,10,,Aggregated,21.800000,0.000000,81,100,120,130,170,210,240,280,410,470,480,11895,0,81,94.82745875157603,28.30604099926859,476.3678079998499,0.0
1772060228,10,,Aggregated,21.500000,0.000000,81,100,120,130,170,210,240,280,410,470,480,11917,0,81,94.83637244440688,28.30604099926859,476.3678079998499,0.0
1772060229,10,,Aggregated,21.500000,0.000000,81,100,120,130,170,210,240,280,410,470,480,11939,0,81,94.88064527690736,28.30604099926859,476.3678079998499,0.0
1772060230,10,,Aggregated,22.100000,0.000000,81,100,120,130,170,210,240,280,410,470,480,11963,0,81,94.9269137408676,28.30604099926859,476.3678079998499,0.0
1772060231,10,,Aggregated,21.600000,0.000000,81,100,120,130,170,210,240,280,410,470,480,11981,0,81,94.95269832276081,28.30604099926859,476.3678079998499,0.0
1772060232,10,,Aggregated,21.500000,0.000000,81,100,120,130,170,210,240,280,410,470,480,12004,0,81,94.93259411471162,28.30604099926859,476.3678079998499,0.0
1772060233,10,,Aggregated,21.400000,0.000000,81,100,120,130,170,210,240,280,410,470,480,12024,0,81,94.96748507784407,28.30604099926859,476.3678079998499,0.0
1772060234,10,,Aggregated,21.200000,0.000000,81,100,120,130,170,210,240,280,410,470,480,12046,0,81,94.92910745824304,28.30604099926859,476.3678079998499,0.0
1772060235,10,,Aggregated,21.000000,0.000000,81,100,120,130,170,200,240,280,410,470,480,12065,0,81,94.8773074978032,28.30604099926859,476.3678079998499,0.0
1772060236,10,,Aggregated,21.200000,0.000000,81,100,120,130,170,200,240,280,410,470,480,12089,0,81,94.88875673463433,28.30604099926859,476.3678079998499,0.0
1772060237,10,,Aggregated,21.500000,0.000000,81,100,120,130,170,200,240,280,410,470,480,12113,0,81,94.90066854074065,28.30604099926859,476.3678079998499,0.0
1772060238,10,,Aggregated,21.600000,0.000000,81,100,120,130,170,200,240,280,410,470,480,12137,0,81,94.86283892040807,28.30604099926859,476.3678079998499,0.0
1772060239,10,,Aggregated,21.900000,0.000000,81,100,120,130,170,200,240,280,410,470,480,12161,0,81,94.88934364772571,28.30604099926859,476.3678079998499,0.0
1772060240,10,,Aggregated,21.900000,0.000000,81,100,120,130,170,200,240,280,410,470,480,12183,0,81,94.91764258146509,28.30604099926859,476.3678079998499,0.0
1772060241,10,,Aggregated,22.300000,0.000000,81,100,120,130,170,200,240,280,410,470,480,12204,0,81,94.9562682379539,28.30604099926859,476.3678079998499,0.0
1772060242,10,,Aggregated,22.100000,0.000000,81,100,120,130,170,200,240,280,410,470,480,12227,0,81,94.92254479103542,28.30604099926859,476.3678079998499,0.0
1772060243,10,,Aggregated,22.100000,0.000000,81,100,120,130,170,200,240,280,410,470,480,12252,0,81,94.89167071547436,28.30604099926859,476.3678079998499,0.0
1772060244,10,,Aggregated,22.200000,0.000000,82,100,120,130,170,200,240,280,410,470,480,12273,0,82,94.94099828167482,28.30604099926859,476.3678079998499,0.0
1772060245,10,,Aggregated,22.600000,0.000000,82,100,120,130,170,200,240,280,410,470,480,12292,0,82,94.92458579913708,28.30604099926859,476.3678079998499,0.0
1772060246,10,,Aggregated,22.500000,0.000000,82,100,120,130,170,200,240,280,410,470,480,12316,0,82,94.95454791782993,28.30604099926859,476.3678079998499,0.0
1772060247,10,,Aggregated,22.100000,0.000000,82,100,120,130,170,200,240,280,410,470,480,12336,0,82,94.92662330520373,28.30604099926859,476.3678079998499,0.0
1772060248,10,,Aggregated,22.200000,0.000000,82,100,120,130,170,200,240,280,410,470,480,12362,0,82,94.9752181118747,28.30604099926859,476.3678079998499,0.0
1772060249,10,,Aggregated,22.500000,0.000000,82,100,120,130,170,200,240,280,410,470,480,12384,0,82,94.95256087645305,28.30604099926859,476.3678079998499,0.0
1772060250,10,,Aggregated,21.800000,0.000000,82,100,120,130,170,200,240,280,410,470,480,12403,0,82,95.0275763578162,28.30604099926859,476.3678079998499,0.0
1772060251,10,,Aggregated,22.200000,0.000000,82,100,120,130,170,200,240,280,410,470,480,12428,0,82,94.99916852285116,28.30604099926859,476.3678079998499,0.0
1772060252,10,,Aggregated,21.900000,0.000000,82,100,120,130,170,200,240,280,410,470,480,12446,0,82,94.94051265386409,28.30604099926859,476.3678079998499,0.0
1772060253,10,,Aggregated,22.200000,0.000000,82,100,120,130,170,200,240,280,410,470,480,12473,0,82,94.95783919017022,28.30604099926859,476.3678079998499,0.0
1772060254,10,,Aggregated,22.300000,0.000000,82,100,120,130,170,200,240,280,410,470,480,12494,0,82,94.92929426036449,28.30604099926859,476.3678079998499,0.0
1772060255,10,,Aggregated,21.700000,0.000000,82,100,120,130,170,200,240,280,410,470,480,12516,0,82,94.95545045589598,28.30604099926859,476.3678079998499,0.0
1772060256,10,,Aggregated,22.100000,0.000000,82,100,120,130,170,200,240,280,410,470,480,12539,0,82,94.98047764973217,28.30604099926859,476.3678079998499,0.0
1772060257,10,,Aggregated,22.400000,0.000000,82,100,120,130,170,200,240,280,410,470,480,12562,0,82,94.9707999491318,28.30604099926859,476.3678079998499,0.0
1772060258,10,,Aggregated,22.100000,0.000000,82,100,120,130,170,200,240,280,410,470,480,12588,0,82,94.91095682793073,28.30604099926859,476.3678079998499,0.0
1772060259,10,,Aggregated,22.100000,0.000000,82,100,120,130,170,200,240,280,410,470,480,12608,0,81,94.88462454179806,28.30604099926859,476.3678079998499,0.0
1772060260,10,,Aggregated,22.500000,0.000000,82,100,120,130,170,200,240,280,410,470,480,12628,0,82,94.94286175285013,28.30604099926859,476.3678079998499,0.0
1772060261,10,,Aggregated,22.200000,0.000000,82,100,120,130,170,200,240,280,410,470,480,12653,0,82,94.98105612455473,28.30604099926859,476.3678079998499,0.0
1772060262,10,,Aggregated,22.700000,0.000000,81,100,120,130,170,200,240,280,410,470,480,12676,0,81,94.92271448879727,28.30604099926859,476.3678079998499,0.0
1772060263,10,,Aggregated,22.400000,0.000000,81,100,120,130,170,200,240,280,410,470,480,12699,0,81,94.89629149303023,28.30604099926859,476.3678079998499,0.0
1772060264,10,,Aggregated,22.200000,0.000000,82,100,120,130,170,200,240,280,410,470,480,12715,0,82,94.97625845465923,28.30604099926859,476.3678079998499,0.0
1772060265,10,,Aggregated,22.800000,0.000000,82,100,120,130,170,200,240,280,410,470,480,12737,0,82,95.0330846693091,28.30604099926859,476.3678079998499,0.0
1772060266,10,,Aggregated,22.400000,0.000000,82,100,120,130,170,200,240,280,410,470,480,12759,0,82,95.0523907411229,28.30604099926859,476.3678079998499,0.0
1772060267,10,,Aggregated,21.800000,0.000000,82,100,120,130,170,200,240,280,410,470,480,12780,0,82,95.01481050140751,28.30604099926859,476.3678079998499,0.0
1772060268,10,,Aggregated,22.000000,0.000000,82,100,120,130,170,200,240,280,410,470,480,12805,0,82,94.97758418031933,28.30604099926859,476.3678079998499,0.0
1772060269,10,,Aggregated,21.400000,0.000000,82,100,120,130,170,200,240,280,410,470,480,12830,0,82,94.94866838947686,28.30604099926859,476.3678079998499,0.0
1772060270,10,,Aggregated,21.600000,0.000000,82,100,120,130,170,200,240,280,410,470,480,12853,0,82,94.95943320399803,28.30604099926859,476.3678079998499,0.0
1772060271,10,,Aggregated,22.100000,0.000000,82,100,120,130,170,200,240,280,410,470,480,12874,0,82,94.97513621539433,28.30604099926859,476.3678079998499,0.0
1772060272,10,,Aggregated,21.900000,0.000000,82,100,120,130,170,200,240,280,410,470,480,12896,0,82,94.97654466780301,28.30604099926859,476.3678079998499,0.0
1772060273,10,,Aggregated,22.200000,0.000000,82,100,120,130,170,200,240,280,410,470,480,12920,0,82,94.9971489452777,28.30604099926859,476.3678079998499,0.0
1772060274,10,,Aggregated,22.200000,0.000000,82,100,120,130,170,200,240,280,410,470,480,12943,0,82,94.97436681642496,28.30604099926859,476.3678079998499,0.0
1772060275,10,,Aggregated,22.000000,0.000000,82,100,120,130,170,200,240,280,410,470,480,12963,0,82,94.97099683229098,28.30604099926859,476.3678079998499,0.0
1772060276,10,,Aggregated,22.300000,0.000000,82,100,120,130,170,200,240,280,410,470,480,12987,0,82,95.0097838908133,28.30604099926859,476.3678079998499,0.0
1772060277,10,,Aggregated,22.400000,0.000000,82,100,120,130,170,200,240,280,400,470,480,13009,0,82,94.99252346706058,28.30604099926859,476.3678079998499,0.0
1772060278,10,,Aggregated,22.400000,0.000000,82,100,120,130,170,200,240,280,400,470,480,13033,0,82,94.96143553709756,28.30604099926859,476.3678079998499,0.0
1772060279,10,,Aggregated,23.000000,0.000000,82,100,120,130,170,200,240,280,400,470,480,13058,0,82,94.95381478694985,28.30604099926859,476.3678079998499,0.0
1772060280,10,,Aggregated,22.900000,0.000000,82,100,120,130,170,200,240,280,400,470,480,13083,0,82,94.89453014713698,28.30604099926859,476.3678079998499,0.0
1772060281,10,,Aggregated,22.500000,0.000000,82,100,120,130,170,200,240,280,400,470,480,13105,0,82,94.89438026188431,28.30604099926859,476.3678079998499,0.0
1772060282,10,,Aggregated,22.600000,0.000000,82,100,120,130,170,200,240,280,400,470,480,13124,0,82,94.9813360064761,28.30604099926859,476.3678079998499,0.0
1772060283,10,,Aggregated,22.600000,0.000000,82,100,120,130,170,200,240,280,400,470,480,13146,0,82,94.93765200448728,28.30604099926859,476.3678079998499,0.0
1772060284,10,,Aggregated,22.600000,0.000000,82,100,120,130,170,200,240,280,400,470,480,13167,0,82,95.00655197364526,28.30604099926859,476.3678079998499,0.0
1772060285,10,,Aggregated,22.100000,0.000000,82,100,120,130,170,200,240,280,400,470,480,13188,0,82,95.1025308400808,28.30604099926859,476.3678079998499,0.0
1772060286,10,,Aggregated,22.200000,0.000000,82,100,120,130,170,200,240,280,400,470,480,13206,0,82,95.11909792170113,28.30604099926859,476.3678079998499,0.0
1772060287,10,,Aggregated,21.900000,0.000000,82,100,120,130,170,200,240,280,400,470,480,13232,0,82,95.09732830501723,28.30604099926859,476.3678079998499,0.0
1772060288,10,,Aggregated,21.800000,0.000000,82,100,120,130,170,200,240,280,400,470,480,13256,0,82,95.05609234346643,28.30604099926859,476.3678079998499,0.0
1772060289,10,,Aggregated,22.000000,0.000000,82,100,120,130,170,200,240,280,400,470,480,13279,0,82,95.08056997695562,28.30604099926859,476.3678079998499,0.0
1772060290,10,,Aggregated,21.700000,0.000000,82,100,120,130,170,200,240,280,400,470,480,13294,0,82,95.1604165110573,28.30604099926859,476.3678079998499,0.0
1772060291,10,,Aggregated,21.500000,0.000000,82,100,120,130,170,200,240,280,400,470,480,13318,0,82,95.17409747154183,28.30604099926859,476.3678079998499,0.0
1772060292,10,,Aggregated,21.500000,0.000000,82,100,120,130,170,200,240,280,400,470,480,13341,0,82,95.16247366314333,28.30604099926859,476.3678079998499,0.0
1772060293,10,,Aggregated,21.400000,0.000000,82,100,120,130,170,200,240,280,400,470,480,13367,0,82,95.12899917939683,28.30604099926859,476.3678079998499,0.0
1772060294,10,,Aggregated,21.400000,0.000000,82,100,120,130,170,200,240,280,400,470,480,13385,0,82,95.10248701225242,28.30604099926859,476.3678079998499,0.0
1772060295,10,,Aggregated,21.700000,0.000000,82,100,120,130,170,200,240,280,400,470,480,13408,0,82,95.13279231563222,28.30604099926859,476.3678079998499,0.0
1772060296,10,,Aggregated,21.600000,0.000000,82,100,120,130,170,200,240,280,400,470,480,13432,0,82,95.16600434462468,28.30604099926859,476.3678079998499,0.0
1772060297,10,,Aggregated,22.500000,0.000000,82,100,120,130,170,200,240,280,400,470,480,13455,0,82,95.18592232805642,28.30604099926859,476.3678079998499,0.0
1772060298,10,,Aggregated,22.000000,0.000000,82,100,120,130,170,200,240,280,400,470,480,13478,0,82,95.13711776717601,28.30604099926859,476.3678079998499,0.0
1772060299,10,,Aggregated,21.700000,0.000000,82,100,120,130,170,200,240,280,400,470,480,13501,0,82,95.09225279801478,28.30604099926859,476.3678079998499,0.0
1772060300,10,,Aggregated,22.200000,0.000000,82,100,120,130,170,200,240,280,400,470,480,13523,0,82,95.09268143059957,28.30604099926859,476.3678079998499,0.0
1772060301,10,,Aggregated,22.300000,0.000000,82,100,120,130,170,200,240,280,400,470,480,13547,0,82,95.06130367675496,28.30604099926859,476.3678079998499,0.0
1772060302,10,,Aggregated,22.100000,0.000000,82,100,120,130,170,200,240,280,400,470,480,13571,0,82,95.0359692807457,28.30604099926859,476.3678079998499,0.0
1772060303,10,,Aggregated,22.000000,0.000000,82,100,120,130,170,200,240,280,400,470,480,13593,0,82,94.98709654292664,28.30604099926859,476.3678079998499,0.0
1772060304,10,,Aggregated,22.400000,0.000000,82,100,120,130,170,200,240,280,400,470,480,13617,0,82,94.94429850143234,28.30604099926859,476.3678079998499,0.0
1772060305,10,,Aggregated,22.800000,0.000000,82,100,120,130,170,200,240,280,400,470,480,13641,0,82,94.94449239725854,28.30604099926859,476.3678079998499,0.0
1772060306,10,,Aggregated,22.600000,0.000000,82,100,120,130,170,200,240,280,400,470,480,13663,0,82,94.89595167554722,28.30604099926859,476.3678079998499,0.0
1772060307,10,,Aggregated,22.600000,0.000000,82,100,120,130,170,200,240,280,400,470,480,13688,0,82,94.83207502308608,28.30604099926859,476.3678079998499,0.0
1772060308,10,,Aggregated,23.200000,0.000000,82,100,120,130,170,200,240,280,400,470,480,13711,0,82,94.83097967697469,28.30604099926859,476.3678079998499,0.0
1772060309,10,,Aggregated,23.100000,0.000000,82,100,120,130,170,200,240,280,400,470,480,13733,0,82,94.8852934148402,28.30604099926859,476.3678079998499,0.0
1772060310,10,,Aggregated,23.300000,0.000000,81,100,120,130,170,200,240,280,400,470,480,13755,0,81,94.83183926077785,28.30604099926859,476.3678079998499,0.0
1772060311,10,,Aggregated,23.300000,0.000000,81,100,120,130,170,200,240,280,400,470,480,13779,0,81,94.78710640235124,28.30604099926859,476.3678079998499,0.0
1772060312,10,,Aggregated,23.400000,0.000000,81,100,120,130,170,200,240,280,400,470,480,13803,0,81,94.75463315554609,28.30604099926859,476.3678079998499,0.0
1772060313,10,,Aggregated,23.200000,0.000000,81,100,120,130,170,200,240,280,400,470,480,13826,0,81,94.74456947027353,28.30604099926859,476.3678079998499,0.0
1772060314,10,,Aggregated,23.100000,0.000000,81,100,120,130,170,200,240,280,400,470,480,13848,0,81,94.7980294904681,28.30604099926859,476.3678079998499,0.0
1772060315,10,,Aggregated,23.200000,0.000000,81,100,120,130,170,200,240,280,400,470,480,13869,0,81,94.8061400374216,28.30604099926859,476.3678079998499,0.0
1772060316,10,,Aggregated,23.100000,0.000000,81,100,120,130,170,200,240,280,400,470,480,13892,0,81,94.77924242348087,28.30604099926859,476.3678079998499,0.0
1772060317,10,,Aggregated,22.900000,0.000000,81,100,120,130,170,200,240,280,400,470,480,13915,0,81,94.72360593539317,28.30604099926859,476.3678079998499,0.0
1772060318,10,,Aggregated,23.000000,0.000000,81,100,120,130,170,200,240,280,400,470,480,13940,0,81,94.6793409986368,28.30604099926859,476.3678079998499,0.0
1772060319,10,,Aggregated,22.900000,0.000000,81,100,120,130,170,200,240,280,400,470,480,13964,0,81,94.63880655943842,28.30604099926859,476.3678079998499,0.0
1772060321,10,,Aggregated,22.700000,0.000000,81,100,120,130,170,200,240,280,400,470,480,13985,0,81,94.59584516696444,28.30604099926859,476.3678079998499,0.0
1772060322,10,,Aggregated,22.700000,0.000000,81,100,120,130,170,200,240,280,400,470,480,14010,0,81,94.55662339835801,28.30604099926859,476.3678079998499,0.0
1772060323,10,,Aggregated,23.000000,0.000000,81,100,120,130,170,200,240,280,400,470,480,14034,0,81,94.52067757545929,28.30604099926859,476.3678079998499,0.0
1772060324,10,,Aggregated,23.100000,0.000000,81,100,120,130,170,200,240,280,400,470,480,14057,0,81,94.53071406409572,28.30604099926859,476.3678079998499,0.0
1772060325,10,,Aggregated,22.900000,0.000000,81,100,120,130,170,200,240,280,400,470,480,14078,0,81,94.49290418837876,28.30604099926859,476.3678079998499,0.0
1772060326,10,,Aggregated,22.700000,0.000000,81,100,120,130,170,200,240,280,400,470,480,14103,0,81,94.46276600269418,28.30604099926859,476.3678079998499,0.0
1772060327,10,,Aggregated,22.700000,0.000000,81,100,120,130,170,200,240,280,400,470,480,14126,0,81,94.48545905443837,28.30604099926859,476.3678079998499,0.0
1772060328,10,,Aggregated,22.900000,0.000000,81,100,120,130,170,200,240,280,400,470,480,14146,0,81,94.47013957924464,28.30604099926859,476.3678079998499,0.0
1772060329,10,,Aggregated,23.400000,0.000000,81,100,120,130,170,200,240,280,400,470,480,14166,0,81,94.4676707083155,28.30604099926859,476.3678079998499,0.0
1772060330,10,,Aggregated,23.100000,0.000000,81,100,120,130,170,200,240,280,400,470,480,14192,0,81,94.46812685400202,28.30604099926859,476.3678079998499,0.0
1772060331,10,,Aggregated,23.100000,0.000000,81,100,120,130,170,200,240,280,400,470,480,14212,0,81,94.4493289954968,28.30604099926859,476.3678079998499,0.0
1772060332,10,,Aggregated,22.300000,0.000000,81,100,120,130,170,200,240,280,400,470,480,14237,0,81,94.39805607206577,28.30604099926859,476.3678079998499,0.0
1772060333,10,,Aggregated,22.800000,0.000000,81,100,120,130,170,200,240,280,400,470,480,14260,0,81,94.37222565546973,28.30604099926859,476.3678079998499,0.0
1772060334,10,,Aggregated,22.600000,0.000000,81,100,120,130,170,200,240,280,400,470,480,14282,0,81,94.41390415368996,28.30604099926859,476.3678079998499,0.0
1772060335,10,,Aggregated,22.500000,0.000000,81,100,120,130,170,200,240,280,400,470,480,14302,0,81,94.47631694832867,28.30604099926859,476.3678079998499,0.0
1772060336,10,,Aggregated,22.800000,0.000000,81,100,120,130,170,200,240,280,400,470,480,14324,0,81,94.56708757567698,28.30604099926859,476.3678079998499,0.0
1772060337,10,,Aggregated,22.400000,0.000000,81,100,120,130,170,200,240,280,400,470,480,14347,0,81,94.54126820310827,28.30604099926859,476.3678079998499,0.0
1772060338,10,,Aggregated,21.500000,0.000000,81,100,120,130,170,200,240,280,400,470,480,14369,0,81,94.48909834135954,28.30604099926859,476.3678079998499,0.0
1772060339,10,,Aggregated,22.000000,0.000000,81,100,120,130,170,200,240,280,400,470,480,14395,0,81,94.46742004814124,28.30604099926859,476.3678079998499,0.0
1772060340,10,,Aggregated,22.200000,0.000000,81,100,120,130,170,200,240,280,400,470,480,14416,0,81,94.45622784295163,28.30604099926859,476.3678079998499,0.0
1772060341,10,,Aggregated,22.700000,0.000000,81,100,120,130,170,200,240,280,400,470,480,14441,0,81,94.4350199695998,28.30604099926859,476.3678079998499,0.0
1772060342,10,,Aggregated,22.600000,0.000000,81,100,120,130,170,200,240,280,400,470,480,14464,0,81,94.40893765002708,28.30604099926859,476.3678079998499,0.0
1772060343,10,,Aggregated,22.400000,0.000000,81,100,120,130,170,200,240,280,400,470,480,14487,0,81,94.37352345061007,28.30604099926859,476.3678079998499,0.0
1772060344,10,,Aggregated,22.400000,0.000000,81,100,120,130,170,200,240,280,400,470,480,14509,0,81,94.36110485533021,28.30604099926859,476.3678079998499,0.0
1772060345,10,,Aggregated,22.400000,0.000000,81,100,120,130,170,200,240,280,400,470,480,14531,0,81,94.34961808203066,28.30604099926859,476.3678079998499,0.0
1772060346,10,,Aggregated,22.500000,0.000000,81,100,120,130,170,200,240,280,400,470,480,14553,0,81,94.37407209503111,28.30604099926859,476.3678079998499,0.0
1772060347,10,,Aggregated,22.800000,0.000000,81,100,120,130,170,200,240,280,400,470,480,14575,0,81,94.35693493495647,28.30604099926859,476.3678079998499,0.0
1772060348,10,,Aggregated,22.800000,0.000000,81,100,120,130,170,200,240,280,400,470,480,14596,0,81,94.32896827699297,28.30604099926859,476.3678079998499,0.0
1772060349,10,,Aggregated,22.600000,0.000000,81,100,120,130,170,200,240,280,400,470,480,14622,0,81,94.3307000640122,28.30604099926859,476.3678079998499,0.0
1772060350,10,,Aggregated,22.800000,0.000000,81,100,120,130,170,200,240,280,400,470,480,14647,0,81,94.32956091431603,28.30604099926859,476.3678079998499,0.0
1772060351,10,,Aggregated,22.800000,0.000000,81,100,120,130,170,200,240,280,400,470,480,14666,0,81,94.31205156082001,28.30604099926859,476.3678079998499,0.0
1772060352,10,,Aggregated,22.500000,0.000000,81,100,120,130,170,200,240,280,400,470,480,14688,0,81,94.31119222651066,28.30604099926859,476.3678079998499,0.0
1772060353,10,,Aggregated,22.700000,0.000000,81,100,120,130,170,200,240,270,400,470,480,14715,0,81,94.27246698532036,28.30604099926859,476.3678079998499,0.0
1772060354,10,,Aggregated,22.300000,0.000000,81,100,120,130,170,200,240,270,400,470,480,14738,0,81,94.25466823653078,28.30604099926859,476.3678079998499,0.0
1772060355,10,,Aggregated,22.500000,0.000000,81,100,120,130,170,200,240,270,400,470,480,14757,0,81,94.22441133570436,28.30604099926859,476.3678079998499,0.0
1772060356,10,,Aggregated,22.600000,0.000000,81,100,120,130,170,200,240,270,400,470,480,14781,0,81,94.23794816467002,28.30604099926859,476.3678079998499,0.0
1772060357,10,,Aggregated,22.700000,0.000000,81,100,120,130,170,200,240,270,400,470,480,14804,0,81,94.24028242427643,28.30604099926859,476.3678079998499,0.0
1772060358,10,,Aggregated,22.600000,0.000000,81,100,120,130,170,200,240,270,400,470,480,14824,0,81,94.27927277839912,28.30604099926859,476.3678079998499,0.0
1772060359,10,,Aggregated,22.700000,0.000000,81,100,120,130,170,200,240,270,400,470,480,14848,0,81,94.29090763058912,28.30604099926859,476.3678079998499,0.0
1772060360,10,,Aggregated,22.600000,0.000000,81,100,120,130,170,200,240,270,400,470,480,14872,0,81,94.25033823029761,28.30604099926859,476.3678079998499,0.0
1772060361,10,,Aggregated,22.400000,0.000000,81,100,120,130,170,200,240,270,400,470,480,14895,0,81,94.27350413595092,28.30604099926859,476.3678079998499,0.0
1772060362,10,,Aggregated,22.500000,0.000000,81,100,120,130,170,200,240,270,400,470,480,14914,0,81,94.29023553064161,28.30604099926859,476.3678079998499,0.0
1772060363,10,,Aggregated,22.300000,0.000000,81,100,120,130,170,200,240,270,400,470,480,14935,0,81,94.28909646555024,28.30604099926859,476.3678079998499,0.0
1772060364,10,,Aggregated,22.500000,0.000000,81,100,120,130,170,200,240,270,400,470,480,14956,0,81,94.31842837784104,28.30604099926859,476.3678079998499,0.0
1772060365,10,,Aggregated,22.200000,0.000000,81,100,120,130,170,200,240,270,400,470,480,14979,0,81,94.31834823352625,28.30604099926859,476.3678079998499,0.0
1772060366,10,,Aggregated,21.800000,0.000000,81,100,120,130,170,200,240,270,400,470,480,15003,0,81,94.31662296433964,28.30604099926859,476.3678079998499,0.0
1772060367,10,,Aggregated,21.800000,0.000000,81,100,120,130,170,200,240,270,400,470,480,15026,0,81,94.27340853946441,28.30604099926859,476.3678079998499,0.0
1772060368,10,,Aggregated,22.000000,0.000000,81,100,120,130,170,200,240,270,400,470,480,15050,0,81,94.23773478730858,28.30604099926859,476.3678079998499,0.0
1772060369,10,,Aggregated,22.000000,0.000000,81,100,120,130,170,200,240,270,400,470,480,15073,0,81,94.22931101771331,28.30604099926859,476.3678079998499,0.0
1772060370,10,,Aggregated,21.900000,0.000000,81,100,120,130,170,200,240,270,400,470,480,15096,0,81,94.20998262930513,28.30604099926859,476.3678079998499,0.0
1772060371,10,,Aggregated,22.000000,0.000000,81,100,120,130,170,200,240,270,400,470,480,15114,0,81,94.23258661373505,28.30604099926859,476.3678079998499,0.0
1772060372,10,,Aggregated,22.100000,0.000000,81,100,120,130,170,200,240,270,400,470,480,15134,0,81,94.33404870120202,28.30604099926859,476.3678079998499,0.0
1772060373,10,,Aggregated,22.000000,0.000000,81,100,120,130,170,200,240,270,400,470,480,15152,0,81,94.35967005035593,28.30604099926859,476.3678079998499,0.0
1772060374,10,,Aggregated,22.000000,0.000000,81,100,120,130,170,200,240,270,400,470,480,15172,0,81,94.42412873009437,28.30604099926859,476.3678079998499,0.0
1772060375,10,,Aggregated,21.900000,0.000000,81,100,120,130,170,200,240,270,400,470,480,15192,0,81,94.45489031542861,28.30604099926859,476.3678079998499,0.0
1772060376,10,,Aggregated,21.700000,0.000000,81,100,120,130,170,200,240,270,400,470,480,15217,0,81,94.46675155299906,28.30604099926859,476.3678079998499,0.0
1772060377,10,,Aggregated,21.200000,0.000000,81,100,120,130,170,200,240,270,400,470,480,15243,0,81,94.46168479315007,28.30604099926859,476.3678079998499,0.0
1772060378,10,,Aggregated,21.200000,0.000000,81,100,120,130,170,200,240,270,400,470,480,15265,0,81,94.44266307612098,28.30604099926859,476.3678079998499,0.0
1772060379,10,,Aggregated,21.200000,0.000000,81,100,120,130,170,200,240,270,400,470,480,15287,0,81,94.40550433950304,28.30604099926859,476.3678079998499,0.0
1772060380,10,,Aggregated,21.400000,0.000000,81,100,120,130,170,200,240,270,400,470,480,15308,0,81,94.46022084563532,28.30604099926859,476.3678079998499,0.0
1772060381,10,,Aggregated,21.500000,0.000000,81,100,120,130,170,200,240,270,400,470,480,15331,0,81,94.45523464744547,28.30604099926859,476.3678079998499,0.0
1772060382,10,,Aggregated,21.300000,0.000000,81,100,120,130,170,200,240,270,400,470,480,15353,0,81,94.43569524848475,28.30604099926859,476.3678079998499,0.0
1772060383,10,,Aggregated,21.500000,0.000000,81,100,120,130,170,200,240,270,400,470,480,15376,0,81,94.46398374291003,28.30604099926859,476.3678079998499,0.0
1772060384,10,,Aggregated,21.400000,0.000000,81,100,120,130,170,200,240,270,400,470,480,15399,0,81,94.46250858055593,28.30604099926859,476.3678079998499,0.0
1772060385,10,,Aggregated,21.700000,0.000000,81,100,120,130,170,200,240,270,400,470,480,15421,0,81,94.44254125581891,28.30604099926859,476.3678079998499,0.0
1772060386,10,,Aggregated,22.100000,0.000000,81,100,120,130,170,200,240,270,400,470,480,15442,0,81,94.44449208250101,28.30604099926859,476.3678079998499,0.0
1772060387,10,,Aggregated,22.200000,0.000000,81,100,120,130,170,200,240,270,400,470,480,15466,0,81,94.42320199320972,28.30604099926859,476.3678079998499,0.0
1772060388,10,,Aggregated,22.300000,0.000000,81,100,120,130,170,200,240,270,400,470,480,15489,0,81,94.4034173955051,28.30604099926859,476.3678079998499,0.0
1772060389,10,,Aggregated,22.200000,0.000000,81,100,120,130,170,200,240,270,400,470,480,15513,0,81,94.38445537123567,28.30604099926859,476.3678079998499,0.0
1772060390,10,,Aggregated,22.100000,0.000000,81,100,120,130,170,200,240,270,400,470,480,15535,0,81,94.34536494541229,28.30604099926859,476.3678079998499,0.0
1772060391,10,,Aggregated,22.200000,0.000000,81,100,120,130,170,200,240,270,400,470,480,15554,0,81,94.3299517575531,28.30604099926859,476.3678079998499,0.0
1772060392,10,,Aggregated,22.700000,0.000000,81,100,120,130,170,200,240,280,400,470,480,15576,0,81,94.50072519780313,28.30604099926859,476.3678079998499,0.0
1772060393,10,,Aggregated,22.500000,0.000000,81,100,120,130,170,200,240,280,400,470,480,15598,0,81,94.49395066764845,28.30604099926859,476.3678079998499,0.0
1772060394,10,,Aggregated,22.300000,0.000000,81,100,120,130,170,200,240,270,400,470,480,15621,0,81,94.4593131834057,28.30604099926859,476.3678079998499,0.0
1772060395,10,,Aggregated,21.700000,0.000000,81,100,120,130,170,200,240,270,400,470,480,15644,0,81,94.43537456110853,28.30604099926859,476.3678079998499,0.0
1772060396,10,,Aggregated,22.100000,0.000000,81,100,120,130,170,200,240,270,400,470,480,15668,0,81,94.41631276372105,28.30604099926859,476.3678079998499,0.0
1772060397,10,,Aggregated,22.100000,0.000000,81,100,120,130,170,200,240,270,400,470,480,15690,0,81,94.42061302351675,28.30604099926859,476.3678079998499,0.0
1772060398,10,,Aggregated,22.200000,0.000000,81,100,120,130,170,200,240,270,400,470,480,15714,0,81,94.41428387794188,28.30604099926859,476.3678079998499,0.0
1772060399,10,,Aggregated,22.500000,0.000000,81,100,120,130,170,200,240,270,400,470,480,15736,0,81,94.4002927114247,28.30604099926859,476.3678079998499,0.0
1772060400,10,,Aggregated,22.600000,0.000000,81,100,120,130,170,200,240,270,400,470,480,15755,0,81,94.39287804804704,28.30604099926859,476.3678079998499,0.0
1772060401,10,,Aggregated,21.900000,0.000000,81,100,120,130,170,200,240,270,400,470,480,15778,0,81,94.4385582336786,28.30604099926859,476.3678079998499,0.0
1772060402,10,,Aggregated,22.000000,0.000000,81,100,120,130,170,200,240,270,400,470,480,15801,0,81,94.42964554945762,28.30604099926859,476.3678079998499,0.0
1772060403,10,,Aggregated,21.900000,0.000000,81,100,120,130,170,200,240,270,400,470,480,15822,0,81,94.44105678592965,28.30604099926859,476.3678079998499,0.0
1772060404,10,,Aggregated,22.000000,0.000000,81,100,120,130,170,200,240,270,400,470,480,15844,0,81,94.40145862200069,28.30604099926859,476.3678079998499,0.0
1772060405,10,,Aggregated,22.500000,0.000000,81,100,120,130,170,200,240,280,400,470,480,15865,0,81,94.50691805477342,28.30604099926859,476.3678079998499,0.0
1772060406,10,,Aggregated,22.000000,0.000000,81,100,120,130,170,200,240,280,400,470,480,15886,0,81,94.52978377508366,28.30604099926859,476.3678079998499,0.0
1772060407,10,,Aggregated,22.400000,0.000000,81,100,120,130,170,200,240,280,400,470,480,15908,0,81,94.52438119895511,28.30604099926859,476.3678079998499,0.0
1772060408,10,,Aggregated,21.600000,0.000000,81,100,120,130,170,200,240,280,400,470,480,15930,0,81,94.51245504400354,28.30604099926859,476.3678079998499,0.0
1772060409,10,,Aggregated,21.300000,0.000000,81,100,120,130,170,200,240,280,400,470,480,15954,0,81,94.50360631509191,28.30604099926859,476.3678079998499,0.0
1772060410,10,,Aggregated,21.100000,0.000000,81,100,120,130,170,200,240,280,400,470,480,15976,0,81,94.53165631584734,28.30604099926859,476.3678079998499,0.0
1772060411,10,,Aggregated,21.500000,0.000000,81,100,120,130,170,200,240,280,400,470,480,15998,0,81,94.52554228959745,28.30604099926859,476.3678079998499,0.0
1772060412,10,,Aggregated,21.300000,0.000000,81,100,120,130,170,200,240,280,390,470,480,16023,0,81,94.49260925650503,28.30604099926859,476.3678079998499,0.0
1772060413,10,,Aggregated,21.700000,0.000000,81,100,120,130,170,200,240,280,390,470,480,16045,0,81,94.47447173056912,28.30604099926859,476.3678079998499,0.0
1772060414,10,,Aggregated,22.300000,0.000000,81,100,120,130,170,200,240,280,390,470,480,16068,0,81,94.42822809428557,28.30604099926859,476.3678079998499,0.0
1772060415,10,,Aggregated,22.100000,0.000000,81,100,120,130,170,200,240,280,390,470,480,16088,0,81,94.38794671991423,28.30604099926859,476.3678079998499,0.0
1772060416,10,,Aggregated,22.400000,0.000000,81,100,120,130,170,200,240,270,390,470,480,16113,0,81,94.37601970737782,28.30604099926859,476.3678079998499,0.0
1772060417,10,,Aggregated,22.300000,0.000000,81,100,120,130,170,200,240,270,390,470,480,16134,0,81,94.37544550353174,28.30604099926859,476.3678079998499,0.0
1772060418,10,,Aggregated,22.700000,0.000000,81,100,120,130,170,200,240,270,390,470,480,16156,0,81,94.46479548997151,28.30604099926859,476.3678079998499,0.0
1772060419,10,,Aggregated,23.000000,0.000000,81,100,120,130,170,200,240,270,390,470,480,16181,0,81,94.43219320072788,28.30604099926859,476.3678079998499,0.0
1772060420,10,,Aggregated,23.000000,0.000000,81,100,120,130,170,200,240,270,390,470,480,16202,0,81,94.4576652677435,28.30604099926859,476.3678079998499,0.0
1772060421,10,,Aggregated,23.000000,0.000000,81,100,120,130,170,200,240,270,390,470,480,16224,0,81,94.41499546332459,28.30604099926859,476.3678079998499,0.0
1772060422,10,,Aggregated,22.400000,0.000000,81,100,120,130,170,200,240,270,390,470,480,16245,0,81,94.43071013881033,28.30604099926859,476.3678079998499,0.0
1772060423,10,,Aggregated,22.300000,0.000000,81,100,120,130,170,200,240,270,390,470,480,16268,0,81,94.38720469510528,28.30604099926859,476.3678079998499,0.0
1772060424,10,,Aggregated,22.100000,0.000000,81,100,120,130,170,200,240,270,390,470,480,16291,0,81,94.35856527604035,28.30604099926859,476.3678079998499,0.0
1772060425,10,,Aggregated,22.200000,0.000000,81,100,120,130,170,200,240,270,390,470,480,16316,0,81,94.35550091327356,28.30604099926859,476.3678079998499,0.0
1772060426,10,,Aggregated,22.200000,0.000000,81,100,120,130,170,200,240,270,390,470,480,16334,0,81,94.3327728922476,28.30604099926859,476.3678079998499,0.0
1772060427,10,,Aggregated,22.200000,0.000000,81,100,120,130,170,200,240,270,390,470,480,16358,0,81,94.31163115710798,28.30604099926859,476.3678079998499,0.0
1772060428,10,,Aggregated,22.300000,0.000000,81,100,120,130,170,200,240,270,390,470,480,16383,0,81,94.26673409985803,28.30604099926859,476.3678079998499,0.0
1772060429,10,,Aggregated,22.100000,0.000000,81,100,120,130,170,200,240,270,390,470,480,16403,0,81,94.36975979887684,28.30604099926859,476.3678079998499,0.0
1772060430,10,,Aggregated,21.800000,0.000000,81,100,120,130,170,200,240,270,390,470,480,16423,0,81,94.37888557437606,28.30604099926859,476.3678079998499,0.0
1772060431,10,,Aggregated,21.900000,0.000000,81,100,120,130,170,200,240,270,390,470,480,16446,0,81,94.36196159005104,28.30604099926859,476.3678079998499,0.0
1772060432,10,,Aggregated,22.400000,0.000000,81,100,120,130,170,200,240,270,390,470,480,16470,0,81,94.34041466211153,28.30604099926859,476.3678079998499,0.0
1772060433,10,,Aggregated,22.500000,0.000000,81,100,120,130,170,200,240,270,390,470,480,16490,0,81,94.36212829975597,28.30604099926859,476.3678079998499,0.0
1772060434,10,,Aggregated,22.000000,0.000000,81,100,120,130,170,200,240,270,390,470,480,16512,0,81,94.39339285047079,28.30604099926859,476.3678079998499,0.0
1772060435,10,,Aggregated,22.300000,0.000000,81,100,120,130,170,200,240,270,390,470,480,16533,0,81,94.36843618901428,28.30604099926859,476.3678079998499,0.0
1772060436,10,,Aggregated,21.500000,0.000000,81,100,120,130,170,200,240,270,390,470,480,16559,0,81,94.36194520496238,28.30604099926859,476.3678079998499,0.0
1772060437,10,,Aggregated,21.800000,0.000000,81,100,120,130,170,200,240,270,390,470,480,16582,0,81,94.36710984718208,28.30604099926859,476.3678079998499,0.0
1772060438,10,,Aggregated,22.000000,0.000000,81,100,120,130,170,200,240,270,390,470,480,16606,0,81,94.37528218499158,28.30604099926859,476.3678079998499,0.0
1772060439,10,,Aggregated,22.200000,0.000000,81,100,120,130,170,200,240,270,390,470,480,16628,0,81,94.41266558046493,28.30604099926859,476.3678079998499,0.0
1772060440,10,,Aggregated,22.100000,0.000000,81,100,120,130,170,200,240,280,390,470,480,16640,0,81,94.52308337145261,28.30604099926859,476.3678079998499,0.0
1772060441,10,,Aggregated,22.300000,0.000000,82,100,120,130,170,200,240,280,390,470,480,16661,0,82,94.74599010965544,28.30604099926859,476.3678079998499,0.0
1772060442,10,,Aggregated,22.200000,0.000000,82,100,120,130,170,200,240,280,390,470,480,16682,0,82,94.72935571591957,28.30604099926859,476.3678079998499,0.0
1772060444,10,,Aggregated,21.200000,0.000000,82,100,120,130,170,200,240,280,390,470,480,16705,0,82,94.72511559149783,28.30604099926859,476.3678079998499,0.0
1772060445,10,,Aggregated,21.200000,0.000000,82,100,120,130,170,200,240,280,390,470,480,16729,0,82,94.7245841352124,28.30604099926859,476.3678079998499,0.0
1772060446,10,,Aggregated,20.800000,0.000000,82,100,120,130,170,200,240,280,390,470,480,16751,0,82,94.71932095988112,28.30604099926859,476.3678079998499,0.0
1772060447,10,,Aggregated,21.400000,0.000000,82,100,120,130,170,200,240,280,390,470,480,16773,0,82,94.71706062838878,28.30604099926859,476.3678079998499,0.0
1772060448,10,,Aggregated,21.100000,0.000000,82,100,120,130,170,200,240,280,390,470,480,16795,0,82,94.69395729151321,28.30604099926859,476.3678079998499,0.0
1772060449,10,,Aggregated,20.900000,0.000000,82,100,120,130,170,200,240,280,390,470,480,16817,0,82,94.69752329339175,28.30604099926859,476.3678079998499,0.0
1772060450,10,,Aggregated,20.900000,0.000000,82,100,120,130,170,200,240,280,390,470,480,16838,0,82,94.65978209870363,28.30604099926859,476.3678079998499,0.0
1772060451,10,,Aggregated,21.200000,0.000000,82,100,120,130,170,200,240,280,390,470,480,16862,0,82,94.66656970572704,28.30604099926859,476.3678079998499,0.0
1772060452,10,,Aggregated,20.800000,0.000000,82,100,120,130,170,200,240,280,390,470,480,16886,0,82,94.66403368322683,28.30604099926859,476.3678079998499,0.0
1772060453,10,,Aggregated,22.000000,0.000000,82,100,120,130,170,200,240,280,390,470,480,16909,0,82,94.6302774822265,28.30604099926859,476.3678079998499,0.0
1772060454,10,,Aggregated,22.500000,0.000000,82,100,120,130,170,200,240,280,390,470,480,16934,0,82,94.60432577022355,28.30604099926859,476.3678079998499,0.0
1772060455,10,,Aggregated,22.500000,0.000000,81,100,120,130,170,200,240,280,390,470,480,16955,0,81,94.5974956244744,28.30604099926859,476.3678079998499,0.0
1772060456,10,,Aggregated,22.500000,0.000000,81,100,120,130,170,200,240,280,390,470,480,16975,0,81,94.57279906367975,28.30604099926859,476.3678079998499,0.0
1772060457,10,,Aggregated,22.600000,0.000000,81,100,120,130,170,200,240,280,390,470,480,16997,0,81,94.5846123149947,28.30604099926859,476.3678079998499,0.0
1772060458,10,,Aggregated,22.400000,0.000000,81,100,120,130,170,200,240,280,390,470,480,17022,0,81,94.53874141557759,28.30604099926859,476.3678079998499,0.0
1772060459,10,,Aggregated,22.400000,0.000000,81,100,120,130,170,200,240,280,390,470,480,17043,0,81,94.51506138807483,28.30604099926859,476.3678079998499,0.0
1772060460,10,,Aggregated,22.400000,0.000000,81,100,120,130,170,200,240,280,390,470,480,17064,0,81,94.48523986714497,28.30604099926859,476.3678079998499,0.0
1772060461,10,,Aggregated,22.800000,0.000000,81,100,120,130,170,200,240,280,390,470,480,17086,0,81,94.51031088142113,28.30604099926859,476.3678079998499,0.0
1772060462,10,,Aggregated,22.600000,0.000000,81,100,120,130,170,200,240,280,390,470,480,17108,0,81,94.55538267272405,28.30604099926859,476.3678079998499,0.0
1772060463,10,,Aggregated,22.200000,0.000000,81,100,120,130,170,200,240,280,390,470,480,17126,0,81,94.5580335802266,28.30604099926859,476.3678079998499,0.0
1772060464,10,,Aggregated,21.500000,0.000000,81,100,120,130,170,200,240,280,390,470,480,17150,0,81,94.56691009451663,28.30604099926859,476.3678079998499,0.0
1772060465,10,,Aggregated,21.500000,0.000000,81,100,120,130,170,200,240,280,390,470,480,17167,0,81,94.54013286700987,28.30604099926859,476.3678079998499,0.0
1772060466,10,,Aggregated,21.900000,0.000000,81,100,120,130,170,200,240,280,390,470,480,17191,0,81,94.62413871420858,28.30604099926859,476.3678079998499,0.0
1772060467,10,,Aggregated,21.400000,0.000000,81,100,120,130,170,200,240,280,390,470,480,17216,0,81,94.64099808108496,28.30604099926859,476.3678079998499,0.0
1772060468,10,,Aggregated,21.400000,0.000000,82,100,120,130,170,200,240,280,390,470,480,17237,0,82,94.64632307025323,28.30604099926859,476.3678079998499,0.0
1772060469,10,,Aggregated,21.000000,0.000000,82,100,120,130,170,200,240,280,390,470,480,17256,0,81,94.66608977769782,28.30604099926859,476.3678079998499,0.0
1772060470,10,,Aggregated,21.300000,0.000000,82,100,120,130,170,200,240,280,390,470,480,17281,0,82,94.66901677882954,28.30604099926859,476.3678079998499,0.0
1772060471,10,,Aggregated,21.200000,0.000000,81,100,120,130,170,200,240,280,390,470,480,17304,0,81,94.63800156518454,28.30604099926859,476.3678079998499,0.0
1772060472,10,,Aggregated,21.000000,0.000000,81,100,120,130,170,200,240,280,390,470,480,17328,0,81,94.62037765691106,28.30604099926859,476.3678079998499,0.0
1772060473,10,,Aggregated,21.600000,0.000000,81,100,120,130,170,200,240,280,390,470,480,17349,0,81,94.61613944002285,28.30604099926859,476.3678079998499,0.0
1772060474,10,,Aggregated,22.100000,0.000000,81,100,120,130,170,200,240,280,390,470,480,17371,0,81,94.62858549139116,28.30604099926859,476.3678079998499,0.0
1772060475,10,,Aggregated,21.600000,0.000000,81,100,120,130,170,200,240,280,390,470,480,17391,0,81,94.60846880581661,28.30604099926859,476.3678079998499,0.0
1772060476,10,,Aggregated,21.400000,0.000000,81,100,120,130,170,200,240,280,390,470,480,17413,0,81,94.59359059748193,28.30604099926859,476.3678079998499,0.0
1772060477,10,,Aggregated,22.000000,0.000000,81,100,120,130,170,200,240,280,390,470,480,17433,0,81,94.6088333286269,28.30604099926859,476.3678079998499,0.0
1772060478,10,,Aggregated,21.900000,0.000000,81,100,120,130,170,200,240,280,390,470,480,17459,0,81,94.58834222704361,28.30604099926859,476.3678079998499,0.0
1772060479,10,,Aggregated,22.000000,0.000000,81,100,120,130,170,200,240,280,390,470,480,17478,0,81,94.58377386497052,28.30604099926859,476.3678079998499,0.0
1772060480,10,,Aggregated,21.900000,0.000000,81,100,120,130,170,200,240,280,390,470,480,17501,0,81,94.57934824358348,28.30604099926859,476.3678079998499,0.0
1772060481,10,,Aggregated,22.000000,0.000000,81,100,120,130,170,200,240,280,390,470,480,17522,0,81,94.60306743094134,28.30604099926859,476.3678079998499,0.0
1772060482,10,,Aggregated,22.500000,0.000000,81,100,120,130,170,200,240,280,390,470,480,17546,0,81,94.59342228633042,28.30604099926859,476.3678079998499,0.0
1772060483,10,,Aggregated,21.600000,0.000000,81,100,120,130,170,200,240,280,390,470,480,17569,0,81,94.57664271654347,28.30604099926859,476.3678079998499,0.0
1772060484,10,,Aggregated,21.700000,0.000000,81,100,120,130,170,200,240,280,390,470,480,17590,0,81,94.57379965343662,28.30604099926859,476.3678079998499,0.0
1772060485,10,,Aggregated,22.300000,0.000000,81,100,120,130,170,200,240,280,390,470,480,17615,0,81,94.55192380448173,28.30604099926859,476.3678079998499,0.0
1772060486,10,,Aggregated,22.200000,0.000000,81,100,120,130,170,200,240,280,390,470,480,17635,0,81,94.57146214425565,28.30604099926859,476.3678079998499,0.0
1772060487,10,,Aggregated,22.200000,0.000000,81,100,120,130,170,200,240,280,390,470,480,17657,0,81,94.54089199093544,28.30604099926859,476.3678079998499,0.0
1772060488,10,,Aggregated,21.700000,0.000000,81,100,120,130,170,200,240,280,390,470,480,17683,0,81,94.50878831589347,28.30604099926859,476.3678079998499,0.0
1772060489,10,,Aggregated,22.600000,0.000000,81,100,120,130,170,200,240,280,390,470,480,17707,0,81,94.49215224153988,28.30604099926859,476.3678079998499,0.0
1772060490,10,,Aggregated,22.400000,0.000000,81,100,120,130,170,200,240,280,390,470,480,17729,0,81,94.48196579141224,28.30604099926859,476.3678079998499,0.0
1772060491,10,,Aggregated,22.500000,0.000000,81,100,120,130,170,200,240,280,390,470,480,17757,0,81,94.45989524941982,28.30604099926859,476.3678079998499,0.0
1772060492,10,,Aggregated,22.000000,0.000000,81,100,120,130,170,200,240,280,390,470,480,17778,0,81,94.42015593165424,28.30604099926859,476.3678079998499,0.0
1772060493,10,,Aggregated,23.100000,0.000000,81,100,120,130,170,200,240,280,390,470,480,17805,0,81,94.39220051221268,28.30604099926859,476.3678079998499,0.0
1772060494,10,,Aggregated,23.200000,0.000000,81,100,120,130,170,200,240,280,390,470,480,17824,0,81,94.38059796409046,28.30604099926859,476.3678079998499,0.0
1772060495,10,,Aggregated,23.000000,0.000000,81,100,120,130,170,200,240,280,390,470,480,17849,0,81,94.4182483596811,28.30604099926859,476.3678079998499,0.0
1772060496,10,,Aggregated,23.500000,0.000000,81,100,120,130,170,200,240,280,390,470,480,17873,0,81,94.39626695960092,28.30604099926859,476.3678079998499,0.0
1772060497,10,,Aggregated,23.000000,0.000000,81,100,120,130,170,200,240,280,390,470,480,17898,0,81,94.38323164018038,28.30604099926859,476.3678079998499,0.0
1772060498,10,,Aggregated,23.600000,0.000000,81,100,120,130,170,200,240,280,390,470,480,17921,0,81,94.35746298470791,28.30604099926859,476.3678079998499,0.0
1772060499,10,,Aggregated,23.500000,0.000000,81,100,120,130,170,200,240,280,390,470,480,17940,0,81,94.33766252814652,28.30604099926859,476.3678079998499,0.0
1772060500,10,,Aggregated,23.600000,0.000000,81,100,120,130,170,200,240,280,390,470,480,17966,0,81,94.30470739157013,28.30604099926859,476.3678079998499,0.0
1772060501,10,,Aggregated,23.300000,0.000000,81,100,120,130,170,200,240,280,390,470,480,17987,0,81,94.27019397937113,28.30604099926859,476.3678079998499,0.0
1772060502,10,,Aggregated,23.400000,0.000000,81,100,120,130,170,200,240,280,390,470,480,18010,0,81,94.29069425813147,28.30604099926859,476.3678079998499,0.0
1772060503,10,,Aggregated,23.000000,0.000000,81,100,120,130,170,200,240,280,390,470,480,18029,0,81,94.2795783999639,28.30604099926859,476.3678079998499,0.0
1772060504,10,,Aggregated,22.800000,0.000000,81,100,120,130,170,200,240,280,390,470,480,18053,0,81,94.27675864166324,28.30604099926859,476.3678079998499,0.0
1772060505,10,,Aggregated,23.000000,0.000000,81,100,120,130,170,200,240,280,390,470,480,18078,0,81,94.24920236369886,28.30604099926859,476.3678079998499,0.0
1772060506,10,,Aggregated,22.300000,0.000000,81,100,120,130,170,200,240,280,390,470,480,18103,0,81,94.20686919620763,28.30604099926859,476.3678079998499,0.0
1772060507,10,,Aggregated,22.900000,0.000000,81,100,120,130,170,200,240,280,390,470,480,18125,0,81,94.19886139100385,28.30604099926859,476.3678079998499,0.0
1772060508,10,,Aggregated,23.100000,0.000000,81,100,120,130,170,200,240,280,390,470,480,18148,0,81,94.2194879256084,28.30604099926859,476.3678079998499,0.0
1772060509,10,,Aggregated,22.800000,0.000000,81,100,120,130,170,200,240,280,390,470,480,18161,0,81,94.31444581454446,28.30604099926859,476.3678079998499,0.0
1772060510,10,,Aggregated,22.800000,0.000000,81,100,120,130,170,200,240,280,390,470,480,18181,0,81,94.41583985220515,28.30604099926859,476.3678079998499,0.0
1772060511,10,,Aggregated,22.000000,0.000000,81,100,120,130,170,200,240,280,390,470,480,18202,0,81,94.43650840006265,28.30604099926859,476.3678079998499,0.0
1772060512,10,,Aggregated,21.600000,0.000000,81,100,120,130,170,200,240,280,390,470,480,18224,0,81,94.53432141428569,28.30604099926859,476.3678079998499,0.0
1772060513,10,,Aggregated,21.600000,0.000000,81,100,120,130,170,200,240,280,390,470,480,18248,0,81,94.49841132715576,28.30604099926859,476.3678079998499,0.0
1772060514,10,,Aggregated,21.300000,0.000000,81,100,120,130,170,200,240,280,390,470,480,18271,0,81,94.49975486584954,28.30604099926859,476.3678079998499,0.0
1772060515,10,,Aggregated,21.000000,0.000000,81,100,120,130,170,200,240,280,390,470,480,18291,0,81,94.49736251325456,28.30604099926859,476.3678079998499,0.0
1772060516,10,,Aggregated,21.300000,0.000000,81,100,120,130,170,200,240,280,390,470,480,18316,0,81,94.49449107883483,28.30604099926859,476.3678079998499,0.0
1772060517,10,,Aggregated,21.100000,0.000000,81,100,120,130,170,200,240,280,390,470,480,18340,0,81,94.50584301379159,28.30604099926859,476.3678079998499,0.0
1772060518,10,,Aggregated,20.900000,0.000000,81,100,120,130,170,200,240,280,390,470,480,18363,0,81,94.47885480416787,28.30604099926859,476.3678079998499,0.0
1772060519,10,,Aggregated,20.700000,0.000000,81,100,120,130,170,200,240,280,390,470,480,18382,0,81,94.45637130007266,28.30604099926859,476.3678079998499,0.0
1772060520,10,,Aggregated,20.900000,0.000000,81,100,120,130,170,200,240,280,390,470,480,18402,0,81,94.53315441625553,28.30604099926859,476.3678079998499,0.0
1772060521,10,,Aggregated,21.600000,0.000000,81,100,120,130,170,200,240,280,390,470,480,18425,0,81,94.51908177345648,28.30604099926859,476.3678079998499,0.0
1772060522,10,,Aggregated,22.200000,0.000000,81,100,120,130,170,200,240,280,390,470,480,18441,0,81,94.49598796171222,28.30604099926859,476.3678079998499,0.0
1772060523,10,,Aggregated,21.800000,0.000000,81,100,120,130,170,200,240,280,390,470,480,18471,0,81,94.50586788495127,28.30604099926859,476.3678079998499,0.0
1772060524,10,,Aggregated,22.000000,0.000000,81,100,120,130,170,200,240,280,390,470,480,18492,0,81,94.52648263329742,28.30604099926859,476.3678079998499,0.0
1772060525,10,,Aggregated,21.900000,0.000000,81,100,120,130,170,200,240,280,390,470,480,18511,0,81,94.54772017783675,28.30604099926859,476.3678079998499,0.0
1772060526,10,,Aggregated,21.900000,0.000000,81,100,120,130,170,200,240,280,390,470,480,18535,0,81,94.5367089859151,28.30604099926859,476.3678079998499,0.0
1772060527,10,,Aggregated,21.900000,0.000000,81,100,120,130,170,200,240,280,390,470,480,18559,0,81,94.5676492917148,28.30604099926859,476.3678079998499,0.0
1772060528,10,,Aggregated,22.100000,0.000000,81,100,120,130,170,200,240,280,390,470,480,18584,0,81,94.55582003766305,28.30604099926859,476.3678079998499,0.0
1772060529,10,,Aggregated,22.200000,0.000000,81,100,120,130,170,200,240,280,390,470,480,18608,0,81,94.52455345114619,28.30604099926859,476.3678079998499,0.0
1772060530,10,,Aggregated,22.100000,0.000000,81,100,120,130,170,200,240,280,390,470,480,18630,0,81,94.51300219022691,28.30604099926859,476.3678079998499,0.0
1772060531,10,,Aggregated,22.500000,0.000000,81,100,120,130,170,200,240,280,390,470,480,18654,0,81,94.52941507917487,28.30604099926859,476.3678079998499,0.0
1772060532,10,,Aggregated,22.300000,0.000000,81,100,120,130,170,200,240,280,390,470,480,18675,0,81,94.50877396770703,28.30604099926859,476.3678079998499,0.0
1772060533,10,,Aggregated,22.800000,0.000000,81,100,120,130,170,200,240,280,390,470,480,18697,0,81,94.52688973599672,28.30604099926859,476.3678079998499,0.0
1772060534,10,,Aggregated,22.800000,0.000000,81,100,120,130,170,200,240,280,390,470,480,18719,0,81,94.52281707964801,28.30604099926859,476.3678079998499,0.0
1772060535,10,,Aggregated,22.400000,0.000000,81,100,120,130,170,200,240,280,390,470,480,18742,0,81,94.4993006847153,28.30604099926859,476.3678079998499,0.0
1772060536,10,,Aggregated,22.700000,0.000000,81,100,120,130,170,200,240,280,390,470,480,18766,0,81,94.4755163835624,28.30604099926859,476.3678079998499,0.0
1772060537,10,,Aggregated,22.900000,0.000000,81,100,120,130,170,200,240,280,390,470,480,18788,0,81,94.47402020757563,28.30604099926859,476.3678079998499,0.0
1772060538,10,,Aggregated,22.700000,0.000000,81,100,120,130,170,200,240,280,390,470,480,18814,0,81,94.46407313526787,28.30604099926859,476.3678079998499,0.0
1772060539,10,,Aggregated,22.900000,0.000000,81,100,120,130,170,200,240,280,390,470,480,18836,0,81,94.50519565077138,28.30604099926859,476.3678079998499,0.0
1772060540,10,,Aggregated,22.800000,0.000000,81,100,120,130,170,200,240,280,390,470,480,18857,0,81,94.49967309603493,28.30604099926859,476.3678079998499,0.0
1772060541,10,,Aggregated,22.500000,0.000000,81,100,120,130,170,200,240,280,390,470,480,18878,0,81,94.4735230159407,28.30604099926859,476.3678079998499,0.0
1772060542,10,,Aggregated,22.600000,0.000000,81,100,120,130,170,200,240,280,390,470,480,18901,0,81,94.47091349515513,28.30604099926859,476.3678079998499,0.0
1772060543,10,,Aggregated,22.300000,0.000000,81,100,120,130,170,200,240,280,390,470,480,18923,0,81,94.45774488727636,28.30604099926859,476.3678079998499,0.0
1772060544,10,,Aggregated,22.100000,0.000000,81,100,120,130,170,200,240,280,390,470,480,18948,0,81,94.4422326963231,28.30604099926859,476.3678079998499,0.0
1772060545,10,,Aggregated,23.000000,0.000000,81,100,120,130,170,200,240,280,390,470,480,18970,0,81,94.42347828291672,28.30604099926859,476.3678079998499,0.0
1772060546,10,,Aggregated,22.900000,0.000000,81,100,120,130,170,200,240,280,390,470,480,18991,0,81,94.39409947990782,28.30604099926859,476.3678079998499,0.0
1772060547,10,,Aggregated,22.600000,0.000000,81,100,120,130,170,200,240,280,370,470,480,19013,0,81,94.44528907010616,28.30604099926859,476.3678079998499,0.0
1772060548,10,,Aggregated,22.600000,0.000000,81,100,120,130,170,200,240,280,370,470,480,19033,0,81,94.46105352592487,28.30604099926859,476.3678079998499,0.0
1772060549,10,,Aggregated,22.300000,0.000000,81,100,120,130,170,200,240,280,370,470,480,19058,0,81,94.43078345550052,28.30604099926859,476.3678079998499,0.0
1772060550,10,,Aggregated,22.000000,0.000000,81,100,120,130,170,200,240,280,370,470,480,19083,0,81,94.39298873127542,28.30604099926859,476.3678079998499,0.0
1772060551,10,,Aggregated,22.000000,0.000000,81,100,120,130,170,200,240,280,370,470,480,19098,0,81,94.38427145219032,28.30604099926859,476.3678079998499,0.0
1772060552,10,,Aggregated,22.200000,0.000000,81,100,120,130,170,200,240,280,370,470,480,19123,0,81,94.50054063901739,28.30604099926859,476.3678079998499,0.0
1772060553,10,,Aggregated,22.400000,0.000000,81,100,120,130,170,200,240,280,370,470,480,19142,0,81,94.49924920932662,28.30604099926859,476.3678079998499,0.0
1772060554,10,,Aggregated,22.700000,0.000000,81,100,120,130,170,200,240,280,370,470,480,19166,0,81,94.5221802512746,28.30604099926859,476.3678079998499,0.0
1772060555,10,,Aggregated,21.900000,0.000000,81,100,120,130,170,200,240,280,370,470,480,19191,0,81,94.49268388113859,28.30604099926859,476.3678079998499,0.0
1772060556,10,,Aggregated,21.100000,0.000000,81,100,120,130,170,200,240,280,370,470,480,19216,0,81,94.47661380593935,28.30604099926859,476.3678079998499,0.0
1772060557,10,,Aggregated,21.600000,0.000000,81,100,120,130,170,200,240,280,370,470,480,19237,0,81,94.50335682969967,28.30604099926859,476.3678079998499,0.0
1772060558,10,,Aggregated,21.900000,0.000000,81,100,120,130,170,200,240,280,370,470,480,19258,0,81,94.51332023465248,28.30604099926859,476.3678079998499,0.0
1772060559,10,,Aggregated,22.000000,0.000000,81,100,120,130,170,200,240,280,370,470,480,19283,0,81,94.50984738629555,28.30604099926859,476.3678079998499,0.0
1772060560,10,,Aggregated,22.500000,0.000000,81,100,120,130,170,200,240,280,370,470,480,19306,0,81,94.48939261348465,28.30604099926859,476.3678079998499,0.0
1772060561,10,,Aggregated,22.400000,0.000000,81,100,120,130,170,200,240,280,370,470,480,19330,0,81,94.48850928147615,28.30604099926859,476.3678079998499,0.0
1772060562,10,,Aggregated,22.200000,0.000000,81,100,120,130,170,200,240,280,370,470,480,19353,0,81,94.49400898196313,28.30604099926859,476.3678079998499,0.0
1772060563,10,,Aggregated,22.100000,0.000000,81,100,120,130,170,200,240,280,370,470,480,19376,0,81,94.4665987793628,28.30604099926859,476.3678079998499,0.0
1772060564,10,,Aggregated,22.300000,0.000000,81,100,120,130,170,200,240,280,370,470,480,19401,0,81,94.4297649940691,28.30604099926859,476.3678079998499,0.0
1772060565,10,,Aggregated,22.700000,0.000000,81,100,120,130,170,200,240,280,370,470,480,19419,0,81,94.40799825685846,28.30604099926859,476.3678079998499,0.0
1772060567,10,,Aggregated,23.500000,0.000000,81,100,120,130,170,200,240,280,370,470,480,19440,0,81,94.4506711557064,28.30604099926859,476.3678079998499,0.0
1772060568,10,,Aggregated,23.200000,0.000000,81,100,120,130,170,200,240,280,370,470,480,19463,0,81,94.50660255617989,28.30604099926859,476.3678079998499,0.0
1772060569,10,,Aggregated,22.500000,0.000000,81,100,120,130,170,200,240,280,370,470,480,19485,0,81,94.50244580774599,28.30604099926859,476.3678079998499,0.0
1772060570,10,,Aggregated,22.200000,0.000000,81,100,120,130,170,200,240,280,370,470,480,19506,0,81,94.519194406128,28.30604099926859,476.3678079998499,0.0
1772060571,10,,Aggregated,22.300000,0.000000,81,100,120,130,170,200,240,280,370,470,480,19529,0,81,94.50588831460568,28.30604099926859,476.3678079998499,0.0
1772060572,10,,Aggregated,22.000000,0.000000,81,100,120,130,170,200,240,280,370,470,480,19555,0,81,94.49539002203704,28.30604099926859,476.3678079998499,0.0
1772060573,10,,Aggregated,22.000000,0.000000,81,100,120,130,170,200,240,280,370,470,480,19574,0,81,94.49418215908511,28.30604099926859,476.3678079998499,0.0
1772060574,10,,Aggregated,22.000000,0.000000,81,100,120,130,170,200,240,280,370,470,480,19596,0,81,94.47688928791234,28.30604099926859,476.3678079998499,0.0
1772060575,10,,Aggregated,22.000000,0.000000,81,100,120,130,170,200,240,280,370,470,480,19621,0,81,94.48058390484327,28.30604099926859,476.3678079998499,0.0
1772060576,10,,Aggregated,21.800000,0.000000,81,100,120,130,170,200,240,280,370,470,480,19644,0,81,94.4724074171722,28.30604099926859,476.3678079998499,0.0
1772060577,10,,Aggregated,21.600000,0.000000,81,100,120,130,170,200,240,280,370,470,480,19667,0,81,94.43620113082476,28.30604099926859,476.3678079998499,0.0
1772060578,10,,Aggregated,22.200000,0.000000,81,100,120,130,170,200,240,280,370,470,480,19691,0,81,94.45291245609323,28.30604099926859,476.3678079998499,0.0
1772060579,10,,Aggregated,22.500000,0.000000,81,100,120,130,170,200,240,280,370,470,480,19715,0,81,94.47767118462752,28.30604099926859,476.3678079998499,0.0
1772060580,10,,Aggregated,22.600000,0.000000,81,100,120,130,170,200,240,280,370,470,480,19737,0,81,94.49072472923604,28.30604099926859,476.3678079998499,0.0
1772060581,10,,Aggregated,22.600000,0.000000,81,100,120,130,170,200,240,280,370,470,480,19758,0,81,94.45496580184893,28.30604099926859,476.3678079998499,0.0
1772060582,10,,Aggregated,23.000000,0.000000,81,100,120,130,170,200,240,280,370,470,480,19781,0,81,94.45319017885518,28.30604099926859,476.3678079998499,0.0
1772060583,10,,Aggregated,23.100000,0.000000,81,100,120,130,170,200,240,280,370,470,480,19804,0,81,94.46515838789801,28.30604099926859,476.3678079998499,0.0
1772060584,10,,Aggregated,22.800000,0.000000,81,100,120,130,170,200,240,280,370,470,480,19826,0,81,94.47498769095809,28.30604099926859,476.3678079998499,0.0
1772060585,10,,Aggregated,23.000000,0.000000,81,100,120,130,170,200,240,280,370,470,480,19844,0,81,94.52735162088963,28.30604099926859,476.3678079998499,0.0
1772060586,10,,Aggregated,22.900000,0.000000,81,100,120,130,170,200,240,280,370,470,480,19870,0,81,94.53011971418888,28.30604099926859,476.3678079998499,0.0
