Timestamp,User Count,Type,Name,Requests/s,Failures/s,50%,66%,75%,80%,90%,95%,98%,99%,99.9%,99.99%,100%,Total Request Count,Total Failure Count,Total Median Response Time,Total Average Response Time,Total Min Response Time,Total Max Response Time,Total Average Content Size
1772119406,0,,Aggregated,0.000000,0.000000,N/A,N/A,N/A,N/A,N/A,N/A,N/A,N/A,N/A,N/A,N/A,0,0,0,0.0,0,0,0
1772119407,10,,Aggregated,0.000000,0.000000,680,690,690,700,720,720,720,720,720,720,720,10,0,670.0,670.6426706999991,607.4374410000019,716.7859569999564,0.0
1772119408,10,,Aggregated,0.000000,0.000000,490,650,670,680,690,700,720,720,720,720,720,23,0,490.0,508.0935573042829,275.36502000020846,716.7859569999564,0.0
1772119409,10,,Aggregated,0.000000,0.000000,400,430,610,650,690,700,720,720,720,720,720,40,0,400.0,445.5672669999103,275.36502000020846,716.7859569999564,0.0
1772119410,10,,Aggregated,5.000000,0.000000,370,410,490,500,670,690,700,720,720,720,720,54,0,360.0,414.2817723703013,250.83595199976116,716.7859569999564,0.0
1772119411,10,,Aggregated,9.333333,0.000000,350,400,430,490,660,690,700,720,720,720,720,69,0,350.0,397.7248362753412,250.83595199976116,716.7859569999564,0.0
1772119412,10,,Aggregated,10.000000,0.000000,340,380,410,430,630,680,700,720,720,720,720,81,0,340.0,389.2416722839339,250.83595199976116,716.7859569999564,0.0
1772119413,10,,Aggregated,11.400000,0.000000,350,400,410,430,610,680,700,720,720,720,720,95,0,350.0,390.1592755473566,250.83595199976116,716.7859569999564,0.0
1772119414,10,,Aggregated,11.833333,0.000000,350,400,410,430,560,670,690,700,720,720,720,109,0,350.0,389.6465604036892,250.83595199976116,716.7859569999564,0.0
1772119415,10,,Aggregated,11.714286,0.000000,350,380,410,430,500,660,690,700,720,720,720,121,0,350.0,385.9071736694377,250.83595199976116,716.7859569999564,0.0
1772119416,10,,Aggregated,12.000000,0.000000,350,390,410,420,500,660,690,700,720,720,720,136,0,350.0,384.1029994632596,250.83595199976116,716.7859569999564,0.0
1772119417,10,,Aggregated,12.333333,0.000000,360,390,410,420,500,650,690,700,720,720,720,150,0,350.0,382.15053420000913,250.83595199976116,716.7859569999564,0.0
1772119418,10,,Aggregated,12.300000,0.000000,360,390,410,420,490,630,690,700,720,720,720,164,0,360.0,381.6389664695313,250.83595199976116,716.7859569999564,0.0
1772119419,10,,Aggregated,13.700000,0.000000,350,380,410,410,480,630,690,700,720,720,720,178,0,350.0,376.78833117418566,250.83595199976116,716.7859569999564,0.0
1772119420,10,,Aggregated,14.300000,0.000000,350,380,400,410,470,610,690,700,720,720,720,193,0,350.0,374.6221562021088,250.83595199976116,716.7859569999564,0.0
1772119421,10,,Aggregated,13.800000,0.000000,350,370,400,410,470,590,680,690,720,720,720,207,0,350.0,371.8855760000292,250.83595199976116,716.7859569999564,0.0
1772119422,10,,Aggregated,14.100000,0.000000,350,380,410,420,490,640,680,690,720,720,720,218,0,350.0,377.94378357801486,250.83595199976116,716.7859569999564,0.0
1772119423,10,,Aggregated,13.700000,0.000000,360,390,410,430,510,650,680,690,720,720,720,231,0,360.0,385.3385554372648,250.83595199976116,716.7859569999564,0.0
1772119424,10,,Aggregated,13.700000,0.000000,360,390,410,430,500,640,680,690,720,720,720,246,0,360.0,382.86926290652974,250.83595199976116,716.7859569999564,0.0
1772119425,10,,Aggregated,13.900000,0.000000,350,380,410,420,500,630,680,690,720,720,720,261,0,350.0,380.3562289119022,250.83595199976116,716.7859569999564,0.0
1772119426,10,,Aggregated,13.700000,0.000000,350,370,400,420,500,630,680,690,720,720,720,277,0,350.0,377.3750063249407,250.83595199976116,716.7859569999564,0.0
1772119427,10,,Aggregated,13.600000,0.000000,350,370,400,410,500,610,680,690,720,720,720,290,0,350.0,374.4133416620945,250.83595199976116,716.7859569999564,0.0
1772119428,10,,Aggregated,14.000000,0.000000,350,370,400,410,490,590,670,690,720,720,720,305,0,350.0,372.23047259019523,250.83595199976116,716.7859569999564,0.0
1772119429,10,,Aggregated,14.100000,0.000000,350,370,390,410,490,590,670,690,720,720,720,320,0,350.0,369.6233492625338,243.15120600022055,716.7859569999564,0.0
1772119430,10,,Aggregated,13.700000,0.000000,350,370,390,410,500,610,670,690,720,720,720,334,0,350.0,370.65345782039645,243.15120600022055,716.7859569999564,0.0
1772119431,10,,Aggregated,14.200000,0.000000,350,370,400,410,490,610,670,690,720,720,720,348,0,350.0,370.57916231613257,243.15120600022055,716.7859569999564,0.0
1772119432,10,,Aggregated,14.100000,0.000000,350,370,400,410,480,590,670,690,720,720,720,363,0,350.0,370.7317598209732,243.15120600022055,716.7859569999564,0.0
1772119433,10,,Aggregated,14.100000,0.000000,350,370,390,410,480,590,670,690,720,720,720,378,0,350.0,368.67126669050936,215.40571299919975,716.7859569999564,0.0
1772119434,10,,Aggregated,14.000000,0.000000,350,370,390,410,470,590,670,690,720,720,720,393,0,350.0,367.32327982445133,215.40571299919975,716.7859569999564,0.0
1772119435,10,,Aggregated,14.400000,0.000000,350,370,390,410,470,560,660,680,720,720,720,409,0,350.0,366.1766006552726,215.40571299919975,716.7859569999564,0.0
1772119436,10,,Aggregated,14.500000,0.000000,350,370,390,400,470,560,660,680,720,720,720,423,0,350.0,365.3887699527282,215.40571299919975,716.7859569999564,0.0
1772119437,10,,Aggregated,14.600000,0.000000,340,360,380,400,470,560,660,680,720,720,720,437,0,340.0,363.5672177185437,215.40571299919975,716.7859569999564,0.0
1772119438,10,,Aggregated,14.600000,0.000000,340,360,380,400,450,560,650,680,720,720,720,453,0,340.0,363.39429970199194,215.40571299919975,716.7859569999564,0.0
1772119439,10,,Aggregated,14.500000,0.000000,350,370,390,400,450,550,650,680,720,720,720,468,0,350.0,363.92783359188536,215.40571299919975,716.7859569999564,0.0
1772119440,10,,Aggregated,14.800000,0.000000,350,370,380,400,450,510,650,680,720,720,720,481,0,350.0,363.1903038482421,215.40571299919975,716.7859569999564,0.0
1772119441,10,,Aggregated,14.600000,0.000000,350,370,390,410,450,520,650,680,720,720,720,495,0,350.0,365.2099633192059,215.40571299919975,716.7859569999564,0.0
1772119442,10,,Aggregated,14.600000,0.000000,350,370,400,410,460,510,650,680,720,720,720,507,0,350.0,366.3428698461654,215.40571299919975,716.7859569999564,0.0
1772119444,10,,Aggregated,14.600000,0.000000,350,370,400,410,450,510,650,680,720,720,720,520,0,350.0,366.13513124616316,215.40571299919975,716.7859569999564,0.0
1772119445,10,,Aggregated,14.700000,0.000000,350,370,390,410,450,510,650,680,720,720,720,537,0,350.0,365.47474930354764,215.40571299919975,716.7859569999564,0.0
1772119446,10,,Aggregated,14.200000,0.000000,350,370,390,410,450,510,650,680,720,720,720,552,0,350.0,364.213702273563,215.40571299919975,716.7859569999564,0.0
1772119447,10,,Aggregated,14.200000,0.000000,350,370,390,410,450,510,650,680,720,720,720,565,0,350.0,363.6108000867394,215.40571299919975,716.7859569999564,0.0
1772119448,10,,Aggregated,14.400000,0.000000,350,370,390,410,450,510,650,680,720,720,720,580,0,350.0,363.4804736620795,215.40571299919975,716.7859569999564,0.0
1772119449,10,,Aggregated,14.300000,0.000000,350,370,390,410,450,510,650,680,720,720,720,592,0,350.0,364.7930095962923,215.40571299919975,716.7859569999564,0.0
1772119450,10,,Aggregated,14.200000,0.000000,350,370,390,410,450,500,640,670,720,720,720,606,0,350.0,364.9239896270695,215.40571299919975,716.7859569999564,0.0
1772119451,10,,Aggregated,13.800000,0.000000,350,380,400,410,450,500,640,670,720,720,720,620,0,350.0,366.01991272419986,215.40571299919975,716.7859569999564,0.0
1772119452,10,,Aggregated,13.800000,0.000000,350,380,400,410,450,500,640,670,720,720,720,634,0,350.0,366.0242372712997,215.40571299919975,716.7859569999564,0.0
1772119453,10,,Aggregated,13.800000,0.000000,350,370,400,410,450,500,630,670,720,720,720,651,0,350.0,364.8478713563799,215.40571299919975,716.7859569999564,0.0
1772119454,10,,Aggregated,13.800000,0.000000,350,370,400,410,450,500,630,670,720,720,720,664,0,350.0,364.1121649728979,215.40571299919975,716.7859569999564,0.0
1772119455,10,,Aggregated,14.200000,0.000000,350,370,390,410,450,500,630,670,720,720,720,677,0,350.0,363.51241795864746,215.40571299919975,716.7859569999564,0.0
1772119456,10,,Aggregated,14.400000,0.000000,350,370,390,410,450,500,630,670,720,720,720,693,0,350.0,363.10370709957,215.40571299919975,716.7859569999564,0.0
1772119457,10,,Aggregated,14.400000,0.000000,350,370,390,410,450,500,630,670,720,720,720,705,0,350.0,363.2650488524843,215.40571299919975,716.7859569999564,0.0
1772119458,10,,Aggregated,13.900000,0.000000,350,370,390,410,450,500,630,670,720,720,720,720,0,350.0,363.4942893347227,215.40571299919975,716.7859569999564,0.0
1772119459,10,,Aggregated,14.000000,0.000000,350,370,390,410,440,500,630,670,720,720,720,735,0,350.0,363.7246910449011,215.40571299919975,716.7859569999564,0.0
1772119460,10,,Aggregated,14.000000,0.000000,350,370,390,410,440,500,630,670,720,720,720,748,0,350.0,363.11609940641694,215.40571299919975,716.7859569999564,0.0
1772119461,10,,Aggregated,14.100000,0.000000,350,370,390,410,440,490,620,670,720,720,720,765,0,350.0,362.6326846392118,215.40571299919975,716.7859569999564,0.0
1772119462,10,,Aggregated,14.200000,0.000000,350,370,390,410,440,490,620,670,720,720,720,777,0,350.0,361.9681299060459,215.40571299919975,716.7859569999564,0.0
1772119463,10,,Aggregated,14.400000,0.000000,350,370,390,400,440,490,620,670,720,720,720,795,0,350.0,361.072844498116,215.40571299919975,716.7859569999564,0.0
1772119464,10,,Aggregated,14.100000,0.000000,350,370,390,400,440,490,610,660,720,720,720,807,0,350.0,360.4802895663006,215.40571299919975,716.7859569999564,0.0
1772119465,10,,Aggregated,14.400000,0.000000,350,370,390,400,440,480,610,660,720,720,720,823,0,350.0,359.7044313949031,215.40571299919975,716.7859569999564,0.0
1772119466,10,,Aggregated,14.200000,0.000000,340,370,390,400,440,480,610,660,720,720,720,838,0,340.0,359.0110230071673,215.40571299919975,716.7859569999564,0.0
1772119467,10,,Aggregated,14.500000,0.000000,340,370,390,400,440,480,610,660,720,720,720,852,0,340.0,359.1905012899099,215.40571299919975,716.7859569999564,0.0
1772119468,10,,Aggregated,14.500000,0.000000,340,370,390,400,440,480,610,660,720,720,720,866,0,340.0,359.09132225173306,215.40571299919975,716.7859569999564,0.0
1772119469,10,,Aggregated,14.500000,0.000000,340,370,390,400,440,480,610,660,720,720,720,881,0,340.0,358.78565811918236,215.40571299919975,716.7859569999564,0.0
1772119470,10,,Aggregated,14.500000,0.000000,340,370,390,400,440,480,610,660,720,720,720,896,0,340.0,358.5916454955359,215.40571299919975,716.7859569999564,0.0
1772119471,10,,Aggregated,14.600000,0.000000,340,370,380,400,430,480,590,650,720,720,720,911,0,340.0,358.0679405290906,215.40571299919975,716.7859569999564,0.0
1772119472,10,,Aggregated,14.600000,0.000000,340,370,380,400,430,480,590,650,720,720,720,923,0,340.0,357.6743736435512,215.40571299919975,716.7859569999564,0.0
1772119473,10,,Aggregated,14.600000,0.000000,340,370,380,400,430,480,590,650,720,720,720,939,0,340.0,357.30564291799567,215.40571299919975,716.7859569999564,0.0
1772119474,10,,Aggregated,14.800000,0.000000,340,370,380,400,430,470,590,650,720,720,720,954,0,340.0,356.7610782201249,215.40571299919975,716.7859569999564,0.0
1772119475,10,,Aggregated,14.400000,0.000000,340,360,380,400,430,470,590,650,720,720,720,970,0,340.0,356.39660930102957,215.40571299919975,716.7859569999564,0.0
1772119476,10,,Aggregated,14.600000,0.000000,340,360,380,400,430,470,590,650,720,720,720,983,0,340.0,355.86675388606284,215.40571299919975,716.7859569999564,0.0
1772119477,10,,Aggregated,14.600000,0.000000,340,360,380,400,430,470,590,650,720,720,720,999,0,340.0,355.79435181181134,215.40571299919975,716.7859569999564,0.0
1772119478,10,,Aggregated,14.500000,0.000000,340,360,380,390,430,470,560,650,700,720,720,1013,0,340.0,355.116330848962,215.40571299919975,716.7859569999564,0.0
1772119479,10,,Aggregated,14.500000,0.000000,340,360,380,390,430,470,560,650,700,720,720,1028,0,340.0,354.6295266838495,215.40571299919975,716.7859569999564,0.0
1772119480,10,,Aggregated,14.700000,0.000000,340,360,380,390,430,470,560,650,700,720,720,1043,0,340.0,354.35531906231586,215.40571299919975,716.7859569999564,0.0
1772119481,10,,Aggregated,14.700000,0.000000,340,360,380,390,430,470,560,650,700,720,720,1057,0,340.0,354.0105664578967,215.40571299919975,716.7859569999564,0.0
1772119482,10,,Aggregated,14.800000,0.000000,340,360,380,390,430,470,560,650,700,720,720,1073,0,340.0,353.38191294687294,215.40571299919975,716.7859569999564,0.0
1772119483,10,,Aggregated,14.600000,0.000000,340,360,380,390,430,470,560,650,700,720,720,1088,0,340.0,352.90236566175935,215.40571299919975,716.7859569999564,0.0
1772119484,10,,Aggregated,14.900000,0.000000,340,360,380,390,430,470,560,650,700,720,720,1104,0,340.0,352.83308125633704,215.40571299919975,716.7859569999564,0.0
1772119485,10,,Aggregated,14.900000,0.000000,340,360,380,390,430,470,560,650,700,720,720,1118,0,340.0,352.17661306886856,215.40571299919975,716.7859569999564,0.0
1772119486,10,,Aggregated,14.700000,0.000000,340,360,380,390,430,460,560,650,700,720,720,1132,0,340.0,351.5363900247303,215.40571299919975,716.7859569999564,0.0
1772119487,10,,Aggregated,14.800000,0.000000,340,360,380,390,430,460,560,650,700,720,720,1148,0,340.0,351.1845880557437,215.40571299919975,716.7859569999564,0.0
1772119488,10,,Aggregated,14.900000,0.000000,340,360,380,390,430,460,550,650,700,720,720,1161,0,340.0,351.0117613031823,215.40571299919975,716.7859569999564,0.0
1772119489,10,,Aggregated,14.900000,0.000000,340,360,380,390,420,460,550,650,700,720,720,1178,0,340.0,350.5312427589101,215.40571299919975,716.7859569999564,0.0
1772119490,10,,Aggregated,14.800000,0.000000,340,360,380,390,420,460,550,650,700,720,720,1191,0,340.0,350.13189262384157,215.40571299919975,716.7859569999564,0.0
1772119491,10,,Aggregated,14.500000,0.000000,340,360,370,380,420,460,540,640,700,720,720,1208,0,340.0,349.46386939983176,215.40571299919975,716.7859569999564,0.0
1772119492,10,,Aggregated,14.800000,0.000000,340,360,370,380,420,460,540,640,700,720,720,1223,0,340.0,349.07157743908186,215.40571299919975,716.7859569999564,0.0
1772119493,10,,Aggregated,14.900000,0.000000,340,360,370,380,420,460,540,640,700,720,720,1237,0,340.0,348.7597849393658,215.40571299919975,716.7859569999564,0.0
1772119494,10,,Aggregated,14.600000,0.000000,340,360,370,380,420,460,530,640,700,720,720,1251,0,340.0,348.56619682493636,215.40571299919975,716.7859569999564,0.0
1772119495,10,,Aggregated,14.800000,0.000000,340,360,370,380,420,460,530,640,700,720,720,1266,0,340.0,348.4814033538666,215.40571299919975,716.7859569999564,0.0
1772119496,10,,Aggregated,15.000000,0.000000,340,360,370,380,420,460,530,640,700,720,720,1280,0,340.0,348.7510586421855,215.40571299919975,716.7859569999564,0.0
1772119497,10,,Aggregated,14.700000,0.000000,340,360,370,380,420,460,530,640,700,720,720,1292,0,340.0,349.23049812693154,215.40571299919975,716.7859569999564,0.0
1772119498,10,,Aggregated,14.500000,0.000000,340,360,370,380,420,460,530,630,700,720,720,1310,0,340.0,348.97057172900264,215.40571299919975,716.7859569999564,0.0
1772119499,10,,Aggregated,14.500000,0.000000,340,360,370,380,420,460,530,630,700,720,720,1322,0,340.0,348.81113166716585,215.40571299919975,716.7859569999564,0.0
1772119500,10,,Aggregated,14.300000,0.000000,340,360,370,390,420,460,530,630,700,720,720,1335,0,340.0,348.9483974846388,215.40571299919975,716.7859569999564,0.0
1772119501,10,,Aggregated,14.900000,0.000000,340,360,380,390,420,450,530,630,700,720,720,1349,0,340.0,349.0898104358748,215.40571299919975,716.7859569999564,0.0
1772119502,10,,Aggregated,14.300000,0.000000,340,360,380,390,420,450,520,630,700,720,720,1364,0,340.0,348.9015647573272,215.40571299919975,716.7859569999564,0.0
1772119503,10,,Aggregated,14.100000,0.000000,340,360,370,380,420,450,520,630,700,720,720,1378,0,340.0,348.70900706313023,215.40571299919975,716.7859569999564,0.0
1772119504,10,,Aggregated,14.200000,0.000000,340,360,380,390,420,450,520,630,700,720,720,1393,0,340.0,348.93463876022435,215.40571299919975,716.7859569999564,0.0
1772119505,10,,Aggregated,14.100000,0.000000,340,360,380,390,420,460,530,630,700,720,720,1407,0,340.0,349.2749496432075,215.40571299919975,716.7859569999564,0.0
1772119506,10,,Aggregated,14.000000,0.000000,340,360,380,390,420,450,530,630,700,720,720,1421,0,340.0,349.4689021576304,215.40571299919975,716.7859569999564,0.0
1772119507,10,,Aggregated,14.200000,0.000000,340,360,380,390,420,460,530,630,700,720,720,1435,0,340.0,349.43711509407217,215.40571299919975,716.7859569999564,0.0
1772119508,10,,Aggregated,14.100000,0.000000,340,360,380,390,420,450,520,630,700,720,720,1453,0,340.0,349.18959676393433,215.40571299919975,716.7859569999564,0.0
1772119509,10,,Aggregated,14.400000,0.000000,340,360,380,390,420,450,520,630,700,720,720,1465,0,340.0,348.98351808873537,215.40571299919975,716.7859569999564,0.0
1772119510,10,,Aggregated,14.300000,0.000000,340,360,380,390,420,450,520,630,700,720,720,1480,0,340.0,348.8554551540512,215.40571299919975,716.7859569999564,0.0
1772119511,10,,Aggregated,14.300000,0.000000,340,360,380,390,420,450,520,630,700,720,720,1495,0,340.0,348.5641757357845,215.40571299919975,716.7859569999564,0.0
1772119512,10,,Aggregated,14.400000,0.000000,340,360,380,380,420,450,510,620,700,720,720,1511,0,340.0,348.2461266267361,215.40571299919975,716.7859569999564,0.0
1772119513,10,,Aggregated,14.700000,0.000000,340,360,370,380,420,450,510,620,700,720,720,1526,0,340.0,348.0012765235909,215.40571299919975,716.7859569999564,0.0
1772119514,10,,Aggregated,14.600000,0.000000,340,360,370,380,420,450,510,620,700,720,720,1540,0,340.0,347.7522020487005,215.40571299919975,716.7859569999564,0.0
1772119515,10,,Aggregated,14.600000,0.000000,330,360,370,380,420,450,510,620,700,720,720,1556,0,330.0,347.4416866137515,215.40571299919975,716.7859569999564,0.0
1772119516,10,,Aggregated,14.900000,0.000000,340,360,370,380,420,450,510,620,700,720,720,1570,0,340.0,347.63021086305474,215.40571299919975,716.7859569999564,0.0
1772119517,10,,Aggregated,14.700000,0.000000,330,360,370,380,420,450,510,620,700,720,720,1586,0,330.0,347.40703529255705,215.40571299919975,716.7859569999564,0.0
1772119518,10,,Aggregated,14.900000,0.000000,340,360,370,380,420,450,510,620,700,720,720,1600,0,330.0,347.3430527356221,215.40571299919975,716.7859569999564,0.0
1772119519,10,,Aggregated,14.700000,0.000000,330,360,370,380,420,450,510,610,700,720,720,1612,0,330.0,347.171651547764,215.40571299919975,716.7859569999564,0.0
1772119520,10,,Aggregated,14.800000,0.000000,330,360,370,380,420,450,510,610,700,720,720,1631,0,330.0,347.2775470576291,215.40571299919975,716.7859569999564,0.0
1772119521,10,,Aggregated,14.800000,0.000000,330,360,370,380,420,450,510,610,700,720,720,1643,0,330.0,347.089913683502,215.40571299919975,716.7859569999564,0.0
1772119522,10,,Aggregated,14.600000,0.000000,330,360,370,380,420,450,510,610,700,720,720,1657,0,330.0,347.12108046710597,215.40571299919975,716.7859569999564,0.0
1772119523,10,,Aggregated,14.700000,0.000000,330,360,370,380,420,450,510,610,700,720,720,1674,0,330.0,346.99443269712685,215.40571299919975,716.7859569999564,0.0
1772119524,10,,Aggregated,14.700000,0.000000,330,360,370,380,420,450,510,610,700,720,720,1687,0,330.0,346.82588926377633,215.40571299919975,716.7859569999564,0.0
1772119525,10,,Aggregated,14.600000,0.000000,330,360,370,380,420,450,500,610,700,720,720,1703,0,330.0,346.7134214133812,215.40571299919975,716.7859569999564,0.0
1772119526,10,,Aggregated,14.700000,0.000000,340,360,370,380,420,450,500,610,700,720,720,1718,0,330.0,346.7882253242068,215.40571299919975,716.7859569999564,0.0
1772119527,10,,Aggregated,14.600000,0.000000,340,360,370,380,420,450,500,610,700,720,720,1731,0,340.0,346.62324271460943,215.40571299919975,716.7859569999564,0.0
1772119528,10,,Aggregated,14.400000,0.000000,330,360,370,380,420,450,500,610,700,720,720,1746,0,330.0,346.44852155383023,215.40571299919975,716.7859569999564,0.0
1772119529,10,,Aggregated,14.700000,0.000000,330,360,370,380,420,450,500,610,700,720,720,1760,0,330.0,346.2913525369246,215.40571299919975,716.7859569999564,0.0
1772119530,10,,Aggregated,14.600000,0.000000,330,360,370,380,420,450,500,610,700,720,720,1776,0,330.0,346.04664922915975,215.40571299919975,716.7859569999564,0.0
1772119531,10,,Aggregated,14.600000,0.000000,330,360,370,380,420,450,510,610,700,720,720,1788,0,330.0,346.68995956654777,215.40571299919975,716.7859569999564,0.0
1772119532,10,,Aggregated,14.700000,0.000000,340,360,370,380,420,450,520,610,700,720,720,1800,0,330.0,347.3565333949938,215.40571299919975,716.7859569999564,0.0
1772119533,10,,Aggregated,14.300000,0.000000,340,360,370,380,420,450,520,590,700,720,720,1814,0,330.0,347.2833848092558,215.40571299919975,716.7859569999564,0.0
1772119534,10,,Aggregated,14.100000,0.000000,330,360,370,380,420,450,520,590,700,720,720,1829,0,330.0,347.10036272224755,215.40571299919975,716.7859569999564,0.0
1772119535,10,,Aggregated,14.200000,0.000000,330,360,370,380,420,450,520,590,700,720,720,1843,0,330.0,346.8989688122581,215.40571299919975,716.7859569999564,0.0
1772119536,10,,Aggregated,13.700000,0.000000,330,360,370,380,420,450,510,590,700,720,720,1859,0,330.0,346.9106859634167,215.40571299919975,716.7859569999564,0.0
1772119537,10,,Aggregated,14.100000,0.000000,330,360,370,380,420,450,510,590,700,720,720,1873,0,330.0,346.7280944143047,215.40571299919975,716.7859569999564,0.0
1772119538,10,,Aggregated,14.200000,0.000000,330,360,370,380,420,450,510,590,700,720,720,1890,0,330.0,346.81785950211264,215.40571299919975,716.7859569999564,0.0
1772119539,10,,Aggregated,14.000000,0.000000,330,360,370,380,420,450,510,590,700,720,720,1901,0,330.0,346.72416333824077,215.40571299919975,716.7859569999564,0.0
1772119540,10,,Aggregated,14.100000,0.000000,340,360,370,380,420,450,510,590,700,720,720,1919,0,340.0,346.7772064345991,215.40571299919975,716.7859569999564,0.0
1772119541,10,,Aggregated,14.000000,0.000000,340,360,370,380,420,450,510,590,700,720,720,1931,0,340.0,346.69459344536256,215.40571299919975,716.7859569999564,0.0
1772119542,10,,Aggregated,14.200000,0.000000,330,360,370,380,420,450,510,590,700,720,720,1947,0,330.0,346.57531693271386,215.40571299919975,716.7859569999564,0.0
1772119543,10,,Aggregated,14.200000,0.000000,330,360,370,380,420,450,510,590,700,720,720,1962,0,330.0,346.3159515346557,215.40571299919975,716.7859569999564,0.0
1772119544,10,,Aggregated,14.600000,0.000000,330,360,370,380,420,450,510,590,700,720,720,1975,0,330.0,346.1261424607561,215.40571299919975,716.7859569999564,0.0
1772119545,10,,Aggregated,14.500000,0.000000,330,360,370,380,410,450,510,590,700,720,720,1991,0,330.0,346.22714925413845,215.40571299919975,716.7859569999564,0.0
1772119546,10,,Aggregated,14.800000,0.000000,330,360,370,380,410,450,510,590,690,720,720,2006,0,330.0,345.9263960967055,215.40571299919975,716.7859569999564,0.0
1772119547,10,,Aggregated,14.400000,0.000000,330,360,370,380,420,450,510,590,690,720,720,2021,0,330.0,346.16976061553277,215.40571299919975,716.7859569999564,0.0
1772119548,10,,Aggregated,14.500000,0.000000,330,360,370,380,420,450,510,590,690,720,720,2031,0,330.0,346.1950033259436,215.40571299919975,716.7859569999564,0.0
1772119549,10,,Aggregated,14.400000,0.000000,340,360,370,380,420,450,510,590,690,720,720,2049,0,340.0,346.53234579111233,215.40571299919975,716.7859569999564,0.0
1772119550,10,,Aggregated,14.600000,0.000000,340,360,370,380,420,450,500,590,690,720,720,2061,0,340.0,346.3873423619549,215.40571299919975,716.7859569999564,0.0
1772119551,10,,Aggregated,14.400000,0.000000,330,360,370,380,420,450,500,590,690,720,720,2075,0,330.0,346.2161394925252,215.40571299919975,716.7859569999564,0.0
1772119552,10,,Aggregated,14.100000,0.000000,330,360,370,380,420,450,500,590,690,720,720,2089,0,330.0,346.27330296935895,215.40571299919975,716.7859569999564,0.0
1772119553,10,,Aggregated,14.500000,0.000000,340,360,370,380,420,450,500,560,690,720,720,2104,0,330.0,346.32692529562325,215.40571299919975,716.7859569999564,0.0
1772119554,10,,Aggregated,14.000000,0.000000,340,360,370,380,420,450,500,560,690,720,720,2121,0,340.0,346.2842458477104,215.40571299919975,716.7859569999564,0.0
1772119555,10,,Aggregated,14.000000,0.000000,340,360,370,380,420,450,500,560,690,720,720,2134,0,340.0,346.2885665290495,215.40571299919975,716.7859569999564,0.0
1772119556,10,,Aggregated,14.200000,0.000000,340,360,370,380,420,450,500,560,690,720,720,2150,0,340.0,346.1417122651117,215.40571299919975,716.7859569999564,0.0
1772119557,10,,Aggregated,14.300000,0.000000,340,360,370,380,420,450,500,560,690,720,720,2163,0,340.0,346.26331329218186,215.40571299919975,716.7859569999564,0.0
1772119558,10,,Aggregated,14.500000,0.000000,340,360,370,380,410,450,500,560,690,720,720,2176,0,340.0,346.0869293239845,215.40571299919975,716.7859569999564,0.0
1772119559,10,,Aggregated,14.300000,0.000000,330,360,370,380,410,450,500,560,690,720,720,2193,0,330.0,345.80291216278675,215.40571299919975,716.7859569999564,0.0
1772119560,10,,Aggregated,14.300000,0.000000,330,360,370,380,410,440,500,560,690,720,720,2205,0,330.0,345.7196915083864,215.40571299919975,716.7859569999564,0.0
1772119561,10,,Aggregated,14.200000,0.000000,330,360,370,380,410,450,500,560,690,720,720,2218,0,330.0,345.9463395311062,215.40571299919975,716.7859569999564,0.0
1772119562,10,,Aggregated,14.500000,0.000000,330,360,370,380,410,450,500,560,690,720,720,2235,0,330.0,345.747445938699,215.40571299919975,716.7859569999564,0.0
1772119563,10,,Aggregated,14.500000,0.000000,330,360,370,380,410,450,500,560,690,720,720,2251,0,330.0,345.61483559439864,215.40571299919975,716.7859569999564,0.0
1772119564,10,,Aggregated,14.600000,0.000000,330,360,370,380,410,440,500,560,690,720,720,2266,0,330.0,345.4371361774019,215.40571299919975,716.7859569999564,0.0
1772119565,10,,Aggregated,14.700000,0.000000,330,360,370,380,410,440,500,560,690,720,720,2281,0,330.0,345.2975445444945,214.11984699989262,716.7859569999564,0.0
1772119566,10,,Aggregated,14.400000,0.000000,330,360,370,380,410,440,500,560,690,720,720,2294,0,330.0,345.2675878295514,214.11984699989262,716.7859569999564,0.0
1772119567,10,,Aggregated,14.500000,0.000000,330,360,370,380,410,440,500,560,690,720,720,2311,0,330.0,345.05661421851573,214.11984699989262,716.7859569999564,0.0
1772119568,10,,Aggregated,14.200000,0.000000,330,360,370,380,410,440,500,560,690,720,720,2323,0,330.0,345.0023419052906,214.11984699989262,716.7859569999564,0.0
1772119569,10,,Aggregated,14.600000,0.000000,330,360,370,380,410,440,500,560,690,720,720,2338,0,330.0,345.08536101967053,214.11984699989262,716.7859569999564,0.0
1772119570,10,,Aggregated,14.300000,0.000000,330,360,370,380,410,440,500,560,690,720,720,2353,0,330.0,345.1261753463609,214.11984699989262,716.7859569999564,0.0
1772119571,10,,Aggregated,14.400000,0.000000,330,360,370,380,410,440,500,560,690,720,720,2366,0,330.0,345.1450798076868,214.11984699989262,716.7859569999564,0.0
1772119572,10,,Aggregated,14.500000,0.000000,330,360,370,380,410,440,500,560,690,720,720,2382,0,330.0,345.1961462611199,214.11984699989262,716.7859569999564,0.0
1772119573,10,,Aggregated,14.300000,0.000000,330,360,370,380,410,440,500,560,690,720,720,2397,0,330.0,345.17420842552656,214.11984699989262,716.7859569999564,0.0
1772119574,10,,Aggregated,14.400000,0.000000,330,360,370,380,410,440,500,560,690,720,720,2412,0,330.0,345.29524149916506,214.11984699989262,716.7859569999564,0.0
1772119575,10,,Aggregated,14.600000,0.000000,330,360,370,380,410,440,500,560,690,720,720,2426,0,330.0,345.26790086891447,214.11984699989262,716.7859569999564,0.0
1772119576,10,,Aggregated,14.300000,0.000000,330,360,370,380,410,440,500,560,690,720,720,2440,0,330.0,345.3683183163875,214.11984699989262,716.7859569999564,0.0
1772119577,10,,Aggregated,14.500000,0.000000,330,360,370,380,410,440,500,560,690,720,720,2455,0,330.0,345.2274705266749,214.11984699989262,716.7859569999564,0.0
1772119578,10,,Aggregated,14.500000,0.000000,330,360,370,380,410,440,500,560,690,720,720,2469,0,330.0,345.08922794450683,214.11984699989262,716.7859569999564,0.0
1772119579,10,,Aggregated,14.300000,0.000000,330,360,370,380,410,440,500,560,690,720,720,2485,0,330.0,344.8748564048229,214.11984699989262,716.7859569999564,0.0
1772119580,10,,Aggregated,14.500000,0.000000,330,360,370,380,410,440,500,560,690,720,720,2498,0,330.0,344.7474182065599,214.11984699989262,716.7859569999564,0.0
1772119581,10,,Aggregated,14.600000,0.000000,330,360,370,380,410,440,500,560,690,720,720,2513,0,330.0,344.59650873775877,214.11984699989262,716.7859569999564,0.0
1772119582,10,,Aggregated,14.600000,0.000000,330,360,370,380,410,440,500,560,690,720,720,2528,0,330.0,344.4199413532391,214.11984699989262,716.7859569999564,0.0
1772119583,10,,Aggregated,14.500000,0.000000,330,360,370,380,410,440,500,560,690,720,720,2544,0,330.0,344.423454710295,214.11984699989262,716.7859569999564,0.0
1772119584,10,,Aggregated,14.700000,0.000000,330,350,370,380,410,440,500,560,690,720,720,2558,0,330.0,344.33150961923064,214.11984699989262,716.7859569999564,0.0
1772119585,10,,Aggregated,14.300000,0.000000,330,350,370,380,410,440,500,560,690,720,720,2573,0,330.0,344.23479735056117,214.11984699989262,716.7859569999564,0.0
1772119586,10,,Aggregated,14.800000,0.000000,330,350,370,380,410,440,500,560,690,720,720,2587,0,330.0,344.13024347815804,214.11984699989262,716.7859569999564,0.0
1772119587,10,,Aggregated,14.500000,0.000000,330,350,370,380,410,440,500,550,690,720,720,2603,0,330.0,343.969207575489,214.11984699989262,716.7859569999564,0.0
1772119588,10,,Aggregated,14.700000,0.000000,330,350,370,380,410,440,500,550,690,720,720,2618,0,330.0,343.78119127234373,214.11984699989262,716.7859569999564,0.0
1772119589,10,,Aggregated,14.800000,0.000000,330,350,370,380,410,440,500,550,690,720,720,2633,0,330.0,343.8877998712479,214.11984699989262,716.7859569999564,0.0
1772119590,10,,Aggregated,14.800000,0.000000,330,350,370,380,410,440,500,550,690,720,720,2646,0,330.0,343.9507325517731,214.11984699989262,716.7859569999564,0.0
1772119591,10,,Aggregated,14.700000,0.000000,330,350,370,380,410,440,490,550,690,720,720,2662,0,330.0,343.8113810661122,214.11984699989262,716.7859569999564,0.0
1772119592,10,,Aggregated,14.600000,0.000000,330,350,370,380,410,440,490,550,690,720,720,2676,0,330.0,343.67297754072905,214.11984699989262,716.7859569999564,0.0
1772119593,10,,Aggregated,14.600000,0.000000,330,350,370,380,410,440,490,550,690,720,720,2693,0,330.0,343.55187011733733,214.11984699989262,716.7859569999564,0.0
1772119594,10,,Aggregated,14.800000,0.000000,330,350,370,380,410,440,490,550,690,720,720,2706,0,330.0,343.5252382538771,214.11984699989262,716.7859569999564,0.0
1772119595,10,,Aggregated,14.800000,0.000000,330,350,370,380,410,440,490,550,690,720,720,2721,0,330.0,343.36035119073586,214.11984699989262,716.7859569999564,0.0
1772119596,10,,Aggregated,14.800000,0.000000,330,350,370,380,410,440,490,550,690,720,720,2735,0,330.0,343.2992182701977,214.11984699989262,716.7859569999564,0.0
1772119597,10,,Aggregated,14.800000,0.000000,330,350,370,380,410,440,490,550,690,720,720,2752,0,330.0,343.40646252506855,214.11984699989262,716.7859569999564,0.0
1772119598,10,,Aggregated,14.800000,0.000000,330,350,370,380,410,440,490,550,690,720,720,2766,0,330.0,343.5119562093225,214.11984699989262,716.7859569999564,0.0
1772119599,10,,Aggregated,14.500000,0.000000,330,350,370,380,410,440,490,550,690,720,720,2782,0,330.0,343.37506659453163,214.11984699989262,716.7859569999564,0.0
1772119600,10,,Aggregated,14.700000,0.000000,330,350,370,380,410,440,490,550,690,720,720,2795,0,330.0,343.21523561502215,214.11984699989262,716.7859569999564,0.0
1772119601,10,,Aggregated,14.700000,0.000000,330,350,370,380,410,440,490,550,690,720,720,2812,0,330.0,343.06344600070673,214.11984699989262,716.7859569999564,0.0
1772119602,10,,Aggregated,14.800000,0.000000,330,350,370,380,410,440,490,550,690,720,720,2828,0,330.0,343.0597309939845,214.11984699989262,716.7859569999564,0.0
1772119603,10,,Aggregated,14.900000,0.000000,330,350,370,380,410,440,490,550,690,720,720,2841,0,330.0,342.9513942301956,214.11984699989262,716.7859569999564,0.0
1772119604,10,,Aggregated,14.700000,0.000000,330,350,370,380,410,440,490,550,690,720,720,2855,0,330.0,342.9283273460554,214.11984699989262,716.7859569999564,0.0
1772119605,10,,Aggregated,15.000000,0.000000,330,350,370,380,410,440,490,550,690,720,720,2871,0,330.0,342.79571962207916,214.11984699989262,716.7859569999564,0.0
1772119606,10,,Aggregated,14.600000,0.000000,330,350,370,380,410,430,490,550,690,720,720,2885,0,330.0,342.71366104471014,214.11984699989262,716.7859569999564,0.0
1772119607,10,,Aggregated,14.700000,0.000000,330,350,370,380,410,430,490,550,690,720,720,2899,0,330.0,342.65635497895346,214.11984699989262,716.7859569999564,0.0
1772119609,10,,Aggregated,14.900000,0.000000,330,350,370,380,410,430,490,540,690,720,720,2914,0,330.0,342.5614609697961,214.11984699989262,716.7859569999564,0.0
1772119610,10,,Aggregated,14.600000,0.000000,330,350,370,380,410,430,490,540,690,720,720,2929,0,330.0,342.4369844411023,214.11984699989262,716.7859569999564,0.0
1772119611,10,,Aggregated,14.600000,0.000000,330,350,370,380,410,430,490,540,690,720,720,2944,0,330.0,342.3446347639229,214.11984699989262,716.7859569999564,0.0
1772119612,10,,Aggregated,14.600000,0.000000,330,350,370,380,410,430,490,540,690,720,720,2958,0,330.0,342.1408383549661,214.11984699989262,716.7859569999564,0.0
1772119613,10,,Aggregated,14.700000,0.000000,330,350,370,380,410,430,490,540,690,720,720,2975,0,330.0,342.0937468036937,214.11984699989262,716.7859569999564,0.0
1772119614,10,,Aggregated,14.700000,0.000000,330,350,370,380,410,430,490,540,690,720,720,2988,0,330.0,342.0025433119108,214.11984699989262,716.7859569999564,0.0
1772119615,10,,Aggregated,14.600000,0.000000,330,350,370,380,410,430,480,540,690,720,720,3004,0,330.0,341.88523497336564,214.11984699989262,716.7859569999564,0.0
1772119616,10,,Aggregated,14.600000,0.000000,330,350,370,380,410,430,480,540,690,720,720,3018,0,330.0,341.85092693670975,214.11984699989262,716.7859569999564,0.0
1772119617,10,,Aggregated,14.700000,0.000000,330,350,370,380,410,430,480,540,690,720,720,3033,0,330.0,341.7002454619158,214.11984699989262,716.7859569999564,0.0
1772119618,10,,Aggregated,14.600000,0.000000,330,350,370,380,410,430,480,540,690,720,720,3049,0,330.0,341.566623699898,214.11984699989262,716.7859569999564,0.0
1772119619,10,,Aggregated,14.600000,0.000000,330,350,370,380,410,430,480,540,690,720,720,3062,0,330.0,341.47366679816685,214.11984699989262,716.7859569999564,0.0
1772119620,10,,Aggregated,14.900000,0.000000,330,350,370,380,410,430,480,540,690,720,720,3078,0,330.0,341.40621704775435,214.11984699989262,716.7859569999564,0.0
1772119621,10,,Aggregated,14.900000,0.000000,330,350,370,380,410,430,480,540,690,720,720,3093,0,330.0,341.2040026585802,214.11984699989262,716.7859569999564,0.0
1772119622,10,,Aggregated,14.900000,0.000000,330,350,370,380,410,430,480,540,690,720,720,3109,0,330.0,341.0683260363424,214.11984699989262,716.7859569999564,0.0
1772119623,10,,Aggregated,14.700000,0.000000,330,350,370,380,410,430,480,540,690,720,720,3121,0,330.0,340.94846940563536,214.11984699989262,716.7859569999564,0.0
1772119624,10,,Aggregated,14.700000,0.000000,330,350,370,380,410,430,480,540,690,720,720,3136,0,330.0,340.7960836597537,214.11984699989262,716.7859569999564,0.0
1772119625,10,,Aggregated,15.100000,0.000000,330,350,370,380,410,430,480,540,690,720,720,3149,0,330.0,340.8986622483282,214.11984699989262,716.7859569999564,0.0
1772119626,10,,Aggregated,14.500000,0.000000,330,350,370,380,410,430,480,540,690,720,720,3164,0,330.0,340.9977121852039,214.11984699989262,716.7859569999564,0.0
1772119627,10,,Aggregated,14.500000,0.000000,330,350,370,380,410,430,480,540,690,720,720,3178,0,330.0,341.0276816847026,214.11984699989262,716.7859569999564,0.0
1772119628,10,,Aggregated,14.600000,0.000000,330,350,370,380,410,430,480,540,690,720,720,3194,0,330.0,341.03329404163605,214.11984699989262,716.7859569999564,0.0
1772119629,10,,Aggregated,14.400000,0.000000,330,350,370,380,410,430,480,540,690,720,720,3208,0,330.0,340.95506659164124,214.11984699989262,716.7859569999564,0.0
1772119630,10,,Aggregated,14.200000,0.000000,330,350,370,380,410,430,480,540,690,720,720,3221,0,330.0,341.166053521262,214.11984699989262,716.7859569999564,0.0
1772119631,10,,Aggregated,14.300000,0.000000,330,350,370,380,410,430,480,540,690,720,720,3238,0,330.0,341.01539805836427,214.11984699989262,716.7859569999564,0.0
1772119632,10,,Aggregated,14.200000,0.000000,330,350,370,380,410,430,480,540,690,720,720,3251,0,330.0,341.02524159119747,214.11984699989262,716.7859569999564,0.0
1772119633,10,,Aggregated,14.400000,0.000000,330,350,370,380,410,430,480,540,690,720,720,3266,0,330.0,341.0038786353281,214.11984699989262,716.7859569999564,0.0
1772119634,10,,Aggregated,14.000000,0.000000,330,350,370,380,410,430,480,540,690,720,720,3281,0,330.0,340.977309783597,214.11984699989262,716.7859569999564,0.0
1772119635,10,,Aggregated,14.400000,0.000000,330,350,370,380,410,430,480,540,690,720,720,3295,0,330.0,340.85699965006944,214.11984699989262,716.7859569999564,0.0
1772119636,10,,Aggregated,14.100000,0.000000,330,350,370,380,410,430,480,530,690,720,720,3310,0,330.0,340.80448030180594,214.11984699989262,716.7859569999564,0.0
1772119637,10,,Aggregated,14.500000,0.000000,330,350,370,380,410,430,480,530,690,720,720,3324,0,330.0,340.74116304752584,214.11984699989262,716.7859569999564,0.0
1772119638,10,,Aggregated,14.200000,0.000000,330,350,360,370,410,430,480,530,690,720,720,3337,0,330.0,340.7094131567209,214.11984699989262,716.7859569999564,0.0
1772119639,10,,Aggregated,14.400000,0.000000,330,350,360,370,400,430,480,530,690,720,720,3354,0,330.0,340.52507559898106,214.11984699989262,716.7859569999564,0.0
1772119640,10,,Aggregated,14.500000,0.000000,330,350,360,370,400,430,480,530,690,720,720,3368,0,330.0,340.37998794536156,214.11984699989262,716.7859569999564,0.0
1772119641,10,,Aggregated,14.700000,0.000000,330,350,360,370,400,430,480,530,690,720,720,3384,0,330.0,340.26440574496996,214.11984699989262,716.7859569999564,0.0
1772119642,10,,Aggregated,14.700000,0.000000,330,350,360,370,400,430,480,530,690,720,720,3399,0,330.0,340.19248642776614,214.11984699989262,716.7859569999564,0.0
1772119643,10,,Aggregated,14.600000,0.000000,330,350,360,370,400,430,480,530,690,720,720,3412,0,330.0,340.18724811517484,214.11984699989262,716.7859569999564,0.0
1772119644,10,,Aggregated,14.700000,0.000000,330,350,360,370,400,430,480,530,690,720,720,3428,0,330.0,340.059998672397,214.11984699989262,716.7859569999564,0.0
1772119645,10,,Aggregated,14.700000,0.000000,330,350,360,370,400,430,480,530,690,720,720,3442,0,330.0,340.1589897280577,214.11984699989262,716.7859569999564,0.0
1772119646,10,,Aggregated,14.600000,0.000000,330,350,360,370,400,430,480,530,690,720,720,3457,0,330.0,340.1113627127499,214.11984699989262,716.7859569999564,0.0
1772119647,10,,Aggregated,14.500000,0.000000,330,350,360,370,400,430,480,530,690,720,720,3471,0,330.0,340.052517190428,214.11984699989262,716.7859569999564,0.0
1772119648,10,,Aggregated,14.700000,0.000000,330,350,360,370,400,430,480,530,690,720,720,3487,0,330.0,339.92067709233606,214.11984699989262,716.7859569999564,0.0
1772119649,10,,Aggregated,14.700000,0.000000,330,350,360,370,400,430,480,520,690,720,720,3503,0,330.0,339.80944117869683,214.11984699989262,716.7859569999564,0.0
1772119650,10,,Aggregated,14.900000,0.000000,330,350,360,370,400,430,480,520,690,720,720,3517,0,330.0,339.7277757219144,214.11984699989262,716.7859569999564,0.0
1772119651,10,,Aggregated,14.700000,0.000000,330,350,360,370,400,430,480,520,690,720,720,3534,0,330.0,339.6620357804111,214.11984699989262,716.7859569999564,0.0
1772119652,10,,Aggregated,14.900000,0.000000,330,350,360,370,400,430,480,520,690,720,720,3547,0,330.0,339.62080010176936,214.11984699989262,716.7859569999564,0.0
1772119653,10,,Aggregated,14.800000,0.000000,330,350,360,370,400,430,480,520,690,720,720,3561,0,330.0,339.5724258629535,214.11984699989262,716.7859569999564,0.0
1772119654,10,,Aggregated,14.800000,0.000000,330,350,360,370,400,430,480,520,690,720,720,3575,0,330.0,339.539585174259,214.11984699989262,716.7859569999564,0.0
1772119655,10,,Aggregated,14.800000,0.000000,330,350,360,370,400,430,480,520,690,720,720,3590,0,330.0,339.5084152094631,214.11984699989262,716.7859569999564,0.0
1772119656,10,,Aggregated,14.900000,0.000000,330,350,360,370,400,430,480,520,690,720,720,3607,0,330.0,339.4138063642842,214.11984699989262,716.7859569999564,0.0
1772119657,10,,Aggregated,14.800000,0.000000,330,350,360,370,400,430,480,520,690,720,720,3622,0,330.0,339.38318343732016,214.11984699989262,716.7859569999564,0.0
1772119658,10,,Aggregated,15.100000,0.000000,330,350,360,370,400,430,480,520,690,720,720,3636,0,330.0,339.3048477563191,214.11984699989262,716.7859569999564,0.0
1772119659,10,,Aggregated,14.900000,0.000000,330,350,360,370,400,430,470,520,690,720,720,3651,0,330.0,339.2514084757537,214.11984699989262,716.7859569999564,0.0
1772119660,10,,Aggregated,14.700000,0.000000,330,350,360,370,400,430,470,520,690,720,720,3666,0,330.0,339.23666591952434,214.11984699989262,716.7859569999564,0.0
1772119661,10,,Aggregated,14.700000,0.000000,330,350,360,370,400,430,470,520,690,720,720,3679,0,330.0,339.1579051448698,214.11984699989262,716.7859569999564,0.0
1772119662,10,,Aggregated,14.600000,0.000000,330,350,360,370,400,430,470,520,690,720,720,3695,0,330.0,339.1669003558799,214.11984699989262,716.7859569999564,0.0
1772119663,10,,Aggregated,14.700000,0.000000,330,350,360,370,400,430,470,520,690,720,720,3711,0,330.0,339.05425587226455,214.11984699989262,716.7859569999564,0.0
1772119664,10,,Aggregated,14.300000,0.000000,330,350,360,370,400,430,470,520,690,720,720,3725,0,330.0,338.977177866033,214.11984699989262,716.7859569999564,0.0
1772119665,10,,Aggregated,14.700000,0.000000,330,350,360,370,400,430,470,520,690,720,720,3741,0,330.0,338.9459434808797,214.11984699989262,716.7859569999564,0.0
1772119666,10,,Aggregated,14.800000,0.000000,330,350,360,370,400,430,470,520,690,720,720,3753,0,330.0,338.9055076147001,214.11984699989262,716.7859569999564,0.0
1772119667,10,,Aggregated,14.600000,0.000000,330,350,360,370,400,430,470,520,690,720,720,3769,0,330.0,338.8734952589466,214.11984699989262,716.7859569999564,0.0
1772119668,10,,Aggregated,14.600000,0.000000,330,350,360,370,400,430,470,520,690,720,720,3783,0,330.0,338.8109197776816,214.11984699989262,716.7859569999564,0.0
1772119669,10,,Aggregated,14.600000,0.000000,330,350,360,370,400,430,470,520,690,720,720,3797,0,330.0,338.69226138266254,214.11984699989262,716.7859569999564,0.0
1772119670,10,,Aggregated,14.500000,0.000000,330,350,360,370,400,430,470,510,690,720,720,3812,0,330.0,338.5711929039794,214.11984699989262,716.7859569999564,0.0
1772119671,10,,Aggregated,14.700000,0.000000,330,350,360,370,400,430,470,510,690,720,720,3827,0,330.0,338.47692389050616,214.11984699989262,716.7859569999564,0.0
1772119672,10,,Aggregated,14.800000,0.000000,330,350,360,370,400,430,470,510,690,720,720,3843,0,330.0,338.4409181618442,214.11984699989262,716.7859569999564,0.0
1772119673,10,,Aggregated,14.700000,0.000000,330,350,360,370,400,430,470,510,690,720,720,3857,0,330.0,338.3705497889466,214.11984699989262,716.7859569999564,0.0
1772119674,10,,Aggregated,14.900000,0.000000,330,350,360,370,400,430,470,510,690,720,720,3872,0,330.0,338.2674276593401,214.11984699989262,716.7859569999564,0.0
1772119675,10,,Aggregated,14.500000,0.000000,330,350,360,370,400,430,470,510,690,720,720,3887,0,330.0,338.1964052006598,214.11984699989262,716.7859569999564,0.0
1772119676,10,,Aggregated,14.800000,0.000000,330,350,360,370,400,430,470,510,690,720,720,3901,0,330.0,338.0912591830209,214.11984699989262,716.7859569999564,0.0
1772119677,10,,Aggregated,15.000000,0.000000,330,350,360,370,400,430,470,510,690,720,720,3918,0,330.0,338.04252568988426,214.11984699989262,716.7859569999564,0.0
1772119678,10,,Aggregated,14.700000,0.000000,330,350,360,370,400,430,470,510,690,720,720,3931,0,330.0,338.09298942176736,214.11984699989262,716.7859569999564,0.0
1772119679,10,,Aggregated,14.800000,0.000000,330,350,360,370,400,430,470,510,690,720,720,3945,0,330.0,338.0965350230596,214.11984699989262,716.7859569999564,0.0
1772119680,10,,Aggregated,14.900000,0.000000,330,350,360,370,400,430,470,510,690,720,720,3962,0,330.0,338.0113328122086,214.11984699989262,716.7859569999564,0.0
1772119681,10,,Aggregated,14.600000,0.000000,330,350,360,370,400,430,470,510,690,720,720,3974,0,330.0,337.9524910671797,214.11984699989262,716.7859569999564,0.0
1772119682,10,,Aggregated,14.500000,0.000000,330,350,360,370,400,430,470,510,690,720,720,3992,0,330.0,337.93045989778847,214.11984699989262,716.7859569999564,0.0
1772119683,10,,Aggregated,14.700000,0.000000,330,350,360,370,400,430,470,510,680,720,720,4003,0,330.0,337.97571257281345,214.11984699989262,716.7859569999564,0.0
1772119684,10,,Aggregated,14.700000,0.000000,330,350,360,370,400,420,470,510,680,720,720,4022,0,330.0,337.97044233316063,214.11984699989262,716.7859569999564,0.0
1772119685,10,,Aggregated,15.000000,0.000000,330,350,360,370,400,430,470,510,680,720,720,4033,0,330.0,338.0285202400134,214.11984699989262,716.7859569999564,0.0
1772119686,10,,Aggregated,14.500000,0.000000,330,350,360,370,400,430,470,510,680,720,720,4051,0,330.0,338.0695778333677,214.11984699989262,716.7859569999564,0.0
1772119687,10,,Aggregated,14.400000,0.000000,330,350,360,370,400,430,470,510,680,720,720,4063,0,330.0,338.1160133034636,214.11984699989262,716.7859569999564,0.0
1772119688,10,,Aggregated,14.500000,0.000000,330,350,360,370,400,430,470,510,680,720,720,4078,0,330.0,338.05114601863005,214.11984699989262,716.7859569999564,0.0
1772119689,10,,Aggregated,14.600000,0.000000,330,350,360,370,400,420,470,510,680,720,720,4092,0,330.0,337.9809188475011,214.11984699989262,716.7859569999564,0.0
1772119690,10,,Aggregated,14.700000,0.000000,330,350,360,370,400,420,460,510,680,720,720,4108,0,330.0,337.8722798166931,214.11984699989262,716.7859569999564,0.0
1772119691,10,,Aggregated,14.700000,0.000000,330,350,360,370,400,420,460,510,680,720,720,4122,0,330.0,337.81976112153694,214.11984699989262,716.7859569999564,0.0
1772119692,10,,Aggregated,14.800000,0.000000,330,350,360,370,400,420,460,510,680,720,720,4137,0,330.0,337.7166700720269,214.11984699989262,716.7859569999564,0.0
1772119693,10,,Aggregated,14.500000,0.000000,330,350,360,370,400,420,460,510,680,720,720,4153,0,330.0,337.6081634459368,214.11984699989262,716.7859569999564,0.0
1772119694,10,,Aggregated,14.800000,0.000000,330,350,360,370,400,420,460,510,680,720,720,4169,0,330.0,337.5421714830834,214.11984699989262,716.7859569999564,0.0
1772119695,10,,Aggregated,14.700000,0.000000,330,350,360,370,400,420,460,510,680,720,720,4185,0,330.0,337.475323337629,214.11984699989262,716.7859569999564,0.0
1772119696,10,,Aggregated,14.700000,0.000000,330,350,360,370,400,420,460,510,680,720,720,4198,0,330.0,337.4524119828438,214.11984699989262,716.7859569999564,0.0
1772119697,10,,Aggregated,14.900000,0.000000,330,350,360,370,400,420,460,500,680,720,720,4213,0,330.0,337.52220445192967,214.11984699989262,716.7859569999564,0.0
1772119698,10,,Aggregated,14.800000,0.000000,330,350,360,370,400,420,460,500,680,720,720,4227,0,330.0,337.4936028412536,214.11984699989262,716.7859569999564,0.0
1772119699,10,,Aggregated,14.800000,0.000000,330,350,360,370,400,420,460,500,680,720,720,4243,0,330.0,337.5278040509023,214.11984699989262,716.7859569999564,0.0
1772119700,10,,Aggregated,14.900000,0.000000,330,350,360,370,400,420,460,500,680,720,720,4257,0,330.0,337.41977494690616,214.11984699989262,716.7859569999564,0.0
1772119701,10,,Aggregated,14.800000,0.000000,330,350,360,370,400,420,460,500,680,720,720,4274,0,330.0,337.29107301473516,194.7646810003789,716.7859569999564,0.0
1772119702,10,,Aggregated,14.800000,0.000000,330,350,360,370,400,420,460,500,680,720,720,4289,0,330.0,337.1764326302119,194.7646810003789,716.7859569999564,0.0
1772119703,10,,Aggregated,15.200000,0.000000,330,350,360,370,400,420,460,500,680,720,720,4303,0,330.0,337.09702567719717,194.7646810003789,716.7859569999564,0.0
1772119704,10,,Aggregated,14.900000,0.000000,330,350,360,370,400,420,460,500,680,720,720,4318,0,330.0,337.06564427373286,194.7646810003789,716.7859569999564,0.0
1772119705,10,,Aggregated,15.000000,0.000000,330,350,360,370,400,420,460,500,680,720,720,4334,0,330.0,337.043957022838,194.7646810003789,716.7859569999564,0.0
1772119706,10,,Aggregated,15.100000,0.000000,330,350,360,370,400,420,460,500,680,720,720,4349,0,330.0,337.0620028503064,194.7646810003789,716.7859569999564,0.0
1772119707,10,,Aggregated,14.900000,0.000000,330,350,360,370,400,420,460,500,680,720,720,4362,0,330.0,337.00225168775427,194.7646810003789,716.7859569999564,0.0
1772119708,10,,Aggregated,14.900000,0.000000,330,350,360,370,400,420,460,500,680,720,720,4378,0,330.0,336.91859168661085,194.7646810003789,716.7859569999564,0.0
1772119709,10,,Aggregated,15.200000,0.000000,330,350,360,370,400,420,460,500,680,720,720,4392,0,330.0,336.8683674248595,194.7646810003789,716.7859569999564,0.0
1772119710,10,,Aggregated,14.800000,0.000000,330,350,360,370,400,420,460,500,680,720,720,4406,0,330.0,336.8595383034458,194.7646810003789,716.7859569999564,0.0
1772119711,10,,Aggregated,14.900000,0.000000,330,350,360,370,400,420,460,500,680,720,720,4422,0,330.0,336.78769039416153,194.7646810003789,716.7859569999564,0.0
1772119712,10,,Aggregated,14.800000,0.000000,330,350,360,370,400,420,460,500,680,720,720,4436,0,330.0,336.7230312763711,194.7646810003789,716.7859569999564,0.0
1772119713,10,,Aggregated,14.800000,0.000000,330,350,360,370,400,420,460,500,680,720,720,4450,0,330.0,336.664444434153,194.7646810003789,716.7859569999564,0.0
1772119714,10,,Aggregated,14.900000,0.000000,330,350,360,370,400,420,460,500,680,720,720,4466,0,330.0,336.6561707360016,194.7646810003789,716.7859569999564,0.0
1772119715,10,,Aggregated,14.700000,0.000000,330,350,360,370,400,420,460,500,680,720,720,4481,0,330.0,336.6323642349885,194.7646810003789,716.7859569999564,0.0
1772119716,10,,Aggregated,14.800000,0.000000,330,350,360,370,400,420,460,500,680,720,720,4496,0,330.0,336.59727671440953,194.7646810003789,716.7859569999564,0.0
1772119717,10,,Aggregated,14.700000,0.000000,330,350,360,370,400,420,460,500,680,720,720,4510,0,330.0,336.5740431376905,194.7646810003789,716.7859569999564,0.0
1772119718,10,,Aggregated,14.900000,0.000000,330,350,360,370,400,420,460,500,680,720,720,4526,0,330.0,336.4921563373805,194.7646810003789,716.7859569999564,0.0
1772119719,10,,Aggregated,14.400000,0.000000,330,350,360,370,400,420,460,500,680,720,720,4542,0,330.0,336.44257794407326,194.7646810003789,716.7859569999564,0.0
1772119720,10,,Aggregated,14.900000,0.000000,330,350,360,370,400,420,460,500,680,720,720,4555,0,330.0,336.4225998307314,194.7646810003789,716.7859569999564,0.0
1772119721,10,,Aggregated,15.100000,0.000000,330,350,360,370,400,420,460,500,680,720,720,4570,0,330.0,336.3904814737375,194.7646810003789,716.7859569999564,0.0
1772119722,10,,Aggregated,14.800000,0.000000,330,350,360,370,400,420,460,500,680,720,720,4583,0,330.0,336.36892444730154,194.7646810003789,716.7859569999564,0.0
1772119723,10,,Aggregated,14.700000,0.000000,330,350,360,370,390,420,460,500,680,720,720,4598,0,330.0,336.3421595352287,194.7646810003789,716.7859569999564,0.0
1772119724,10,,Aggregated,14.600000,0.000000,330,350,360,370,390,420,460,500,680,720,720,4617,0,330.0,336.2390179339362,194.7646810003789,716.7859569999564,0.0
1772119725,10,,Aggregated,14.600000,0.000000,330,350,360,370,390,420,460,500,680,720,720,4628,0,330.0,336.28003588093895,194.7646810003789,716.7859569999564,0.0
1772119726,10,,Aggregated,14.800000,0.000000,330,350,360,370,390,420,460,500,680,720,720,4644,0,330.0,336.23024136713747,194.7646810003789,716.7859569999564,0.0
1772119727,10,,Aggregated,14.700000,0.000000,330,350,360,370,400,420,460,500,680,720,720,4657,0,330.0,336.4342601496642,194.7646810003789,716.7859569999564,0.0
1772119728,10,,Aggregated,14.800000,0.000000,330,350,360,370,400,420,460,500,680,720,720,4672,0,330.0,336.4829648807763,194.7646810003789,716.7859569999564,0.0
1772119729,10,,Aggregated,14.800000,0.000000,330,350,360,370,400,420,460,500,680,720,720,4684,0,330.0,336.4502911720726,194.7646810003789,716.7859569999564,0.0
1772119730,10,,Aggregated,14.500000,0.000000,330,350,360,370,400,420,460,500,680,720,720,4699,0,330.0,336.5398534085948,194.7646810003789,716.7859569999564,0.0
1772119731,10,,Aggregated,14.200000,0.000000,330,350,360,370,400,420,460,500,680,720,720,4715,0,330.0,336.52265037433443,194.7646810003789,716.7859569999564,0.0
1772119732,10,,Aggregated,14.600000,0.000000,330,350,360,370,400,420,460,500,680,720,720,4727,0,330.0,336.5941809418209,194.7646810003789,716.7859569999564,0.0
1772119733,10,,Aggregated,14.300000,0.000000,330,350,360,370,400,420,460,500,680,720,720,4743,0,330.0,336.71818009128964,194.7646810003789,716.7859569999564,0.0
1772119734,10,,Aggregated,14.400000,0.000000,330,350,360,370,400,420,460,500,680,720,720,4758,0,330.0,336.6971651309344,194.7646810003789,716.7859569999564,0.0
1772119735,10,,Aggregated,14.400000,0.000000,330,350,360,370,400,420,460,500,680,720,720,4772,0,330.0,336.6623609304246,194.7646810003789,716.7859569999564,0.0
1772119736,10,,Aggregated,14.000000,0.000000,330,350,360,370,400,420,460,500,680,720,720,4787,0,330.0,336.6869645648598,194.7646810003789,716.7859569999564,0.0
1772119737,10,,Aggregated,14.200000,0.000000,330,350,360,370,400,420,460,500,680,720,720,4802,0,330.0,336.68443934068745,194.7646810003789,716.7859569999564,0.0
1772119738,10,,Aggregated,14.100000,0.000000,330,350,360,370,400,420,460,500,680,720,720,4815,0,330.0,336.69664241017256,194.7646810003789,716.7859569999564,0.0
1772119739,10,,Aggregated,14.400000,0.000000,330,350,360,370,400,420,460,500,680,720,720,4832,0,330.0,336.6804880426279,194.7646810003789,716.7859569999564,0.0
1772119740,10,,Aggregated,14.200000,0.000000,330,350,360,370,400,420,460,500,680,720,720,4847,0,330.0,336.629835899521,194.7646810003789,716.7859569999564,0.0
1772119741,10,,Aggregated,14.500000,0.000000,330,350,360,370,400,420,460,500,680,720,720,4862,0,330.0,336.55972771760145,194.7646810003789,716.7859569999564,0.0
1772119742,10,,Aggregated,14.400000,0.000000,330,350,360,370,400,420,460,500,680,720,720,4875,0,330.0,336.5878590588676,194.7646810003789,716.7859569999564,0.0
1772119743,10,,Aggregated,14.600000,0.000000,330,350,360,370,400,420,460,500,680,720,720,4890,0,330.0,336.58459389549716,194.7646810003789,716.7859569999564,0.0
1772119744,10,,Aggregated,14.600000,0.000000,330,350,360,370,400,420,460,500,680,720,720,4904,0,330.0,336.49207665293227,194.7646810003789,716.7859569999564,0.0
1772119745,10,,Aggregated,14.700000,0.000000,330,350,360,370,400,420,460,500,680,720,720,4917,0,330.0,336.46627885681966,194.7646810003789,716.7859569999564,0.0
1772119746,10,,Aggregated,14.700000,0.000000,330,350,360,370,400,420,460,500,680,720,720,4937,0,330.0,336.4743927745558,194.7646810003789,716.7859569999564,0.0
1772119747,10,,Aggregated,15.000000,0.000000,330,350,360,370,400,420,460,500,680,720,720,4948,0,330.0,336.4320408645882,194.7646810003789,716.7859569999564,0.0
1772119748,10,,Aggregated,14.900000,0.000000,330,350,360,370,400,420,460,500,680,720,720,4965,0,330.0,336.3999259448104,194.7646810003789,716.7859569999564,0.0
1772119749,10,,Aggregated,14.400000,0.000000,330,350,360,370,400,420,460,500,680,720,720,4979,0,330.0,336.37738617874754,194.7646810003789,716.7859569999564,0.0
1772119750,10,,Aggregated,15.100000,0.000000,330,350,360,370,400,420,460,500,680,720,720,4994,0,330.0,336.2940766317548,194.7646810003789,716.7859569999564,0.0
1772119751,10,,Aggregated,14.600000,0.000000,330,350,360,370,390,420,460,500,680,720,720,5007,0,330.0,336.2461419864157,194.7646810003789,716.7859569999564,0.0
1772119752,10,,Aggregated,14.700000,0.000000,330,350,360,370,390,420,460,500,680,720,720,5024,0,330.0,336.190057484471,194.7646810003789,716.7859569999564,0.0
1772119753,10,,Aggregated,14.500000,0.000000,330,350,360,370,390,420,460,500,680,720,720,5038,0,330.0,336.1799767907861,194.7646810003789,716.7859569999564,0.0
1772119754,10,,Aggregated,14.700000,0.000000,330,350,360,370,390,420,460,500,680,720,720,5052,0,330.0,336.167333771572,194.7646810003789,716.7859569999564,0.0
1772119755,10,,Aggregated,14.500000,0.000000,330,350,360,370,390,420,460,500,680,720,720,5065,0,330.0,336.2409622136193,194.7646810003789,716.7859569999564,0.0
1772119756,10,,Aggregated,14.700000,0.000000,330,350,360,370,400,420,460,500,680,720,720,5082,0,330.0,336.3414188577295,194.7646810003789,716.7859569999564,0.0
1772119757,10,,Aggregated,14.400000,0.000000,330,350,360,370,390,420,460,500,680,720,720,5094,0,330.0,336.30687089477453,194.7646810003789,716.7859569999564,0.0
1772119758,10,,Aggregated,14.400000,0.000000,330,350,360,370,390,420,460,500,680,720,720,5111,0,330.0,336.2173787151211,194.7646810003789,716.7859569999564,0.0
1772119759,10,,Aggregated,14.500000,0.000000,330,350,360,370,390,420,460,500,680,720,720,5125,0,330.0,336.1538745625332,194.7646810003789,716.7859569999564,0.0
1772119760,10,,Aggregated,14.000000,0.000000,330,350,360,370,390,420,460,500,680,720,720,5137,0,330.0,336.1977420912951,194.7646810003789,716.7859569999564,0.0
1772119761,10,,Aggregated,14.700000,0.000000,330,350,360,370,390,420,460,500,680,720,720,5156,0,330.0,336.1688536877387,194.7646810003789,716.7859569999564,0.0
1772119762,10,,Aggregated,14.300000,0.000000,330,350,360,370,400,420,460,500,680,720,720,5167,0,330.0,336.39821760944113,194.7646810003789,716.7859569999564,0.0
1772119763,10,,Aggregated,14.600000,0.000000,330,350,360,370,400,420,460,500,680,720,720,5180,0,330.0,336.4126620696877,194.7646810003789,716.7859569999564,0.0
1772119764,10,,Aggregated,14.500000,0.000000,330,350,360,370,400,420,460,500,680,720,720,5196,0,330.0,336.4336604963395,194.7646810003789,716.7859569999564,0.0
1772119765,10,,Aggregated,14.300000,0.000000,330,350,360,370,390,420,460,500,680,720,720,5209,0,330.0,336.4020538473756,194.7646810003789,716.7859569999564,0.0
1772119766,10,,Aggregated,14.300000,0.000000,330,350,360,370,390,420,460,500,680,720,720,5226,0,330.0,336.39781611136243,194.7646810003789,716.7859569999564,0.0
1772119767,10,,Aggregated,14.300000,0.000000,330,350,360,370,390,420,460,500,680,720,720,5240,0,330.0,336.33721700476764,194.7646810003789,716.7859569999564,0.0
1772119768,10,,Aggregated,14.400000,0.000000,330,350,360,370,390,420,460,500,680,720,720,5254,0,330.0,336.28134243737793,194.7646810003789,716.7859569999564,0.0
1772119769,10,,Aggregated,14.500000,0.000000,330,350,360,370,390,420,460,500,680,720,720,5270,0,330.0,336.26381901346946,194.7646810003789,716.7859569999564,0.0
1772119770,10,,Aggregated,14.600000,0.000000,330,350,360,370,390,420,460,500,680,720,720,5285,0,330.0,336.2405866800344,194.7646810003789,716.7859569999564,0.0
1772119771,10,,Aggregated,14.400000,0.000000,330,350,360,370,390,420,460,500,680,720,720,5300,0,330.0,336.2316078316946,194.7646810003789,716.7859569999564,0.0
1772119772,10,,Aggregated,14.700000,0.000000,330,350,360,370,390,420,460,500,680,720,720,5316,0,330.0,336.2080403671903,194.7646810003789,716.7859569999564,0.0
1772119773,10,,Aggregated,14.500000,0.000000,330,350,360,370,390,420,460,500,680,720,720,5328,0,330.0,336.16927486655095,194.7646810003789,716.7859569999564,0.0
1772119774,10,,Aggregated,14.600000,0.000000,330,350,360,370,390,420,460,500,680,720,720,5345,0,330.0,336.17135569821977,194.7646810003789,716.7859569999564,0.0
1772119775,10,,Aggregated,14.700000,0.000000,330,350,360,370,390,420,460,500,680,720,720,5359,0,330.0,336.1397611908907,194.7646810003789,716.7859569999564,0.0
1772119776,10,,Aggregated,14.600000,0.000000,330,350,360,370,390,420,460,500,680,720,720,5376,0,330.0,336.0943667639482,194.7646810003789,716.7859569999564,0.0
1772119777,10,,Aggregated,14.900000,0.000000,330,350,360,370,390,420,460,500,680,720,720,5390,0,330.0,336.0781759743947,194.7646810003789,716.7859569999564,0.0
1772119778,10,,Aggregated,14.800000,0.000000,330,350,360,370,390,420,460,500,680,720,720,5406,0,330.0,336.0213771117252,194.7646810003789,716.7859569999564,0.0
1772119779,10,,Aggregated,15.000000,0.000000,330,350,360,370,390,420,460,500,680,720,720,5418,0,330.0,336.0296991459923,194.7646810003789,716.7859569999564,0.0
1772119780,10,,Aggregated,14.900000,0.000000,330,350,360,370,390,420,460,500,680,720,720,5436,0,330.0,335.9860931771495,194.7646810003789,716.7859569999564,0.0
1772119781,10,,Aggregated,14.800000,0.000000,330,350,360,370,390,420,460,500,680,720,720,5448,0,330.0,335.9771900899383,194.7646810003789,716.7859569999564,0.0
1772119782,10,,Aggregated,14.800000,0.000000,330,350,360,370,390,420,460,500,680,720,720,5463,0,330.0,335.93230665165356,194.7646810003789,716.7859569999564,0.0
1772119783,10,,Aggregated,14.900000,0.000000,330,350,360,370,390,420,460,500,680,720,720,5477,0,330.0,335.8763130920181,194.7646810003789,716.7859569999564,0.0
1772119784,10,,Aggregated,14.500000,0.000000,330,350,360,370,390,420,460,500,680,720,720,5492,0,330.0,335.84191148106027,194.7646810003789,716.7859569999564,0.0
1772119785,10,,Aggregated,15.100000,0.000000,330,350,360,370,390,420,460,500,680,720,720,5509,0,330.0,335.77912335577804,194.7646810003789,716.7859569999564,0.0
1772119786,10,,Aggregated,14.700000,0.000000,330,350,360,370,390,420,460,500,680,720,720,5523,0,330.0,335.7065203137754,194.7646810003789,716.7859569999564,0.0
1772119787,10,,Aggregated,14.800000,0.000000,330,350,360,370,390,420,460,500,680,720,720,5539,0,330.0,335.6896156434339,194.7646810003789,716.7859569999564,0.0
1772119788,10,,Aggregated,14.700000,0.000000,330,350,360,370,390,420,460,500,680,720,720,5551,0,330.0,335.68144125004187,194.7646810003789,716.7859569999564,0.0
1772119789,10,,Aggregated,14.600000,0.000000,330,350,360,370,390,420,460,500,680,720,720,5569,0,330.0,335.71720815137087,194.7646810003789,716.7859569999564,0.0
1772119790,10,,Aggregated,14.900000,0.000000,330,350,360,370,390,420,460,500,680,720,720,5582,0,330.0,335.6812056056938,194.7646810003789,716.7859569999564,0.0
1772119791,10,,Aggregated,14.500000,0.000000,330,350,360,370,390,420,460,500,680,720,720,5597,0,330.0,335.63664078827617,194.7646810003789,716.7859569999564,0.0
1772119792,10,,Aggregated,14.900000,0.000000,330,350,360,370,390,420,460,500,680,720,720,5613,0,330.0,335.66202652680926,194.7646810003789,716.7859569999564,0.0
1772119793,10,,Aggregated,14.700000,0.000000,330,350,360,370,390,420,460,500,680,720,720,5627,0,330.0,335.749780794914,194.7646810003789,716.7859569999564,0.0
1772119794,10,,Aggregated,15.000000,0.000000,330,350,360,370,390,420,460,500,680,720,720,5641,0,330.0,335.7251651632654,194.7646810003789,716.7859569999564,0.0
1772119795,10,,Aggregated,14.600000,0.000000,330,350,360,370,390,420,460,500,680,720,720,5657,0,330.0,335.69359975693527,194.7646810003789,716.7859569999564,0.0
1772119796,10,,Aggregated,15.100000,0.000000,330,350,360,370,390,420,460,500,680,720,720,5672,0,330.0,335.64182665620257,194.7646810003789,716.7859569999564,0.0
1772119797,10,,Aggregated,14.700000,0.000000,330,350,360,370,390,420,460,500,680,720,720,5686,0,330.0,335.5994448687968,194.7646810003789,716.7859569999564,0.0
1772119799,10,,Aggregated,14.800000,0.000000,330,350,360,370,390,420,460,500,680,720,720,5700,0,330.0,335.59746791876813,194.7646810003789,716.7859569999564,0.0
1772119800,10,,Aggregated,14.900000,0.000000,330,350,360,370,390,420,460,500,680,720,720,5718,0,330.0,335.5484076692863,194.7646810003789,716.7859569999564,0.0
1772119801,10,,Aggregated,14.900000,0.000000,330,350,360,370,390,420,460,500,680,720,720,5730,0,330.0,335.6999066956336,194.7646810003789,716.7859569999564,0.0
1772119802,10,,Aggregated,14.900000,0.000000,330,350,360,370,390,420,460,500,680,720,720,5744,0,330.0,335.6354340530961,194.7646810003789,716.7859569999564,0.0
1772119803,10,,Aggregated,14.600000,0.000000,330,350,360,370,390,420,460,500,680,720,720,5762,0,330.0,335.58566918708556,194.7646810003789,716.7859569999564,0.0
1772119804,10,,Aggregated,14.600000,0.000000,330,350,360,370,390,420,460,500,680,720,720,5774,0,330.0,335.55929957810673,194.7646810003789,716.7859569999564,0.0
1772119805,10,,Aggregated,14.800000,0.000000,330,350,360,370,390,420,460,500,680,720,720,5790,0,330.0,335.5461966799638,194.7646810003789,716.7859569999564,0.0
1772119806,10,,Aggregated,14.600000,0.000000,330,350,360,370,390,420,460,500,680,720,720,5806,0,330.0,335.5259668287962,194.7646810003789,716.7859569999564,0.0
1772119807,10,,Aggregated,14.700000,0.000000,330,350,360,370,390,420,460,500,680,720,720,5820,0,330.0,335.55877498556583,194.7646810003789,716.7859569999564,0.0
1772119808,10,,Aggregated,14.500000,0.000000,330,350,360,370,390,420,460,500,680,720,720,5835,0,330.0,335.5149768068538,194.7646810003789,716.7859569999564,0.0
1772119809,10,,Aggregated,14.700000,0.000000,330,350,360,370,390,420,460,500,680,720,720,5850,0,330.0,335.43960051726344,194.7646810003789,716.7859569999564,0.0
1772119810,10,,Aggregated,14.700000,0.000000,330,350,360,370,390,420,460,500,680,720,720,5865,0,330.0,335.44482078175463,194.7646810003789,716.7859569999564,0.0
1772119811,10,,Aggregated,14.800000,0.000000,330,350,360,370,390,420,460,500,680,720,720,5882,0,330.0,335.34594346701624,194.7646810003789,716.7859569999564,0.0
1772119812,10,,Aggregated,14.600000,0.000000,330,350,360,370,390,420,460,500,680,720,720,5896,0,330.0,335.3505888344622,194.7646810003789,716.7859569999564,0.0
1772119813,10,,Aggregated,15.100000,0.000000,330,350,360,370,390,420,460,500,680,720,720,5912,0,330.0,335.30938257222414,194.7646810003789,716.7859569999564,0.0
1772119814,10,,Aggregated,15.000000,0.000000,330,350,360,370,390,420,460,500,680,720,720,5925,0,330.0,335.27902787409096,194.7646810003789,716.7859569999564,0.0
1772119815,10,,Aggregated,14.700000,0.000000,330,350,360,370,390,420,460,500,680,720,720,5942,0,330.0,335.2015851477599,194.7646810003789,716.7859569999564,0.0
1772119816,10,,Aggregated,14.700000,0.000000,330,350,360,370,390,420,460,500,680,720,720,5954,0,330.0,335.15347671498006,194.7646810003789,716.7859569999564,0.0
1772119817,10,,Aggregated,14.900000,0.000000,330,350,360,370,390,420,460,500,680,720,720,5972,0,330.0,335.1141322329192,194.7646810003789,716.7859569999564,0.0
1772119818,10,,Aggregated,15.200000,0.000000,330,350,360,370,390,420,460,500,680,720,720,5987,0,330.0,335.0439239973268,194.7646810003789,716.7859569999564,0.0
1772119819,10,,Aggregated,14.900000,0.000000,330,350,360,370,390,420,460,490,670,720,720,6001,0,330.0,334.99519578803466,194.7646810003789,716.7859569999564,0.0
1772119820,10,,Aggregated,15.100000,0.000000,330,350,360,370,390,420,460,490,670,720,720,6014,0,330.0,334.9762653383764,194.7646810003789,716.7859569999564,0.0
1772119821,10,,Aggregated,14.900000,0.000000,330,350,360,370,390,420,460,490,670,720,720,6031,0,330.0,334.9952260169116,194.7646810003789,716.7859569999564,0.0
1772119822,10,,Aggregated,14.900000,0.000000,330,350,360,370,390,420,460,490,670,720,720,6045,0,330.0,334.91480480926293,194.7646810003789,716.7859569999564,0.0
1772119823,10,,Aggregated,14.500000,0.000000,330,350,360,370,390,420,460,490,670,720,720,6058,0,330.0,334.86426450544695,194.7646810003789,716.7859569999564,0.0
1772119824,10,,Aggregated,14.900000,0.000000,330,350,360,370,390,420,460,490,670,720,720,6074,0,330.0,334.83516858116514,194.7646810003789,716.7859569999564,0.0
1772119825,10,,Aggregated,14.900000,0.000000,330,350,360,370,390,420,460,490,670,720,720,6089,0,330.0,334.80828795762824,194.7646810003789,716.7859569999564,0.0
1772119826,10,,Aggregated,14.700000,0.000000,330,350,360,370,390,420,460,490,670,720,720,6103,0,330.0,334.86937339587087,194.7646810003789,716.7859569999564,0.0
1772119827,10,,Aggregated,14.800000,0.000000,330,350,360,370,390,420,460,490,670,720,720,6118,0,330.0,334.9594670848315,194.7646810003789,716.7859569999564,0.0
1772119828,10,,Aggregated,14.600000,0.000000,330,350,360,370,390,420,460,490,670,720,720,6133,0,330.0,334.90337438480344,194.7646810003789,716.7859569999564,0.0
1772119829,10,,Aggregated,14.500000,0.000000,330,350,360,370,390,420,460,490,670,720,720,6147,0,330.0,334.85918895981774,194.7646810003789,716.7859569999564,0.0
1772119830,10,,Aggregated,14.500000,0.000000,330,350,360,370,390,420,460,490,670,720,720,6162,0,330.0,334.8576956394026,194.7646810003789,716.7859569999564,0.0
1772119831,10,,Aggregated,14.700000,0.000000,330,350,360,370,390,420,460,490,670,720,720,6174,0,330.0,334.8460508315515,194.7646810003789,716.7859569999564,0.0
1772119832,10,,Aggregated,14.300000,0.000000,330,350,360,370,390,420,460,490,670,720,720,6189,0,330.0,334.81244510971055,194.7646810003789,716.7859569999564,0.0
1772119833,10,,Aggregated,14.800000,0.000000,330,350,360,370,390,420,460,490,670,720,720,6202,0,330.0,334.90152890148295,194.7646810003789,716.7859569999564,0.0
1772119834,10,,Aggregated,14.300000,0.000000,330,350,360,370,390,420,460,490,670,720,720,6217,0,330.0,334.9461326038278,194.7646810003789,716.7859569999564,0.0
1772119835,10,,Aggregated,14.300000,0.000000,330,350,360,370,390,420,460,490,670,720,720,6232,0,330.0,334.91646298218836,194.7646810003789,716.7859569999564,0.0
1772119836,10,,Aggregated,14.100000,0.000000,330,350,360,370,390,420,460,490,670,720,720,6247,0,330.0,334.8911832185045,194.7646810003789,716.7859569999564,0.0
1772119837,10,,Aggregated,14.200000,0.000000,330,350,360,370,390,420,460,490,670,720,720,6261,0,330.0,334.84433791518904,194.7646810003789,716.7859569999564,0.0
1772119838,10,,Aggregated,14.200000,0.000000,330,350,360,370,390,420,460,490,670,720,720,6276,0,330.0,334.7868027525488,194.7646810003789,716.7859569999564,0.0
1772119839,10,,Aggregated,14.300000,0.000000,330,350,360,370,390,420,460,490,670,720,720,6292,0,330.0,334.7330973105524,194.7646810003789,716.7859569999564,0.0
1772119840,10,,Aggregated,14.400000,0.000000,330,350,360,370,390,420,450,490,670,720,720,6306,0,330.0,334.7259069005704,194.7646810003789,716.7859569999564,0.0
1772119841,10,,Aggregated,14.100000,0.000000,330,350,360,370,390,420,450,490,670,720,720,6319,0,330.0,334.7356751862631,194.7646810003789,716.7859569999564,0.0
1772119842,10,,Aggregated,14.400000,0.000000,330,350,360,370,390,420,450,490,670,720,720,6336,0,330.0,334.7160646155297,194.7646810003789,716.7859569999564,0.0
1772119843,10,,Aggregated,14.300000,0.000000,330,350,360,370,390,420,450,490,670,720,720,6348,0,330.0,334.7219755515116,194.7646810003789,716.7859569999564,0.0
1772119844,10,,Aggregated,14.400000,0.000000,330,350,360,370,390,420,450,490,670,720,720,6365,0,330.0,334.70619839622896,194.7646810003789,716.7859569999564,0.0
1772119845,10,,Aggregated,14.700000,0.000000,330,350,360,370,390,420,450,490,670,720,720,6379,0,330.0,334.6683175765788,194.7646810003789,716.7859569999564,0.0
1772119846,10,,Aggregated,14.600000,0.000000,330,350,360,370,390,420,450,490,670,720,720,6394,0,330.0,334.55106084016217,194.7646810003789,716.7859569999564,0.0
1772119847,10,,Aggregated,14.900000,0.000000,330,350,360,370,390,420,450,490,670,720,720,6410,0,330.0,334.5551029939152,194.7646810003789,716.7859569999564,0.0
1772119848,10,,Aggregated,14.800000,0.000000,330,350,360,370,390,420,450,490,670,720,720,6423,0,330.0,334.5135673141826,194.7646810003789,716.7859569999564,0.0
1772119849,10,,Aggregated,14.800000,0.000000,330,350,360,370,390,420,450,490,670,720,720,6439,0,330.0,334.5511548981203,194.7646810003789,716.7859569999564,0.0
1772119850,10,,Aggregated,14.700000,0.000000,330,350,360,370,390,420,450,490,670,720,720,6453,0,330.0,334.53192938617633,194.7646810003789,716.7859569999564,0.0
1772119851,10,,Aggregated,14.800000,0.000000,330,350,360,370,390,420,450,490,670,720,720,6468,0,330.0,334.4874666592444,194.7646810003789,716.7859569999564,0.0
1772119852,10,,Aggregated,14.700000,0.000000,330,350,360,370,390,420,450,490,670,720,720,6483,0,330.0,334.5595539862706,194.7646810003789,716.7859569999564,0.0
1772119853,10,,Aggregated,14.700000,0.000000,330,350,360,370,390,420,450,490,670,720,720,6499,0,330.0,334.5770049319881,194.7646810003789,716.7859569999564,0.0
1772119854,10,,Aggregated,14.800000,0.000000,330,350,360,370,390,420,450,490,670,720,720,6515,0,330.0,334.55132876500267,194.7646810003789,716.7859569999564,0.0
1772119855,10,,Aggregated,14.700000,0.000000,330,350,360,370,390,420,450,490,670,720,720,6527,0,330.0,334.57002260962025,194.7646810003789,716.7859569999564,0.0
1772119856,10,,Aggregated,14.800000,0.000000,330,350,360,370,390,420,450,490,670,720,720,6543,0,330.0,334.5483403579385,194.7646810003789,716.7859569999564,0.0
1772119857,10,,Aggregated,14.300000,0.000000,330,350,360,370,390,420,450,490,670,720,720,6557,0,330.0,334.4862257989919,194.7646810003789,716.7859569999564,0.0
1772119858,10,,Aggregated,14.700000,0.000000,330,350,360,370,390,420,450,490,670,720,720,6570,0,330.0,334.44305092282946,194.7646810003789,716.7859569999564,0.0
1772119859,10,,Aggregated,14.500000,0.000000,330,350,360,370,390,420,450,490,670,720,720,6586,0,330.0,334.4086029696305,194.7646810003789,716.7859569999564,0.0
1772119860,10,,Aggregated,14.400000,0.000000,330,350,360,370,390,420,450,490,670,720,720,6601,0,330.0,334.3804413110116,194.7646810003789,716.7859569999564,0.0
1772119861,10,,Aggregated,14.700000,0.000000,330,350,360,370,390,420,450,490,670,720,720,6615,0,330.0,334.3566557086907,194.7646810003789,716.7859569999564,0.0
1772119862,10,,Aggregated,14.700000,0.000000,330,350,360,370,390,420,450,490,670,720,720,6630,0,330.0,334.33551575520175,194.7646810003789,716.7859569999564,0.0
1772119863,10,,Aggregated,14.600000,0.000000,330,350,360,370,390,420,450,490,670,720,720,6643,0,330.0,334.2944014491927,194.7646810003789,716.7859569999564,0.0
1772119864,10,,Aggregated,14.400000,0.000000,330,340,360,370,390,420,450,490,670,720,720,6660,0,330.0,334.2355443298785,194.7646810003789,716.7859569999564,0.0
1772119865,10,,Aggregated,14.400000,0.000000,330,340,360,370,390,420,450,490,670,720,720,6672,0,330.0,334.22840802742695,194.7646810003789,716.7859569999564,0.0
1772119866,10,,Aggregated,14.500000,0.000000,330,340,360,370,390,420,450,490,670,720,720,6688,0,330.0,334.199492573414,194.7646810003789,716.7859569999564,0.0
1772119867,10,,Aggregated,14.700000,0.000000,330,340,360,370,390,420,450,490,670,720,720,6701,0,330.0,334.1825583442761,194.7646810003789,716.7859569999564,0.0
1772119868,10,,Aggregated,14.300000,0.000000,330,340,360,370,390,420,450,490,670,720,720,6716,0,330.0,334.1949620134002,194.7646810003789,716.7859569999564,0.0
1772119869,10,,Aggregated,14.500000,0.000000,330,340,360,360,390,420,450,490,670,720,720,6731,0,330.0,334.1564429025403,194.7646810003789,716.7859569999564,0.0
1772119870,10,,Aggregated,14.600000,0.000000,330,340,360,360,390,420,450,490,670,720,720,6747,0,330.0,334.0950385015562,194.7646810003789,716.7859569999564,0.0
1772119871,10,,Aggregated,14.300000,0.000000,330,340,360,360,390,420,450,490,670,720,720,6761,0,330.0,334.11329245599796,194.7646810003789,716.7859569999564,0.0
1772119872,10,,Aggregated,14.600000,0.000000,330,340,360,360,390,420,450,490,670,720,720,6777,0,330.0,334.0575937881071,194.7646810003789,716.7859569999564,0.0
1772119873,10,,Aggregated,14.400000,0.000000,330,340,360,360,390,420,450,490,670,720,720,6794,0,330.0,334.0406755516632,194.7646810003789,716.7859569999564,0.0
1772119874,10,,Aggregated,14.700000,0.000000,330,340,360,360,390,420,450,490,670,720,720,6808,0,330.0,334.02895386956504,194.7646810003789,716.7859569999564,0.0
1772119875,10,,Aggregated,14.700000,0.000000,330,340,360,360,390,420,450,490,670,720,720,6823,0,330.0,333.9922079399088,194.7646810003789,716.7859569999564,0.0
1772119876,10,,Aggregated,14.800000,0.000000,330,340,360,360,390,420,450,490,670,720,720,6838,0,330.0,333.9419893970457,194.7646810003789,716.7859569999564,0.0
1772119877,10,,Aggregated,14.900000,0.000000,330,340,360,360,390,420,450,490,670,720,720,6853,0,330.0,333.89223149671653,194.7646810003789,716.7859569999564,0.0
1772119878,10,,Aggregated,15.300000,0.000000,330,340,360,360,390,410,450,490,670,720,720,6868,0,330.0,333.88955336109433,194.7646810003789,716.7859569999564,0.0
1772119879,10,,Aggregated,15.300000,0.000000,330,340,360,360,390,410,450,490,670,720,720,6883,0,330.0,333.8661202984158,194.7646810003789,716.7859569999564,0.0
1772119880,10,,Aggregated,15.000000,0.000000,330,340,360,360,390,410,450,490,670,720,720,6895,0,330.0,333.79512686613447,194.7646810003789,716.7859569999564,0.0
1772119881,10,,Aggregated,15.100000,0.000000,330,340,360,360,390,410,450,490,670,720,720,6913,0,330.0,333.78485058700954,194.7646810003789,716.7859569999564,0.0
1772119882,10,,Aggregated,15.000000,0.000000,330,340,360,360,390,410,450,490,670,720,720,6928,0,330.0,333.75873874162744,194.7646810003789,716.7859569999564,0.0
1772119883,10,,Aggregated,15.100000,0.000000,330,340,360,360,390,410,450,490,670,720,720,6942,0,330.0,333.7052819998554,194.7646810003789,716.7859569999564,0.0
1772119884,10,,Aggregated,15.000000,0.000000,330,340,360,360,390,410,450,490,670,720,720,6956,0,330.0,333.6718072215344,194.7646810003789,716.7859569999564,0.0
1772119885,10,,Aggregated,14.900000,0.000000,330,340,360,360,390,410,450,490,670,720,720,6970,0,330.0,333.69650844533606,194.7646810003789,716.7859569999564,0.0
1772119886,10,,Aggregated,14.900000,0.000000,330,340,360,360,390,410,450,490,670,720,720,6983,0,330.0,333.667222404553,194.7646810003789,716.7859569999564,0.0
1772119887,10,,Aggregated,14.600000,0.000000,330,340,360,360,390,410,450,490,670,720,720,7000,0,330.0,333.67923105699924,194.7646810003789,716.7859569999564,0.0
1772119888,10,,Aggregated,14.600000,0.000000,330,340,360,360,390,410,450,490,670,720,720,7013,0,330.0,333.64492180236624,194.7646810003789,716.7859569999564,0.0
1772119889,10,,Aggregated,14.400000,0.000000,330,340,360,360,390,410,450,490,670,720,720,7030,0,330.0,333.63862366059675,194.7646810003789,716.7859569999564,0.0
1772119890,10,,Aggregated,14.600000,0.000000,330,340,360,360,390,410,450,490,670,720,720,7043,0,330.0,333.5752413552456,194.7646810003789,716.7859569999564,0.0
1772119891,10,,Aggregated,14.800000,0.000000,330,340,360,360,390,410,450,490,670,720,720,7060,0,330.0,333.5580842059488,194.7646810003789,716.7859569999564,0.0
1772119892,10,,Aggregated,14.600000,0.000000,330,340,360,360,390,410,450,490,670,720,720,7075,0,330.0,333.5269077098231,194.7646810003789,716.7859569999564,0.0
1772119893,10,,Aggregated,14.900000,0.000000,330,340,360,360,390,410,450,490,670,720,720,7090,0,330.0,333.509091611283,194.7646810003789,716.7859569999564,0.0
1772119894,10,,Aggregated,14.600000,0.000000,330,340,360,360,390,410,450,490,670,720,720,7104,0,330.0,333.480810579532,194.7646810003789,716.7859569999564,0.0
1772119895,10,,Aggregated,14.700000,0.000000,330,340,360,360,390,410,450,490,670,720,720,7120,0,330.0,333.4392733234542,194.7646810003789,716.7859569999564,0.0
1772119896,10,,Aggregated,14.900000,0.000000,330,340,360,360,390,410,450,490,670,720,720,7133,0,330.0,333.46347847203054,194.7646810003789,716.7859569999564,0.0
1772119897,10,,Aggregated,14.800000,0.000000,330,340,360,360,390,410,450,490,670,720,720,7149,0,330.0,333.43231062386207,194.7646810003789,716.7859569999564,0.0
1772119898,10,,Aggregated,14.600000,0.000000,330,340,360,360,390,410,450,490,670,720,720,7167,0,330.0,333.32344594028064,194.7646810003789,716.7859569999564,0.0
1772119899,10,,Aggregated,14.900000,0.000000,330,340,360,360,390,410,450,490,670,720,720,7179,0,330.0,333.27770775790407,194.7646810003789,716.7859569999564,0.0
1772119900,10,,Aggregated,15.000000,0.000000,330,340,360,360,390,410,450,490,670,720,720,7195,0,330.0,333.2304727987482,194.7646810003789,716.7859569999564,0.0
1772119901,10,,Aggregated,15.000000,0.000000,330,340,360,360,390,410,450,490,670,720,720,7210,0,330.0,333.23452374840383,194.7646810003789,716.7859569999564,0.0
1772119902,10,,Aggregated,15.100000,0.000000,330,340,360,360,390,410,450,490,670,720,720,7226,0,330.0,333.20998606365794,194.7646810003789,716.7859569999564,0.0
1772119903,10,,Aggregated,14.900000,0.000000,330,340,360,360,390,410,450,490,670,720,720,7242,0,330.0,333.18424016970346,194.7646810003789,716.7859569999564,0.0
1772119904,10,,Aggregated,15.200000,0.000000,330,340,360,360,390,410,450,490,670,720,720,7254,0,330.0,333.15752834422267,194.7646810003789,716.7859569999564,0.0
1772119905,10,,Aggregated,15.000000,0.000000,330,340,360,360,390,410,450,490,670,720,720,7272,0,330.0,333.11893547359574,194.7646810003789,716.7859569999564,0.0
1772119906,10,,Aggregated,15.000000,0.000000,330,340,360,360,390,410,450,490,670,720,720,7284,0,330.0,333.14357978981184,194.7646810003789,716.7859569999564,0.0
1772119907,10,,Aggregated,15.200000,0.000000,330,340,360,360,390,410,450,490,670,720,720,7302,0,330.0,333.1088428987935,194.7646810003789,716.7859569999564,0.0
1772119908,10,,Aggregated,15.000000,0.000000,330,340,360,360,390,410,450,490,670,720,720,7314,0,330.0,333.15158647470486,194.7646810003789,716.7859569999564,0.0
1772119909,10,,Aggregated,15.000000,0.000000,330,340,360,360,390,410,450,490,670,720,720,7330,0,330.0,333.2741529478844,194.7646810003789,716.7859569999564,0.0
1772119910,10,,Aggregated,14.800000,0.000000,330,340,360,360,390,410,450,490,670,720,720,7343,0,330.0,333.2743570901528,194.7646810003789,716.7859569999564,0.0
1772119911,10,,Aggregated,14.600000,0.000000,330,340,360,360,390,410,450,490,670,720,720,7356,0,330.0,333.2869547661766,194.7646810003789,716.7859569999564,0.0
1772119912,10,,Aggregated,14.700000,0.000000,330,340,360,360,390,410,450,490,670,720,720,7372,0,330.0,333.2861723243345,194.7646810003789,716.7859569999564,0.0
1772119913,10,,Aggregated,14.400000,0.000000,330,340,360,360,390,410,450,490,670,720,720,7386,0,330.0,333.2668592803942,194.7646810003789,716.7859569999564,0.0
1772119914,10,,Aggregated,14.700000,0.000000,330,340,360,360,390,410,450,490,670,720,720,7403,0,330.0,333.24915353505196,194.7646810003789,716.7859569999564,0.0
1772119915,10,,Aggregated,14.400000,0.000000,330,340,360,360,390,410,450,490,670,720,720,7415,0,330.0,333.2206111630464,194.7646810003789,716.7859569999564,0.0
1772119916,10,,Aggregated,14.700000,0.000000,330,340,360,360,390,410,450,490,670,720,720,7434,0,330.0,333.1587276942411,194.7646810003789,716.7859569999564,0.0
1772119917,10,,Aggregated,14.300000,0.000000,330,340,360,360,390,410,450,490,670,720,720,7445,0,330.0,333.1354988893201,194.7646810003789,716.7859569999564,0.0
1772119918,10,,Aggregated,14.900000,0.000000,330,340,360,360,390,410,450,490,670,720,720,7462,0,330.0,333.1492296764926,194.7646810003789,716.7859569999564,0.0
1772119919,10,,Aggregated,14.500000,0.000000,330,340,360,360,390,410,450,490,670,720,720,7475,0,330.0,333.1273547126404,194.7646810003789,716.7859569999564,0.0
1772119920,10,,Aggregated,14.800000,0.000000,330,340,360,360,390,410,450,490,670,720,720,7491,0,330.0,333.10434126925435,194.7646810003789,716.7859569999564,0.0
1772119921,10,,Aggregated,14.800000,0.000000,330,340,360,360,390,410,450,480,670,720,720,7506,0,330.0,333.1360294231257,194.7646810003789,716.7859569999564,0.0
1772119922,10,,Aggregated,14.800000,0.000000,330,340,360,360,390,410,450,480,670,720,720,7522,0,330.0,333.0913812499308,194.7646810003789,716.7859569999564,0.0
1772119923,10,,Aggregated,15.000000,0.000000,330,340,360,360,390,410,450,480,670,720,720,7537,0,330.0,333.0756670550592,194.7646810003789,716.7859569999564,0.0
1772119924,10,,Aggregated,14.900000,0.000000,330,340,360,360,390,410,450,480,670,720,720,7551,0,330.0,333.05661010528166,194.7646810003789,716.7859569999564,0.0
1772119925,10,,Aggregated,15.200000,0.000000,330,340,360,360,390,410,450,480,670,720,720,7565,0,330.0,333.099836644016,194.7646810003789,716.7859569999564,0.0
1772119926,10,,Aggregated,14.700000,0.000000,330,340,360,360,390,410,450,480,670,720,720,7580,0,330.0,333.08694208416625,194.7646810003789,716.7859569999564,0.0
1772119927,10,,Aggregated,14.900000,0.000000,330,340,360,360,390,410,450,480,670,720,720,7594,0,330.0,333.08521561745863,194.7646810003789,716.7859569999564,0.0
1772119928,10,,Aggregated,14.500000,0.000000,330,340,360,360,390,410,450,480,670,720,720,7608,0,330.0,333.12210078456627,194.7646810003789,716.7859569999564,0.0
1772119929,10,,Aggregated,14.900000,0.000000,330,340,360,360,390,410,450,480,670,720,720,7625,0,330.0,333.0524189732434,194.7646810003789,716.7859569999564,0.0
1772119930,10,,Aggregated,14.600000,0.000000,330,340,360,360,390,410,450,480,670,720,720,7640,0,330.0,333.0134972455472,194.7646810003789,716.7859569999564,0.0
1772119931,10,,Aggregated,14.600000,0.000000,330,340,360,360,390,410,450,480,670,720,720,7654,0,330.0,332.98535150104254,194.7646810003789,716.7859569999564,0.0
1772119932,10,,Aggregated,14.500000,0.000000,330,340,360,360,390,410,450,480,670,720,720,7669,0,330.0,332.9783430787559,194.7646810003789,716.7859569999564,0.0
1772119933,10,,Aggregated,14.900000,0.000000,330,340,360,360,390,410,450,480,670,720,720,7685,0,330.0,332.9477726879608,194.7646810003789,716.7859569999564,0.0
1772119934,10,,Aggregated,14.700000,0.000000,330,340,360,360,390,410,450,480,670,720,720,7699,0,330.0,332.93998044486017,194.7646810003789,716.7859569999564,0.0
1772119935,10,,Aggregated,14.500000,0.000000,330,340,360,360,390,410,450,480,670,720,720,7712,0,330.0,332.9417124301062,194.7646810003789,716.7859569999564,0.0
1772119936,10,,Aggregated,14.600000,0.000000,330,340,360,360,390,410,450,480,670,720,720,7727,0,330.0,332.9186866701148,194.7646810003789,716.7859569999564,0.0
1772119937,10,,Aggregated,14.900000,0.000000,330,340,360,360,390,410,450,480,670,720,720,7742,0,330.0,332.8994118234276,194.7646810003789,716.7859569999564,0.0
1772119938,10,,Aggregated,14.700000,0.000000,330,340,360,360,390,410,450,480,670,720,720,7757,0,330.0,332.8783276884074,194.7646810003789,716.7859569999564,0.0
1772119939,10,,Aggregated,14.900000,0.000000,330,340,360,360,390,410,450,480,670,720,720,7772,0,330.0,332.8645349965234,194.7646810003789,716.7859569999564,0.0
1772119940,10,,Aggregated,14.800000,0.000000,330,340,360,360,390,410,450,480,670,720,720,7787,0,330.0,332.84451731899037,194.7646810003789,716.7859569999564,0.0
1772119941,10,,Aggregated,15.100000,0.000000,330,340,360,360,390,410,450,480,670,720,720,7801,0,330.0,332.80510900589394,194.7646810003789,716.7859569999564,0.0
1772119942,10,,Aggregated,14.800000,0.000000,330,340,360,360,390,410,450,480,670,720,720,7815,0,330.0,332.7933073100422,194.7646810003789,716.7859569999564,0.0
1772119943,10,,Aggregated,14.600000,0.000000,330,340,360,360,390,410,450,480,670,720,720,7830,0,330.0,332.84645950216867,194.7646810003789,716.7859569999564,0.0
1772119944,10,,Aggregated,14.500000,0.000000,330,340,360,360,390,410,450,480,670,720,720,7842,0,330.0,332.8404518606197,194.7646810003789,716.7859569999564,0.0
1772119945,10,,Aggregated,14.600000,0.000000,330,340,360,360,390,410,450,480,670,720,720,7858,0,330.0,332.91317772855416,194.7646810003789,716.7859569999564,0.0
1772119946,10,,Aggregated,14.600000,0.000000,330,340,360,360,390,410,450,480,670,720,720,7872,0,330.0,332.9030884302564,194.7646810003789,716.7859569999564,0.0
1772119947,10,,Aggregated,14.300000,0.000000,330,340,360,360,390,410,450,480,670,720,720,7888,0,330.0,332.86950297413506,194.7646810003789,716.7859569999564,0.0
1772119948,10,,Aggregated,14.500000,0.000000,330,340,360,360,390,410,450,480,670,720,720,7904,0,330.0,332.8189467040712,194.7646810003789,716.7859569999564,0.0
1772119949,10,,Aggregated,14.400000,0.000000,330,340,360,360,390,410,450,480,670,720,720,7917,0,330.0,332.79617572110385,194.7646810003789,716.7859569999564,0.0
1772119950,10,,Aggregated,14.500000,0.000000,330,340,360,360,390,410,450,480,670,720,720,7932,0,330.0,332.77209141376375,194.7646810003789,716.7859569999564,0.0
1772119951,10,,Aggregated,14.200000,0.000000,330,340,360,360,390,410,450,480,670,720,720,7944,0,330.0,332.76856556709134,194.7646810003789,716.7859569999564,0.0
1772119952,10,,Aggregated,14.700000,0.000000,330,340,360,360,390,410,450,480,670,720,720,7959,0,330.0,332.79638146714086,194.7646810003789,716.7859569999564,0.0
1772119953,10,,Aggregated,14.300000,0.000000,330,340,360,360,390,410,450,480,670,720,720,7973,0,330.0,332.89320961331686,194.7646810003789,716.7859569999564,0.0
1772119954,10,,Aggregated,14.500000,0.000000,330,340,360,360,390,410,450,480,670,720,720,7986,0,330.0,332.95966563360554,194.7646810003789,716.7859569999564,0.0
1772119955,10,,Aggregated,14.400000,0.000000,330,340,360,360,390,410,450,480,660,720,720,8001,0,330.0,332.9874305554275,194.7646810003789,716.7859569999564,0.0
1772119956,10,,Aggregated,14.300000,0.000000,330,340,360,360,390,410,450,480,660,720,720,8017,0,330.0,332.99904355618986,194.7646810003789,716.7859569999564,0.0
1772119957,10,,Aggregated,14.300000,0.000000,330,340,360,360,390,410,450,480,660,720,720,8030,0,330.0,332.95981010883844,194.7646810003789,716.7859569999564,0.0
1772119958,10,,Aggregated,14.300000,0.000000,330,340,360,360,390,410,450,480,660,720,720,8045,0,330.0,332.9716921321283,194.7646810003789,716.7859569999564,0.0
1772119959,10,,Aggregated,14.100000,0.000000,330,340,360,360,390,410,450,480,660,720,720,8058,0,330.0,332.9773968444987,194.7646810003789,716.7859569999564,0.0
1772119960,10,,Aggregated,14.100000,0.000000,330,340,360,360,390,410,450,480,660,720,720,8074,0,330.0,332.93652860304337,194.7646810003789,716.7859569999564,0.0
1772119961,10,,Aggregated,14.100000,0.000000,330,340,360,360,390,410,450,480,660,720,720,8089,0,330.0,332.94404827592666,194.7646810003789,716.7859569999564,0.0
1772119962,10,,Aggregated,13.700000,0.000000,330,340,360,360,390,410,450,480,660,720,720,8104,0,330.0,332.90240507872346,194.7646810003789,716.7859569999564,0.0
1772119963,10,,Aggregated,14.200000,0.000000,330,340,360,360,390,410,450,480,660,720,720,8121,0,330.0,332.88254264339076,194.7646810003789,716.7859569999564,0.0
1772119964,10,,Aggregated,14.100000,0.000000,330,340,360,360,390,410,450,480,660,720,720,8133,0,330.0,332.8240365912919,194.7646810003789,716.7859569999564,0.0
1772119965,10,,Aggregated,14.400000,0.000000,330,340,360,360,390,410,450,480,660,720,720,8147,0,330.0,332.9479995325858,194.7646810003789,716.7859569999564,0.0
1772119966,10,,Aggregated,14.600000,0.000000,330,340,360,360,390,410,450,480,660,720,720,8163,0,330.0,332.9691389015042,194.7646810003789,716.7859569999564,0.0
1772119967,10,,Aggregated,14.500000,0.000000,330,340,360,360,390,410,450,480,660,720,720,8176,0,330.0,332.9984618227715,194.7646810003789,716.7859569999564,0.0
1772119968,10,,Aggregated,14.700000,0.000000,330,340,360,360,390,410,450,480,660,720,720,8192,0,330.0,332.99019923119886,194.7646810003789,716.7859569999564,0.0
1772119969,10,,Aggregated,14.700000,0.000000,330,340,360,360,390,410,450,480,660,720,720,8207,0,330.0,333.0003054968907,194.7646810003789,716.7859569999564,0.0
1772119970,10,,Aggregated,14.600000,0.000000,330,340,360,360,390,410,450,480,660,720,720,8221,0,330.0,332.97740356720374,194.7646810003789,716.7859569999564,0.0
1772119971,10,,Aggregated,14.800000,0.000000,330,340,360,360,390,410,450,480,660,720,720,8238,0,330.0,333.0159586251494,194.7646810003789,716.7859569999564,0.0
1772119972,10,,Aggregated,14.900000,0.000000,330,340,360,360,390,410,450,480,660,720,720,8249,0,330.0,333.1018132514219,194.7646810003789,716.7859569999564,0.0
1772119973,10,,Aggregated,14.500000,0.000000,330,340,360,360,390,410,450,480,660,720,720,8266,0,330.0,333.03107167710857,194.7646810003789,716.7859569999564,0.0
1772119974,10,,Aggregated,14.700000,0.000000,330,340,360,360,390,410,450,480,660,720,720,8281,0,330.0,333.04915376693384,194.7646810003789,716.7859569999564,0.0
1772119975,10,,Aggregated,14.500000,0.000000,330,340,360,360,390,410,450,480,660,720,720,8296,0,330.0,333.0590768800602,194.7646810003789,716.7859569999564,0.0
1772119976,10,,Aggregated,14.400000,0.000000,330,340,360,360,390,410,450,480,660,720,720,8308,0,330.0,333.06270584412385,194.7646810003789,716.7859569999564,0.0
1772119977,10,,Aggregated,14.700000,0.000000,330,340,360,360,390,410,450,480,660,720,720,8325,0,330.0,333.1029402206585,194.7646810003789,716.7859569999564,0.0
1772119978,10,,Aggregated,14.600000,0.000000,330,340,360,360,390,410,450,480,660,720,720,8338,0,330.0,333.1248519354744,194.7646810003789,716.7859569999564,0.0
1772119979,10,,Aggregated,14.500000,0.000000,330,340,360,360,390,410,450,480,660,720,720,8354,0,330.0,333.12059478321595,194.7646810003789,716.7859569999564,0.0
1772119980,10,,Aggregated,14.800000,0.000000,330,340,360,360,390,410,450,480,660,720,720,8368,0,330.0,333.1369057093673,194.7646810003789,716.7859569999564,0.0
1772119981,10,,Aggregated,14.400000,0.000000,330,340,360,360,390,410,450,480,660,720,720,8383,0,330.0,333.12509597315795,194.7646810003789,716.7859569999564,0.0
1772119982,10,,Aggregated,14.600000,0.000000,330,340,360,360,390,410,450,480,660,720,720,8397,0,330.0,333.1466841648188,194.7646810003789,716.7859569999564,0.0
1772119983,10,,Aggregated,14.700000,0.000000,330,340,360,360,390,410,450,480,660,720,720,8413,0,330.0,333.1622580206803,194.7646810003789,716.7859569999564,0.0
1772119984,10,,Aggregated,14.500000,0.000000,330,340,360,360,390,410,450,480,660,720,720,8428,0,330.0,333.1212975959876,194.7646810003789,716.7859569999564,0.0
1772119985,10,,Aggregated,14.700000,0.000000,330,340,360,360,390,410,450,480,660,720,720,8442,0,330.0,333.0977971440398,194.7646810003789,716.7859569999564,0.0
1772119986,10,,Aggregated,14.700000,0.000000,330,340,360,360,390,410,450,480,660,720,720,8458,0,330.0,333.04810476389065,194.7646810003789,716.7859569999564,0.0
1772119987,10,,Aggregated,14.700000,0.000000,330,340,360,360,390,410,450,480,660,720,720,8474,0,330.0,332.99979962662104,194.7646810003789,716.7859569999564,0.0
1772119988,10,,Aggregated,14.700000,0.000000,330,340,360,360,390,410,450,480,660,720,720,8487,0,330.0,332.98719435065243,194.7646810003789,716.7859569999564,0.0
1772119989,10,,Aggregated,14.800000,0.000000,330,340,360,360,390,410,450,480,660,720,720,8503,0,330.0,332.9813123379967,194.7646810003789,716.7859569999564,0.0
1772119991,10,,Aggregated,14.900000,0.000000,330,340,360,360,390,410,450,480,660,720,720,8515,0,330.0,332.9785795019362,194.7646810003789,716.7859569999564,0.0
1772119992,10,,Aggregated,14.900000,0.000000,330,340,360,360,390,410,450,480,660,720,720,8533,0,330.0,333.0051424164991,194.7646810003789,716.7859569999564,0.0
1772119993,10,,Aggregated,14.900000,0.000000,330,340,360,360,390,410,450,480,660,720,720,8545,0,330.0,332.9941158239891,194.7646810003789,716.7859569999564,0.0
1772119994,10,,Aggregated,15.000000,0.000000,330,340,360,360,390,410,450,480,660,720,720,8561,0,330.0,332.9878412629349,194.7646810003789,716.7859569999564,0.0
1772119995,10,,Aggregated,15.000000,0.000000,330,340,360,360,390,410,450,480,660,720,720,8574,0,330.0,333.03890625367256,194.7646810003789,716.7859569999564,0.0
1772119996,10,,Aggregated,14.700000,0.000000,330,340,360,360,390,410,450,480,660,720,720,8587,0,330.0,333.0648184226141,194.7646810003789,716.7859569999564,0.0
1772119997,10,,Aggregated,14.700000,0.000000,330,340,360,360,390,410,450,480,660,720,720,8603,0,330.0,333.0677663671959,194.7646810003789,716.7859569999564,0.0
1772119998,10,,Aggregated,14.300000,0.000000,330,340,360,360,390,410,450,480,660,720,720,8618,0,330.0,333.0644779532359,194.7646810003789,716.7859569999564,0.0
1772119999,10,,Aggregated,14.500000,0.000000,330,340,360,360,390,410,450,480,660,720,720,8632,0,330.0,333.05447575393697,194.7646810003789,716.7859569999564,0.0
1772120000,10,,Aggregated,14.300000,0.000000,330,340,360,360,390,410,450,480,660,720,720,8648,0,330.0,333.0416180707658,194.7646810003789,716.7859569999564,0.0
1772120001,10,,Aggregated,14.300000,0.000000,330,340,360,360,390,410,450,480,660,720,720,8661,0,330.0,333.04281514016685,194.7646810003789,716.7859569999564,0.0
1772120002,10,,Aggregated,14.300000,0.000000,330,340,360,360,390,410,450,480,660,720,720,8674,0,330.0,333.0561664217183,194.7646810003789,716.7859569999564,0.0
1772120003,10,,Aggregated,14.700000,0.000000,330,340,360,360,390,410,450,480,660,720,720,8691,0,330.0,333.0410837033692,194.7646810003789,716.7859569999564,0.0
1772120004,10,,Aggregated,14.700000,0.000000,330,340,360,360,390,410,450,480,660,720,720,8705,0,330.0,333.01533495508124,194.7646810003789,716.7859569999564,0.0
1772120005,10,,Aggregated,14.400000,0.000000,330,340,360,360,390,410,450,480,660,720,720,8720,0,330.0,333.02416110412656,194.7646810003789,716.7859569999564,0.0
1772120006,10,,Aggregated,14.400000,0.000000,330,340,360,360,390,410,450,480,660,720,720,8734,0,330.0,333.0061957349419,194.7646810003789,716.7859569999564,0.0
1772120007,10,,Aggregated,14.400000,0.000000,330,340,360,360,390,410,450,480,660,720,720,8749,0,330.0,333.00554164201463,194.7646810003789,716.7859569999564,0.0
1772120008,10,,Aggregated,14.400000,0.000000,330,340,360,360,390,410,450,480,660,720,720,8763,0,330.0,332.993523450643,194.7646810003789,716.7859569999564,0.0
1772120009,10,,Aggregated,14.700000,0.000000,330,340,360,360,390,410,450,480,660,720,720,8777,0,330.0,332.98718899578256,194.7646810003789,716.7859569999564,0.0
1772120010,10,,Aggregated,14.600000,0.000000,330,340,360,360,390,410,450,480,660,720,720,8793,0,330.0,333.019041642782,194.7646810003789,716.7859569999564,0.0
1772120011,10,,Aggregated,14.700000,0.000000,330,340,360,360,390,410,450,480,660,720,720,8806,0,330.0,332.9986516301364,194.7646810003789,716.7859569999564,0.0
1772120012,10,,Aggregated,14.400000,0.000000,330,340,360,360,390,410,450,480,660,720,720,8823,0,330.0,332.97546692383315,194.7646810003789,716.7859569999564,0.0
1772120013,10,,Aggregated,14.400000,0.000000,330,340,360,360,390,410,450,480,660,720,720,8836,0,330.0,332.94953549377317,194.7646810003789,716.7859569999564,0.0
1772120014,10,,Aggregated,14.400000,0.000000,330,340,360,360,390,410,450,480,660,720,720,8851,0,330.0,332.9617343066297,194.7646810003789,716.7859569999564,0.0
1772120015,10,,Aggregated,14.500000,0.000000,330,340,360,360,390,410,450,480,660,720,720,8866,0,330.0,332.9399189534152,194.7646810003789,716.7859569999564,0.0
1772120016,10,,Aggregated,14.600000,0.000000,330,340,360,360,390,410,450,480,660,720,720,8880,0,330.0,332.91256005630385,194.7646810003789,716.7859569999564,0.0
1772120017,10,,Aggregated,14.600000,0.000000,330,340,360,360,390,410,450,480,660,720,720,8896,0,330.0,332.89479642243447,194.7646810003789,716.7859569999564,0.0
1772120018,10,,Aggregated,14.400000,0.000000,330,340,360,360,390,410,450,480,660,720,720,8908,0,330.0,332.87412675527366,194.7646810003789,716.7859569999564,0.0
1772120019,10,,Aggregated,14.700000,0.000000,330,340,360,360,390,410,450,480,660,720,720,8926,0,330.0,332.84993695260795,194.7646810003789,716.7859569999564,0.0
1772120020,10,,Aggregated,14.400000,0.000000,330,340,360,360,390,410,450,480,660,720,720,8939,0,330.0,332.82892332095076,194.7646810003789,716.7859569999564,0.0
1772120021,10,,Aggregated,14.400000,0.000000,330,340,360,360,390,410,450,480,660,720,720,8952,0,330.0,332.8357196320351,194.7646810003789,716.7859569999564,0.0
1772120022,10,,Aggregated,14.800000,0.000000,330,340,360,360,390,410,450,480,660,720,720,8970,0,330.0,332.7957954685591,194.7646810003789,716.7859569999564,0.0
1772120023,10,,Aggregated,14.700000,0.000000,330,340,360,360,390,410,450,480,660,720,720,8983,0,330.0,332.79026608348835,194.7646810003789,716.7859569999564,0.0
1772120024,10,,Aggregated,14.700000,0.000000,330,340,360,360,390,410,450,480,660,720,720,8999,0,330.0,332.7743094025977,194.7646810003789,716.7859569999564,0.0
1772120025,10,,Aggregated,14.800000,0.000000,330,340,360,360,390,410,450,480,650,720,720,9013,0,330.0,332.78242371341133,194.7646810003789,716.7859569999564,0.0
1772120026,10,,Aggregated,14.400000,0.000000,330,340,360,360,390,410,450,480,650,720,720,9026,0,330.0,332.7763002894943,194.7646810003789,716.7859569999564,0.0
1772120027,10,,Aggregated,14.600000,0.000000,330,340,360,360,390,410,450,480,650,720,720,9040,0,330.0,332.77795905265236,194.7646810003789,716.7859569999564,0.0
1772120028,10,,Aggregated,14.600000,0.000000,330,340,360,360,390,410,450,480,650,720,720,9055,0,330.0,332.77965553042276,194.7646810003789,716.7859569999564,0.0
1772120029,10,,Aggregated,14.400000,0.000000,330,340,360,360,390,410,450,480,650,720,720,9070,0,330.0,332.7606119929412,194.7646810003789,716.7859569999564,0.0
1772120030,10,,Aggregated,14.700000,0.000000,330,340,360,360,390,410,450,480,650,720,720,9088,0,330.0,332.77071570301274,194.7646810003789,716.7859569999564,0.0
1772120031,10,,Aggregated,14.500000,0.000000,330,340,360,360,390,410,450,480,650,720,720,9100,0,330.0,332.75464048208573,194.7646810003789,716.7859569999564,0.0
1772120032,10,,Aggregated,14.500000,0.000000,330,340,360,360,390,410,450,480,650,720,720,9116,0,330.0,332.7354715405856,194.7646810003789,716.7859569999564,0.0
1772120033,10,,Aggregated,14.700000,0.000000,330,340,360,360,390,410,450,480,650,720,720,9130,0,330.0,332.752170239647,194.7646810003789,716.7859569999564,0.0
1772120034,10,,Aggregated,14.700000,0.000000,330,340,360,360,390,410,450,480,650,720,720,9146,0,330.0,332.737732064616,194.7646810003789,716.7859569999564,0.0
1772120035,10,,Aggregated,14.600000,0.000000,330,340,360,360,390,410,440,480,650,720,720,9159,0,330.0,332.74586071175634,194.7646810003789,716.7859569999564,0.0
1772120036,10,,Aggregated,14.900000,0.000000,330,340,360,360,390,410,440,480,650,720,720,9174,0,330.0,332.7519545039216,194.7646810003789,716.7859569999564,0.0
1772120037,10,,Aggregated,14.800000,0.000000,330,340,360,360,390,410,440,480,650,720,720,9189,0,330.0,332.7411489767088,194.7646810003789,716.7859569999564,0.0
1772120038,10,,Aggregated,14.800000,0.000000,330,340,360,360,390,410,440,480,650,720,720,9204,0,330.0,332.70039611049305,194.7646810003789,716.7859569999564,0.0
1772120039,10,,Aggregated,14.800000,0.000000,330,340,360,360,390,410,440,480,650,720,720,9220,0,330.0,332.6852448413213,194.7646810003789,716.7859569999564,0.0
1772120040,10,,Aggregated,14.800000,0.000000,330,340,360,360,390,410,440,480,650,720,720,9234,0,330.0,332.68993145678826,194.7646810003789,716.7859569999564,0.0
1772120041,10,,Aggregated,14.700000,0.000000,330,340,360,360,390,410,440,480,650,720,720,9248,0,330.0,332.65902013224303,194.7646810003789,716.7859569999564,0.0
1772120042,10,,Aggregated,14.900000,0.000000,330,340,360,360,390,410,440,480,650,720,720,9263,0,330.0,332.6918453162025,194.7646810003789,716.7859569999564,0.0
1772120043,10,,Aggregated,14.600000,0.000000,330,340,360,360,390,410,440,480,650,720,720,9277,0,330.0,332.69076222453197,194.7646810003789,716.7859569999564,0.0
1772120044,10,,Aggregated,14.500000,0.000000,330,340,360,360,390,410,440,480,650,720,720,9292,0,330.0,332.75186651818586,194.7646810003789,716.7859569999564,0.0
1772120045,10,,Aggregated,14.600000,0.000000,330,340,360,360,390,410,440,480,650,720,720,9307,0,330.0,332.80262518609436,194.7646810003789,716.7859569999564,0.0
1772120046,10,,Aggregated,14.400000,0.000000,330,340,360,360,390,410,450,480,650,720,720,9320,0,330.0,332.8708354372298,194.7646810003789,716.7859569999564,0.0
1772120047,10,,Aggregated,14.400000,0.000000,330,340,360,360,390,410,450,480,650,720,720,9333,0,330.0,332.86525816564637,194.7646810003789,716.7859569999564,0.0
1772120048,10,,Aggregated,14.500000,0.000000,330,340,360,360,390,410,450,480,650,720,720,9350,0,330.0,332.8546853587143,194.7646810003789,716.7859569999564,0.0
1772120049,10,,Aggregated,14.500000,0.000000,330,340,360,360,390,410,450,480,650,720,720,9363,0,330.0,332.8742095170331,194.7646810003789,716.7859569999564,0.0
1772120050,10,,Aggregated,14.500000,0.000000,330,340,360,360,390,410,450,480,650,720,720,9379,0,330.0,332.8470269417829,194.7646810003789,716.7859569999564,0.0
1772120051,10,,Aggregated,14.400000,0.000000,330,340,360,360,390,410,450,480,650,720,720,9395,0,330.0,332.8762936920684,194.7646810003789,716.7859569999564,0.0
1772120052,10,,Aggregated,14.300000,0.000000,330,340,360,360,390,410,450,480,650,720,720,9408,0,330.0,332.8484322072689,194.7646810003789,716.7859569999564,0.0
1772120053,10,,Aggregated,14.400000,0.000000,330,340,360,360,390,410,450,480,650,720,720,9424,0,330.0,332.8425450887082,194.7646810003789,716.7859569999564,0.0
1772120054,10,,Aggregated,14.700000,0.000000,330,340,360,360,390,410,450,480,650,720,720,9439,0,330.0,332.81033372221486,194.7646810003789,716.7859569999564,0.0
1772120055,10,,Aggregated,14.500000,0.000000,330,340,360,360,390,410,450,480,650,720,720,9455,0,330.0,332.7958882557363,194.7646810003789,716.7859569999564,0.0
1772120056,10,,Aggregated,14.800000,0.000000,330,340,360,360,390,410,450,480,650,720,720,9468,0,330.0,332.7967859011394,194.7646810003789,716.7859569999564,0.0
1772120057,10,,Aggregated,14.900000,0.000000,330,340,360,360,390,410,450,480,650,720,720,9485,0,330.0,332.81282005925,194.7646810003789,716.7859569999564,0.0
1772120058,10,,Aggregated,14.800000,0.000000,330,340,360,360,390,410,450,480,650,720,720,9500,0,330.0,332.7905541949456,194.7646810003789,716.7859569999564,0.0
1772120059,10,,Aggregated,14.600000,0.000000,330,340,360,360,390,410,450,480,650,720,720,9515,0,330.0,332.76681983636183,194.7646810003789,716.7859569999564,0.0
1772120060,10,,Aggregated,14.800000,0.000000,330,340,360,360,390,410,450,480,650,720,720,9528,0,330.0,332.77973239409994,194.7646810003789,716.7859569999564,0.0
1772120061,10,,Aggregated,15.000000,0.000000,330,340,360,360,390,410,450,480,650,720,720,9545,0,330.0,332.78048503415226,194.7646810003789,716.7859569999564,0.0
1772120062,10,,Aggregated,15.100000,0.000000,330,340,360,360,390,410,440,480,650,720,720,9558,0,330.0,332.79505322745194,194.7646810003789,716.7859569999564,0.0
1772120063,10,,Aggregated,14.900000,0.000000,330,340,360,360,390,410,440,480,650,720,720,9575,0,330.0,332.75083494934574,194.7646810003789,716.7859569999564,0.0
1772120064,10,,Aggregated,14.800000,0.000000,330,340,360,360,390,410,440,480,650,720,720,9589,0,330.0,332.7136572658239,194.7646810003789,716.7859569999564,0.0
1772120065,10,,Aggregated,14.900000,0.000000,330,340,360,360,390,410,440,480,650,720,720,9603,0,330.0,332.72675748422233,194.7646810003789,716.7859569999564,0.0
1772120066,10,,Aggregated,14.800000,0.000000,330,340,360,360,390,410,440,480,650,720,720,9617,0,330.0,332.7475837927617,194.7646810003789,716.7859569999564,0.0
1772120067,10,,Aggregated,14.700000,0.000000,330,340,360,360,390,410,440,480,650,720,720,9633,0,330.0,332.7381404797042,194.7646810003789,716.7859569999564,0.0
1772120068,10,,Aggregated,14.700000,0.000000,330,340,360,360,390,410,450,480,650,720,720,9646,0,330.0,332.7375260353505,194.7646810003789,716.7859569999564,0.0
1772120069,10,,Aggregated,14.900000,0.000000,330,340,360,360,390,410,440,480,650,720,720,9661,0,330.0,332.709227826518,194.7646810003789,716.7859569999564,0.0
1772120070,10,,Aggregated,14.700000,0.000000,330,340,360,360,390,410,440,480,650,720,720,9677,0,330.0,332.68255283414163,194.7646810003789,716.7859569999564,0.0
1772120071,10,,Aggregated,14.600000,0.000000,330,340,360,360,390,410,440,480,650,720,720,9690,0,330.0,332.70954078720195,194.7646810003789,716.7859569999564,0.0
1772120072,10,,Aggregated,14.500000,0.000000,330,340,360,360,390,410,440,480,650,720,720,9706,0,330.0,332.69285081722546,194.7646810003789,716.7859569999564,0.0
1772120073,10,,Aggregated,14.800000,0.000000,330,340,360,360,390,410,440,480,650,720,720,9718,0,330.0,332.69308054733364,194.7646810003789,716.7859569999564,0.0
1772120074,10,,Aggregated,14.800000,0.000000,330,340,360,360,390,410,450,480,650,720,720,9734,0,330.0,332.7610053514473,194.7646810003789,716.7859569999564,0.0
1772120075,10,,Aggregated,14.600000,0.000000,330,340,360,360,390,410,450,480,650,720,720,9745,0,330.0,332.751190142123,194.7646810003789,716.7859569999564,0.0
1772120076,10,,Aggregated,14.200000,0.000000,330,340,360,360,390,410,450,480,650,720,720,9762,0,330.0,332.7423253126397,194.7646810003789,716.7859569999564,0.0
1772120077,10,,Aggregated,14.300000,0.000000,330,340,360,360,390,410,450,480,650,720,720,9775,0,330.0,332.71942388992215,194.7646810003789,716.7859569999564,0.0
1772120078,10,,Aggregated,14.300000,0.000000,330,340,360,360,390,410,450,480,650,720,720,9789,0,330.0,332.7210441946051,194.7646810003789,716.7859569999564,0.0
1772120079,10,,Aggregated,14.300000,0.000000,330,340,360,360,390,410,450,480,650,720,720,9805,0,330.0,332.7309539881682,194.7646810003789,716.7859569999564,0.0
1772120080,10,,Aggregated,14.300000,0.000000,330,340,360,360,390,410,450,480,650,720,720,9820,0,330.0,332.73079771700515,194.7646810003789,716.7859569999564,0.0
1772120081,10,,Aggregated,14.300000,0.000000,330,340,360,360,390,410,450,480,650,720,720,9832,0,330.0,332.7481494224968,194.7646810003789,716.7859569999564,0.0
1772120082,10,,Aggregated,14.300000,0.000000,330,340,360,360,390,410,450,480,650,720,720,9846,0,330.0,332.7711192395883,194.7646810003789,716.7859569999564,0.0
1772120083,10,,Aggregated,14.300000,0.000000,330,340,360,360,390,410,450,480,650,720,720,9863,0,330.0,332.7621839014486,194.7646810003789,716.7859569999564,0.0
1772120084,10,,Aggregated,14.100000,0.000000,330,340,360,360,390,410,450,480,650,720,720,9876,0,330.0,332.7763009848105,194.7646810003789,716.7859569999564,0.0
1772120085,10,,Aggregated,14.200000,0.000000,330,340,360,360,390,410,450,480,650,720,720,9888,0,330.0,332.765761337074,194.7646810003789,716.7859569999564,0.0
1772120086,10,,Aggregated,14.200000,0.000000,330,340,360,360,390,410,450,480,650,720,720,9905,0,330.0,332.7502896688528,194.7646810003789,716.7859569999564,0.0
1772120087,10,,Aggregated,14.400000,0.000000,330,340,360,360,390,410,450,480,650,720,720,9919,0,330.0,332.7260208412127,194.7646810003789,716.7859569999564,0.0
1772120088,10,,Aggregated,14.200000,0.000000,330,340,360,360,390,410,450,480,650,720,720,9935,0,330.0,332.6726966968285,194.7646810003789,716.7859569999564,0.0
1772120089,10,,Aggregated,14.200000,0.000000,330,340,360,360,390,410,450,480,650,720,720,9948,0,330.0,332.65200088218654,194.7646810003789,716.7859569999564,0.0
1772120090,10,,Aggregated,14.300000,0.000000,330,340,360,360,390,410,440,480,650,720,720,9966,0,330.0,332.63834770058133,194.7646810003789,716.7859569999564,0.0
1772120091,10,,Aggregated,14.300000,0.000000,330,340,360,360,390,410,440,480,650,720,720,9979,0,330.0,332.6116278960811,194.7646810003789,716.7859569999564,0.0
1772120092,10,,Aggregated,14.300000,0.000000,330,340,360,360,390,410,440,480,650,720,720,9994,0,330.0,332.5799929156488,194.7646810003789,716.7859569999564,0.0
1772120093,10,,Aggregated,14.300000,0.000000,330,340,360,360,390,410,440,480,650,700,720,10012,0,330.0,332.53458460497353,194.7646810003789,716.7859569999564,0.0
1772120094,10,,Aggregated,14.600000,0.000000,330,340,360,360,390,410,440,480,650,700,720,10027,0,330.0,332.5111587305272,194.7646810003789,716.7859569999564,0.0
1772120095,10,,Aggregated,14.700000,0.000000,330,340,360,360,390,410,440,480,650,700,720,10041,0,330.0,332.53826140155326,194.7646810003789,716.7859569999564,0.0
1772120096,10,,Aggregated,15.300000,0.000000,330,340,360,360,390,410,440,480,650,700,720,10054,0,330.0,332.53397989665746,194.7646810003789,716.7859569999564,0.0
1772120097,10,,Aggregated,14.800000,0.000000,330,340,360,360,390,410,440,480,650,700,720,10072,0,330.0,332.5152772669771,194.7646810003789,716.7859569999564,0.0
1772120098,10,,Aggregated,15.200000,0.000000,330,340,360,360,390,410,440,480,650,700,720,10086,0,330.0,332.4673158454287,194.7646810003789,716.7859569999564,0.0
1772120099,10,,Aggregated,15.100000,0.000000,330,340,360,360,390,410,440,480,650,700,720,10102,0,330.0,332.43996687893423,194.7646810003789,716.7859569999564,0.0
1772120100,10,,Aggregated,15.200000,0.000000,330,340,360,360,390,410,440,480,650,700,720,10114,0,330.0,332.4129824462123,194.7646810003789,716.7859569999564,0.0
1772120101,10,,Aggregated,15.200000,0.000000,330,340,360,360,390,410,440,480,650,700,720,10132,0,330.0,332.42644054618944,194.7646810003789,716.7859569999564,0.0
1772120102,10,,Aggregated,15.100000,0.000000,330,340,360,360,390,410,440,480,650,700,720,10144,0,330.0,332.42400690151726,194.7646810003789,716.7859569999564,0.0
1772120103,10,,Aggregated,15.200000,0.000000,330,340,360,360,390,410,440,480,650,700,720,10158,0,330.0,332.45907279749844,194.7646810003789,716.7859569999564,0.0
1772120104,10,,Aggregated,14.900000,0.000000,330,340,360,360,390,410,440,480,650,700,720,10177,0,330.0,332.45093823808486,194.7646810003789,716.7859569999564,0.0
1772120105,10,,Aggregated,15.100000,0.000000,330,340,360,360,390,410,440,480,650,700,720,10191,0,330.0,332.46124925247676,194.7646810003789,716.7859569999564,0.0
1772120106,10,,Aggregated,14.600000,0.000000,330,340,360,360,390,410,440,480,650,700,720,10205,0,330.0,332.4534281819688,194.7646810003789,716.7859569999564,0.0
1772120107,10,,Aggregated,14.900000,0.000000,330,340,360,360,390,410,440,480,650,700,720,10220,0,330.0,332.4302002142848,194.7646810003789,716.7859569999564,0.0
1772120108,10,,Aggregated,14.700000,0.000000,330,340,360,360,390,410,440,480,650,700,720,10236,0,330.0,332.4455218262009,194.7646810003789,716.7859569999564,0.0
1772120109,10,,Aggregated,14.800000,0.000000,330,340,360,360,390,410,440,480,650,700,720,10251,0,330.0,332.41769197044135,194.7646810003789,716.7859569999564,0.0
1772120110,10,,Aggregated,14.700000,0.000000,330,340,360,360,390,410,440,480,650,700,720,10267,0,330.0,332.40950781893366,194.7646810003789,716.7859569999564,0.0
1772120111,10,,Aggregated,14.800000,0.000000,330,340,360,360,390,410,440,480,650,700,720,10280,0,330.0,332.4064290997073,194.7646810003789,716.7859569999564,0.0
1772120112,10,,Aggregated,15.000000,0.000000,330,340,360,360,390,410,440,480,650,700,720,10297,0,330.0,332.4161003598127,194.7646810003789,716.7859569999564,0.0
1772120113,10,,Aggregated,14.700000,0.000000,330,340,360,360,390,410,440,480,650,700,720,10311,0,330.0,332.4113088376484,194.7646810003789,716.7859569999564,0.0
1772120114,10,,Aggregated,15.000000,0.000000,330,340,360,360,390,410,440,480,650,700,720,10324,0,330.0,332.4180112462215,194.7646810003789,716.7859569999564,0.0
1772120115,10,,Aggregated,14.700000,0.000000,330,340,360,360,390,410,440,480,650,700,720,10336,0,330.0,332.41150830079266,194.7646810003789,716.7859569999564,0.0
1772120116,10,,Aggregated,14.700000,0.000000,330,340,360,360,390,410,440,480,650,700,720,10353,0,330.0,332.43436066821135,194.7646810003789,716.7859569999564,0.0
1772120117,10,,Aggregated,14.800000,0.000000,330,340,360,360,390,410,440,480,650,700,720,10368,0,330.0,332.4015543356474,194.7646810003789,716.7859569999564,0.0
1772120118,10,,Aggregated,14.800000,0.000000,330,340,360,360,390,410,440,480,650,700,720,10383,0,330.0,332.3816675411722,194.7646810003789,716.7859569999564,0.0
1772120119,10,,Aggregated,14.700000,0.000000,330,340,360,360,390,410,440,480,650,700,720,10397,0,330.0,332.3512295574674,194.7646810003789,716.7859569999564,0.0
1772120120,10,,Aggregated,14.600000,0.000000,330,340,360,360,390,410,440,470,650,700,720,10413,0,330.0,332.352972934504,194.7646810003789,716.7859569999564,0.0
1772120121,10,,Aggregated,14.700000,0.000000,330,340,360,360,390,410,440,470,650,700,720,10426,0,330.0,332.3323285931315,194.7646810003789,716.7859569999564,0.0
1772120122,10,,Aggregated,14.700000,0.000000,330,340,360,360,390,410,440,470,650,700,720,10443,0,330.0,332.3599734039058,194.7646810003789,716.7859569999564,0.0
1772120123,10,,Aggregated,14.600000,0.000000,330,340,360,360,390,410,440,470,650,700,720,10456,0,330.0,332.366633812738,194.7646810003789,716.7859569999564,0.0
1772120124,10,,Aggregated,14.700000,0.000000,330,340,360,360,390,410,440,470,650,700,720,10474,0,330.0,332.34789644557844,194.7646810003789,716.7859569999564,0.0
1772120125,10,,Aggregated,14.400000,0.000000,330,340,360,360,390,410,440,470,650,700,720,10491,0,330.0,332.31202090801514,194.7646810003789,716.7859569999564,0.0
1772120126,10,,Aggregated,14.900000,0.000000,330,340,360,360,390,410,440,470,650,700,720,10502,0,330.0,332.29869600618815,194.7646810003789,716.7859569999564,0.0
1772120127,10,,Aggregated,14.900000,0.000000,330,340,360,360,390,410,440,470,650,700,720,10521,0,330.0,332.29041735633376,194.7646810003789,716.7859569999564,0.0
1772120128,10,,Aggregated,14.900000,0.000000,330,340,360,360,390,410,440,470,650,700,720,10534,0,330.0,332.2925410076882,194.7646810003789,716.7859569999564,0.0
1772120129,10,,Aggregated,15.200000,0.000000,330,340,360,360,390,410,440,470,650,700,720,10548,0,330.0,332.2702804768667,194.7646810003789,716.7859569999564,0.0
1772120130,10,,Aggregated,14.900000,0.000000,330,340,360,360,390,410,440,470,650,700,720,10563,0,330.0,332.27128651187985,194.7646810003789,716.7859569999564,0.0
1772120131,10,,Aggregated,14.900000,0.000000,330,340,360,360,390,410,440,470,650,700,720,10577,0,330.0,332.3143120976637,194.7646810003789,716.7859569999564,0.0
1772120132,10,,Aggregated,14.900000,0.000000,330,340,360,360,390,410,440,470,650,700,720,10589,0,330.0,332.31449813107866,194.7646810003789,716.7859569999564,0.0
1772120133,10,,Aggregated,15.100000,0.000000,330,340,360,360,390,410,440,470,650,700,720,10606,0,330.0,332.3546761842345,194.7646810003789,716.7859569999564,0.0
1772120134,10,,Aggregated,14.500000,0.000000,330,340,360,360,390,410,440,470,650,700,720,10619,0,330.0,332.33777661267453,194.7646810003789,716.7859569999564,0.0
1772120135,10,,Aggregated,15.200000,0.000000,330,340,360,360,390,410,440,470,650,700,720,10636,0,330.0,332.3441040695742,194.7646810003789,716.7859569999564,0.0
1772120136,10,,Aggregated,14.600000,0.000000,330,340,360,360,390,410,440,470,650,700,720,10650,0,330.0,332.3133586904216,194.7646810003789,716.7859569999564,0.0
1772120137,10,,Aggregated,14.600000,0.000000,330,340,360,360,390,410,440,470,650,700,720,10664,0,330.0,332.3275806197479,194.7646810003789,716.7859569999564,0.0
1772120138,10,,Aggregated,14.700000,0.000000,330,340,360,360,390,410,440,470,650,700,720,10680,0,330.0,332.30516860683446,194.7646810003789,716.7859569999564,0.0
1772120139,10,,Aggregated,14.300000,0.000000,330,340,360,360,390,410,440,470,650,700,720,10693,0,330.0,332.3208503461137,194.7646810003789,716.7859569999564,0.0
1772120140,10,,Aggregated,14.600000,0.000000,330,340,360,360,390,410,440,470,650,700,720,10707,0,330.0,332.2997482281679,194.7646810003789,716.7859569999564,0.0
1772120141,10,,Aggregated,14.500000,0.000000,330,340,360,360,390,410,440,470,650,700,720,10723,0,330.0,332.30575286570854,194.7646810003789,716.7859569999564,0.0
1772120142,10,,Aggregated,14.200000,0.000000,330,340,360,360,390,410,440,470,650,700,720,10739,0,330.0,332.2785608876052,194.7646810003789,716.7859569999564,0.0
1772120143,10,,Aggregated,14.300000,0.000000,330,340,360,360,390,410,440,470,650,700,720,10755,0,330.0,332.22302069251447,194.7646810003789,716.7859569999564,0.0
1772120144,10,,Aggregated,14.900000,0.000000,330,340,360,360,390,410,440,470,650,700,720,10771,0,330.0,332.2034874501898,194.7646810003789,716.7859569999564,0.0
1772120145,10,,Aggregated,14.700000,0.000000,330,340,360,360,390,410,440,470,650,700,720,10785,0,330.0,332.197705716921,194.7646810003789,716.7859569999564,0.0
1772120146,10,,Aggregated,14.900000,0.000000,330,340,360,360,390,410,440,470,650,700,720,10799,0,330.0,332.18782177377466,194.7646810003789,716.7859569999564,0.0
1772120147,10,,Aggregated,14.800000,0.000000,330,340,360,360,390,410,440,470,650,700,720,10814,0,330.0,332.1932720078597,194.7646810003789,716.7859569999564,0.0
1772120148,10,,Aggregated,14.900000,0.000000,330,340,360,360,390,410,440,470,650,700,720,10829,0,330.0,332.15349023880276,194.7646810003789,716.7859569999564,0.0
1772120149,10,,Aggregated,15.000000,0.000000,330,340,360,360,390,410,440,470,650,700,720,10842,0,330.0,332.1756537351036,194.7646810003789,716.7859569999564,0.0
1772120150,10,,Aggregated,14.700000,0.000000,330,340,360,360,390,410,440,470,650,700,720,10855,0,330.0,332.1736327228922,194.7646810003789,716.7859569999564,0.0
1772120151,10,,Aggregated,14.900000,0.000000,330,340,360,360,390,410,440,470,650,700,720,10871,0,330.0,332.1366105320572,194.7646810003789,716.7859569999564,0.0
1772120152,10,,Aggregated,14.900000,0.000000,330,340,360,360,390,410,440,470,650,700,720,10886,0,330.0,332.1285333058969,194.7646810003789,716.7859569999564,0.0
1772120153,10,,Aggregated,14.800000,0.000000,330,340,360,360,390,410,440,470,650,700,720,10900,0,330.0,332.1005571252289,194.7646810003789,716.7859569999564,0.0
1772120154,10,,Aggregated,14.700000,0.000000,330,340,360,360,390,410,440,470,650,700,720,10914,0,330.0,332.1154100881433,194.7646810003789,716.7859569999564,0.0
1772120155,10,,Aggregated,14.500000,0.000000,330,340,360,360,390,410,440,470,650,700,720,10930,0,330.0,332.11267254034703,194.7646810003789,716.7859569999564,0.0
1772120156,10,,Aggregated,14.500000,0.000000,330,340,360,360,390,410,440,470,650,700,720,10943,0,330.0,332.1230607931092,194.7646810003789,716.7859569999564,0.0
1772120157,10,,Aggregated,14.600000,0.000000,330,340,360,360,390,410,440,470,650,700,720,10959,0,330.0,332.10836002335935,194.7646810003789,716.7859569999564,0.0
1772120158,10,,Aggregated,14.400000,0.000000,330,340,360,360,390,410,440,470,650,700,720,10974,0,330.0,332.1309044180786,194.7646810003789,716.7859569999564,0.0
1772120159,10,,Aggregated,14.300000,0.000000,330,340,360,360,390,410,440,470,650,700,720,10985,0,330.0,332.12792311424624,194.7646810003789,716.7859569999564,0.0
1772120160,10,,Aggregated,14.700000,0.000000,330,340,360,360,390,410,440,470,650,700,720,11003,0,330.0,332.1346912715618,194.7646810003789,716.7859569999564,0.0
1772120161,10,,Aggregated,14.200000,0.000000,330,340,360,360,390,410,440,470,650,700,720,11018,0,330.0,332.1529967230892,169.46251799981837,716.7859569999564,0.0
1772120162,10,,Aggregated,14.400000,0.000000,330,340,360,360,390,410,440,470,650,700,720,11031,0,330.0,332.1625184976881,169.46251799981837,716.7859569999564,0.0
1772120163,10,,Aggregated,14.500000,0.000000,330,340,360,360,390,410,440,470,650,700,720,11047,0,330.0,332.1850188142477,169.46251799981837,716.7859569999564,0.0
1772120164,10,,Aggregated,14.500000,0.000000,330,340,360,360,390,410,440,470,650,700,720,11061,0,330.0,332.1669995937976,169.46251799981837,716.7859569999564,0.0
1772120165,10,,Aggregated,14.200000,0.000000,330,340,360,360,390,410,440,470,650,700,720,11075,0,330.0,332.1519862967039,169.46251799981837,716.7859569999564,0.0
1772120166,10,,Aggregated,14.500000,0.000000,330,340,360,360,390,410,440,470,650,700,720,11088,0,330.0,332.1514475372472,169.46251799981837,716.7859569999564,0.0
1772120167,10,,Aggregated,14.300000,0.000000,330,340,360,360,390,410,440,470,650,700,720,11103,0,330.0,332.15083875898404,169.46251799981837,716.7859569999564,0.0
1772120168,10,,Aggregated,14.400000,0.000000,330,340,360,360,390,410,440,470,650,700,720,11118,0,330.0,332.162982970678,169.46251799981837,716.7859569999564,0.0
1772120169,10,,Aggregated,14.500000,0.000000,330,340,360,360,390,410,440,470,650,700,720,11133,0,330.0,332.13469156768133,169.46251799981837,716.7859569999564,0.0
1772120170,10,,Aggregated,14.400000,0.000000,330,340,360,360,390,410,440,470,650,700,720,11149,0,330.0,332.125730930666,169.46251799981837,716.7859569999564,0.0
1772120171,10,,Aggregated,14.400000,0.000000,330,340,360,360,390,410,440,470,650,700,720,11162,0,330.0,332.10910967613285,169.46251799981837,716.7859569999564,0.0
1772120172,10,,Aggregated,14.600000,0.000000,330,340,360,360,390,410,440,470,650,700,720,11179,0,330.0,332.0954850010728,169.46251799981837,716.7859569999564,0.0
1772120173,10,,Aggregated,14.700000,0.000000,330,340,360,360,390,410,440,470,650,700,720,11194,0,330.0,332.063998675897,169.46251799981837,716.7859569999564,0.0
1772120174,10,,Aggregated,14.300000,0.000000,330,340,360,360,390,410,440,470,650,700,720,11208,0,330.0,332.02361908841783,169.46251799981837,716.7859569999564,0.0
1772120175,10,,Aggregated,15.000000,0.000000,330,340,360,360,390,410,440,470,650,700,720,11225,0,330.0,332.0062298377717,169.46251799981837,716.7859569999564,0.0
1772120176,10,,Aggregated,14.700000,0.000000,330,340,360,360,390,410,440,470,650,700,720,11239,0,330.0,331.9864789752636,169.46251799981837,716.7859569999564,0.0
1772120177,10,,Aggregated,15.000000,0.000000,330,340,360,360,390,410,440,470,650,700,720,11255,0,330.0,331.9795634189238,169.46251799981837,716.7859569999564,0.0
1772120178,10,,Aggregated,14.800000,0.000000,330,340,360,360,390,410,440,470,650,700,720,11266,0,330.0,331.97271172208315,169.46251799981837,716.7859569999564,0.0
1772120179,10,,Aggregated,14.900000,0.000000,330,340,360,360,390,410,440,470,650,700,720,11284,0,330.0,331.9563392071066,169.46251799981837,716.7859569999564,0.0
1772120180,10,,Aggregated,14.900000,0.000000,330,340,360,360,390,410,440,470,650,700,720,11297,0,330.0,331.9412812312109,169.46251799981837,716.7859569999564,0.0
1772120181,10,,Aggregated,15.100000,0.000000,330,340,360,360,390,410,440,470,650,700,720,11311,0,330.0,331.96627142922705,169.46251799981837,716.7859569999564,0.0
1772120182,10,,Aggregated,15.000000,0.000000,330,340,360,360,390,410,440,470,650,700,720,11323,0,330.0,331.97525696696886,169.46251799981837,716.7859569999564,0.0
1772120183,10,,Aggregated,14.600000,0.000000,330,340,360,360,390,410,440,470,650,700,720,11339,0,330.0,332.0191822668654,169.46251799981837,716.7859569999564,0.0
1772120184,10,,Aggregated,15.000000,0.000000,330,340,360,360,390,410,440,470,650,700,720,11355,0,330.0,332.02456430814493,169.46251799981837,716.7859569999564,0.0
1772120185,10,,Aggregated,14.400000,0.000000,330,340,360,360,390,410,440,470,650,700,720,11370,0,330.0,332.0253768540003,169.46251799981837,716.7859569999564,0.0
1772120186,10,,Aggregated,14.400000,0.000000,330,340,360,360,390,410,440,470,650,700,720,11385,0,330.0,332.0445914645572,169.46251799981837,716.7859569999564,0.0
1772120187,10,,Aggregated,14.400000,0.000000,330,340,360,360,390,410,440,470,650,700,720,11401,0,330.0,332.0714659443894,169.46251799981837,716.7859569999564,0.0
1772120189,10,,Aggregated,14.500000,0.000000,330,340,360,360,390,410,440,470,650,700,720,11415,0,330.0,332.0627559773964,169.46251799981837,716.7859569999564,0.0
1772120190,10,,Aggregated,14.500000,0.000000,330,340,360,360,390,410,440,470,650,700,720,11428,0,330.0,332.0661430301874,169.46251799981837,716.7859569999564,0.0
1772120191,10,,Aggregated,14.600000,0.000000,330,340,360,360,390,410,440,470,650,700,720,11444,0,330.0,332.05260010459466,169.46251799981837,716.7859569999564,0.0
1772120192,10,,Aggregated,14.500000,0.000000,330,340,360,360,390,410,440,470,650,700,720,11458,0,330.0,332.07357491734865,169.46251799981837,716.7859569999564,0.0
1772120193,10,,Aggregated,14.300000,0.000000,330,340,360,360,390,410,440,470,650,700,720,11475,0,330.0,332.0597092072315,169.46251799981837,716.7859569999564,0.0
1772120194,10,,Aggregated,14.500000,0.000000,330,340,360,360,390,410,440,470,650,700,720,11489,0,330.0,332.0424539565658,169.46251799981837,716.7859569999564,0.0
1772120195,10,,Aggregated,14.500000,0.000000,330,340,360,360,390,410,440,470,650,700,720,11504,0,330.0,332.032645894557,169.46251799981837,716.7859569999564,0.0
1772120196,10,,Aggregated,14.900000,0.000000,330,340,360,360,390,410,440,470,650,700,720,11518,0,330.0,332.0055758937301,169.46251799981837,716.7859569999564,0.0
1772120197,10,,Aggregated,14.900000,0.000000,330,340,360,360,390,410,440,470,650,700,720,11533,0,330.0,332.06734440327597,169.46251799981837,716.7859569999564,0.0
1772120198,10,,Aggregated,14.800000,0.000000,330,340,360,360,390,410,440,470,650,700,720,11547,0,330.0,332.05875445691373,169.46251799981837,716.7859569999564,0.0
1772120199,10,,Aggregated,14.400000,0.000000,330,340,360,360,390,410,440,470,650,700,720,11561,0,330.0,332.0510314185611,169.46251799981837,716.7859569999564,0.0
1772120200,10,,Aggregated,14.800000,0.000000,330,340,360,360,390,410,440,470,650,700,720,11575,0,330.0,332.05738765615416,169.46251799981837,716.7859569999564,0.0
1772120201,10,,Aggregated,14.600000,0.000000,330,340,360,360,390,410,440,470,650,700,720,11590,0,330.0,332.0488955242437,169.46251799981837,716.7859569999564,0.0
1772120202,10,,Aggregated,14.700000,0.000000,330,340,360,360,390,410,440,470,650,700,720,11607,0,330.0,332.0238100974397,169.46251799981837,716.7859569999564,0.0
1772120203,10,,Aggregated,14.700000,0.000000,330,340,360,360,390,410,440,470,650,700,720,11618,0,330.0,332.0399509555846,169.46251799981837,716.7859569999564,0.0
1772120204,10,,Aggregated,14.600000,0.000000,330,340,360,360,390,410,440,470,650,700,720,11635,0,330.0,332.03645863343223,169.46251799981837,716.7859569999564,0.0
1772120205,10,,Aggregated,14.300000,0.000000,330,340,360,360,390,410,440,470,650,700,720,11649,0,330.0,332.0167337175712,169.46251799981837,716.7859569999564,0.0
1772120206,10,,Aggregated,14.700000,0.000000,330,340,360,360,390,410,440,470,650,700,720,11665,0,330.0,331.99970796005005,169.46251799981837,716.7859569999564,0.0
1772120207,10,,Aggregated,14.700000,0.000000,330,340,360,360,390,410,440,470,650,700,720,11678,0,330.0,331.987471580663,169.46251799981837,716.7859569999564,0.0
1772120208,10,,Aggregated,14.800000,0.000000,330,340,360,360,390,410,440,470,650,700,720,11694,0,330.0,331.99857701522,169.46251799981837,716.7859569999564,0.0
1772120209,10,,Aggregated,14.800000,0.000000,330,340,360,360,390,410,440,470,650,700,720,11707,0,330.0,332.0233682168774,169.46251799981837,716.7859569999564,0.0
1772120210,10,,Aggregated,14.600000,0.000000,330,340,360,360,390,410,440,470,650,700,720,11723,0,330.0,332.00954042608396,169.46251799981837,716.7859569999564,0.0
1772120211,10,,Aggregated,14.600000,0.000000,330,340,360,360,390,410,440,470,650,700,720,11738,0,330.0,331.9824145336498,169.46251799981837,716.7859569999564,0.0
1772120212,10,,Aggregated,14.600000,0.000000,330,340,360,360,390,410,440,470,650,700,720,11753,0,330.0,331.94607385535465,169.46251799981837,716.7859569999564,0.0
1772120213,10,,Aggregated,14.600000,0.000000,330,340,360,360,390,410,440,470,650,700,720,11768,0,330.0,331.92747459551185,169.46251799981837,716.7859569999564,0.0
1772120214,10,,Aggregated,14.600000,0.000000,330,340,360,360,390,410,440,470,650,700,720,11782,0,330.0,331.91968713843005,169.46251799981837,716.7859569999564,0.0
1772120215,10,,Aggregated,14.600000,0.000000,330,340,360,360,390,410,440,470,650,700,720,11796,0,330.0,331.8925744564246,169.46251799981837,716.7859569999564,0.0
1772120216,10,,Aggregated,14.600000,0.000000,330,340,360,360,390,410,440,470,650,700,720,11812,0,330.0,331.89909647798714,169.46251799981837,716.7859569999564,0.0
1772120217,10,,Aggregated,14.900000,0.000000,330,340,360,360,390,410,440,470,650,700,720,11827,0,330.0,331.8966741587033,169.46251799981837,716.7859569999564,0.0
1772120218,10,,Aggregated,14.900000,0.000000,330,340,350,360,390,410,440,470,650,700,720,11842,0,330.0,331.84979785720174,169.46251799981837,716.7859569999564,0.0
1772120219,10,,Aggregated,14.600000,0.000000,330,340,350,360,390,410,440,470,650,700,720,11856,0,330.0,331.8476366874986,169.46251799981837,716.7859569999564,0.0
1772120220,10,,Aggregated,14.900000,0.000000,330,340,350,360,390,410,440,470,650,700,720,11870,0,330.0,331.8308494972183,169.46251799981837,716.7859569999564,0.0
1772120221,10,,Aggregated,14.800000,0.000000,330,340,350,360,390,410,440,470,650,700,720,11886,0,330.0,331.83780315396103,169.46251799981837,716.7859569999564,0.0
1772120222,10,,Aggregated,14.700000,0.000000,330,340,360,360,390,410,440,470,650,700,720,11900,0,330.0,331.8834410406707,169.46251799981837,716.7859569999564,0.0
1772120223,10,,Aggregated,14.900000,0.000000,330,340,360,360,390,410,440,470,650,700,720,11915,0,330.0,331.8864395463686,169.46251799981837,716.7859569999564,0.0
1772120224,10,,Aggregated,14.600000,0.000000,330,340,350,360,390,410,440,470,650,700,720,11932,0,330.0,331.8626942067536,169.46251799981837,716.7859569999564,0.0
1772120225,10,,Aggregated,14.600000,0.000000,330,340,350,360,390,410,440,470,650,700,720,11946,0,330.0,331.84508301724304,169.46251799981837,716.7859569999564,0.0
1772120226,10,,Aggregated,14.800000,0.000000,330,340,350,360,390,410,440,470,650,700,720,11959,0,330.0,331.86681091152985,169.46251799981837,716.7859569999564,0.0
1772120227,10,,Aggregated,14.800000,0.000000,330,340,350,360,390,410,440,470,650,700,720,11975,0,330.0,331.85276672784863,169.46251799981837,716.7859569999564,0.0
1772120228,10,,Aggregated,14.700000,0.000000,330,340,350,360,390,410,440,470,650,700,720,11990,0,330.0,331.8192489775637,169.46251799981837,716.7859569999564,0.0
1772120229,10,,Aggregated,14.700000,0.000000,330,340,350,360,390,410,440,470,640,700,720,12004,0,330.0,331.814297616044,169.46251799981837,716.7859569999564,0.0
1772120230,10,,Aggregated,14.500000,0.000000,330,340,350,360,390,410,440,470,640,700,720,12020,0,330.0,331.80621840998276,169.46251799981837,716.7859569999564,0.0
1772120231,10,,Aggregated,14.800000,0.000000,330,340,350,360,390,410,440,470,640,700,720,12033,0,330.0,331.79627307828406,169.46251799981837,716.7859569999564,0.0
1772120232,10,,Aggregated,14.800000,0.000000,330,340,350,360,390,410,440,470,640,700,720,12050,0,330.0,331.76135471585,169.46251799981837,716.7859569999564,0.0
1772120233,10,,Aggregated,14.600000,0.000000,330,340,350,360,390,410,440,470,640,700,720,12064,0,330.0,331.7531572431194,169.46251799981837,716.7859569999564,0.0
1772120234,10,,Aggregated,14.700000,0.000000,330,340,350,360,390,410,440,470,640,700,720,12078,0,330.0,331.75754816476183,169.46251799981837,716.7859569999564,0.0
1772120235,10,,Aggregated,14.700000,0.000000,330,340,350,360,390,410,440,470,640,700,720,12092,0,330.0,331.7292101018022,169.46251799981837,716.7859569999564,0.0
1772120236,10,,Aggregated,14.500000,0.000000,330,340,350,360,390,410,440,470,640,700,720,12109,0,330.0,331.7106688240146,169.46251799981837,716.7859569999564,0.0
1772120237,10,,Aggregated,14.600000,0.000000,330,340,350,360,390,410,440,470,640,700,720,12122,0,330.0,331.7020383269256,169.46251799981837,716.7859569999564,0.0
1772120238,10,,Aggregated,14.500000,0.000000,330,340,350,360,390,410,440,470,640,700,720,12138,0,330.0,331.6599959444711,169.46251799981837,716.7859569999564,0.0
1772120239,10,,Aggregated,14.900000,0.000000,330,340,350,360,390,410,440,470,640,700,720,12154,0,330.0,331.6543038882664,169.46251799981837,716.7859569999564,0.0
1772120240,10,,Aggregated,14.800000,0.000000,330,340,350,360,390,410,440,470,640,700,720,12169,0,330.0,331.6340296350555,169.46251799981837,716.7859569999564,0.0
1772120241,10,,Aggregated,14.700000,0.000000,330,340,350,360,390,410,440,470,640,700,720,12183,0,330.0,331.6379645029951,169.46251799981837,716.7859569999564,0.0
1772120242,10,,Aggregated,15.000000,0.000000,330,340,350,360,390,410,440,470,640,700,720,12198,0,330.0,331.6211071473181,169.46251799981837,716.7859569999564,0.0
1772120243,10,,Aggregated,14.800000,0.000000,330,340,350,360,390,410,440,470,640,700,720,12215,0,330.0,331.5881913324588,169.46251799981837,716.7859569999564,0.0
1772120244,10,,Aggregated,15.000000,0.000000,330,340,350,360,390,410,440,470,640,700,720,12228,0,330.0,331.586895191199,169.46251799981837,716.7859569999564,0.0
1772120245,10,,Aggregated,14.900000,0.000000,330,340,350,360,390,410,440,470,640,700,720,12244,0,330.0,331.58036267681973,169.46251799981837,716.7859569999564,0.0
1772120246,10,,Aggregated,15.000000,0.000000,330,340,350,360,390,410,440,470,640,700,720,12260,0,330.0,331.5637441922497,169.46251799981837,716.7859569999564,0.0
1772120247,10,,Aggregated,15.100000,0.000000,330,340,350,360,390,410,440,470,640,700,720,12273,0,330.0,331.5956666858943,169.46251799981837,716.7859569999564,0.0
1772120248,10,,Aggregated,15.400000,0.000000,330,340,350,360,390,410,440,470,640,700,720,12288,0,330.0,331.6040838623032,169.46251799981837,716.7859569999564,0.0
1772120249,10,,Aggregated,14.900000,0.000000,330,340,350,360,390,410,440,470,640,700,720,12303,0,330.0,331.61858308623744,169.46251799981837,716.7859569999564,0.0
1772120250,10,,Aggregated,14.900000,0.000000,330,340,350,360,390,410,440,470,640,700,720,12317,0,330.0,331.5929685200925,169.46251799981837,716.7859569999564,0.0
1772120251,10,,Aggregated,14.800000,0.000000,330,340,350,360,390,410,440,470,640,700,720,12332,0,330.0,331.56672442823384,169.46251799981837,716.7859569999564,0.0
1772120252,10,,Aggregated,14.700000,0.000000,330,340,350,360,390,410,440,470,640,700,720,12344,0,330.0,331.5590808698946,169.46251799981837,716.7859569999564,0.0
1772120253,10,,Aggregated,14.700000,0.000000,330,340,350,360,390,410,440,470,640,700,720,12363,0,330.0,331.5311731274753,169.46251799981837,716.7859569999564,0.0
1772120254,10,,Aggregated,14.700000,0.000000,330,340,350,360,390,410,440,470,640,700,720,12374,0,330.0,331.52595840617244,169.46251799981837,716.7859569999564,0.0
1772120255,10,,Aggregated,14.500000,0.000000,330,340,350,360,380,410,440,470,640,700,720,12391,0,330.0,331.4984599188911,169.46251799981837,716.7859569999564,0.0
1772120256,10,,Aggregated,14.900000,0.000000,330,340,350,360,380,410,440,470,640,700,720,12403,0,330.0,331.4960298143174,169.46251799981837,716.7859569999564,0.0
1772120257,10,,Aggregated,14.400000,0.000000,330,340,350,360,380,410,440,470,640,700,720,12420,0,330.0,331.49301370539274,169.46251799981837,716.7859569999564,0.0
1772120258,10,,Aggregated,14.500000,0.000000,330,340,350,360,380,410,440,470,640,700,720,12433,0,330.0,331.4592088884402,169.46251799981837,716.7859569999564,0.0
1772120259,10,,Aggregated,14.500000,0.000000,330,340,350,360,380,410,440,470,640,700,720,12448,0,330.0,331.4592895232147,169.46251799981837,716.7859569999564,0.0
1772120260,10,,Aggregated,14.600000,0.000000,330,340,350,360,380,410,440,470,640,700,720,12462,0,330.0,331.4758368685586,169.46251799981837,716.7859569999564,0.0
1772120261,10,,Aggregated,14.600000,0.000000,330,340,350,360,380,410,440,470,640,700,720,12477,0,330.0,331.455056558065,169.46251799981837,716.7859569999564,0.0
1772120262,10,,Aggregated,14.500000,0.000000,330,340,350,360,380,410,440,470,640,700,720,12491,0,330.0,331.4449649517232,169.46251799981837,716.7859569999564,0.0
1772120263,10,,Aggregated,14.500000,0.000000,330,340,350,360,380,410,440,470,640,700,720,12508,0,330.0,331.4272467025884,169.46251799981837,716.7859569999564,0.0
1772120264,10,,Aggregated,14.600000,0.000000,330,340,350,360,380,410,440,470,640,700,720,12520,0,330.0,331.42651047979047,169.46251799981837,716.7859569999564,0.0
1772120265,10,,Aggregated,14.600000,0.000000,330,340,350,360,380,410,440,470,640,700,720,12535,0,330.0,331.39442933537913,169.46251799981837,716.7859569999564,0.0
1772120266,10,,Aggregated,14.500000,0.000000,330,340,350,360,380,410,440,470,640,700,720,12549,0,330.0,331.4066698382324,169.46251799981837,716.7859569999564,0.0
1772120267,10,,Aggregated,14.600000,0.000000,330,340,350,360,380,410,440,470,640,700,720,12566,0,330.0,331.40617187951415,169.46251799981837,716.7859569999564,0.0
1772120268,10,,Aggregated,14.300000,0.000000,330,340,350,360,380,410,440,470,640,700,720,12580,0,330.0,331.3973244503954,169.46251799981837,716.7859569999564,0.0
1772120269,10,,Aggregated,14.600000,0.000000,330,340,350,360,380,410,440,470,640,700,720,12594,0,330.0,331.3844044485449,169.46251799981837,716.7859569999564,0.0
1772120270,10,,Aggregated,14.500000,0.000000,330,340,350,360,380,410,440,470,640,700,720,12611,0,330.0,331.3536477043036,169.46251799981837,716.7859569999564,0.0
1772120271,10,,Aggregated,14.600000,0.000000,330,340,350,360,380,410,440,470,640,700,720,12623,0,330.0,331.38536677604145,169.46251799981837,716.7859569999564,0.0
1772120272,10,,Aggregated,14.600000,0.000000,330,340,350,360,380,410,440,470,640,700,720,12637,0,330.0,331.38638937318757,169.46251799981837,716.7859569999564,0.0
1772120273,10,,Aggregated,14.700000,0.000000,330,340,350,360,380,410,440,470,640,700,720,12652,0,330.0,331.38914449438596,169.46251799981837,716.7859569999564,0.0
1772120274,10,,Aggregated,14.400000,0.000000,330,340,350,360,380,410,440,470,640,700,720,12668,0,330.0,331.3860931049078,169.46251799981837,716.7859569999564,0.0
1772120275,10,,Aggregated,14.400000,0.000000,330,340,350,360,380,410,440,470,640,700,720,12683,0,330.0,331.3677726352575,169.46251799981837,716.7859569999564,0.0
1772120276,10,,Aggregated,14.400000,0.000000,330,340,350,360,380,410,440,470,640,700,720,12698,0,330.0,331.3615871652993,169.46251799981837,716.7859569999564,0.0
1772120277,10,,Aggregated,14.500000,0.000000,330,340,350,360,380,410,440,470,640,700,720,12711,0,330.0,331.3807986740596,169.46251799981837,716.7859569999564,0.0
1772120278,10,,Aggregated,14.700000,0.000000,330,340,350,360,380,410,440,470,640,700,720,12726,0,330.0,331.36952362564614,169.46251799981837,716.7859569999564,0.0
1772120279,10,,Aggregated,14.600000,0.000000,330,340,350,360,380,410,440,470,640,700,720,12743,0,330.0,331.3466629615452,169.46251799981837,716.7859569999564,0.0
1772120280,10,,Aggregated,14.500000,0.000000,330,340,350,360,380,410,440,470,640,700,720,12757,0,330.0,331.31589463306176,169.46251799981837,716.7859569999564,0.0
1772120281,10,,Aggregated,14.600000,0.000000,330,340,350,360,380,410,440,470,640,700,720,12769,0,330.0,331.35268000461815,169.46251799981837,716.7859569999564,0.0
1772120282,10,,Aggregated,14.600000,0.000000,330,340,350,360,380,410,440,470,640,700,720,12784,0,330.0,331.39222210278234,169.46251799981837,716.7859569999564,0.0
1772120283,10,,Aggregated,14.600000,0.000000,330,340,350,360,380,410,440,470,640,700,720,12798,0,330.0,331.42438917486874,169.46251799981837,716.7859569999564,0.0
1772120284,10,,Aggregated,14.700000,0.000000,330,340,350,360,380,410,440,470,640,700,720,12812,0,330.0,331.43400356033163,169.46251799981837,716.7859569999564,0.0
1772120285,10,,Aggregated,14.700000,0.000000,330,340,350,360,380,410,440,470,640,700,720,12827,0,330.0,331.428475667106,169.46251799981837,716.7859569999564,0.0
1772120286,10,,Aggregated,14.400000,0.000000,330,340,350,360,380,410,440,470,640,700,720,12843,0,330.0,331.42488411741573,169.46251799981837,716.7859569999564,0.0
1772120287,10,,Aggregated,14.500000,0.000000,330,340,350,360,380,410,440,470,640,700,720,12857,0,330.0,331.43213048028105,169.46251799981837,716.7859569999564,0.0
1772120288,10,,Aggregated,14.400000,0.000000,330,340,350,360,380,410,440,470,640,700,720,12872,0,330.0,331.4085579852373,169.46251799981837,716.7859569999564,0.0
1772120289,10,,Aggregated,14.300000,0.000000,330,340,350,360,380,410,440,470,640,700,720,12888,0,330.0,331.3896072135301,169.46251799981837,716.7859569999564,0.0
1772120290,10,,Aggregated,14.600000,0.000000,330,340,350,360,380,410,440,470,640,700,720,12901,0,330.0,331.3617354445373,169.46251799981837,716.7859569999564,0.0
1772120291,10,,Aggregated,14.400000,0.000000,330,340,350,360,380,410,440,470,640,700,720,12917,0,330.0,331.36884727692,169.46251799981837,716.7859569999564,0.0
1772120292,10,,Aggregated,14.600000,0.000000,330,340,350,360,380,410,440,470,640,700,720,12929,0,330.0,331.36292614834684,169.46251799981837,716.7859569999564,0.0
1772120293,10,,Aggregated,14.600000,0.000000,330,340,350,360,380,410,440,470,640,700,720,12944,0,330.0,331.3424351250753,169.46251799981837,716.7859569999564,0.0
1772120294,10,,Aggregated,14.500000,0.000000,330,340,350,360,380,410,440,470,640,700,720,12962,0,330.0,331.3241270266916,169.46251799981837,716.7859569999564,0.0
1772120295,10,,Aggregated,14.700000,0.000000,330,340,350,360,380,410,440,470,640,700,720,12978,0,330.0,331.2998718251638,169.46251799981837,716.7859569999564,0.0
1772120296,10,,Aggregated,14.800000,0.000000,330,340,350,360,380,410,440,470,640,700,720,12992,0,330.0,331.2738435144685,169.46251799981837,716.7859569999564,0.0
1772120297,10,,Aggregated,14.800000,0.000000,330,340,350,360,380,410,440,470,630,700,720,13007,0,330.0,331.26883569423956,169.46251799981837,716.7859569999564,0.0
1772120298,10,,Aggregated,15.100000,0.000000,330,340,350,360,380,410,440,470,630,700,720,13021,0,330.0,331.2620712892231,169.46251799981837,716.7859569999564,0.0
1772120299,10,,Aggregated,15.000000,0.000000,330,340,350,360,380,410,440,470,630,700,720,13037,0,330.0,331.2466910164132,169.46251799981837,716.7859569999564,0.0
1772120300,10,,Aggregated,15.000000,0.000000,330,340,350,360,380,410,440,470,630,700,720,13052,0,330.0,331.2278964887357,169.46251799981837,716.7859569999564,0.0
1772120301,10,,Aggregated,14.800000,0.000000,330,340,350,360,380,410,440,470,630,700,720,13065,0,330.0,331.2325758346711,169.46251799981837,716.7859569999564,0.0
1772120302,10,,Aggregated,14.900000,0.000000,330,340,350,360,380,410,440,470,630,700,720,13081,0,330.0,331.219892213132,169.46251799981837,716.7859569999564,0.0
1772120303,10,,Aggregated,14.800000,0.000000,330,340,350,360,380,410,440,470,630,700,720,13097,0,330.0,331.2160857975857,169.46251799981837,716.7859569999564,0.0
1772120304,10,,Aggregated,15.000000,0.000000,330,340,350,360,380,410,440,470,630,700,720,13110,0,330.0,331.21283060037985,169.46251799981837,716.7859569999564,0.0
1772120305,10,,Aggregated,15.100000,0.000000,330,340,350,360,380,410,440,470,630,700,720,13125,0,330.0,331.2344105699793,169.46251799981837,716.7859569999564,0.0
1772120306,10,,Aggregated,14.900000,0.000000,330,340,350,360,380,410,440,470,630,700,720,13140,0,330.0,331.225163051977,169.46251799981837,716.7859569999564,0.0
