Method,Name,Error,Occurrences
FANOUT,K75,Exception('timeout_or_slo_miss: completed=49/75 errors=26 elapsed_ms=1092.9'),1
FANOUT,K75,Exception('timeout_or_slo_miss: completed=55/75 errors=20 elapsed_ms=1004.2'),1
FANOUT,K75,Exception('timeout_or_slo_miss: completed=52/75 errors=13 elapsed_ms=1727.2'),1
FANOUT,K75,Exception('timeout_or_slo_miss: completed=47/75 errors=28 elapsed_ms=1075.2'),1
FANOUT,K75,Exception('timeout_or_slo_miss: completed=48/75 errors=27 elapsed_ms=1102.8'),1
FANOUT,K75,Exception('timeout_or_slo_miss: completed=49/75 errors=16 elapsed_ms=1817.8'),1
FANOUT,K75,Exception('timeout_or_slo_miss: completed=45/75 errors=20 elapsed_ms=1967.6'),1
FANOUT,K75,Exception('timeout_or_slo_miss: completed=49/75 errors=16 elapsed_ms=1755.2'),1
FANOUT,K75,Exception('timeout_or_slo_miss: completed=53/75 errors=22 elapsed_ms=1003.5'),1
FANOUT,K75,Exception('timeout_or_slo_miss: completed=50/75 errors=25 elapsed_ms=1019.5'),1
FANOUT,K75,Exception('timeout_or_slo_miss: completed=51/75 errors=22 elapsed_ms=1519.1'),1
FANOUT,K75,Exception('timeout_or_slo_miss: completed=48/75 errors=27 elapsed_ms=1009.7'),3
FANOUT,K75,Exception('timeout_or_slo_miss: completed=47/75 errors=28 elapsed_ms=1067.1'),1
FANOUT,K75,Exception('timeout_or_slo_miss: completed=40/75 errors=35 elapsed_ms=1124.4'),1
FANOUT,K75,Exception('timeout_or_slo_miss: completed=47/75 errors=26 elapsed_ms=1588.6'),1
FANOUT,K75,Exception('timeout_or_slo_miss: completed=53/75 errors=22 elapsed_ms=1002.3'),2
FANOUT,K75,Exception('timeout_or_slo_miss: completed=48/75 errors=27 elapsed_ms=1063.3'),1
FANOUT,K75,Exception('timeout_or_slo_miss: completed=51/75 errors=24 elapsed_ms=1012.7'),2
FANOUT,K75,Exception('timeout_or_slo_miss: completed=52/75 errors=23 elapsed_ms=1023.9'),1
FANOUT,K75,Exception('timeout_or_slo_miss: completed=53/75 errors=20 elapsed_ms=1509.8'),1
FANOUT,K75,Exception('timeout_or_slo_miss: completed=51/75 errors=22 elapsed_ms=1513.1'),1
FANOUT,K75,Exception('timeout_or_slo_miss: completed=49/75 errors=26 elapsed_ms=1017.1'),1
FANOUT,K75,Exception('timeout_or_slo_miss: completed=50/75 errors=23 elapsed_ms=1592.0'),1
FANOUT,K75,Exception('timeout_or_slo_miss: completed=47/75 errors=28 elapsed_ms=1028.5'),1
FANOUT,K75,Exception('timeout_or_slo_miss: completed=47/75 errors=28 elapsed_ms=1012.5'),4
FANOUT,K75,Exception('timeout_or_slo_miss: completed=44/75 errors=29 elapsed_ms=1625.3'),1
FANOUT,K75,Exception('timeout_or_slo_miss: completed=53/75 errors=22 elapsed_ms=1018.6'),1
FANOUT,K75,Exception('timeout_or_slo_miss: completed=42/75 errors=33 elapsed_ms=1014.4'),1
FANOUT,K75,Exception('timeout_or_slo_miss: completed=45/75 errors=30 elapsed_ms=1022.0'),1
FANOUT,K75,Exception('timeout_or_slo_miss: completed=49/75 errors=26 elapsed_ms=1007.5'),2
FANOUT,K75,Exception('timeout_or_slo_miss: completed=44/75 errors=31 elapsed_ms=1115.7'),1
FANOUT,K75,Exception('timeout_or_slo_miss: completed=52/75 errors=23 elapsed_ms=1001.5'),1
FANOUT,K75,Exception('timeout_or_slo_miss: completed=48/75 errors=27 elapsed_ms=1007.7'),5
FANOUT,K75,Exception('timeout_or_slo_miss: completed=47/75 errors=28 elapsed_ms=1021.7'),1
FANOUT,K75,Exception('timeout_or_slo_miss: completed=45/75 errors=30 elapsed_ms=1013.7'),2
FANOUT,K75,Exception('timeout_or_slo_miss: completed=47/75 errors=28 elapsed_ms=1103.2'),1
FANOUT,K75,Exception('timeout_or_slo_miss: completed=50/75 errors=25 elapsed_ms=1006.6'),3
FANOUT,K75,Exception('timeout_or_slo_miss: completed=44/75 errors=31 elapsed_ms=1012.2'),1
FANOUT,K75,Exception('timeout_or_slo_miss: completed=48/75 errors=27 elapsed_ms=1105.6'),1
FANOUT,K75,Exception('timeout_or_slo_miss: completed=46/75 errors=29 elapsed_ms=1136.7'),1
FANOUT,K75,Exception('timeout_or_slo_miss: completed=44/75 errors=31 elapsed_ms=1079.9'),1
FANOUT,K75,Exception('timeout_or_slo_miss: completed=42/75 errors=33 elapsed_ms=1127.6'),1
FANOUT,K75,Exception('timeout_or_slo_miss: completed=45/75 errors=30 elapsed_ms=1086.7'),1
FANOUT,K75,Exception('timeout_or_slo_miss: completed=48/75 errors=27 elapsed_ms=1059.1'),1
FANOUT,K75,Exception('timeout_or_slo_miss: completed=51/75 errors=24 elapsed_ms=1005.6'),2
FANOUT,K75,Exception('timeout_or_slo_miss: completed=55/75 errors=20 elapsed_ms=1002.4'),3
FANOUT,K75,Exception('timeout_or_slo_miss: completed=47/75 errors=28 elapsed_ms=1012.6'),4
FANOUT,K75,Exception('timeout_or_slo_miss: completed=54/75 errors=19 elapsed_ms=1512.6'),1
FANOUT,K75,Exception('timeout_or_slo_miss: completed=49/75 errors=26 elapsed_ms=1005.7'),3
FANOUT,K75,Exception('timeout_or_slo_miss: completed=51/75 errors=14 elapsed_ms=1741.4'),1
FANOUT,K75,Exception('timeout_or_slo_miss: completed=54/75 errors=11 elapsed_ms=1677.7'),1
FANOUT,K75,Exception('timeout_or_slo_miss: completed=54/75 errors=4 elapsed_ms=1998.2'),1
FANOUT,K75,Exception('timeout_or_slo_miss: completed=53/75 errors=20 elapsed_ms=1514.9'),1
FANOUT,K75,Exception('timeout_or_slo_miss: completed=53/75 errors=22 elapsed_ms=1004.1'),2
FANOUT,K75,Exception('timeout_or_slo_miss: completed=44/75 errors=31 elapsed_ms=1127.6'),1
FANOUT,K75,Exception('timeout_or_slo_miss: completed=49/75 errors=26 elapsed_ms=1006.4'),2
FANOUT,K75,Exception('timeout_or_slo_miss: completed=47/75 errors=28 elapsed_ms=1067.7'),1
FANOUT,K75,Exception('timeout_or_slo_miss: completed=46/75 errors=29 elapsed_ms=1019.1'),1
FANOUT,K75,Exception('timeout_or_slo_miss: completed=55/75 errors=20 elapsed_ms=1001.5'),1
FANOUT,K75,Exception('timeout_or_slo_miss: completed=51/75 errors=24 elapsed_ms=1010.0'),3
FANOUT,K75,Exception('timeout_or_slo_miss: completed=54/75 errors=4 elapsed_ms=1782.7'),1
FANOUT,K75,Exception('timeout_or_slo_miss: completed=43/75 errors=32 elapsed_ms=1153.3'),1
FANOUT,K75,Exception('timeout_or_slo_miss: completed=47/75 errors=28 elapsed_ms=1014.4'),1
FANOUT,K75,Exception('timeout_or_slo_miss: completed=48/75 errors=27 elapsed_ms=1010.8'),1
FANOUT,K75,Exception('timeout_or_slo_miss: completed=46/75 errors=29 elapsed_ms=1089.6'),1
FANOUT,K75,Exception('timeout_or_slo_miss: completed=48/75 errors=27 elapsed_ms=1062.2'),1
FANOUT,K75,Exception('timeout_or_slo_miss: completed=46/75 errors=29 elapsed_ms=1103.0'),2
FANOUT,K75,Exception('timeout_or_slo_miss: completed=53/75 errors=22 elapsed_ms=1026.5'),1
FANOUT,K75,Exception('timeout_or_slo_miss: completed=47/75 errors=28 elapsed_ms=1088.5'),1
FANOUT,K75,Exception('timeout_or_slo_miss: completed=47/75 errors=28 elapsed_ms=1122.3'),1
FANOUT,K75,Exception('timeout_or_slo_miss: completed=44/75 errors=31 elapsed_ms=1083.3'),1
FANOUT,K75,Exception('timeout_or_slo_miss: completed=52/75 errors=23 elapsed_ms=1004.8'),4
FANOUT,K75,Exception('timeout_or_slo_miss: completed=33/75 errors=36 elapsed_ms=2004.9'),1
FANOUT,K75,Exception('timeout_or_slo_miss: completed=50/75 errors=23 elapsed_ms=1508.4'),1
FANOUT,K75,Exception('timeout_or_slo_miss: completed=42/75 errors=33 elapsed_ms=1119.4'),1
FANOUT,K75,Exception('timeout_or_slo_miss: completed=56/75 errors=2 elapsed_ms=1652.4'),1
FANOUT,K75,Exception('timeout_or_slo_miss: completed=46/75 errors=29 elapsed_ms=1083.3'),1
FANOUT,K75,Exception('timeout_or_slo_miss: completed=45/75 errors=30 elapsed_ms=1010.0'),1
FANOUT,K75,Exception('timeout_or_slo_miss: completed=51/75 errors=22 elapsed_ms=1513.4'),1
FANOUT,K75,Exception('timeout_or_slo_miss: completed=55/75 errors=18 elapsed_ms=1505.8'),1
FANOUT,K75,Exception('timeout_or_slo_miss: completed=45/75 errors=30 elapsed_ms=1124.3'),1
FANOUT,K75,Exception('timeout_or_slo_miss: completed=57/75 errors=16 elapsed_ms=1335.9'),1
FANOUT,K75,Exception('timeout_or_slo_miss: completed=46/75 errors=29 elapsed_ms=1023.2'),1
FANOUT,K75,Exception('timeout_or_slo_miss: completed=47/75 errors=26 elapsed_ms=1637.2'),1
FANOUT,K75,Exception('timeout_or_slo_miss: completed=50/75 errors=23 elapsed_ms=1517.7'),1
FANOUT,K75,Exception('timeout_or_slo_miss: completed=50/75 errors=25 elapsed_ms=1011.9'),3
FANOUT,K75,Exception('timeout_or_slo_miss: completed=44/75 errors=14 elapsed_ms=3407.8'),1
FANOUT,K75,Exception('timeout_or_slo_miss: completed=45/75 errors=30 elapsed_ms=1124.7'),1
FANOUT,K75,Exception('timeout_or_slo_miss: completed=48/75 errors=27 elapsed_ms=1078.4'),1
FANOUT,K75,Exception('timeout_or_slo_miss: completed=48/75 errors=27 elapsed_ms=1113.2'),1
FANOUT,K75,Exception('timeout_or_slo_miss: completed=50/75 errors=23 elapsed_ms=1504.0'),1
FANOUT,K75,Exception('timeout_or_slo_miss: completed=48/75 errors=17 elapsed_ms=1741.9'),1
FANOUT,K75,Exception('timeout_or_slo_miss: completed=53/75 errors=12 elapsed_ms=1622.9'),1
FANOUT,K75,Exception('timeout_or_slo_miss: completed=54/75 errors=21 elapsed_ms=1001.9'),4
FANOUT,K75,Exception('timeout_or_slo_miss: completed=47/75 errors=18 elapsed_ms=1778.4'),1
FANOUT,K75,Exception('timeout_or_slo_miss: completed=48/75 errors=27 elapsed_ms=1009.4'),4
FANOUT,K75,Exception('timeout_or_slo_miss: completed=48/75 errors=27 elapsed_ms=1011.9'),2
FANOUT,K75,Exception('timeout_or_slo_miss: completed=48/75 errors=27 elapsed_ms=1010.3'),1
FANOUT,K75,Exception('timeout_or_slo_miss: completed=54/75 errors=21 elapsed_ms=1010.6'),1
FANOUT,K75,Exception('timeout_or_slo_miss: completed=46/75 errors=27 elapsed_ms=1602.4'),1
FANOUT,K75,Exception('timeout_or_slo_miss: completed=45/75 errors=30 elapsed_ms=1103.1'),1
FANOUT,K75,Exception('timeout_or_slo_miss: completed=49/75 errors=26 elapsed_ms=1039.9'),1
FANOUT,K75,Exception('timeout_or_slo_miss: completed=51/75 errors=14 elapsed_ms=1730.3'),1
FANOUT,K75,Exception('timeout_or_slo_miss: completed=52/75 errors=13 elapsed_ms=1637.9'),1
FANOUT,K75,Exception('timeout_or_slo_miss: completed=52/75 errors=15 elapsed_ms=1510.5'),1
FANOUT,K75,Exception('timeout_or_slo_miss: completed=55/75 errors=20 elapsed_ms=1003.4'),3
FANOUT,K75,Exception('timeout_or_slo_miss: completed=49/75 errors=26 elapsed_ms=1014.3'),1
FANOUT,K75,Exception('timeout_or_slo_miss: completed=49/75 errors=26 elapsed_ms=1006.9'),5
FANOUT,K75,Exception('timeout_or_slo_miss: completed=55/75 errors=20 elapsed_ms=1003.0'),2
FANOUT,K75,Exception('timeout_or_slo_miss: completed=47/75 errors=28 elapsed_ms=1098.2'),1
FANOUT,K75,Exception('timeout_or_slo_miss: completed=44/75 errors=31 elapsed_ms=1110.7'),1
FANOUT,K75,Exception('timeout_or_slo_miss: completed=48/75 errors=27 elapsed_ms=1112.3'),1
FANOUT,K75,Exception('timeout_or_slo_miss: completed=54/75 errors=21 elapsed_ms=1003.7'),3
FANOUT,K75,Exception('timeout_or_slo_miss: completed=46/75 errors=29 elapsed_ms=1107.5'),1
FANOUT,K75,Exception('timeout_or_slo_miss: completed=50/75 errors=25 elapsed_ms=1084.2'),1
FANOUT,K75,Exception('timeout_or_slo_miss: completed=55/75 errors=20 elapsed_ms=1002.9'),4
FANOUT,K75,Exception('timeout_or_slo_miss: completed=55/75 errors=1 elapsed_ms=1908.3'),1
FANOUT,K75,Exception('timeout_or_slo_miss: completed=50/75 errors=15 elapsed_ms=1655.3'),1
FANOUT,K75,Exception('timeout_or_slo_miss: completed=37/75 errors=38 elapsed_ms=1211.4'),1
FANOUT,K75,Exception('timeout_or_slo_miss: completed=50/75 errors=25 elapsed_ms=1020.3'),1
FANOUT,K75,Exception('timeout_or_slo_miss: completed=57/75 errors=18 elapsed_ms=1001.5'),1
FANOUT,K75,Exception('timeout_or_slo_miss: completed=47/75 errors=28 elapsed_ms=1098.7'),1
FANOUT,K75,Exception('timeout_or_slo_miss: completed=44/75 errors=31 elapsed_ms=1085.1'),1
FANOUT,K75,Exception('timeout_or_slo_miss: completed=49/75 errors=24 elapsed_ms=1564.7'),1
FANOUT,K75,Exception('timeout_or_slo_miss: completed=52/75 errors=21 elapsed_ms=1607.3'),1
FANOUT,K75,Exception('timeout_or_slo_miss: completed=50/75 errors=25 elapsed_ms=1007.5'),3
FANOUT,K75,Exception('timeout_or_slo_miss: completed=41/75 errors=34 elapsed_ms=1163.6'),1
FANOUT,K75,Exception('timeout_or_slo_miss: completed=52/75 errors=13 elapsed_ms=1621.1'),1
FANOUT,K75,Exception('timeout_or_slo_miss: completed=49/75 errors=26 elapsed_ms=1013.4'),1
FANOUT,K75,Exception('timeout_or_slo_miss: completed=45/75 errors=30 elapsed_ms=1027.0'),1
FANOUT,K75,Exception('timeout_or_slo_miss: completed=47/75 errors=28 elapsed_ms=1090.5'),2
FANOUT,K75,Exception('timeout_or_slo_miss: completed=47/75 errors=28 elapsed_ms=1008.5'),1
FANOUT,K75,Exception('timeout_or_slo_miss: completed=50/75 errors=25 elapsed_ms=1117.5'),1
FANOUT,K75,Exception('timeout_or_slo_miss: completed=50/75 errors=25 elapsed_ms=1012.6'),2
FANOUT,K75,Exception('timeout_or_slo_miss: completed=47/75 errors=28 elapsed_ms=1104.8'),1
FANOUT,K75,Exception('timeout_or_slo_miss: completed=51/75 errors=24 elapsed_ms=1007.6'),9
FANOUT,K75,Exception('timeout_or_slo_miss: completed=51/75 errors=24 elapsed_ms=1006.0'),4
FANOUT,K75,Exception('timeout_or_slo_miss: completed=52/75 errors=23 elapsed_ms=1006.1'),2
FANOUT,K75,Exception('timeout_or_slo_miss: completed=46/75 errors=29 elapsed_ms=1007.2'),1
FANOUT,K75,Exception('timeout_or_slo_miss: completed=48/75 errors=10 elapsed_ms=3300.3'),1
FANOUT,K75,Exception('timeout_or_slo_miss: completed=40/75 errors=35 elapsed_ms=1119.5'),1
FANOUT,K75,Exception('timeout_or_slo_miss: completed=40/75 errors=35 elapsed_ms=1157.0'),1
FANOUT,K75,Exception('timeout_or_slo_miss: completed=46/75 errors=29 elapsed_ms=1125.6'),1
FANOUT,K75,Exception('timeout_or_slo_miss: completed=53/75 errors=5 elapsed_ms=1862.5'),1
FANOUT,K75,Exception('timeout_or_slo_miss: completed=51/75 errors=24 elapsed_ms=1002.8'),2
FANOUT,K75,Exception('timeout_or_slo_miss: completed=55/75 errors=10 elapsed_ms=1612.0'),1
FANOUT,K75,Exception('timeout_or_slo_miss: completed=55/75 errors=18 elapsed_ms=1503.6'),1
FANOUT,K75,Exception('timeout_or_slo_miss: completed=47/75 errors=28 elapsed_ms=1125.6'),1
FANOUT,K75,Exception('timeout_or_slo_miss: completed=48/75 errors=27 elapsed_ms=1002.2'),1
FANOUT,K75,Exception('timeout_or_slo_miss: completed=41/75 errors=34 elapsed_ms=1128.2'),1
FANOUT,K75,Exception('timeout_or_slo_miss: completed=50/75 errors=25 elapsed_ms=1002.3'),1
FANOUT,K75,Exception('timeout_or_slo_miss: completed=46/75 errors=19 elapsed_ms=1905.4'),1
FANOUT,K75,Exception('timeout_or_slo_miss: completed=44/75 errors=31 elapsed_ms=1069.7'),1
FANOUT,K75,Exception('timeout_or_slo_miss: completed=55/75 errors=20 elapsed_ms=1004.6'),1
FANOUT,K75,Exception('timeout_or_slo_miss: completed=54/75 errors=21 elapsed_ms=1004.2'),1
FANOUT,K75,Exception('timeout_or_slo_miss: completed=44/75 errors=31 elapsed_ms=1126.0'),1
FANOUT,K75,Exception('timeout_or_slo_miss: completed=51/75 errors=24 elapsed_ms=1009.7'),1
FANOUT,K75,Exception('timeout_or_slo_miss: completed=49/75 errors=24 elapsed_ms=1783.7'),1
FANOUT,K75,Exception('timeout_or_slo_miss: completed=52/75 errors=13 elapsed_ms=1601.3'),1
FANOUT,K75,Exception('timeout_or_slo_miss: completed=51/75 errors=24 elapsed_ms=1026.4'),1
FANOUT,K75,Exception('timeout_or_slo_miss: completed=43/75 errors=32 elapsed_ms=1144.8'),1
FANOUT,K75,Exception('timeout_or_slo_miss: completed=52/75 errors=23 elapsed_ms=1008.2'),3
FANOUT,K75,Exception('timeout_or_slo_miss: completed=47/75 errors=28 elapsed_ms=1008.2'),2
FANOUT,K75,Exception('timeout_or_slo_miss: completed=57/75 errors=8 elapsed_ms=1567.8'),1
FANOUT,K75,Exception('timeout_or_slo_miss: completed=52/75 errors=13 elapsed_ms=1703.9'),1
FANOUT,K75,Exception('timeout_or_slo_miss: completed=45/75 errors=30 elapsed_ms=1008.8'),2
FANOUT,K75,Exception('timeout_or_slo_miss: completed=51/75 errors=24 elapsed_ms=1003.1'),1
FANOUT,K75,Exception('timeout_or_slo_miss: completed=49/75 errors=26 elapsed_ms=1087.1'),1
FANOUT,K75,Exception('timeout_or_slo_miss: completed=56/75 errors=17 elapsed_ms=1436.1'),1
FANOUT,K75,Exception('timeout_or_slo_miss: completed=48/75 errors=27 elapsed_ms=1016.1'),1
FANOUT,K75,Exception('timeout_or_slo_miss: completed=39/75 errors=36 elapsed_ms=1133.8'),1
FANOUT,K75,Exception('timeout_or_slo_miss: completed=50/75 errors=25 elapsed_ms=1010.6'),2
FANOUT,K75,Exception('timeout_or_slo_miss: completed=53/75 errors=12 elapsed_ms=1610.8'),1
FANOUT,K75,Exception('timeout_or_slo_miss: completed=43/75 errors=32 elapsed_ms=1176.7'),1
FANOUT,K75,Exception('timeout_or_slo_miss: completed=48/75 errors=27 elapsed_ms=1007.9'),3
FANOUT,K75,Exception('timeout_or_slo_miss: completed=45/75 errors=14 elapsed_ms=3432.2'),1
FANOUT,K75,Exception('timeout_or_slo_miss: completed=47/75 errors=28 elapsed_ms=1014.8'),1
FANOUT,K75,Exception('timeout_or_slo_miss: completed=44/75 errors=31 elapsed_ms=1011.4'),2
FANOUT,K75,Exception('timeout_or_slo_miss: completed=54/75 errors=21 elapsed_ms=1006.2'),1
FANOUT,K75,Exception('timeout_or_slo_miss: completed=44/75 errors=31 elapsed_ms=1115.3'),1
FANOUT,K75,Exception('timeout_or_slo_miss: completed=50/75 errors=25 elapsed_ms=1008.3'),3
FANOUT,K75,Exception('timeout_or_slo_miss: completed=28/75 errors=31 elapsed_ms=13296.7'),1
FANOUT,K75,Exception('timeout_or_slo_miss: completed=44/75 errors=29 elapsed_ms=1595.6'),1
FANOUT,K75,Exception('timeout_or_slo_miss: completed=52/75 errors=6 elapsed_ms=2201.5'),1
FANOUT,K75,Exception('timeout_or_slo_miss: completed=46/75 errors=29 elapsed_ms=1094.1'),1
FANOUT,K75,Exception('timeout_or_slo_miss: completed=48/75 errors=27 elapsed_ms=1117.0'),1
FANOUT,K75,Exception('timeout_or_slo_miss: completed=51/75 errors=24 elapsed_ms=1014.4'),1
FANOUT,K75,Exception('timeout_or_slo_miss: completed=48/75 errors=27 elapsed_ms=1094.7'),1
FANOUT,K75,Exception('timeout_or_slo_miss: completed=46/75 errors=29 elapsed_ms=1141.5'),1
FANOUT,K75,Exception('timeout_or_slo_miss: completed=37/75 errors=23 elapsed_ms=11262.0'),1
FANOUT,K75,Exception('timeout_or_slo_miss: completed=53/75 errors=20 elapsed_ms=1503.5'),2
FANOUT,K75,Exception('timeout_or_slo_miss: completed=48/75 errors=27 elapsed_ms=1016.4'),1
FANOUT,K75,Exception('timeout_or_slo_miss: completed=49/75 errors=24 elapsed_ms=1591.1'),1
FANOUT,K75,Exception('timeout_or_slo_miss: completed=48/75 errors=27 elapsed_ms=1010.7'),2
FANOUT,K75,Exception('timeout_or_slo_miss: completed=48/75 errors=27 elapsed_ms=1020.2'),1
FANOUT,K75,Exception('timeout_or_slo_miss: completed=52/75 errors=23 elapsed_ms=1001.9'),1
FANOUT,K75,Exception('timeout_or_slo_miss: completed=42/75 errors=33 elapsed_ms=1133.5'),2
FANOUT,K75,Exception('timeout_or_slo_miss: completed=47/75 errors=28 elapsed_ms=1019.6'),2
FANOUT,K75,Exception('timeout_or_slo_miss: completed=46/75 errors=29 elapsed_ms=1083.0'),1
FANOUT,K75,Exception('timeout_or_slo_miss: completed=53/75 errors=22 elapsed_ms=1006.3'),4
FANOUT,K75,Exception('timeout_or_slo_miss: completed=48/75 errors=27 elapsed_ms=1015.8'),2
FANOUT,K75,Exception('timeout_or_slo_miss: completed=49/75 errors=26 elapsed_ms=1106.5'),1
FANOUT,K75,Exception('timeout_or_slo_miss: completed=30/75 errors=26 elapsed_ms=13159.5'),1
FANOUT,K75,Exception('timeout_or_slo_miss: completed=53/75 errors=22 elapsed_ms=1007.8'),2
FANOUT,K75,Exception('timeout_or_slo_miss: completed=54/75 errors=19 elapsed_ms=1506.0'),1
FANOUT,K75,Exception('timeout_or_slo_miss: completed=53/75 errors=12 elapsed_ms=1662.3'),1
FANOUT,K75,Exception('timeout_or_slo_miss: completed=43/75 errors=32 elapsed_ms=1076.0'),1
FANOUT,K75,Exception('timeout_or_slo_miss: completed=55/75 errors=20 elapsed_ms=1011.3'),1
FANOUT,K75,Exception('timeout_or_slo_miss: completed=52/75 errors=6 elapsed_ms=2368.5'),1
FANOUT,K75,Exception('timeout_or_slo_miss: completed=49/75 errors=26 elapsed_ms=1102.2'),1
FANOUT,K75,Exception('timeout_or_slo_miss: completed=46/75 errors=29 elapsed_ms=1089.8'),1
FANOUT,K75,Exception('timeout_or_slo_miss: completed=53/75 errors=20 elapsed_ms=1516.5'),1
FANOUT,K75,Exception('timeout_or_slo_miss: completed=51/75 errors=24 elapsed_ms=1008.7'),3
FANOUT,K75,Exception('timeout_or_slo_miss: completed=47/75 errors=28 elapsed_ms=1008.7'),1
FANOUT,K75,Exception('timeout_or_slo_miss: completed=53/75 errors=20 elapsed_ms=1507.0'),1
FANOUT,K75,Exception('timeout_or_slo_miss: completed=57/75 errors=8 elapsed_ms=1415.5'),1
FANOUT,K75,Exception('timeout_or_slo_miss: completed=50/75 errors=25 elapsed_ms=1006.9'),9
FANOUT,K75,Exception('timeout_or_slo_miss: completed=48/75 errors=27 elapsed_ms=1006.3'),1
FANOUT,K75,Exception('timeout_or_slo_miss: completed=48/75 errors=27 elapsed_ms=1125.3'),1
FANOUT,K75,Exception('timeout_or_slo_miss: completed=54/75 errors=21 elapsed_ms=1001.1'),1
FANOUT,K75,Exception('timeout_or_slo_miss: completed=47/75 errors=28 elapsed_ms=1113.2'),1
FANOUT,K75,Exception('timeout_or_slo_miss: completed=49/75 errors=26 elapsed_ms=1091.6'),1
FANOUT,K75,Exception('timeout_or_slo_miss: completed=50/75 errors=23 elapsed_ms=1619.2'),1
FANOUT,K75,Exception('timeout_or_slo_miss: completed=52/75 errors=21 elapsed_ms=1520.1'),1
FANOUT,K75,Exception('timeout_or_slo_miss: completed=47/75 errors=28 elapsed_ms=1016.4'),1
FANOUT,K75,Exception('timeout_or_slo_miss: completed=47/75 errors=28 elapsed_ms=1119.9'),1
FANOUT,K75,Exception('timeout_or_slo_miss: completed=44/75 errors=31 elapsed_ms=1087.0'),1
FANOUT,K75,Exception('timeout_or_slo_miss: completed=51/75 errors=14 elapsed_ms=1712.1'),1
FANOUT,K75,Exception('timeout_or_slo_miss: completed=50/75 errors=25 elapsed_ms=1063.5'),1
FANOUT,K75,Exception('timeout_or_slo_miss: completed=45/75 errors=30 elapsed_ms=1114.8'),1
FANOUT,K75,Exception('timeout_or_slo_miss: completed=49/75 errors=26 elapsed_ms=1074.8'),1
FANOUT,K75,Exception('timeout_or_slo_miss: completed=51/75 errors=24 elapsed_ms=1013.3'),2
FANOUT,K75,Exception('timeout_or_slo_miss: completed=47/75 errors=28 elapsed_ms=1085.4'),1
FANOUT,K75,Exception('timeout_or_slo_miss: completed=49/75 errors=26 elapsed_ms=1007.0'),2
FANOUT,K75,Exception('timeout_or_slo_miss: completed=50/75 errors=25 elapsed_ms=1016.4'),1
FANOUT,K75,Exception('timeout_or_slo_miss: completed=46/75 errors=27 elapsed_ms=1600.3'),1
FANOUT,K75,Exception('timeout_or_slo_miss: completed=44/75 errors=31 elapsed_ms=1158.8'),1
FANOUT,K75,Exception('timeout_or_slo_miss: completed=57/75 errors=16 elapsed_ms=1221.8'),1
FANOUT,K75,Exception('timeout_or_slo_miss: completed=47/75 errors=28 elapsed_ms=1007.1'),2
FANOUT,K75,Exception('timeout_or_slo_miss: completed=47/75 errors=28 elapsed_ms=1108.2'),1
FANOUT,K75,Exception('timeout_or_slo_miss: completed=45/75 errors=20 elapsed_ms=1788.2'),1
FANOUT,K75,Exception('timeout_or_slo_miss: completed=49/75 errors=26 elapsed_ms=1011.4'),2
FANOUT,K75,Exception('timeout_or_slo_miss: completed=42/75 errors=32 elapsed_ms=2003.7'),1
FANOUT,K75,Exception('timeout_or_slo_miss: completed=47/75 errors=28 elapsed_ms=1007.3'),4
FANOUT,K75,Exception('timeout_or_slo_miss: completed=49/75 errors=26 elapsed_ms=1007.1'),4
FANOUT,K75,Exception('timeout_or_slo_miss: completed=50/75 errors=25 elapsed_ms=1007.9'),9
FANOUT,K75,Exception('timeout_or_slo_miss: completed=55/75 errors=20 elapsed_ms=1001.8'),2
FANOUT,K75,Exception('timeout_or_slo_miss: completed=51/75 errors=24 elapsed_ms=1004.2'),1
FANOUT,K75,Exception('timeout_or_slo_miss: completed=41/75 errors=34 elapsed_ms=1144.8'),1
FANOUT,K75,Exception('timeout_or_slo_miss: completed=53/75 errors=22 elapsed_ms=1010.5'),1
FANOUT,K75,Exception('timeout_or_slo_miss: completed=51/75 errors=24 elapsed_ms=1005.1'),4
FANOUT,K75,Exception('timeout_or_slo_miss: completed=48/75 errors=27 elapsed_ms=1098.0'),1
FANOUT,K75,Exception('timeout_or_slo_miss: completed=48/75 errors=27 elapsed_ms=1008.6'),4
FANOUT,K75,Exception('timeout_or_slo_miss: completed=52/75 errors=21 elapsed_ms=1509.7'),1
FANOUT,K75,Exception('timeout_or_slo_miss: completed=48/75 errors=27 elapsed_ms=1016.3'),1
FANOUT,K75,Exception('timeout_or_slo_miss: completed=45/75 errors=20 elapsed_ms=2011.8'),1
FANOUT,K75,Exception('timeout_or_slo_miss: completed=46/75 errors=29 elapsed_ms=1015.4'),2
FANOUT,K75,Exception('timeout_or_slo_miss: completed=48/75 errors=27 elapsed_ms=1144.1'),1
FANOUT,K75,Exception('timeout_or_slo_miss: completed=45/75 errors=30 elapsed_ms=1103.6'),1
FANOUT,K75,Exception('timeout_or_slo_miss: completed=52/75 errors=23 elapsed_ms=1005.4'),7
FANOUT,K75,Exception('timeout_or_slo_miss: completed=54/75 errors=19 elapsed_ms=1503.7'),2
FANOUT,K75,Exception('timeout_or_slo_miss: completed=47/75 errors=28 elapsed_ms=1115.8'),1
FANOUT,K75,Exception('timeout_or_slo_miss: completed=53/75 errors=22 elapsed_ms=1005.6'),5
FANOUT,K75,Exception('timeout_or_slo_miss: completed=43/75 errors=32 elapsed_ms=1140.3'),1
FANOUT,K75,Exception('timeout_or_slo_miss: completed=51/75 errors=22 elapsed_ms=1514.0'),1
FANOUT,K75,Exception('timeout_or_slo_miss: completed=42/75 errors=33 elapsed_ms=1129.0'),1
FANOUT,K75,Exception('timeout_or_slo_miss: completed=58/75 errors=15 elapsed_ms=1502.8'),1
FANOUT,K75,Exception('timeout_or_slo_miss: completed=46/75 errors=29 elapsed_ms=1078.2'),1
FANOUT,K75,Exception('timeout_or_slo_miss: completed=51/75 errors=24 elapsed_ms=1009.0'),1
FANOUT,K75,Exception('timeout_or_slo_miss: completed=44/75 errors=31 elapsed_ms=1012.3'),1
FANOUT,K75,Exception('timeout_or_slo_miss: completed=56/75 errors=17 elapsed_ms=1504.9'),1
FANOUT,K75,Exception('timeout_or_slo_miss: completed=47/75 errors=28 elapsed_ms=1078.3'),1
FANOUT,K75,Exception('timeout_or_slo_miss: completed=44/75 errors=31 elapsed_ms=1107.7'),1
FANOUT,K75,Exception('timeout_or_slo_miss: completed=46/75 errors=29 elapsed_ms=1008.1'),2
FANOUT,K75,Exception('timeout_or_slo_miss: completed=49/75 errors=26 elapsed_ms=1011.5'),1
FANOUT,K75,Exception('timeout_or_slo_miss: completed=46/75 errors=27 elapsed_ms=1627.8'),1
FANOUT,K75,Exception('timeout_or_slo_miss: completed=49/75 errors=26 elapsed_ms=1008.6'),4
FANOUT,K75,Exception('timeout_or_slo_miss: completed=46/75 errors=29 elapsed_ms=1096.7'),1
FANOUT,K75,Exception('timeout_or_slo_miss: completed=55/75 errors=18 elapsed_ms=1503.1'),1
FANOUT,K75,Exception('timeout_or_slo_miss: completed=48/75 errors=27 elapsed_ms=1003.3'),1
FANOUT,K75,Exception('timeout_or_slo_miss: completed=50/75 errors=25 elapsed_ms=1021.0'),1
FANOUT,K75,Exception('timeout_or_slo_miss: completed=49/75 errors=26 elapsed_ms=1012.2'),2
FANOUT,K75,Exception('timeout_or_slo_miss: completed=45/75 errors=30 elapsed_ms=1086.6'),1
FANOUT,K75,Exception('timeout_or_slo_miss: completed=53/75 errors=20 elapsed_ms=1511.3'),1
FANOUT,K75,Exception('timeout_or_slo_miss: completed=54/75 errors=21 elapsed_ms=1003.4'),2
FANOUT,K75,Exception('timeout_or_slo_miss: completed=53/75 errors=22 elapsed_ms=1003.3'),4
FANOUT,K75,Exception('timeout_or_slo_miss: completed=56/75 errors=19 elapsed_ms=1002.3'),1
FANOUT,K75,Exception('timeout_or_slo_miss: completed=48/75 errors=25 elapsed_ms=1572.0'),1
FANOUT,K75,Exception('timeout_or_slo_miss: completed=53/75 errors=22 elapsed_ms=1006.0'),3
FANOUT,K75,Exception('timeout_or_slo_miss: completed=53/75 errors=22 elapsed_ms=1003.4'),3
FANOUT,K75,Exception('timeout_or_slo_miss: completed=49/75 errors=26 elapsed_ms=1017.3'),1
FANOUT,K75,Exception('timeout_or_slo_miss: completed=48/75 errors=27 elapsed_ms=1088.0'),1
FANOUT,K75,Exception('timeout_or_slo_miss: completed=46/75 errors=29 elapsed_ms=1091.6'),1
FANOUT,K75,Exception('timeout_or_slo_miss: completed=54/75 errors=19 elapsed_ms=1505.8'),1
FANOUT,K75,Exception('timeout_or_slo_miss: completed=54/75 errors=21 elapsed_ms=1004.3'),3
FANOUT,K75,Exception('timeout_or_slo_miss: completed=46/75 errors=29 elapsed_ms=1008.3'),3
FANOUT,K75,Exception('timeout_or_slo_miss: completed=42/75 errors=33 elapsed_ms=1117.3'),1
FANOUT,K75,Exception('timeout_or_slo_miss: completed=51/75 errors=24 elapsed_ms=1008.6'),3
FANOUT,K75,Exception('timeout_or_slo_miss: completed=46/75 errors=29 elapsed_ms=1032.4'),1
FANOUT,K75,Exception('timeout_or_slo_miss: completed=48/75 errors=27 elapsed_ms=1012.2'),2
FANOUT,K75,Exception('timeout_or_slo_miss: completed=42/75 errors=33 elapsed_ms=1099.0'),1
FANOUT,K75,Exception('timeout_or_slo_miss: completed=46/75 errors=29 elapsed_ms=1017.1'),1
FANOUT,K75,Exception('timeout_or_slo_miss: completed=49/75 errors=24 elapsed_ms=1602.7'),1
FANOUT,K75,Exception('timeout_or_slo_miss: completed=44/75 errors=31 elapsed_ms=1096.1'),1
FANOUT,K75,Exception('timeout_or_slo_miss: completed=48/75 errors=27 elapsed_ms=1012.3'),4
FANOUT,K75,Exception('timeout_or_slo_miss: completed=49/75 errors=26 elapsed_ms=1036.1'),1
FANOUT,K75,Exception('timeout_or_slo_miss: completed=49/75 errors=26 elapsed_ms=1082.4'),1
FANOUT,K75,Exception('timeout_or_slo_miss: completed=42/75 errors=33 elapsed_ms=1127.2'),1
FANOUT,K75,Exception('timeout_or_slo_miss: completed=52/75 errors=23 elapsed_ms=1004.6'),2
FANOUT,K75,Exception('timeout_or_slo_miss: completed=56/75 errors=19 elapsed_ms=1000.9'),1
FANOUT,K75,Exception('timeout_or_slo_miss: completed=50/75 errors=25 elapsed_ms=1009.0'),2
FANOUT,K75,Exception('timeout_or_slo_miss: completed=45/75 errors=28 elapsed_ms=1633.3'),1
FANOUT,K75,Exception('timeout_or_slo_miss: completed=40/75 errors=35 elapsed_ms=1138.4'),1
FANOUT,K75,Exception('timeout_or_slo_miss: completed=49/75 errors=26 elapsed_ms=1009.6'),4
FANOUT,K75,Exception('timeout_or_slo_miss: completed=48/75 errors=17 elapsed_ms=1874.2'),1
FANOUT,K75,Exception('timeout_or_slo_miss: completed=47/75 errors=28 elapsed_ms=1092.5'),1
FANOUT,K75,Exception('timeout_or_slo_miss: completed=51/75 errors=16 elapsed_ms=9866.4'),1
FANOUT,K75,Exception('timeout_or_slo_miss: completed=51/75 errors=24 elapsed_ms=1003.9'),3
FANOUT,K75,Exception('timeout_or_slo_miss: completed=49/75 errors=26 elapsed_ms=1116.5'),1
FANOUT,K75,Exception('timeout_or_slo_miss: completed=46/75 errors=29 elapsed_ms=1102.0'),1
FANOUT,K75,Exception('timeout_or_slo_miss: completed=53/75 errors=12 elapsed_ms=1636.0'),1
FANOUT,K75,Exception('timeout_or_slo_miss: completed=40/75 errors=35 elapsed_ms=1135.1'),1
FANOUT,K75,Exception('timeout_or_slo_miss: completed=51/75 errors=22 elapsed_ms=1508.6'),1
FANOUT,K75,Exception('timeout_or_slo_miss: completed=45/75 errors=30 elapsed_ms=1015.3'),1
FANOUT,K75,Exception('timeout_or_slo_miss: completed=49/75 errors=26 elapsed_ms=1009.8'),4
FANOUT,K75,Exception('timeout_or_slo_miss: completed=44/75 errors=31 elapsed_ms=1010.8'),1
FANOUT,K75,Exception('timeout_or_slo_miss: completed=51/75 errors=22 elapsed_ms=1516.2'),1
FANOUT,K75,Exception('timeout_or_slo_miss: completed=49/75 errors=26 elapsed_ms=1013.5'),1
FANOUT,K75,Exception('timeout_or_slo_miss: completed=50/75 errors=23 elapsed_ms=1510.5'),1
FANOUT,K75,Exception('timeout_or_slo_miss: completed=43/75 errors=32 elapsed_ms=1109.9'),1
FANOUT,K75,Exception('timeout_or_slo_miss: completed=51/75 errors=24 elapsed_ms=1005.9'),4
FANOUT,K75,Exception('timeout_or_slo_miss: completed=47/75 errors=28 elapsed_ms=1059.5'),1
FANOUT,K75,Exception('timeout_or_slo_miss: completed=47/75 errors=28 elapsed_ms=1014.2'),1
FANOUT,K75,Exception('timeout_or_slo_miss: completed=52/75 errors=21 elapsed_ms=1513.7'),1
FANOUT,K75,Exception('timeout_or_slo_miss: completed=53/75 errors=22 elapsed_ms=1004.5'),5
FANOUT,K75,Exception('timeout_or_slo_miss: completed=52/75 errors=23 elapsed_ms=1019.3'),2
FANOUT,K75,Exception('timeout_or_slo_miss: completed=50/75 errors=25 elapsed_ms=1084.6'),1
FANOUT,K75,Exception('timeout_or_slo_miss: completed=48/75 errors=27 elapsed_ms=1090.4'),1
FANOUT,K75,Exception('timeout_or_slo_miss: completed=53/75 errors=22 elapsed_ms=1004.4'),2
FANOUT,K75,Exception('timeout_or_slo_miss: completed=47/75 errors=28 elapsed_ms=1109.9'),1
FANOUT,K75,Exception('timeout_or_slo_miss: completed=39/75 errors=36 elapsed_ms=1173.9'),1
FANOUT,K75,Exception('timeout_or_slo_miss: completed=51/75 errors=24 elapsed_ms=1011.6'),2
FANOUT,K75,Exception('timeout_or_slo_miss: completed=43/75 errors=32 elapsed_ms=1110.4'),1
FANOUT,K75,Exception('timeout_or_slo_miss: completed=50/75 errors=25 elapsed_ms=1014.3'),2
FANOUT,K75,Exception('timeout_or_slo_miss: completed=40/75 errors=35 elapsed_ms=1144.7'),1
FANOUT,K75,Exception('timeout_or_slo_miss: completed=45/75 errors=30 elapsed_ms=4146.4'),1
FANOUT,K75,Exception('timeout_or_slo_miss: completed=42/75 errors=33 elapsed_ms=1114.7'),1
FANOUT,K75,Exception('timeout_or_slo_miss: completed=51/75 errors=22 elapsed_ms=1595.7'),1
FANOUT,K75,Exception('timeout_or_slo_miss: completed=45/75 errors=30 elapsed_ms=1091.1'),1
FANOUT,K75,Exception('timeout_or_slo_miss: completed=52/75 errors=23 elapsed_ms=1060.3'),1
FANOUT,K75,Exception('timeout_or_slo_miss: completed=41/75 errors=24 elapsed_ms=3988.1'),1
FANOUT,K75,Exception('timeout_or_slo_miss: completed=58/75 errors=7 elapsed_ms=1389.8'),1
FANOUT,K75,Exception('timeout_or_slo_miss: completed=55/75 errors=3 elapsed_ms=1807.7'),1
FANOUT,K75,Exception('timeout_or_slo_miss: completed=42/75 errors=33 elapsed_ms=1156.5'),1
FANOUT,K75,Exception('timeout_or_slo_miss: completed=51/75 errors=24 elapsed_ms=1011.1'),1
FANOUT,K75,Exception('timeout_or_slo_miss: completed=50/75 errors=25 elapsed_ms=1028.4'),1
FANOUT,K75,Exception('timeout_or_slo_miss: completed=44/75 errors=31 elapsed_ms=1080.0'),1
FANOUT,K75,Exception('timeout_or_slo_miss: completed=44/75 errors=31 elapsed_ms=1019.3'),1
FANOUT,K75,Exception('timeout_or_slo_miss: completed=52/75 errors=21 elapsed_ms=1503.4'),1
FANOUT,K75,Exception('timeout_or_slo_miss: completed=51/75 errors=24 elapsed_ms=1009.8'),3
FANOUT,K75,Exception('timeout_or_slo_miss: completed=50/75 errors=25 elapsed_ms=1101.8'),1
FANOUT,K75,Exception('timeout_or_slo_miss: completed=45/75 errors=30 elapsed_ms=1133.4'),1
FANOUT,K75,Exception('timeout_or_slo_miss: completed=47/75 errors=28 elapsed_ms=1014.3'),1
FANOUT,K75,Exception('timeout_or_slo_miss: completed=50/75 errors=23 elapsed_ms=1609.4'),1
FANOUT,K75,Exception('timeout_or_slo_miss: completed=47/75 errors=28 elapsed_ms=1096.3'),1
FANOUT,K75,Exception('timeout_or_slo_miss: completed=54/75 errors=21 elapsed_ms=1005.3'),3
FANOUT,K75,Exception('timeout_or_slo_miss: completed=56/75 errors=17 elapsed_ms=1439.4'),1
FANOUT,K75,Exception('timeout_or_slo_miss: completed=50/75 errors=23 elapsed_ms=1511.0'),1
FANOUT,K75,Exception('timeout_or_slo_miss: completed=51/75 errors=22 elapsed_ms=1507.2'),1
FANOUT,K75,Exception('timeout_or_slo_miss: completed=57/75 errors=16 elapsed_ms=1460.0'),1
FANOUT,K75,Exception('timeout_or_slo_miss: completed=56/75 errors=9 elapsed_ms=1509.7'),1
FANOUT,K75,Exception('timeout_or_slo_miss: completed=48/75 errors=27 elapsed_ms=1106.0'),1
FANOUT,K75,Exception('timeout_or_slo_miss: completed=53/75 errors=22 elapsed_ms=1001.7'),1
FANOUT,K75,Exception('timeout_or_slo_miss: completed=50/75 errors=25 elapsed_ms=1020.8'),1
FANOUT,K75,Exception('timeout_or_slo_miss: completed=54/75 errors=4 elapsed_ms=2003.0'),1
FANOUT,K75,Exception('timeout_or_slo_miss: completed=47/75 errors=28 elapsed_ms=1007.5'),1
FANOUT,K75,Exception('timeout_or_slo_miss: completed=44/75 errors=29 elapsed_ms=1642.8'),1
FANOUT,K75,Exception('timeout_or_slo_miss: completed=49/75 errors=26 elapsed_ms=1005.5'),1
FANOUT,K75,Exception('timeout_or_slo_miss: completed=46/75 errors=29 elapsed_ms=1077.4'),1
FANOUT,K75,Exception('timeout_or_slo_miss: completed=53/75 errors=22 elapsed_ms=1003.8'),4
FANOUT,K75,Exception('timeout_or_slo_miss: completed=47/75 errors=28 elapsed_ms=1069.7'),1
FANOUT,K75,Exception('timeout_or_slo_miss: completed=43/75 errors=32 elapsed_ms=1106.3'),1
FANOUT,K75,Exception('timeout_or_slo_miss: completed=48/75 errors=27 elapsed_ms=1029.4'),1
FANOUT,K75,Exception('timeout_or_slo_miss: completed=45/75 errors=30 elapsed_ms=1128.5'),1
FANOUT,K75,Exception('timeout_or_slo_miss: completed=48/75 errors=27 elapsed_ms=1091.0'),1
FANOUT,K75,Exception('timeout_or_slo_miss: completed=46/75 errors=19 elapsed_ms=1851.2'),1
FANOUT,K75,Exception('timeout_or_slo_miss: completed=48/75 errors=27 elapsed_ms=1013.0'),3
FANOUT,K75,Exception('timeout_or_slo_miss: completed=45/75 errors=30 elapsed_ms=1117.5'),1
FANOUT,K75,Exception('timeout_or_slo_miss: completed=44/75 errors=29 elapsed_ms=1601.7'),1
FANOUT,K75,Exception('timeout_or_slo_miss: completed=52/75 errors=13 elapsed_ms=1628.1'),1
FANOUT,K75,Exception('timeout_or_slo_miss: completed=47/75 errors=28 elapsed_ms=1088.0'),1
FANOUT,K75,Exception('timeout_or_slo_miss: completed=43/75 errors=32 elapsed_ms=1114.1'),1
FANOUT,K75,Exception('timeout_or_slo_miss: completed=51/75 errors=24 elapsed_ms=1008.3'),1
FANOUT,K75,Exception('timeout_or_slo_miss: completed=51/75 errors=14 elapsed_ms=1767.1'),1
FANOUT,K75,Exception('timeout_or_slo_miss: completed=45/75 errors=30 elapsed_ms=1093.3'),1
FANOUT,K75,Exception('timeout_or_slo_miss: completed=50/75 errors=25 elapsed_ms=1005.9'),2
FANOUT,K75,Exception('timeout_or_slo_miss: completed=49/75 errors=26 elapsed_ms=1044.3'),1
FANOUT,K75,Exception('timeout_or_slo_miss: completed=47/75 errors=28 elapsed_ms=1080.8'),1
FANOUT,K75,Exception('timeout_or_slo_miss: completed=43/75 errors=32 elapsed_ms=1125.9'),1
FANOUT,K75,Exception('timeout_or_slo_miss: completed=44/75 errors=31 elapsed_ms=1099.6'),1
FANOUT,K75,Exception('timeout_or_slo_miss: completed=44/75 errors=31 elapsed_ms=1101.2'),1
FANOUT,K75,Exception('timeout_or_slo_miss: completed=40/75 errors=35 elapsed_ms=1221.2'),1
FANOUT,K75,Exception('timeout_or_slo_miss: completed=45/75 errors=30 elapsed_ms=1008.4'),1
FANOUT,K75,Exception('timeout_or_slo_miss: completed=47/75 errors=18 elapsed_ms=1911.2'),1
FANOUT,K75,Exception('subread_error: completed=62/75 errors=13'),2
FANOUT,K75,Exception('timeout_or_slo_miss: completed=46/75 errors=29 elapsed_ms=1077.7'),1
FANOUT,K75,Exception('timeout_or_slo_miss: completed=54/75 errors=21 elapsed_ms=1006.5'),1
FANOUT,K75,Exception('timeout_or_slo_miss: completed=51/75 errors=24 elapsed_ms=1011.4'),2
FANOUT,K75,Exception('timeout_or_slo_miss: completed=44/75 errors=31 elapsed_ms=1111.1'),1
FANOUT,K75,Exception('timeout_or_slo_miss: completed=51/75 errors=24 elapsed_ms=1008.5'),1
FANOUT,K75,Exception('timeout_or_slo_miss: completed=53/75 errors=20 elapsed_ms=1508.9'),2
FANOUT,K75,Exception('timeout_or_slo_miss: completed=52/75 errors=23 elapsed_ms=1002.6'),6
FANOUT,K75,Exception('timeout_or_slo_miss: completed=47/75 errors=28 elapsed_ms=1019.1'),1
FANOUT,K75,Exception('timeout_or_slo_miss: completed=47/75 errors=28 elapsed_ms=1008.4'),3
FANOUT,K75,Exception('timeout_or_slo_miss: completed=54/75 errors=19 elapsed_ms=1507.1'),1
FANOUT,K75,Exception('timeout_or_slo_miss: completed=54/75 errors=21 elapsed_ms=1004.8'),1
FANOUT,K75,Exception('timeout_or_slo_miss: completed=43/75 errors=32 elapsed_ms=1077.7'),1
FANOUT,K75,Exception('timeout_or_slo_miss: completed=52/75 errors=21 elapsed_ms=1518.2'),1
FANOUT,K75,Exception('timeout_or_slo_miss: completed=46/75 errors=29 elapsed_ms=1011.5'),1
FANOUT,K75,Exception('timeout_or_slo_miss: completed=47/75 errors=18 elapsed_ms=2010.6'),1
FANOUT,K75,Exception('timeout_or_slo_miss: completed=45/75 errors=30 elapsed_ms=1017.7'),1
FANOUT,K75,Exception('timeout_or_slo_miss: completed=50/75 errors=25 elapsed_ms=1005.3'),1
FANOUT,K75,Exception('timeout_or_slo_miss: completed=49/75 errors=26 elapsed_ms=1008.1'),2
FANOUT,K75,Exception('timeout_or_slo_miss: completed=40/75 errors=32 elapsed_ms=4925.7'),1
FANOUT,K75,Exception('timeout_or_slo_miss: completed=50/75 errors=23 elapsed_ms=1510.7'),1
FANOUT,K75,Exception('timeout_or_slo_miss: completed=42/75 errors=33 elapsed_ms=1130.5'),1
FANOUT,K75,Exception('timeout_or_slo_miss: completed=45/75 errors=30 elapsed_ms=1016.2'),2
FANOUT,K75,Exception('timeout_or_slo_miss: completed=43/75 errors=32 elapsed_ms=1119.9'),1
FANOUT,K75,Exception('timeout_or_slo_miss: completed=53/75 errors=22 elapsed_ms=1005.9'),1
FANOUT,K75,Exception('timeout_or_slo_miss: completed=46/75 errors=29 elapsed_ms=1008.0'),1
FANOUT,K75,Exception('timeout_or_slo_miss: completed=44/75 errors=31 elapsed_ms=1152.7'),1
FANOUT,K75,Exception('timeout_or_slo_miss: completed=48/75 errors=27 elapsed_ms=1129.8'),1
FANOUT,K75,Exception('timeout_or_slo_miss: completed=47/75 errors=28 elapsed_ms=1010.1'),4
FANOUT,K75,Exception('timeout_or_slo_miss: completed=47/75 errors=26 elapsed_ms=1523.6'),1
FANOUT,K75,Exception('timeout_or_slo_miss: completed=44/75 errors=29 elapsed_ms=1682.5'),1
FANOUT,K75,Exception('timeout_or_slo_miss: completed=39/75 errors=36 elapsed_ms=1210.4'),1
FANOUT,K75,Exception('timeout_or_slo_miss: completed=45/75 errors=20 elapsed_ms=2014.4'),1
FANOUT,K75,Exception('timeout_or_slo_miss: completed=57/75 errors=8 elapsed_ms=1288.8'),1
FANOUT,K75,Exception('timeout_or_slo_miss: completed=49/75 errors=26 elapsed_ms=1029.1'),1
FANOUT,K75,Exception('timeout_or_slo_miss: completed=45/75 errors=30 elapsed_ms=1471.1'),1
FANOUT,K75,Exception('timeout_or_slo_miss: completed=46/75 errors=29 elapsed_ms=1014.6'),1
FANOUT,K75,Exception('timeout_or_slo_miss: completed=46/75 errors=29 elapsed_ms=1100.5'),1
FANOUT,K75,Exception('timeout_or_slo_miss: completed=51/75 errors=24 elapsed_ms=1115.2'),1
FANOUT,K75,Exception('timeout_or_slo_miss: completed=48/75 errors=17 elapsed_ms=1789.5'),1
FANOUT,K75,Exception('timeout_or_slo_miss: completed=57/75 errors=18 elapsed_ms=1002.6'),1
FANOUT,K75,Exception('timeout_or_slo_miss: completed=41/75 errors=34 elapsed_ms=1136.5'),1
FANOUT,K75,Exception('timeout_or_slo_miss: completed=46/75 errors=29 elapsed_ms=1019.6'),1
FANOUT,K75,Exception('timeout_or_slo_miss: completed=48/75 errors=25 elapsed_ms=1517.9'),1
FANOUT,K75,Exception('timeout_or_slo_miss: completed=42/75 errors=33 elapsed_ms=1105.0'),1
FANOUT,K75,Exception('timeout_or_slo_miss: completed=49/75 errors=24 elapsed_ms=1595.1'),1
FANOUT,K75,Exception('timeout_or_slo_miss: completed=50/75 errors=25 elapsed_ms=1076.3'),1
FANOUT,K75,Exception('timeout_or_slo_miss: completed=44/75 errors=31 elapsed_ms=1138.5'),1
FANOUT,K75,Exception('timeout_or_slo_miss: completed=45/75 errors=30 elapsed_ms=1134.2'),1
FANOUT,K75,Exception('timeout_or_slo_miss: completed=47/75 errors=12 elapsed_ms=4174.5'),1
FANOUT,K75,Exception('timeout_or_slo_miss: completed=45/75 errors=30 elapsed_ms=1109.5'),1
FANOUT,K75,Exception('timeout_or_slo_miss: completed=48/75 errors=27 elapsed_ms=1126.9'),1
FANOUT,K75,Exception('timeout_or_slo_miss: completed=51/75 errors=24 elapsed_ms=1076.1'),1
FANOUT,K75,Exception('timeout_or_slo_miss: completed=46/75 errors=29 elapsed_ms=1019.4'),1
FANOUT,K75,Exception('timeout_or_slo_miss: completed=46/75 errors=27 elapsed_ms=1635.1'),1
FANOUT,K75,Exception('timeout_or_slo_miss: completed=57/75 errors=8 elapsed_ms=1290.6'),1
FANOUT,K75,Exception('timeout_or_slo_miss: completed=47/75 errors=28 elapsed_ms=1074.2'),1
FANOUT,K75,Exception('timeout_or_slo_miss: completed=46/75 errors=29 elapsed_ms=1108.5'),1
FANOUT,K75,Exception('timeout_or_slo_miss: completed=50/75 errors=25 elapsed_ms=1008.8'),1
FANOUT,K75,Exception('timeout_or_slo_miss: completed=40/75 errors=35 elapsed_ms=1196.1'),1
FANOUT,K75,Exception('timeout_or_slo_miss: completed=46/75 errors=29 elapsed_ms=1011.9'),2
FANOUT,K75,Exception('timeout_or_slo_miss: completed=50/75 errors=25 elapsed_ms=1014.7'),1
FANOUT,K75,Exception('timeout_or_slo_miss: completed=40/75 errors=35 elapsed_ms=1136.0'),1
FANOUT,K75,Exception('timeout_or_slo_miss: completed=44/75 errors=31 elapsed_ms=1104.1'),1
FANOUT,K75,Exception('timeout_or_slo_miss: completed=46/75 errors=29 elapsed_ms=1131.8'),1
FANOUT,K75,Exception('timeout_or_slo_miss: completed=46/75 errors=29 elapsed_ms=1127.1'),1
FANOUT,K75,Exception('timeout_or_slo_miss: completed=55/75 errors=18 elapsed_ms=1507.6'),1
FANOUT,K75,Exception('timeout_or_slo_miss: completed=42/75 errors=33 elapsed_ms=1140.2'),1
FANOUT,K75,Exception('timeout_or_slo_miss: completed=44/75 errors=31 elapsed_ms=1017.0'),1
FANOUT,K75,Exception('timeout_or_slo_miss: completed=49/75 errors=26 elapsed_ms=1004.9'),1
FANOUT,K75,Exception('timeout_or_slo_miss: completed=45/75 errors=30 elapsed_ms=1014.2'),1
FANOUT,K75,Exception('timeout_or_slo_miss: completed=53/75 errors=22 elapsed_ms=1005.5'),2
FANOUT,K75,Exception('timeout_or_slo_miss: completed=61/75 errors=12 elapsed_ms=1282.3'),1
FANOUT,K75,Exception('timeout_or_slo_miss: completed=46/75 errors=29 elapsed_ms=1010.5'),3
FANOUT,K75,Exception('timeout_or_slo_miss: completed=46/75 errors=29 elapsed_ms=1109.9'),1
FANOUT,K75,Exception('timeout_or_slo_miss: completed=48/75 errors=27 elapsed_ms=1012.8'),2
FANOUT,K75,Exception('timeout_or_slo_miss: completed=45/75 errors=30 elapsed_ms=1017.1'),1
FANOUT,K75,Exception('timeout_or_slo_miss: completed=54/75 errors=21 elapsed_ms=1008.6'),1
FANOUT,K75,Exception('timeout_or_slo_miss: completed=49/75 errors=26 elapsed_ms=1009.4'),5
FANOUT,K75,Exception('timeout_or_slo_miss: completed=41/75 errors=34 elapsed_ms=1154.6'),1
FANOUT,K75,Exception('timeout_or_slo_miss: completed=50/75 errors=15 elapsed_ms=1744.6'),1
FANOUT,K75,Exception('timeout_or_slo_miss: completed=48/75 errors=27 elapsed_ms=1009.2'),5
FANOUT,K75,Exception('timeout_or_slo_miss: completed=45/75 errors=30 elapsed_ms=1016.0'),1
FANOUT,K75,Exception('timeout_or_slo_miss: completed=50/75 errors=25 elapsed_ms=1020.0'),1
FANOUT,K75,Exception('timeout_or_slo_miss: completed=47/75 errors=18 elapsed_ms=1894.5'),1
FANOUT,K75,Exception('timeout_or_slo_miss: completed=51/75 errors=24 elapsed_ms=1013.6'),1
FANOUT,K75,Exception('timeout_or_slo_miss: completed=52/75 errors=23 elapsed_ms=1048.5'),1
FANOUT,K75,Exception('timeout_or_slo_miss: completed=49/75 errors=24 elapsed_ms=1601.7'),1
FANOUT,K75,Exception('timeout_or_slo_miss: completed=50/75 errors=25 elapsed_ms=1005.4'),2
FANOUT,K75,Exception('timeout_or_slo_miss: completed=47/75 errors=28 elapsed_ms=1103.1'),1
FANOUT,K75,Exception('timeout_or_slo_miss: completed=48/75 errors=27 elapsed_ms=1103.9'),1
FANOUT,K75,Exception('timeout_or_slo_miss: completed=54/75 errors=21 elapsed_ms=1004.6'),4
FANOUT,K75,Exception('timeout_or_slo_miss: completed=46/75 errors=29 elapsed_ms=1017.3'),1
FANOUT,K75,Exception('timeout_or_slo_miss: completed=54/75 errors=21 elapsed_ms=1011.4'),1
FANOUT,K75,Exception('timeout_or_slo_miss: completed=57/75 errors=18 elapsed_ms=1006.1'),1
FANOUT,K75,Exception('timeout_or_slo_miss: completed=52/75 errors=21 elapsed_ms=1516.7'),1
FANOUT,K75,Exception('timeout_or_slo_miss: completed=49/75 errors=26 elapsed_ms=1004.6'),3
FANOUT,K75,Exception('timeout_or_slo_miss: completed=46/75 errors=12 elapsed_ms=3139.6'),1
FANOUT,K75,Exception('timeout_or_slo_miss: completed=56/75 errors=19 elapsed_ms=1002.9'),1
FANOUT,K75,Exception('timeout_or_slo_miss: completed=43/75 errors=32 elapsed_ms=1122.8'),1
FANOUT,K75,Exception('timeout_or_slo_miss: completed=46/75 errors=29 elapsed_ms=1099.2'),1
FANOUT,K75,Exception('timeout_or_slo_miss: completed=51/75 errors=24 elapsed_ms=1013.5'),2
FANOUT,K75,Exception('timeout_or_slo_miss: completed=50/75 errors=25 elapsed_ms=1016.5'),1
FANOUT,K75,Exception('timeout_or_slo_miss: completed=39/75 errors=36 elapsed_ms=1135.1'),1
FANOUT,K75,Exception('timeout_or_slo_miss: completed=51/75 errors=22 elapsed_ms=1506.9'),1
FANOUT,K75,Exception('timeout_or_slo_miss: completed=52/75 errors=23 elapsed_ms=1004.9'),4
FANOUT,K75,Exception('timeout_or_slo_miss: completed=52/75 errors=21 elapsed_ms=1513.4'),1
FANOUT,K75,Exception('timeout_or_slo_miss: completed=59/75 errors=14 elapsed_ms=1371.3'),1
FANOUT,K75,Exception('timeout_or_slo_miss: completed=50/75 errors=25 elapsed_ms=1014.1'),1
FANOUT,K75,Exception('timeout_or_slo_miss: completed=46/75 errors=29 elapsed_ms=1007.7'),1
FANOUT,K75,Exception('timeout_or_slo_miss: completed=46/75 errors=29 elapsed_ms=1015.0'),2
FANOUT,K75,Exception('timeout_or_slo_miss: completed=45/75 errors=30 elapsed_ms=1111.4'),1
FANOUT,K75,Exception('timeout_or_slo_miss: completed=53/75 errors=22 elapsed_ms=1011.2'),2
FANOUT,K75,Exception('timeout_or_slo_miss: completed=45/75 errors=30 elapsed_ms=1014.4'),1
FANOUT,K75,Exception('timeout_or_slo_miss: completed=53/75 errors=22 elapsed_ms=1006.2'),2
FANOUT,K75,Exception('timeout_or_slo_miss: completed=54/75 errors=21 elapsed_ms=1007.6'),1
FANOUT,K75,Exception('timeout_or_slo_miss: completed=35/75 errors=31 elapsed_ms=10017.3'),1
FANOUT,K75,Exception('timeout_or_slo_miss: completed=45/75 errors=30 elapsed_ms=1126.0'),1
FANOUT,K75,Exception('timeout_or_slo_miss: completed=47/75 errors=28 elapsed_ms=1020.1'),1
FANOUT,K75,Exception('timeout_or_slo_miss: completed=53/75 errors=22 elapsed_ms=1004.7'),4
FANOUT,K75,Exception('timeout_or_slo_miss: completed=48/75 errors=25 elapsed_ms=1587.7'),1
FANOUT,K75,Exception('timeout_or_slo_miss: completed=49/75 errors=16 elapsed_ms=3810.8'),1
FANOUT,K75,Exception('timeout_or_slo_miss: completed=46/75 errors=29 elapsed_ms=1020.9'),1
FANOUT,K75,Exception('timeout_or_slo_miss: completed=46/75 errors=19 elapsed_ms=2008.9'),1
FANOUT,K75,Exception('timeout_or_slo_miss: completed=47/75 errors=28 elapsed_ms=1008.8'),3
FANOUT,K75,Exception('timeout_or_slo_miss: completed=47/75 errors=28 elapsed_ms=1106.7'),1
FANOUT,K75,Exception('timeout_or_slo_miss: completed=49/75 errors=26 elapsed_ms=1007.8'),1
FANOUT,K75,Exception('timeout_or_slo_miss: completed=48/75 errors=27 elapsed_ms=1075.4'),1
FANOUT,K75,Exception('timeout_or_slo_miss: completed=57/75 errors=16 elapsed_ms=1306.3'),1
FANOUT,K75,Exception('timeout_or_slo_miss: completed=45/75 errors=30 elapsed_ms=1010.3'),2
FANOUT,K75,Exception('timeout_or_slo_miss: completed=55/75 errors=20 elapsed_ms=1005.2'),2
FANOUT,K75,Exception('timeout_or_slo_miss: completed=39/75 errors=36 elapsed_ms=1109.3'),1
FANOUT,K75,Exception('timeout_or_slo_miss: completed=46/75 errors=29 elapsed_ms=1009.0'),1
FANOUT,K75,Exception('timeout_or_slo_miss: completed=47/75 errors=28 elapsed_ms=1006.0'),1
FANOUT,K75,Exception('timeout_or_slo_miss: completed=50/75 errors=25 elapsed_ms=1005.8'),5
FANOUT,K75,Exception('timeout_or_slo_miss: completed=49/75 errors=16 elapsed_ms=1786.4'),1
FANOUT,K75,Exception('timeout_or_slo_miss: completed=49/75 errors=26 elapsed_ms=1015.4'),1
FANOUT,K75,Exception('timeout_or_slo_miss: completed=47/75 errors=26 elapsed_ms=1651.1'),1
FANOUT,K75,Exception('timeout_or_slo_miss: completed=47/75 errors=22 elapsed_ms=1749.0'),1
FANOUT,K75,Exception('timeout_or_slo_miss: completed=51/75 errors=22 elapsed_ms=1582.6'),1
FANOUT,K75,Exception('timeout_or_slo_miss: completed=50/75 errors=25 elapsed_ms=1036.1'),1
FANOUT,K75,Exception('timeout_or_slo_miss: completed=51/75 errors=24 elapsed_ms=1007.7'),12
FANOUT,K75,Exception('timeout_or_slo_miss: completed=50/75 errors=25 elapsed_ms=1010.8'),3
FANOUT,K75,Exception('timeout_or_slo_miss: completed=49/75 errors=9 elapsed_ms=2674.3'),1
FANOUT,K75,Exception('timeout_or_slo_miss: completed=47/75 errors=28 elapsed_ms=1087.5'),1
FANOUT,K75,Exception('timeout_or_slo_miss: completed=52/75 errors=23 elapsed_ms=1003.2'),5
FANOUT,K75,Exception('timeout_or_slo_miss: completed=44/75 errors=31 elapsed_ms=1129.0'),1
FANOUT,K75,Exception('timeout_or_slo_miss: completed=47/75 errors=26 elapsed_ms=1511.4'),1
FANOUT,K75,Exception('timeout_or_slo_miss: completed=46/75 errors=29 elapsed_ms=1009.2'),2
FANOUT,K75,Exception('timeout_or_slo_miss: completed=42/75 errors=16 elapsed_ms=3661.1'),1
FANOUT,K75,Exception('timeout_or_slo_miss: completed=45/75 errors=30 elapsed_ms=1100.3'),1
FANOUT,K75,Exception('timeout_or_slo_miss: completed=51/75 errors=24 elapsed_ms=1014.2'),2
FANOUT,K75,Exception('timeout_or_slo_miss: completed=50/75 errors=25 elapsed_ms=1005.7'),5
FANOUT,K75,Exception('timeout_or_slo_miss: completed=48/75 errors=27 elapsed_ms=1088.3'),1
FANOUT,K75,Exception('timeout_or_slo_miss: completed=46/75 errors=29 elapsed_ms=1008.4'),1
FANOUT,K75,Exception('timeout_or_slo_miss: completed=47/75 errors=28 elapsed_ms=1103.3'),1
FANOUT,K75,Exception('timeout_or_slo_miss: completed=43/75 errors=30 elapsed_ms=1675.5'),1
FANOUT,K75,Exception('timeout_or_slo_miss: completed=46/75 errors=29 elapsed_ms=1051.8'),1
FANOUT,K75,Exception('timeout_or_slo_miss: completed=50/75 errors=25 elapsed_ms=1010.2'),3
FANOUT,K75,Exception('timeout_or_slo_miss: completed=49/75 errors=24 elapsed_ms=1519.9'),1
FANOUT,K75,Exception('timeout_or_slo_miss: completed=51/75 errors=22 elapsed_ms=1603.4'),1
FANOUT,K75,Exception('timeout_or_slo_miss: completed=55/75 errors=20 elapsed_ms=1015.0'),1
FANOUT,K75,Exception('timeout_or_slo_miss: completed=48/75 errors=25 elapsed_ms=1621.8'),1
FANOUT,K75,Exception('timeout_or_slo_miss: completed=46/75 errors=19 elapsed_ms=1861.5'),1
FANOUT,K75,Exception('timeout_or_slo_miss: completed=51/75 errors=24 elapsed_ms=1009.6'),1
FANOUT,K75,Exception('timeout_or_slo_miss: completed=54/75 errors=21 elapsed_ms=1005.8'),1
FANOUT,K75,Exception('timeout_or_slo_miss: completed=43/75 errors=32 elapsed_ms=1026.5'),1
FANOUT,K75,Exception('timeout_or_slo_miss: completed=51/75 errors=24 elapsed_ms=1010.7'),1
FANOUT,K75,Exception('timeout_or_slo_miss: completed=40/75 errors=35 elapsed_ms=1140.7'),1
FANOUT,K75,Exception('timeout_or_slo_miss: completed=51/75 errors=24 elapsed_ms=1012.0'),2
FANOUT,K75,Exception('timeout_or_slo_miss: completed=54/75 errors=21 elapsed_ms=1004.1'),3
FANOUT,K75,Exception('timeout_or_slo_miss: completed=42/75 errors=33 elapsed_ms=1091.9'),1
FANOUT,K75,Exception('timeout_or_slo_miss: completed=52/75 errors=21 elapsed_ms=1523.1'),1
FANOUT,K75,Exception('timeout_or_slo_miss: completed=43/75 errors=32 elapsed_ms=1132.9'),1
FANOUT,K75,Exception('timeout_or_slo_miss: completed=44/75 errors=31 elapsed_ms=1009.7'),1
FANOUT,K75,Exception('timeout_or_slo_miss: completed=48/75 errors=27 elapsed_ms=1009.0'),4
FANOUT,K75,Exception('timeout_or_slo_miss: completed=48/75 errors=17 elapsed_ms=1755.8'),1
FANOUT,K75,Exception('timeout_or_slo_miss: completed=53/75 errors=22 elapsed_ms=1009.2'),2
FANOUT,K75,Exception('timeout_or_slo_miss: completed=47/75 errors=28 elapsed_ms=1023.2'),1
FANOUT,K75,Exception('timeout_or_slo_miss: completed=49/75 errors=24 elapsed_ms=1515.2'),1
FANOUT,K75,Exception('timeout_or_slo_miss: completed=50/75 errors=23 elapsed_ms=1514.1'),1
FANOUT,K75,Exception('timeout_or_slo_miss: completed=28/75 errors=27 elapsed_ms=10450.9'),1
FANOUT,K75,Exception('timeout_or_slo_miss: completed=53/75 errors=22 elapsed_ms=1006.1'),6
FANOUT,K75,Exception('timeout_or_slo_miss: completed=51/75 errors=24 elapsed_ms=1001.9'),1
FANOUT,K75,Exception('timeout_or_slo_miss: completed=44/75 errors=31 elapsed_ms=1140.3'),1
FANOUT,K75,Exception('timeout_or_slo_miss: completed=48/75 errors=27 elapsed_ms=1017.5'),1
FANOUT,K75,Exception('timeout_or_slo_miss: completed=51/75 errors=14 elapsed_ms=1663.7'),1
FANOUT,K75,Exception('timeout_or_slo_miss: completed=51/75 errors=24 elapsed_ms=1007.8'),1
FANOUT,K75,Exception('timeout_or_slo_miss: completed=55/75 errors=20 elapsed_ms=1002.3'),5
FANOUT,K75,Exception('timeout_or_slo_miss: completed=47/75 errors=28 elapsed_ms=1022.3'),2
FANOUT,K75,Exception('timeout_or_slo_miss: completed=47/75 errors=28 elapsed_ms=1016.3'),2
FANOUT,K75,Exception('timeout_or_slo_miss: completed=50/75 errors=25 elapsed_ms=1099.9'),1
FANOUT,K75,Exception('timeout_or_slo_miss: completed=42/75 errors=33 elapsed_ms=1113.3'),1
FANOUT,K75,Exception('timeout_or_slo_miss: completed=48/75 errors=25 elapsed_ms=1575.6'),1
FANOUT,K75,Exception('timeout_or_slo_miss: completed=46/75 errors=29 elapsed_ms=1122.6'),1
FANOUT,K75,Exception('timeout_or_slo_miss: completed=53/75 errors=22 elapsed_ms=1008.7'),2
FANOUT,K75,Exception('timeout_or_slo_miss: completed=50/75 errors=25 elapsed_ms=1014.8'),1
FANOUT,K75,Exception('timeout_or_slo_miss: completed=49/75 errors=16 elapsed_ms=1774.1'),1
FANOUT,K75,Exception('timeout_or_slo_miss: completed=45/75 errors=30 elapsed_ms=1121.5'),1
FANOUT,K75,Exception('timeout_or_slo_miss: completed=49/75 errors=26 elapsed_ms=1016.3'),1
FANOUT,K75,Exception('timeout_or_slo_miss: completed=43/75 errors=32 elapsed_ms=1106.4'),1
FANOUT,K75,Exception('timeout_or_slo_miss: completed=51/75 errors=14 elapsed_ms=1737.7'),1
FANOUT,K75,Exception('timeout_or_slo_miss: completed=40/75 errors=35 elapsed_ms=1212.9'),1
FANOUT,K75,Exception('timeout_or_slo_miss: completed=45/75 errors=30 elapsed_ms=1008.5'),1
FANOUT,K75,Exception('timeout_or_slo_miss: completed=45/75 errors=30 elapsed_ms=1112.9'),1
FANOUT,K75,Exception('timeout_or_slo_miss: completed=54/75 errors=19 elapsed_ms=1506.9'),1
FANOUT,K75,Exception('timeout_or_slo_miss: completed=46/75 errors=29 elapsed_ms=1128.7'),1
FANOUT,K75,Exception('timeout_or_slo_miss: completed=55/75 errors=20 elapsed_ms=1004.3'),2
FANOUT,K75,Exception('timeout_or_slo_miss: completed=45/75 errors=20 elapsed_ms=2009.2'),1
FANOUT,K75,Exception('timeout_or_slo_miss: completed=52/75 errors=23 elapsed_ms=1007.6'),4
FANOUT,K75,Exception('timeout_or_slo_miss: completed=50/75 errors=23 elapsed_ms=1518.6'),1
FANOUT,K75,Exception('timeout_or_slo_miss: completed=45/75 errors=30 elapsed_ms=1504.0'),1
FANOUT,K75,Exception('timeout_or_slo_miss: completed=45/75 errors=30 elapsed_ms=1123.0'),1
FANOUT,K75,Exception('timeout_or_slo_miss: completed=46/75 errors=29 elapsed_ms=1088.9'),2
FANOUT,K75,Exception('timeout_or_slo_miss: completed=52/75 errors=23 elapsed_ms=1008.1'),2
FANOUT,K75,Exception('timeout_or_slo_miss: completed=55/75 errors=18 elapsed_ms=1508.0'),1
FANOUT,K75,Exception('timeout_or_slo_miss: completed=49/75 errors=26 elapsed_ms=1008.7'),2
FANOUT,K75,Exception('timeout_or_slo_miss: completed=47/75 errors=28 elapsed_ms=1006.7'),2
FANOUT,K75,Exception('timeout_or_slo_miss: completed=50/75 errors=25 elapsed_ms=1010.9'),6
FANOUT,K75,Exception('timeout_or_slo_miss: completed=48/75 errors=27 elapsed_ms=1006.5'),2
FANOUT,K75,Exception('timeout_or_slo_miss: completed=52/75 errors=13 elapsed_ms=1651.0'),1
FANOUT,K75,Exception('timeout_or_slo_miss: completed=49/75 errors=26 elapsed_ms=1005.3'),3
FANOUT,K75,Exception('timeout_or_slo_miss: completed=43/75 errors=32 elapsed_ms=1013.9'),1
FANOUT,K75,Exception('timeout_or_slo_miss: completed=53/75 errors=12 elapsed_ms=1619.0'),1
FANOUT,K75,Exception('timeout_or_slo_miss: completed=46/75 errors=29 elapsed_ms=1087.2'),1
FANOUT,K75,Exception('timeout_or_slo_miss: completed=59/75 errors=6 elapsed_ms=1205.6'),1
FANOUT,K75,Exception('timeout_or_slo_miss: completed=52/75 errors=23 elapsed_ms=1005.2'),3
FANOUT,K75,Exception('timeout_or_slo_miss: completed=48/75 errors=27 elapsed_ms=1117.7'),1
FANOUT,K75,Exception('timeout_or_slo_miss: completed=54/75 errors=21 elapsed_ms=1001.8'),4
FANOUT,K75,Exception('timeout_or_slo_miss: completed=43/75 errors=32 elapsed_ms=1108.3'),1
FANOUT,K75,Exception('timeout_or_slo_miss: completed=48/75 errors=17 elapsed_ms=1848.9'),1
FANOUT,K75,Exception('timeout_or_slo_miss: completed=47/75 errors=28 elapsed_ms=1121.4'),2
FANOUT,K75,Exception('timeout_or_slo_miss: completed=46/75 errors=29 elapsed_ms=1012.2'),1
FANOUT,K75,Exception('timeout_or_slo_miss: completed=43/75 errors=32 elapsed_ms=1098.4'),1
FANOUT,K75,Exception('timeout_or_slo_miss: completed=45/75 errors=20 elapsed_ms=2010.3'),1
FANOUT,K75,Exception('timeout_or_slo_miss: completed=48/75 errors=27 elapsed_ms=1006.8'),1
FANOUT,K75,Exception('timeout_or_slo_miss: completed=51/75 errors=24 elapsed_ms=1010.6'),1
FANOUT,K75,Exception('timeout_or_slo_miss: completed=41/75 errors=34 elapsed_ms=1124.1'),1
FANOUT,K75,Exception('timeout_or_slo_miss: completed=43/75 errors=15 elapsed_ms=3407.7'),1
FANOUT,K75,Exception('timeout_or_slo_miss: completed=60/75 errors=13 elapsed_ms=1283.6'),1
FANOUT,K75,Exception('timeout_or_slo_miss: completed=49/75 errors=26 elapsed_ms=1006.6'),3
FANOUT,K75,Exception('timeout_or_slo_miss: completed=49/75 errors=26 elapsed_ms=1115.6'),1
FANOUT,K75,Exception('timeout_or_slo_miss: completed=45/75 errors=30 elapsed_ms=1075.3'),1
FANOUT,K75,Exception('timeout_or_slo_miss: completed=47/75 errors=28 elapsed_ms=1069.0'),1
FANOUT,K75,Exception('timeout_or_slo_miss: completed=55/75 errors=20 elapsed_ms=1003.2'),3
FANOUT,K75,Exception('timeout_or_slo_miss: completed=43/75 errors=32 elapsed_ms=1110.0'),1
FANOUT,K75,Exception('timeout_or_slo_miss: completed=40/75 errors=35 elapsed_ms=1146.8'),1
FANOUT,K75,Exception('timeout_or_slo_miss: completed=53/75 errors=22 elapsed_ms=1005.7'),2
FANOUT,K75,Exception('timeout_or_slo_miss: completed=55/75 errors=10 elapsed_ms=1418.1'),1
FANOUT,K75,Exception('timeout_or_slo_miss: completed=46/75 errors=19 elapsed_ms=2018.3'),1
FANOUT,K75,Exception('timeout_or_slo_miss: completed=46/75 errors=27 elapsed_ms=1655.7'),1
FANOUT,K75,Exception('timeout_or_slo_miss: completed=51/75 errors=24 elapsed_ms=1006.6'),4
FANOUT,K75,Exception('timeout_or_slo_miss: completed=53/75 errors=12 elapsed_ms=1573.3'),1
FANOUT,K75,Exception('timeout_or_slo_miss: completed=51/75 errors=24 elapsed_ms=1009.4'),2
FANOUT,K75,Exception('timeout_or_slo_miss: completed=49/75 errors=26 elapsed_ms=1010.0'),5
FANOUT,K75,Exception('timeout_or_slo_miss: completed=50/75 errors=25 elapsed_ms=1004.5'),1
FANOUT,K75,Exception('timeout_or_slo_miss: completed=55/75 errors=20 elapsed_ms=1004.0'),1
FANOUT,K75,Exception('timeout_or_slo_miss: completed=49/75 errors=26 elapsed_ms=1084.2'),1
FANOUT,K75,Exception('timeout_or_slo_miss: completed=49/75 errors=16 elapsed_ms=1751.7'),1
FANOUT,K75,Exception('timeout_or_slo_miss: completed=44/75 errors=31 elapsed_ms=1153.4'),1
FANOUT,K75,Exception('timeout_or_slo_miss: completed=51/75 errors=24 elapsed_ms=1007.3'),8
FANOUT,K75,Exception('timeout_or_slo_miss: completed=53/75 errors=22 elapsed_ms=1002.1'),5
FANOUT,K75,Exception('timeout_or_slo_miss: completed=44/75 errors=31 elapsed_ms=1090.8'),1
FANOUT,K75,Exception('timeout_or_slo_miss: completed=45/75 errors=30 elapsed_ms=1123.5'),1
FANOUT,K75,Exception('timeout_or_slo_miss: completed=52/75 errors=13 elapsed_ms=1718.1'),1
FANOUT,K75,Exception('timeout_or_slo_miss: completed=49/75 errors=26 elapsed_ms=1020.7'),1
FANOUT,K75,Exception('timeout_or_slo_miss: completed=48/75 errors=27 elapsed_ms=1009.9'),3
FANOUT,K75,Exception('timeout_or_slo_miss: completed=46/75 errors=29 elapsed_ms=1084.3'),1
FANOUT,K75,Exception('timeout_or_slo_miss: completed=45/75 errors=30 elapsed_ms=1100.9'),1
FANOUT,K75,Exception('subread_error: completed=61/75 errors=14'),8
FANOUT,K75,Exception('timeout_or_slo_miss: completed=51/75 errors=24 elapsed_ms=1005.7'),8
FANOUT,K75,Exception('timeout_or_slo_miss: completed=52/75 errors=23 elapsed_ms=1009.1'),3
FANOUT,K75,Exception('timeout_or_slo_miss: completed=47/75 errors=28 elapsed_ms=1131.4'),1
FANOUT,K75,Exception('timeout_or_slo_miss: completed=49/75 errors=26 elapsed_ms=1012.5'),1
FANOUT,K75,Exception('timeout_or_slo_miss: completed=54/75 errors=11 elapsed_ms=1527.0'),1
FANOUT,K75,Exception('timeout_or_slo_miss: completed=54/75 errors=19 elapsed_ms=1506.6'),1
FANOUT,K75,Exception('timeout_or_slo_miss: completed=49/75 errors=26 elapsed_ms=1010.9'),3
FANOUT,K75,Exception('timeout_or_slo_miss: completed=47/75 errors=28 elapsed_ms=1004.3'),1
FANOUT,K75,Exception('timeout_or_slo_miss: completed=48/75 errors=27 elapsed_ms=1007.3'),3
FANOUT,K75,Exception('timeout_or_slo_miss: completed=43/75 errors=32 elapsed_ms=1135.0'),1
FANOUT,K75,Exception('timeout_or_slo_miss: completed=52/75 errors=11 elapsed_ms=2424.3'),1
FANOUT,K75,Exception('timeout_or_slo_miss: completed=48/75 errors=27 elapsed_ms=1011.2'),1
FANOUT,K75,Exception('timeout_or_slo_miss: completed=50/75 errors=25 elapsed_ms=1010.7'),2
FANOUT,K75,Exception('timeout_or_slo_miss: completed=47/75 errors=28 elapsed_ms=1014.9'),1
FANOUT,K75,Exception('timeout_or_slo_miss: completed=47/75 errors=28 elapsed_ms=1015.2'),1
FANOUT,K75,Exception('timeout_or_slo_miss: completed=51/75 errors=22 elapsed_ms=1584.3'),1
FANOUT,K75,Exception('timeout_or_slo_miss: completed=44/75 errors=31 elapsed_ms=1117.6'),2
FANOUT,K75,Exception('timeout_or_slo_miss: completed=48/75 errors=21 elapsed_ms=1915.6'),1
FANOUT,K75,Exception('timeout_or_slo_miss: completed=45/75 errors=30 elapsed_ms=1113.0'),1
FANOUT,K75,Exception('timeout_or_slo_miss: completed=46/75 errors=29 elapsed_ms=1119.3'),1
FANOUT,K75,Exception('timeout_or_slo_miss: completed=51/75 errors=24 elapsed_ms=1009.1'),2
FANOUT,K75,Exception('timeout_or_slo_miss: completed=51/75 errors=24 elapsed_ms=1004.7'),3
FANOUT,K75,Exception('timeout_or_slo_miss: completed=49/75 errors=26 elapsed_ms=1023.3'),1
FANOUT,K75,Exception('subread_error: completed=59/75 errors=16'),26
FANOUT,K75,Exception('timeout_or_slo_miss: completed=48/75 errors=27 elapsed_ms=1040.5'),1
FANOUT,K75,Exception('timeout_or_slo_miss: completed=42/75 errors=33 elapsed_ms=1148.8'),1
FANOUT,K75,Exception('timeout_or_slo_miss: completed=47/75 errors=28 elapsed_ms=1095.9'),1
FANOUT,K75,Exception('timeout_or_slo_miss: completed=45/75 errors=30 elapsed_ms=1015.4'),1
FANOUT,K75,Exception('timeout_or_slo_miss: completed=61/75 errors=0 elapsed_ms=1277.3'),1
FANOUT,K75,Exception('timeout_or_slo_miss: completed=51/75 errors=24 elapsed_ms=1005.4'),7
FANOUT,K75,Exception('timeout_or_slo_miss: completed=53/75 errors=22 elapsed_ms=1009.4'),1
FANOUT,K75,Exception('timeout_or_slo_miss: completed=46/75 errors=29 elapsed_ms=1015.3'),1
FANOUT,K75,Exception('timeout_or_slo_miss: completed=51/75 errors=14 elapsed_ms=1714.0'),1
FANOUT,K75,Exception('timeout_or_slo_miss: completed=41/75 errors=32 elapsed_ms=1774.1'),1
FANOUT,K75,Exception('timeout_or_slo_miss: completed=53/75 errors=20 elapsed_ms=1506.9'),1
FANOUT,K75,Exception('timeout_or_slo_miss: completed=46/75 errors=29 elapsed_ms=1006.8'),1
FANOUT,K75,Exception('timeout_or_slo_miss: completed=48/75 errors=27 elapsed_ms=1008.5'),2
FANOUT,K75,Exception('timeout_or_slo_miss: completed=43/75 errors=32 elapsed_ms=1010.6'),1
FANOUT,K75,Exception('timeout_or_slo_miss: completed=42/75 errors=33 elapsed_ms=1012.1'),1
FANOUT,K75,Exception('timeout_or_slo_miss: completed=47/75 errors=28 elapsed_ms=1012.0'),3
FANOUT,K75,Exception('timeout_or_slo_miss: completed=43/75 errors=32 elapsed_ms=1142.5'),1
FANOUT,K75,Exception('timeout_or_slo_miss: completed=51/75 errors=24 elapsed_ms=1008.0'),9
FANOUT,K75,Exception('timeout_or_slo_miss: completed=42/75 errors=33 elapsed_ms=1110.8'),1
FANOUT,K75,Exception('timeout_or_slo_miss: completed=44/75 errors=31 elapsed_ms=1016.0'),1
FANOUT,K75,Exception('timeout_or_slo_miss: completed=48/75 errors=27 elapsed_ms=1109.2'),1
FANOUT,K75,Exception('timeout_or_slo_miss: completed=52/75 errors=23 elapsed_ms=1003.9'),3
FANOUT,K75,Exception('timeout_or_slo_miss: completed=46/75 errors=29 elapsed_ms=1008.5'),1
FANOUT,K75,Exception('timeout_or_slo_miss: completed=50/75 errors=25 elapsed_ms=1008.5'),4
FANOUT,K75,Exception('timeout_or_slo_miss: completed=51/75 errors=24 elapsed_ms=1004.1'),3
FANOUT,K75,Exception('timeout_or_slo_miss: completed=44/75 errors=31 elapsed_ms=1100.0'),1
FANOUT,K75,Exception('timeout_or_slo_miss: completed=52/75 errors=23 elapsed_ms=1006.2'),1
FANOUT,K75,Exception('timeout_or_slo_miss: completed=46/75 errors=29 elapsed_ms=1013.2'),3
FANOUT,K75,Exception('timeout_or_slo_miss: completed=52/75 errors=23 elapsed_ms=1008.5'),1
FANOUT,K75,Exception('timeout_or_slo_miss: completed=42/75 errors=33 elapsed_ms=1122.7'),1
FANOUT,K75,Exception('timeout_or_slo_miss: completed=48/75 errors=27 elapsed_ms=1101.4'),1
FANOUT,K75,Exception('timeout_or_slo_miss: completed=53/75 errors=22 elapsed_ms=1010.0'),2
FANOUT,K75,Exception('timeout_or_slo_miss: completed=53/75 errors=22 elapsed_ms=1006.7'),4
FANOUT,K75,Exception('timeout_or_slo_miss: completed=45/75 errors=30 elapsed_ms=1009.9'),1
FANOUT,K75,Exception('timeout_or_slo_miss: completed=48/75 errors=27 elapsed_ms=1100.5'),1
FANOUT,K75,Exception('timeout_or_slo_miss: completed=55/75 errors=10 elapsed_ms=1513.1'),1
FANOUT,K75,Exception('timeout_or_slo_miss: completed=46/75 errors=29 elapsed_ms=1013.3'),1
FANOUT,K75,Exception('timeout_or_slo_miss: completed=45/75 errors=30 elapsed_ms=1089.1'),1
FANOUT,K75,Exception('timeout_or_slo_miss: completed=44/75 errors=31 elapsed_ms=1128.7'),1
FANOUT,K75,Exception('timeout_or_slo_miss: completed=49/75 errors=9 elapsed_ms=2866.0'),1
FANOUT,K75,Exception('timeout_or_slo_miss: completed=52/75 errors=23 elapsed_ms=1006.4'),4
FANOUT,K75,Exception('timeout_or_slo_miss: completed=48/75 errors=27 elapsed_ms=1505.3'),1
FANOUT,K75,Exception('timeout_or_slo_miss: completed=50/75 errors=25 elapsed_ms=1007.2'),1
FANOUT,K75,Exception('timeout_or_slo_miss: completed=49/75 errors=26 elapsed_ms=1085.9'),1
FANOUT,K75,Exception('timeout_or_slo_miss: completed=54/75 errors=21 elapsed_ms=1004.5'),6
FANOUT,K75,Exception('timeout_or_slo_miss: completed=52/75 errors=21 elapsed_ms=1507.4'),2
FANOUT,K75,Exception('timeout_or_slo_miss: completed=52/75 errors=23 elapsed_ms=1004.4'),6
FANOUT,K75,Exception('timeout_or_slo_miss: completed=40/75 errors=35 elapsed_ms=1128.6'),1
FANOUT,K75,Exception('timeout_or_slo_miss: completed=54/75 errors=21 elapsed_ms=1009.6'),2
FANOUT,K75,Exception('timeout_or_slo_miss: completed=46/75 errors=29 elapsed_ms=1011.2'),2
FANOUT,K75,Exception('timeout_or_slo_miss: completed=44/75 errors=31 elapsed_ms=1102.9'),1
FANOUT,K75,Exception('timeout_or_slo_miss: completed=50/75 errors=23 elapsed_ms=1509.9'),1
FANOUT,K75,Exception('timeout_or_slo_miss: completed=43/75 errors=32 elapsed_ms=1190.5'),1
FANOUT,K75,Exception('timeout_or_slo_miss: completed=54/75 errors=11 elapsed_ms=1645.4'),1
FANOUT,K75,Exception('timeout_or_slo_miss: completed=54/75 errors=19 elapsed_ms=1506.1'),1
FANOUT,K75,Exception('timeout_or_slo_miss: completed=51/75 errors=24 elapsed_ms=1028.1'),1
FANOUT,K75,Exception('timeout_or_slo_miss: completed=49/75 errors=26 elapsed_ms=1013.3'),3
FANOUT,K75,Exception('timeout_or_slo_miss: completed=48/75 errors=27 elapsed_ms=1019.3'),1
FANOUT,K75,Exception('timeout_or_slo_miss: completed=53/75 errors=22 elapsed_ms=1004.6'),6
FANOUT,K75,Exception('timeout_or_slo_miss: completed=49/75 errors=26 elapsed_ms=1012.6'),7
FANOUT,K75,Exception('timeout_or_slo_miss: completed=48/75 errors=27 elapsed_ms=1016.8'),1
FANOUT,K75,Exception('timeout_or_slo_miss: completed=45/75 errors=30 elapsed_ms=1112.4'),1
FANOUT,K75,Exception('timeout_or_slo_miss: completed=47/75 errors=11 elapsed_ms=3245.2'),1
FANOUT,K75,Exception('timeout_or_slo_miss: completed=43/75 errors=32 elapsed_ms=1015.7'),2
FANOUT,K75,Exception('timeout_or_slo_miss: completed=45/75 errors=28 elapsed_ms=1665.7'),1
FANOUT,K75,Exception('timeout_or_slo_miss: completed=55/75 errors=18 elapsed_ms=1508.1'),1
FANOUT,K75,Exception('timeout_or_slo_miss: completed=51/75 errors=24 elapsed_ms=1010.1'),1
FANOUT,K75,Exception('timeout_or_slo_miss: completed=46/75 errors=29 elapsed_ms=1091.0'),1
FANOUT,K75,Exception('timeout_or_slo_miss: completed=42/75 errors=33 elapsed_ms=1104.5'),1
FANOUT,K75,Exception('timeout_or_slo_miss: completed=52/75 errors=23 elapsed_ms=1001.8'),1
FANOUT,K75,Exception('timeout_or_slo_miss: completed=47/75 errors=28 elapsed_ms=1110.1'),1
FANOUT,K75,Exception('timeout_or_slo_miss: completed=49/75 errors=16 elapsed_ms=1739.0'),1
FANOUT,K75,Exception('timeout_or_slo_miss: completed=46/75 errors=29 elapsed_ms=1074.0'),1
FANOUT,K75,Exception('timeout_or_slo_miss: completed=47/75 errors=28 elapsed_ms=1008.9'),1
FANOUT,K75,Exception('timeout_or_slo_miss: completed=43/75 errors=32 elapsed_ms=1124.5'),1
FANOUT,K75,Exception('timeout_or_slo_miss: completed=49/75 errors=26 elapsed_ms=1011.6'),1
FANOUT,K75,Exception('timeout_or_slo_miss: completed=55/75 errors=20 elapsed_ms=1006.9'),1
FANOUT,K75,Exception('timeout_or_slo_miss: completed=48/75 errors=10 elapsed_ms=3112.9'),1
FANOUT,K75,Exception('timeout_or_slo_miss: completed=49/75 errors=26 elapsed_ms=1014.2'),2
FANOUT,K75,Exception('timeout_or_slo_miss: completed=41/75 errors=24 elapsed_ms=2047.8'),1
FANOUT,K75,Exception('timeout_or_slo_miss: completed=49/75 errors=26 elapsed_ms=1008.0'),2
FANOUT,K75,Exception('timeout_or_slo_miss: completed=42/75 errors=33 elapsed_ms=1077.0'),1
FANOUT,K75,Exception('timeout_or_slo_miss: completed=47/75 errors=26 elapsed_ms=1616.0'),1
FANOUT,K75,Exception('timeout_or_slo_miss: completed=47/75 errors=26 elapsed_ms=1592.6'),1
FANOUT,K75,Exception('timeout_or_slo_miss: completed=47/75 errors=28 elapsed_ms=1013.8'),1
FANOUT,K75,Exception('timeout_or_slo_miss: completed=52/75 errors=23 elapsed_ms=1005.6'),3
FANOUT,K75,Exception('timeout_or_slo_miss: completed=45/75 errors=30 elapsed_ms=1050.8'),1
FANOUT,K75,Exception('timeout_or_slo_miss: completed=51/75 errors=24 elapsed_ms=1013.4'),1
FANOUT,K75,Exception('timeout_or_slo_miss: completed=45/75 errors=30 elapsed_ms=1014.8'),1
FANOUT,K75,Exception('timeout_or_slo_miss: completed=51/75 errors=14 elapsed_ms=1723.1'),1
FANOUT,K75,Exception('timeout_or_slo_miss: completed=48/75 errors=27 elapsed_ms=1006.1'),2
FANOUT,K75,Exception('timeout_or_slo_miss: completed=45/75 errors=30 elapsed_ms=1115.7'),1
FANOUT,K75,Exception('timeout_or_slo_miss: completed=52/75 errors=23 elapsed_ms=1009.0'),3
FANOUT,K75,Exception('timeout_or_slo_miss: completed=54/75 errors=21 elapsed_ms=1003.0'),6
FANOUT,K75,Exception('timeout_or_slo_miss: completed=48/75 errors=27 elapsed_ms=1008.2'),2
FANOUT,K75,Exception('timeout_or_slo_miss: completed=45/75 errors=30 elapsed_ms=1115.2'),1
FANOUT,K75,Exception('timeout_or_slo_miss: completed=49/75 errors=26 elapsed_ms=1005.6'),1
FANOUT,K75,Exception('timeout_or_slo_miss: completed=54/75 errors=21 elapsed_ms=1012.5'),1
FANOUT,K75,Exception('timeout_or_slo_miss: completed=53/75 errors=22 elapsed_ms=1007.7'),7
FANOUT,K75,Exception('timeout_or_slo_miss: completed=41/75 errors=34 elapsed_ms=1135.0'),2
FANOUT,K75,Exception('timeout_or_slo_miss: completed=48/75 errors=27 elapsed_ms=1006.6'),1
FANOUT,K75,Exception('timeout_or_slo_miss: completed=49/75 errors=26 elapsed_ms=1010.4'),4
FANOUT,K75,Exception('timeout_or_slo_miss: completed=46/75 errors=29 elapsed_ms=1129.8'),1
FANOUT,K75,Exception('timeout_or_slo_miss: completed=45/75 errors=30 elapsed_ms=1008.9'),1
FANOUT,K75,Exception('timeout_or_slo_miss: completed=48/75 errors=27 elapsed_ms=1106.6'),1
FANOUT,K75,Exception('timeout_or_slo_miss: completed=54/75 errors=21 elapsed_ms=1014.6'),1
FANOUT,K75,Exception('timeout_or_slo_miss: completed=45/75 errors=30 elapsed_ms=1143.0'),1
FANOUT,K75,Exception('timeout_or_slo_miss: completed=46/75 errors=29 elapsed_ms=1010.1'),1
FANOUT,K75,Exception('timeout_or_slo_miss: completed=52/75 errors=23 elapsed_ms=1048.4'),1
FANOUT,K75,Exception('timeout_or_slo_miss: completed=41/75 errors=34 elapsed_ms=1142.1'),1
FANOUT,K75,Exception('timeout_or_slo_miss: completed=48/75 errors=27 elapsed_ms=1087.4'),1
FANOUT,K75,Exception('timeout_or_slo_miss: completed=49/75 errors=24 elapsed_ms=1596.2'),1
FANOUT,K75,Exception('timeout_or_slo_miss: completed=48/75 errors=27 elapsed_ms=1102.0'),1
FANOUT,K75,Exception('timeout_or_slo_miss: completed=51/75 errors=7 elapsed_ms=2356.9'),1
FANOUT,K75,Exception('timeout_or_slo_miss: completed=49/75 errors=26 elapsed_ms=1012.4'),1
FANOUT,K75,Exception('timeout_or_slo_miss: completed=45/75 errors=30 elapsed_ms=1091.8'),1
FANOUT,K75,Exception('timeout_or_slo_miss: completed=46/75 errors=29 elapsed_ms=1012.4'),1
FANOUT,K75,Exception('timeout_or_slo_miss: completed=49/75 errors=26 elapsed_ms=1010.6'),3
FANOUT,K75,Exception('timeout_or_slo_miss: completed=51/75 errors=24 elapsed_ms=1010.4'),5
FANOUT,K75,Exception('timeout_or_slo_miss: completed=48/75 errors=27 elapsed_ms=1010.4'),4
FANOUT,K75,Exception('timeout_or_slo_miss: completed=52/75 errors=23 elapsed_ms=1007.5'),5
FANOUT,K75,Exception('timeout_or_slo_miss: completed=48/75 errors=27 elapsed_ms=1082.0'),1
FANOUT,K75,Exception('timeout_or_slo_miss: completed=50/75 errors=15 elapsed_ms=1649.9'),1
FANOUT,K75,Exception('timeout_or_slo_miss: completed=45/75 errors=30 elapsed_ms=1108.2'),1
FANOUT,K75,Exception('timeout_or_slo_miss: completed=52/75 errors=23 elapsed_ms=1003.8'),5
FANOUT,K75,Exception('timeout_or_slo_miss: completed=48/75 errors=27 elapsed_ms=1007.4'),1
FANOUT,K75,Exception('timeout_or_slo_miss: completed=52/75 errors=23 elapsed_ms=1003.4'),3
FANOUT,K75,Exception('timeout_or_slo_miss: completed=48/75 errors=27 elapsed_ms=1095.8'),1
FANOUT,K75,Exception('timeout_or_slo_miss: completed=49/75 errors=26 elapsed_ms=1087.9'),1
FANOUT,K75,Exception('timeout_or_slo_miss: completed=47/75 errors=28 elapsed_ms=1127.2'),1
FANOUT,K75,Exception('timeout_or_slo_miss: completed=50/75 errors=23 elapsed_ms=1521.7'),1
FANOUT,K75,Exception('timeout_or_slo_miss: completed=47/75 errors=28 elapsed_ms=1009.5'),1
FANOUT,K75,Exception('timeout_or_slo_miss: completed=48/75 errors=27 elapsed_ms=1006.2'),2
FANOUT,K75,Exception('timeout_or_slo_miss: completed=39/75 errors=36 elapsed_ms=1146.5'),1
FANOUT,K75,Exception('timeout_or_slo_miss: completed=50/75 errors=25 elapsed_ms=1019.1'),1
FANOUT,K75,Exception('timeout_or_slo_miss: completed=43/75 errors=30 elapsed_ms=1657.9'),1
FANOUT,K75,Exception('timeout_or_slo_miss: completed=50/75 errors=23 elapsed_ms=1517.5'),1
FANOUT,K75,Exception('timeout_or_slo_miss: completed=48/75 errors=27 elapsed_ms=1014.1'),1
FANOUT,K75,Exception('timeout_or_slo_miss: completed=49/75 errors=26 elapsed_ms=1020.4'),1
FANOUT,K75,Exception('timeout_or_slo_miss: completed=55/75 errors=18 elapsed_ms=1503.2'),1
FANOUT,K75,Exception('timeout_or_slo_miss: completed=50/75 errors=25 elapsed_ms=1077.8'),1
FANOUT,K75,Exception('timeout_or_slo_miss: completed=44/75 errors=31 elapsed_ms=1134.6'),1
FANOUT,K75,Exception('timeout_or_slo_miss: completed=45/75 errors=30 elapsed_ms=1084.8'),1
FANOUT,K75,Exception('timeout_or_slo_miss: completed=48/75 errors=27 elapsed_ms=1014.6'),2
FANOUT,K75,Exception('timeout_or_slo_miss: completed=49/75 errors=24 elapsed_ms=1513.0'),1
FANOUT,K75,Exception('timeout_or_slo_miss: completed=54/75 errors=19 elapsed_ms=1510.3'),1
FANOUT,K75,Exception('timeout_or_slo_miss: completed=51/75 errors=24 elapsed_ms=1009.2'),1
FANOUT,K75,Exception('timeout_or_slo_miss: completed=50/75 errors=25 elapsed_ms=1010.5'),5
FANOUT,K75,Exception('timeout_or_slo_miss: completed=50/75 errors=23 elapsed_ms=1509.2'),1
FANOUT,K75,Exception('timeout_or_slo_miss: completed=53/75 errors=22 elapsed_ms=1004.9'),2
FANOUT,K75,Exception('timeout_or_slo_miss: completed=47/75 errors=28 elapsed_ms=1104.2'),1
FANOUT,K75,Exception('timeout_or_slo_miss: completed=49/75 errors=26 elapsed_ms=1010.8'),3
FANOUT,K75,Exception('timeout_or_slo_miss: completed=50/75 errors=25 elapsed_ms=1012.3'),1
FANOUT,K75,Exception('timeout_or_slo_miss: completed=55/75 errors=10 elapsed_ms=1687.2'),1
FANOUT,K75,Exception('timeout_or_slo_miss: completed=49/75 errors=26 elapsed_ms=1006.2'),2
FANOUT,K75,Exception('timeout_or_slo_miss: completed=61/75 errors=4 elapsed_ms=1166.4'),1
FANOUT,K75,Exception('timeout_or_slo_miss: completed=49/75 errors=26 elapsed_ms=1009.1'),4
FANOUT,K75,Exception('timeout_or_slo_miss: completed=46/75 errors=29 elapsed_ms=1018.3'),1
FANOUT,K75,Exception('timeout_or_slo_miss: completed=45/75 errors=30 elapsed_ms=1032.3'),1
FANOUT,K75,Exception('timeout_or_slo_miss: completed=41/75 errors=34 elapsed_ms=1132.6'),1
FANOUT,K75,Exception('timeout_or_slo_miss: completed=44/75 errors=14 elapsed_ms=3725.5'),1
FANOUT,K75,Exception('timeout_or_slo_miss: completed=45/75 errors=30 elapsed_ms=1108.0'),1
FANOUT,K75,Exception('timeout_or_slo_miss: completed=44/75 errors=31 elapsed_ms=1101.7'),1
FANOUT,K75,Exception('timeout_or_slo_miss: completed=44/75 errors=31 elapsed_ms=1114.0'),1
FANOUT,K75,Exception('timeout_or_slo_miss: completed=49/75 errors=26 elapsed_ms=1006.0'),4
FANOUT,K75,Exception('timeout_or_slo_miss: completed=43/75 errors=30 elapsed_ms=1640.5'),1
FANOUT,K75,Exception('subread_error: completed=58/75 errors=17'),45
FANOUT,K75,Exception('timeout_or_slo_miss: completed=57/75 errors=16 elapsed_ms=1284.0'),1
FANOUT,K75,Exception('timeout_or_slo_miss: completed=44/75 errors=31 elapsed_ms=1144.9'),1
FANOUT,K75,Exception('timeout_or_slo_miss: completed=47/75 errors=28 elapsed_ms=1010.9'),1
FANOUT,K75,Exception('timeout_or_slo_miss: completed=47/75 errors=28 elapsed_ms=1095.0'),1
FANOUT,K75,Exception('timeout_or_slo_miss: completed=52/75 errors=23 elapsed_ms=1001.7'),1
FANOUT,K75,Exception('timeout_or_slo_miss: completed=48/75 errors=27 elapsed_ms=1017.9'),1
FANOUT,K75,Exception('timeout_or_slo_miss: completed=48/75 errors=27 elapsed_ms=1084.1'),1
FANOUT,K75,Exception('timeout_or_slo_miss: completed=49/75 errors=26 elapsed_ms=1006.3'),4
FANOUT,K75,Exception('timeout_or_slo_miss: completed=51/75 errors=7 elapsed_ms=2442.8'),1
FANOUT,K75,Exception('timeout_or_slo_miss: completed=43/75 errors=32 elapsed_ms=1056.2'),1
FANOUT,K75,Exception('timeout_or_slo_miss: completed=56/75 errors=17 elapsed_ms=1502.6'),1
FANOUT,K75,Exception('timeout_or_slo_miss: completed=50/75 errors=23 elapsed_ms=1579.1'),1
FANOUT,K75,Exception('timeout_or_slo_miss: completed=44/75 errors=31 elapsed_ms=1112.0'),2
FANOUT,K75,Exception('timeout_or_slo_miss: completed=49/75 errors=26 elapsed_ms=1021.1'),1
FANOUT,K75,Exception('timeout_or_slo_miss: completed=47/75 errors=28 elapsed_ms=1010.7'),2
FANOUT,K75,Exception('timeout_or_slo_miss: completed=56/75 errors=17 elapsed_ms=1422.4'),1
FANOUT,K75,Exception('timeout_or_slo_miss: completed=53/75 errors=22 elapsed_ms=1008.6'),1
FANOUT,K75,Exception('timeout_or_slo_miss: completed=48/75 errors=27 elapsed_ms=1027.4'),1
FANOUT,K75,Exception('timeout_or_slo_miss: completed=52/75 errors=23 elapsed_ms=1003.1'),3
FANOUT,K75,Exception('timeout_or_slo_miss: completed=47/75 errors=28 elapsed_ms=1011.0'),1
FANOUT,K75,Exception('timeout_or_slo_miss: completed=50/75 errors=25 elapsed_ms=1070.3'),1
FANOUT,K75,Exception('timeout_or_slo_miss: completed=48/75 errors=27 elapsed_ms=1007.2'),2
FANOUT,K75,Exception('timeout_or_slo_miss: completed=50/75 errors=23 elapsed_ms=1511.2'),1
FANOUT,K75,Exception('timeout_or_slo_miss: completed=52/75 errors=23 elapsed_ms=1002.2'),3
FANOUT,K75,Exception('timeout_or_slo_miss: completed=46/75 errors=27 elapsed_ms=1515.9'),1
FANOUT,K75,Exception('timeout_or_slo_miss: completed=50/75 errors=25 elapsed_ms=1004.9'),4
FANOUT,K75,Exception('timeout_or_slo_miss: completed=52/75 errors=23 elapsed_ms=1065.2'),1
FANOUT,K75,Exception('timeout_or_slo_miss: completed=49/75 errors=26 elapsed_ms=1011.7'),1
FANOUT,K75,Exception('timeout_or_slo_miss: completed=48/75 errors=27 elapsed_ms=1018.3'),1
FANOUT,K75,Exception('timeout_or_slo_miss: completed=48/75 errors=27 elapsed_ms=1083.3'),1
FANOUT,K75,Exception('timeout_or_slo_miss: completed=48/75 errors=27 elapsed_ms=1021.0'),1
FANOUT,K75,Exception('timeout_or_slo_miss: completed=53/75 errors=12 elapsed_ms=1663.4'),1
FANOUT,K75,Exception('timeout_or_slo_miss: completed=49/75 errors=26 elapsed_ms=1008.2'),5
FANOUT,K75,Exception('timeout_or_slo_miss: completed=50/75 errors=25 elapsed_ms=1002.4'),1
FANOUT,K75,Exception('timeout_or_slo_miss: completed=47/75 errors=28 elapsed_ms=1015.3'),1
FANOUT,K75,Exception('timeout_or_slo_miss: completed=53/75 errors=22 elapsed_ms=1012.6'),1
FANOUT,K75,Exception('timeout_or_slo_miss: completed=55/75 errors=18 elapsed_ms=1507.3'),1
FANOUT,K75,Exception('timeout_or_slo_miss: completed=40/75 errors=35 elapsed_ms=1212.8'),1
FANOUT,K75,Exception('timeout_or_slo_miss: completed=56/75 errors=9 elapsed_ms=1551.2'),1
FANOUT,K75,Exception('timeout_or_slo_miss: completed=46/75 errors=29 elapsed_ms=1151.6'),1
FANOUT,K75,Exception('timeout_or_slo_miss: completed=53/75 errors=12 elapsed_ms=1717.8'),1
FANOUT,K75,Exception('timeout_or_slo_miss: completed=46/75 errors=29 elapsed_ms=1082.2'),1
FANOUT,K75,Exception('timeout_or_slo_miss: completed=53/75 errors=20 elapsed_ms=1506.8'),2
FANOUT,K75,Exception('timeout_or_slo_miss: completed=56/75 errors=19 elapsed_ms=1004.2'),1
FANOUT,K75,Exception('timeout_or_slo_miss: completed=49/75 errors=26 elapsed_ms=1113.6'),1
FANOUT,K75,Exception('timeout_or_slo_miss: completed=51/75 errors=24 elapsed_ms=1004.9'),4
FANOUT,K75,Exception('timeout_or_slo_miss: completed=47/75 errors=28 elapsed_ms=1015.8'),1
FANOUT,K75,Exception('timeout_or_slo_miss: completed=52/75 errors=23 elapsed_ms=1014.3'),1
FANOUT,K75,Exception('timeout_or_slo_miss: completed=49/75 errors=26 elapsed_ms=1007.7'),5
FANOUT,K75,Exception('timeout_or_slo_miss: completed=51/75 errors=24 elapsed_ms=1002.1'),2
FANOUT,K75,Exception('timeout_or_slo_miss: completed=53/75 errors=22 elapsed_ms=1001.5'),2
FANOUT,K75,Exception('timeout_or_slo_miss: completed=51/75 errors=14 elapsed_ms=1594.6'),1
FANOUT,K75,Exception('timeout_or_slo_miss: completed=47/75 errors=28 elapsed_ms=1093.6'),1
FANOUT,K75,Exception('timeout_or_slo_miss: completed=52/75 errors=23 elapsed_ms=1015.7'),1
FANOUT,K75,Exception('timeout_or_slo_miss: completed=43/75 errors=32 elapsed_ms=1014.2'),1
FANOUT,K75,Exception('timeout_or_slo_miss: completed=46/75 errors=29 elapsed_ms=1119.2'),1
FANOUT,K75,Exception('timeout_or_slo_miss: completed=54/75 errors=21 elapsed_ms=1002.2'),9
FANOUT,K75,Exception('timeout_or_slo_miss: completed=50/75 errors=8 elapsed_ms=4528.6'),1
FANOUT,K75,Exception('timeout_or_slo_miss: completed=53/75 errors=22 elapsed_ms=1003.2'),10
FANOUT,K75,Exception('timeout_or_slo_miss: completed=50/75 errors=25 elapsed_ms=1007.0'),3
FANOUT,K75,Exception('timeout_or_slo_miss: completed=45/75 errors=30 elapsed_ms=1107.5'),1
FANOUT,K75,Exception('timeout_or_slo_miss: completed=53/75 errors=22 elapsed_ms=1002.7'),5
FANOUT,K75,Exception('timeout_or_slo_miss: completed=52/75 errors=23 elapsed_ms=1005.1'),1
FANOUT,K75,Exception('timeout_or_slo_miss: completed=44/75 errors=31 elapsed_ms=1110.5'),1
FANOUT,K75,Exception('timeout_or_slo_miss: completed=56/75 errors=9 elapsed_ms=1518.7'),1
FANOUT,K75,Exception('timeout_or_slo_miss: completed=54/75 errors=19 elapsed_ms=1508.5'),1
FANOUT,K75,Exception('timeout_or_slo_miss: completed=52/75 errors=23 elapsed_ms=1010.1'),2
FANOUT,K75,Exception('timeout_or_slo_miss: completed=50/75 errors=23 elapsed_ms=1575.4'),1
FANOUT,K75,Exception('timeout_or_slo_miss: completed=51/75 errors=24 elapsed_ms=1017.9'),1
FANOUT,K75,Exception('timeout_or_slo_miss: completed=40/75 errors=35 elapsed_ms=1217.5'),1
FANOUT,K75,Exception('timeout_or_slo_miss: completed=49/75 errors=26 elapsed_ms=1021.9'),1
FANOUT,K75,Exception('timeout_or_slo_miss: completed=49/75 errors=26 elapsed_ms=1100.5'),1
FANOUT,K75,Exception('timeout_or_slo_miss: completed=48/75 errors=27 elapsed_ms=1043.5'),1
FANOUT,K75,Exception('timeout_or_slo_miss: completed=54/75 errors=21 elapsed_ms=1003.2'),6
FANOUT,K75,Exception('timeout_or_slo_miss: completed=54/75 errors=21 elapsed_ms=1006.9'),1
FANOUT,K75,Exception('timeout_or_slo_miss: completed=49/75 errors=26 elapsed_ms=1014.8'),2
FANOUT,K75,Exception('timeout_or_slo_miss: completed=44/75 errors=31 elapsed_ms=1068.7'),1
FANOUT,K75,Exception('timeout_or_slo_miss: completed=47/75 errors=28 elapsed_ms=1115.5'),1
FANOUT,K75,Exception('timeout_or_slo_miss: completed=50/75 errors=25 elapsed_ms=1008.1'),4
FANOUT,K75,Exception('timeout_or_slo_miss: completed=61/75 errors=12 elapsed_ms=1169.0'),1
FANOUT,K75,Exception('timeout_or_slo_miss: completed=49/75 errors=26 elapsed_ms=1010.2'),6
FANOUT,K75,Exception('timeout_or_slo_miss: completed=46/75 errors=29 elapsed_ms=1108.7'),1
FANOUT,K75,Exception('timeout_or_slo_miss: completed=62/75 errors=3 elapsed_ms=1174.4'),1
FANOUT,K75,Exception('timeout_or_slo_miss: completed=44/75 errors=31 elapsed_ms=1015.5'),1
FANOUT,K75,Exception('timeout_or_slo_miss: completed=56/75 errors=9 elapsed_ms=1519.5'),1
FANOUT,K75,Exception('timeout_or_slo_miss: completed=49/75 errors=26 elapsed_ms=1007.2'),5
FANOUT,K75,Exception('timeout_or_slo_miss: completed=48/75 errors=27 elapsed_ms=1014.4'),1
FANOUT,K75,Exception('timeout_or_slo_miss: completed=49/75 errors=26 elapsed_ms=1007.6'),3
FANOUT,K75,Exception('timeout_or_slo_miss: completed=53/75 errors=20 elapsed_ms=1508.5'),1
FANOUT,K75,Exception('timeout_or_slo_miss: completed=46/75 errors=27 elapsed_ms=1610.5'),1
FANOUT,K75,Exception('timeout_or_slo_miss: completed=46/75 errors=29 elapsed_ms=1145.4'),1
FANOUT,K75,Exception('timeout_or_slo_miss: completed=51/75 errors=24 elapsed_ms=1008.2'),4
FANOUT,K75,Exception('timeout_or_slo_miss: completed=13/75 errors=48 elapsed_ms=16320.1'),1
FANOUT,K75,Exception('timeout_or_slo_miss: completed=44/75 errors=31 elapsed_ms=1109.1'),1
FANOUT,K75,Exception('timeout_or_slo_miss: completed=49/75 errors=24 elapsed_ms=1510.3'),1
FANOUT,K75,Exception('timeout_or_slo_miss: completed=57/75 errors=1 elapsed_ms=1286.4'),1
FANOUT,K75,Exception('timeout_or_slo_miss: completed=44/75 errors=31 elapsed_ms=1141.5'),1
FANOUT,K75,Exception('timeout_or_slo_miss: completed=49/75 errors=26 elapsed_ms=1070.6'),1
FANOUT,K75,Exception('timeout_or_slo_miss: completed=48/75 errors=27 elapsed_ms=1091.6'),1
FANOUT,K75,Exception('timeout_or_slo_miss: completed=50/75 errors=15 elapsed_ms=1721.4'),1
FANOUT,K75,Exception('timeout_or_slo_miss: completed=47/75 errors=26 elapsed_ms=1619.9'),1
FANOUT,K75,Exception('timeout_or_slo_miss: completed=54/75 errors=21 elapsed_ms=1004.9'),4
FANOUT,K75,Exception('timeout_or_slo_miss: completed=53/75 errors=22 elapsed_ms=1007.5'),1
FANOUT,K75,Exception('timeout_or_slo_miss: completed=55/75 errors=18 elapsed_ms=1412.4'),1
FANOUT,K75,Exception('timeout_or_slo_miss: completed=46/75 errors=29 elapsed_ms=1112.8'),1
FANOUT,K75,Exception('timeout_or_slo_miss: completed=46/75 errors=29 elapsed_ms=1085.9'),2
FANOUT,K75,Exception('timeout_or_slo_miss: completed=54/75 errors=19 elapsed_ms=1507.6'),1
FANOUT,K75,Exception('timeout_or_slo_miss: completed=46/75 errors=29 elapsed_ms=1008.8'),1
FANOUT,K75,Exception('timeout_or_slo_miss: completed=44/75 errors=31 elapsed_ms=1119.3'),1
FANOUT,K75,Exception('timeout_or_slo_miss: completed=52/75 errors=23 elapsed_ms=1004.1'),3
FANOUT,K75,Exception('timeout_or_slo_miss: completed=43/75 errors=17 elapsed_ms=4624.6'),1
FANOUT,K75,Exception('timeout_or_slo_miss: completed=52/75 errors=21 elapsed_ms=1509.0'),1
FANOUT,K75,Exception('timeout_or_slo_miss: completed=45/75 errors=30 elapsed_ms=1018.0'),1
FANOUT,K75,Exception('timeout_or_slo_miss: completed=53/75 errors=22 elapsed_ms=1006.5'),3
FANOUT,K75,Exception('timeout_or_slo_miss: completed=50/75 errors=25 elapsed_ms=1017.8'),1
FANOUT,K75,Exception('timeout_or_slo_miss: completed=47/75 errors=28 elapsed_ms=1012.8'),1
FANOUT,K75,Exception('timeout_or_slo_miss: completed=48/75 errors=27 elapsed_ms=1006.0'),1
FANOUT,K75,Exception('timeout_or_slo_miss: completed=53/75 errors=22 elapsed_ms=1002.6'),8
FANOUT,K75,Exception('timeout_or_slo_miss: completed=51/75 errors=24 elapsed_ms=1029.5'),1
FANOUT,K75,Exception('timeout_or_slo_miss: completed=47/75 errors=28 elapsed_ms=1013.4'),1
FANOUT,K75,Exception('timeout_or_slo_miss: completed=48/75 errors=17 elapsed_ms=1757.2'),1
FANOUT,K75,Exception('timeout_or_slo_miss: completed=55/75 errors=18 elapsed_ms=1503.3'),1
FANOUT,K75,Exception('timeout_or_slo_miss: completed=49/75 errors=26 elapsed_ms=1011.1'),1
FANOUT,K75,Exception('timeout_or_slo_miss: completed=48/75 errors=25 elapsed_ms=1635.3'),1
FANOUT,K75,Exception('timeout_or_slo_miss: completed=42/75 errors=33 elapsed_ms=1062.2'),1
FANOUT,K75,Exception('timeout_or_slo_miss: completed=49/75 errors=26 elapsed_ms=1012.3'),5
FANOUT,K75,Exception('timeout_or_slo_miss: completed=49/75 errors=26 elapsed_ms=1018.0'),1
FANOUT,K75,Exception('timeout_or_slo_miss: completed=48/75 errors=25 elapsed_ms=1618.7'),1
FANOUT,K75,Exception('timeout_or_slo_miss: completed=48/75 errors=27 elapsed_ms=1020.6'),1
FANOUT,K75,Exception('timeout_or_slo_miss: completed=53/75 errors=22 elapsed_ms=1018.1'),1
FANOUT,K75,Exception('timeout_or_slo_miss: completed=47/75 errors=11 elapsed_ms=3129.4'),1
FANOUT,K75,Exception('timeout_or_slo_miss: completed=45/75 errors=30 elapsed_ms=1102.4'),1
FANOUT,K75,Exception('timeout_or_slo_miss: completed=51/75 errors=24 elapsed_ms=1006.9'),4
FANOUT,K75,Exception('timeout_or_slo_miss: completed=41/75 errors=24 elapsed_ms=2181.4'),1
FANOUT,K75,Exception('timeout_or_slo_miss: completed=43/75 errors=32 elapsed_ms=1120.6'),1
FANOUT,K75,Exception('timeout_or_slo_miss: completed=51/75 errors=22 elapsed_ms=1508.3'),1
FANOUT,K75,Exception('timeout_or_slo_miss: completed=50/75 errors=15 elapsed_ms=1724.9'),1
FANOUT,K75,Exception('timeout_or_slo_miss: completed=48/75 errors=17 elapsed_ms=1876.4'),1
FANOUT,K75,Exception('timeout_or_slo_miss: completed=47/75 errors=28 elapsed_ms=1096.4'),1
FANOUT,K75,Exception('timeout_or_slo_miss: completed=52/75 errors=21 elapsed_ms=1539.5'),1
FANOUT,K75,Exception('timeout_or_slo_miss: completed=43/75 errors=32 elapsed_ms=1128.6'),1
FANOUT,K75,Exception('timeout_or_slo_miss: completed=50/75 errors=25 elapsed_ms=1012.7'),1
FANOUT,K75,Exception('timeout_or_slo_miss: completed=47/75 errors=28 elapsed_ms=1065.5'),1
FANOUT,K75,Exception('timeout_or_slo_miss: completed=46/75 errors=29 elapsed_ms=1076.3'),1
FANOUT,K75,Exception('timeout_or_slo_miss: completed=47/75 errors=18 elapsed_ms=1773.3'),1
FANOUT,K75,Exception('timeout_or_slo_miss: completed=50/75 errors=25 elapsed_ms=1012.8'),1
FANOUT,K75,Exception('timeout_or_slo_miss: completed=46/75 errors=27 elapsed_ms=1598.9'),1
FANOUT,K75,Exception('timeout_or_slo_miss: completed=48/75 errors=27 elapsed_ms=1012.1'),2
FANOUT,K75,Exception('timeout_or_slo_miss: completed=46/75 errors=29 elapsed_ms=1009.3'),2
FANOUT,K75,Exception('timeout_or_slo_miss: completed=44/75 errors=31 elapsed_ms=1073.4'),1
FANOUT,K75,Exception('timeout_or_slo_miss: completed=49/75 errors=26 elapsed_ms=1012.7'),1
FANOUT,K75,Exception('timeout_or_slo_miss: completed=50/75 errors=25 elapsed_ms=1005.1'),4
FANOUT,K75,Exception('timeout_or_slo_miss: completed=54/75 errors=21 elapsed_ms=1007.8'),1
FANOUT,K75,Exception('timeout_or_slo_miss: completed=49/75 errors=26 elapsed_ms=1005.9'),2
FANOUT,K75,Exception('timeout_or_slo_miss: completed=54/75 errors=11 elapsed_ms=1628.9'),1
FANOUT,K75,Exception('timeout_or_slo_miss: completed=51/75 errors=22 elapsed_ms=1513.2'),1
FANOUT,K75,Exception('timeout_or_slo_miss: completed=51/75 errors=24 elapsed_ms=1005.8'),3
FANOUT,K75,Exception('timeout_or_slo_miss: completed=41/75 errors=34 elapsed_ms=1156.4'),1
FANOUT,K75,Exception('timeout_or_slo_miss: completed=49/75 errors=26 elapsed_ms=1092.7'),1
FANOUT,K75,Exception('timeout_or_slo_miss: completed=49/75 errors=26 elapsed_ms=1008.4'),2
FANOUT,K75,Exception('timeout_or_slo_miss: completed=45/75 errors=28 elapsed_ms=1606.9'),1
FANOUT,K75,Exception('timeout_or_slo_miss: completed=48/75 errors=27 elapsed_ms=1008.1'),2
FANOUT,K75,Exception('timeout_or_slo_miss: completed=43/75 errors=32 elapsed_ms=1159.1'),1
FANOUT,K75,Exception('timeout_or_slo_miss: completed=54/75 errors=21 elapsed_ms=1002.8'),6
FANOUT,K75,Exception('timeout_or_slo_miss: completed=51/75 errors=24 elapsed_ms=1086.4'),1
FANOUT,K75,Exception('timeout_or_slo_miss: completed=47/75 errors=28 elapsed_ms=1007.2'),1
FANOUT,K75,Exception('timeout_or_slo_miss: completed=42/75 errors=33 elapsed_ms=1162.8'),1
FANOUT,K75,Exception('timeout_or_slo_miss: completed=48/75 errors=27 elapsed_ms=1008.7'),2
FANOUT,K75,Exception('timeout_or_slo_miss: completed=46/75 errors=29 elapsed_ms=1008.6'),2
FANOUT,K75,Exception('timeout_or_slo_miss: completed=44/75 errors=31 elapsed_ms=1119.9'),1
FANOUT,K75,Exception('timeout_or_slo_miss: completed=50/75 errors=25 elapsed_ms=1013.7'),1
FANOUT,K75,Exception('timeout_or_slo_miss: completed=55/75 errors=18 elapsed_ms=1503.5'),1
FANOUT,K75,Exception('timeout_or_slo_miss: completed=49/75 errors=26 elapsed_ms=1070.9'),1
FANOUT,K75,Exception('timeout_or_slo_miss: completed=50/75 errors=23 elapsed_ms=1524.7'),1
FANOUT,K75,Exception('timeout_or_slo_miss: completed=50/75 errors=25 elapsed_ms=1011.3'),3
FANOUT,K75,Exception('timeout_or_slo_miss: completed=41/75 errors=34 elapsed_ms=1254.7'),1
FANOUT,K75,Exception('timeout_or_slo_miss: completed=54/75 errors=19 elapsed_ms=1507.4'),1
FANOUT,K75,Exception('timeout_or_slo_miss: completed=52/75 errors=23 elapsed_ms=1018.5'),1
FANOUT,K75,Exception('timeout_or_slo_miss: completed=51/75 errors=24 elapsed_ms=1009.9'),1
FANOUT,K75,Exception('timeout_or_slo_miss: completed=49/75 errors=26 elapsed_ms=1004.5'),1
FANOUT,K75,Exception('timeout_or_slo_miss: completed=49/75 errors=26 elapsed_ms=1073.3'),1
FANOUT,K75,Exception('timeout_or_slo_miss: completed=45/75 errors=30 elapsed_ms=1030.1'),1
FANOUT,K75,Exception('timeout_or_slo_miss: completed=46/75 errors=29 elapsed_ms=1030.3'),1
FANOUT,K75,Exception('timeout_or_slo_miss: completed=51/75 errors=24 elapsed_ms=1004.8'),3
FANOUT,K75,Exception('timeout_or_slo_miss: completed=52/75 errors=23 elapsed_ms=1004.0'),3
FANOUT,K75,Exception('timeout_or_slo_miss: completed=50/75 errors=25 elapsed_ms=1014.2'),1
FANOUT,K75,Exception('timeout_or_slo_miss: completed=47/75 errors=28 elapsed_ms=1016.6'),1
FANOUT,K75,Exception('timeout_or_slo_miss: completed=45/75 errors=30 elapsed_ms=1105.4'),2
FANOUT,K75,Exception('timeout_or_slo_miss: completed=48/75 errors=27 elapsed_ms=1012.9'),3
FANOUT,K75,Exception('timeout_or_slo_miss: completed=43/75 errors=18 elapsed_ms=3661.9'),1
FANOUT,K75,Exception('timeout_or_slo_miss: completed=51/75 errors=24 elapsed_ms=1005.2'),5
FANOUT,K75,Exception('timeout_or_slo_miss: completed=52/75 errors=23 elapsed_ms=1008.0'),3
FANOUT,K75,Exception('timeout_or_slo_miss: completed=56/75 errors=19 elapsed_ms=1002.8'),2
FANOUT,K75,Exception('timeout_or_slo_miss: completed=47/75 errors=28 elapsed_ms=1016.9'),1
FANOUT,K75,Exception('timeout_or_slo_miss: completed=42/75 errors=33 elapsed_ms=1128.9'),1
FANOUT,K75,Exception('timeout_or_slo_miss: completed=51/75 errors=24 elapsed_ms=1006.4'),3
FANOUT,K75,Exception('timeout_or_slo_miss: completed=52/75 errors=23 elapsed_ms=1009.4'),3
FANOUT,K75,Exception('timeout_or_slo_miss: completed=45/75 errors=13 elapsed_ms=3421.4'),1
FANOUT,K75,Exception('timeout_or_slo_miss: completed=51/75 errors=24 elapsed_ms=1010.8'),2
FANOUT,K75,Exception('timeout_or_slo_miss: completed=56/75 errors=17 elapsed_ms=1381.5'),1
FANOUT,K75,Exception('timeout_or_slo_miss: completed=49/75 errors=26 elapsed_ms=1011.3'),2
FANOUT,K75,Exception('timeout_or_slo_miss: completed=47/75 errors=28 elapsed_ms=1026.2'),1
FANOUT,K75,Exception('timeout_or_slo_miss: completed=51/75 errors=24 elapsed_ms=1008.9'),5
FANOUT,K75,Exception('timeout_or_slo_miss: completed=52/75 errors=21 elapsed_ms=1511.1'),1
FANOUT,K75,Exception('timeout_or_slo_miss: completed=49/75 errors=24 elapsed_ms=1513.9'),1
FANOUT,K75,Exception('timeout_or_slo_miss: completed=45/75 errors=28 elapsed_ms=1619.9'),1
FANOUT,K75,Exception('timeout_or_slo_miss: completed=55/75 errors=20 elapsed_ms=1003.6'),3
FANOUT,K75,Exception('timeout_or_slo_miss: completed=50/75 errors=23 elapsed_ms=1622.6'),1
FANOUT,K75,Exception('timeout_or_slo_miss: completed=48/75 errors=25 elapsed_ms=1605.1'),1
FANOUT,K75,Exception('timeout_or_slo_miss: completed=48/75 errors=27 elapsed_ms=1014.3'),1
FANOUT,K75,Exception('timeout_or_slo_miss: completed=51/75 errors=24 elapsed_ms=1004.3'),5
FANOUT,K75,Exception('timeout_or_slo_miss: completed=47/75 errors=28 elapsed_ms=1009.3'),4
FANOUT,K75,Exception('timeout_or_slo_miss: completed=47/75 errors=28 elapsed_ms=1117.5'),1
FANOUT,K75,Exception('timeout_or_slo_miss: completed=46/75 errors=27 elapsed_ms=1609.9'),1
FANOUT,K75,Exception('timeout_or_slo_miss: completed=49/75 errors=24 elapsed_ms=1624.3'),1
FANOUT,K75,Exception('timeout_or_slo_miss: completed=50/75 errors=25 elapsed_ms=1007.8'),6
FANOUT,K75,Exception('timeout_or_slo_miss: completed=52/75 errors=13 elapsed_ms=1521.5'),1
FANOUT,K75,Exception('timeout_or_slo_miss: completed=50/75 errors=25 elapsed_ms=1096.2'),1
FANOUT,K75,Exception('timeout_or_slo_miss: completed=46/75 errors=29 elapsed_ms=1016.2'),1
FANOUT,K75,Exception('timeout_or_slo_miss: completed=50/75 errors=25 elapsed_ms=1005.2'),3
FANOUT,K75,Exception('timeout_or_slo_miss: completed=37/75 errors=28 elapsed_ms=2432.2'),1
FANOUT,K75,Exception('timeout_or_slo_miss: completed=50/75 errors=25 elapsed_ms=1005.0'),5
FANOUT,K75,Exception('timeout_or_slo_miss: completed=30/75 errors=26 elapsed_ms=10712.0'),1
FANOUT,K75,Exception('timeout_or_slo_miss: completed=56/75 errors=2 elapsed_ms=1517.8'),1
FANOUT,K75,Exception('timeout_or_slo_miss: completed=54/75 errors=21 elapsed_ms=1012.8'),1
FANOUT,K75,Exception('timeout_or_slo_miss: completed=38/75 errors=20 elapsed_ms=10454.4'),1
FANOUT,K75,Exception('timeout_or_slo_miss: completed=54/75 errors=21 elapsed_ms=1005.1'),1
FANOUT,K75,Exception('timeout_or_slo_miss: completed=46/75 errors=29 elapsed_ms=1107.9'),1
FANOUT,K75,Exception('timeout_or_slo_miss: completed=50/75 errors=15 elapsed_ms=1780.1'),1
FANOUT,K75,Exception('timeout_or_slo_miss: completed=50/75 errors=15 elapsed_ms=1757.1'),1
FANOUT,K75,Exception('timeout_or_slo_miss: completed=51/75 errors=24 elapsed_ms=1017.0'),1
FANOUT,K75,Exception('timeout_or_slo_miss: completed=54/75 errors=21 elapsed_ms=1008.0'),1
FANOUT,K75,Exception('timeout_or_slo_miss: completed=41/75 errors=24 elapsed_ms=2113.5'),1
FANOUT,K75,Exception('timeout_or_slo_miss: completed=48/75 errors=27 elapsed_ms=1086.7'),1
FANOUT,K75,Exception('timeout_or_slo_miss: completed=42/75 errors=33 elapsed_ms=1019.0'),1
FANOUT,K75,Exception('timeout_or_slo_miss: completed=48/75 errors=27 elapsed_ms=1009.6'),1
FANOUT,K75,Exception('timeout_or_slo_miss: completed=47/75 errors=28 elapsed_ms=1017.0'),1
FANOUT,K75,Exception('timeout_or_slo_miss: completed=45/75 errors=30 elapsed_ms=1134.6'),1
FANOUT,K75,Exception('timeout_or_slo_miss: completed=42/75 errors=31 elapsed_ms=1646.6'),1
FANOUT,K75,Exception('timeout_or_slo_miss: completed=53/75 errors=12 elapsed_ms=1616.6'),1
FANOUT,K75,Exception('timeout_or_slo_miss: completed=50/75 errors=25 elapsed_ms=1013.0'),2
FANOUT,K75,Exception('timeout_or_slo_miss: completed=46/75 errors=27 elapsed_ms=1643.3'),1
FANOUT,K75,Exception('timeout_or_slo_miss: completed=51/75 errors=14 elapsed_ms=1658.6'),1
FANOUT,K75,Exception('timeout_or_slo_miss: completed=54/75 errors=21 elapsed_ms=1014.4'),1
FANOUT,K75,Exception('timeout_or_slo_miss: completed=48/75 errors=27 elapsed_ms=1111.0'),1
FANOUT,K75,Exception('timeout_or_slo_miss: completed=49/75 errors=13 elapsed_ms=3085.1'),1
FANOUT,K75,Exception('timeout_or_slo_miss: completed=44/75 errors=31 elapsed_ms=1065.4'),1
FANOUT,K75,Exception('timeout_or_slo_miss: completed=50/75 errors=15 elapsed_ms=1713.5'),1
FANOUT,K75,Exception('timeout_or_slo_miss: completed=52/75 errors=23 elapsed_ms=1009.2'),1
FANOUT,K75,Exception('timeout_or_slo_miss: completed=53/75 errors=22 elapsed_ms=1004.2'),3
FANOUT,K75,Exception('timeout_or_slo_miss: completed=46/75 errors=29 elapsed_ms=1102.3'),1
FANOUT,K75,Exception('timeout_or_slo_miss: completed=47/75 errors=28 elapsed_ms=1021.4'),1
FANOUT,K75,Exception('timeout_or_slo_miss: completed=47/75 errors=28 elapsed_ms=1019.0'),1
FANOUT,K75,Exception('timeout_or_slo_miss: completed=48/75 errors=20 elapsed_ms=13108.0'),1
FANOUT,K75,Exception('timeout_or_slo_miss: completed=48/75 errors=27 elapsed_ms=1017.6'),1
FANOUT,K75,Exception('timeout_or_slo_miss: completed=50/75 errors=25 elapsed_ms=1009.5'),3
FANOUT,K75,Exception('timeout_or_slo_miss: completed=52/75 errors=23 elapsed_ms=1008.9'),2
FANOUT,K75,Exception('timeout_or_slo_miss: completed=44/75 errors=21 elapsed_ms=2107.0'),1
FANOUT,K75,Exception('timeout_or_slo_miss: completed=50/75 errors=25 elapsed_ms=1016.0'),2
FANOUT,K75,Exception('timeout_or_slo_miss: completed=55/75 errors=20 elapsed_ms=1019.1'),1
FANOUT,K75,Exception('timeout_or_slo_miss: completed=60/75 errors=13 elapsed_ms=1167.5'),1
FANOUT,K75,Exception('timeout_or_slo_miss: completed=40/75 errors=35 elapsed_ms=1124.1'),1
FANOUT,K75,Exception('timeout_or_slo_miss: completed=49/75 errors=26 elapsed_ms=1096.4'),1
FANOUT,K75,Exception('timeout_or_slo_miss: completed=44/75 errors=31 elapsed_ms=1118.6'),2
FANOUT,K75,Exception('timeout_or_slo_miss: completed=43/75 errors=32 elapsed_ms=1015.1'),1
FANOUT,K75,Exception('timeout_or_slo_miss: completed=46/75 errors=29 elapsed_ms=1011.0'),3
FANOUT,K75,Exception('timeout_or_slo_miss: completed=50/75 errors=25 elapsed_ms=1110.4'),1
FANOUT,K75,Exception('timeout_or_slo_miss: completed=46/75 errors=29 elapsed_ms=1016.8'),1
FANOUT,K75,Exception('timeout_or_slo_miss: completed=52/75 errors=23 elapsed_ms=1020.3'),1
FANOUT,K75,Exception('timeout_or_slo_miss: completed=50/75 errors=25 elapsed_ms=1008.0'),3
FANOUT,K75,Exception('timeout_or_slo_miss: completed=54/75 errors=21 elapsed_ms=1007.5'),2
FANOUT,K75,Exception('timeout_or_slo_miss: completed=50/75 errors=15 elapsed_ms=1813.1'),1
FANOUT,K75,Exception('timeout_or_slo_miss: completed=52/75 errors=23 elapsed_ms=1006.0'),7
FANOUT,K75,Exception('timeout_or_slo_miss: completed=54/75 errors=21 elapsed_ms=1002.6'),9
FANOUT,K75,Exception('timeout_or_slo_miss: completed=44/75 errors=31 elapsed_ms=1130.1'),1
FANOUT,K75,Exception('timeout_or_slo_miss: completed=43/75 errors=32 elapsed_ms=1101.6'),1
FANOUT,K75,Exception('timeout_or_slo_miss: completed=51/75 errors=14 elapsed_ms=1646.0'),1
FANOUT,K75,Exception('timeout_or_slo_miss: completed=45/75 errors=30 elapsed_ms=1129.0'),1
FANOUT,K75,Exception('timeout_or_slo_miss: completed=53/75 errors=20 elapsed_ms=1509.2'),1
FANOUT,K75,Exception('timeout_or_slo_miss: completed=53/75 errors=22 elapsed_ms=1008.8'),2
FANOUT,K75,Exception('timeout_or_slo_miss: completed=47/75 errors=28 elapsed_ms=1011.6'),2
FANOUT,K75,Exception('timeout_or_slo_miss: completed=47/75 errors=28 elapsed_ms=1013.3'),2
FANOUT,K75,Exception('timeout_or_slo_miss: completed=61/75 errors=12 elapsed_ms=1412.0'),1
FANOUT,K75,Exception('timeout_or_slo_miss: completed=45/75 errors=30 elapsed_ms=1013.2'),1
FANOUT,K75,Exception('timeout_or_slo_miss: completed=44/75 errors=31 elapsed_ms=1097.3'),1
FANOUT,K75,Exception('timeout_or_slo_miss: completed=50/75 errors=15 elapsed_ms=1678.0'),1
FANOUT,K75,Exception('timeout_or_slo_miss: completed=45/75 errors=20 elapsed_ms=2010.6'),1
FANOUT,K75,Exception('timeout_or_slo_miss: completed=45/75 errors=30 elapsed_ms=1097.7'),1
FANOUT,K75,Exception('timeout_or_slo_miss: completed=48/75 errors=27 elapsed_ms=1005.6'),1
FANOUT,K75,Exception('timeout_or_slo_miss: completed=48/75 errors=25 elapsed_ms=1574.9'),1
FANOUT,K75,Exception('timeout_or_slo_miss: completed=44/75 errors=31 elapsed_ms=1073.0'),1
FANOUT,K75,Exception('timeout_or_slo_miss: completed=49/75 errors=26 elapsed_ms=1013.9'),2
FANOUT,K75,Exception('timeout_or_slo_miss: completed=41/75 errors=34 elapsed_ms=1107.1'),1
FANOUT,K75,Exception('timeout_or_slo_miss: completed=53/75 errors=20 elapsed_ms=1504.1'),1
FANOUT,K75,Exception('timeout_or_slo_miss: completed=43/75 errors=32 elapsed_ms=1129.7'),1
FANOUT,K75,Exception('timeout_or_slo_miss: completed=45/75 errors=30 elapsed_ms=1014.5'),1
FANOUT,K75,Exception('timeout_or_slo_miss: completed=47/75 errors=28 elapsed_ms=1073.5'),1
FANOUT,K75,Exception('timeout_or_slo_miss: completed=49/75 errors=26 elapsed_ms=1008.3'),6
FANOUT,K75,Exception('timeout_or_slo_miss: completed=52/75 errors=13 elapsed_ms=1750.6'),1
FANOUT,K75,Exception('timeout_or_slo_miss: completed=42/75 errors=33 elapsed_ms=1016.3'),1
FANOUT,K75,Exception('timeout_or_slo_miss: completed=48/75 errors=27 elapsed_ms=1017.7'),1
FANOUT,K75,Exception('timeout_or_slo_miss: completed=50/75 errors=25 elapsed_ms=1014.5'),1
FANOUT,K75,Exception('timeout_or_slo_miss: completed=47/75 errors=26 elapsed_ms=1606.2'),1
FANOUT,K75,Exception('timeout_or_slo_miss: completed=51/75 errors=24 elapsed_ms=1002.6'),3
FANOUT,K75,Exception('timeout_or_slo_miss: completed=48/75 errors=27 elapsed_ms=1006.4'),2
FANOUT,K75,Exception('timeout_or_slo_miss: completed=48/75 errors=27 elapsed_ms=1017.1'),1
FANOUT,K75,Exception('timeout_or_slo_miss: completed=47/75 errors=28 elapsed_ms=1039.2'),1
FANOUT,K75,Exception('timeout_or_slo_miss: completed=46/75 errors=29 elapsed_ms=1013.6'),1
FANOUT,K75,Exception('timeout_or_slo_miss: completed=45/75 errors=30 elapsed_ms=1089.0'),1
FANOUT,K75,Exception('timeout_or_slo_miss: completed=57/75 errors=8 elapsed_ms=1436.5'),1
FANOUT,K75,Exception('timeout_or_slo_miss: completed=43/75 errors=32 elapsed_ms=1131.1'),1
FANOUT,K75,Exception('timeout_or_slo_miss: completed=48/75 errors=27 elapsed_ms=1013.9'),2
FANOUT,K75,Exception('timeout_or_slo_miss: completed=42/75 errors=33 elapsed_ms=1124.6'),1
FANOUT,K75,Exception('timeout_or_slo_miss: completed=54/75 errors=19 elapsed_ms=1505.7'),1
FANOUT,K75,Exception('timeout_or_slo_miss: completed=46/75 errors=29 elapsed_ms=1017.0'),1
FANOUT,K75,Exception('timeout_or_slo_miss: completed=52/75 errors=23 elapsed_ms=1012.7'),1
FANOUT,K75,Exception('timeout_or_slo_miss: completed=58/75 errors=7 elapsed_ms=1240.3'),1
FANOUT,K75,Exception('timeout_or_slo_miss: completed=53/75 errors=22 elapsed_ms=1007.6'),1
FANOUT,K75,Exception('timeout_or_slo_miss: completed=46/75 errors=29 elapsed_ms=1066.3'),1
FANOUT,K75,Exception('timeout_or_slo_miss: completed=46/75 errors=27 elapsed_ms=1641.9'),1
FANOUT,K75,Exception('timeout_or_slo_miss: completed=45/75 errors=30 elapsed_ms=1013.0'),1
FANOUT,K75,Exception('timeout_or_slo_miss: completed=45/75 errors=30 elapsed_ms=1147.8'),1
FANOUT,K75,Exception('timeout_or_slo_miss: completed=42/75 errors=33 elapsed_ms=1069.0'),1
FANOUT,K75,Exception('timeout_or_slo_miss: completed=51/75 errors=24 elapsed_ms=1080.3'),1
FANOUT,K75,Exception('timeout_or_slo_miss: completed=55/75 errors=20 elapsed_ms=1005.5'),1
FANOUT,K75,Exception('timeout_or_slo_miss: completed=45/75 errors=30 elapsed_ms=1143.8'),1
FANOUT,K75,Exception('timeout_or_slo_miss: completed=47/75 errors=28 elapsed_ms=1017.3'),1
FANOUT,K75,Exception('timeout_or_slo_miss: completed=50/75 errors=25 elapsed_ms=1012.0'),2
FANOUT,K75,Exception('timeout_or_slo_miss: completed=49/75 errors=24 elapsed_ms=1612.1'),1
FANOUT,K75,Exception('timeout_or_slo_miss: completed=54/75 errors=19 elapsed_ms=1503.5'),1
FANOUT,K75,Exception('timeout_or_slo_miss: completed=42/75 errors=33 elapsed_ms=1109.5'),1
FANOUT,K75,Exception('timeout_or_slo_miss: completed=53/75 errors=22 elapsed_ms=1005.3'),2
FANOUT,K75,Exception('timeout_or_slo_miss: completed=50/75 errors=23 elapsed_ms=1604.1'),1
FANOUT,K75,Exception('timeout_or_slo_miss: completed=50/75 errors=25 elapsed_ms=1005.5'),4
FANOUT,K75,Exception('timeout_or_slo_miss: completed=47/75 errors=28 elapsed_ms=1009.7'),1
FANOUT,K75,Exception('timeout_or_slo_miss: completed=46/75 errors=29 elapsed_ms=1116.4'),1
FANOUT,K75,Exception('timeout_or_slo_miss: completed=49/75 errors=24 elapsed_ms=1601.1'),1
FANOUT,K75,Exception('timeout_or_slo_miss: completed=44/75 errors=31 elapsed_ms=1505.4'),1
FANOUT,K75,Exception('timeout_or_slo_miss: completed=49/75 errors=26 elapsed_ms=1081.3'),1
FANOUT,K75,Exception('timeout_or_slo_miss: completed=48/75 errors=27 elapsed_ms=1011.3'),2
FANOUT,K75,Exception('timeout_or_slo_miss: completed=45/75 errors=30 elapsed_ms=1007.8'),1
FANOUT,K75,Exception('timeout_or_slo_miss: completed=51/75 errors=24 elapsed_ms=1010.9'),4
FANOUT,K75,Exception('timeout_or_slo_miss: completed=49/75 errors=16 elapsed_ms=1867.9'),1
FANOUT,K75,Exception('timeout_or_slo_miss: completed=50/75 errors=25 elapsed_ms=1006.4'),4
FANOUT,K75,Exception('timeout_or_slo_miss: completed=46/75 errors=29 elapsed_ms=1012.5'),2
FANOUT,K75,Exception('timeout_or_slo_miss: completed=53/75 errors=22 elapsed_ms=1003.1'),2
FANOUT,K75,Exception('timeout_or_slo_miss: completed=51/75 errors=22 elapsed_ms=1508.4'),1
FANOUT,K75,Exception('timeout_or_slo_miss: completed=48/75 errors=27 elapsed_ms=1015.4'),1
FANOUT,K75,Exception('timeout_or_slo_miss: completed=42/75 errors=33 elapsed_ms=1151.9'),1
FANOUT,K75,Exception('timeout_or_slo_miss: completed=51/75 errors=24 elapsed_ms=1008.8'),3
FANOUT,K75,Exception('timeout_or_slo_miss: completed=47/75 errors=26 elapsed_ms=1622.9'),1
FANOUT,K75,Exception('timeout_or_slo_miss: completed=45/75 errors=30 elapsed_ms=1012.9'),1
FANOUT,K75,Exception('timeout_or_slo_miss: completed=43/75 errors=32 elapsed_ms=1080.0'),1
FANOUT,K75,Exception('timeout_or_slo_miss: completed=50/75 errors=25 elapsed_ms=1007.7'),1
FANOUT,K75,Exception('timeout_or_slo_miss: completed=49/75 errors=20 elapsed_ms=1654.9'),1
FANOUT,K75,Exception('timeout_or_slo_miss: completed=49/75 errors=26 elapsed_ms=1087.7'),1
FANOUT,K75,Exception('timeout_or_slo_miss: completed=46/75 errors=29 elapsed_ms=1012.1'),1
FANOUT,K75,Exception('timeout_or_slo_miss: completed=45/75 errors=30 elapsed_ms=1024.9'),1
FANOUT,K75,Exception('timeout_or_slo_miss: completed=51/75 errors=22 elapsed_ms=1517.6'),1
FANOUT,K75,Exception('timeout_or_slo_miss: completed=43/75 errors=32 elapsed_ms=1124.2'),1
FANOUT,K75,Exception('timeout_or_slo_miss: completed=56/75 errors=19 elapsed_ms=1005.2'),1
FANOUT,K75,Exception('timeout_or_slo_miss: completed=52/75 errors=23 elapsed_ms=1009.8'),1
FANOUT,K75,Exception('timeout_or_slo_miss: completed=55/75 errors=20 elapsed_ms=1002.0'),2
FANOUT,K75,Exception('timeout_or_slo_miss: completed=48/75 errors=25 elapsed_ms=1614.0'),1
FANOUT,K75,Exception('timeout_or_slo_miss: completed=47/75 errors=28 elapsed_ms=1013.2'),2
FANOUT,K75,Exception('timeout_or_slo_miss: completed=46/75 errors=19 elapsed_ms=2043.6'),1
FANOUT,K75,Exception('timeout_or_slo_miss: completed=43/75 errors=32 elapsed_ms=1163.6'),1
FANOUT,K75,Exception('timeout_or_slo_miss: completed=44/75 errors=31 elapsed_ms=1109.3'),1
FANOUT,K75,Exception('timeout_or_slo_miss: completed=46/75 errors=27 elapsed_ms=1631.6'),1
FANOUT,K75,Exception('timeout_or_slo_miss: completed=54/75 errors=21 elapsed_ms=1009.1'),1
FANOUT,K75,Exception('timeout_or_slo_miss: completed=46/75 errors=29 elapsed_ms=1014.5'),1
FANOUT,K75,Exception('timeout_or_slo_miss: completed=39/75 errors=36 elapsed_ms=1160.6'),1
FANOUT,K75,Exception('timeout_or_slo_miss: completed=51/75 errors=22 elapsed_ms=1509.0'),1
FANOUT,K75,Exception('timeout_or_slo_miss: completed=47/75 errors=28 elapsed_ms=1007.4'),2
FANOUT,K75,Exception('timeout_or_slo_miss: completed=50/75 errors=25 elapsed_ms=1008.4'),7
FANOUT,K75,Exception('timeout_or_slo_miss: completed=49/75 errors=16 elapsed_ms=1744.6'),1
FANOUT,K75,Exception('timeout_or_slo_miss: completed=46/75 errors=29 elapsed_ms=1115.9'),1
FANOUT,K75,Exception('timeout_or_slo_miss: completed=48/75 errors=27 elapsed_ms=1004.5'),1
FANOUT,K75,Exception('timeout_or_slo_miss: completed=52/75 errors=23 elapsed_ms=1007.4'),3
FANOUT,K75,Exception('timeout_or_slo_miss: completed=40/75 errors=35 elapsed_ms=1159.3'),1
FANOUT,K75,Exception('timeout_or_slo_miss: completed=48/75 errors=27 elapsed_ms=1076.5'),1
FANOUT,K75,Exception('timeout_or_slo_miss: completed=53/75 errors=22 elapsed_ms=1011.4'),1
FANOUT,K75,Exception('timeout_or_slo_miss: completed=47/75 errors=28 elapsed_ms=1011.1'),3
FANOUT,K75,Exception('timeout_or_slo_miss: completed=49/75 errors=26 elapsed_ms=1016.5'),1
FANOUT,K75,Exception('timeout_or_slo_miss: completed=46/75 errors=29 elapsed_ms=1014.7'),1
FANOUT,K75,Exception('timeout_or_slo_miss: completed=49/75 errors=26 elapsed_ms=1008.8'),4
FANOUT,K75,Exception('timeout_or_slo_miss: completed=48/75 errors=27 elapsed_ms=1008.3'),2
FANOUT,K75,Exception('timeout_or_slo_miss: completed=53/75 errors=22 elapsed_ms=1078.0'),1
FANOUT,K75,Exception('timeout_or_slo_miss: completed=50/75 errors=25 elapsed_ms=1106.4'),1
FANOUT,K75,Exception('timeout_or_slo_miss: completed=44/75 errors=31 elapsed_ms=1033.0'),1
FANOUT,K75,Exception('timeout_or_slo_miss: completed=40/75 errors=35 elapsed_ms=1140.4'),1
FANOUT,K75,Exception('timeout_or_slo_miss: completed=48/75 errors=27 elapsed_ms=1014.8'),1
FANOUT,K75,Exception('timeout_or_slo_miss: completed=44/75 errors=31 elapsed_ms=1013.0'),1
FANOUT,K75,Exception('timeout_or_slo_miss: completed=48/75 errors=27 elapsed_ms=1013.3'),2
FANOUT,K75,Exception('timeout_or_slo_miss: completed=56/75 errors=19 elapsed_ms=1003.0'),1
FANOUT,K75,Exception('timeout_or_slo_miss: completed=53/75 errors=20 elapsed_ms=1518.9'),1
FANOUT,K75,Exception('timeout_or_slo_miss: completed=49/75 errors=16 elapsed_ms=1699.1'),1
FANOUT,K75,Exception('timeout_or_slo_miss: completed=47/75 errors=28 elapsed_ms=1105.4'),1
FANOUT,K75,Exception('timeout_or_slo_miss: completed=49/75 errors=16 elapsed_ms=1627.2'),1
FANOUT,K75,Exception('timeout_or_slo_miss: completed=52/75 errors=21 elapsed_ms=1509.9'),1
FANOUT,K75,Exception('timeout_or_slo_miss: completed=46/75 errors=29 elapsed_ms=1009.9'),1
FANOUT,K75,Exception('timeout_or_slo_miss: completed=52/75 errors=23 elapsed_ms=1003.0'),4
FANOUT,K75,Exception('timeout_or_slo_miss: completed=49/75 errors=16 elapsed_ms=1907.6'),1
FANOUT,K75,Exception('timeout_or_slo_miss: completed=51/75 errors=14 elapsed_ms=1749.3'),1
FANOUT,K75,Exception('timeout_or_slo_miss: completed=47/75 errors=28 elapsed_ms=1082.6'),1
FANOUT,K75,Exception('timeout_or_slo_miss: completed=45/75 errors=30 elapsed_ms=1108.4'),1
FANOUT,K75,Exception('timeout_or_slo_miss: completed=50/75 errors=25 elapsed_ms=1012.5'),1
FANOUT,K75,Exception('timeout_or_slo_miss: completed=47/75 errors=28 elapsed_ms=1111.0'),1
FANOUT,K75,Exception('timeout_or_slo_miss: completed=38/75 errors=27 elapsed_ms=2258.7'),1
FANOUT,K75,Exception('timeout_or_slo_miss: completed=50/75 errors=25 elapsed_ms=1009.1'),6
FANOUT,K75,Exception('timeout_or_slo_miss: completed=45/75 errors=30 elapsed_ms=1091.4'),1
FANOUT,K75,Exception('timeout_or_slo_miss: completed=42/75 errors=33 elapsed_ms=1092.5'),1
FANOUT,K75,Exception('timeout_or_slo_miss: completed=48/75 errors=27 elapsed_ms=1014.2'),1
FANOUT,K75,Exception('timeout_or_slo_miss: completed=46/75 errors=27 elapsed_ms=1527.1'),1
FANOUT,K75,Exception('timeout_or_slo_miss: completed=51/75 errors=24 elapsed_ms=1001.7'),2
FANOUT,K75,Exception('timeout_or_slo_miss: completed=47/75 errors=28 elapsed_ms=1126.5'),1
FANOUT,K75,Exception('timeout_or_slo_miss: completed=20/75 errors=39 elapsed_ms=13185.7'),1
FANOUT,K75,Exception('timeout_or_slo_miss: completed=58/75 errors=15 elapsed_ms=1455.3'),1
FANOUT,K75,Exception('timeout_or_slo_miss: completed=50/75 errors=25 elapsed_ms=1015.3'),1
FANOUT,K75,Exception('timeout_or_slo_miss: completed=46/75 errors=29 elapsed_ms=1067.5'),1
FANOUT,K75,Exception('timeout_or_slo_miss: completed=52/75 errors=13 elapsed_ms=1741.1'),1
FANOUT,K75,Exception('timeout_or_slo_miss: completed=49/75 errors=26 elapsed_ms=1007.4'),3
FANOUT,K75,Exception('timeout_or_slo_miss: completed=48/75 errors=27 elapsed_ms=1009.8'),1
FANOUT,K75,Exception('timeout_or_slo_miss: completed=46/75 errors=29 elapsed_ms=1106.0'),1
FANOUT,K75,Exception('timeout_or_slo_miss: completed=40/75 errors=35 elapsed_ms=1014.1'),1
FANOUT,K75,Exception('timeout_or_slo_miss: completed=47/75 errors=28 elapsed_ms=1016.0'),1
FANOUT,K75,Exception('timeout_or_slo_miss: completed=55/75 errors=20 elapsed_ms=1002.7'),5
FANOUT,K75,Exception('timeout_or_slo_miss: completed=49/75 errors=24 elapsed_ms=1521.9'),1
FANOUT,K75,Exception('timeout_or_slo_miss: completed=51/75 errors=22 elapsed_ms=1504.6'),1
FANOUT,K75,Exception('timeout_or_slo_miss: completed=43/75 errors=19 elapsed_ms=10830.0'),1
FANOUT,K75,Exception('timeout_or_slo_miss: completed=50/75 errors=8 elapsed_ms=2867.0'),1
FANOUT,K75,Exception('timeout_or_slo_miss: completed=38/75 errors=25 elapsed_ms=9765.4'),1
FANOUT,K75,Exception('timeout_or_slo_miss: completed=51/75 errors=14 elapsed_ms=1737.2'),1
FANOUT,K75,Exception('timeout_or_slo_miss: completed=49/75 errors=26 elapsed_ms=1007.3'),4
FANOUT,K75,Exception('timeout_or_slo_miss: completed=53/75 errors=22 elapsed_ms=1006.6'),5
FANOUT,K75,Exception('timeout_or_slo_miss: completed=47/75 errors=10 elapsed_ms=10521.3'),1
FANOUT,K75,Exception('timeout_or_slo_miss: completed=46/75 errors=29 elapsed_ms=1119.7'),1
FANOUT,K75,Exception('timeout_or_slo_miss: completed=57/75 errors=1 elapsed_ms=1469.6'),1
FANOUT,K75,Exception('timeout_or_slo_miss: completed=53/75 errors=22 elapsed_ms=1006.4'),5
FANOUT,K75,Exception('timeout_or_slo_miss: completed=46/75 errors=29 elapsed_ms=1012.7'),2
FANOUT,K75,Exception('timeout_or_slo_miss: completed=49/75 errors=26 elapsed_ms=1009.5'),3
FANOUT,K75,Exception('timeout_or_slo_miss: completed=46/75 errors=27 elapsed_ms=1596.1'),1
FANOUT,K75,Exception('timeout_or_slo_miss: completed=49/75 errors=26 elapsed_ms=1006.5'),1
FANOUT,K75,Exception('timeout_or_slo_miss: completed=47/75 errors=28 elapsed_ms=1026.7'),1
FANOUT,K75,Exception('timeout_or_slo_miss: completed=48/75 errors=27 elapsed_ms=1104.7'),1
FANOUT,K75,Exception('timeout_or_slo_miss: completed=45/75 errors=30 elapsed_ms=1137.4'),1
FANOUT,K75,Exception('timeout_or_slo_miss: completed=43/75 errors=32 elapsed_ms=1122.2'),1
FANOUT,K75,Exception('timeout_or_slo_miss: completed=44/75 errors=31 elapsed_ms=1127.1'),1
FANOUT,K75,Exception('timeout_or_slo_miss: completed=53/75 errors=22 elapsed_ms=1002.4'),3
FANOUT,K75,Exception('timeout_or_slo_miss: completed=53/75 errors=12 elapsed_ms=1704.7'),1
FANOUT,K75,Exception('timeout_or_slo_miss: completed=46/75 errors=29 elapsed_ms=1122.5'),1
FANOUT,K75,Exception('timeout_or_slo_miss: completed=47/75 errors=28 elapsed_ms=1008.0'),1
FANOUT,K75,Exception('timeout_or_slo_miss: completed=50/75 errors=23 elapsed_ms=1508.2'),1
FANOUT,K75,Exception('timeout_or_slo_miss: completed=44/75 errors=31 elapsed_ms=1125.5'),1
FANOUT,K75,Exception('timeout_or_slo_miss: completed=55/75 errors=20 elapsed_ms=1002.1'),2
FANOUT,K75,Exception('timeout_or_slo_miss: completed=51/75 errors=24 elapsed_ms=1004.5'),1
FANOUT,K75,Exception('timeout_or_slo_miss: completed=50/75 errors=25 elapsed_ms=1009.6'),3
FANOUT,K75,Exception('timeout_or_slo_miss: completed=48/75 errors=27 elapsed_ms=1010.9'),2
FANOUT,K75,Exception('timeout_or_slo_miss: completed=49/75 errors=26 elapsed_ms=1015.7'),1
FANOUT,K75,Exception('timeout_or_slo_miss: completed=54/75 errors=21 elapsed_ms=1002.1'),4
FANOUT,K75,Exception('timeout_or_slo_miss: completed=49/75 errors=8 elapsed_ms=3249.4'),1
FANOUT,K75,Exception('timeout_or_slo_miss: completed=50/75 errors=25 elapsed_ms=1015.7'),1
FANOUT,K75,Exception('timeout_or_slo_miss: completed=46/75 errors=27 elapsed_ms=1603.2'),1
FANOUT,K75,Exception('timeout_or_slo_miss: completed=46/75 errors=29 elapsed_ms=1113.7'),1
FANOUT,K75,Exception('timeout_or_slo_miss: completed=46/75 errors=29 elapsed_ms=1010.2'),2
FANOUT,K75,Exception('timeout_or_slo_miss: completed=50/75 errors=25 elapsed_ms=1006.8'),3
FANOUT,K75,Exception('timeout_or_slo_miss: completed=45/75 errors=28 elapsed_ms=1516.9'),1
FANOUT,K75,Exception('timeout_or_slo_miss: completed=55/75 errors=20 elapsed_ms=1003.1'),1
FANOUT,K75,Exception('timeout_or_slo_miss: completed=59/75 errors=6 elapsed_ms=1449.8'),1
FANOUT,K75,Exception('timeout_or_slo_miss: completed=47/75 errors=28 elapsed_ms=1006.8'),1
FANOUT,K75,Exception('timeout_or_slo_miss: completed=43/75 errors=32 elapsed_ms=1117.3'),1
FANOUT,K75,Exception('timeout_or_slo_miss: completed=54/75 errors=21 elapsed_ms=1005.2'),3
FANOUT,K75,Exception('timeout_or_slo_miss: completed=47/75 errors=28 elapsed_ms=1014.5'),1
FANOUT,K75,Exception('timeout_or_slo_miss: completed=43/75 errors=32 elapsed_ms=1152.5'),1
FANOUT,K75,Exception('timeout_or_slo_miss: completed=44/75 errors=31 elapsed_ms=1089.8'),1
FANOUT,K75,Exception('timeout_or_slo_miss: completed=53/75 errors=22 elapsed_ms=1003.0'),3
FANOUT,K75,Exception('timeout_or_slo_miss: completed=47/75 errors=28 elapsed_ms=1011.4'),1
FANOUT,K75,Exception('timeout_or_slo_miss: completed=52/75 errors=23 elapsed_ms=1009.6'),2
FANOUT,K75,Exception('timeout_or_slo_miss: completed=22/75 errors=34 elapsed_ms=10933.5'),1
FANOUT,K75,Exception('timeout_or_slo_miss: completed=52/75 errors=23 elapsed_ms=1007.8'),4
FANOUT,K75,Exception('timeout_or_slo_miss: completed=46/75 errors=27 elapsed_ms=1612.7'),1
FANOUT,K75,Exception('timeout_or_slo_miss: completed=50/75 errors=25 elapsed_ms=1109.1'),1
FANOUT,K75,Exception('timeout_or_slo_miss: completed=51/75 errors=22 elapsed_ms=1517.1'),1
FANOUT,K75,Exception('timeout_or_slo_miss: completed=52/75 errors=5 elapsed_ms=2651.2'),1
FANOUT,K75,Exception('timeout_or_slo_miss: completed=44/75 errors=31 elapsed_ms=1143.4'),1
FANOUT,K75,Exception('timeout_or_slo_miss: completed=49/75 errors=26 elapsed_ms=1022.3'),1
FANOUT,K75,Exception('timeout_or_slo_miss: completed=30/75 errors=26 elapsed_ms=10593.8'),1
FANOUT,K75,Exception('timeout_or_slo_miss: completed=50/75 errors=25 elapsed_ms=1007.6'),5
FANOUT,K75,Exception('timeout_or_slo_miss: completed=46/75 errors=19 elapsed_ms=1953.9'),1
FANOUT,K75,Exception('timeout_or_slo_miss: completed=48/75 errors=27 elapsed_ms=1010.2'),3
FANOUT,K75,Exception('timeout_or_slo_miss: completed=51/75 errors=24 elapsed_ms=1011.0'),5
FANOUT,K75,Exception('timeout_or_slo_miss: completed=49/75 errors=26 elapsed_ms=1071.2'),1
FANOUT,K75,Exception('timeout_or_slo_miss: completed=44/75 errors=31 elapsed_ms=1113.2'),1
FANOUT,K75,Exception('timeout_or_slo_miss: completed=49/75 errors=26 elapsed_ms=1012.8'),2
FANOUT,K75,Exception('timeout_or_slo_miss: completed=48/75 errors=27 elapsed_ms=1013.8'),1
FANOUT,K75,Exception('timeout_or_slo_miss: completed=53/75 errors=22 elapsed_ms=1009.5'),1
FANOUT,K75,Exception('timeout_or_slo_miss: completed=40/75 errors=35 elapsed_ms=1121.6'),1
FANOUT,K75,Exception('timeout_or_slo_miss: completed=52/75 errors=23 elapsed_ms=1011.7'),1
FANOUT,K75,Exception('timeout_or_slo_miss: completed=39/75 errors=34 elapsed_ms=1763.9'),1
FANOUT,K75,Exception('timeout_or_slo_miss: completed=46/75 errors=29 elapsed_ms=1016.9'),1
FANOUT,K75,Exception('timeout_or_slo_miss: completed=45/75 errors=30 elapsed_ms=1015.5'),1
FANOUT,K75,Exception('subread_error: completed=64/75 errors=11'),1
FANOUT,K75,Exception('timeout_or_slo_miss: completed=48/75 errors=17 elapsed_ms=1737.8'),1
FANOUT,K75,Exception('timeout_or_slo_miss: completed=53/75 errors=5 elapsed_ms=2321.2'),1
FANOUT,K75,Exception('timeout_or_slo_miss: completed=41/75 errors=32 elapsed_ms=4890.1'),1
FANOUT,K75,Exception('timeout_or_slo_miss: completed=43/75 errors=32 elapsed_ms=1013.3'),1
FANOUT,K75,Exception('timeout_or_slo_miss: completed=47/75 errors=28 elapsed_ms=1098.3'),2
FANOUT,K75,Exception('timeout_or_slo_miss: completed=43/75 errors=32 elapsed_ms=1012.0'),1
FANOUT,K75,Exception('timeout_or_slo_miss: completed=45/75 errors=30 elapsed_ms=1127.2'),1
FANOUT,K75,Exception('timeout_or_slo_miss: completed=47/75 errors=28 elapsed_ms=1007.7'),2
FANOUT,K75,Exception('timeout_or_slo_miss: completed=52/75 errors=23 elapsed_ms=1015.9'),1
FANOUT,K75,Exception('timeout_or_slo_miss: completed=49/75 errors=26 elapsed_ms=1098.2'),1
FANOUT,K75,Exception('timeout_or_slo_miss: completed=46/75 errors=29 elapsed_ms=1100.6'),1
FANOUT,K75,Exception('timeout_or_slo_miss: completed=51/75 errors=24 elapsed_ms=1005.0'),2
FANOUT,K75,Exception('timeout_or_slo_miss: completed=47/75 errors=28 elapsed_ms=1005.8'),1
FANOUT,K75,Exception('timeout_or_slo_miss: completed=46/75 errors=29 elapsed_ms=1013.4'),2
FANOUT,K75,Exception('timeout_or_slo_miss: completed=50/75 errors=23 elapsed_ms=1515.5'),2
FANOUT,K75,Exception('timeout_or_slo_miss: completed=45/75 errors=30 elapsed_ms=1096.6'),1
FANOUT,K75,Exception('timeout_or_slo_miss: completed=48/75 errors=27 elapsed_ms=1007.5'),2
FANOUT,K75,Exception('timeout_or_slo_miss: completed=25/75 errors=41 elapsed_ms=15881.8'),1
FANOUT,K75,Exception('timeout_or_slo_miss: completed=49/75 errors=9 elapsed_ms=2763.8'),1
FANOUT,K75,Exception('timeout_or_slo_miss: completed=40/75 errors=35 elapsed_ms=1124.6'),1
FANOUT,K75,Exception('timeout_or_slo_miss: completed=43/75 errors=22 elapsed_ms=2103.5'),1
FANOUT,K75,Exception('timeout_or_slo_miss: completed=47/75 errors=28 elapsed_ms=1013.0'),1
FANOUT,K75,Exception('subread_error: completed=56/75 errors=19'),104
FANOUT,K75,Exception('timeout_or_slo_miss: completed=55/75 errors=18 elapsed_ms=1504.1'),1
FANOUT,K75,Exception('timeout_or_slo_miss: completed=51/75 errors=14 elapsed_ms=1645.1'),1
FANOUT,K75,Exception('timeout_or_slo_miss: completed=51/75 errors=14 elapsed_ms=1623.3'),1
FANOUT,K75,Exception('timeout_or_slo_miss: completed=54/75 errors=19 elapsed_ms=1509.0'),1
FANOUT,K75,Exception('timeout_or_slo_miss: completed=54/75 errors=21 elapsed_ms=1001.5'),3
FANOUT,K75,Exception('timeout_or_slo_miss: completed=52/75 errors=23 elapsed_ms=1010.8'),3
FANOUT,K75,Exception('timeout_or_slo_miss: completed=42/75 errors=33 elapsed_ms=1014.3'),1
FANOUT,K75,Exception('timeout_or_slo_miss: completed=43/75 errors=32 elapsed_ms=1089.7'),1
FANOUT,K75,Exception('timeout_or_slo_miss: completed=46/75 errors=29 elapsed_ms=1025.9'),1
FANOUT,K75,Exception('timeout_or_slo_miss: completed=50/75 errors=25 elapsed_ms=1011.7'),2
FANOUT,K75,Exception('timeout_or_slo_miss: completed=45/75 errors=28 elapsed_ms=1617.5'),1
FANOUT,K75,Exception('timeout_or_slo_miss: completed=49/75 errors=26 elapsed_ms=1008.9'),1
FANOUT,K75,Exception('timeout_or_slo_miss: completed=46/75 errors=29 elapsed_ms=1014.3'),1
FANOUT,K75,Exception('timeout_or_slo_miss: completed=42/75 errors=33 elapsed_ms=1142.7'),1
FANOUT,K75,Exception('timeout_or_slo_miss: completed=49/75 errors=16 elapsed_ms=1732.4'),1
FANOUT,K75,Exception('timeout_or_slo_miss: completed=41/75 errors=34 elapsed_ms=1109.5'),1
FANOUT,K75,Exception('timeout_or_slo_miss: completed=48/75 errors=17 elapsed_ms=1788.1'),1
FANOUT,K75,Exception('timeout_or_slo_miss: completed=52/75 errors=23 elapsed_ms=1031.4'),1
FANOUT,K75,Exception('timeout_or_slo_miss: completed=49/75 errors=26 elapsed_ms=1017.8'),1
FANOUT,K75,Exception('timeout_or_slo_miss: completed=44/75 errors=31 elapsed_ms=1091.3'),1
FANOUT,K75,Exception('timeout_or_slo_miss: completed=47/75 errors=28 elapsed_ms=1069.2'),1
FANOUT,K75,Exception('timeout_or_slo_miss: completed=51/75 errors=24 elapsed_ms=1003.7'),1
FANOUT,K75,Exception('timeout_or_slo_miss: completed=52/75 errors=13 elapsed_ms=1713.4'),1
FANOUT,K75,Exception('timeout_or_slo_miss: completed=50/75 errors=25 elapsed_ms=1004.7'),2
FANOUT,K75,Exception('timeout_or_slo_miss: completed=51/75 errors=24 elapsed_ms=1015.8'),1
FANOUT,K75,Exception('timeout_or_slo_miss: completed=39/75 errors=36 elapsed_ms=1147.8'),1
FANOUT,K75,Exception('timeout_or_slo_miss: completed=55/75 errors=20 elapsed_ms=1005.0'),1
FANOUT,K75,Exception('timeout_or_slo_miss: completed=48/75 errors=27 elapsed_ms=1074.2'),1
FANOUT,K75,Exception('timeout_or_slo_miss: completed=52/75 errors=23 elapsed_ms=1003.6'),2
FANOUT,K75,Exception('timeout_or_slo_miss: completed=47/75 errors=28 elapsed_ms=1005.5'),1
FANOUT,K75,Exception('timeout_or_slo_miss: completed=54/75 errors=21 elapsed_ms=1005.0'),1
FANOUT,K75,Exception('timeout_or_slo_miss: completed=53/75 errors=22 elapsed_ms=1007.4'),2
FANOUT,K75,Exception('timeout_or_slo_miss: completed=48/75 errors=17 elapsed_ms=1731.7'),1
FANOUT,K75,Exception('timeout_or_slo_miss: completed=49/75 errors=26 elapsed_ms=1006.7'),2
FANOUT,K75,Exception('timeout_or_slo_miss: completed=48/75 errors=27 elapsed_ms=1019.8'),2
FANOUT,K75,Exception('timeout_or_slo_miss: completed=44/75 errors=31 elapsed_ms=1017.9'),1
FANOUT,K75,Exception('timeout_or_slo_miss: completed=54/75 errors=21 elapsed_ms=1005.5'),1
FANOUT,K75,Exception('timeout_or_slo_miss: completed=49/75 errors=16 elapsed_ms=1879.3'),1
FANOUT,K75,Exception('timeout_or_slo_miss: completed=49/75 errors=26 elapsed_ms=1014.6'),1
FANOUT,K75,Exception('timeout_or_slo_miss: completed=47/75 errors=28 elapsed_ms=1006.6'),2
FANOUT,K75,Exception('timeout_or_slo_miss: completed=55/75 errors=20 elapsed_ms=1005.1'),1
FANOUT,K75,Exception('timeout_or_slo_miss: completed=48/75 errors=27 elapsed_ms=1093.6'),1
FANOUT,K75,Exception('timeout_or_slo_miss: completed=45/75 errors=30 elapsed_ms=1097.9'),1
FANOUT,K75,Exception('timeout_or_slo_miss: completed=52/75 errors=23 elapsed_ms=1005.0'),2
FANOUT,K75,Exception('timeout_or_slo_miss: completed=53/75 errors=20 elapsed_ms=1503.8'),1
FANOUT,K75,Exception('timeout_or_slo_miss: completed=52/75 errors=23 elapsed_ms=1002.5'),1
FANOUT,K75,Exception('timeout_or_slo_miss: completed=53/75 errors=20 elapsed_ms=1509.0'),1
FANOUT,K75,Exception('timeout_or_slo_miss: completed=47/75 errors=28 elapsed_ms=1007.9'),1
FANOUT,K75,Exception('timeout_or_slo_miss: completed=57/75 errors=16 elapsed_ms=1356.4'),1
FANOUT,K75,Exception('timeout_or_slo_miss: completed=53/75 errors=22 elapsed_ms=1011.6'),1
FANOUT,K75,Exception('timeout_or_slo_miss: completed=47/75 errors=28 elapsed_ms=1098.5'),1
FANOUT,K75,Exception('timeout_or_slo_miss: completed=48/75 errors=27 elapsed_ms=1011.1'),5
FANOUT,K75,Exception('timeout_or_slo_miss: completed=49/75 errors=26 elapsed_ms=1038.6'),1
FANOUT,K75,Exception('timeout_or_slo_miss: completed=47/75 errors=28 elapsed_ms=1116.6'),1
FANOUT,K75,Exception('timeout_or_slo_miss: completed=53/75 errors=22 elapsed_ms=1005.1'),4
FANOUT,K75,Exception('timeout_or_slo_miss: completed=47/75 errors=18 elapsed_ms=1763.4'),1
FANOUT,K75,Exception('timeout_or_slo_miss: completed=46/75 errors=29 elapsed_ms=1131.5'),1
FANOUT,K75,Exception('timeout_or_slo_miss: completed=55/75 errors=20 elapsed_ms=1004.7'),1
FANOUT,K75,Exception('timeout_or_slo_miss: completed=50/75 errors=25 elapsed_ms=1009.7'),2
FANOUT,K75,Exception('timeout_or_slo_miss: completed=55/75 errors=20 elapsed_ms=1001.7'),1
FANOUT,K75,Exception('timeout_or_slo_miss: completed=49/75 errors=26 elapsed_ms=1084.4'),1
FANOUT,K75,Exception('timeout_or_slo_miss: completed=50/75 errors=15 elapsed_ms=1747.1'),1
FANOUT,K75,Exception('timeout_or_slo_miss: completed=46/75 errors=29 elapsed_ms=1009.7'),2
FANOUT,K75,Exception('timeout_or_slo_miss: completed=47/75 errors=28 elapsed_ms=1010.4'),1
FANOUT,K75,Exception('timeout_or_slo_miss: completed=55/75 errors=20 elapsed_ms=1002.5'),5
FANOUT,K75,Exception('timeout_or_slo_miss: completed=48/75 errors=27 elapsed_ms=1008.9'),2
FANOUT,K75,Exception('timeout_or_slo_miss: completed=54/75 errors=19 elapsed_ms=1504.4'),1
FANOUT,K75,Exception('timeout_or_slo_miss: completed=52/75 errors=23 elapsed_ms=1002.4'),3
FANOUT,K75,Exception('timeout_or_slo_miss: completed=50/75 errors=25 elapsed_ms=1112.2'),1
FANOUT,K75,Exception('timeout_or_slo_miss: completed=50/75 errors=25 elapsed_ms=1013.4'),1
FANOUT,K75,Exception('timeout_or_slo_miss: completed=53/75 errors=22 elapsed_ms=1007.0'),3
FANOUT,K75,Exception('timeout_or_slo_miss: completed=54/75 errors=4 elapsed_ms=1854.3'),1
FANOUT,K75,Exception('timeout_or_slo_miss: completed=53/75 errors=22 elapsed_ms=1008.5'),2
FANOUT,K75,Exception('timeout_or_slo_miss: completed=43/75 errors=30 elapsed_ms=1644.6'),1
FANOUT,K75,Exception('timeout_or_slo_miss: completed=48/75 errors=17 elapsed_ms=1771.7'),1
FANOUT,K75,Exception('timeout_or_slo_miss: completed=55/75 errors=18 elapsed_ms=1504.4'),1
FANOUT,K75,Exception('timeout_or_slo_miss: completed=42/75 errors=33 elapsed_ms=1065.7'),1
FANOUT,K75,Exception('timeout_or_slo_miss: completed=50/75 errors=25 elapsed_ms=1008.7'),5
FANOUT,K75,Exception('timeout_or_slo_miss: completed=50/75 errors=15 elapsed_ms=1736.2'),1
FANOUT,K75,Exception('timeout_or_slo_miss: completed=48/75 errors=10 elapsed_ms=3217.6'),1
FANOUT,K75,Exception('timeout_or_slo_miss: completed=47/75 errors=28 elapsed_ms=1063.9'),1
FANOUT,K75,Exception('timeout_or_slo_miss: completed=41/75 errors=34 elapsed_ms=1106.5'),1
FANOUT,K75,Exception('timeout_or_slo_miss: completed=49/75 errors=26 elapsed_ms=1005.2'),2
FANOUT,K75,Exception('timeout_or_slo_miss: completed=45/75 errors=30 elapsed_ms=1012.1'),1
FANOUT,K75,Exception('timeout_or_slo_miss: completed=49/75 errors=26 elapsed_ms=1011.2'),2
FANOUT,K75,Exception('timeout_or_slo_miss: completed=54/75 errors=21 elapsed_ms=1005.9'),3
FANOUT,K75,Exception('timeout_or_slo_miss: completed=49/75 errors=16 elapsed_ms=1802.3'),1
FANOUT,K75,Exception('timeout_or_slo_miss: completed=44/75 errors=31 elapsed_ms=1109.5'),2
FANOUT,K75,Exception('timeout_or_slo_miss: completed=45/75 errors=30 elapsed_ms=1071.4'),1
FANOUT,K75,Exception('timeout_or_slo_miss: completed=51/75 errors=14 elapsed_ms=1665.6'),1
FANOUT,K75,Exception('timeout_or_slo_miss: completed=52/75 errors=23 elapsed_ms=1006.6'),7
FANOUT,K75,Exception('timeout_or_slo_miss: completed=42/75 errors=33 elapsed_ms=1166.0'),1
FANOUT,K75,Exception('timeout_or_slo_miss: completed=44/75 errors=21 elapsed_ms=2024.2'),1
FANOUT,K75,Exception('timeout_or_slo_miss: completed=48/75 errors=27 elapsed_ms=1012.5'),2
FANOUT,K75,Exception('timeout_or_slo_miss: completed=53/75 errors=22 elapsed_ms=1020.8'),1
FANOUT,K75,Exception('timeout_or_slo_miss: completed=49/75 errors=26 elapsed_ms=1117.3'),1
FANOUT,K75,Exception('timeout_or_slo_miss: completed=49/75 errors=26 elapsed_ms=1067.9'),1
FANOUT,K75,Exception('timeout_or_slo_miss: completed=53/75 errors=12 elapsed_ms=1652.2'),1
FANOUT,K75,Exception('timeout_or_slo_miss: completed=50/75 errors=22 elapsed_ms=1505.4'),1
FANOUT,K75,Exception('timeout_or_slo_miss: completed=45/75 errors=30 elapsed_ms=1139.6'),1
FANOUT,K75,Exception('timeout_or_slo_miss: completed=56/75 errors=19 elapsed_ms=1002.6'),1
FANOUT,K75,Exception('timeout_or_slo_miss: completed=47/75 errors=26 elapsed_ms=1623.5'),1
FANOUT,K75,Exception('timeout_or_slo_miss: completed=45/75 errors=28 elapsed_ms=1680.4'),1
FANOUT,K75,Exception('timeout_or_slo_miss: completed=49/75 errors=16 elapsed_ms=1879.7'),1
FANOUT,K75,Exception('timeout_or_slo_miss: completed=45/75 errors=30 elapsed_ms=1093.0'),1
FANOUT,K75,Exception('timeout_or_slo_miss: completed=52/75 errors=23 elapsed_ms=1003.5'),1
FANOUT,K75,Exception('timeout_or_slo_miss: completed=49/75 errors=26 elapsed_ms=1009.0'),1
FANOUT,K75,Exception('timeout_or_slo_miss: completed=44/75 errors=31 elapsed_ms=1101.9'),1
FANOUT,K75,Exception('timeout_or_slo_miss: completed=47/75 errors=28 elapsed_ms=1018.5'),1
FANOUT,K75,Exception('timeout_or_slo_miss: completed=48/75 errors=27 elapsed_ms=1005.8'),1
FANOUT,K75,Exception('timeout_or_slo_miss: completed=49/75 errors=26 elapsed_ms=1079.9'),1
FANOUT,K75,Exception('timeout_or_slo_miss: completed=53/75 errors=20 elapsed_ms=1505.5'),1
FANOUT,K75,Exception('timeout_or_slo_miss: completed=47/75 errors=28 elapsed_ms=1095.1'),1
FANOUT,K75,Exception('timeout_or_slo_miss: completed=49/75 errors=26 elapsed_ms=1010.1'),1
FANOUT,K75,Exception('timeout_or_slo_miss: completed=44/75 errors=31 elapsed_ms=1101.1'),1
FANOUT,K75,Exception('timeout_or_slo_miss: completed=56/75 errors=8 elapsed_ms=1418.9'),1
FANOUT,K75,Exception('timeout_or_slo_miss: completed=47/75 errors=28 elapsed_ms=1006.5'),2
FANOUT,K75,Exception('timeout_or_slo_miss: completed=45/75 errors=30 elapsed_ms=1096.5'),2
FANOUT,K75,Exception('timeout_or_slo_miss: completed=48/75 errors=27 elapsed_ms=1019.4'),1
FANOUT,K75,Exception('timeout_or_slo_miss: completed=57/75 errors=18 elapsed_ms=1001.9'),1
FANOUT,K75,Exception('timeout_or_slo_miss: completed=49/75 errors=26 elapsed_ms=1013.2'),4
FANOUT,K75,Exception('timeout_or_slo_miss: completed=46/75 errors=19 elapsed_ms=1775.5'),1
FANOUT,K75,Exception('timeout_or_slo_miss: completed=49/75 errors=26 elapsed_ms=1012.0'),3
FANOUT,K75,Exception('timeout_or_slo_miss: completed=55/75 errors=10 elapsed_ms=1508.8'),1
FANOUT,K75,Exception('timeout_or_slo_miss: completed=53/75 errors=22 elapsed_ms=1007.2'),1
FANOUT,K75,Exception('timeout_or_slo_miss: completed=51/75 errors=24 elapsed_ms=1011.2'),2
FANOUT,K75,Exception('timeout_or_slo_miss: completed=48/75 errors=27 elapsed_ms=1014.5'),1
FANOUT,K75,Exception('timeout_or_slo_miss: completed=48/75 errors=27 elapsed_ms=1015.3'),1
FANOUT,K75,Exception('timeout_or_slo_miss: completed=45/75 errors=13 elapsed_ms=3266.6'),1
FANOUT,K75,Exception('timeout_or_slo_miss: completed=45/75 errors=30 elapsed_ms=1087.7'),1
FANOUT,K75,Exception('timeout_or_slo_miss: completed=51/75 errors=24 elapsed_ms=1013.1'),2
FANOUT,K75,Exception('timeout_or_slo_miss: completed=50/75 errors=25 elapsed_ms=1014.4'),1
FANOUT,K75,Exception('timeout_or_slo_miss: completed=49/75 errors=26 elapsed_ms=1113.3'),1
FANOUT,K75,Exception('timeout_or_slo_miss: completed=52/75 errors=21 elapsed_ms=1508.4'),1
FANOUT,K75,Exception('timeout_or_slo_miss: completed=47/75 errors=28 elapsed_ms=1043.2'),1
FANOUT,K75,Exception('timeout_or_slo_miss: completed=49/75 errors=26 elapsed_ms=1012.9'),1
FANOUT,K75,Exception('timeout_or_slo_miss: completed=51/75 errors=22 elapsed_ms=1511.1'),1
FANOUT,K75,Exception('timeout_or_slo_miss: completed=44/75 errors=31 elapsed_ms=1114.4'),1
FANOUT,K75,Exception('timeout_or_slo_miss: completed=54/75 errors=21 elapsed_ms=1003.3'),2
FANOUT,K75,Exception('timeout_or_slo_miss: completed=46/75 errors=29 elapsed_ms=1112.3'),1
FANOUT,K75,Exception('timeout_or_slo_miss: completed=49/75 errors=26 elapsed_ms=1013.1'),2
FANOUT,K75,Exception('timeout_or_slo_miss: completed=48/75 errors=27 elapsed_ms=1091.3'),1
FANOUT,K75,Exception('timeout_or_slo_miss: completed=45/75 errors=30 elapsed_ms=1110.7'),1
FANOUT,K75,Exception('timeout_or_slo_miss: completed=49/75 errors=16 elapsed_ms=1768.6'),1
FANOUT,K75,Exception('timeout_or_slo_miss: completed=44/75 errors=31 elapsed_ms=1135.0'),1
FANOUT,K75,Exception('timeout_or_slo_miss: completed=43/75 errors=32 elapsed_ms=1117.0'),2
FANOUT,K75,Exception('timeout_or_slo_miss: completed=46/75 errors=29 elapsed_ms=1082.1'),1
FANOUT,K75,Exception('timeout_or_slo_miss: completed=42/75 errors=33 elapsed_ms=1130.4'),1
FANOUT,K75,Exception('timeout_or_slo_miss: completed=50/75 errors=25 elapsed_ms=1011.5'),1
FANOUT,K75,Exception('timeout_or_slo_miss: completed=41/75 errors=22 elapsed_ms=10575.2'),1
FANOUT,K75,Exception('timeout_or_slo_miss: completed=43/75 errors=32 elapsed_ms=1093.6'),1
FANOUT,K75,Exception('timeout_or_slo_miss: completed=46/75 errors=29 elapsed_ms=1090.0'),1
FANOUT,K75,Exception('timeout_or_slo_miss: completed=50/75 errors=25 elapsed_ms=1022.0'),1
FANOUT,K75,Exception('timeout_or_slo_miss: completed=47/75 errors=11 elapsed_ms=3218.8'),1
FANOUT,K75,Exception('timeout_or_slo_miss: completed=46/75 errors=29 elapsed_ms=1011.8'),3
FANOUT,K75,Exception('timeout_or_slo_miss: completed=50/75 errors=25 elapsed_ms=1006.5'),2
FANOUT,K75,Exception('timeout_or_slo_miss: completed=48/75 errors=27 elapsed_ms=1231.3'),1
FANOUT,K75,Exception('timeout_or_slo_miss: completed=45/75 errors=30 elapsed_ms=1083.1'),1
FANOUT,K75,Exception('timeout_or_slo_miss: completed=54/75 errors=21 elapsed_ms=1004.4'),4
FANOUT,K75,Exception('timeout_or_slo_miss: completed=49/75 errors=24 elapsed_ms=1576.1'),1
FANOUT,K75,Exception('timeout_or_slo_miss: completed=45/75 errors=30 elapsed_ms=1110.3'),1
FANOUT,K75,Exception('timeout_or_slo_miss: completed=55/75 errors=20 elapsed_ms=1000.5'),1
FANOUT,K75,Exception('timeout_or_slo_miss: completed=52/75 errors=21 elapsed_ms=1553.0'),1
FANOUT,K75,Exception('timeout_or_slo_miss: completed=47/75 errors=28 elapsed_ms=1082.4'),1
FANOUT,K75,Exception('timeout_or_slo_miss: completed=46/75 errors=29 elapsed_ms=1010.3'),1
FANOUT,K75,Exception('timeout_or_slo_miss: completed=48/75 errors=27 elapsed_ms=1011.6'),2
FANOUT,K75,Exception('timeout_or_slo_miss: completed=48/75 errors=17 elapsed_ms=1847.4'),1
FANOUT,K75,Exception('timeout_or_slo_miss: completed=47/75 errors=28 elapsed_ms=1009.4'),3
FANOUT,K75,Exception('timeout_or_slo_miss: completed=44/75 errors=31 elapsed_ms=1013.6'),1
FANOUT,K75,Exception('timeout_or_slo_miss: completed=51/75 errors=24 elapsed_ms=1007.1'),4
FANOUT,K75,Exception('timeout_or_slo_miss: completed=45/75 errors=30 elapsed_ms=1016.1'),1
FANOUT,K75,Exception('timeout_or_slo_miss: completed=46/75 errors=29 elapsed_ms=1240.6'),1
FANOUT,K75,Exception('timeout_or_slo_miss: completed=46/75 errors=29 elapsed_ms=1070.1'),1
FANOUT,K75,Exception('timeout_or_slo_miss: completed=48/75 errors=17 elapsed_ms=1731.5'),1
FANOUT,K75,Exception('timeout_or_slo_miss: completed=49/75 errors=26 elapsed_ms=1008.5'),3
FANOUT,K75,Exception('timeout_or_slo_miss: completed=46/75 errors=29 elapsed_ms=1116.9'),1
FANOUT,K75,Exception('timeout_or_slo_miss: completed=50/75 errors=25 elapsed_ms=1024.9'),1
FANOUT,K75,Exception('timeout_or_slo_miss: completed=34/75 errors=41 elapsed_ms=1503.8'),1
FANOUT,K75,Exception('timeout_or_slo_miss: completed=48/75 errors=27 elapsed_ms=1022.4'),1
FANOUT,K75,Exception('timeout_or_slo_miss: completed=50/75 errors=25 elapsed_ms=1009.8'),1
FANOUT,K75,Exception('timeout_or_slo_miss: completed=47/75 errors=28 elapsed_ms=1015.6'),1
FANOUT,K75,Exception('timeout_or_slo_miss: completed=46/75 errors=29 elapsed_ms=1090.4'),1
FANOUT,K75,Exception('timeout_or_slo_miss: completed=50/75 errors=25 elapsed_ms=1007.4'),3
FANOUT,K75,Exception('timeout_or_slo_miss: completed=50/75 errors=23 elapsed_ms=1512.7'),1
FANOUT,K75,Exception('timeout_or_slo_miss: completed=54/75 errors=21 elapsed_ms=1005.7'),2
FANOUT,K75,Exception('timeout_or_slo_miss: completed=51/75 errors=24 elapsed_ms=1005.3'),4
FANOUT,K75,Exception('timeout_or_slo_miss: completed=48/75 errors=25 elapsed_ms=1587.8'),1
FANOUT,K75,Exception('timeout_or_slo_miss: completed=46/75 errors=29 elapsed_ms=1123.2'),1
FANOUT,K75,Exception('timeout_or_slo_miss: completed=44/75 errors=31 elapsed_ms=1007.5'),1
FANOUT,K75,Exception('timeout_or_slo_miss: completed=46/75 errors=29 elapsed_ms=1009.4'),1
FANOUT,K75,Exception('timeout_or_slo_miss: completed=46/75 errors=29 elapsed_ms=1013.1'),1
FANOUT,K75,Exception('timeout_or_slo_miss: completed=47/75 errors=28 elapsed_ms=1086.3'),1
FANOUT,K75,Exception('timeout_or_slo_miss: completed=46/75 errors=29 elapsed_ms=1103.6'),1
FANOUT,K75,Exception('timeout_or_slo_miss: completed=56/75 errors=9 elapsed_ms=1411.2'),1
FANOUT,K75,Exception('timeout_or_slo_miss: completed=46/75 errors=29 elapsed_ms=1139.2'),1
FANOUT,K75,Exception('timeout_or_slo_miss: completed=50/75 errors=25 elapsed_ms=1084.5'),1
FANOUT,K75,Exception('timeout_or_slo_miss: completed=50/75 errors=25 elapsed_ms=1013.1'),2
FANOUT,K75,Exception('timeout_or_slo_miss: completed=52/75 errors=13 elapsed_ms=1636.4'),1
FANOUT,K75,Exception('timeout_or_slo_miss: completed=43/75 errors=32 elapsed_ms=1116.4'),1
FANOUT,K75,Exception('timeout_or_slo_miss: completed=42/75 errors=33 elapsed_ms=1166.1'),1
FANOUT,K75,Exception('timeout_or_slo_miss: completed=42/75 errors=33 elapsed_ms=1111.1'),1
FANOUT,K75,Exception('timeout_or_slo_miss: completed=47/75 errors=28 elapsed_ms=1012.1'),3
FANOUT,K75,Exception('timeout_or_slo_miss: completed=54/75 errors=21 elapsed_ms=1004.7'),2
FANOUT,K75,Exception('timeout_or_slo_miss: completed=51/75 errors=22 elapsed_ms=1597.1'),1
FANOUT,K75,Exception('timeout_or_slo_miss: completed=44/75 errors=31 elapsed_ms=1139.7'),1
FANOUT,K75,Exception('timeout_or_slo_miss: completed=52/75 errors=23 elapsed_ms=1005.3'),5
FANOUT,K75,Exception('timeout_or_slo_miss: completed=52/75 errors=23 elapsed_ms=1009.3'),1
FANOUT,K75,Exception('timeout_or_slo_miss: completed=50/75 errors=25 elapsed_ms=1006.3'),5
FANOUT,K75,Exception('timeout_or_slo_miss: completed=47/75 errors=28 elapsed_ms=1103.6'),1
FANOUT,K75,Exception('timeout_or_slo_miss: completed=47/75 errors=28 elapsed_ms=1053.7'),1
FANOUT,K75,Exception('timeout_or_slo_miss: completed=51/75 errors=24 elapsed_ms=1004.6'),6
FANOUT,K75,Exception('timeout_or_slo_miss: completed=48/75 errors=27 elapsed_ms=1085.6'),1
FANOUT,K75,Exception('timeout_or_slo_miss: completed=52/75 errors=21 elapsed_ms=1512.0'),1
FANOUT,K75,Exception('timeout_or_slo_miss: completed=52/75 errors=23 elapsed_ms=1007.0'),7
FANOUT,K75,Exception('timeout_or_slo_miss: completed=45/75 errors=30 elapsed_ms=1105.3'),1
FANOUT,K75,Exception('timeout_or_slo_miss: completed=56/75 errors=19 elapsed_ms=1002.4'),1
FANOUT,K75,Exception('timeout_or_slo_miss: completed=52/75 errors=23 elapsed_ms=1003.7'),1
FANOUT,K75,Exception('timeout_or_slo_miss: completed=47/75 errors=26 elapsed_ms=1617.6'),1
FANOUT,K75,Exception('timeout_or_slo_miss: completed=49/75 errors=26 elapsed_ms=1017.9'),2
FANOUT,K75,Exception('timeout_or_slo_miss: completed=49/75 errors=26 elapsed_ms=1015.9'),1
FANOUT,K75,Exception('timeout_or_slo_miss: completed=48/75 errors=27 elapsed_ms=1006.9'),2
FANOUT,K75,Exception('timeout_or_slo_miss: completed=43/75 errors=32 elapsed_ms=1134.6'),1
FANOUT,K75,Exception('timeout_or_slo_miss: completed=43/75 errors=32 elapsed_ms=1115.0'),1
FANOUT,K75,Exception('timeout_or_slo_miss: completed=48/75 errors=25 elapsed_ms=1511.1'),1
FANOUT,K75,Exception('timeout_or_slo_miss: completed=47/75 errors=28 elapsed_ms=1012.7'),3
FANOUT,K75,Exception('timeout_or_slo_miss: completed=43/75 errors=32 elapsed_ms=1127.9'),1
FANOUT,K75,Exception('timeout_or_slo_miss: completed=52/75 errors=23 elapsed_ms=1008.3'),1
FANOUT,K75,Exception('timeout_or_slo_miss: completed=44/75 errors=31 elapsed_ms=1134.5'),1
FANOUT,K75,Exception('timeout_or_slo_miss: completed=47/75 errors=28 elapsed_ms=1082.0'),1
FANOUT,K75,Exception('timeout_or_slo_miss: completed=46/75 errors=29 elapsed_ms=1011.7'),1
FANOUT,K75,Exception('timeout_or_slo_miss: completed=42/75 errors=33 elapsed_ms=1107.1'),1
FANOUT,K75,Exception('timeout_or_slo_miss: completed=52/75 errors=23 elapsed_ms=1011.3'),4
FANOUT,K75,Exception('timeout_or_slo_miss: completed=48/75 errors=27 elapsed_ms=1010.6'),3
FANOUT,K75,Exception('timeout_or_slo_miss: completed=46/75 errors=29 elapsed_ms=1105.5'),1
FANOUT,K75,Exception('timeout_or_slo_miss: completed=46/75 errors=29 elapsed_ms=1081.1'),1
FANOUT,K75,Exception('timeout_or_slo_miss: completed=45/75 errors=30 elapsed_ms=1082.5'),1
FANOUT,K75,Exception('timeout_or_slo_miss: completed=54/75 errors=4 elapsed_ms=2069.6'),1
FANOUT,K75,Exception('timeout_or_slo_miss: completed=52/75 errors=23 elapsed_ms=1013.5'),1
FANOUT,K75,Exception('timeout_or_slo_miss: completed=50/75 errors=25 elapsed_ms=1007.1'),3
FANOUT,K75,Exception('timeout_or_slo_miss: completed=48/75 errors=27 elapsed_ms=1008.0'),2
FANOUT,K75,Exception('timeout_or_slo_miss: completed=49/75 errors=26 elapsed_ms=1108.7'),1
FANOUT,K75,Exception('timeout_or_slo_miss: completed=51/75 errors=14 elapsed_ms=1731.0'),1
FANOUT,K75,Exception('timeout_or_slo_miss: completed=45/75 errors=30 elapsed_ms=1010.7'),1
FANOUT,K75,Exception('timeout_or_slo_miss: completed=50/75 errors=25 elapsed_ms=1011.1'),2
FANOUT,K75,Exception('timeout_or_slo_miss: completed=47/75 errors=28 elapsed_ms=1012.3'),2
FANOUT,K75,Exception('timeout_or_slo_miss: completed=52/75 errors=23 elapsed_ms=1006.8'),3
FANOUT,K75,Exception('timeout_or_slo_miss: completed=40/75 errors=35 elapsed_ms=1094.3'),1
FANOUT,K75,Exception('timeout_or_slo_miss: completed=42/75 errors=33 elapsed_ms=1118.0'),1
FANOUT,K75,Exception('timeout_or_slo_miss: completed=53/75 errors=12 elapsed_ms=1628.2'),1
FANOUT,K75,Exception('timeout_or_slo_miss: completed=53/75 errors=22 elapsed_ms=1008.3'),1
FANOUT,K75,Exception('timeout_or_slo_miss: completed=49/75 errors=26 elapsed_ms=1020.1'),1
FANOUT,K75,Exception('timeout_or_slo_miss: completed=49/75 errors=26 elapsed_ms=1121.5'),1
FANOUT,K75,Exception('timeout_or_slo_miss: completed=43/75 errors=32 elapsed_ms=1018.1'),1
FANOUT,K75,Exception('timeout_or_slo_miss: completed=51/75 errors=24 elapsed_ms=1006.3'),3
FANOUT,K75,Exception('timeout_or_slo_miss: completed=44/75 errors=21 elapsed_ms=2014.8'),1
FANOUT,K75,Exception('timeout_or_slo_miss: completed=51/75 errors=24 elapsed_ms=1003.4'),1
FANOUT,K75,Exception('timeout_or_slo_miss: completed=55/75 errors=20 elapsed_ms=1002.6'),2
FANOUT,K75,Exception('timeout_or_slo_miss: completed=52/75 errors=13 elapsed_ms=1602.8'),1
FANOUT,K75,Exception('timeout_or_slo_miss: completed=50/75 errors=23 elapsed_ms=1513.2'),1
FANOUT,K75,Exception('timeout_or_slo_miss: completed=53/75 errors=22 elapsed_ms=1004.3'),1
FANOUT,K75,Exception('timeout_or_slo_miss: completed=54/75 errors=21 elapsed_ms=1007.9'),1
FANOUT,K75,Exception('timeout_or_slo_miss: completed=49/75 errors=16 elapsed_ms=1793.3'),1
FANOUT,K75,Exception('timeout_or_slo_miss: completed=48/75 errors=27 elapsed_ms=1040.7'),1
FANOUT,K75,Exception('timeout_or_slo_miss: completed=44/75 errors=31 elapsed_ms=1015.9'),1
FANOUT,K75,Exception('timeout_or_slo_miss: completed=50/75 errors=15 elapsed_ms=1761.0'),1
FANOUT,K75,Exception('timeout_or_slo_miss: completed=44/75 errors=31 elapsed_ms=1116.5'),1
FANOUT,K75,Exception('timeout_or_slo_miss: completed=45/75 errors=13 elapsed_ms=3294.8'),1
FANOUT,K75,Exception('timeout_or_slo_miss: completed=44/75 errors=21 elapsed_ms=2121.4'),1
FANOUT,K75,Exception('timeout_or_slo_miss: completed=37/75 errors=38 elapsed_ms=1170.8'),1
FANOUT,K75,Exception('timeout_or_slo_miss: completed=54/75 errors=21 elapsed_ms=1006.1'),1
FANOUT,K75,Exception('timeout_or_slo_miss: completed=50/75 errors=25 elapsed_ms=1006.0'),5
FANOUT,K75,Exception('timeout_or_slo_miss: completed=48/75 errors=25 elapsed_ms=1633.0'),1
FANOUT,K75,Exception('timeout_or_slo_miss: completed=41/75 errors=34 elapsed_ms=1097.3'),1
FANOUT,K75,Exception('timeout_or_slo_miss: completed=51/75 errors=24 elapsed_ms=1006.8'),6
FANOUT,K75,Exception('timeout_or_slo_miss: completed=49/75 errors=26 elapsed_ms=1010.5'),1
FANOUT,K75,Exception('timeout_or_slo_miss: completed=51/75 errors=14 elapsed_ms=1608.0'),1
FANOUT,K75,Exception('timeout_or_slo_miss: completed=54/75 errors=21 elapsed_ms=1006.3'),2
FANOUT,K75,Exception('timeout_or_slo_miss: completed=55/75 errors=18 elapsed_ms=1505.6'),1
FANOUT,K75,Exception('timeout_or_slo_miss: completed=47/75 errors=28 elapsed_ms=1011.8'),3
FANOUT,K75,Exception('timeout_or_slo_miss: completed=51/75 errors=22 elapsed_ms=1507.5'),1
FANOUT,K75,Exception('timeout_or_slo_miss: completed=52/75 errors=21 elapsed_ms=1507.8'),2
FANOUT,K75,Exception('timeout_or_slo_miss: completed=46/75 errors=29 elapsed_ms=1011.4'),1
FANOUT,K75,Exception('timeout_or_slo_miss: completed=54/75 errors=11 elapsed_ms=1623.8'),1
FANOUT,K75,Exception('timeout_or_slo_miss: completed=41/75 errors=34 elapsed_ms=1121.8'),1
FANOUT,K75,Exception('timeout_or_slo_miss: completed=51/75 errors=24 elapsed_ms=1007.5'),7
FANOUT,K75,Exception('timeout_or_slo_miss: completed=53/75 errors=22 elapsed_ms=1009.0'),2
FANOUT,K75,Exception('timeout_or_slo_miss: completed=50/75 errors=25 elapsed_ms=1013.2'),2
FANOUT,K75,Exception('timeout_or_slo_miss: completed=49/75 errors=9 elapsed_ms=2789.4'),1
FANOUT,K75,Exception('timeout_or_slo_miss: completed=41/75 errors=34 elapsed_ms=1076.9'),1
FANOUT,K75,Exception('timeout_or_slo_miss: completed=51/75 errors=24 elapsed_ms=1006.1'),1
FANOUT,K75,Exception('timeout_or_slo_miss: completed=51/75 errors=7 elapsed_ms=2422.1'),1
FANOUT,K75,Exception('timeout_or_slo_miss: completed=47/75 errors=28 elapsed_ms=1102.8'),1
FANOUT,K75,Exception('timeout_or_slo_miss: completed=54/75 errors=21 elapsed_ms=1001.7'),4
FANOUT,K75,Exception('timeout_or_slo_miss: completed=54/75 errors=21 elapsed_ms=1001.6'),5
FANOUT,K75,Exception('timeout_or_slo_miss: completed=45/75 errors=30 elapsed_ms=1070.4'),1
FANOUT,K75,Exception('timeout_or_slo_miss: completed=45/75 errors=30 elapsed_ms=1010.5'),1
FANOUT,K75,Exception('timeout_or_slo_miss: completed=54/75 errors=21 elapsed_ms=1008.1'),1
FANOUT,K75,Exception('timeout_or_slo_miss: completed=50/75 errors=25 elapsed_ms=1003.8'),1
FANOUT,K75,Exception('timeout_or_slo_miss: completed=54/75 errors=21 elapsed_ms=1002.3'),8
FANOUT,K75,Exception('timeout_or_slo_miss: completed=46/75 errors=29 elapsed_ms=1029.6'),1
FANOUT,K75,Exception('timeout_or_slo_miss: completed=57/75 errors=8 elapsed_ms=1506.5'),1
FANOUT,K75,Exception('timeout_or_slo_miss: completed=48/75 errors=27 elapsed_ms=1014.0'),1
FANOUT,K75,Exception('timeout_or_slo_miss: completed=53/75 errors=22 elapsed_ms=1007.9'),1
FANOUT,K75,Exception('timeout_or_slo_miss: completed=47/75 errors=28 elapsed_ms=1089.0'),1
FANOUT,K75,Exception('timeout_or_slo_miss: completed=52/75 errors=23 elapsed_ms=1002.7'),4
FANOUT,K75,Exception('timeout_or_slo_miss: completed=43/75 errors=32 elapsed_ms=1132.6'),1
FANOUT,K75,Exception('timeout_or_slo_miss: completed=53/75 errors=22 elapsed_ms=1010.3'),1
FANOUT,K75,Exception('timeout_or_slo_miss: completed=44/75 errors=29 elapsed_ms=1655.7'),1
FANOUT,K75,Exception('timeout_or_slo_miss: completed=52/75 errors=23 elapsed_ms=1007.9'),3
FANOUT,K75,Exception('timeout_or_slo_miss: completed=46/75 errors=29 elapsed_ms=1015.1'),1
FANOUT,K75,Exception('timeout_or_slo_miss: completed=52/75 errors=23 elapsed_ms=1005.7'),4
FANOUT,K75,Exception('timeout_or_slo_miss: completed=53/75 errors=20 elapsed_ms=1507.4'),1
FANOUT,K75,Exception('timeout_or_slo_miss: completed=44/75 errors=31 elapsed_ms=1121.8'),1
FANOUT,K75,Exception('timeout_or_slo_miss: completed=45/75 errors=30 elapsed_ms=1120.8'),1
FANOUT,K75,Exception('timeout_or_slo_miss: completed=51/75 errors=14 elapsed_ms=1701.5'),1
FANOUT,K75,Exception('timeout_or_slo_miss: completed=48/75 errors=27 elapsed_ms=1121.3'),2
FANOUT,K75,Exception('timeout_or_slo_miss: completed=50/75 errors=25 elapsed_ms=1009.4'),3
FANOUT,K75,Exception('timeout_or_slo_miss: completed=17/75 errors=46 elapsed_ms=15875.3'),1
FANOUT,K75,Exception('timeout_or_slo_miss: completed=55/75 errors=6 elapsed_ms=2257.9'),1
FANOUT,K75,Exception('timeout_or_slo_miss: completed=51/75 errors=24 elapsed_ms=1005.5'),3
FANOUT,K75,Exception('timeout_or_slo_miss: completed=48/75 errors=27 elapsed_ms=1023.0'),1
FANOUT,K75,Exception('timeout_or_slo_miss: completed=48/75 errors=27 elapsed_ms=1008.4'),6
FANOUT,K75,Exception('timeout_or_slo_miss: completed=47/75 errors=28 elapsed_ms=1014.1'),1
FANOUT,K75,Exception('timeout_or_slo_miss: completed=44/75 errors=31 elapsed_ms=1121.4'),1
FANOUT,K75,Exception('timeout_or_slo_miss: completed=45/75 errors=20 elapsed_ms=2026.0'),1
FANOUT,K75,Exception('timeout_or_slo_miss: completed=50/75 errors=25 elapsed_ms=1012.1'),1
FANOUT,K75,Exception('timeout_or_slo_miss: completed=56/75 errors=17 elapsed_ms=1385.1'),1
FANOUT,K75,Exception('timeout_or_slo_miss: completed=50/75 errors=23 elapsed_ms=1515.4'),1
FANOUT,K75,Exception('timeout_or_slo_miss: completed=40/75 errors=35 elapsed_ms=1137.3'),1
FANOUT,K75,Exception('timeout_or_slo_miss: completed=43/75 errors=32 elapsed_ms=1152.6'),1
FANOUT,K75,Exception('timeout_or_slo_miss: completed=58/75 errors=15 elapsed_ms=1495.3'),1
FANOUT,K75,Exception('timeout_or_slo_miss: completed=53/75 errors=22 elapsed_ms=1006.8'),6
FANOUT,K75,Exception('timeout_or_slo_miss: completed=52/75 errors=23 elapsed_ms=1006.7'),3
FANOUT,K75,Exception('timeout_or_slo_miss: completed=46/75 errors=29 elapsed_ms=1087.4'),1
FANOUT,K75,Exception('timeout_or_slo_miss: completed=52/75 errors=23 elapsed_ms=1004.3'),2
FANOUT,K75,Exception('timeout_or_slo_miss: completed=50/75 errors=25 elapsed_ms=1078.6'),1
FANOUT,K75,Exception('timeout_or_slo_miss: completed=46/75 errors=29 elapsed_ms=1010.8'),1
FANOUT,K75,Exception('timeout_or_slo_miss: completed=51/75 errors=24 elapsed_ms=1006.5'),7
FANOUT,K75,Exception('timeout_or_slo_miss: completed=49/75 errors=26 elapsed_ms=1005.0'),1
FANOUT,K75,Exception('timeout_or_slo_miss: completed=52/75 errors=23 elapsed_ms=1010.5'),2
FANOUT,K75,Exception('timeout_or_slo_miss: completed=54/75 errors=21 elapsed_ms=1006.6'),2
FANOUT,K75,Exception('timeout_or_slo_miss: completed=49/75 errors=26 elapsed_ms=1006.8'),3
FANOUT,K75,Exception('timeout_or_slo_miss: completed=49/75 errors=26 elapsed_ms=1011.9'),2
FANOUT,K75,Exception('timeout_or_slo_miss: completed=40/75 errors=35 elapsed_ms=1237.7'),1
FANOUT,K75,Exception('timeout_or_slo_miss: completed=53/75 errors=22 elapsed_ms=1011.7'),1
FANOUT,K75,Exception('timeout_or_slo_miss: completed=47/75 errors=28 elapsed_ms=1098.4'),1
FANOUT,K75,Exception('timeout_or_slo_miss: completed=44/75 errors=31 elapsed_ms=1012.8'),1
FANOUT,K75,Exception('timeout_or_slo_miss: completed=52/75 errors=23 elapsed_ms=1007.2'),5
FANOUT,K75,Exception('timeout_or_slo_miss: completed=51/75 errors=24 elapsed_ms=1016.2'),1
FANOUT,K75,Exception('timeout_or_slo_miss: completed=46/75 errors=29 elapsed_ms=1128.8'),1
FANOUT,K75,Exception('timeout_or_slo_miss: completed=40/75 errors=35 elapsed_ms=1127.5'),1
FANOUT,K75,Exception('timeout_or_slo_miss: completed=52/75 errors=23 elapsed_ms=1010.0'),3
FANOUT,K75,Exception('timeout_or_slo_miss: completed=51/75 errors=24 elapsed_ms=1013.9'),1
FANOUT,K75,Exception('timeout_or_slo_miss: completed=43/75 errors=32 elapsed_ms=1122.4'),1
FANOUT,K75,Exception('timeout_or_slo_miss: completed=55/75 errors=18 elapsed_ms=1505.3'),1
FANOUT,K75,Exception('timeout_or_slo_miss: completed=54/75 errors=21 elapsed_ms=1006.4'),2
FANOUT,K75,Exception('timeout_or_slo_miss: completed=19/75 errors=40 elapsed_ms=12983.8'),1
FANOUT,K75,Exception('timeout_or_slo_miss: completed=42/75 errors=19 elapsed_ms=10498.9'),1
FANOUT,K75,Exception('timeout_or_slo_miss: completed=54/75 errors=11 elapsed_ms=1517.9'),1
FANOUT,K75,Exception('timeout_or_slo_miss: completed=46/75 errors=29 elapsed_ms=1013.7'),1
FANOUT,K75,Exception('timeout_or_slo_miss: completed=51/75 errors=24 elapsed_ms=1079.6'),1
FANOUT,K75,Exception('timeout_or_slo_miss: completed=45/75 errors=30 elapsed_ms=1078.5'),1
FANOUT,K75,Exception('timeout_or_slo_miss: completed=48/75 errors=27 elapsed_ms=1012.6'),4
FANOUT,K75,Exception('timeout_or_slo_miss: completed=47/75 errors=28 elapsed_ms=1103.5'),1
FANOUT,K75,Exception('timeout_or_slo_miss: completed=47/75 errors=28 elapsed_ms=1117.2'),1
FANOUT,K75,Exception('timeout_or_slo_miss: completed=52/75 errors=23 elapsed_ms=1008.7'),2
FANOUT,K75,Exception('timeout_or_slo_miss: completed=51/75 errors=24 elapsed_ms=1007.4'),2
FANOUT,K75,Exception('timeout_or_slo_miss: completed=45/75 errors=30 elapsed_ms=1064.1'),1
FANOUT,K75,Exception('timeout_or_slo_miss: completed=51/75 errors=24 elapsed_ms=1010.3'),2
FANOUT,K75,Exception('timeout_or_slo_miss: completed=50/75 errors=25 elapsed_ms=1003.5'),1
FANOUT,K75,Exception('timeout_or_slo_miss: completed=43/75 errors=32 elapsed_ms=1099.7'),1
FANOUT,K75,Exception('timeout_or_slo_miss: completed=52/75 errors=23 elapsed_ms=1010.4'),1
FANOUT,K75,Exception('timeout_or_slo_miss: completed=48/75 errors=25 elapsed_ms=1643.8'),1
FANOUT,K75,Exception('timeout_or_slo_miss: completed=45/75 errors=30 elapsed_ms=1138.1'),2
FANOUT,K75,Exception('timeout_or_slo_miss: completed=54/75 errors=21 elapsed_ms=1002.7'),8
FANOUT,K75,Exception('timeout_or_slo_miss: completed=47/75 errors=28 elapsed_ms=1095.5'),1
FANOUT,K75,Exception('timeout_or_slo_miss: completed=52/75 errors=23 elapsed_ms=1004.5'),9
FANOUT,K75,Exception('subread_error: completed=60/75 errors=15'),12
FANOUT,K75,Exception('timeout_or_slo_miss: completed=54/75 errors=21 elapsed_ms=1002.0'),3
FANOUT,K75,Exception('timeout_or_slo_miss: completed=47/75 errors=28 elapsed_ms=1007.6'),1
FANOUT,K75,Exception('timeout_or_slo_miss: completed=55/75 errors=20 elapsed_ms=1006.3'),1
FANOUT,K75,Exception('timeout_or_slo_miss: completed=48/75 errors=25 elapsed_ms=1619.7'),1
FANOUT,K75,Exception('timeout_or_slo_miss: completed=54/75 errors=19 elapsed_ms=1506.4'),1
FANOUT,K75,Exception('timeout_or_slo_miss: completed=49/75 errors=26 elapsed_ms=1009.3'),4
FANOUT,K75,Exception('timeout_or_slo_miss: completed=50/75 errors=25 elapsed_ms=1010.4'),3
FANOUT,K75,Exception('timeout_or_slo_miss: completed=56/75 errors=17 elapsed_ms=1506.0'),1
FANOUT,K75,Exception('timeout_or_slo_miss: completed=48/75 errors=27 elapsed_ms=1005.3'),1
FANOUT,K75,Exception('timeout_or_slo_miss: completed=48/75 errors=27 elapsed_ms=1013.2'),3
FANOUT,K75,Exception('timeout_or_slo_miss: completed=45/75 errors=30 elapsed_ms=1106.6'),1
FANOUT,K75,Exception('timeout_or_slo_miss: completed=46/75 errors=29 elapsed_ms=1018.2'),1
FANOUT,K75,Exception('timeout_or_slo_miss: completed=48/75 errors=27 elapsed_ms=1028.7'),1
FANOUT,K75,Exception('timeout_or_slo_miss: completed=49/75 errors=26 elapsed_ms=1005.8'),3
FANOUT,K75,Exception('timeout_or_slo_miss: completed=48/75 errors=27 elapsed_ms=1011.7'),3
FANOUT,K75,Exception('timeout_or_slo_miss: completed=50/75 errors=25 elapsed_ms=1008.9'),5
FANOUT,K75,Exception('timeout_or_slo_miss: completed=49/75 errors=26 elapsed_ms=1025.6'),1
FANOUT,K75,Exception('timeout_or_slo_miss: completed=52/75 errors=21 elapsed_ms=1505.7'),2
FANOUT,K75,Exception('timeout_or_slo_miss: completed=42/75 errors=33 elapsed_ms=1134.4'),1
FANOUT,K75,Exception('timeout_or_slo_miss: completed=52/75 errors=21 elapsed_ms=1512.9'),1
FANOUT,K75,Exception('timeout_or_slo_miss: completed=52/75 errors=23 elapsed_ms=1009.5'),1
FANOUT,K75,Exception('timeout_or_slo_miss: completed=48/75 errors=25 elapsed_ms=1613.2'),1
FANOUT,K75,Exception('timeout_or_slo_miss: completed=56/75 errors=17 elapsed_ms=1503.8'),1
FANOUT,K75,Exception('timeout_or_slo_miss: completed=41/75 errors=34 elapsed_ms=1157.9'),1
FANOUT,K75,Exception('timeout_or_slo_miss: completed=46/75 errors=29 elapsed_ms=1013.5'),1
FANOUT,K75,Exception('timeout_or_slo_miss: completed=51/75 errors=23 elapsed_ms=1644.3'),1
FANOUT,K75,Exception('timeout_or_slo_miss: completed=50/75 errors=25 elapsed_ms=1009.9'),3
FANOUT,K75,Exception('timeout_or_slo_miss: completed=46/75 errors=29 elapsed_ms=1013.0'),1
FANOUT,K75,Exception('timeout_or_slo_miss: completed=40/75 errors=35 elapsed_ms=1133.0'),1
FANOUT,K75,Exception('timeout_or_slo_miss: completed=50/75 errors=25 elapsed_ms=1010.3'),7
FANOUT,K75,Exception('timeout_or_slo_miss: completed=47/75 errors=28 elapsed_ms=1009.6'),2
FANOUT,K75,Exception('timeout_or_slo_miss: completed=50/75 errors=23 elapsed_ms=1581.9'),1
FANOUT,K75,Exception('timeout_or_slo_miss: completed=50/75 errors=25 elapsed_ms=1009.2'),5
FANOUT,K75,Exception('timeout_or_slo_miss: completed=38/75 errors=37 elapsed_ms=1172.7'),1
FANOUT,K75,Exception('timeout_or_slo_miss: completed=55/75 errors=20 elapsed_ms=1001.1'),1
FANOUT,K75,Exception('timeout_or_slo_miss: completed=46/75 errors=29 elapsed_ms=1010.4'),2
FANOUT,K75,Exception('timeout_or_slo_miss: completed=47/75 errors=28 elapsed_ms=1123.2'),1
FANOUT,K75,Exception('timeout_or_slo_miss: completed=46/75 errors=29 elapsed_ms=1104.5'),2
FANOUT,K75,Exception('timeout_or_slo_miss: completed=47/75 errors=28 elapsed_ms=1020.5'),1
FANOUT,K75,Exception('timeout_or_slo_miss: completed=43/75 errors=22 elapsed_ms=2020.3'),1
FANOUT,K75,Exception('timeout_or_slo_miss: completed=55/75 errors=20 elapsed_ms=1004.1'),1
FANOUT,K75,Exception('timeout_or_slo_miss: completed=47/75 errors=28 elapsed_ms=1009.1'),4
FANOUT,K75,Exception('timeout_or_slo_miss: completed=44/75 errors=31 elapsed_ms=1141.8'),1
FANOUT,K75,Exception('timeout_or_slo_miss: completed=54/75 errors=4 elapsed_ms=2066.1'),1
FANOUT,K75,Exception('timeout_or_slo_miss: completed=53/75 errors=20 elapsed_ms=1506.4'),1
FANOUT,K75,Exception('timeout_or_slo_miss: completed=51/75 errors=24 elapsed_ms=1012.6'),2
FANOUT,K75,Exception('timeout_or_slo_miss: completed=50/75 errors=25 elapsed_ms=1015.9'),2
FANOUT,K75,Exception('timeout_or_slo_miss: completed=45/75 errors=20 elapsed_ms=2109.9'),1
FANOUT,K75,Exception('timeout_or_slo_miss: completed=46/75 errors=27 elapsed_ms=1621.1'),1
FANOUT,K75,Exception('timeout_or_slo_miss: completed=53/75 errors=20 elapsed_ms=1514.5'),1
FANOUT,K75,Exception('timeout_or_slo_miss: completed=49/75 errors=26 elapsed_ms=1009.9'),2
FANOUT,K75,Exception('timeout_or_slo_miss: completed=51/75 errors=24 elapsed_ms=1007.0'),2
FANOUT,K75,Exception('timeout_or_slo_miss: completed=52/75 errors=23 elapsed_ms=1008.6'),3
FANOUT,K75,Exception('timeout_or_slo_miss: completed=48/75 errors=27 elapsed_ms=1007.0'),2
FANOUT,K75,Exception('timeout_or_slo_miss: completed=49/75 errors=26 elapsed_ms=1021.8'),1
FANOUT,K75,Exception('timeout_or_slo_miss: completed=53/75 errors=22 elapsed_ms=1006.9'),1
FANOUT,K75,Exception('timeout_or_slo_miss: completed=49/75 errors=26 elapsed_ms=1014.5'),1
FANOUT,K75,Exception('timeout_or_slo_miss: completed=44/75 errors=31 elapsed_ms=1028.0'),1
FANOUT,K75,Exception('timeout_or_slo_miss: completed=48/75 errors=27 elapsed_ms=1086.2'),1
FANOUT,K75,Exception('timeout_or_slo_miss: completed=46/75 errors=27 elapsed_ms=1619.6'),1
FANOUT,K75,Exception('timeout_or_slo_miss: completed=53/75 errors=20 elapsed_ms=1509.3'),1
FANOUT,K75,Exception('timeout_or_slo_miss: completed=50/75 errors=25 elapsed_ms=1013.5'),4
FANOUT,K75,Exception('timeout_or_slo_miss: completed=53/75 errors=22 elapsed_ms=1004.0'),5
FANOUT,K75,Exception('timeout_or_slo_miss: completed=50/75 errors=25 elapsed_ms=1004.4'),1
FANOUT,K75,Exception('timeout_or_slo_miss: completed=47/75 errors=28 elapsed_ms=1012.9'),4
FANOUT,K75,Exception('timeout_or_slo_miss: completed=48/75 errors=27 elapsed_ms=1104.3'),1
FANOUT,K75,Exception('timeout_or_slo_miss: completed=52/75 errors=21 elapsed_ms=1514.9'),1
FANOUT,K75,Exception('timeout_or_slo_miss: completed=46/75 errors=29 elapsed_ms=1015.5'),2
FANOUT,K75,Exception('timeout_or_slo_miss: completed=59/75 errors=14 elapsed_ms=1388.0'),1
FANOUT,K75,Exception('timeout_or_slo_miss: completed=49/75 errors=24 elapsed_ms=1526.3'),1
FANOUT,K75,Exception('timeout_or_slo_miss: completed=54/75 errors=21 elapsed_ms=1002.5'),8
FANOUT,K75,Exception('timeout_or_slo_miss: completed=52/75 errors=23 elapsed_ms=1007.1'),4
FANOUT,K75,Exception('timeout_or_slo_miss: completed=37/75 errors=38 elapsed_ms=1224.7'),1
FANOUT,K75,Exception('timeout_or_slo_miss: completed=54/75 errors=21 elapsed_ms=1003.8'),3
FANOUT,K75,Exception('timeout_or_slo_miss: completed=45/75 errors=30 elapsed_ms=1015.0'),1
FANOUT,K75,Exception('timeout_or_slo_miss: completed=52/75 errors=21 elapsed_ms=1582.4'),1
FANOUT,K75,Exception('timeout_or_slo_miss: completed=44/75 errors=31 elapsed_ms=1126.2'),1
FANOUT,K75,Exception('timeout_or_slo_miss: completed=43/75 errors=32 elapsed_ms=1122.0'),1
FANOUT,K75,Exception('timeout_or_slo_miss: completed=42/75 errors=33 elapsed_ms=1119.5'),1
FANOUT,K75,Exception('timeout_or_slo_miss: completed=50/75 errors=23 elapsed_ms=1518.8'),1
FANOUT,K75,Exception('timeout_or_slo_miss: completed=47/75 errors=28 elapsed_ms=1128.5'),1
FANOUT,K75,Exception('timeout_or_slo_miss: completed=45/75 errors=30 elapsed_ms=1060.8'),1
FANOUT,K75,Exception('timeout_or_slo_miss: completed=50/75 errors=23 elapsed_ms=1514.9'),1
FANOUT,K75,Exception('timeout_or_slo_miss: completed=52/75 errors=23 elapsed_ms=1004.2'),1
FANOUT,K75,Exception('timeout_or_slo_miss: completed=45/75 errors=30 elapsed_ms=1120.7'),1
FANOUT,K75,Exception('timeout_or_slo_miss: completed=45/75 errors=30 elapsed_ms=1011.4'),2
FANOUT,K75,Exception('timeout_or_slo_miss: completed=46/75 errors=29 elapsed_ms=1114.6'),1
FANOUT,K75,Exception('timeout_or_slo_miss: completed=55/75 errors=20 elapsed_ms=1006.0'),1
FANOUT,K75,Exception('timeout_or_slo_miss: completed=48/75 errors=10 elapsed_ms=2842.4'),1
FANOUT,K75,Exception('timeout_or_slo_miss: completed=44/75 errors=31 elapsed_ms=1082.4'),1
FANOUT,K75,Exception('timeout_or_slo_miss: completed=59/75 errors=14 elapsed_ms=1308.5'),1
FANOUT,K75,Exception('timeout_or_slo_miss: completed=49/75 errors=24 elapsed_ms=1613.1'),1
FANOUT,K75,Exception('timeout_or_slo_miss: completed=47/75 errors=28 elapsed_ms=1013.5'),1
FANOUT,K75,Exception('timeout_or_slo_miss: completed=49/75 errors=26 elapsed_ms=1071.4'),1
FANOUT,K75,Exception('timeout_or_slo_miss: completed=45/75 errors=30 elapsed_ms=1114.3'),1
FANOUT,K75,Exception('timeout_or_slo_miss: completed=46/75 errors=29 elapsed_ms=1015.6'),1
FANOUT,K75,Exception('timeout_or_slo_miss: completed=49/75 errors=26 elapsed_ms=1036.5'),1
FANOUT,K75,Exception('timeout_or_slo_miss: completed=41/75 errors=34 elapsed_ms=1160.1'),1
FANOUT,K75,Exception('timeout_or_slo_miss: completed=43/75 errors=32 elapsed_ms=1123.0'),2
FANOUT,K75,Exception('timeout_or_slo_miss: completed=44/75 errors=31 elapsed_ms=1076.1'),1
FANOUT,K75,Exception('timeout_or_slo_miss: completed=50/75 errors=25 elapsed_ms=1020.6'),1
FANOUT,K75,Exception('timeout_or_slo_miss: completed=44/75 errors=31 elapsed_ms=1129.4'),1
FANOUT,K75,Exception('timeout_or_slo_miss: completed=53/75 errors=20 elapsed_ms=1512.3'),1
FANOUT,K75,Exception('timeout_or_slo_miss: completed=43/75 errors=32 elapsed_ms=1013.0'),1
FANOUT,K75,Exception('timeout_or_slo_miss: completed=44/75 errors=31 elapsed_ms=1106.0'),1
FANOUT,K75,Exception('timeout_or_slo_miss: completed=48/75 errors=27 elapsed_ms=1012.0'),2
FANOUT,K75,Exception('timeout_or_slo_miss: completed=46/75 errors=29 elapsed_ms=1014.1'),1
FANOUT,K75,Exception('timeout_or_slo_miss: completed=53/75 errors=22 elapsed_ms=1005.4'),8
FANOUT,K75,Exception('timeout_or_slo_miss: completed=43/75 errors=32 elapsed_ms=1122.6'),2
FANOUT,K75,Exception('timeout_or_slo_miss: completed=47/75 errors=28 elapsed_ms=1023.3'),1
FANOUT,K75,Exception('timeout_or_slo_miss: completed=44/75 errors=31 elapsed_ms=1143.0'),1
FANOUT,K75,Exception('timeout_or_slo_miss: completed=44/75 errors=31 elapsed_ms=1104.7'),1
FANOUT,K75,Exception('timeout_or_slo_miss: completed=46/75 errors=29 elapsed_ms=1134.1'),1
FANOUT,K75,Exception('timeout_or_slo_miss: completed=50/75 errors=25 elapsed_ms=1024.5'),1
FANOUT,K75,Exception('timeout_or_slo_miss: completed=48/75 errors=27 elapsed_ms=1111.3'),1
FANOUT,K75,Exception('timeout_or_slo_miss: completed=44/75 errors=31 elapsed_ms=1132.2'),1
FANOUT,K75,Exception('timeout_or_slo_miss: completed=40/75 errors=33 elapsed_ms=1663.3'),1
FANOUT,K75,Exception('timeout_or_slo_miss: completed=53/75 errors=22 elapsed_ms=1012.7'),1
FANOUT,K75,Exception('timeout_or_slo_miss: completed=52/75 errors=23 elapsed_ms=1006.9'),2
FANOUT,K75,Exception('timeout_or_slo_miss: completed=54/75 errors=21 elapsed_ms=1004.0'),1
FANOUT,K75,Exception('timeout_or_slo_miss: completed=53/75 errors=22 elapsed_ms=1004.8'),4
FANOUT,K75,Exception('timeout_or_slo_miss: completed=47/75 errors=18 elapsed_ms=1955.6'),1
FANOUT,K75,Exception('timeout_or_slo_miss: completed=56/75 errors=17 elapsed_ms=1363.6'),1
FANOUT,K75,Exception('timeout_or_slo_miss: completed=47/75 errors=28 elapsed_ms=1011.7'),2
FANOUT,K75,Exception('timeout_or_slo_miss: completed=47/75 errors=28 elapsed_ms=1110.0'),1
FANOUT,K75,Exception('timeout_or_slo_miss: completed=56/75 errors=9 elapsed_ms=1395.5'),1
FANOUT,K75,Exception('timeout_or_slo_miss: completed=43/75 errors=32 elapsed_ms=1018.0'),1
FANOUT,K75,Exception('timeout_or_slo_miss: completed=50/75 errors=25 elapsed_ms=1011.8'),3
FANOUT,K75,Exception('timeout_or_slo_miss: completed=41/75 errors=34 elapsed_ms=1150.9'),1
FANOUT,K75,Exception('timeout_or_slo_miss: completed=59/75 errors=14 elapsed_ms=1261.9'),1
FANOUT,K75,Exception('timeout_or_slo_miss: completed=57/75 errors=18 elapsed_ms=1002.4'),1
FANOUT,K75,Exception('timeout_or_slo_miss: completed=52/75 errors=23 elapsed_ms=1008.4'),3
FANOUT,K75,Exception('timeout_or_slo_miss: completed=50/75 errors=25 elapsed_ms=1006.1'),2
FANOUT,K75,Exception('timeout_or_slo_miss: completed=48/75 errors=10 elapsed_ms=3063.3'),1
FANOUT,K75,Exception('timeout_or_slo_miss: completed=54/75 errors=21 elapsed_ms=1002.9'),4
FANOUT,K75,Exception('timeout_or_slo_miss: completed=47/75 errors=28 elapsed_ms=1114.7'),1
FANOUT,K75,Exception('timeout_or_slo_miss: completed=44/75 errors=31 elapsed_ms=1018.6'),1
FANOUT,K75,Exception('timeout_or_slo_miss: completed=55/75 errors=20 elapsed_ms=1002.8'),4
FANOUT,K75,Exception('timeout_or_slo_miss: completed=51/75 errors=22 elapsed_ms=1513.0'),1
FANOUT,K75,Exception('timeout_or_slo_miss: completed=47/75 errors=28 elapsed_ms=1019.5'),1
FANOUT,K75,Exception('timeout_or_slo_miss: completed=56/75 errors=9 elapsed_ms=1472.5'),1
FANOUT,K75,Exception('timeout_or_slo_miss: completed=46/75 errors=29 elapsed_ms=1014.8'),3
FANOUT,K75,Exception('timeout_or_slo_miss: completed=55/75 errors=20 elapsed_ms=1003.7'),1
FANOUT,K75,Exception('timeout_or_slo_miss: completed=47/75 errors=28 elapsed_ms=1091.1'),1
FANOUT,K75,Exception('timeout_or_slo_miss: completed=50/75 errors=25 elapsed_ms=1007.3'),5
FANOUT,K75,Exception('timeout_or_slo_miss: completed=46/75 errors=29 elapsed_ms=1003.9'),1
FANOUT,K75,Exception('timeout_or_slo_miss: completed=51/75 errors=24 elapsed_ms=1006.2'),3
FANOUT,K75,Exception('timeout_or_slo_miss: completed=45/75 errors=30 elapsed_ms=1069.3'),1
FANOUT,K75,Exception('timeout_or_slo_miss: completed=46/75 errors=19 elapsed_ms=2023.6'),1
FANOUT,K75,Exception('timeout_or_slo_miss: completed=52/75 errors=23 elapsed_ms=1010.7'),1
FANOUT,K75,Exception('timeout_or_slo_miss: completed=43/75 errors=30 elapsed_ms=1625.2'),1
FANOUT,K75,Exception('timeout_or_slo_miss: completed=44/75 errors=31 elapsed_ms=1012.4'),1
FANOUT,K75,Exception('timeout_or_slo_miss: completed=54/75 errors=21 elapsed_ms=1009.0'),1
FANOUT,K75,Exception('timeout_or_slo_miss: completed=52/75 errors=21 elapsed_ms=1510.6'),1
FANOUT,K75,Exception('timeout_or_slo_miss: completed=45/75 errors=30 elapsed_ms=1072.8'),1
FANOUT,K75,Exception('timeout_or_slo_miss: completed=53/75 errors=22 elapsed_ms=1003.9'),3
FANOUT,K75,Exception('timeout_or_slo_miss: completed=49/75 errors=24 elapsed_ms=1515.5'),1
FANOUT,K75,Exception('timeout_or_slo_miss: completed=46/75 errors=29 elapsed_ms=1133.8'),1
FANOUT,K75,Exception('timeout_or_slo_miss: completed=51/75 errors=24 elapsed_ms=1003.3'),2
FANOUT,K75,Exception('timeout_or_slo_miss: completed=45/75 errors=30 elapsed_ms=1012.6'),2
FANOUT,K75,Exception('timeout_or_slo_miss: completed=52/75 errors=23 elapsed_ms=1010.6'),1
FANOUT,K75,Exception('timeout_or_slo_miss: completed=45/75 errors=30 elapsed_ms=1081.8'),1
FANOUT,K75,Exception('timeout_or_slo_miss: completed=48/75 errors=27 elapsed_ms=1008.8'),4
FANOUT,K75,Exception('timeout_or_slo_miss: completed=56/75 errors=17 elapsed_ms=1417.0'),1
FANOUT,K75,Exception('timeout_or_slo_miss: completed=47/75 errors=28 elapsed_ms=1013.7'),3
FANOUT,K75,Exception('timeout_or_slo_miss: completed=43/75 errors=32 elapsed_ms=1111.0'),1
FANOUT,K75,Exception('timeout_or_slo_miss: completed=47/75 errors=28 elapsed_ms=1006.9'),2
FANOUT,K75,Exception('timeout_or_slo_miss: completed=46/75 errors=29 elapsed_ms=1009.6'),2
FANOUT,K75,Exception('timeout_or_slo_miss: completed=53/75 errors=22 elapsed_ms=1005.0'),8
FANOUT,K75,Exception('timeout_or_slo_miss: completed=53/75 errors=22 elapsed_ms=1002.5'),5
FANOUT,K75,Exception('timeout_or_slo_miss: completed=50/75 errors=25 elapsed_ms=1017.1'),1
FANOUT,K75,Exception('timeout_or_slo_miss: completed=46/75 errors=29 elapsed_ms=1007.1'),1
FANOUT,K75,Exception('timeout_or_slo_miss: completed=48/75 errors=27 elapsed_ms=1010.0'),6
FANOUT,K75,Exception('timeout_or_slo_miss: completed=46/75 errors=29 elapsed_ms=1106.2'),1
FANOUT,K75,Exception('timeout_or_slo_miss: completed=48/75 errors=27 elapsed_ms=1007.1'),1
FANOUT,K75,Exception('timeout_or_slo_miss: completed=42/75 errors=33 elapsed_ms=1119.0'),1
FANOUT,K75,Exception('timeout_or_slo_miss: completed=47/75 errors=28 elapsed_ms=1005.3'),1
FANOUT,K75,Exception('timeout_or_slo_miss: completed=46/75 errors=29 elapsed_ms=1010.6'),1
FANOUT,K75,Exception('timeout_or_slo_miss: completed=51/75 errors=24 elapsed_ms=1011.9'),2
FANOUT,K75,Exception('timeout_or_slo_miss: completed=43/75 errors=32 elapsed_ms=1011.6'),1
FANOUT,K75,Exception('timeout_or_slo_miss: completed=55/75 errors=14 elapsed_ms=1547.3'),1
FANOUT,K75,Exception('timeout_or_slo_miss: completed=50/75 errors=25 elapsed_ms=1008.2'),5
FANOUT,K75,Exception('timeout_or_slo_miss: completed=44/75 errors=21 elapsed_ms=2013.4'),1
FANOUT,K75,Exception('timeout_or_slo_miss: completed=52/75 errors=21 elapsed_ms=1514.1'),1
FANOUT,K75,Exception('timeout_or_slo_miss: completed=50/75 errors=23 elapsed_ms=1510.6'),1
FANOUT,K75,Exception('timeout_or_slo_miss: completed=43/75 errors=32 elapsed_ms=1090.2'),1
FANOUT,K75,Exception('timeout_or_slo_miss: completed=50/75 errors=15 elapsed_ms=1694.8'),1
FANOUT,K75,Exception('timeout_or_slo_miss: completed=47/75 errors=28 elapsed_ms=1008.1'),3
FANOUT,K75,Exception('timeout_or_slo_miss: completed=45/75 errors=30 elapsed_ms=1094.0'),1
FANOUT,K75,Exception('timeout_or_slo_miss: completed=50/75 errors=25 elapsed_ms=1013.6'),1
FANOUT,K75,Exception('timeout_or_slo_miss: completed=44/75 errors=31 elapsed_ms=1107.5'),1
FANOUT,K75,Exception('timeout_or_slo_miss: completed=33/75 errors=38 elapsed_ms=9071.3'),1
FANOUT,K75,Exception('timeout_or_slo_miss: completed=43/75 errors=32 elapsed_ms=1015.8'),1
FANOUT,K75,Exception('timeout_or_slo_miss: completed=48/75 errors=27 elapsed_ms=1107.0'),1
FANOUT,K75,Exception('timeout_or_slo_miss: completed=52/75 errors=23 elapsed_ms=1005.8'),6
FANOUT,K75,Exception('timeout_or_slo_miss: completed=50/75 errors=23 elapsed_ms=1531.2'),1
FANOUT,K75,Exception('timeout_or_slo_miss: completed=45/75 errors=30 elapsed_ms=1116.5'),2
FANOUT,K75,Exception('timeout_or_slo_miss: completed=51/75 errors=22 elapsed_ms=1609.0'),1
FANOUT,K75,Exception('timeout_or_slo_miss: completed=47/75 errors=28 elapsed_ms=1012.2'),3
FANOUT,K75,Exception('timeout_or_slo_miss: completed=44/75 errors=31 elapsed_ms=1107.6'),1
FANOUT,K75,Exception('timeout_or_slo_miss: completed=42/75 errors=33 elapsed_ms=1132.2'),1
FANOUT,K75,Exception('timeout_or_slo_miss: completed=52/75 errors=23 elapsed_ms=1010.9'),1
FANOUT,K75,Exception('timeout_or_slo_miss: completed=48/75 errors=27 elapsed_ms=1007.6'),1
FANOUT,K75,Exception('timeout_or_slo_miss: completed=47/75 errors=26 elapsed_ms=1588.4'),1
FANOUT,K75,Exception('timeout_or_slo_miss: completed=51/75 errors=24 elapsed_ms=1002.9'),1
FANOUT,K75,Exception('timeout_or_slo_miss: completed=50/75 errors=23 elapsed_ms=1512.4'),1
FANOUT,K75,Exception('timeout_or_slo_miss: completed=51/75 errors=24 elapsed_ms=1007.2'),3
FANOUT,K75,Exception('timeout_or_slo_miss: completed=47/75 errors=28 elapsed_ms=1109.2'),1
FANOUT,K75,Exception('timeout_or_slo_miss: completed=54/75 errors=21 elapsed_ms=1005.4'),2
FANOUT,K75,Exception('timeout_or_slo_miss: completed=48/75 errors=27 elapsed_ms=1009.1'),2
FANOUT,K75,Exception('timeout_or_slo_miss: completed=49/75 errors=24 elapsed_ms=1510.7'),1
FANOUT,K75,Exception('timeout_or_slo_miss: completed=55/75 errors=20 elapsed_ms=1001.9'),2
FANOUT,K75,Exception('timeout_or_slo_miss: completed=39/75 errors=36 elapsed_ms=1192.6'),1
FANOUT,K75,Exception('timeout_or_slo_miss: completed=50/75 errors=25 elapsed_ms=1009.3'),4
FANOUT,K75,Exception('timeout_or_slo_miss: completed=48/75 errors=27 elapsed_ms=1016.6'),1
FANOUT,K75,Exception('timeout_or_slo_miss: completed=48/75 errors=27 elapsed_ms=1017.3'),2
FANOUT,K75,Exception('timeout_or_slo_miss: completed=46/75 errors=29 elapsed_ms=1021.1'),1
FANOUT,K75,Exception('timeout_or_slo_miss: completed=49/75 errors=24 elapsed_ms=1632.7'),1
FANOUT,K75,Exception('timeout_or_slo_miss: completed=45/75 errors=28 elapsed_ms=1658.3'),1
FANOUT,K75,Exception('timeout_or_slo_miss: completed=52/75 errors=23 elapsed_ms=1013.9'),1
FANOUT,K75,Exception('timeout_or_slo_miss: completed=46/75 errors=29 elapsed_ms=1083.7'),1
FANOUT,K75,Exception('timeout_or_slo_miss: completed=49/75 errors=26 elapsed_ms=1011.8'),7
FANOUT,K75,Exception('timeout_or_slo_miss: completed=54/75 errors=21 elapsed_ms=1006.8'),1
FANOUT,K75,Exception('timeout_or_slo_miss: completed=52/75 errors=23 elapsed_ms=1005.9'),4
FANOUT,K75,Exception('timeout_or_slo_miss: completed=50/75 errors=23 elapsed_ms=1507.8'),1
FANOUT,K75,Exception('timeout_or_slo_miss: completed=51/75 errors=24 elapsed_ms=1008.4'),6
FANOUT,K75,Exception('timeout_or_slo_miss: completed=46/75 errors=29 elapsed_ms=1111.9'),1
FANOUT,K75,Exception('timeout_or_slo_miss: completed=53/75 errors=20 elapsed_ms=1592.9'),1
FANOUT,K75,Exception('timeout_or_slo_miss: completed=45/75 errors=30 elapsed_ms=1008.3'),2
FANOUT,K75,Exception('timeout_or_slo_miss: completed=48/75 errors=27 elapsed_ms=1007.8'),3
FANOUT,K75,Exception('timeout_or_slo_miss: completed=47/75 errors=28 elapsed_ms=1109.0'),1
FANOUT,K75,Exception('timeout_or_slo_miss: completed=47/75 errors=28 elapsed_ms=1113.4'),1
FANOUT,K75,Exception('timeout_or_slo_miss: completed=43/75 errors=30 elapsed_ms=1756.3'),1
FANOUT,K75,Exception('timeout_or_slo_miss: completed=56/75 errors=19 elapsed_ms=1004.3'),1
FANOUT,K75,Exception('timeout_or_slo_miss: completed=48/75 errors=27 elapsed_ms=1005.9'),2
FANOUT,K75,Exception('timeout_or_slo_miss: completed=46/75 errors=27 elapsed_ms=1673.4'),1
FANOUT,K75,Exception('timeout_or_slo_miss: completed=52/75 errors=13 elapsed_ms=1663.1'),1
FANOUT,K75,Exception('timeout_or_slo_miss: completed=42/75 errors=33 elapsed_ms=1146.9'),2
FANOUT,K75,Exception('timeout_or_slo_miss: completed=48/75 errors=27 elapsed_ms=1017.8'),1
FANOUT,K75,Exception('timeout_or_slo_miss: completed=43/75 errors=22 elapsed_ms=2095.7'),1
FANOUT,K75,Exception('timeout_or_slo_miss: completed=46/75 errors=29 elapsed_ms=1063.3'),1
FANOUT,K75,Exception('timeout_or_slo_miss: completed=53/75 errors=22 elapsed_ms=1005.2'),3
FANOUT,K75,Exception('timeout_or_slo_miss: completed=45/75 errors=30 elapsed_ms=1578.5'),1
FANOUT,K75,Exception('subread_error: completed=57/75 errors=18'),74
FANOUT,K75,Exception('timeout_or_slo_miss: completed=52/75 errors=23 elapsed_ms=1009.7'),2
FANOUT,K75,Exception('timeout_or_slo_miss: completed=49/75 errors=26 elapsed_ms=1077.0'),1
FANOUT,K75,Exception('timeout_or_slo_miss: completed=47/75 errors=28 elapsed_ms=1011.9'),3
FANOUT,K75,Exception('timeout_or_slo_miss: completed=48/75 errors=17 elapsed_ms=1656.5'),1
FANOUT,K75,Exception('timeout_or_slo_miss: completed=46/75 errors=19 elapsed_ms=1974.4'),1
FANOUT,K75,Exception('timeout_or_slo_miss: completed=47/75 errors=26 elapsed_ms=1520.7'),1
FANOUT,K75,Exception('timeout_or_slo_miss: completed=50/75 errors=25 elapsed_ms=1006.2'),5
FANOUT,K75,Exception('timeout_or_slo_miss: completed=48/75 errors=27 elapsed_ms=1098.5'),1
FANOUT,K75,Exception('timeout_or_slo_miss: completed=52/75 errors=23 elapsed_ms=1011.4'),2
FANOUT,K75,Exception('timeout_or_slo_miss: completed=48/75 errors=17 elapsed_ms=1769.0'),1
FANOUT,K75,Exception('timeout_or_slo_miss: completed=48/75 errors=26 elapsed_ms=1530.1'),1
FANOUT,K75,Exception('timeout_or_slo_miss: completed=55/75 errors=20 elapsed_ms=1001.6'),1
FANOUT,K75,Exception('timeout_or_slo_miss: completed=45/75 errors=30 elapsed_ms=1121.2'),1
FANOUT,K75,Exception('timeout_or_slo_miss: completed=49/75 errors=26 elapsed_ms=1060.8'),1
FANOUT,K75,Exception('timeout_or_slo_miss: completed=48/75 errors=27 elapsed_ms=1011.5'),3
FANOUT,K75,Exception('timeout_or_slo_miss: completed=42/75 errors=33 elapsed_ms=1128.3'),2
FANOUT,K75,Exception('timeout_or_slo_miss: completed=52/75 errors=21 elapsed_ms=1605.1'),1
FANOUT,K75,Exception('timeout_or_slo_miss: completed=53/75 errors=22 elapsed_ms=1008.1'),1
FANOUT,K75,Exception('timeout_or_slo_miss: completed=48/75 errors=27 elapsed_ms=1093.5'),1
FANOUT,K75,Exception('timeout_or_slo_miss: completed=52/75 errors=23 elapsed_ms=1038.6'),1
FANOUT,K75,Exception('timeout_or_slo_miss: completed=51/75 errors=24 elapsed_ms=1083.7'),1
FANOUT,K75,Exception('timeout_or_slo_miss: completed=55/75 errors=10 elapsed_ms=1510.9'),1
FANOUT,K75,Exception('timeout_or_slo_miss: completed=47/75 errors=27 elapsed_ms=4204.6'),1
FANOUT,K75,Exception('timeout_or_slo_miss: completed=53/75 errors=5 elapsed_ms=1999.9'),1
FANOUT,K75,Exception('timeout_or_slo_miss: completed=50/75 errors=23 elapsed_ms=1515.3'),1
FANOUT,K75,Exception('timeout_or_slo_miss: completed=52/75 errors=23 elapsed_ms=1010.3'),3
FANOUT,K75,Exception('timeout_or_slo_miss: completed=48/75 errors=27 elapsed_ms=1029.5'),1
FANOUT,K75,Exception('timeout_or_slo_miss: completed=47/75 errors=28 elapsed_ms=1007.0'),1
FANOUT,K75,Exception('timeout_or_slo_miss: completed=54/75 errors=21 elapsed_ms=1009.7'),1
FANOUT,K75,Exception('timeout_or_slo_miss: completed=54/75 errors=21 elapsed_ms=1010.1'),2
FANOUT,K75,Exception('timeout_or_slo_miss: completed=52/75 errors=23 elapsed_ms=1019.7'),1
FANOUT,K75,Exception('timeout_or_slo_miss: completed=57/75 errors=1 elapsed_ms=1388.2'),1
FANOUT,K75,Exception('timeout_or_slo_miss: completed=45/75 errors=28 elapsed_ms=1624.3'),1
FANOUT,K75,Exception('timeout_or_slo_miss: completed=50/75 errors=15 elapsed_ms=1706.4'),1
FANOUT,K75,Exception('timeout_or_slo_miss: completed=43/75 errors=22 elapsed_ms=2107.0'),1
FANOUT,K75,Exception('timeout_or_slo_miss: completed=56/75 errors=17 elapsed_ms=1504.7'),1
FANOUT,K75,Exception('timeout_or_slo_miss: completed=50/75 errors=25 elapsed_ms=1030.4'),1
FANOUT,K75,Exception('timeout_or_slo_miss: completed=54/75 errors=21 elapsed_ms=1001.4'),1
FANOUT,K75,Exception('timeout_or_slo_miss: completed=50/75 errors=25 elapsed_ms=1011.6'),2
FANOUT,K75,Exception('timeout_or_slo_miss: completed=54/75 errors=21 elapsed_ms=1003.5'),4
FANOUT,K75,Exception('timeout_or_slo_miss: completed=47/75 errors=28 elapsed_ms=1009.0'),1
FANOUT,K75,Exception('timeout_or_slo_miss: completed=47/75 errors=26 elapsed_ms=1602.1'),1
FANOUT,K75,Exception('timeout_or_slo_miss: completed=44/75 errors=31 elapsed_ms=1137.3'),1
FANOUT,K75,Exception('timeout_or_slo_miss: completed=53/75 errors=22 elapsed_ms=1002.0'),4
FANOUT,K75,Exception('timeout_or_slo_miss: completed=54/75 errors=11 elapsed_ms=1618.2'),1
FANOUT,K75,Exception('timeout_or_slo_miss: completed=54/75 errors=21 elapsed_ms=1002.4'),7
FANOUT,K75,Exception('timeout_or_slo_miss: completed=44/75 errors=29 elapsed_ms=1510.0'),1
FANOUT,K75,Exception('timeout_or_slo_miss: completed=34/75 errors=41 elapsed_ms=2506.1'),1
FANOUT,K75,Exception('timeout_or_slo_miss: completed=50/75 errors=25 elapsed_ms=1004.8'),4
FANOUT,K75,Exception('timeout_or_slo_miss: completed=48/75 errors=27 elapsed_ms=1010.1'),1
FANOUT,K75,Exception('subread_error: completed=55/75 errors=20'),71
FANOUT,K75,Exception('timeout_or_slo_miss: completed=47/75 errors=28 elapsed_ms=1018.1'),1
FANOUT,K75,Exception('timeout_or_slo_miss: completed=44/75 errors=31 elapsed_ms=1010.5'),1
FANOUT,K75,Exception('timeout_or_slo_miss: completed=49/75 errors=26 elapsed_ms=1007.9'),4
FANOUT,K75,Exception('timeout_or_slo_miss: completed=47/75 errors=28 elapsed_ms=1017.2'),1
FANOUT,K75,Exception('timeout_or_slo_miss: completed=52/75 errors=23 elapsed_ms=1006.5'),5
FANOUT,K75,Exception('timeout_or_slo_miss: completed=45/75 errors=30 elapsed_ms=1132.0'),1
FANOUT,K75,Exception('timeout_or_slo_miss: completed=53/75 errors=12 elapsed_ms=1651.7'),1
FANOUT,K75,Exception('timeout_or_slo_miss: completed=52/75 errors=6 elapsed_ms=2345.8'),1
FANOUT,K75,Exception('timeout_or_slo_miss: completed=46/75 errors=27 elapsed_ms=1647.6'),1
FANOUT,K75,Exception('timeout_or_slo_miss: completed=45/75 errors=30 elapsed_ms=1101.7'),1
FANOUT,K75,Exception('timeout_or_slo_miss: completed=43/75 errors=32 elapsed_ms=1130.6'),1
FANOUT,K75,Exception('timeout_or_slo_miss: completed=46/75 errors=29 elapsed_ms=1125.5'),1
FANOUT,K75,Exception('timeout_or_slo_miss: completed=52/75 errors=23 elapsed_ms=1002.3'),3
FANOUT,K75,Exception('timeout_or_slo_miss: completed=46/75 errors=29 elapsed_ms=1111.0'),1
FANOUT,K75,Exception('timeout_or_slo_miss: completed=45/75 errors=30 elapsed_ms=1014.1'),1
FANOUT,K75,Exception('timeout_or_slo_miss: completed=54/75 errors=21 elapsed_ms=1003.6'),3
FANOUT,K75,Exception('timeout_or_slo_miss: completed=49/75 errors=26 elapsed_ms=1120.6'),1
FANOUT,K75,Exception('timeout_or_slo_miss: completed=53/75 errors=22 elapsed_ms=1020.9'),1
FANOUT,K75,Exception('timeout_or_slo_miss: completed=52/75 errors=21 elapsed_ms=1507.6'),1
FANOUT,K75,Exception('timeout_or_slo_miss: completed=50/75 errors=15 elapsed_ms=1743.9'),1
FANOUT,K75,Exception('timeout_or_slo_miss: completed=48/75 errors=27 elapsed_ms=1013.7'),2
FANOUT,K75,Exception('timeout_or_slo_miss: completed=42/75 errors=23 elapsed_ms=2016.5'),1
FANOUT,K75,Exception('timeout_or_slo_miss: completed=55/75 errors=10 elapsed_ms=1348.2'),1
FANOUT,K75,Exception('timeout_or_slo_miss: completed=52/75 errors=23 elapsed_ms=1005.5'),7
FANOUT,K75,Exception('timeout_or_slo_miss: completed=40/75 errors=35 elapsed_ms=1179.9'),1
FANOUT,K75,Exception('timeout_or_slo_miss: completed=48/75 errors=27 elapsed_ms=1092.3'),2
FANOUT,K75,Exception('timeout_or_slo_miss: completed=52/75 errors=23 elapsed_ms=1006.3'),11
FANOUT,K75,Exception('timeout_or_slo_miss: completed=45/75 errors=30 elapsed_ms=1011.0'),1
FANOUT,K75,Exception('timeout_or_slo_miss: completed=52/75 errors=21 elapsed_ms=1511.5'),1
FANOUT,K75,Exception('timeout_or_slo_miss: completed=41/75 errors=34 elapsed_ms=1139.5'),1
FANOUT,K75,Exception('timeout_or_slo_miss: completed=49/75 errors=26 elapsed_ms=1019.3'),1
FANOUT,K75,Exception('timeout_or_slo_miss: completed=47/75 errors=28 elapsed_ms=1008.6'),2
FANOUT,K75,Exception('timeout_or_slo_miss: completed=50/75 errors=25 elapsed_ms=1006.7'),2
FANOUT,K75,Exception('timeout_or_slo_miss: completed=48/75 errors=9 elapsed_ms=3399.6'),1
FANOUT,K75,Exception('timeout_or_slo_miss: completed=46/75 errors=29 elapsed_ms=1095.8'),1
FANOUT,K75,Exception('timeout_or_slo_miss: completed=50/75 errors=25 elapsed_ms=1011.4'),3
FANOUT,K75,Exception('timeout_or_slo_miss: completed=42/75 errors=33 elapsed_ms=1123.1'),1
FANOUT,K75,Exception('timeout_or_slo_miss: completed=45/75 errors=30 elapsed_ms=1092.6'),1
FANOUT,K75,Exception('timeout_or_slo_miss: completed=53/75 errors=22 elapsed_ms=1002.9'),6
FANOUT,K75,Exception('timeout_or_slo_miss: completed=49/75 errors=9 elapsed_ms=2972.0'),1
FANOUT,K75,Exception('timeout_or_slo_miss: completed=45/75 errors=30 elapsed_ms=1102.6'),1
FANOUT,K75,Exception('timeout_or_slo_miss: completed=51/75 errors=14 elapsed_ms=1688.0'),1
FANOUT,K75,Exception('timeout_or_slo_miss: completed=49/75 errors=26 elapsed_ms=1099.6'),1
FANOUT,K75,Exception('timeout_or_slo_miss: completed=47/75 errors=28 elapsed_ms=1008.3'),3
FANOUT,K75,Exception('timeout_or_slo_miss: completed=43/75 errors=30 elapsed_ms=1652.7'),1
FANOUT,K75,Exception('timeout_or_slo_miss: completed=51/75 errors=24 elapsed_ms=1103.5'),1
FANOUT,K75,Exception('timeout_or_slo_miss: completed=55/75 errors=20 elapsed_ms=1002.2'),4
FANOUT,K75,Exception('timeout_or_slo_miss: completed=57/75 errors=16 elapsed_ms=1379.6'),1
FANOUT,K75,Exception('timeout_or_slo_miss: completed=49/75 errors=26 elapsed_ms=1018.4'),1
FANOUT,K75,Exception('timeout_or_slo_miss: completed=54/75 errors=19 elapsed_ms=1509.2'),1
FANOUT,K75,Exception('timeout_or_slo_miss: completed=38/75 errors=37 elapsed_ms=1191.6'),1
FANOUT,K75,Exception('timeout_or_slo_miss: completed=52/75 errors=6 elapsed_ms=2297.2'),1
FANOUT,K75,Exception('timeout_or_slo_miss: completed=49/75 errors=26 elapsed_ms=1010.3'),2
FANOUT,K75,Exception('timeout_or_slo_miss: completed=49/75 errors=24 elapsed_ms=1510.5'),1
FANOUT,K75,Exception('timeout_or_slo_miss: completed=46/75 errors=29 elapsed_ms=1109.6'),3
FANOUT,K75,Exception('timeout_or_slo_miss: completed=52/75 errors=23 elapsed_ms=1007.3'),6
FANOUT,K75,Exception('timeout_or_slo_miss: completed=54/75 errors=21 elapsed_ms=1010.0'),1
FANOUT,K75,Exception('timeout_or_slo_miss: completed=46/75 errors=29 elapsed_ms=1022.9'),1
FANOUT,K75,Exception('timeout_or_slo_miss: completed=49/75 errors=24 elapsed_ms=1603.1'),1
FANOUT,K75,Exception('timeout_or_slo_miss: completed=49/75 errors=26 elapsed_ms=1125.1'),1
FANOUT,K75,Exception('timeout_or_slo_miss: completed=48/75 errors=27 elapsed_ms=1009.3'),5
FANOUT,K75,Exception('timeout_or_slo_miss: completed=42/75 errors=33 elapsed_ms=1147.0'),1
FANOUT,K75,Exception('timeout_or_slo_miss: completed=47/75 errors=28 elapsed_ms=1011.2'),4
FANOUT,K75,Exception('timeout_or_slo_miss: completed=51/75 errors=24 elapsed_ms=1007.9'),1
FANOUT,K75,Exception('timeout_or_slo_miss: completed=48/75 errors=27 elapsed_ms=1344.8'),1
FANOUT,K75,Exception('timeout_or_slo_miss: completed=49/75 errors=26 elapsed_ms=1013.6'),2
FANOUT,K75,Exception('timeout_or_slo_miss: completed=48/75 errors=27 elapsed_ms=1087.0'),1
FANOUT,K75,Exception('timeout_or_slo_miss: completed=48/75 errors=27 elapsed_ms=1018.6'),1
FANOUT,K75,Exception('timeout_or_slo_miss: completed=42/75 errors=33 elapsed_ms=1112.7'),1
FANOUT,K75,Exception('timeout_or_slo_miss: completed=48/75 errors=10 elapsed_ms=2868.7'),1
FANOUT,K75,Exception('timeout_or_slo_miss: completed=45/75 errors=20 elapsed_ms=1761.3'),1
FANOUT,K75,Exception('timeout_or_slo_miss: completed=47/75 errors=28 elapsed_ms=1026.9'),1
FANOUT,K75,Exception('timeout_or_slo_miss: completed=42/75 errors=33 elapsed_ms=1135.6'),1
FANOUT,K75,Exception('timeout_or_slo_miss: completed=52/75 errors=23 elapsed_ms=1014.6'),1
FANOUT,K75,Exception('timeout_or_slo_miss: completed=53/75 errors=22 elapsed_ms=1008.4'),2
FANOUT,K75,Exception('timeout_or_slo_miss: completed=47/75 errors=28 elapsed_ms=1123.6'),1
FANOUT,K75,Exception('timeout_or_slo_miss: completed=54/75 errors=21 elapsed_ms=1003.1'),7
FANOUT,K75,Exception('timeout_or_slo_miss: completed=44/75 errors=31 elapsed_ms=1147.8'),1
FANOUT,K75,Exception('timeout_or_slo_miss: completed=49/75 errors=26 elapsed_ms=1105.4'),1
FANOUT,K75,Exception('timeout_or_slo_miss: completed=50/75 errors=25 elapsed_ms=1008.6'),3
FANOUT,K75,Exception('timeout_or_slo_miss: completed=51/75 errors=22 elapsed_ms=1506.4'),1
FANOUT,K75,Exception('timeout_or_slo_miss: completed=49/75 errors=26 elapsed_ms=1107.3'),1
FANOUT,K75,Exception('timeout_or_slo_miss: completed=41/75 errors=34 elapsed_ms=1116.2'),1
FANOUT,K75,Exception('timeout_or_slo_miss: completed=53/75 errors=22 elapsed_ms=1002.2'),8
FANOUT,K75,Exception('timeout_or_slo_miss: completed=49/75 errors=24 elapsed_ms=1509.4'),1
FANOUT,K75,Exception('timeout_or_slo_miss: completed=46/75 errors=27 elapsed_ms=1618.7'),1
FANOUT,K75,Exception('timeout_or_slo_miss: completed=52/75 errors=23 elapsed_ms=1001.3'),1
FANOUT,K75,Exception('timeout_or_slo_miss: completed=51/75 errors=22 elapsed_ms=1540.6'),1
FANOUT,K75,Exception('timeout_or_slo_miss: completed=51/75 errors=22 elapsed_ms=1509.1'),1
FANOUT,K75,Exception('timeout_or_slo_miss: completed=45/75 errors=30 elapsed_ms=1102.0'),1
FANOUT,K75,Exception('timeout_or_slo_miss: completed=48/75 errors=27 elapsed_ms=1020.9'),1
FANOUT,K75,Exception('timeout_or_slo_miss: completed=53/75 errors=5 elapsed_ms=3219.1'),1
FANOUT,K75,Exception('timeout_or_slo_miss: completed=45/75 errors=30 elapsed_ms=1080.4'),1
FANOUT,K75,Exception('timeout_or_slo_miss: completed=49/75 errors=26 elapsed_ms=1009.2'),5
FANOUT,K75,Exception('timeout_or_slo_miss: completed=43/75 errors=32 elapsed_ms=1078.0'),1
FANOUT,K75,Exception('timeout_or_slo_miss: completed=39/75 errors=36 elapsed_ms=1129.2'),1
FANOUT,K75,Exception('timeout_or_slo_miss: completed=58/75 errors=7 elapsed_ms=1231.4'),1
FANOUT,K75,Exception('timeout_or_slo_miss: completed=48/75 errors=27 elapsed_ms=1121.7'),1
FANOUT,K75,Exception('timeout_or_slo_miss: completed=48/75 errors=27 elapsed_ms=1010.5'),1
FANOUT,K75,Exception('timeout_or_slo_miss: completed=56/75 errors=19 elapsed_ms=1002.7'),2
FANOUT,K75,Exception('timeout_or_slo_miss: completed=50/75 errors=25 elapsed_ms=1014.9'),2
FANOUT,K75,Exception('timeout_or_slo_miss: completed=47/75 errors=26 elapsed_ms=1613.3'),1
FANOUT,K75,Exception('timeout_or_slo_miss: completed=47/75 errors=28 elapsed_ms=1112.8'),1
FANOUT,K75,Exception('timeout_or_slo_miss: completed=47/75 errors=28 elapsed_ms=1010.2'),1
FANOUT,K75,Exception('timeout_or_slo_miss: completed=53/75 errors=22 elapsed_ms=1002.8'),7
FANOUT,K75,Exception('timeout_or_slo_miss: completed=52/75 errors=23 elapsed_ms=1003.3'),2
FANOUT,K75,Exception('timeout_or_slo_miss: completed=50/75 errors=19 elapsed_ms=1625.8'),1
FANOUT,K75,Exception('timeout_or_slo_miss: completed=43/75 errors=32 elapsed_ms=1103.5'),1
FANOUT,K75,Exception('timeout_or_slo_miss: completed=52/75 errors=23 elapsed_ms=1002.9'),3
FANOUT,K75,Exception('timeout_or_slo_miss: completed=46/75 errors=29 elapsed_ms=1134.0'),1
FANOUT,K75,Exception('timeout_or_slo_miss: completed=46/75 errors=29 elapsed_ms=1061.2'),1
FANOUT,K75,Exception('timeout_or_slo_miss: completed=45/75 errors=30 elapsed_ms=1126.4'),1
FANOUT,K75,Exception('timeout_or_slo_miss: completed=48/75 errors=27 elapsed_ms=1011.4'),2
FANOUT,K75,Exception('timeout_or_slo_miss: completed=53/75 errors=6 elapsed_ms=2904.5'),1
FANOUT,K75,Exception('timeout_or_slo_miss: completed=57/75 errors=18 elapsed_ms=1001.7'),1
FANOUT,K75,Exception('timeout_or_slo_miss: completed=50/75 errors=25 elapsed_ms=1010.0'),5
FANOUT,K75,Exception('timeout_or_slo_miss: completed=55/75 errors=10 elapsed_ms=1578.4'),1
FANOUT,K75,Exception('timeout_or_slo_miss: completed=49/75 errors=8 elapsed_ms=3445.2'),1
FANOUT,K75,Exception('timeout_or_slo_miss: completed=46/75 errors=29 elapsed_ms=1007.8'),2
FANOUT,K75,Exception('timeout_or_slo_miss: completed=50/75 errors=25 elapsed_ms=1015.0'),1
FANOUT,K75,Exception('timeout_or_slo_miss: completed=45/75 errors=30 elapsed_ms=1104.2'),1
FANOUT,K75,Exception('timeout_or_slo_miss: completed=59/75 errors=14 elapsed_ms=1289.4'),1
FANOUT,K75,Exception('timeout_or_slo_miss: completed=48/75 errors=27 elapsed_ms=1103.4'),1
FANOUT,K75,Exception('timeout_or_slo_miss: completed=51/75 errors=24 elapsed_ms=1008.1'),8
FANOUT,K75,Exception('timeout_or_slo_miss: completed=49/75 errors=26 elapsed_ms=1021.5'),1
FANOUT,K75,Exception('timeout_or_slo_miss: completed=53/75 errors=22 elapsed_ms=1012.5'),1
FANOUT,K75,Exception('timeout_or_slo_miss: completed=48/75 errors=27 elapsed_ms=1024.4'),1
FANOUT,K75,Exception('timeout_or_slo_miss: completed=54/75 errors=21 elapsed_ms=1005.6'),1
FANOUT,K75,Exception('timeout_or_slo_miss: completed=41/75 errors=34 elapsed_ms=1145.2'),1
FANOUT,K75,Exception('timeout_or_slo_miss: completed=47/75 errors=28 elapsed_ms=1071.9'),1
FANOUT,K75,Exception('timeout_or_slo_miss: completed=46/75 errors=29 elapsed_ms=1071.3'),1
FANOUT,K75,Exception('timeout_or_slo_miss: completed=48/75 errors=27 elapsed_ms=1011.0'),2
FANOUT,K75,Exception('timeout_or_slo_miss: completed=43/75 errors=32 elapsed_ms=4469.5'),1
FANOUT,K75,Exception('timeout_or_slo_miss: completed=50/75 errors=25 elapsed_ms=1019.8'),2
FANOUT,K75,Exception('timeout_or_slo_miss: completed=49/75 errors=26 elapsed_ms=1004.3'),1
FANOUT,K75,Exception('timeout_or_slo_miss: completed=55/75 errors=20 elapsed_ms=1003.3'),2
FANOUT,K75,Exception('timeout_or_slo_miss: completed=47/75 errors=28 elapsed_ms=1011.3'),2
FANOUT,K75,Exception('timeout_or_slo_miss: completed=56/75 errors=9 elapsed_ms=1507.1'),1
FANOUT,K75,Exception('timeout_or_slo_miss: completed=40/75 errors=35 elapsed_ms=1508.0'),1
FANOUT,K75,Exception('timeout_or_slo_miss: completed=53/75 errors=22 elapsed_ms=1016.4'),1
FANOUT,K75,Exception('timeout_or_slo_miss: completed=51/75 errors=14 elapsed_ms=1810.4'),1
FANOUT,K75,Exception('timeout_or_slo_miss: completed=52/75 errors=13 elapsed_ms=1578.7'),1
FANOUT,K75,Exception('timeout_or_slo_miss: completed=44/75 errors=31 elapsed_ms=1092.8'),1
FANOUT,K75,Exception('timeout_or_slo_miss: completed=47/75 errors=26 elapsed_ms=1642.9'),1
FANOUT,K75,Exception('timeout_or_slo_miss: completed=54/75 errors=19 elapsed_ms=1504.9'),1
FANOUT,K75,Exception('timeout_or_slo_miss: completed=47/75 errors=28 elapsed_ms=1135.8'),1
FANOUT,K75,Exception('timeout_or_slo_miss: completed=46/75 errors=29 elapsed_ms=1109.0'),1
FANOUT,K75,Exception('timeout_or_slo_miss: completed=51/75 errors=22 elapsed_ms=1511.5'),2
FANOUT,K75,Exception('timeout_or_slo_miss: completed=46/75 errors=29 elapsed_ms=1014.9'),1
FANOUT,K75,Exception('timeout_or_slo_miss: completed=49/75 errors=26 elapsed_ms=1010.7'),3
FANOUT,K75,Exception('timeout_or_slo_miss: completed=47/75 errors=28 elapsed_ms=1079.7'),1
FANOUT,K75,Exception('timeout_or_slo_miss: completed=48/75 errors=27 elapsed_ms=1075.3'),1
FANOUT,K75,Exception('timeout_or_slo_miss: completed=49/75 errors=26 elapsed_ms=1120.1'),1
FANOUT,K75,Exception('timeout_or_slo_miss: completed=46/75 errors=12 elapsed_ms=3421.0'),1
FANOUT,K75,Exception('timeout_or_slo_miss: completed=47/75 errors=28 elapsed_ms=1020.7'),2
FANOUT,K75,Exception('timeout_or_slo_miss: completed=48/75 errors=27 elapsed_ms=1013.1'),2
FANOUT,K75,Exception('timeout_or_slo_miss: completed=46/75 errors=29 elapsed_ms=4265.6'),1
FANOUT,K75,Exception('timeout_or_slo_miss: completed=49/75 errors=26 elapsed_ms=1009.7'),4
FANOUT,K75,Exception('timeout_or_slo_miss: completed=58/75 errors=7 elapsed_ms=1579.4'),1
FANOUT,K75,Exception('timeout_or_slo_miss: completed=44/75 errors=29 elapsed_ms=1648.1'),1
FANOUT,K75,Exception('timeout_or_slo_miss: completed=46/75 errors=29 elapsed_ms=1115.6'),1
FANOUT,K75,Exception('timeout_or_slo_miss: completed=47/75 errors=28 elapsed_ms=1017.8'),1
FANOUT,K75,Exception('timeout_or_slo_miss: completed=53/75 errors=22 elapsed_ms=1011.1'),1
FANOUT,K75,Exception('timeout_or_slo_miss: completed=51/75 errors=24 elapsed_ms=1010.5'),2
FANOUT,K75,Exception('timeout_or_slo_miss: completed=48/75 errors=27 elapsed_ms=1016.2'),1
FANOUT,K75,Exception('timeout_or_slo_miss: completed=48/75 errors=27 elapsed_ms=1005.7'),2
FANOUT,K75,Exception('timeout_or_slo_miss: completed=52/75 errors=23 elapsed_ms=1011.0'),2
FANOUT,K75,Exception('timeout_or_slo_miss: completed=53/75 errors=22 elapsed_ms=1001.6'),1
FANOUT,K75,Exception('timeout_or_slo_miss: completed=49/75 errors=26 elapsed_ms=1019.2'),1
FANOUT,K75,Exception('timeout_or_slo_miss: completed=45/75 errors=30 elapsed_ms=1015.1'),1
FANOUT,K75,Exception('timeout_or_slo_miss: completed=51/75 errors=24 elapsed_ms=1012.5'),1
FANOUT,K75,Exception('timeout_or_slo_miss: completed=56/75 errors=17 elapsed_ms=1503.2'),1
FANOUT,K75,Exception('timeout_or_slo_miss: completed=53/75 errors=22 elapsed_ms=1003.6'),5
FANOUT,K75,Exception('timeout_or_slo_miss: completed=45/75 errors=30 elapsed_ms=1128.2'),1
FANOUT,K75,Exception('timeout_or_slo_miss: completed=47/75 errors=28 elapsed_ms=1015.4'),1
FANOUT,K75,Exception('timeout_or_slo_miss: completed=53/75 errors=22 elapsed_ms=1005.8'),4
FANOUT,K75,Exception('timeout_or_slo_miss: completed=53/75 errors=22 elapsed_ms=1008.0'),4
FANOUT,K75,Exception('timeout_or_slo_miss: completed=48/75 errors=27 elapsed_ms=1009.5'),2
FANOUT,K75,Exception('timeout_or_slo_miss: completed=49/75 errors=24 elapsed_ms=1535.4'),1
FANOUT,K75,Exception('timeout_or_slo_miss: completed=52/75 errors=23 elapsed_ms=1007.7'),1
FANOUT,K75,Exception('timeout_or_slo_miss: completed=52/75 errors=23 elapsed_ms=1004.7'),2
FANOUT,K75,Exception('timeout_or_slo_miss: completed=51/75 errors=24 elapsed_ms=1004.4'),3
FANOUT,K75,Exception('timeout_or_slo_miss: completed=45/75 errors=30 elapsed_ms=1134.3'),1
FANOUT,K75,Exception('timeout_or_slo_miss: completed=44/75 errors=31 elapsed_ms=1027.0'),1
FANOUT,K75,Exception('timeout_or_slo_miss: completed=46/75 errors=29 elapsed_ms=1126.1'),1
FANOUT,K75,Exception('timeout_or_slo_miss: completed=41/75 errors=34 elapsed_ms=1143.5'),1
FANOUT,K75,Exception('timeout_or_slo_miss: completed=44/75 errors=31 elapsed_ms=1010.7'),1
