Timestamp,User Count,Type,Name,Requests/s,Failures/s,50%,66%,75%,80%,90%,95%,98%,99%,99.9%,99.99%,100%,Total Request Count,Total Failure Count,Total Median Response Time,Total Average Response Time,Total Min Response Time,Total Max Response Time,Total Average Content Size
1774174240,0,,Aggregated,0.000000,0.000000,N/A,N/A,N/A,N/A,N/A,N/A,N/A,N/A,N/A,N/A,N/A,0,0,0,0.0,0,0,0
1774174241,10,,Aggregated,0.000000,0.000000,N/A,N/A,N/A,N/A,N/A,N/A,N/A,N/A,N/A,N/A,N/A,0,0,0,0.0,0,0,0
1774174242,10,,Aggregated,0.000000,0.000000,N/A,N/A,N/A,N/A,N/A,N/A,N/A,N/A,N/A,N/A,N/A,0,0,0,0.0,0,0,0
1774174243,10,,Aggregated,0.000000,0.000000,N/A,N/A,N/A,N/A,N/A,N/A,N/A,N/A,N/A,N/A,N/A,0,0,0,0.0,0,0,0
1774174244,10,,Aggregated,0.000000,0.000000,N/A,N/A,N/A,N/A,N/A,N/A,N/A,N/A,N/A,N/A,N/A,0,0,0,0.0,0,0,0
1774174245,10,,Aggregated,0.000000,0.000000,4400,4400,4400,4400,4400,4400,4400,4400,4400,4400,4400,1,1,4371.324837999964,4371.324837999964,4371.324837999964,4371.324837999964,0.0
1774174246,10,,Aggregated,0.000000,0.000000,5700,5700,5700,5700,5700,5700,5700,5700,5700,5700,5700,2,2,4400.0,5053.018506499939,4371.324837999964,5734.712174999913,0.0
1774174247,10,,Aggregated,0.200000,0.200000,6500,6500,7000,7000,7000,7000,7000,7000,7000,7000,7000,4,4,5700.0,5887.4653934999515,4371.324837999964,6956.743026999902,0.0
1774174248,10,,Aggregated,0.166667,0.166667,7100,7200,7200,7400,7700,7700,7700,7700,7700,7700,7700,9,9,7100.0,6683.856658999906,4371.324837999964,7737.325303999569,0.0
1774174249,10,,Aggregated,0.428571,0.428571,7100,7200,7400,7400,7700,9000,9000,9000,9000,9000,9000,12,12,7000.0,6016.600505166556,1536.9277219997457,8961.57661199959,0.0
1774174250,10,,Aggregated,0.428571,0.428571,7000,7200,7200,7400,7700,9000,9000,9000,9000,9000,9000,14,14,6500.0,5521.308313499893,1536.9277219997457,8961.57661199959,0.0
1774174251,10,,Aggregated,1.000000,1.000000,6500,7100,7200,7400,7700,9000,9000,9000,9000,9000,9000,15,15,6500.0,5377.6018897332815,1536.9277219997457,8961.57661199959,0.0
1774174252,10,,Aggregated,1.400000,1.400000,4400,6500,7100,7200,7400,7700,9000,9000,9000,9000,9000,21,21,4400.0,4726.790080618966,1536.9277219997457,8961.57661199959,0.0
1774174253,10,,Aggregated,1.400000,1.400000,5700,6500,7100,7200,7400,7700,9000,9000,9000,9000,9000,22,22,4400.0,4770.591947454498,1536.9277219997457,8961.57661199959,0.0
1774174254,10,,Aggregated,1.900000,1.900000,3400,5700,7000,7100,7400,7700,9000,9000,9000,9000,9000,27,27,3400.0,4375.976182777777,1536.9277219997457,8961.57661199959,0.0
1774174255,10,,Aggregated,1.900000,1.900000,3300,5700,6500,7100,7400,7700,9000,9000,9000,9000,9000,30,30,3300.0,4208.637047200015,1536.9277219997457,8961.57661199959,0.0
1774174256,10,,Aggregated,2.400000,2.400000,3200,5600,6300,6500,7200,7700,9000,9000,9000,9000,9000,36,36,2700.0,3890.031018833345,1280.794264999713,8961.57661199959,0.0
1774174257,10,,Aggregated,2.400000,2.400000,2700,5600,6100,6500,7200,7700,9000,9000,9000,9000,9000,38,38,2600.0,3769.671590289506,1280.794264999713,8961.57661199959,0.0
1774174258,10,,Aggregated,3.000000,3.000000,2600,4400,5700,6300,7200,7400,9000,9000,9000,9000,9000,43,43,2600.0,3622.0921376976794,1280.794264999713,8961.57661199959,0.0
1774174259,10,,Aggregated,3.500000,3.500000,2000,3400,5600,6100,7200,7400,9000,9000,9000,9000,9000,49,49,2000.0,3390.305769448991,1143.045608000648,8961.57661199959,0.0
1774174260,10,,Aggregated,3.200000,3.200000,2000,3200,4400,5700,7100,7400,7700,9000,9000,9000,9000,59,59,2000.0,3042.6244821695386,672.4161880001702,8961.57661199959,0.0
1774174261,10,,Aggregated,3.600000,3.600000,1900,2600,3400,5600,7000,7200,7700,9000,9000,9000,9000,65,65,1900.0,2825.3689944923485,568.6495559994,8961.57661199959,0.0
1774174262,10,,Aggregated,3.700000,3.700000,1600,2000,3300,4200,6500,7200,7700,9000,9000,9000,9000,77,74,1600.0,2491.2278507532956,58.17399799980194,8961.57661199959,0.0
1774174263,10,,Aggregated,4.800000,4.800000,1500,2000,2600,3400,6300,7200,7700,9000,9000,9000,9000,90,81,1500.0,2197.369776844485,55.20238600001903,8961.57661199959,0.0
1774174264,10,,Aggregated,5.300000,5.200000,1100,1700,2000,2700,5700,7100,7400,7700,9000,9000,9000,106,89,1100.0,1922.86176882079,20.73359999940294,8961.57661199959,0.0
1774174265,10,,Aggregated,6.300000,5.700000,1000,1500,2000,2400,5700,7100,7400,7700,9000,9000,9000,119,96,1000.0,1748.0420861344824,20.73359999940294,8961.57661199959,0.0
1774174266,10,,Aggregated,7.400000,6.100000,900,1500,1900,2000,4500,7000,7400,7700,9000,9000,9000,134,104,830.0,1598.571940276134,20.73359999940294,8961.57661199959,0.0
1774174267,10,,Aggregated,8.400000,6.300000,680,1300,1700,2000,4400,6500,7400,7700,9000,9000,9000,145,109,680.0,1503.4559362896557,20.73359999940294,8961.57661199959,0.0
1774174268,10,,Aggregated,9.400000,6.800000,610,1100,1600,2000,4200,6500,7200,7700,9000,9000,9000,158,116,610.0,1411.584386930376,20.73359999940294,8961.57661199959,0.0
1774174269,10,,Aggregated,10.300000,7.000000,580,1000,1500,1900,3400,6300,7200,7700,9000,9000,9000,174,123,580.0,1315.0775589482753,20.73359999940294,8961.57661199959,0.0
1774174270,10,,Aggregated,11.600000,7.600000,570,1000,1400,1700,3300,6100,7200,7700,9000,9000,9000,187,130,570.0,1248.8747003582896,20.73359999940294,8961.57661199959,0.0
1774174271,10,,Aggregated,12.300000,7.600000,560,1000,1200,1500,3200,5700,7200,7400,9000,9000,9000,206,140,560.0,1162.8280100485458,20.73359999940294,8961.57661199959,0.0
1774174272,10,,Aggregated,13.100000,7.600000,550,900,1100,1500,2700,5700,7200,7400,9000,9000,9000,219,147,550.0,1114.6088172328825,20.73359999940294,8961.57661199959,0.0
1774174273,10,,Aggregated,13.600000,7.400000,550,780,1000,1400,2400,5700,7200,7400,9000,9000,9000,235,154,550.0,1061.1386262766,20.73359999940294,8961.57661199959,0.0
1774174274,10,,Aggregated,14.000000,7.200000,540,670,1000,1300,2200,5600,7200,7400,9000,9000,9000,248,161,540.0,1025.6296190040428,20.73359999940294,8961.57661199959,0.0
1774174275,10,,Aggregated,14.400000,7.200000,540,610,1000,1100,2000,4500,7100,7400,9000,9000,9000,261,168,540.0,992.3473067892793,20.73359999940294,8961.57661199959,0.0
1774174276,10,,Aggregated,14.300000,7.200000,540,600,1000,1100,2000,4500,7100,7400,9000,9000,9000,275,175,540.0,958.803459400001,20.73359999940294,8961.57661199959,0.0
1774174277,10,,Aggregated,14.000000,7.100000,530,580,1000,1000,2000,4400,7100,7400,9000,9000,9000,289,182,530.0,926.5421909861598,20.73359999940294,8961.57661199959,0.0
1774174278,10,,Aggregated,14.200000,7.200000,530,580,1000,1000,2000,4200,7000,7200,9000,9000,9000,304,190,530.0,898.0480740888155,20.73359999940294,8961.57661199959,0.0
1774174279,10,,Aggregated,14.300000,7.100000,530,570,1000,1000,2000,4200,7000,7200,9000,9000,9000,318,197,530.0,872.8406462987424,20.73359999940294,8961.57661199959,0.0
1774174280,10,,Aggregated,14.100000,7.100000,530,570,970,1000,1900,3400,7000,7200,9000,9000,9000,332,203,530.0,849.782689165658,20.73359999940294,8961.57661199959,0.0
1774174281,10,,Aggregated,14.400000,7.300000,530,560,830,1000,1900,3400,7000,7200,9000,9000,9000,346,210,530.0,830.139167557798,20.73359999940294,8961.57661199959,0.0
1774174282,10,,Aggregated,14.300000,7.400000,530,560,780,1000,1700,3300,6500,7200,9000,9000,9000,361,217,530.0,809.7943891080266,20.73359999940294,8961.57661199959,0.0
1774174283,10,,Aggregated,14.200000,7.200000,530,560,720,1000,1700,3300,6500,7200,9000,9000,9000,376,224,530.0,791.285778172862,20.73359999940294,8961.57661199959,0.0
1774174284,10,,Aggregated,14.100000,7.000000,530,560,670,1000,1600,3300,6500,7200,9000,9000,9000,385,229,530.0,783.0658469064858,20.73359999940294,8961.57661199959,0.0
1774174285,10,,Aggregated,13.900000,7.000000,530,560,670,1000,1500,3200,6300,7200,9000,9000,9000,403,237,530.0,763.5299502704582,20.73359999940294,8961.57661199959,0.0
1774174286,10,,Aggregated,14.100000,7.200000,530,550,620,1000,1500,3200,6300,7200,9000,9000,9000,416,244,530.0,749.3537407716241,20.73359999940294,8961.57661199959,0.0
1774174287,10,,Aggregated,14.200000,7.100000,530,550,610,1000,1500,2700,6300,7200,9000,9000,9000,431,252,530.0,737.8150910858352,20.73359999940294,8961.57661199959,0.0
1774174288,10,,Aggregated,14.400000,7.100000,520,550,600,1000,1500,2600,6300,7200,9000,9000,9000,444,258,520.0,726.1501959977367,20.73359999940294,8961.57661199959,0.0
1774174289,10,,Aggregated,14.100000,6.900000,520,550,600,1000,1500,2600,6100,7200,9000,9000,9000,459,266,520.0,715.7714454139306,20.73359999940294,8961.57661199959,0.0
1774174290,10,,Aggregated,14.100000,6.800000,520,550,590,1000,1400,2400,6100,7200,9000,9000,9000,474,273,520.0,703.0209897742435,20.73359999940294,8961.57661199959,0.0
1774174291,10,,Aggregated,14.100000,6.900000,520,550,590,1000,1300,2200,6100,7200,9000,9000,9000,491,282,520.0,690.2805227372554,20.73359999940294,8961.57661199959,0.0
1774174292,10,,Aggregated,14.300000,7.000000,520,550,580,970,1200,2000,5700,7100,9000,9000,9000,503,289,520.0,681.8124662942215,20.73359999940294,8961.57661199959,0.0
1774174293,10,,Aggregated,14.100000,6.900000,520,550,580,830,1200,2000,5700,7100,9000,9000,9000,517,296,520.0,671.6532098510498,20.73359999940294,8961.57661199959,0.0
1774174294,10,,Aggregated,14.300000,7.200000,520,550,570,780,1100,2000,5700,7100,9000,9000,9000,531,303,520.0,662.8270245913254,20.73359999940294,8961.57661199959,0.0
1774174295,10,,Aggregated,14.100000,7.100000,520,550,570,680,1100,2000,5700,7100,9000,9000,9000,546,310,520.0,653.0450540970596,20.73359999940294,8961.57661199959,0.0
1774174296,10,,Aggregated,14.400000,7.100000,520,550,570,640,1000,2000,5700,7100,9000,9000,9000,563,319,520.0,642.7820194280529,20.73359999940294,8961.57661199959,0.0
1774174297,10,,Aggregated,14.300000,7.200000,520,540,570,610,1000,2000,5700,7100,9000,9000,9000,578,328,520.0,635.1498898114038,20.73359999940294,8961.57661199959,0.0
1774174298,10,,Aggregated,14.500000,7.400000,520,540,570,600,1000,2000,5700,7100,9000,9000,9000,592,334,520.0,627.3012039847786,20.73359999940294,8961.57661199959,0.0
1774174299,10,,Aggregated,14.400000,7.500000,520,540,570,600,1000,2000,5600,7000,9000,9000,9000,608,343,520.0,619.4515646776115,20.73359999940294,8961.57661199959,0.0
1774174300,10,,Aggregated,14.400000,7.400000,520,540,560,590,1000,2000,5600,7000,9000,9000,9000,623,350,520.0,611.3700393113766,20.73359999940294,8961.57661199959,0.0
1774174301,10,,Aggregated,14.400000,7.400000,520,540,560,590,1000,2000,5600,7000,9000,9000,9000,638,358,520.0,604.7236125658098,20.73359999940294,8961.57661199959,0.0
1774174302,10,,Aggregated,14.600000,7.400000,520,540,560,590,1000,1900,4500,7000,9000,9000,9000,653,365,520.0,597.2547709249418,20.73359999940294,8961.57661199959,0.0
1774174303,10,,Aggregated,14.700000,7.500000,520,540,560,590,1000,1900,4500,7000,9000,9000,9000,666,371,520.0,591.6491469894702,20.73359999940294,8961.57661199959,0.0
1774174304,10,,Aggregated,14.700000,7.500000,520,540,560,580,1000,1900,4500,7000,9000,9000,9000,683,379,520.0,584.7285958682083,20.73359999940294,8961.57661199959,0.0
1774174305,10,,Aggregated,15.100000,7.600000,520,540,560,580,1000,1900,4500,7000,9000,9000,9000,697,387,520.0,579.6478967646856,20.73359999940294,8961.57661199959,0.0
1774174306,10,,Aggregated,14.800000,7.600000,520,540,560,580,1000,1800,4400,6500,9000,9000,9000,715,396,520.0,572.7818371832026,20.73359999940294,8961.57661199959,0.0
1774174307,10,,Aggregated,15.200000,7.700000,520,540,560,570,1000,1700,4400,6500,9000,9000,9000,730,404,520.0,568.1283145301217,20.73359999940294,8961.57661199959,0.0
1774174308,10,,Aggregated,14.800000,7.500000,520,540,560,570,1000,1700,4400,6500,9000,9000,9000,745,411,520.0,562.155642146294,20.73359999940294,8961.57661199959,0.0
1774174309,10,,Aggregated,15.200000,7.600000,520,540,560,570,1000,1700,4200,6500,9000,9000,9000,760,419,520.0,557.9028872631444,20.73359999940294,8961.57661199959,0.0
1774174310,10,,Aggregated,15.300000,7.800000,520,540,560,570,1000,1600,4200,6500,9000,9000,9000,773,426,520.0,553.9867891720423,20.73359999940294,8961.57661199959,0.0
1774174311,10,,Aggregated,15.400000,7.700000,520,540,560,570,1000,1600,4200,6500,9000,9000,9000,788,434,520.0,549.4109462626769,20.73359999940294,8961.57661199959,0.0
1774174312,10,,Aggregated,15.100000,7.600000,520,540,560,570,1000,1500,3400,6300,9000,9000,9000,804,441,520.0,543.7625018581938,20.73359999940294,8961.57661199959,0.0
1774174313,10,,Aggregated,15.300000,7.800000,520,540,560,570,1000,1500,3400,6300,9000,9000,9000,820,450,520.0,540.0686180365726,20.73359999940294,8961.57661199959,0.0
1774174314,10,,Aggregated,15.300000,7.700000,520,540,560,570,1000,1500,3400,6300,9000,9000,9000,836,458,520.0,535.4041922487916,20.73359999940294,8961.57661199959,0.0
1774174315,10,,Aggregated,15.000000,7.600000,520,540,560,570,1000,1500,3400,6300,9000,9000,9000,850,464,520.0,530.8716107882226,20.73359999940294,8961.57661199959,0.0
1774174316,10,,Aggregated,15.100000,7.600000,520,540,560,570,1000,1500,3400,6300,9000,9000,9000,863,471,520.0,528.7298555805206,20.73359999940294,8961.57661199959,0.0
1774174317,10,,Aggregated,15.000000,7.700000,520,540,560,570,1000,1500,3400,6300,9000,9000,9000,879,479,520.0,525.6124934027179,20.73359999940294,8961.57661199959,0.0
1774174318,10,,Aggregated,15.200000,7.600000,520,540,560,570,1000,1500,3400,6300,9000,9000,9000,896,487,520.0,520.8940275078015,19.64241099994979,8961.57661199959,0.0
1774174319,10,,Aggregated,14.900000,7.600000,520,540,550,570,1000,1500,3300,6100,9000,9000,9000,909,492,520.0,517.8871626963587,19.64241099994979,8961.57661199959,0.0
1774174320,10,,Aggregated,15.100000,7.600000,520,540,550,570,1000,1400,3300,6100,9000,9000,9000,925,499,520.0,515.0384519437725,19.64241099994979,8961.57661199959,0.0
1774174321,10,,Aggregated,15.100000,7.600000,520,540,550,570,1000,1400,3300,6100,9000,9000,9000,940,507,520.0,512.9883351999889,19.64241099994979,8961.57661199959,0.0
1774174322,10,,Aggregated,15.100000,7.400000,520,540,560,570,1000,1400,3300,6100,9000,9000,9000,954,514,520.0,511.1264031425492,19.64241099994979,8961.57661199959,0.0
1774174323,10,,Aggregated,15.000000,7.300000,520,540,550,570,1000,1400,3300,6100,9000,9000,9000,970,523,520.0,508.5984956690657,19.64241099994979,8961.57661199959,0.0
1774174324,10,,Aggregated,14.800000,7.300000,520,540,550,570,1000,1300,3300,6100,9000,9000,9000,984,529,520.0,505.0417524471494,19.64241099994979,8961.57661199959,0.0
1774174325,10,,Aggregated,15.000000,7.300000,520,540,550,570,1000,1300,3300,6100,9000,9000,9000,999,537,520.0,503.0947003953905,19.64241099994979,8961.57661199959,0.0
1774174326,10,,Aggregated,14.800000,7.200000,520,540,550,570,1000,1200,3200,5700,7700,9000,9000,1015,544,520.0,499.73562289556077,19.64241099994979,8961.57661199959,0.0
1774174327,10,,Aggregated,14.700000,6.900000,520,540,550,560,1000,1200,3200,5700,7700,9000,9000,1029,551,520.0,496.95586000291183,19.64241099994979,8961.57661199959,0.0
1774174328,10,,Aggregated,14.700000,7.000000,520,540,550,560,1000,1100,3200,5700,7700,9000,9000,1043,558,520.0,494.2556791907899,19.64241099994979,8961.57661199959,0.0
1774174329,10,,Aggregated,14.800000,7.000000,520,540,550,560,1000,1100,2700,5700,7700,9000,9000,1058,566,520.0,492.1297436238128,19.64241099994979,8961.57661199959,0.0
1774174330,10,,Aggregated,14.800000,7.100000,520,540,550,560,1000,1100,2700,5700,7700,9000,9000,1074,574,520.0,489.17646125790895,19.64241099994979,8961.57661199959,0.0
1774174331,10,,Aggregated,14.800000,7.200000,520,540,550,560,1000,1100,2700,5700,7700,9000,9000,1091,582,520.0,486.3132003950449,19.64241099994979,8961.57661199959,0.0
1774174332,10,,Aggregated,14.800000,7.400000,520,540,550,560,1000,1100,2600,5700,7700,9000,9000,1107,590,520.0,483.9338497633188,19.64241099994979,8961.57661199959,0.0
1774174333,10,,Aggregated,14.900000,7.400000,520,540,550,560,1000,1000,2600,5700,7700,9000,9000,1121,597,520.0,481.56854328813165,19.64241099994979,8961.57661199959,0.0
1774174334,10,,Aggregated,15.000000,7.300000,520,540,550,560,1000,1000,2600,5700,7700,9000,9000,1136,604,520.0,479.2621845475333,19.64241099994979,8961.57661199959,0.0
1774174335,10,,Aggregated,14.900000,7.400000,520,540,550,560,1000,1000,2400,5700,7700,9000,9000,1151,612,520.0,477.18045246741946,19.64241099994979,8961.57661199959,0.0
1774174336,10,,Aggregated,15.100000,7.400000,520,530,550,560,1000,1000,2400,5700,7700,9000,9000,1166,619,520.0,474.9801710463124,19.64241099994979,8961.57661199959,0.0
1774174337,10,,Aggregated,15.300000,7.700000,520,540,550,560,1000,1000,2400,5700,7700,9000,9000,1179,626,520.0,473.5734033477514,19.64241099994979,8961.57661199959,0.0
1774174338,10,,Aggregated,15.200000,7.700000,520,530,550,560,1000,1000,2400,5700,7700,9000,9000,1193,633,520.0,472.2593075012581,19.64241099994979,8961.57661199959,0.0
1774174339,10,,Aggregated,15.200000,7.700000,520,540,550,560,1000,1000,2200,5600,7700,9000,9000,1210,642,520.0,470.39575763884403,19.64241099994979,8961.57661199959,0.0
1774174340,10,,Aggregated,15.000000,7.500000,520,530,550,560,1000,1000,2200,5600,7700,9000,9000,1226,650,520.0,468.49696236052137,19.64241099994979,8961.57661199959,0.0
1774174341,10,,Aggregated,14.800000,7.400000,520,530,550,560,1000,1000,2200,5600,7700,9000,9000,1239,657,520.0,466.91758339870904,19.64241099994979,8961.57661199959,0.0
1774174342,10,,Aggregated,14.900000,7.400000,520,530,550,560,1000,1000,2000,5600,7700,9000,9000,1255,664,520.0,464.2387830940239,19.64241099994979,8961.57661199959,0.0
1774174343,10,,Aggregated,14.700000,7.300000,520,530,550,560,1000,1000,2000,5600,7700,9000,9000,1270,672,520.0,462.7834533968492,16.534194000087155,8961.57661199959,0.0
1774174344,10,,Aggregated,14.800000,7.400000,520,530,550,560,1000,1000,2000,5600,7700,9000,9000,1286,679,520.0,460.68939765707484,16.534194000087155,8961.57661199959,0.0
1774174345,10,,Aggregated,15.000000,7.400000,520,530,550,560,1000,1000,2000,5600,7700,9000,9000,1300,686,520.0,459.2243056961531,16.534194000087155,8961.57661199959,0.0
1774174346,10,,Aggregated,15.000000,7.500000,520,530,550,560,1000,1000,2000,4500,7700,9000,9000,1317,694,520.0,456.9447024540637,16.534194000087155,8961.57661199959,0.0
1774174347,10,,Aggregated,14.700000,7.300000,520,530,550,560,1000,1000,2000,4500,7700,9000,9000,1331,701,520.0,455.97488787678634,16.534194000087155,8961.57661199959,0.0
1774174348,10,,Aggregated,15.000000,7.500000,520,530,550,560,1000,1000,2000,4500,7700,9000,9000,1346,708,520.0,454.711626979199,16.534194000087155,8961.57661199959,0.0
1774174349,10,,Aggregated,14.900000,7.300000,520,530,550,560,1000,1000,2000,4500,7700,9000,9000,1361,716,520.0,453.488961963998,16.534194000087155,8961.57661199959,0.0
1774174350,10,,Aggregated,15.200000,7.500000,520,530,550,560,1000,1000,2000,4500,7700,9000,9000,1375,723,520.0,452.2694833185449,16.534194000087155,8961.57661199959,0.0
1774174351,10,,Aggregated,15.100000,7.400000,520,530,550,560,1000,1000,2000,4500,7700,9000,9000,1389,730,520.0,450.64752574874035,16.534194000087155,8961.57661199959,0.0
1774174352,10,,Aggregated,14.900000,7.300000,520,530,550,560,1000,1000,2000,4400,7700,9000,9000,1405,738,520.0,448.93822667402196,16.534194000087155,8961.57661199959,0.0
1774174353,10,,Aggregated,15.100000,7.400000,520,530,550,560,1000,1000,2000,4400,7700,9000,9000,1420,746,520.0,447.58474919788955,16.534194000087155,8961.57661199959,0.0
1774174354,10,,Aggregated,15.200000,7.600000,520,530,550,560,970,1000,2000,4400,7700,9000,9000,1434,753,520.0,446.4342127008367,16.534194000087155,8961.57661199959,0.0
1774174355,10,,Aggregated,15.100000,7.700000,520,530,550,560,970,1000,2000,4400,7700,9000,9000,1449,760,520.0,445.0827778412705,16.534194000087155,8961.57661199959,0.0
1774174356,10,,Aggregated,15.100000,7.600000,520,530,550,560,860,1000,2000,4400,7700,9000,9000,1465,769,520.0,443.80502359317495,16.534194000087155,8961.57661199959,0.0
1774174357,10,,Aggregated,15.000000,7.500000,520,530,550,560,860,1000,2000,4400,7700,9000,9000,1480,778,520.0,443.15863879932493,16.534194000087155,8961.57661199959,0.0
1774174358,10,,Aggregated,15.100000,7.600000,520,530,550,560,800,1000,2000,4400,7700,9000,9000,1496,786,520.0,441.6724407012044,16.534194000087155,8961.57661199959,0.0
1774174359,10,,Aggregated,15.100000,7.700000,520,530,550,560,780,1000,2000,4200,7700,9000,9000,1509,793,520.0,440.62483632339314,16.534194000087155,8961.57661199959,0.0
1774174360,10,,Aggregated,14.700000,7.500000,520,530,550,560,720,1000,2000,4200,7700,9000,9000,1524,801,520.0,439.6864317519669,16.534194000087155,8961.57661199959,0.0
1774174361,10,,Aggregated,14.800000,7.700000,520,530,550,560,700,1000,2000,4200,7700,9000,9000,1538,808,520.0,438.3637428823124,16.534194000087155,8961.57661199959,0.0
1774174362,10,,Aggregated,14.800000,7.800000,520,530,550,560,780,1000,2000,4200,7700,9000,9000,1552,816,520.0,438.5790792893019,16.534194000087155,8961.57661199959,0.0
1774174363,10,,Aggregated,14.900000,7.800000,520,530,550,560,720,1000,2000,4200,7700,9000,9000,1567,823,520.0,437.0381209827698,16.534194000087155,8961.57661199959,0.0
1774174364,10,,Aggregated,14.700000,7.600000,520,530,550,560,700,1000,2000,4200,7700,9000,9000,1582,830,520.0,435.8611794235154,16.534194000087155,8961.57661199959,0.0
1774174365,10,,Aggregated,14.500000,7.500000,520,530,550,560,690,1000,2000,4200,7700,9000,9000,1594,837,520.0,435.1894494479298,16.534194000087155,8961.57661199959,0.0
1774174366,10,,Aggregated,14.300000,7.500000,520,530,550,560,680,1000,1900,3400,7700,9000,9000,1609,844,520.0,433.7117009011805,16.534194000087155,8961.57661199959,0.0
1774174367,10,,Aggregated,14.500000,7.600000,520,530,550,560,680,1000,1900,3400,7700,9000,9000,1624,853,520.0,433.1574346631765,16.534194000087155,8961.57661199959,0.0
1774174368,10,,Aggregated,14.100000,7.400000,520,530,550,560,680,1000,1900,3400,7700,9000,9000,1638,860,520.0,432.2376017338204,16.534194000087155,8961.57661199959,0.0
1774174369,10,,Aggregated,14.200000,7.500000,520,530,550,560,680,1000,1900,3400,7700,9000,9000,1654,867,520.0,431.41369702478806,16.534194000087155,8961.57661199959,0.0
1774174370,10,,Aggregated,14.300000,7.500000,520,530,550,560,680,1000,1900,3400,7700,9000,9000,1668,874,520.0,430.27748421642866,16.534194000087155,8961.57661199959,0.0
1774174371,10,,Aggregated,14.300000,7.300000,520,530,550,560,670,1000,1900,3400,7700,9000,9000,1684,881,520.0,429.011767817698,16.534194000087155,8961.57661199959,0.0
1774174372,10,,Aggregated,14.500000,7.300000,520,530,550,560,670,1000,1900,3400,7700,9000,9000,1698,889,520.0,428.4858320912861,16.534194000087155,8961.57661199959,0.0
1774174373,10,,Aggregated,14.200000,7.300000,520,530,550,560,670,1000,1900,3400,7700,9000,9000,1713,897,520.0,427.7757445166403,16.534194000087155,8961.57661199959,0.0
1774174374,10,,Aggregated,14.600000,7.500000,520,530,550,560,670,1000,1900,3400,7700,9000,9000,1729,904,520.0,426.80394189994337,16.534194000087155,8961.57661199959,0.0
1774174375,10,,Aggregated,14.700000,7.500000,520,530,550,560,670,1000,1900,3400,7700,9000,9000,1745,913,520.0,426.16282340859635,16.534194000087155,8961.57661199959,0.0
1774174376,10,,Aggregated,14.700000,7.400000,520,530,550,560,630,1000,1800,3400,7700,9000,9000,1761,921,520.0,424.9771861118687,16.534194000087155,8961.57661199959,0.0
1774174377,10,,Aggregated,14.900000,7.500000,520,530,550,560,630,1000,1800,3400,7700,9000,9000,1775,928,520.0,423.97658348450636,16.534194000087155,8961.57661199959,0.0
1774174378,10,,Aggregated,15.000000,7.500000,520,530,550,560,620,1000,1800,3400,7700,9000,9000,1792,936,520.0,422.8615442600434,16.534194000087155,8961.57661199959,0.0
1774174379,10,,Aggregated,15.100000,7.500000,520,530,550,560,620,1000,1700,3300,7700,9000,9000,1809,944,520.0,421.482273507461,16.534194000087155,8961.57661199959,0.0
1774174380,10,,Aggregated,15.100000,7.500000,520,530,550,560,610,1000,1700,3300,7700,9000,9000,1822,951,520.0,420.94555394566316,16.534194000087155,8961.57661199959,0.0
1774174381,10,,Aggregated,15.200000,7.600000,520,530,550,560,610,1000,1700,3300,7700,9000,9000,1838,959,520.0,419.9211123797609,16.534194000087155,8961.57661199959,0.0
1774174382,10,,Aggregated,15.500000,7.800000,520,530,550,560,610,1000,1700,3300,7700,9000,9000,1855,968,520.0,418.927198256066,16.534194000087155,8961.57661199959,0.0
1774174383,10,,Aggregated,15.600000,7.700000,520,530,550,560,610,1000,1700,3300,7700,9000,9000,1870,975,520.0,417.805944201605,16.534194000087155,8961.57661199959,0.0
1774174384,10,,Aggregated,15.300000,7.600000,520,530,550,560,600,1000,1700,3300,7700,9000,9000,1883,982,520.0,417.3768095098259,16.534194000087155,8961.57661199959,0.0
1774174385,10,,Aggregated,15.300000,7.600000,520,530,550,560,610,1000,1700,3300,7700,9000,9000,1898,989,520.0,416.80388197102485,16.534194000087155,8961.57661199959,0.0
1774174386,10,,Aggregated,15.600000,7.800000,520,530,550,560,610,1000,1600,3300,7700,9000,9000,1912,997,520.0,416.6401609398557,16.534194000087155,8961.57661199959,0.0
1774174387,10,,Aggregated,15.300000,7.700000,520,530,550,560,610,1000,1600,3300,7700,9000,9000,1930,1007,520.0,415.96638786321415,16.534194000087155,8961.57661199959,0.0
1774174388,10,,Aggregated,15.200000,7.600000,520,530,550,560,600,1000,1600,3300,7700,9000,9000,1943,1013,520.0,415.0109748317048,16.534194000087155,8961.57661199959,0.0
1774174389,10,,Aggregated,15.000000,7.500000,520,530,550,560,610,1000,1600,3300,7700,9000,9000,1959,1021,520.0,414.45876263348896,16.534194000087155,8961.57661199959,0.0
1774174390,10,,Aggregated,15.300000,7.800000,520,530,550,560,600,1000,1600,3300,7700,9000,9000,1973,1029,520.0,414.07203117739823,16.534194000087155,8961.57661199959,0.0
1774174391,10,,Aggregated,15.100000,7.700000,520,530,550,560,600,1000,1600,3300,7700,9000,9000,1987,1036,520.0,413.2642554620065,16.534194000087155,8961.57661199959,0.0
1774174392,10,,Aggregated,14.900000,7.600000,520,530,550,560,600,1000,1500,3200,7400,9000,9000,2002,1043,520.0,412.462690187316,16.534194000087155,8961.57661199959,0.0
1774174393,10,,Aggregated,14.800000,7.700000,520,530,550,560,600,1000,1500,3200,7400,9000,9000,2017,1050,520.0,411.7028725265273,16.534194000087155,8961.57661199959,0.0
1774174394,10,,Aggregated,14.800000,7.600000,520,530,550,550,600,1000,1500,3200,7400,9000,9000,2032,1058,520.0,410.92248773966816,16.534194000087155,8961.57661199959,0.0
1774174395,10,,Aggregated,14.700000,7.500000,520,530,550,550,600,1000,1500,3200,7400,9000,9000,2046,1065,520.0,410.3542177497581,16.534194000087155,8961.57661199959,0.0
1774174396,10,,Aggregated,14.700000,7.500000,520,530,550,550,600,1000,1500,3200,7400,9000,9000,2060,1072,520.0,409.784993779616,16.534194000087155,8961.57661199959,0.0
1774174397,10,,Aggregated,14.700000,7.500000,520,530,550,550,600,1000,1500,3200,7400,9000,9000,2074,1080,520.0,409.4736525009689,16.534194000087155,8961.57661199959,0.0
1774174399,10,,Aggregated,14.800000,7.500000,520,530,550,550,600,1000,1500,3200,7400,9000,9000,2091,1089,520.0,408.8727004318557,16.534194000087155,8961.57661199959,0.0
1774174400,10,,Aggregated,14.700000,7.500000,520,530,550,550,600,1000,1500,2700,7400,9000,9000,2105,1095,520.0,408.06646779478,16.534194000087155,8961.57661199959,0.0
1774174401,10,,Aggregated,14.400000,7.300000,520,530,550,550,600,1000,1500,2700,7400,9000,9000,2118,1101,520.0,407.44983721908034,16.534194000087155,8961.57661199959,0.0
1774174402,10,,Aggregated,14.800000,7.600000,520,530,540,550,600,1000,1500,2700,7400,9000,9000,2136,1110,520.0,406.7111303136771,16.534194000087155,8961.57661199959,0.0
1774174403,10,,Aggregated,14.600000,7.400000,520,530,540,550,600,1000,1500,2700,7400,9000,9000,2149,1117,520.0,406.11606016147687,16.534194000087155,8961.57661199959,0.0
1774174404,10,,Aggregated,14.500000,7.200000,520,530,540,550,590,1000,1500,2700,7400,9000,9000,2164,1124,520.0,405.1613028720033,16.534194000087155,8961.57661199959,0.0
1774174405,10,,Aggregated,14.700000,7.400000,520,530,540,550,590,1000,1500,2700,7400,9000,9000,2179,1132,520.0,404.52172631758503,16.534194000087155,8961.57661199959,0.0
1774174406,10,,Aggregated,14.700000,7.400000,520,530,540,550,590,1000,1500,2700,7400,9000,9000,2194,1139,520.0,403.9521644758516,16.534194000087155,8961.57661199959,0.0
1774174407,10,,Aggregated,14.600000,7.300000,520,530,540,550,590,1000,1500,2600,7400,9000,9000,2209,1146,520.0,403.11322987008435,16.534194000087155,8961.57661199959,0.0
1774174408,10,,Aggregated,14.600000,7.400000,520,530,540,550,590,1000,1500,2600,7400,9000,9000,2225,1154,520.0,402.75986409753455,16.534194000087155,8961.57661199959,0.0
1774174409,10,,Aggregated,14.700000,7.400000,520,530,540,550,590,1000,1500,2600,7400,9000,9000,2239,1161,520.0,402.0677783398902,16.534194000087155,8961.57661199959,0.0
1774174410,10,,Aggregated,15.100000,7.400000,520,530,540,550,590,1000,1500,2600,7400,9000,9000,2253,1168,520.0,401.4571087962784,16.534194000087155,8961.57661199959,0.0
1774174411,10,,Aggregated,14.800000,7.200000,520,530,540,550,590,1000,1500,2600,7400,9000,9000,2269,1177,520.0,401.08348103306145,16.534194000087155,8961.57661199959,0.0
1774174412,10,,Aggregated,14.700000,7.300000,520,530,540,550,590,1000,1500,2600,7400,9000,9000,2284,1185,520.0,400.68994462172355,16.534194000087155,8961.57661199959,0.0
1774174413,10,,Aggregated,14.700000,7.300000,520,530,540,550,590,1000,1500,2600,7400,9000,9000,2297,1192,520.0,400.18335470179215,16.534194000087155,8961.57661199959,0.0
1774174414,10,,Aggregated,14.500000,7.400000,520,530,540,550,590,1000,1400,2400,7400,9000,9000,2314,1201,520.0,399.6253781344056,16.534194000087155,8961.57661199959,0.0
1774174415,10,,Aggregated,14.500000,7.400000,520,530,540,550,590,1000,1400,2400,7400,9000,9000,2330,1209,520.0,398.93072229743154,16.534194000087155,8961.57661199959,0.0
1774174416,10,,Aggregated,14.900000,7.600000,520,530,540,550,590,1000,1400,2400,7400,9000,9000,2345,1217,520.0,398.37468748700053,16.534194000087155,8961.57661199959,0.0
1774174417,10,,Aggregated,15.200000,7.700000,520,530,540,550,590,1000,1400,2400,7400,9000,9000,2360,1224,520.0,397.602410673736,16.534194000087155,8961.57661199959,0.0
1774174418,10,,Aggregated,15.000000,7.700000,520,530,540,550,590,1000,1400,2400,7400,9000,9000,2377,1233,520.0,397.0026506478823,16.534194000087155,8961.57661199959,0.0
1774174419,10,,Aggregated,15.000000,7.700000,520,530,540,550,590,1000,1400,2400,7400,9000,9000,2391,1241,520.0,396.83076015266283,16.534194000087155,8961.57661199959,0.0
1774174420,10,,Aggregated,15.100000,7.800000,520,530,540,550,580,1000,1400,2200,7400,9000,9000,2408,1249,520.0,395.99362206686715,16.534194000087155,8961.57661199959,0.0
1774174421,10,,Aggregated,15.200000,8.000000,520,530,540,550,580,1000,1400,2200,7400,9000,9000,2422,1256,520.0,395.35877480017245,16.534194000087155,8961.57661199959,0.0
1774174422,10,,Aggregated,15.400000,8.000000,520,530,540,550,580,1000,1400,2200,7400,9000,9000,2437,1263,520.0,394.88014550513594,16.534194000087155,8961.57661199959,0.0
1774174423,10,,Aggregated,15.500000,8.100000,520,530,540,550,580,1000,1300,2200,7400,9000,9000,2452,1270,520.0,394.4002536088963,16.534194000087155,8961.57661199959,0.0
1774174424,10,,Aggregated,15.400000,7.800000,520,530,540,550,580,1000,1300,2200,7400,9000,9000,2466,1277,520.0,394.43202273155515,16.534194000087155,8961.57661199959,0.0
1774174425,10,,Aggregated,15.400000,7.800000,520,530,540,550,580,1000,1300,2200,7400,9000,9000,2481,1284,520.0,393.9213949693735,16.534194000087155,8961.57661199959,0.0
1774174426,10,,Aggregated,15.200000,7.700000,520,530,540,550,580,1000,1300,2200,7400,9000,9000,2496,1292,520.0,393.5933313084997,16.534194000087155,8961.57661199959,0.0
1774174427,10,,Aggregated,15.100000,7.500000,520,530,540,550,580,1000,1200,2000,7400,9000,9000,2511,1299,520.0,393.0815195304719,16.534194000087155,8961.57661199959,0.0
1774174428,10,,Aggregated,15.100000,7.600000,520,530,540,550,580,1000,1200,2000,7400,9000,9000,2525,1307,520.0,392.71728249703494,16.534194000087155,8961.57661199959,0.0
1774174429,10,,Aggregated,15.000000,7.500000,520,530,540,550,580,1000,1200,2000,7400,9000,9000,2542,1315,520.0,392.1255921502807,16.534194000087155,8961.57661199959,0.0
1774174430,10,,Aggregated,14.800000,7.400000,520,530,540,550,580,1000,1200,2000,7400,9000,9000,2555,1321,520.0,391.71855104070966,16.534194000087155,8961.57661199959,0.0
1774174431,10,,Aggregated,14.700000,7.300000,520,530,540,550,580,1000,1200,2000,7400,9000,9000,2572,1330,520.0,391.54552329938315,16.534194000087155,8961.57661199959,0.0
1774174432,10,,Aggregated,14.800000,7.300000,520,530,540,550,580,1000,1200,2000,7400,9000,9000,2586,1338,520.0,391.16629566280506,16.534194000087155,8961.57661199959,0.0
1774174433,10,,Aggregated,14.800000,7.200000,520,530,540,550,580,1000,1100,2000,7400,9000,9000,2601,1345,520.0,390.4966517239561,16.534194000087155,8961.57661199959,0.0
1774174434,10,,Aggregated,14.900000,7.500000,520,530,540,550,580,1000,1100,2000,7400,9000,9000,2616,1352,520.0,390.0638835542857,16.534194000087155,8961.57661199959,0.0
1774174435,10,,Aggregated,14.700000,7.400000,520,530,540,550,580,1000,1100,2000,7400,9000,9000,2631,1359,520.0,389.9469452603626,16.534194000087155,8961.57661199959,0.0
1774174436,10,,Aggregated,14.800000,7.300000,520,530,540,550,580,1000,1100,2000,7400,9000,9000,2646,1366,520.0,389.6854444236639,16.534194000087155,8961.57661199959,0.0
1774174437,10,,Aggregated,14.900000,7.500000,520,530,540,550,580,1000,1100,2000,7400,9000,9000,2661,1374,520.0,389.6020609116927,16.534194000087155,8961.57661199959,0.0
1774174438,10,,Aggregated,14.700000,7.200000,520,530,540,550,580,1000,1100,2000,7400,9000,9000,2676,1382,520.0,389.33001758147003,16.534194000087155,8961.57661199959,0.0
1774174439,10,,Aggregated,14.700000,7.200000,520,530,540,550,580,1000,1100,2000,7400,9000,9000,2691,1390,520.0,388.8780112675645,16.534194000087155,8961.57661199959,0.0
1774174440,10,,Aggregated,14.800000,7.300000,520,530,540,550,580,1000,1100,2000,7400,9000,9000,2708,1398,520.0,388.2123305568752,16.534194000087155,8961.57661199959,0.0
1774174441,10,,Aggregated,15.100000,7.400000,520,530,540,550,580,1000,1100,2000,7400,9000,9000,2724,1406,520.0,387.68806996659947,16.534194000087155,8961.57661199959,0.0
1774174442,10,,Aggregated,14.900000,7.500000,520,530,540,550,580,1000,1100,2000,7400,9000,9000,2740,1414,510.0,387.130806580662,16.534194000087155,8961.57661199959,0.0
1774174443,10,,Aggregated,15.200000,7.700000,520,530,540,550,580,1000,1100,2000,7400,9000,9000,2754,1421,510.0,386.8419980461202,16.534194000087155,8961.57661199959,0.0
1774174444,10,,Aggregated,15.200000,7.700000,520,530,540,550,580,1000,1100,2000,7400,9000,9000,2768,1428,510.0,386.57380082189906,16.534194000087155,8961.57661199959,0.0
1774174445,10,,Aggregated,15.400000,7.600000,510,530,540,550,580,1000,1100,2000,7400,9000,9000,2783,1435,510.0,386.34430908552525,16.534194000087155,8961.57661199959,0.0
1774174446,10,,Aggregated,15.500000,7.800000,510,530,540,550,580,1000,1100,2000,7400,9000,9000,2798,1442,510.0,386.10061345640366,16.534194000087155,8961.57661199959,0.0
1774174447,10,,Aggregated,15.100000,7.500000,510,530,540,550,580,1000,1000,2000,7400,9000,9000,2812,1448,510.0,385.63451693706156,16.534194000087155,8961.57661199959,0.0
1774174448,10,,Aggregated,15.200000,7.500000,510,530,540,550,580,1000,1000,2000,7400,9000,9000,2828,1456,510.0,385.2460284745455,16.534194000087155,8961.57661199959,0.0
1774174449,10,,Aggregated,15.400000,7.600000,510,530,540,550,580,1000,1000,2000,7400,9000,9000,2842,1463,510.0,384.9790585489143,16.534194000087155,8961.57661199959,0.0
1774174450,10,,Aggregated,15.300000,7.500000,510,530,540,550,580,1000,1000,2000,7400,9000,9000,2857,1470,510.0,384.71564325271873,16.534194000087155,8961.57661199959,0.0
1774174451,10,,Aggregated,15.100000,7.400000,510,530,540,550,580,1000,1000,2000,7400,9000,9000,2873,1477,510.0,384.395131175432,16.534194000087155,8961.57661199959,0.0
1774174452,10,,Aggregated,15.200000,7.400000,510,530,540,550,580,1000,1000,2000,7400,9000,9000,2887,1485,510.0,384.1257429885754,16.534194000087155,8961.57661199959,0.0
1774174453,10,,Aggregated,14.900000,7.200000,510,530,540,550,580,1000,1000,2000,7400,9000,9000,2902,1493,510.0,383.734986574093,16.534194000087155,8961.57661199959,0.0
1774174454,10,,Aggregated,14.700000,7.200000,510,530,540,550,580,1000,1000,2000,7400,9000,9000,2918,1502,510.0,383.47273411069864,16.534194000087155,8961.57661199959,0.0
1774174455,10,,Aggregated,14.600000,7.200000,510,530,540,550,580,1000,1000,2000,7400,9000,9000,2936,1510,510.0,382.7804229421041,16.534194000087155,8961.57661199959,0.0
1774174456,10,,Aggregated,14.600000,7.100000,510,530,540,550,580,1000,1000,2000,7400,9000,9000,2950,1518,510.0,382.67307735051463,16.534194000087155,8961.57661199959,0.0
1774174457,10,,Aggregated,15.000000,7.400000,510,530,540,550,580,1000,1000,2000,7400,9000,9000,2966,1526,510.0,382.20469620263606,16.534194000087155,8961.57661199959,0.0
1774174458,10,,Aggregated,15.200000,7.700000,510,530,540,550,580,1000,1000,2000,7400,9000,9000,2980,1533,510.0,381.9752678691343,16.534194000087155,8961.57661199959,0.0
1774174459,10,,Aggregated,15.100000,7.700000,510,530,540,550,580,1000,1000,2000,7400,9000,9000,2994,1540,510.0,381.5612915784966,16.534194000087155,8961.57661199959,0.0
1774174460,10,,Aggregated,15.100000,7.700000,510,530,540,550,580,1000,1000,2000,7200,9000,9000,3014,1550,510.0,381.00618819907635,16.534194000087155,8961.57661199959,0.0
1774174461,10,,Aggregated,15.200000,7.600000,510,530,540,550,580,1000,1000,2000,7200,9000,9000,3028,1557,510.0,380.5741054029114,16.534194000087155,8961.57661199959,0.0
1774174462,10,,Aggregated,15.100000,7.500000,510,530,540,550,580,1000,1000,2000,7200,9000,9000,3040,1563,510.0,380.38659563619,16.534194000087155,8961.57661199959,0.0
1774174463,10,,Aggregated,15.200000,7.700000,510,530,540,550,580,1000,1000,2000,7200,9000,9000,3055,1569,510.0,380.0713546779108,16.534194000087155,8961.57661199959,0.0
1774174464,10,,Aggregated,15.200000,7.700000,510,530,540,550,580,1000,1000,2000,7200,9000,9000,3072,1578,510.0,379.84067047624285,16.534194000087155,8961.57661199959,0.0
1774174465,10,,Aggregated,15.400000,7.700000,510,530,540,550,580,1000,1000,2000,7200,9000,9000,3087,1585,510.0,379.3322697440945,16.534194000087155,8961.57661199959,0.0
1774174466,10,,Aggregated,15.300000,7.700000,510,530,540,550,580,1000,1000,2000,7200,9000,9000,3101,1592,510.0,379.10903124025043,16.534194000087155,8961.57661199959,0.0
1774174467,10,,Aggregated,15.200000,7.500000,510,530,540,550,580,1000,1000,2000,7200,9000,9000,3117,1600,510.0,378.8040870709073,16.534194000087155,8961.57661199959,0.0
1774174468,10,,Aggregated,15.000000,7.300000,510,530,540,550,580,1000,1000,2000,7200,9000,9000,3129,1606,510.0,378.7824655858157,16.534194000087155,8961.57661199959,0.0
1774174469,10,,Aggregated,15.000000,7.300000,510,530,540,550,580,1000,1000,2000,7200,9000,9000,3140,1611,510.0,378.5658317697507,16.534194000087155,8961.57661199959,0.0
1774174470,10,,Aggregated,14.900000,7.300000,510,530,540,550,580,1000,1000,2000,7200,9000,9000,3156,1620,510.0,378.61347264576,16.534194000087155,8961.57661199959,0.0
1774174471,10,,Aggregated,14.600000,7.300000,510,530,540,550,580,1000,1000,2000,7200,9000,9000,3173,1628,510.0,378.3875062644246,16.534194000087155,8961.57661199959,0.0
1774174472,10,,Aggregated,14.700000,7.300000,510,530,540,550,580,1000,1000,2000,7200,9000,9000,3188,1637,510.0,378.2366312901569,16.534194000087155,8961.57661199959,0.0
1774174473,10,,Aggregated,14.500000,7.100000,510,530,540,550,580,1000,1000,1900,7200,9000,9000,3202,1644,510.0,377.99407806715146,16.534194000087155,8961.57661199959,0.0
1774174474,10,,Aggregated,14.600000,7.100000,510,530,540,550,580,1000,1000,1900,7200,9000,9000,3216,1650,510.0,377.65739392413445,16.534194000087155,8961.57661199959,0.0
1774174475,10,,Aggregated,14.500000,7.300000,510,530,540,550,580,1000,1000,1900,7200,9000,9000,3230,1657,510.0,377.59254281393726,16.534194000087155,8961.57661199959,0.0
1774174476,10,,Aggregated,14.400000,7.200000,510,530,540,550,580,1000,1000,1900,7200,9000,9000,3247,1667,510.0,377.41737984509354,16.534194000087155,8961.57661199959,0.0
1774174477,10,,Aggregated,14.100000,7.100000,510,530,540,550,580,1000,1000,1900,7200,9000,9000,3260,1673,510.0,377.0034521908037,16.534194000087155,8961.57661199959,0.0
1774174478,10,,Aggregated,14.300000,7.300000,510,530,540,550,580,1000,1000,1900,7200,9000,9000,3275,1680,510.0,376.82319561679964,16.534194000087155,8961.57661199959,0.0
1774174479,10,,Aggregated,14.500000,7.400000,510,530,540,550,580,1000,1000,1900,7200,9000,9000,3290,1687,510.0,376.5280734641389,16.534194000087155,8961.57661199959,0.0
1774174480,10,,Aggregated,14.400000,7.300000,510,530,540,550,580,1000,1000,1900,7200,9000,9000,3303,1693,510.0,376.2910134420272,16.534194000087155,8961.57661199959,0.0
1774174481,10,,Aggregated,14.600000,7.300000,510,530,540,550,580,1000,1000,1900,7200,9000,9000,3317,1700,510.0,376.37472720802333,16.534194000087155,8961.57661199959,0.0
1774174482,10,,Aggregated,14.400000,7.200000,510,530,540,550,580,1000,1000,1900,7200,9000,9000,3331,1707,510.0,376.14708691564437,16.534194000087155,8961.57661199959,0.0
1774174483,10,,Aggregated,14.300000,7.200000,510,530,540,550,580,1000,1000,1900,7200,9000,9000,3344,1713,510.0,376.054068991032,16.534194000087155,8961.57661199959,0.0
1774174484,10,,Aggregated,14.500000,7.200000,510,530,540,550,580,1000,1000,1900,7200,9000,9000,3359,1720,510.0,376.0466088690125,16.534194000087155,8961.57661199959,0.0
1774174485,10,,Aggregated,14.200000,7.000000,510,530,540,550,580,1000,1000,1900,7200,9000,9000,3373,1727,510.0,375.9770814272197,16.534194000087155,8961.57661199959,0.0
1774174486,10,,Aggregated,14.200000,6.900000,510,530,540,550,580,1000,1000,1900,7200,9000,9000,3389,1735,510.0,375.71480197846324,16.534194000087155,8961.57661199959,0.0
1774174487,10,,Aggregated,14.500000,7.100000,510,530,540,550,580,1000,1000,1900,7200,9000,9000,3403,1742,510.0,375.3886304037652,16.534194000087155,8961.57661199959,0.0
1774174488,10,,Aggregated,14.300000,7.000000,510,530,540,550,580,1000,1000,1900,7200,9000,9000,3417,1749,510.0,375.21314842318117,16.534194000087155,8961.57661199959,0.0
1774174489,10,,Aggregated,14.200000,6.900000,510,530,540,550,580,1000,1000,1900,7200,9000,9000,3433,1757,510.0,375.13611628255495,16.534194000087155,8961.57661199959,0.0
1774174490,10,,Aggregated,14.500000,7.100000,510,530,540,550,580,1000,1000,1900,7200,9000,9000,3448,1765,510.0,375.13614788573403,16.534194000087155,8961.57661199959,0.0
1774174491,10,,Aggregated,14.400000,7.100000,510,530,540,550,580,1000,1000,1900,7200,9000,9000,3464,1773,510.0,374.7488030542753,16.534194000087155,8961.57661199959,0.0
1774174492,10,,Aggregated,14.500000,7.100000,510,530,540,550,580,1000,1000,1900,7200,9000,9000,3476,1779,510.0,374.4653686941912,16.534194000087155,8961.57661199959,0.0
1774174493,10,,Aggregated,14.800000,7.300000,510,530,540,550,580,1000,1000,1900,7200,9000,9000,3490,1786,510.0,374.28826530344134,14.126871999906143,8961.57661199959,0.0
1774174494,10,,Aggregated,14.600000,7.400000,510,530,540,550,580,1000,1000,1800,7200,9000,9000,3506,1795,510.0,374.0696936640075,14.126871999906143,8961.57661199959,0.0
1774174495,10,,Aggregated,14.800000,7.500000,510,530,540,550,580,1000,1000,1800,7200,9000,9000,3522,1803,510.0,373.8718670752443,14.126871999906143,8961.57661199959,0.0
1774174496,10,,Aggregated,14.800000,7.600000,510,530,540,550,580,1000,1000,1800,7200,9000,9000,3535,1809,510.0,373.7914705804833,14.126871999906143,8961.57661199959,0.0
1774174497,10,,Aggregated,14.500000,7.400000,510,530,540,550,580,1000,1000,1800,7200,9000,9000,3551,1817,510.0,373.6004362317685,14.126871999906143,8961.57661199959,0.0
1774174498,10,,Aggregated,14.700000,7.400000,510,530,540,550,580,1000,1000,1800,7200,9000,9000,3567,1825,510.0,373.62813491253485,14.126871999906143,8961.57661199959,0.0
1774174499,10,,Aggregated,14.700000,7.500000,510,530,540,550,580,1000,1000,1800,7200,9000,9000,3580,1831,510.0,373.3987220865957,14.126871999906143,8961.57661199959,0.0
1774174500,10,,Aggregated,14.500000,7.200000,510,530,540,550,580,1000,1000,1800,7200,9000,9000,3595,1838,510.0,373.28503217023956,14.126871999906143,8961.57661199959,0.0
1774174501,10,,Aggregated,14.500000,7.200000,510,530,540,550,580,1000,1000,1700,7200,9000,9000,3611,1846,510.0,373.0950494804799,14.126871999906143,8961.57661199959,0.0
1774174502,10,,Aggregated,14.500000,7.200000,510,530,540,550,580,1000,1000,1700,7200,9000,9000,3625,1853,510.0,373.0340381823481,14.126871999906143,8961.57661199959,0.0
1774174503,10,,Aggregated,14.800000,7.300000,510,530,540,550,580,1000,1000,1700,7200,9000,9000,3638,1860,510.0,373.06262505690205,14.126871999906143,8961.57661199959,0.0
1774174504,10,,Aggregated,14.800000,7.300000,510,530,540,550,580,1000,1000,1700,7200,9000,9000,3655,1868,510.0,372.7563890117667,14.126871999906143,8961.57661199959,0.0
1774174505,10,,Aggregated,14.600000,7.100000,510,530,540,550,580,1000,1000,1700,7200,9000,9000,3671,1876,510.0,372.531678414331,14.126871999906143,8961.57661199959,0.0
1774174506,10,,Aggregated,14.600000,7.100000,510,530,540,550,580,1000,1000,1700,7200,9000,9000,3681,1880,510.0,372.34160643194997,14.126871999906143,8961.57661199959,0.0
1774174507,10,,Aggregated,14.900000,7.300000,510,530,540,550,580,1000,1000,1700,7200,9000,9000,3698,1890,510.0,372.6023606744199,14.126871999906143,8961.57661199959,0.0
1774174508,10,,Aggregated,14.800000,7.300000,510,530,540,550,580,1000,1000,1700,7200,9000,9000,3713,1898,510.0,372.3736728648009,14.126871999906143,8961.57661199959,0.0
1774174509,10,,Aggregated,14.600000,7.100000,510,530,540,550,580,1000,1000,1700,7200,9000,9000,3727,1904,510.0,371.96532567158783,14.126871999906143,8961.57661199959,0.0
1774174510,10,,Aggregated,14.600000,7.300000,510,530,540,550,580,1000,1000,1700,7200,9000,9000,3743,1912,510.0,371.7663097106623,14.126871999906143,8961.57661199959,0.0
1774174511,10,,Aggregated,14.700000,7.400000,510,530,540,550,580,1000,1000,1700,7200,9000,9000,3757,1919,510.0,371.7272168360415,14.126871999906143,8961.57661199959,0.0
1774174512,10,,Aggregated,15.000000,7.700000,510,530,540,550,580,1000,1000,1700,7200,9000,9000,3774,1928,510.0,371.6939599133567,14.126871999906143,8961.57661199959,0.0
1774174513,10,,Aggregated,14.500000,7.400000,510,530,540,550,580,1000,1000,1700,7200,9000,9000,3788,1935,510.0,371.39175535427876,14.126871999906143,8961.57661199959,0.0
1774174514,10,,Aggregated,14.400000,7.100000,510,530,540,550,580,1000,1000,1600,7200,9000,9000,3803,1943,510.0,371.1428902261393,14.126871999906143,8961.57661199959,0.0
1774174515,10,,Aggregated,14.600000,7.200000,510,530,540,550,580,1000,1000,1600,7200,9000,9000,3818,1950,510.0,370.79194084442355,14.126871999906143,8961.57661199959,0.0
1774174516,10,,Aggregated,14.800000,7.400000,510,530,540,550,580,1000,1000,1600,7200,9000,9000,3832,1955,510.0,370.39645111873915,14.126871999906143,8961.57661199959,0.0
1774174517,10,,Aggregated,14.700000,7.300000,510,530,540,550,580,1000,1000,1600,7200,9000,9000,3847,1965,510.0,370.7719962531868,14.126871999906143,8961.57661199959,0.0
1774174518,10,,Aggregated,14.800000,7.400000,510,530,540,550,580,1000,1000,1600,7200,9000,9000,3862,1972,510.0,370.437395112121,14.126871999906143,8961.57661199959,0.0
1774174519,10,,Aggregated,14.800000,7.400000,510,530,540,550,580,1000,1000,1600,7200,9000,9000,3875,1978,510.0,370.1155117437447,14.126871999906143,8961.57661199959,0.0
1774174520,10,,Aggregated,14.700000,7.400000,510,530,540,550,580,1000,1000,1600,7200,9000,9000,3889,1986,510.0,370.21220185266407,14.126871999906143,8961.57661199959,0.0
1774174521,10,,Aggregated,14.900000,7.500000,510,530,540,550,580,1000,1000,1600,7200,9000,9000,3905,1993,510.0,369.79038465454823,14.126871999906143,8961.57661199959,0.0
1774174522,10,,Aggregated,14.400000,7.200000,510,530,540,550,580,1000,1000,1600,7200,9000,9000,3920,2001,510.0,369.69017915867624,14.126871999906143,8961.57661199959,0.0
1774174523,10,,Aggregated,14.600000,7.300000,510,530,540,550,580,1000,1000,1600,7200,9000,9000,3935,2008,510.0,369.356008394157,14.126871999906143,8961.57661199959,0.0
1774174524,10,,Aggregated,15.100000,7.700000,510,530,540,550,580,1000,1000,1600,7200,9000,9000,3950,2017,510.0,369.38256307873604,14.126871999906143,8961.57661199959,0.0
1774174525,10,,Aggregated,14.900000,7.700000,510,530,540,550,580,1000,1000,1600,7200,9000,9000,3965,2025,510.0,369.26554404338145,14.126871999906143,8961.57661199959,0.0
1774174526,10,,Aggregated,14.800000,7.500000,510,530,540,550,580,1000,1000,1600,7200,9000,9000,3978,2031,510.0,369.08217717471217,14.126871999906143,8961.57661199959,0.0
1774174527,10,,Aggregated,14.700000,7.600000,510,530,540,550,580,1000,1000,1600,7200,9000,9000,3994,2039,510.0,368.9028922110678,14.126871999906143,8961.57661199959,0.0
1774174528,10,,Aggregated,14.700000,7.500000,510,530,540,550,580,1000,1000,1500,7200,9000,9000,4007,2045,510.0,368.86148158547667,14.126871999906143,8961.57661199959,0.0
1774174529,10,,Aggregated,14.700000,7.500000,510,530,540,550,580,1000,1000,1500,7200,9000,9000,4022,2052,510.0,368.88886194704264,14.126871999906143,8961.57661199959,0.0
1774174530,10,,Aggregated,14.800000,7.500000,510,530,540,550,580,1000,1000,1500,7200,9000,9000,4037,2058,510.0,368.57411735595895,14.126871999906143,8961.57661199959,0.0
1774174531,10,,Aggregated,14.600000,7.300000,510,530,540,550,580,1000,1000,1500,7200,9000,9000,4052,2066,510.0,368.6206033425482,14.126871999906143,8961.57661199959,0.0
1774174532,10,,Aggregated,14.800000,7.300000,510,530,540,550,580,1000,1000,1500,7200,9000,9000,4066,2072,510.0,368.24495942523447,14.126871999906143,8961.57661199959,0.0
1774174533,10,,Aggregated,14.900000,7.400000,510,530,540,550,580,1000,1000,1500,7200,9000,9000,4086,2085,510.0,368.36800479515483,14.126871999906143,8961.57661199959,0.0
1774174534,10,,Aggregated,14.600000,7.300000,510,530,540,550,580,1000,1000,1500,7200,9000,9000,4100,2091,510.0,368.0317802717081,14.126871999906143,8961.57661199959,0.0
1774174535,10,,Aggregated,14.800000,7.300000,510,530,540,550,580,1000,1000,1500,7200,9000,9000,4113,2097,510.0,367.8490480829086,14.126871999906143,8961.57661199959,0.0
1774174536,10,,Aggregated,14.700000,7.300000,510,530,540,550,580,1000,1000,1500,7200,9000,9000,4127,2104,510.0,367.7329033259031,14.126871999906143,8961.57661199959,0.0
1774174537,10,,Aggregated,14.700000,7.200000,510,530,540,550,580,1000,1000,1500,7200,9000,9000,4142,2111,510.0,367.389326196766,14.126871999906143,8961.57661199959,0.0
1774174538,10,,Aggregated,14.700000,7.200000,510,530,540,550,580,1000,1000,1500,7200,9000,9000,4160,2121,510.0,367.33895275697216,14.126871999906143,8961.57661199959,0.0
1774174539,10,,Aggregated,14.800000,7.300000,510,530,540,550,580,1000,1000,1500,7200,9000,9000,4173,2127,510.0,367.18994129810784,14.126871999906143,8961.57661199959,0.0
1774174540,10,,Aggregated,15.100000,7.400000,510,530,540,550,580,1000,1000,1500,7200,9000,9000,4190,2136,510.0,367.30994043198206,14.126871999906143,8961.57661199959,0.0
1774174541,10,,Aggregated,14.900000,7.300000,510,530,540,550,580,1000,1000,1500,7200,9000,9000,4206,2143,510.0,366.91169164431824,14.126871999906143,8961.57661199959,0.0
1774174542,10,,Aggregated,15.000000,7.400000,510,530,540,550,580,1000,1000,1500,7200,9000,9000,4221,2150,510.0,366.7225970272453,14.126871999906143,8961.57661199959,0.0
1774174543,10,,Aggregated,14.800000,7.300000,510,530,540,550,580,1000,1000,1500,7200,9000,9000,4236,2157,510.0,366.5144585063744,14.126871999906143,8961.57661199959,0.0
1774174544,10,,Aggregated,14.900000,7.200000,510,530,540,550,580,1000,1000,1500,7200,9000,9000,4251,2164,510.0,366.20542702634714,14.126871999906143,8961.57661199959,0.0
1774174545,10,,Aggregated,14.800000,7.100000,510,530,540,550,580,1000,1000,1500,7200,9000,9000,4266,2171,510.0,366.0023994833571,14.126871999906143,8961.57661199959,0.0
1774174546,10,,Aggregated,14.900000,7.200000,510,530,540,550,580,1000,1000,1500,7200,9000,9000,4280,2177,510.0,365.6615844002343,14.126871999906143,8961.57661199959,0.0
1774174547,10,,Aggregated,15.000000,7.100000,510,530,540,550,580,1000,1000,1500,7200,9000,9000,4295,2185,510.0,365.6910613003497,14.126871999906143,8961.57661199959,0.0
1774174548,10,,Aggregated,15.200000,7.200000,510,530,540,550,580,1000,1000,1500,7200,9000,9000,4311,2193,510.0,365.4300938051506,14.126871999906143,8961.57661199959,0.0
1774174549,10,,Aggregated,15.200000,7.200000,510,530,540,550,580,1000,1000,1500,7200,9000,9000,4328,2201,510.0,365.24959297042636,14.126871999906143,8961.57661199959,0.0
1774174550,10,,Aggregated,15.100000,7.200000,510,530,540,550,580,1000,1000,1500,7200,9000,9000,4343,2210,510.0,365.1965323997247,14.126871999906143,8961.57661199959,0.0
1774174551,10,,Aggregated,15.400000,7.500000,510,530,540,550,580,1000,1000,1500,7200,9000,9000,4360,2218,510.0,364.90138938967954,14.126871999906143,8961.57661199959,0.0
1774174552,10,,Aggregated,15.400000,7.500000,510,530,540,550,580,1000,1000,1500,7200,9000,9000,4372,2224,510.0,364.72604502012916,14.126871999906143,8961.57661199959,0.0
1774174553,10,,Aggregated,15.400000,7.500000,510,530,540,550,580,1000,1000,1500,7200,9000,9000,4387,2231,510.0,364.647958754047,14.126871999906143,8961.57661199959,0.0
1774174554,10,,Aggregated,15.200000,7.500000,510,530,540,550,580,1000,1000,1500,7200,9000,9000,4403,2239,510.0,364.52086097615313,14.126871999906143,8961.57661199959,0.0
1774174555,10,,Aggregated,15.200000,7.600000,510,530,540,550,580,1000,1000,1500,7200,9000,9000,4417,2246,510.0,364.2940485159616,14.126871999906143,8961.57661199959,0.0
1774174556,10,,Aggregated,15.200000,7.500000,510,530,540,550,580,1000,1000,1500,7200,9000,9000,4431,2254,510.0,364.42339591988286,14.126871999906143,8961.57661199959,0.0
1774174557,10,,Aggregated,15.200000,7.700000,510,530,540,550,580,1000,1000,1500,7200,9000,9000,4447,2260,510.0,364.0671504884194,14.126871999906143,8961.57661199959,0.0
1774174558,10,,Aggregated,15.100000,7.700000,510,530,540,550,580,1000,1000,1500,7200,9000,9000,4463,2269,510.0,363.93583581559534,14.126871999906143,8961.57661199959,0.0
1774174559,10,,Aggregated,15.000000,7.600000,510,530,540,550,580,1000,1000,1500,7200,9000,9000,4474,2277,510.0,364.34636878743896,14.126871999906143,8961.57661199959,0.0
1774174560,10,,Aggregated,15.000000,7.500000,510,530,540,550,580,1000,1000,1500,7200,9000,9000,4488,2283,510.0,364.1352589416225,14.126871999906143,8961.57661199959,0.0
1774174561,10,,Aggregated,14.500000,7.200000,510,530,540,550,580,1000,1000,1500,7200,9000,9000,4504,2292,510.0,364.10905516563065,14.126871999906143,8961.57661199959,0.0
1774174562,10,,Aggregated,14.600000,7.600000,510,530,540,550,580,1000,1000,1500,7200,9000,9000,4518,2299,510.0,364.00584722642776,14.126871999906143,8961.57661199959,0.0
1774174563,10,,Aggregated,14.600000,7.500000,510,530,540,550,580,1000,1000,1500,7200,9000,9000,4532,2306,510.0,363.8972470878196,14.126871999906143,8961.57661199959,0.0
1774174564,10,,Aggregated,14.500000,7.400000,510,530,540,550,580,1000,1000,1500,7200,9000,9000,4545,2312,510.0,363.8766881454337,14.126871999906143,8961.57661199959,0.0
1774174565,10,,Aggregated,14.600000,7.400000,510,530,540,550,580,1000,1000,1500,7200,9000,9000,4562,2321,510.0,363.8787026738263,14.126871999906143,8961.57661199959,0.0
1774174566,10,,Aggregated,14.500000,7.600000,510,530,540,550,580,1000,1000,1500,7200,9000,9000,4575,2328,510.0,363.9453192069937,14.126871999906143,8961.57661199959,0.0
1774174567,10,,Aggregated,14.100000,7.300000,510,530,540,550,580,1000,1000,1500,7200,9000,9000,4588,2334,510.0,363.78354113382665,14.126871999906143,8961.57661199959,0.0
1774174568,10,,Aggregated,14.200000,7.300000,510,530,540,550,580,1000,1000,1400,7200,9000,9000,4605,2342,510.0,363.6751748710092,14.126871999906143,8961.57661199959,0.0
1774174569,10,,Aggregated,14.100000,7.200000,510,530,540,550,580,1000,1000,1400,7200,9000,9000,4617,2348,510.0,363.5161272785351,14.126871999906143,8961.57661199959,0.0
1774174570,10,,Aggregated,13.900000,7.200000,510,530,540,550,580,1000,1000,1400,7200,9000,9000,4633,2355,510.0,363.4853428674716,14.126871999906143,8961.57661199959,0.0
1774174571,10,,Aggregated,14.500000,7.500000,510,530,540,550,580,1000,1000,1400,7200,9000,9000,4647,2362,510.0,363.307946763287,14.126871999906143,8961.57661199959,0.0
1774174572,10,,Aggregated,14.100000,6.900000,510,530,540,550,580,1000,1000,1400,7200,9000,9000,4664,2371,510.0,363.32634043932137,14.126871999906143,8961.57661199959,0.0
1774174573,10,,Aggregated,14.300000,7.100000,510,530,540,550,580,1000,1000,1400,7200,9000,9000,4679,2378,510.0,363.0647642130782,14.126871999906143,8961.57661199959,0.0
1774174574,10,,Aggregated,14.500000,7.200000,510,530,540,550,580,1000,1000,1400,7200,9000,9000,4692,2384,510.0,362.9271308427093,14.126871999906143,8961.57661199959,0.0
1774174575,10,,Aggregated,14.400000,7.200000,510,530,540,550,580,1000,1000,1400,7200,9000,9000,4711,2393,510.0,362.72398308193436,14.126871999906143,8961.57661199959,0.0
1774174576,10,,Aggregated,14.400000,6.900000,510,530,540,550,580,1000,1000,1400,7200,9000,9000,4727,2402,510.0,362.60100895599584,14.126871999906143,8961.57661199959,0.0
1774174577,10,,Aggregated,15.100000,7.300000,510,530,540,550,580,1000,1000,1400,7200,9000,9000,4743,2410,510.0,362.36197179232425,14.126871999906143,8961.57661199959,0.0
1774174578,10,,Aggregated,15.100000,7.300000,510,530,540,550,580,1000,1000,1400,7200,9000,9000,4757,2418,510.0,362.2502810994308,14.126871999906143,8961.57661199959,0.0
1774174579,10,,Aggregated,15.300000,7.500000,510,530,540,550,580,1000,1000,1400,7200,9000,9000,4771,2425,510.0,362.05244631355936,14.126871999906143,8961.57661199959,0.0
1774174580,10,,Aggregated,15.400000,7.600000,510,530,540,550,580,1000,1000,1400,7200,9000,9000,4786,2432,510.0,362.0706758506044,14.126871999906143,8961.57661199959,0.0
1774174581,10,,Aggregated,15.200000,7.500000,510,530,540,550,580,1000,1000,1400,7200,9000,9000,4801,2439,510.0,361.9163528979367,14.126871999906143,8961.57661199959,0.0
1774174582,10,,Aggregated,15.300000,7.700000,510,530,540,550,580,1000,1000,1400,7200,9000,9000,4815,2446,510.0,361.82145549802635,14.126871999906143,8961.57661199959,0.0
1774174583,10,,Aggregated,15.200000,7.600000,510,530,540,550,580,1000,1000,1400,7200,9000,9000,4828,2452,510.0,361.684564322079,14.126871999906143,8961.57661199959,0.0
1774174584,10,,Aggregated,15.200000,7.500000,510,530,540,550,580,1000,1000,1400,7200,9000,9000,4845,2460,510.0,361.5875649145506,14.126871999906143,8961.57661199959,0.0
1774174585,10,,Aggregated,15.100000,7.500000,510,530,540,550,580,1000,1000,1400,7200,9000,9000,4860,2468,510.0,361.53774351790054,14.126871999906143,8961.57661199959,0.0
1774174586,10,,Aggregated,15.100000,7.500000,510,530,540,550,580,1000,1000,1400,7200,9000,9000,4875,2475,510.0,361.25438785743535,14.126871999906143,8961.57661199959,0.0
1774174587,10,,Aggregated,14.800000,7.300000,510,530,540,550,580,1000,1000,1400,7200,9000,9000,4890,2483,510.0,361.097081752351,14.126871999906143,8961.57661199959,0.0
1774174588,10,,Aggregated,14.700000,7.300000,510,530,540,550,580,1000,1000,1300,7200,9000,9000,4905,2490,510.0,361.01802071885726,14.126871999906143,8961.57661199959,0.0
1774174589,10,,Aggregated,14.700000,7.300000,510,530,540,550,580,1000,1000,1300,7200,9000,9000,4922,2498,510.0,360.93210057029586,14.126871999906143,8961.57661199959,0.0
1774174590,10,,Aggregated,14.700000,7.300000,510,530,540,550,580,1000,1000,1300,7200,9000,9000,4939,2506,510.0,360.664601681514,14.126871999906143,8961.57661199959,0.0
1774174591,10,,Aggregated,14.700000,7.200000,510,530,540,550,580,1000,1000,1300,7200,9000,9000,4953,2514,510.0,360.5912877223901,14.126871999906143,8961.57661199959,0.0
1774174592,10,,Aggregated,15.100000,7.300000,510,530,540,550,580,1000,1000,1300,7200,9000,9000,4966,2521,510.0,360.54259994180416,14.126871999906143,8961.57661199959,0.0
1774174593,10,,Aggregated,15.200000,7.300000,510,530,540,550,580,1000,1000,1300,7200,9000,9000,4983,2530,510.0,360.4586672436283,14.126871999906143,8961.57661199959,0.0
1774174594,10,,Aggregated,15.100000,7.500000,510,530,540,550,580,1000,1000,1300,7200,9000,9000,5000,2539,510.0,360.3206353352,14.126871999906143,8961.57661199959,0.0
1774174595,10,,Aggregated,15.300000,7.500000,510,530,540,550,580,1000,1000,1200,7100,9000,9000,5015,2546,510.0,360.18486047098696,14.126871999906143,8961.57661199959,0.0
1774174596,10,,Aggregated,15.400000,7.800000,510,530,540,550,580,1000,1000,1200,7100,9000,9000,5030,2552,510.0,359.8672334431406,14.126871999906143,8961.57661199959,0.0
1774174597,10,,Aggregated,15.400000,7.900000,510,530,540,550,580,1000,1000,1200,7100,9000,9000,5043,2559,510.0,359.839104037477,14.126871999906143,8961.57661199959,0.0
1774174598,10,,Aggregated,15.500000,7.800000,510,530,540,550,580,1000,1000,1200,7100,9000,9000,5058,2566,510.0,359.6824117750092,14.126871999906143,8961.57661199959,0.0
1774174599,10,,Aggregated,15.400000,7.700000,510,530,540,550,580,1000,1000,1200,7100,9000,9000,5072,2574,510.0,359.5919176451097,14.126871999906143,8961.57661199959,0.0
1774174600,10,,Aggregated,15.200000,7.600000,510,530,540,550,580,1000,1000,1200,7100,9000,9000,5087,2581,510.0,359.5475327129927,14.126871999906143,8961.57661199959,0.0
1774174601,10,,Aggregated,15.200000,7.600000,510,530,540,550,580,1000,1000,1200,7100,9000,9000,5102,2588,510.0,359.4858252410805,14.126871999906143,8961.57661199959,0.0
1774174602,10,,Aggregated,15.200000,7.700000,510,530,540,550,580,1000,1000,1200,7100,9000,9000,5116,2594,510.0,359.229311148357,14.126871999906143,8961.57661199959,0.0
1774174603,10,,Aggregated,14.600000,7.400000,510,530,540,550,580,1000,1000,1200,7100,9000,9000,5131,2602,510.0,359.28071596355375,14.126871999906143,8961.57661199959,0.0
1774174604,10,,Aggregated,14.800000,7.300000,510,530,540,550,580,1000,1000,1200,7100,9000,9000,5146,2610,510.0,359.1420527291088,14.126871999906143,8961.57661199959,0.0
1774174605,10,,Aggregated,14.600000,7.200000,510,530,540,550,580,1000,1000,1200,7100,9000,9000,5161,2618,510.0,359.08578513020586,14.126871999906143,8961.57661199959,0.0
1774174606,10,,Aggregated,14.600000,7.100000,510,530,540,550,580,1000,1000,1200,7100,9000,9000,5175,2625,510.0,359.0093372401923,14.126871999906143,8961.57661199959,0.0
1774174607,10,,Aggregated,14.700000,7.200000,510,530,540,550,580,1000,1000,1200,7100,9000,9000,5190,2633,510.0,358.9709247121378,14.126871999906143,8961.57661199959,0.0
1774174608,10,,Aggregated,14.400000,7.200000,510,530,540,550,580,1000,1000,1100,7100,9000,9000,5205,2640,510.0,358.7475540232459,14.126871999906143,8961.57661199959,0.0
1774174609,10,,Aggregated,14.500000,7.200000,510,530,540,550,580,1000,1000,1100,7100,9000,9000,5217,2647,510.0,358.69904116752866,14.126871999906143,8961.57661199959,0.0
1774174610,10,,Aggregated,14.600000,7.300000,510,530,540,550,580,1000,1000,1100,7100,9000,9000,5233,2656,510.0,358.94042258551406,14.126871999906143,8961.57661199959,0.0
1774174611,10,,Aggregated,14.700000,7.400000,510,530,540,550,580,1000,1000,1100,7100,9000,9000,5247,2662,510.0,358.6707680148648,14.126871999906143,8961.57661199959,0.0
1774174612,10,,Aggregated,14.200000,7.200000,510,530,540,550,580,1000,1000,1100,7100,9000,9000,5260,2668,510.0,358.561025093155,14.126871999906143,8961.57661199959,0.0
1774174613,10,,Aggregated,14.700000,7.500000,510,530,540,550,580,1000,1000,1100,7100,9000,9000,5273,2675,510.0,358.63490951355845,14.126871999906143,8961.57661199959,0.0
1774174614,10,,Aggregated,14.500000,7.500000,510,530,540,550,580,1000,1000,1100,7100,9000,9000,5287,2683,510.0,358.6534948764884,14.126871999906143,8961.57661199959,0.0
1774174615,10,,Aggregated,14.500000,7.500000,510,530,540,550,580,1000,1000,1100,7100,9000,9000,5304,2691,510.0,358.4302823976234,14.126871999906143,8961.57661199959,0.0
1774174617,10,,Aggregated,14.200000,7.300000,510,530,540,550,580,1000,1000,1100,7100,9000,9000,5317,2698,510.0,358.3058036580766,14.126871999906143,8961.57661199959,0.0
1774174618,10,,Aggregated,14.000000,7.200000,510,530,540,550,580,1000,1000,1100,7100,9000,9000,5334,2707,510.0,358.1341339953117,14.126871999906143,8961.57661199959,0.0
1774174619,10,,Aggregated,14.300000,7.300000,510,530,540,550,580,1000,1000,1100,7100,9000,9000,5348,2714,510.0,358.23568318586246,14.126871999906143,8961.57661199959,0.0
1774174620,10,,Aggregated,14.100000,7.300000,510,530,540,550,580,1000,1000,1100,7100,9000,9000,5363,2721,510.0,358.1082788679832,14.126871999906143,8961.57661199959,0.0
1774174621,10,,Aggregated,14.400000,7.400000,510,530,540,550,580,1000,1000,1100,7100,9000,9000,5378,2729,510.0,358.0578438499431,14.126871999906143,8961.57661199959,0.0
1774174622,10,,Aggregated,14.200000,7.300000,510,530,540,550,580,1000,1000,1100,7100,9000,9000,5393,2737,510.0,358.129465368625,14.126871999906143,8961.57661199959,0.0
1774174623,10,,Aggregated,14.500000,7.300000,510,530,540,550,580,1000,1000,1100,7100,9000,9000,5407,2744,510.0,358.12898729646645,14.126871999906143,8961.57661199959,0.0
1774174624,10,,Aggregated,14.500000,7.400000,510,530,540,550,580,1000,1000,1100,7100,9000,9000,5423,2752,510.0,357.92627829485446,14.126871999906143,8961.57661199959,0.0
1774174625,10,,Aggregated,14.500000,7.400000,510,530,540,550,580,1000,1000,1100,7100,9000,9000,5436,2759,510.0,357.8286574786604,14.126871999906143,8961.57661199959,0.0
1774174626,10,,Aggregated,14.800000,7.600000,510,530,540,550,580,1000,1000,1100,7100,9000,9000,5451,2766,510.0,357.6162198398456,14.126871999906143,8961.57661199959,0.0
1774174627,10,,Aggregated,14.900000,7.600000,510,530,540,550,580,1000,1000,1100,7100,9000,9000,5466,2774,510.0,357.57368972539297,14.126871999906143,8961.57661199959,0.0
1774174628,10,,Aggregated,14.900000,7.600000,510,530,540,550,580,1000,1000,1100,7100,9000,9000,5483,2782,510.0,357.33939175451377,14.126871999906143,8961.57661199959,0.0
1774174629,10,,Aggregated,14.600000,7.500000,510,530,540,550,580,1000,1000,1100,7100,9000,9000,5497,2788,510.0,357.25721616518086,14.126871999906143,8961.57661199959,0.0
1774174630,10,,Aggregated,14.800000,7.500000,510,530,540,550,580,1000,1000,1100,7100,9000,9000,5512,2797,510.0,357.3722011955736,14.126871999906143,8961.57661199959,0.0
1774174631,10,,Aggregated,14.900000,7.400000,510,530,540,550,580,1000,1000,1100,7100,9000,9000,5529,2805,510.0,357.21402153065674,14.126871999906143,8961.57661199959,0.0
1774174632,10,,Aggregated,14.900000,7.400000,510,530,540,550,580,1000,1000,1100,7100,9000,9000,5542,2812,510.0,357.10770102760796,14.126871999906143,8961.57661199959,0.0
1774174633,10,,Aggregated,14.900000,7.600000,510,530,540,550,580,1000,1000,1100,7100,9000,9000,5557,2819,510.0,356.88597812596777,14.126871999906143,8961.57661199959,0.0
1774174634,10,,Aggregated,14.900000,7.500000,510,530,540,550,580,1000,1000,1100,7100,9000,9000,5571,2826,510.0,356.8898599813325,14.126871999906143,8961.57661199959,0.0
1774174635,10,,Aggregated,14.900000,7.500000,510,530,540,550,580,1000,1000,1100,7100,9000,9000,5586,2834,510.0,356.7701203123887,14.126871999906143,8961.57661199959,0.0
1774174636,10,,Aggregated,15.000000,7.500000,510,530,540,550,580,1000,1000,1000,7100,9000,9000,5601,2841,510.0,356.71614647991504,14.126871999906143,8961.57661199959,0.0
1774174637,10,,Aggregated,15.000000,7.500000,510,530,540,550,580,1000,1000,1000,7100,9000,9000,5615,2847,510.0,356.53752417880753,14.126871999906143,8961.57661199959,0.0
1774174638,10,,Aggregated,15.100000,7.500000,510,530,540,550,580,1000,1000,1000,7100,9000,9000,5632,2856,510.0,356.5562392974088,14.126871999906143,8961.57661199959,0.0
1774174639,10,,Aggregated,14.900000,7.400000,510,530,540,550,580,1000,1000,1000,7100,9000,9000,5645,2863,510.0,356.5345368313561,14.126871999906143,8961.57661199959,0.0
1774174640,10,,Aggregated,14.800000,7.300000,510,530,540,550,580,1000,1000,1000,7100,9000,9000,5662,2872,510.0,356.45779745602385,14.126871999906143,8961.57661199959,0.0
1774174641,10,,Aggregated,14.700000,7.400000,510,530,540,550,580,1000,1000,1000,7100,9000,9000,5679,2880,510.0,356.21492894770364,14.126871999906143,8961.57661199959,0.0
1774174642,10,,Aggregated,14.700000,7.400000,510,530,540,550,580,1000,1000,1000,7100,9000,9000,5693,2887,510.0,356.0635763007217,14.126871999906143,8961.57661199959,0.0
1774174643,10,,Aggregated,15.000000,7.400000,510,530,540,550,580,1000,1000,1000,7100,9000,9000,5708,2895,510.0,356.01190167151503,14.126871999906143,8961.57661199959,0.0
1774174644,10,,Aggregated,15.100000,7.500000,510,530,540,550,570,1000,1000,1000,7100,9000,9000,5725,2903,510.0,355.78546973065613,14.126871999906143,8961.57661199959,0.0
1774174645,10,,Aggregated,15.000000,7.500000,510,530,540,550,570,1000,1000,1000,7100,9000,9000,5739,2911,510.0,355.7203856077724,14.126871999906143,8961.57661199959,0.0
1774174646,10,,Aggregated,15.300000,7.700000,510,530,540,550,570,1000,1000,1000,7100,9000,9000,5753,2919,510.0,355.6566219466374,14.126871999906143,8961.57661199959,0.0
1774174647,10,,Aggregated,15.200000,7.600000,510,530,540,550,570,1000,1000,1000,7100,9000,9000,5769,2926,510.0,355.55732262333265,14.126871999906143,8961.57661199959,0.0
1774174648,10,,Aggregated,15.100000,7.700000,510,530,540,550,570,1000,1000,1000,7100,9000,9000,5782,2932,510.0,355.4542380638195,14.126871999906143,8961.57661199959,0.0
1774174649,10,,Aggregated,15.300000,7.800000,510,530,540,550,570,1000,1000,1000,7100,9000,9000,5798,2941,510.0,355.5286968014844,14.126871999906143,8961.57661199959,0.0
1774174650,10,,Aggregated,14.700000,7.500000,510,530,540,550,570,1000,1000,1000,7100,9000,9000,5811,2947,510.0,355.4240539063858,14.126871999906143,8961.57661199959,0.0
1774174651,10,,Aggregated,14.700000,7.500000,510,530,540,550,570,1000,1000,1000,7100,9000,9000,5823,2952,510.0,355.29116873536117,14.126871999906143,8961.57661199959,0.0
1774174652,10,,Aggregated,14.700000,7.500000,510,530,540,550,580,1000,1000,1000,7100,9000,9000,5839,2960,510.0,355.3748082461049,14.126871999906143,8961.57661199959,0.0
1774174653,10,,Aggregated,14.600000,7.300000,510,530,540,550,580,1000,1000,1000,7100,9000,9000,5854,2967,510.0,355.40889152118314,14.126871999906143,8961.57661199959,0.0
1774174654,10,,Aggregated,14.400000,7.200000,510,530,540,550,580,1000,1000,1000,7100,9000,9000,5871,2975,510.0,355.2848886133547,14.126871999906143,8961.57661199959,0.0
1774174655,10,,Aggregated,14.400000,7.100000,510,530,540,550,580,1000,1000,1000,7100,9000,9000,5884,2981,510.0,355.1043459170642,14.126871999906143,8961.57661199959,0.0
1774174656,10,,Aggregated,14.300000,7.000000,510,530,540,550,580,1000,1000,1000,7100,9000,9000,5897,2987,510.0,355.0068230529094,14.126871999906143,8961.57661199959,0.0
1774174657,10,,Aggregated,14.500000,7.100000,510,530,540,550,580,1000,1000,1000,7100,9000,9000,5914,2997,510.0,355.01506638028513,14.126871999906143,8961.57661199959,0.0
1774174658,10,,Aggregated,14.400000,6.900000,510,530,540,550,580,1000,1000,1000,7100,9000,9000,5930,3006,510.0,354.9449335634074,14.126871999906143,8961.57661199959,0.0
1774174659,10,,Aggregated,14.200000,6.900000,510,530,540,550,570,1000,1000,1000,7100,9000,9000,5942,3012,510.0,354.91115142157616,14.126871999906143,8961.57661199959,0.0
1774174660,10,,Aggregated,14.600000,7.200000,510,530,540,550,580,1000,1000,1000,7100,9000,9000,5959,3020,510.0,354.79866414885123,14.126871999906143,8961.57661199959,0.0
1774174661,10,,Aggregated,14.300000,6.900000,510,530,540,550,570,1000,1000,1000,7100,9000,9000,5974,3028,510.0,354.7027148702718,14.126871999906143,8961.57661199959,0.0
1774174662,10,,Aggregated,14.600000,7.100000,510,530,540,550,580,1000,1000,1000,7100,9000,9000,5987,3034,510.0,354.6754691990986,14.126871999906143,8961.57661199959,0.0
1774174663,10,,Aggregated,14.700000,7.400000,510,530,540,550,580,1000,1000,1000,7000,9000,9000,6005,3043,510.0,354.4926928041635,14.126871999906143,8961.57661199959,0.0
1774174664,10,,Aggregated,14.500000,7.200000,510,530,540,550,570,1000,1000,1000,7000,9000,9000,6018,3049,510.0,354.32306758806936,14.126871999906143,8961.57661199959,0.0
1774174665,10,,Aggregated,14.700000,7.300000,510,530,540,550,570,1000,1000,1000,7000,9000,9000,6032,3056,510.0,354.32200718418443,14.126871999906143,8961.57661199959,0.0
1774174666,10,,Aggregated,14.800000,7.400000,510,530,540,550,570,1000,1000,1000,7000,9000,9000,6045,3062,510.0,354.23732858411915,14.126871999906143,8961.57661199959,0.0
1774174667,10,,Aggregated,14.600000,7.300000,510,530,540,550,580,1000,1000,1000,7000,9000,9000,6060,3070,510.0,354.24009415495055,14.126871999906143,8961.57661199959,0.0
1774174668,10,,Aggregated,14.600000,7.300000,510,530,540,550,580,1000,1000,1000,7000,9000,9000,6074,3077,510.0,354.3419047821867,14.126871999906143,8961.57661199959,0.0
1774174669,10,,Aggregated,14.700000,7.400000,510,530,540,550,580,1000,1000,1000,7000,9000,9000,6089,3085,510.0,354.3167830377736,14.126871999906143,8961.57661199959,0.0
1774174670,10,,Aggregated,14.600000,7.300000,510,530,540,550,580,1000,1000,1000,7000,9000,9000,6104,3093,510.0,354.28033457060985,14.126871999906143,8961.57661199959,0.0
1774174671,10,,Aggregated,14.400000,7.300000,510,530,540,550,580,1000,1000,1000,7000,9000,9000,6120,3100,510.0,354.03630076192854,14.126871999906143,8961.57661199959,0.0
1774174672,10,,Aggregated,14.600000,7.300000,510,530,540,550,570,1000,1000,1000,7000,9000,9000,6134,3107,510.0,353.90265997522084,14.126871999906143,8961.57661199959,0.0
1774174673,10,,Aggregated,14.600000,7.200000,510,530,540,550,570,1000,1000,1000,7000,9000,9000,6148,3115,510.0,353.8372516999033,14.126871999906143,8961.57661199959,0.0
1774174674,10,,Aggregated,14.700000,7.400000,510,530,540,550,570,1000,1000,1000,7000,9000,9000,6164,3122,510.0,353.6753985981516,14.126871999906143,8961.57661199959,0.0
1774174675,10,,Aggregated,14.700000,7.600000,510,530,540,550,570,1000,1000,1000,7000,9000,9000,6179,3130,510.0,353.7219132675206,14.126871999906143,8961.57661199959,0.0
1774174676,10,,Aggregated,14.600000,7.300000,510,530,540,550,570,1000,1000,1000,7000,9000,9000,6194,3138,510.0,353.6224760017773,14.126871999906143,8961.57661199959,0.0
1774174677,10,,Aggregated,14.400000,7.300000,510,530,540,550,570,1000,1000,1000,7000,9000,9000,6209,3144,510.0,353.51585065324656,14.126871999906143,8961.57661199959,0.0
1774174678,10,,Aggregated,14.800000,7.500000,510,530,540,550,570,1000,1000,1000,7000,9000,9000,6222,3151,510.0,353.5188439787862,14.126871999906143,8961.57661199959,0.0
1774174679,10,,Aggregated,14.800000,7.400000,510,530,540,550,570,1000,1000,1000,7000,9000,9000,6237,3158,510.0,353.32128800176497,14.126871999906143,8961.57661199959,0.0
1774174680,10,,Aggregated,15.000000,7.500000,510,530,540,550,570,1000,1000,1000,7000,9000,9000,6255,3168,510.0,353.37163573988937,14.126871999906143,8961.57661199959,0.0
1774174681,10,,Aggregated,15.100000,7.500000,510,530,540,550,570,1000,1000,1000,7000,9000,9000,6269,3175,510.0,353.26061156628,14.126871999906143,8961.57661199959,0.0
1774174682,10,,Aggregated,14.800000,7.300000,510,530,540,550,570,1000,1000,1000,7000,9000,9000,6284,3183,510.0,353.37203169303154,14.126871999906143,8961.57661199959,0.0
1774174683,10,,Aggregated,14.800000,7.500000,510,530,540,550,570,1000,1000,1000,7000,9000,9000,6297,3189,510.0,353.2185104751482,14.126871999906143,8961.57661199959,0.0
1774174684,10,,Aggregated,14.800000,7.300000,510,530,540,550,570,1000,1000,1000,7000,9000,9000,6313,3197,510.0,353.1310086652955,14.126871999906143,8961.57661199959,0.0
1774174685,10,,Aggregated,14.800000,7.400000,510,530,540,550,570,1000,1000,1000,7000,9000,9000,6327,3204,510.0,353.1547787311537,14.126871999906143,8961.57661199959,0.0
1774174686,10,,Aggregated,14.900000,7.500000,510,530,540,550,570,1000,1000,1000,7000,9000,9000,6342,3212,510.0,353.19478502712246,14.126871999906143,8961.57661199959,0.0
1774174687,10,,Aggregated,14.900000,7.500000,510,530,540,550,570,1000,1000,1000,7000,9000,9000,6357,3219,510.0,353.0095885076312,14.126871999906143,8961.57661199959,0.0
1774174688,10,,Aggregated,14.800000,7.400000,510,530,540,550,570,1000,1000,1000,7000,9000,9000,6372,3226,510.0,352.8911477270887,14.126871999906143,8961.57661199959,0.0
1774174689,10,,Aggregated,14.900000,7.500000,510,530,540,550,570,1000,1000,1000,7000,9000,9000,6387,3233,510.0,352.78108712181154,14.126871999906143,8961.57661199959,0.0
1774174690,10,,Aggregated,14.800000,7.500000,510,530,540,550,570,1000,1000,1000,7000,9000,9000,6400,3240,510.0,352.8421448081267,14.126871999906143,8961.57661199959,0.0
1774174691,10,,Aggregated,14.900000,7.500000,510,530,540,550,570,1000,1000,1000,7000,9000,9000,6416,3249,510.0,352.77579449969,14.126871999906143,8961.57661199959,0.0
1774174692,10,,Aggregated,14.800000,7.600000,510,530,540,550,570,1000,1000,1000,7000,9000,9000,6432,3258,510.0,352.71149349580344,14.126871999906143,8961.57661199959,0.0
1774174693,10,,Aggregated,14.700000,7.400000,510,530,540,550,570,1000,1000,1000,7000,9000,9000,6447,3266,510.0,352.6869670482408,14.126871999906143,8961.57661199959,0.0
1774174694,10,,Aggregated,14.900000,7.600000,510,530,540,550,570,1000,1000,1000,7000,9000,9000,6461,3273,510.0,352.55860363751856,14.126871999906143,8961.57661199959,0.0
1774174695,10,,Aggregated,14.600000,7.300000,510,530,540,550,570,1000,1000,1000,7000,9000,9000,6474,3280,510.0,352.569041916899,14.126871999906143,8961.57661199959,0.0
1774174696,10,,Aggregated,14.700000,7.500000,510,530,540,550,570,1000,1000,1000,7000,9000,9000,6490,3288,510.0,352.4336943070882,14.126871999906143,8961.57661199959,0.0
1774174697,10,,Aggregated,14.700000,7.500000,510,530,540,550,570,1000,1000,1000,7000,9000,9000,6506,3296,510.0,352.2909514449744,14.126871999906143,8961.57661199959,0.0
1774174698,10,,Aggregated,14.700000,7.600000,510,530,540,550,570,1000,1000,1000,7000,9000,9000,6521,3303,510.0,352.14085507422254,14.126871999906143,8961.57661199959,0.0
1774174699,10,,Aggregated,14.700000,7.500000,510,530,540,550,570,1000,1000,1000,7000,9000,9000,6535,3310,510.0,352.0086972469783,14.126871999906143,8961.57661199959,0.0
1774174700,10,,Aggregated,14.900000,7.700000,510,530,540,550,570,1000,1000,1000,7000,9000,9000,6550,3317,510.0,351.9637063416799,14.126871999906143,8961.57661199959,0.0
1774174701,10,,Aggregated,14.800000,7.700000,510,530,540,550,570,1000,1000,1000,7000,9000,9000,6565,3324,510.0,352.0064466472207,14.126871999906143,8961.57661199959,0.0
1774174702,10,,Aggregated,14.900000,7.600000,510,530,540,550,570,1000,1000,1000,7000,9000,9000,6580,3332,510.0,351.90411626443836,14.126871999906143,8961.57661199959,0.0
1774174703,10,,Aggregated,14.700000,7.400000,510,530,540,550,570,1000,1000,1000,7000,9000,9000,6597,3340,510.0,351.7882950821594,14.126871999906143,8961.57661199959,0.0
1774174704,10,,Aggregated,14.800000,7.500000,510,530,540,550,570,1000,1000,1000,7000,9000,9000,6610,3347,510.0,351.92675694735374,14.126871999906143,8961.57661199959,0.0
1774174705,10,,Aggregated,15.100000,7.600000,510,530,540,550,570,1000,1000,1000,7000,9000,9000,6623,3353,510.0,351.7860574541762,14.126871999906143,8961.57661199959,0.0
1774174706,10,,Aggregated,14.500000,7.100000,510,530,540,550,570,1000,1000,1000,7000,9000,9000,6641,3362,510.0,351.70247593826394,14.126871999906143,8961.57661199959,0.0
1774174707,10,,Aggregated,15.000000,7.400000,510,530,540,550,570,1000,1000,1000,7000,9000,9000,6655,3370,510.0,351.64035083666596,14.126871999906143,8961.57661199959,0.0
1774174708,10,,Aggregated,14.900000,7.300000,510,530,540,550,570,1000,1000,1000,7000,9000,9000,6669,3377,510.0,351.60524499250454,14.126871999906143,8961.57661199959,0.0
1774174709,10,,Aggregated,14.900000,7.500000,510,530,540,550,570,1000,1000,1000,7000,9000,9000,6686,3386,510.0,351.50141821118945,14.126871999906143,8961.57661199959,0.0
1774174710,10,,Aggregated,14.500000,7.100000,510,530,540,550,570,1000,1000,1000,7000,9000,9000,6699,3393,510.0,351.4171252927322,14.126871999906143,8961.57661199959,0.0
1774174711,10,,Aggregated,14.600000,7.200000,510,530,540,550,570,1000,1000,1000,7000,9000,9000,6715,3401,510.0,351.27517925971887,14.126871999906143,8961.57661199959,0.0
1774174712,10,,Aggregated,14.700000,7.400000,510,530,540,550,570,1000,1000,1000,7000,9000,9000,6731,3409,510.0,351.14982709612434,14.126871999906143,8961.57661199959,0.0
1774174713,10,,Aggregated,15.000000,7.600000,510,530,540,550,570,1000,1000,1000,7000,9000,9000,6746,3416,510.0,350.9838425647809,14.126871999906143,8961.57661199959,0.0
1774174714,10,,Aggregated,14.800000,7.500000,510,530,540,550,570,1000,1000,1000,7000,9000,9000,6763,3425,510.0,350.9468869353854,14.126871999906143,8961.57661199959,0.0
1774174715,10,,Aggregated,14.700000,7.400000,510,530,540,550,570,1000,1000,1000,7000,9000,9000,6779,3433,510.0,350.89103277282936,14.126871999906143,8961.57661199959,0.0
1774174716,10,,Aggregated,15.500000,8.100000,510,530,540,550,570,1000,1000,1000,7000,9000,9000,6793,3439,510.0,350.78307393714266,14.126871999906143,8961.57661199959,0.0
1774174717,10,,Aggregated,15.300000,7.800000,510,530,540,550,570,1000,1000,1000,7000,9000,9000,6806,3445,510.0,350.7180136685295,14.126871999906143,8961.57661199959,0.0
1774174718,10,,Aggregated,15.000000,7.700000,510,530,540,550,570,1000,1000,1000,7000,9000,9000,6821,3453,510.0,350.7096651578963,14.126871999906143,8961.57661199959,0.0
1774174719,10,,Aggregated,15.200000,7.600000,510,530,540,550,570,1000,1000,1000,7000,9000,9000,6839,3462,510.0,350.5599340285145,14.126871999906143,8961.57661199959,0.0
1774174720,10,,Aggregated,15.400000,7.800000,510,530,540,550,570,1000,1000,1000,7000,9000,9000,6854,3470,510.0,350.53757267770834,14.126871999906143,8961.57661199959,0.0
1774174721,10,,Aggregated,15.300000,7.700000,510,530,540,550,570,1000,1000,1000,7000,9000,9000,6869,3477,510.0,350.467838860535,14.126871999906143,8961.57661199959,0.0
1774174722,10,,Aggregated,15.200000,7.500000,510,530,540,550,570,1000,1000,1000,7000,9000,9000,6884,3484,510.0,350.30958099491806,14.126871999906143,8961.57661199959,0.0
1774174723,10,,Aggregated,15.100000,7.400000,510,530,540,550,570,1000,1000,1000,7000,9000,9000,6898,3492,510.0,350.3330160058011,14.126871999906143,8961.57661199959,0.0
1774174724,10,,Aggregated,15.300000,7.600000,510,530,540,550,570,1000,1000,1000,7000,9000,9000,6914,3499,510.0,350.12315681631713,14.126871999906143,8961.57661199959,0.0
1774174725,10,,Aggregated,15.400000,7.700000,510,530,540,550,570,1000,1000,1000,7000,9000,9000,6928,3506,510.0,350.08939208545274,14.126871999906143,8961.57661199959,0.0
1774174726,10,,Aggregated,15.000000,7.400000,510,530,540,550,570,1000,1000,1000,7000,9000,9000,6943,3514,510.0,350.1355742222405,14.126871999906143,8961.57661199959,0.0
1774174727,10,,Aggregated,14.900000,7.500000,510,530,540,550,570,1000,1000,1000,7000,9000,9000,6958,3522,510.0,350.1107622357018,14.126871999906143,8961.57661199959,0.0
1774174728,10,,Aggregated,15.300000,7.600000,510,530,540,550,570,1000,1000,1000,7000,9000,9000,6972,3530,510.0,350.1268794529564,14.126871999906143,8961.57661199959,0.0
1774174729,10,,Aggregated,15.000000,7.500000,510,530,540,550,570,1000,1000,1000,7000,9000,9000,6985,3537,510.0,350.0642139627792,14.126871999906143,8961.57661199959,0.0
1774174730,10,,Aggregated,14.800000,7.400000,510,530,540,550,570,1000,1000,1000,7000,9000,9000,6999,3546,510.0,350.3610392397501,14.126871999906143,8961.57661199959,0.0
1774174731,10,,Aggregated,14.800000,7.400000,510,530,540,550,570,1000,1000,1000,6500,9000,9000,7014,3554,510.0,350.27102399315805,14.126871999906143,8961.57661199959,0.0
1774174732,10,,Aggregated,14.700000,7.700000,510,530,540,550,570,1000,1000,1000,6500,9000,9000,7028,3561,510.0,350.1532457716294,14.126871999906143,8961.57661199959,0.0
1774174733,10,,Aggregated,14.600000,7.700000,510,530,540,550,570,1000,1000,1000,6500,9000,9000,7042,3568,510.0,350.16781981397503,14.126871999906143,8961.57661199959,0.0
1774174734,10,,Aggregated,14.500000,7.600000,510,530,540,550,570,1000,1000,1000,6500,9000,9000,7057,3575,510.0,350.0707157280732,14.126871999906143,8961.57661199959,0.0
1774174735,10,,Aggregated,14.400000,7.600000,510,530,540,550,570,1000,1000,1000,6500,9000,9000,7070,3580,510.0,349.93681442913913,14.126871999906143,8961.57661199959,0.0
1774174736,10,,Aggregated,14.200000,7.400000,510,530,540,550,570,1000,1000,1000,6500,9000,9000,7084,3588,510.0,350.0192233526275,14.126871999906143,8961.57661199959,0.0
1774174737,10,,Aggregated,14.200000,7.400000,510,530,540,550,570,1000,1000,1000,6500,9000,9000,7099,3596,510.0,350.0699716853096,14.126871999906143,8961.57661199959,0.0
1774174738,10,,Aggregated,14.100000,7.400000,510,530,540,550,570,1000,1000,1000,6500,9000,9000,7114,3603,510.0,349.9849785790009,14.126871999906143,8961.57661199959,0.0
1774174739,10,,Aggregated,13.900000,7.300000,510,530,540,550,570,1000,1000,1000,6500,9000,9000,7130,3610,510.0,349.81638233380244,14.126871999906143,8961.57661199959,0.0
1774174740,10,,Aggregated,14.200000,7.400000,510,530,540,550,570,1000,1000,1000,6500,9000,9000,7145,3618,510.0,349.79119182407425,14.126871999906143,8961.57661199959,0.0
1774174741,10,,Aggregated,14.300000,7.500000,510,530,540,550,570,1000,1000,1000,6500,9000,9000,7161,3626,510.0,349.65327056444795,14.126871999906143,8961.57661199959,0.0
1774174742,10,,Aggregated,14.500000,7.300000,510,530,540,550,570,1000,1000,1000,6500,9000,9000,7175,3633,510.0,349.61105305366016,14.126871999906143,8961.57661199959,0.0
1774174743,10,,Aggregated,14.700000,7.400000,510,530,540,550,570,1000,1000,1000,6500,9000,9000,7192,3642,510.0,349.6395316027546,14.126871999906143,8961.57661199959,0.0
1774174744,10,,Aggregated,14.700000,7.300000,510,530,540,550,570,1000,1000,1000,6500,9000,9000,7205,3648,510.0,349.5173885195016,14.126871999906143,8961.57661199959,0.0
1774174745,10,,Aggregated,14.500000,7.200000,510,530,540,550,570,1000,1000,1000,6500,9000,9000,7219,3655,510.0,349.47382413506136,14.126871999906143,8961.57661199959,0.0
1774174746,10,,Aggregated,14.800000,7.300000,510,530,540,550,570,1000,1000,1000,6500,9000,9000,7235,3663,510.0,349.5467141295106,14.126871999906143,8961.57661199959,0.0
1774174747,10,,Aggregated,14.800000,7.300000,510,530,540,550,570,1000,1000,1000,6500,9000,9000,7251,3671,510.0,349.47546473452087,14.126871999906143,8961.57661199959,0.0
1774174748,10,,Aggregated,14.600000,7.200000,510,530,540,550,570,1000,1000,1000,6500,9000,9000,7264,3677,510.0,349.34233517166996,14.126871999906143,8961.57661199959,0.0
1774174749,10,,Aggregated,14.900000,7.300000,510,530,540,550,570,1000,1000,1000,6500,9000,9000,7280,3684,510.0,349.22921837802346,14.126871999906143,8961.57661199959,0.0
1774174750,10,,Aggregated,14.900000,7.300000,510,530,540,550,570,1000,1000,1000,6500,9000,9000,7295,3691,510.0,349.0719609540797,14.126871999906143,8961.57661199959,0.0
1774174751,10,,Aggregated,14.800000,7.100000,510,530,540,550,570,1000,1000,1000,6500,9000,9000,7311,3700,510.0,349.0730067122161,14.126871999906143,8961.57661199959,0.0
1774174752,10,,Aggregated,15.000000,7.300000,510,530,540,550,570,1000,1000,1000,6500,9000,9000,7327,3708,510.0,349.01513071175265,14.126871999906143,8961.57661199959,0.0
1774174753,10,,Aggregated,15.000000,7.300000,510,530,540,550,570,1000,1000,1000,6500,9000,9000,7341,3715,510.0,349.03088057117657,14.126871999906143,8961.57661199959,0.0
1774174754,10,,Aggregated,14.900000,7.400000,510,530,540,550,570,1000,1000,1000,6500,9000,9000,7356,3722,510.0,348.9564575425516,14.126871999906143,8961.57661199959,0.0
1774174755,10,,Aggregated,15.000000,7.200000,510,530,540,550,570,1000,1000,1000,6500,9000,9000,7370,3729,510.0,348.90539280854955,14.126871999906143,8961.57661199959,0.0
1774174756,10,,Aggregated,14.900000,7.300000,510,530,540,550,570,1000,1000,1000,6500,9000,9000,7387,3738,510.0,348.87919835752155,14.126871999906143,8961.57661199959,0.0
1774174757,10,,Aggregated,14.900000,7.200000,510,530,540,550,570,1000,1000,1000,6500,9000,9000,7401,3744,510.0,348.70550948655733,14.126871999906143,8961.57661199959,0.0
1774174758,10,,Aggregated,15.100000,7.400000,510,530,540,550,570,1000,1000,1000,6500,9000,9000,7415,3751,510.0,348.6688183122064,14.126871999906143,8961.57661199959,0.0
1774174759,10,,Aggregated,15.200000,7.600000,510,530,540,550,570,1000,1000,1000,6500,9000,9000,7428,3757,510.0,348.6655429881541,14.126871999906143,8961.57661199959,0.0
1774174760,10,,Aggregated,15.000000,7.400000,510,530,540,550,570,1000,1000,1000,6500,9000,9000,7444,3765,510.0,348.59964746587997,14.126871999906143,8961.57661199959,0.0
1774174761,10,,Aggregated,14.800000,7.300000,510,530,540,550,570,1000,1000,1000,6500,9000,9000,7459,3774,510.0,348.6385213448195,14.126871999906143,8961.57661199959,0.0
1774174762,10,,Aggregated,14.900000,7.400000,510,530,540,550,570,1000,1000,1000,6500,9000,9000,7475,3783,510.0,348.5812422219413,14.126871999906143,8961.57661199959,0.0
1774174763,10,,Aggregated,14.800000,7.400000,510,530,540,550,570,1000,1000,1000,6500,9000,9000,7491,3791,510.0,348.4506998030986,14.126871999906143,8961.57661199959,0.0
1774174764,10,,Aggregated,14.800000,7.400000,510,530,540,550,570,1000,1000,1000,6500,9000,9000,7505,3798,510.0,348.35464069207364,14.126871999906143,8961.57661199959,0.0
1774174765,10,,Aggregated,14.900000,7.600000,510,530,540,550,570,1000,1000,1000,6500,9000,9000,7521,3806,510.0,348.2808073919708,14.126871999906143,8961.57661199959,0.0
1774174766,10,,Aggregated,14.900000,7.600000,510,530,540,550,570,1000,1000,1000,6500,9000,9000,7533,3811,510.0,348.1787615081659,14.126871999906143,8961.57661199959,0.0
1774174767,10,,Aggregated,14.900000,7.600000,510,530,540,550,570,1000,1000,1000,6500,9000,9000,7548,3818,510.0,348.155715496557,14.126871999906143,8961.57661199959,0.0
1774174768,10,,Aggregated,14.800000,7.600000,510,530,540,550,570,1000,1000,1000,6500,9000,9000,7562,3825,510.0,348.0543350830483,14.126871999906143,8961.57661199959,0.0
1774174769,10,,Aggregated,14.700000,7.400000,510,530,540,550,570,1000,1000,1000,6500,9000,9000,7578,3834,510.0,348.0771490667738,14.126871999906143,8961.57661199959,0.0
1774174770,10,,Aggregated,14.800000,7.500000,510,530,540,550,570,1000,1000,1000,6500,9000,9000,7592,3841,510.0,348.1095860952335,14.126871999906143,8961.57661199959,0.0
1774174771,10,,Aggregated,14.900000,7.700000,510,530,540,550,570,1000,1000,1000,6500,9000,9000,7606,3848,510.0,348.1344156505406,14.126871999906143,8961.57661199959,0.0
1774174772,10,,Aggregated,14.400000,7.300000,510,530,540,550,570,1000,1000,1000,6500,9000,9000,7621,3855,510.0,348.10373917832453,14.126871999906143,8961.57661199959,0.0
1774174773,10,,Aggregated,14.400000,7.400000,510,530,540,550,570,1000,1000,1000,6500,9000,9000,7637,3863,510.0,348.0444953363899,14.126871999906143,8961.57661199959,0.0
1774174774,10,,Aggregated,14.400000,7.100000,510,530,540,550,570,1000,1000,1000,6500,9000,9000,7651,3870,510.0,347.9489334450411,14.126871999906143,8961.57661199959,0.0
1774174775,10,,Aggregated,14.500000,7.200000,510,530,540,550,570,1000,1000,1000,6500,9000,9000,7665,3877,510.0,347.8598952031323,14.126871999906143,8961.57661199959,0.0
1774174776,10,,Aggregated,14.600000,7.200000,510,530,540,550,570,1000,1000,1000,6500,9000,9000,7684,3886,510.0,347.7595379342804,14.126871999906143,8961.57661199959,0.0
1774174777,10,,Aggregated,14.800000,7.400000,510,530,540,550,570,1000,1000,1000,6500,9000,9000,7699,3893,510.0,347.6289028782972,14.126871999906143,8961.57661199959,0.0
1774174778,10,,Aggregated,14.800000,7.400000,510,530,540,550,570,1000,1000,1000,6500,9000,9000,7715,3901,510.0,347.57684836539323,14.126871999906143,8961.57661199959,0.0
1774174779,10,,Aggregated,14.900000,7.400000,510,530,540,550,570,1000,1000,1000,6500,9000,9000,7730,3908,510.0,347.501190542692,14.126871999906143,8961.57661199959,0.0
1774174780,10,,Aggregated,15.000000,7.400000,510,530,540,550,570,1000,1000,1000,6500,9000,9000,7745,3916,510.0,347.4910958587486,14.126871999906143,8961.57661199959,0.0
1774174781,10,,Aggregated,15.100000,7.400000,510,530,540,550,570,1000,1000,1000,6500,9000,9000,7758,3921,510.0,347.3180637684978,14.126871999906143,8961.57661199959,0.0
1774174782,10,,Aggregated,15.500000,7.600000,510,530,540,550,570,1000,1000,1000,6500,9000,9000,7775,3931,510.0,347.4061252616083,14.126871999906143,8961.57661199959,0.0
1774174783,10,,Aggregated,15.300000,7.400000,510,530,540,550,570,1000,1000,1000,6500,9000,9000,7792,3939,510.0,347.29982790734135,14.126871999906143,8961.57661199959,0.0
1774174784,10,,Aggregated,15.500000,7.600000,510,530,540,550,570,1000,1000,1000,6500,9000,9000,7807,3945,510.0,347.16285964339755,14.126871999906143,8961.57661199959,0.0
1774174785,10,,Aggregated,15.400000,7.600000,510,530,540,550,570,1000,1000,1000,6500,9000,9000,7821,3952,510.0,347.1893860046035,14.126871999906143,8961.57661199959,0.0
1774174786,10,,Aggregated,15.300000,7.500000,510,530,540,550,570,1000,1000,1000,6500,9000,9000,7838,3960,510.0,347.09594806940567,14.126871999906143,8961.57661199959,0.0
1774174787,10,,Aggregated,15.300000,7.400000,510,530,540,550,570,1000,1000,1000,6500,9000,9000,7852,3967,510.0,347.0632851781715,14.126871999906143,8961.57661199959,0.0
1774174788,10,,Aggregated,15.600000,7.500000,510,530,540,550,570,1000,1000,1000,6500,9000,9000,7868,3976,510.0,347.01825510282185,14.126871999906143,8961.57661199959,0.0
1774174789,10,,Aggregated,15.400000,7.400000,510,530,540,550,570,1000,1000,1000,6500,9000,9000,7884,3984,510.0,346.90774195535306,14.126871999906143,8961.57661199959,0.0
1774174790,10,,Aggregated,15.200000,7.400000,510,530,540,550,570,1000,1000,1000,6500,9000,9000,7898,3991,510.0,346.8127117148651,14.126871999906143,8961.57661199959,0.0
1774174791,10,,Aggregated,15.500000,7.500000,510,530,540,550,570,1000,1000,1000,6500,9000,9000,7913,3998,510.0,346.7492718138511,14.126871999906143,8961.57661199959,0.0
1774174792,10,,Aggregated,15.100000,7.400000,510,530,540,550,570,1000,1000,1000,6500,9000,9000,7929,4006,510.0,346.65480734947727,14.126871999906143,8961.57661199959,0.0
1774174793,10,,Aggregated,15.300000,7.500000,510,530,540,550,570,1000,1000,1000,6500,9000,9000,7946,4015,510.0,346.64752603989484,14.126871999906143,8961.57661199959,0.0
1774174794,10,,Aggregated,15.400000,7.600000,510,530,540,550,570,1000,1000,1000,6500,9000,9000,7960,4022,510.0,346.63879590992514,14.126871999906143,8961.57661199959,0.0
1774174795,10,,Aggregated,15.500000,7.600000,510,530,540,550,570,1000,1000,1000,6500,9000,9000,7974,4030,510.0,346.6146249591178,14.126871999906143,8961.57661199959,0.0
1774174796,10,,Aggregated,15.300000,7.600000,510,530,540,550,570,1000,1000,1000,6500,9000,9000,7988,4036,510.0,346.51302424161315,14.126871999906143,8961.57661199959,0.0
1774174797,10,,Aggregated,15.300000,7.700000,510,530,540,550,570,1000,1000,1000,6300,9000,9000,8001,4042,510.0,346.56617394363263,14.126871999906143,8961.57661199959,0.0
1774174798,10,,Aggregated,15.000000,7.500000,510,530,540,550,570,1000,1000,1000,6300,9000,9000,8017,4050,510.0,346.667249259948,14.126871999906143,8961.57661199959,0.0
1774174799,10,,Aggregated,14.900000,7.500000,510,530,540,550,570,1000,1000,1000,6300,9000,9000,8032,4058,510.0,346.6609913230825,14.126871999906143,8961.57661199959,0.0
1774174800,10,,Aggregated,15.000000,7.400000,510,530,540,550,570,1000,1000,1000,6300,9000,9000,8046,4065,510.0,346.56556392990325,14.126871999906143,8961.57661199959,0.0
1774174801,10,,Aggregated,14.700000,7.400000,510,530,540,550,570,1000,1000,1000,6300,9000,9000,8062,4072,510.0,346.40486947283586,14.126871999906143,8961.57661199959,0.0
1774174802,10,,Aggregated,14.700000,7.400000,510,530,540,550,570,1000,1000,1000,6300,9000,9000,8077,4081,510.0,346.4152550035907,14.126871999906143,8961.57661199959,0.0
1774174803,10,,Aggregated,14.600000,7.300000,510,530,540,550,570,1000,1000,1000,6300,9000,9000,8091,4086,510.0,346.28003960289215,14.126871999906143,8961.57661199959,0.0
1774174804,10,,Aggregated,14.700000,7.400000,510,530,540,550,570,1000,1000,1000,6300,9000,9000,8106,4093,510.0,346.3232164116704,14.126871999906143,8961.57661199959,0.0
1774174805,10,,Aggregated,14.700000,7.400000,510,530,540,550,570,1000,1000,1000,6300,9000,9000,8125,4104,510.0,346.3510268441847,14.126871999906143,8961.57661199959,0.0
1774174806,10,,Aggregated,14.800000,7.300000,510,530,540,550,570,1000,1000,1000,6300,9000,9000,8139,4110,510.0,346.26305441872483,14.126871999906143,8961.57661199959,0.0
1774174807,10,,Aggregated,14.700000,7.300000,510,530,540,550,570,1000,1000,1000,6300,9000,9000,8153,4117,510.0,346.30604418753825,14.126871999906143,8961.57661199959,0.0
1774174808,10,,Aggregated,14.900000,7.400000,510,530,540,550,570,1000,1000,1000,6300,9000,9000,8168,4124,510.0,346.19022379627836,14.126871999906143,8961.57661199959,0.0
1774174809,10,,Aggregated,14.900000,7.300000,510,530,540,550,570,1000,1000,1000,6300,9000,9000,8183,4131,510.0,346.1245396720033,14.126871999906143,8961.57661199959,0.0
1774174810,10,,Aggregated,14.900000,7.400000,510,530,540,550,570,1000,1000,1000,6300,9000,9000,8199,4139,510.0,346.0254029092574,14.126871999906143,8961.57661199959,0.0
1774174811,10,,Aggregated,15.000000,7.300000,510,530,540,550,570,1000,1000,1000,6300,9000,9000,8215,4148,510.0,346.1086489939141,14.126871999906143,8961.57661199959,0.0
1774174812,10,,Aggregated,15.200000,7.300000,510,530,540,550,570,1000,1000,1000,6300,9000,9000,8230,4155,510.0,345.9965962385181,14.126871999906143,8961.57661199959,0.0
1774174813,10,,Aggregated,15.400000,7.500000,510,530,540,550,570,1000,1000,1000,6300,9000,9000,8244,4161,510.0,345.8450741794035,14.126871999906143,8961.57661199959,0.0
1774174814,10,,Aggregated,15.100000,7.400000,510,530,540,550,570,1000,1000,1000,6300,9000,9000,8258,4168,510.0,345.8835089870431,14.126871999906143,8961.57661199959,0.0
1774174815,10,,Aggregated,15.100000,7.300000,510,530,540,550,570,1000,1000,1000,6300,9000,9000,8273,4175,510.0,345.76148926749676,14.126871999906143,8961.57661199959,0.0
1774174816,10,,Aggregated,15.000000,7.300000,510,530,540,550,570,1000,1000,1000,6300,9000,9000,8288,4181,510.0,345.64335056141397,14.126871999906143,8961.57661199959,0.0
1774174817,10,,Aggregated,14.800000,7.100000,510,530,540,550,570,1000,1000,1000,6300,9000,9000,8301,4187,510.0,345.5906825926994,14.126871999906143,8961.57661199959,0.0
1774174818,10,,Aggregated,14.800000,7.000000,510,530,540,550,570,1000,1000,1000,6300,9000,9000,8319,4196,510.0,345.64755506503144,14.126871999906143,8961.57661199959,0.0
1774174819,10,,Aggregated,14.900000,7.100000,510,530,540,550,570,1000,1000,1000,6300,9000,9000,8333,4202,510.0,345.6161512030479,14.126871999906143,8961.57661199959,0.0
1774174820,10,,Aggregated,14.800000,7.000000,510,530,540,550,570,1000,1000,1000,6300,9000,9000,8348,4209,510.0,345.6076690542644,14.126871999906143,8961.57661199959,0.0
1774174821,10,,Aggregated,15.000000,7.200000,510,530,540,550,570,1000,1000,1000,6300,9000,9000,8363,4218,510.0,345.6510595709672,14.126871999906143,8961.57661199959,0.0
1774174822,10,,Aggregated,14.900000,7.100000,510,530,540,550,570,1000,1000,1000,6300,9000,9000,8377,4225,510.0,345.6750281456368,14.126871999906143,8961.57661199959,0.0
1774174824,10,,Aggregated,14.800000,6.900000,510,530,540,550,570,1000,1000,1000,6300,9000,9000,8391,4232,510.0,345.59227475533277,14.126871999906143,8961.57661199959,0.0
1774174825,10,,Aggregated,14.800000,7.000000,510,530,540,550,570,1000,1000,1000,6300,9000,9000,8406,4239,510.0,345.4687992864618,14.126871999906143,8961.57661199959,0.0
1774174826,10,,Aggregated,14.600000,7.000000,510,530,540,550,570,1000,1000,1000,6300,9000,9000,8421,4246,510.0,345.5091513851084,14.126871999906143,8961.57661199959,0.0
1774174827,10,,Aggregated,14.700000,7.100000,510,530,540,550,570,1000,1000,1000,6300,9000,9000,8435,4253,510.0,345.5312681218729,14.126871999906143,8961.57661199959,0.0
1774174828,10,,Aggregated,14.800000,7.100000,510,530,540,550,570,1000,1000,1000,6300,9000,9000,8452,4261,510.0,345.45220863582585,14.126871999906143,8961.57661199959,0.0
1774174829,10,,Aggregated,14.700000,7.100000,510,530,540,550,570,1000,1000,1000,6300,9000,9000,8467,4268,510.0,345.39073662666857,14.126871999906143,8961.57661199959,0.0
1774174830,10,,Aggregated,14.700000,7.200000,510,530,540,550,570,1000,1000,1000,6300,9000,9000,8481,4275,510.0,345.3134154258934,14.126871999906143,8961.57661199959,0.0
1774174831,10,,Aggregated,15.000000,7.400000,510,530,540,550,570,1000,1000,1000,6300,9000,9000,8495,4282,510.0,345.28167907427894,14.126871999906143,8961.57661199959,0.0
1774174832,10,,Aggregated,14.800000,7.200000,510,530,540,550,570,1000,1000,1000,6300,9000,9000,8507,4287,510.0,345.16025482461487,14.126871999906143,8961.57661199959,0.0
1774174833,10,,Aggregated,14.700000,7.300000,510,530,540,550,570,1000,1000,1000,6300,9000,9000,8523,4295,510.0,345.1714912286751,14.126871999906143,8961.57661199959,0.0
1774174834,10,,Aggregated,14.700000,7.300000,510,530,540,550,570,1000,1000,1000,6300,9000,9000,8538,4303,510.0,345.22128349988276,14.126871999906143,8961.57661199959,0.0
1774174835,10,,Aggregated,14.400000,6.900000,510,530,540,550,570,1000,1000,1000,6300,9000,9000,8553,4309,510.0,345.09842131953684,14.126871999906143,8961.57661199959,0.0
1774174836,10,,Aggregated,14.500000,6.900000,510,530,540,550,570,1000,1000,1000,6300,9000,9000,8568,4316,510.0,345.03054633963575,14.126871999906143,8961.57661199959,0.0
1774174837,10,,Aggregated,14.700000,7.100000,510,530,540,550,570,1000,1000,1000,6300,9000,9000,8584,4324,510.0,345.08780067660746,14.126871999906143,8961.57661199959,0.0
1774174838,10,,Aggregated,14.700000,7.000000,510,530,540,550,570,1000,1000,1000,6300,9000,9000,8600,4331,510.0,345.0474894859298,14.126871999906143,8961.57661199959,0.0
