Method,Name,Error,Occurrences
FANOUT,K75,Exception('timeout_or_slo_miss: completed=45/75 errors=30 elapsed_ms=1013.5'),1
FANOUT,K75,Exception('timeout_or_slo_miss: completed=53/75 errors=22 elapsed_ms=1008.9'),2
FANOUT,K75,Exception('timeout_or_slo_miss: completed=45/75 errors=30 elapsed_ms=1022.6'),1
FANOUT,K75,Exception('timeout_or_slo_miss: completed=49/75 errors=26 elapsed_ms=1031.2'),1
FANOUT,K75,Exception('timeout_or_slo_miss: completed=48/75 errors=27 elapsed_ms=1016.9'),1
FANOUT,K75,Exception('timeout_or_slo_miss: completed=53/75 errors=22 elapsed_ms=1003.5'),1
FANOUT,K75,Exception('timeout_or_slo_miss: completed=50/75 errors=25 elapsed_ms=1019.5'),1
FANOUT,K75,Exception('timeout_or_slo_miss: completed=45/75 errors=30 elapsed_ms=1018.3'),1
FANOUT,K75,Exception('timeout_or_slo_miss: completed=42/75 errors=33 elapsed_ms=1012.8'),1
FANOUT,K75,Exception('timeout_or_slo_miss: completed=48/75 errors=27 elapsed_ms=1009.7'),1
FANOUT,K75,Exception('timeout_or_slo_miss: completed=24/75 errors=34 elapsed_ms=9442.4'),1
FANOUT,K75,Exception('timeout_or_slo_miss: completed=44/75 errors=31 elapsed_ms=1016.3'),2
FANOUT,K75,Exception('timeout_or_slo_miss: completed=53/75 errors=22 elapsed_ms=1002.3'),9
FANOUT,K75,Exception('timeout_or_slo_miss: completed=51/75 errors=24 elapsed_ms=1012.7'),1
FANOUT,K75,Exception('timeout_or_slo_miss: completed=43/75 errors=32 elapsed_ms=1015.3'),1
FANOUT,K75,Exception('timeout_or_slo_miss: completed=48/75 errors=27 elapsed_ms=1018.9'),1
FANOUT,K75,Exception('timeout_or_slo_miss: completed=49/75 errors=26 elapsed_ms=1013.7'),2
FANOUT,K75,Exception('timeout_or_slo_miss: completed=44/75 errors=31 elapsed_ms=1015.7'),2
FANOUT,K75,Exception('timeout_or_slo_miss: completed=45/75 errors=30 elapsed_ms=1017.4'),4
FANOUT,K75,Exception('timeout_or_slo_miss: completed=51/75 errors=24 elapsed_ms=1019.7'),1
FANOUT,K75,Exception('timeout_or_slo_miss: completed=47/75 errors=28 elapsed_ms=1012.5'),5
FANOUT,K75,Exception('timeout_or_slo_miss: completed=53/75 errors=22 elapsed_ms=1018.6'),1
FANOUT,K75,Exception('timeout_or_slo_miss: completed=53/75 errors=22 elapsed_ms=1439.1'),1
FANOUT,K75,Exception('timeout_or_slo_miss: completed=39/75 errors=36 elapsed_ms=1026.1'),1
FANOUT,K75,Exception('timeout_or_slo_miss: completed=45/75 errors=30 elapsed_ms=1022.0'),3
FANOUT,K75,Exception('timeout_or_slo_miss: completed=43/75 errors=32 elapsed_ms=1018.8'),1
FANOUT,K75,Exception('timeout_or_slo_miss: completed=49/75 errors=26 elapsed_ms=1007.5'),2
FANOUT,K75,Exception('timeout_or_slo_miss: completed=52/75 errors=23 elapsed_ms=1001.5'),1
FANOUT,K75,Exception('timeout_or_slo_miss: completed=45/75 errors=30 elapsed_ms=1021.3'),3
FANOUT,K75,Exception('timeout_or_slo_miss: completed=47/75 errors=28 elapsed_ms=1021.7'),2
FANOUT,K75,Exception('timeout_or_slo_miss: completed=48/75 errors=27 elapsed_ms=1022.0'),2
FANOUT,K75,Exception('timeout_or_slo_miss: completed=45/75 errors=30 elapsed_ms=1013.7'),4
FANOUT,K75,Exception('timeout_or_slo_miss: completed=40/75 errors=35 elapsed_ms=1024.2'),1
FANOUT,K75,Exception('timeout_or_slo_miss: completed=50/75 errors=25 elapsed_ms=1006.6'),3
FANOUT,K75,Exception('timeout_or_slo_miss: completed=44/75 errors=31 elapsed_ms=1012.2'),1
FANOUT,K75,Exception('timeout_or_slo_miss: completed=51/75 errors=24 elapsed_ms=1012.1'),1
FANOUT,K75,Exception('timeout_or_slo_miss: completed=51/75 errors=24 elapsed_ms=1019.4'),2
FANOUT,K75,Exception('timeout_or_slo_miss: completed=52/75 errors=23 elapsed_ms=1012.0'),2
FANOUT,K75,Exception('timeout_or_slo_miss: completed=41/75 errors=29 elapsed_ms=1544.8'),1
FANOUT,K75,Exception('timeout_or_slo_miss: completed=51/75 errors=24 elapsed_ms=1005.6'),3
FANOUT,K75,Exception('timeout_or_slo_miss: completed=48/75 errors=27 elapsed_ms=1015.9'),2
FANOUT,K75,Exception('timeout_or_slo_miss: completed=47/75 errors=28 elapsed_ms=1012.6'),2
FANOUT,K75,Exception('timeout_or_slo_miss: completed=49/75 errors=26 elapsed_ms=1005.7'),3
FANOUT,K75,Exception('timeout_or_slo_miss: completed=54/75 errors=21 elapsed_ms=1000.9'),1
FANOUT,K75,Exception('timeout_or_slo_miss: completed=53/75 errors=22 elapsed_ms=1004.1'),1
FANOUT,K75,Exception('timeout_or_slo_miss: completed=49/75 errors=26 elapsed_ms=1006.4'),5
FANOUT,K75,Exception('timeout_or_slo_miss: completed=53/75 errors=22 elapsed_ms=1010.8'),1
FANOUT,K75,Exception('timeout_or_slo_miss: completed=46/75 errors=29 elapsed_ms=1022.4'),1
FANOUT,K75,Exception('timeout_or_slo_miss: completed=47/75 errors=28 elapsed_ms=1014.4'),3
FANOUT,K75,Exception('timeout_or_slo_miss: completed=39/75 errors=36 elapsed_ms=1019.2'),1
FANOUT,K75,Exception('timeout_or_slo_miss: completed=43/75 errors=32 elapsed_ms=1012.2'),1
FANOUT,K75,Exception('timeout_or_slo_miss: completed=48/75 errors=27 elapsed_ms=1010.8'),2
FANOUT,K75,Exception('timeout_or_slo_miss: completed=52/75 errors=23 elapsed_ms=1015.2'),1
FANOUT,K75,Exception('timeout_or_slo_miss: completed=42/75 errors=33 elapsed_ms=1011.1'),1
FANOUT,K75,Exception('timeout_or_slo_miss: completed=50/75 errors=25 elapsed_ms=1012.9'),2
FANOUT,K75,Exception('timeout_or_slo_miss: completed=54/75 errors=21 elapsed_ms=1001.3'),2
FANOUT,K75,Exception('timeout_or_slo_miss: completed=43/75 errors=32 elapsed_ms=1019.4'),2
FANOUT,K75,Exception('timeout_or_slo_miss: completed=52/75 errors=23 elapsed_ms=1004.8'),3
FANOUT,K75,Exception('timeout_or_slo_miss: completed=43/75 errors=32 elapsed_ms=1014.4'),2
FANOUT,K75,Exception('timeout_or_slo_miss: completed=49/75 errors=26 elapsed_ms=1019.1'),1
FANOUT,K75,Exception('timeout_or_slo_miss: completed=46/75 errors=29 elapsed_ms=1023.2'),1
FANOUT,K75,Exception('timeout_or_slo_miss: completed=50/75 errors=25 elapsed_ms=1011.9'),3
FANOUT,K75,Exception('timeout_or_slo_miss: completed=43/75 errors=32 elapsed_ms=1023.2'),1
FANOUT,K75,Exception('timeout_or_slo_miss: completed=49/75 errors=26 elapsed_ms=1046.9'),1
FANOUT,K75,Exception('timeout_or_slo_miss: completed=49/75 errors=26 elapsed_ms=1015.2'),2
FANOUT,K75,Exception('timeout_or_slo_miss: completed=54/75 errors=21 elapsed_ms=1001.9'),7
FANOUT,K75,Exception('timeout_or_slo_miss: completed=48/75 errors=27 elapsed_ms=1009.4'),1
FANOUT,K75,Exception('timeout_or_slo_miss: completed=48/75 errors=27 elapsed_ms=1011.9'),5
FANOUT,K75,Exception('timeout_or_slo_miss: completed=45/75 errors=30 elapsed_ms=1012.0'),1
FANOUT,K75,Exception('timeout_or_slo_miss: completed=48/75 errors=27 elapsed_ms=1010.3'),3
FANOUT,K75,Exception('timeout_or_slo_miss: completed=49/75 errors=26 elapsed_ms=1014.3'),2
FANOUT,K75,Exception('timeout_or_slo_miss: completed=49/75 errors=26 elapsed_ms=1006.9'),1
FANOUT,K75,Exception('timeout_or_slo_miss: completed=54/75 errors=21 elapsed_ms=1003.7'),4
FANOUT,K75,Exception('timeout_or_slo_miss: completed=41/75 errors=34 elapsed_ms=1035.3'),1
FANOUT,K75,Exception('timeout_or_slo_miss: completed=48/75 errors=27 elapsed_ms=1029.6'),1
FANOUT,K75,Exception('timeout_or_slo_miss: completed=24/75 errors=38 elapsed_ms=11023.7'),1
FANOUT,K75,Exception('timeout_or_slo_miss: completed=45/75 errors=30 elapsed_ms=1011.9'),2
FANOUT,K75,Exception('timeout_or_slo_miss: completed=50/75 errors=25 elapsed_ms=1007.5'),1
FANOUT,K75,Exception('timeout_or_slo_miss: completed=49/75 errors=26 elapsed_ms=1013.4'),4
FANOUT,K75,Exception('timeout_or_slo_miss: completed=47/75 errors=28 elapsed_ms=1008.5'),1
FANOUT,K75,Exception('timeout_or_slo_miss: completed=50/75 errors=25 elapsed_ms=1012.6'),2
FANOUT,K75,Exception('timeout_or_slo_miss: completed=45/75 errors=30 elapsed_ms=1020.2'),1
FANOUT,K75,Exception('timeout_or_slo_miss: completed=41/75 errors=34 elapsed_ms=1018.5'),1
FANOUT,K75,Exception('timeout_or_slo_miss: completed=51/75 errors=24 elapsed_ms=1007.6'),7
FANOUT,K75,Exception('timeout_or_slo_miss: completed=51/75 errors=24 elapsed_ms=1006.0'),3
FANOUT,K75,Exception('timeout_or_slo_miss: completed=46/75 errors=29 elapsed_ms=1020.3'),1
FANOUT,K75,Exception('timeout_or_slo_miss: completed=44/75 errors=31 elapsed_ms=1019.9'),1
FANOUT,K75,Exception('timeout_or_slo_miss: completed=52/75 errors=23 elapsed_ms=1006.1'),1
FANOUT,K75,Exception('timeout_or_slo_miss: completed=51/75 errors=24 elapsed_ms=1002.8'),2
FANOUT,K75,Exception('timeout_or_slo_miss: completed=45/75 errors=30 elapsed_ms=1017.6'),1
FANOUT,K75,Exception('timeout_or_slo_miss: completed=42/75 errors=33 elapsed_ms=1020.9'),1
FANOUT,K75,Exception('timeout_or_slo_miss: completed=51/75 errors=24 elapsed_ms=1002.4'),2
FANOUT,K75,Exception('timeout_or_slo_miss: completed=51/75 errors=24 elapsed_ms=1015.6'),2
FANOUT,K75,Exception('timeout_or_slo_miss: completed=54/75 errors=21 elapsed_ms=1007.7'),1
FANOUT,K75,Exception('timeout_or_slo_miss: completed=54/75 errors=21 elapsed_ms=1004.2'),4
FANOUT,K75,Exception('timeout_or_slo_miss: completed=51/75 errors=24 elapsed_ms=1009.7'),4
FANOUT,K75,Exception('timeout_or_slo_miss: completed=46/75 errors=29 elapsed_ms=1020.2'),1
FANOUT,K75,Exception('timeout_or_slo_miss: completed=49/75 errors=26 elapsed_ms=1028.1'),1
FANOUT,K75,Exception('timeout_or_slo_miss: completed=51/75 errors=24 elapsed_ms=1003.0'),1
FANOUT,K75,Exception('timeout_or_slo_miss: completed=52/75 errors=23 elapsed_ms=1008.2'),3
FANOUT,K75,Exception('timeout_or_slo_miss: completed=51/75 errors=24 elapsed_ms=1002.7'),4
FANOUT,K75,Exception('timeout_or_slo_miss: completed=48/75 errors=27 elapsed_ms=1016.1'),3
FANOUT,K75,Exception('timeout_or_slo_miss: completed=50/75 errors=25 elapsed_ms=1010.6'),2
FANOUT,K75,Exception('timeout_or_slo_miss: completed=45/75 errors=30 elapsed_ms=1015.7'),3
FANOUT,K75,Exception('timeout_or_slo_miss: completed=46/75 errors=29 elapsed_ms=1016.3'),2
FANOUT,K75,Exception('timeout_or_slo_miss: completed=39/75 errors=36 elapsed_ms=1033.3'),1
FANOUT,K75,Exception('timeout_or_slo_miss: completed=47/75 errors=28 elapsed_ms=1014.8'),1
FANOUT,K75,Exception('timeout_or_slo_miss: completed=54/75 errors=21 elapsed_ms=1006.2'),3
FANOUT,K75,Exception('timeout_or_slo_miss: completed=50/75 errors=25 elapsed_ms=1016.9'),1
FANOUT,K75,Exception('timeout_or_slo_miss: completed=50/75 errors=25 elapsed_ms=1008.3'),3
FANOUT,K75,Exception('timeout_or_slo_miss: completed=49/75 errors=26 elapsed_ms=1016.7'),1
FANOUT,K75,Exception('timeout_or_slo_miss: completed=52/75 errors=23 elapsed_ms=1002.1'),2
FANOUT,K75,Exception('timeout_or_slo_miss: completed=42/75 errors=33 elapsed_ms=1023.9'),1
FANOUT,K75,Exception('timeout_or_slo_miss: completed=48/75 errors=27 elapsed_ms=1016.4'),1
FANOUT,K75,Exception('timeout_or_slo_miss: completed=48/75 errors=27 elapsed_ms=1010.7'),1
FANOUT,K75,Exception('timeout_or_slo_miss: completed=47/75 errors=28 elapsed_ms=1019.6'),2
FANOUT,K75,Exception('timeout_or_slo_miss: completed=53/75 errors=22 elapsed_ms=1006.3'),2
FANOUT,K75,Exception('timeout_or_slo_miss: completed=54/75 errors=21 elapsed_ms=1012.0'),1
FANOUT,K75,Exception('timeout_or_slo_miss: completed=46/75 errors=29 elapsed_ms=1017.7'),1
FANOUT,K75,Exception('timeout_or_slo_miss: completed=45/75 errors=30 elapsed_ms=1016.3'),3
FANOUT,K75,Exception('timeout_or_slo_miss: completed=51/75 errors=24 elapsed_ms=1008.7'),6
FANOUT,K75,Exception('timeout_or_slo_miss: completed=44/75 errors=31 elapsed_ms=1016.9'),1
FANOUT,K75,Exception('timeout_or_slo_miss: completed=43/75 errors=32 elapsed_ms=1025.3'),1
FANOUT,K75,Exception('timeout_or_slo_miss: completed=46/75 errors=29 elapsed_ms=1018.7'),3
FANOUT,K75,Exception('timeout_or_slo_miss: completed=44/75 errors=31 elapsed_ms=1022.1'),1
FANOUT,K75,Exception('timeout_or_slo_miss: completed=50/75 errors=25 elapsed_ms=1006.9'),2
FANOUT,K75,Exception('timeout_or_slo_miss: completed=54/75 errors=21 elapsed_ms=1001.1'),1
FANOUT,K75,Exception('timeout_or_slo_miss: completed=45/75 errors=30 elapsed_ms=1017.3'),5
FANOUT,K75,Exception('timeout_or_slo_miss: completed=48/75 errors=27 elapsed_ms=1014.7'),3
FANOUT,K75,Exception('timeout_or_slo_miss: completed=47/75 errors=28 elapsed_ms=1016.4'),1
FANOUT,K75,Exception('timeout_or_slo_miss: completed=24/75 errors=47 elapsed_ms=5261.1'),1
FANOUT,K75,Exception('timeout_or_slo_miss: completed=44/75 errors=31 elapsed_ms=1012.7'),1
FANOUT,K75,Exception('timeout_or_slo_miss: completed=52/75 errors=23 elapsed_ms=1011.6'),1
FANOUT,K75,Exception('timeout_or_slo_miss: completed=49/75 errors=26 elapsed_ms=1007.0'),1
FANOUT,K75,Exception('timeout_or_slo_miss: completed=41/75 errors=34 elapsed_ms=1019.8'),1
FANOUT,K75,Exception('timeout_or_slo_miss: completed=38/75 errors=37 elapsed_ms=1027.7'),1
FANOUT,K75,Exception('timeout_or_slo_miss: completed=49/75 errors=26 elapsed_ms=1014.4'),1
FANOUT,K75,Exception('timeout_or_slo_miss: completed=42/75 errors=33 elapsed_ms=1013.0'),1
FANOUT,K75,Exception('timeout_or_slo_miss: completed=47/75 errors=28 elapsed_ms=1007.1'),1
FANOUT,K75,Exception('timeout_or_slo_miss: completed=49/75 errors=26 elapsed_ms=1011.4'),3
FANOUT,K75,Exception('timeout_or_slo_miss: completed=47/75 errors=28 elapsed_ms=1021.0'),1
FANOUT,K75,Exception('timeout_or_slo_miss: completed=40/75 errors=35 elapsed_ms=1019.6'),1
FANOUT,K75,Exception('timeout_or_slo_miss: completed=49/75 errors=26 elapsed_ms=1007.1'),1
FANOUT,K75,Exception('timeout_or_slo_miss: completed=51/75 errors=24 elapsed_ms=1015.7'),1
FANOUT,K75,Exception('timeout_or_slo_miss: completed=50/75 errors=25 elapsed_ms=1007.9'),4
FANOUT,K75,Exception('timeout_or_slo_miss: completed=51/75 errors=24 elapsed_ms=1004.2'),2
FANOUT,K75,Exception('timeout_or_slo_miss: completed=53/75 errors=22 elapsed_ms=1013.2'),1
FANOUT,K75,Exception('timeout_or_slo_miss: completed=51/75 errors=24 elapsed_ms=1005.1'),2
FANOUT,K75,Exception('timeout_or_slo_miss: completed=48/75 errors=27 elapsed_ms=1008.6'),2
FANOUT,K75,Exception('timeout_or_slo_miss: completed=42/75 errors=33 elapsed_ms=1038.3'),1
FANOUT,K75,Exception('timeout_or_slo_miss: completed=48/75 errors=27 elapsed_ms=1016.3'),1
FANOUT,K75,Exception('timeout_or_slo_miss: completed=40/75 errors=35 elapsed_ms=1018.9'),2
FANOUT,K75,Exception('timeout_or_slo_miss: completed=46/75 errors=29 elapsed_ms=1019.2'),1
FANOUT,K75,Exception('timeout_or_slo_miss: completed=51/75 errors=24 elapsed_ms=1011.5'),2
FANOUT,K75,Exception('timeout_or_slo_miss: completed=42/75 errors=33 elapsed_ms=1014.5'),1
FANOUT,K75,Exception('timeout_or_slo_miss: completed=46/75 errors=29 elapsed_ms=1015.4'),3
FANOUT,K75,Exception('timeout_or_slo_miss: completed=46/75 errors=29 elapsed_ms=1017.5'),3
FANOUT,K75,Exception('timeout_or_slo_miss: completed=46/75 errors=29 elapsed_ms=1025.3'),1
FANOUT,K75,Exception('timeout_or_slo_miss: completed=53/75 errors=22 elapsed_ms=1005.6'),2
FANOUT,K75,Exception('timeout_or_slo_miss: completed=48/75 errors=27 elapsed_ms=1023.5'),1
FANOUT,K75,Exception('timeout_or_slo_miss: completed=41/75 errors=34 elapsed_ms=1025.4'),1
FANOUT,K75,Exception('timeout_or_slo_miss: completed=51/75 errors=24 elapsed_ms=1009.0'),4
FANOUT,K75,Exception('timeout_or_slo_miss: completed=44/75 errors=31 elapsed_ms=1012.3'),1
FANOUT,K75,Exception('timeout_or_slo_miss: completed=49/75 errors=26 elapsed_ms=1021.0'),1
FANOUT,K75,Exception('timeout_or_slo_miss: completed=49/75 errors=26 elapsed_ms=1011.5'),4
FANOUT,K75,Exception('timeout_or_slo_miss: completed=47/75 errors=28 elapsed_ms=1037.4'),1
FANOUT,K75,Exception('timeout_or_slo_miss: completed=49/75 errors=26 elapsed_ms=1008.6'),2
FANOUT,K75,Exception('timeout_or_slo_miss: completed=44/75 errors=31 elapsed_ms=1013.3'),1
FANOUT,K75,Exception('timeout_or_slo_miss: completed=48/75 errors=27 elapsed_ms=1018.0'),1
FANOUT,K75,Exception('timeout_or_slo_miss: completed=49/75 errors=26 elapsed_ms=1012.2'),3
FANOUT,K75,Exception('timeout_or_slo_miss: completed=54/75 errors=21 elapsed_ms=1003.4'),6
FANOUT,K75,Exception('timeout_or_slo_miss: completed=53/75 errors=22 elapsed_ms=1003.3'),4
FANOUT,K75,Exception('timeout_or_slo_miss: completed=53/75 errors=22 elapsed_ms=1006.0'),4
FANOUT,K75,Exception('timeout_or_slo_miss: completed=53/75 errors=22 elapsed_ms=1003.4'),7
FANOUT,K75,Exception('timeout_or_slo_miss: completed=43/75 errors=32 elapsed_ms=1014.5'),1
FANOUT,K75,Exception('timeout_or_slo_miss: completed=51/75 errors=24 elapsed_ms=1003.5'),2
FANOUT,K75,Exception('timeout_or_slo_miss: completed=41/75 errors=34 elapsed_ms=1029.5'),1
FANOUT,K75,Exception('timeout_or_slo_miss: completed=43/75 errors=32 elapsed_ms=1023.3'),2
FANOUT,K75,Exception('timeout_or_slo_miss: completed=48/75 errors=27 elapsed_ms=1024.5'),1
FANOUT,K75,Exception('timeout_or_slo_miss: completed=54/75 errors=21 elapsed_ms=1004.3'),2
FANOUT,K75,Exception('timeout_or_slo_miss: completed=38/75 errors=37 elapsed_ms=1020.7'),1
FANOUT,K75,Exception('timeout_or_slo_miss: completed=40/75 errors=35 elapsed_ms=1022.5'),1
FANOUT,K75,Exception('timeout_or_slo_miss: completed=54/75 errors=21 elapsed_ms=1029.6'),1
FANOUT,K75,Exception('timeout_or_slo_miss: completed=51/75 errors=24 elapsed_ms=1008.6'),4
FANOUT,K75,Exception('timeout_or_slo_miss: completed=43/75 errors=32 elapsed_ms=1009.5'),1
FANOUT,K75,Exception('timeout_or_slo_miss: completed=43/75 errors=32 elapsed_ms=1012.3'),1
FANOUT,K75,Exception('timeout_or_slo_miss: completed=48/75 errors=27 elapsed_ms=1012.2'),1
FANOUT,K75,Exception('timeout_or_slo_miss: completed=46/75 errors=29 elapsed_ms=1017.1'),2
FANOUT,K75,Exception('timeout_or_slo_miss: completed=47/75 errors=28 elapsed_ms=1015.1'),2
FANOUT,K75,Exception('timeout_or_slo_miss: completed=48/75 errors=27 elapsed_ms=1012.3'),3
FANOUT,K75,Exception('timeout_or_slo_miss: completed=45/75 errors=30 elapsed_ms=1022.3'),1
FANOUT,K75,Exception('timeout_or_slo_miss: completed=47/75 errors=28 elapsed_ms=1014.7'),4
FANOUT,K75,Exception('timeout_or_slo_miss: completed=42/75 errors=33 elapsed_ms=1022.6'),1
FANOUT,K75,Exception('timeout_or_slo_miss: completed=52/75 errors=23 elapsed_ms=1004.6'),2
FANOUT,K75,Exception('timeout_or_slo_miss: completed=50/75 errors=25 elapsed_ms=1009.0'),3
FANOUT,K75,Exception('timeout_or_slo_miss: completed=48/75 errors=27 elapsed_ms=1025.4'),1
FANOUT,K75,Exception('timeout_or_slo_miss: completed=49/75 errors=26 elapsed_ms=1009.6'),2
FANOUT,K75,Exception('timeout_or_slo_miss: completed=51/75 errors=24 elapsed_ms=1003.9'),1
FANOUT,K75,Exception('timeout_or_slo_miss: completed=48/75 errors=27 elapsed_ms=1015.7'),2
FANOUT,K75,Exception('timeout_or_slo_miss: completed=41/75 errors=34 elapsed_ms=1019.0'),1
FANOUT,K75,Exception('timeout_or_slo_miss: completed=53/75 errors=22 elapsed_ms=1010.2'),1
FANOUT,K75,Exception('timeout_or_slo_miss: completed=43/75 errors=32 elapsed_ms=1017.3'),1
FANOUT,K75,Exception('timeout_or_slo_miss: completed=43/75 errors=32 elapsed_ms=1021.0'),1
FANOUT,K75,Exception('timeout_or_slo_miss: completed=45/75 errors=30 elapsed_ms=1015.3'),4
FANOUT,K75,Exception('timeout_or_slo_miss: completed=49/75 errors=26 elapsed_ms=1009.8'),4
FANOUT,K75,Exception('timeout_or_slo_miss: completed=44/75 errors=31 elapsed_ms=1010.8'),1
FANOUT,K75,Exception('timeout_or_slo_miss: completed=49/75 errors=26 elapsed_ms=1013.5'),3
FANOUT,K75,Exception('timeout_or_slo_miss: completed=51/75 errors=24 elapsed_ms=1005.9'),6
FANOUT,K75,Exception('timeout_or_slo_miss: completed=49/75 errors=26 elapsed_ms=1017.5'),2
FANOUT,K75,Exception('timeout_or_slo_miss: completed=51/75 errors=24 elapsed_ms=1012.3'),1
FANOUT,K75,Exception('timeout_or_slo_miss: completed=53/75 errors=22 elapsed_ms=1011.5'),1
FANOUT,K75,Exception('timeout_or_slo_miss: completed=47/75 errors=28 elapsed_ms=1014.2'),6
FANOUT,K75,Exception('timeout_or_slo_miss: completed=53/75 errors=22 elapsed_ms=1004.5'),2
FANOUT,K75,Exception('timeout_or_slo_miss: completed=47/75 errors=28 elapsed_ms=1016.8'),1
FANOUT,K75,Exception('timeout_or_slo_miss: completed=48/75 errors=27 elapsed_ms=1021.8'),1
FANOUT,K75,Exception('timeout_or_slo_miss: completed=52/75 errors=23 elapsed_ms=1014.7'),1
FANOUT,K75,Exception('timeout_or_slo_miss: completed=46/75 errors=29 elapsed_ms=1017.8'),1
FANOUT,K75,Exception('timeout_or_slo_miss: completed=51/75 errors=24 elapsed_ms=1011.6'),2
FANOUT,K75,Exception('timeout_or_slo_miss: completed=45/75 errors=30 elapsed_ms=1014.7'),1
FANOUT,K75,Exception('timeout_or_slo_miss: completed=53/75 errors=22 elapsed_ms=1003.7'),2
FANOUT,K75,Exception('timeout_or_slo_miss: completed=50/75 errors=25 elapsed_ms=1015.6'),1
FANOUT,K75,Exception('timeout_or_slo_miss: completed=42/75 errors=33 elapsed_ms=1024.2'),1
FANOUT,K75,Exception('timeout_or_slo_miss: completed=51/75 errors=24 elapsed_ms=1011.1'),2
FANOUT,K75,Exception('timeout_or_slo_miss: completed=43/75 errors=32 elapsed_ms=1022.2'),2
FANOUT,K75,Exception('timeout_or_slo_miss: completed=51/75 errors=24 elapsed_ms=1009.8'),6
FANOUT,K75,Exception('timeout_or_slo_miss: completed=45/75 errors=30 elapsed_ms=1059.5'),1
FANOUT,K75,Exception('timeout_or_slo_miss: completed=54/75 errors=21 elapsed_ms=1005.3'),2
FANOUT,K75,Exception('timeout_or_slo_miss: completed=53/75 errors=22 elapsed_ms=1001.7'),1
FANOUT,K75,Exception('timeout_or_slo_miss: completed=46/75 errors=29 elapsed_ms=1017.2'),5
FANOUT,K75,Exception('timeout_or_slo_miss: completed=47/75 errors=28 elapsed_ms=1007.5'),1
FANOUT,K75,Exception('timeout_or_slo_miss: completed=49/75 errors=26 elapsed_ms=1005.5'),1
FANOUT,K75,Exception('timeout_or_slo_miss: completed=45/75 errors=30 elapsed_ms=1011.6'),1
FANOUT,K75,Exception('timeout_or_slo_miss: completed=53/75 errors=22 elapsed_ms=1003.8'),5
FANOUT,K75,Exception('timeout_or_slo_miss: completed=49/75 errors=26 elapsed_ms=1013.8'),3
FANOUT,K75,Exception('timeout_or_slo_miss: completed=38/75 errors=37 elapsed_ms=1029.8'),1
FANOUT,K75,Exception('timeout_or_slo_miss: completed=48/75 errors=27 elapsed_ms=1013.0'),3
FANOUT,K75,Exception('timeout_or_slo_miss: completed=42/75 errors=33 elapsed_ms=1019.7'),1
FANOUT,K75,Exception('timeout_or_slo_miss: completed=47/75 errors=28 elapsed_ms=1018.0'),1
FANOUT,K75,Exception('timeout_or_slo_miss: completed=54/75 errors=21 elapsed_ms=1008.5'),1
FANOUT,K75,Exception('timeout_or_slo_miss: completed=40/75 errors=35 elapsed_ms=1019.3'),1
FANOUT,K75,Exception('timeout_or_slo_miss: completed=51/75 errors=24 elapsed_ms=1008.3'),3
FANOUT,K75,Exception('timeout_or_slo_miss: completed=50/75 errors=25 elapsed_ms=1005.9'),4
FANOUT,K75,Exception('timeout_or_slo_miss: completed=41/75 errors=34 elapsed_ms=1030.7'),1
FANOUT,K75,Exception('timeout_or_slo_miss: completed=42/75 errors=33 elapsed_ms=1019.9'),1
FANOUT,K75,Exception('timeout_or_slo_miss: completed=50/75 errors=25 elapsed_ms=1013.9'),1
FANOUT,K75,Exception('timeout_or_slo_miss: completed=49/75 errors=26 elapsed_ms=1017.4'),1
FANOUT,K75,Exception('timeout_or_slo_miss: completed=47/75 errors=28 elapsed_ms=1155.9'),1
FANOUT,K75,Exception('subread_error: completed=62/75 errors=13'),2
FANOUT,K75,Exception('timeout_or_slo_miss: completed=54/75 errors=21 elapsed_ms=1006.5'),4
FANOUT,K75,Exception('timeout_or_slo_miss: completed=51/75 errors=24 elapsed_ms=1011.4'),2
FANOUT,K75,Exception('timeout_or_slo_miss: completed=31/75 errors=44 elapsed_ms=1504.7'),1
FANOUT,K75,Exception('timeout_or_slo_miss: completed=51/75 errors=24 elapsed_ms=1008.5'),3
FANOUT,K75,Exception('timeout_or_slo_miss: completed=52/75 errors=23 elapsed_ms=1002.6'),5
FANOUT,K75,Exception('timeout_or_slo_miss: completed=47/75 errors=28 elapsed_ms=1019.1'),3
FANOUT,K75,Exception('timeout_or_slo_miss: completed=47/75 errors=28 elapsed_ms=1008.4'),1
FANOUT,K75,Exception('timeout_or_slo_miss: completed=50/75 errors=25 elapsed_ms=1013.3'),4
FANOUT,K75,Exception('timeout_or_slo_miss: completed=52/75 errors=23 elapsed_ms=1040.8'),1
FANOUT,K75,Exception('timeout_or_slo_miss: completed=45/75 errors=30 elapsed_ms=1011.1'),3
FANOUT,K75,Exception('timeout_or_slo_miss: completed=45/75 errors=30 elapsed_ms=1019.6'),1
FANOUT,K75,Exception('timeout_or_slo_miss: completed=46/75 errors=29 elapsed_ms=1011.5'),3
FANOUT,K75,Exception('timeout_or_slo_miss: completed=48/75 errors=27 elapsed_ms=1005.1'),1
FANOUT,K75,Exception('timeout_or_slo_miss: completed=45/75 errors=30 elapsed_ms=1017.7'),2
FANOUT,K75,Exception('timeout_or_slo_miss: completed=50/75 errors=25 elapsed_ms=1005.3'),2
FANOUT,K75,Exception('timeout_or_slo_miss: completed=49/75 errors=26 elapsed_ms=1008.1'),5
FANOUT,K75,Exception('timeout_or_slo_miss: completed=51/75 errors=24 elapsed_ms=1003.2'),2
FANOUT,K75,Exception('timeout_or_slo_miss: completed=45/75 errors=30 elapsed_ms=1016.2'),3
FANOUT,K75,Exception('timeout_or_slo_miss: completed=46/75 errors=29 elapsed_ms=1022.2'),2
FANOUT,K75,Exception('timeout_or_slo_miss: completed=44/75 errors=31 elapsed_ms=1016.1'),1
FANOUT,K75,Exception('timeout_or_slo_miss: completed=53/75 errors=22 elapsed_ms=1005.9'),2
FANOUT,K75,Exception('timeout_or_slo_miss: completed=35/75 errors=40 elapsed_ms=1042.4'),1
FANOUT,K75,Exception('timeout_or_slo_miss: completed=45/75 errors=30 elapsed_ms=1036.3'),1
FANOUT,K75,Exception('timeout_or_slo_miss: completed=47/75 errors=28 elapsed_ms=1010.1'),3
FANOUT,K75,Exception('timeout_or_slo_miss: completed=49/75 errors=11 elapsed_ms=4910.4'),1
FANOUT,K75,Exception('timeout_or_slo_miss: completed=42/75 errors=33 elapsed_ms=1020.1'),1
FANOUT,K75,Exception('timeout_or_slo_miss: completed=46/75 errors=29 elapsed_ms=1014.6'),3
FANOUT,K75,Exception('timeout_or_slo_miss: completed=44/75 errors=31 elapsed_ms=1018.0'),2
FANOUT,K75,Exception('timeout_or_slo_miss: completed=44/75 errors=31 elapsed_ms=1023.2'),1
FANOUT,K75,Exception('timeout_or_slo_miss: completed=44/75 errors=31 elapsed_ms=1018.2'),1
FANOUT,K75,Exception('timeout_or_slo_miss: completed=40/75 errors=35 elapsed_ms=1014.0'),1
FANOUT,K75,Exception('timeout_or_slo_miss: completed=46/75 errors=29 elapsed_ms=1015.7'),1
FANOUT,K75,Exception('timeout_or_slo_miss: completed=46/75 errors=29 elapsed_ms=1019.6'),2
FANOUT,K75,Exception('timeout_or_slo_miss: completed=50/75 errors=25 elapsed_ms=1010.1'),5
FANOUT,K75,Exception('timeout_or_slo_miss: completed=50/75 errors=25 elapsed_ms=1033.5'),1
FANOUT,K75,Exception('timeout_or_slo_miss: completed=41/75 errors=34 elapsed_ms=1015.0'),1
FANOUT,K75,Exception('timeout_or_slo_miss: completed=54/75 errors=21 elapsed_ms=1010.7'),1
FANOUT,K75,Exception('timeout_or_slo_miss: completed=50/75 errors=25 elapsed_ms=1012.2'),3
FANOUT,K75,Exception('timeout_or_slo_miss: completed=51/75 errors=24 elapsed_ms=1015.3'),1
FANOUT,K75,Exception('timeout_or_slo_miss: completed=44/75 errors=31 elapsed_ms=1042.7'),1
FANOUT,K75,Exception('timeout_or_slo_miss: completed=50/75 errors=25 elapsed_ms=1008.8'),2
FANOUT,K75,Exception('timeout_or_slo_miss: completed=45/75 errors=30 elapsed_ms=1010.9'),2
FANOUT,K75,Exception('timeout_or_slo_miss: completed=46/75 errors=29 elapsed_ms=1011.9'),4
FANOUT,K75,Exception('timeout_or_slo_miss: completed=47/75 errors=28 elapsed_ms=1024.0'),1
FANOUT,K75,Exception('timeout_or_slo_miss: completed=50/75 errors=25 elapsed_ms=1014.7'),1
FANOUT,K75,Exception('timeout_or_slo_miss: completed=42/75 errors=33 elapsed_ms=1010.6'),1
FANOUT,K75,Exception('timeout_or_slo_miss: completed=44/75 errors=31 elapsed_ms=1017.0'),1
FANOUT,K75,Exception('timeout_or_slo_miss: completed=49/75 errors=26 elapsed_ms=1004.9'),1
FANOUT,K75,Exception('timeout_or_slo_miss: completed=45/75 errors=30 elapsed_ms=1014.2'),2
FANOUT,K75,Exception('timeout_or_slo_miss: completed=53/75 errors=22 elapsed_ms=1005.5'),6
FANOUT,K75,Exception('timeout_or_slo_miss: completed=44/75 errors=31 elapsed_ms=1023.0'),1
FANOUT,K75,Exception('timeout_or_slo_miss: completed=51/75 errors=24 elapsed_ms=1004.0'),2
FANOUT,K75,Exception('timeout_or_slo_miss: completed=42/75 errors=33 elapsed_ms=1019.1'),1
FANOUT,K75,Exception('timeout_or_slo_miss: completed=47/75 errors=28 elapsed_ms=1013.6'),5
FANOUT,K75,Exception('timeout_or_slo_miss: completed=48/75 errors=27 elapsed_ms=1012.8'),8
FANOUT,K75,Exception('timeout_or_slo_miss: completed=45/75 errors=30 elapsed_ms=1017.1'),1
FANOUT,K75,Exception('timeout_or_slo_miss: completed=41/75 errors=34 elapsed_ms=1017.7'),1
FANOUT,K75,Exception('timeout_or_slo_miss: completed=49/75 errors=26 elapsed_ms=1009.4'),5
FANOUT,K75,Exception('timeout_or_slo_miss: completed=50/75 errors=25 elapsed_ms=1004.3'),1
FANOUT,K75,Exception('timeout_or_slo_miss: completed=49/75 errors=26 elapsed_ms=1005.4'),2
FANOUT,K75,Exception('timeout_or_slo_miss: completed=48/75 errors=27 elapsed_ms=1009.2'),6
FANOUT,K75,Exception('timeout_or_slo_miss: completed=42/75 errors=33 elapsed_ms=1019.6'),1
FANOUT,K75,Exception('timeout_or_slo_miss: completed=45/75 errors=30 elapsed_ms=1016.0'),3
FANOUT,K75,Exception('timeout_or_slo_miss: completed=50/75 errors=25 elapsed_ms=1020.0'),1
FANOUT,K75,Exception('timeout_or_slo_miss: completed=50/75 errors=25 elapsed_ms=1005.4'),2
FANOUT,K75,Exception('timeout_or_slo_miss: completed=43/75 errors=32 elapsed_ms=1014.8'),2
FANOUT,K75,Exception('timeout_or_slo_miss: completed=54/75 errors=21 elapsed_ms=1004.6'),2
FANOUT,K75,Exception('timeout_or_slo_miss: completed=46/75 errors=29 elapsed_ms=1017.3'),3
FANOUT,K75,Exception('timeout_or_slo_miss: completed=51/75 errors=24 elapsed_ms=1011.3'),1
FANOUT,K75,Exception('timeout_or_slo_miss: completed=45/75 errors=30 elapsed_ms=1019.2'),3
FANOUT,K75,Exception('timeout_or_slo_miss: completed=52/75 errors=23 elapsed_ms=1004.9'),1
FANOUT,K75,Exception('timeout_or_slo_miss: completed=40/75 errors=35 elapsed_ms=1018.7'),1
FANOUT,K75,Exception('timeout_or_slo_miss: completed=44/75 errors=31 elapsed_ms=1019.8'),1
FANOUT,K75,Exception('timeout_or_slo_miss: completed=50/75 errors=25 elapsed_ms=1014.1'),1
FANOUT,K75,Exception('timeout_or_slo_miss: completed=46/75 errors=29 elapsed_ms=1015.0'),1
FANOUT,K75,Exception('timeout_or_slo_miss: completed=45/75 errors=30 elapsed_ms=1014.4'),3
FANOUT,K75,Exception('timeout_or_slo_miss: completed=47/75 errors=28 elapsed_ms=1036.6'),1
FANOUT,K75,Exception('timeout_or_slo_miss: completed=46/75 errors=29 elapsed_ms=1021.5'),2
FANOUT,K75,Exception('timeout_or_slo_miss: completed=40/75 errors=35 elapsed_ms=1018.2'),1
FANOUT,K75,Exception('timeout_or_slo_miss: completed=53/75 errors=22 elapsed_ms=1004.7'),3
FANOUT,K75,Exception('timeout_or_slo_miss: completed=50/75 errors=25 elapsed_ms=1003.0'),1
FANOUT,K75,Exception('timeout_or_slo_miss: completed=38/75 errors=37 elapsed_ms=1031.0'),1
FANOUT,K75,Exception('timeout_or_slo_miss: completed=49/75 errors=26 elapsed_ms=1007.8'),1
FANOUT,K75,Exception('timeout_or_slo_miss: completed=46/75 errors=29 elapsed_ms=1065.5'),1
FANOUT,K75,Exception('timeout_or_slo_miss: completed=46/75 errors=29 elapsed_ms=1012.8'),2
FANOUT,K75,Exception('timeout_or_slo_miss: completed=57/75 errors=0 elapsed_ms=1255.5'),1
FANOUT,K75,Exception('timeout_or_slo_miss: completed=43/75 errors=32 elapsed_ms=1021.8'),1
FANOUT,K75,Exception('timeout_or_slo_miss: completed=47/75 errors=28 elapsed_ms=1013.1'),3
FANOUT,K75,Exception('timeout_or_slo_miss: completed=50/75 errors=25 elapsed_ms=1018.1'),1
FANOUT,K75,Exception('timeout_or_slo_miss: completed=45/75 errors=30 elapsed_ms=1014.3'),1
FANOUT,K75,Exception('timeout_or_slo_miss: completed=51/75 errors=24 elapsed_ms=1007.7'),6
FANOUT,K75,Exception('timeout_or_slo_miss: completed=50/75 errors=25 elapsed_ms=1010.8'),6
FANOUT,K75,Exception('timeout_or_slo_miss: completed=52/75 errors=23 elapsed_ms=1003.2'),4
FANOUT,K75,Exception('timeout_or_slo_miss: completed=41/75 errors=34 elapsed_ms=1026.8'),1
FANOUT,K75,Exception('timeout_or_slo_miss: completed=23/75 errors=38 elapsed_ms=11187.9'),1
FANOUT,K75,Exception('timeout_or_slo_miss: completed=50/75 errors=25 elapsed_ms=1005.7'),1
FANOUT,K75,Exception('timeout_or_slo_miss: completed=46/75 errors=29 elapsed_ms=1008.4'),1
FANOUT,K75,Exception('timeout_or_slo_miss: completed=46/75 errors=29 elapsed_ms=1020.5'),1
FANOUT,K75,Exception('timeout_or_slo_miss: completed=50/75 errors=25 elapsed_ms=1010.2'),7
FANOUT,K75,Exception('timeout_or_slo_miss: completed=44/75 errors=31 elapsed_ms=1013.2'),1
FANOUT,K75,Exception('timeout_or_slo_miss: completed=38/75 errors=37 elapsed_ms=1023.7'),1
FANOUT,K75,Exception('timeout_or_slo_miss: completed=44/75 errors=31 elapsed_ms=1010.9'),1
FANOUT,K75,Exception('timeout_or_slo_miss: completed=51/75 errors=24 elapsed_ms=1009.6'),3
FANOUT,K75,Exception('timeout_or_slo_miss: completed=44/75 errors=31 elapsed_ms=1017.8'),1
FANOUT,K75,Exception('timeout_or_slo_miss: completed=54/75 errors=21 elapsed_ms=1005.8'),2
FANOUT,K75,Exception('timeout_or_slo_miss: completed=51/75 errors=24 elapsed_ms=1010.7'),2
FANOUT,K75,Exception('timeout_or_slo_miss: completed=54/75 errors=21 elapsed_ms=1004.1'),2
FANOUT,K75,Exception('timeout_or_slo_miss: completed=19/75 errors=36 elapsed_ms=11779.4'),1
FANOUT,K75,Exception('timeout_or_slo_miss: completed=48/75 errors=27 elapsed_ms=1009.0'),3
FANOUT,K75,Exception('timeout_or_slo_miss: completed=46/75 errors=29 elapsed_ms=1021.2'),1
FANOUT,K75,Exception('timeout_or_slo_miss: completed=53/75 errors=22 elapsed_ms=1009.2'),3
FANOUT,K75,Exception('timeout_or_slo_miss: completed=37/75 errors=22 elapsed_ms=6391.4'),1
FANOUT,K75,Exception('timeout_or_slo_miss: completed=49/75 errors=26 elapsed_ms=1016.2'),3
FANOUT,K75,Exception('timeout_or_slo_miss: completed=53/75 errors=22 elapsed_ms=1006.1'),2
FANOUT,K75,Exception('timeout_or_slo_miss: completed=51/75 errors=24 elapsed_ms=1001.9'),2
FANOUT,K75,Exception('timeout_or_slo_miss: completed=48/75 errors=27 elapsed_ms=1017.5'),1
FANOUT,K75,Exception('timeout_or_slo_miss: completed=51/75 errors=24 elapsed_ms=1013.0'),2
FANOUT,K75,Exception('timeout_or_slo_miss: completed=51/75 errors=24 elapsed_ms=1007.8'),3
FANOUT,K75,Exception('timeout_or_slo_miss: completed=52/75 errors=23 elapsed_ms=1002.0'),3
FANOUT,K75,Exception('timeout_or_slo_miss: completed=47/75 errors=28 elapsed_ms=1016.3'),2
FANOUT,K75,Exception('timeout_or_slo_miss: completed=53/75 errors=22 elapsed_ms=1008.7'),1
FANOUT,K75,Exception('timeout_or_slo_miss: completed=50/75 errors=25 elapsed_ms=1014.8'),1
FANOUT,K75,Exception('timeout_or_slo_miss: completed=44/75 errors=31 elapsed_ms=1021.4'),1
FANOUT,K75,Exception('timeout_or_slo_miss: completed=49/75 errors=26 elapsed_ms=1016.3'),1
FANOUT,K75,Exception('timeout_or_slo_miss: completed=52/75 errors=23 elapsed_ms=1018.1'),1
FANOUT,K75,Exception('timeout_or_slo_miss: completed=46/75 errors=29 elapsed_ms=1013.9'),3
FANOUT,K75,Exception('timeout_or_slo_miss: completed=51/75 errors=24 elapsed_ms=1011.7'),3
FANOUT,K75,Exception('timeout_or_slo_miss: completed=37/75 errors=38 elapsed_ms=1021.1'),1
FANOUT,K75,Exception('timeout_or_slo_miss: completed=52/75 errors=23 elapsed_ms=1007.6'),5
FANOUT,K75,Exception('timeout_or_slo_miss: completed=52/75 errors=23 elapsed_ms=1008.1'),3
FANOUT,K75,Exception('timeout_or_slo_miss: completed=49/75 errors=26 elapsed_ms=1008.7'),2
FANOUT,K75,Exception('timeout_or_slo_miss: completed=50/75 errors=25 elapsed_ms=1010.9'),9
FANOUT,K75,Exception('timeout_or_slo_miss: completed=48/75 errors=27 elapsed_ms=1006.5'),1
FANOUT,K75,Exception('timeout_or_slo_miss: completed=49/75 errors=26 elapsed_ms=1005.3'),1
FANOUT,K75,Exception('timeout_or_slo_miss: completed=43/75 errors=32 elapsed_ms=1013.9'),1
FANOUT,K75,Exception('timeout_or_slo_miss: completed=52/75 errors=23 elapsed_ms=1005.2'),6
FANOUT,K75,Exception('timeout_or_slo_miss: completed=54/75 errors=21 elapsed_ms=1001.8'),4
FANOUT,K75,Exception('timeout_or_slo_miss: completed=46/75 errors=29 elapsed_ms=1012.2'),3
FANOUT,K75,Exception('timeout_or_slo_miss: completed=51/75 errors=24 elapsed_ms=1010.6'),1
FANOUT,K75,Exception('timeout_or_slo_miss: completed=49/75 errors=26 elapsed_ms=1006.6'),3
FANOUT,K75,Exception('timeout_or_slo_miss: completed=57/75 errors=0 elapsed_ms=1467.4'),1
FANOUT,K75,Exception('timeout_or_slo_miss: completed=51/75 errors=24 elapsed_ms=1014.5'),2
FANOUT,K75,Exception('timeout_or_slo_miss: completed=53/75 errors=22 elapsed_ms=1005.7'),4
FANOUT,K75,Exception('timeout_or_slo_miss: completed=51/75 errors=24 elapsed_ms=1006.6'),2
FANOUT,K75,Exception('timeout_or_slo_miss: completed=51/75 errors=24 elapsed_ms=1009.4'),7
FANOUT,K75,Exception('timeout_or_slo_miss: completed=47/75 errors=28 elapsed_ms=1011.5'),2
FANOUT,K75,Exception('timeout_or_slo_miss: completed=49/75 errors=26 elapsed_ms=1010.0'),1
FANOUT,K75,Exception('timeout_or_slo_miss: completed=45/75 errors=30 elapsed_ms=1015.8'),3
FANOUT,K75,Exception('timeout_or_slo_miss: completed=51/75 errors=24 elapsed_ms=1007.3'),4
FANOUT,K75,Exception('timeout_or_slo_miss: completed=47/75 errors=28 elapsed_ms=1018.7'),1
FANOUT,K75,Exception('timeout_or_slo_miss: completed=53/75 errors=22 elapsed_ms=1002.1'),4
FANOUT,K75,Exception('timeout_or_slo_miss: completed=44/75 errors=31 elapsed_ms=1012.1'),1
FANOUT,K75,Exception('timeout_or_slo_miss: completed=49/75 errors=26 elapsed_ms=1020.7'),1
FANOUT,K75,Exception('subread_error: completed=61/75 errors=14'),6
FANOUT,K75,Exception('timeout_or_slo_miss: completed=51/75 errors=24 elapsed_ms=1005.7'),1
FANOUT,K75,Exception('timeout_or_slo_miss: completed=52/75 errors=23 elapsed_ms=1015.5'),1
FANOUT,K75,Exception('timeout_or_slo_miss: completed=52/75 errors=23 elapsed_ms=1009.1'),4
FANOUT,K75,Exception('timeout_or_slo_miss: completed=49/75 errors=26 elapsed_ms=1012.5'),5
FANOUT,K75,Exception('timeout_or_slo_miss: completed=35/75 errors=40 elapsed_ms=1030.3'),1
FANOUT,K75,Exception('timeout_or_slo_miss: completed=50/75 errors=25 elapsed_ms=1002.7'),1
FANOUT,K75,Exception('timeout_or_slo_miss: completed=49/75 errors=26 elapsed_ms=1010.9'),6
FANOUT,K75,Exception('timeout_or_slo_miss: completed=52/75 errors=23 elapsed_ms=1013.6'),1
FANOUT,K75,Exception('timeout_or_slo_miss: completed=48/75 errors=27 elapsed_ms=1007.3'),1
FANOUT,K75,Exception('timeout_or_slo_miss: completed=48/75 errors=27 elapsed_ms=1011.2'),3
FANOUT,K75,Exception('timeout_or_slo_miss: completed=47/75 errors=28 elapsed_ms=1014.9'),3
FANOUT,K75,Exception('timeout_or_slo_miss: completed=47/75 errors=28 elapsed_ms=1015.2'),5
FANOUT,K75,Exception('timeout_or_slo_miss: completed=46/75 errors=29 elapsed_ms=1014.0'),3
FANOUT,K75,Exception('timeout_or_slo_miss: completed=46/75 errors=29 elapsed_ms=1016.1'),4
FANOUT,K75,Exception('timeout_or_slo_miss: completed=47/75 errors=28 elapsed_ms=1004.7'),1
FANOUT,K75,Exception('timeout_or_slo_miss: completed=51/75 errors=24 elapsed_ms=1009.1'),6
FANOUT,K75,Exception('timeout_or_slo_miss: completed=51/75 errors=24 elapsed_ms=1004.7'),3
FANOUT,K75,Exception('subread_error: completed=59/75 errors=16'),30
FANOUT,K75,Exception('timeout_or_slo_miss: completed=41/75 errors=34 elapsed_ms=1026.6'),1
FANOUT,K75,Exception('timeout_or_slo_miss: completed=46/75 errors=29 elapsed_ms=1049.7'),1
FANOUT,K75,Exception('timeout_or_slo_miss: completed=39/75 errors=36 elapsed_ms=1022.7'),1
FANOUT,K75,Exception('timeout_or_slo_miss: completed=51/75 errors=24 elapsed_ms=1005.4'),4
FANOUT,K75,Exception('timeout_or_slo_miss: completed=53/75 errors=22 elapsed_ms=1009.4'),1
FANOUT,K75,Exception('timeout_or_slo_miss: completed=43/75 errors=32 elapsed_ms=1023.4'),1
FANOUT,K75,Exception('timeout_or_slo_miss: completed=51/75 errors=24 elapsed_ms=1018.6'),2
FANOUT,K75,Exception('timeout_or_slo_miss: completed=48/75 errors=27 elapsed_ms=1008.5'),3
FANOUT,K75,Exception('timeout_or_slo_miss: completed=47/75 errors=28 elapsed_ms=1012.0'),7
FANOUT,K75,Exception('timeout_or_slo_miss: completed=51/75 errors=24 elapsed_ms=1008.0'),4
FANOUT,K75,Exception('timeout_or_slo_miss: completed=42/75 errors=33 elapsed_ms=1016.5'),1
FANOUT,K75,Exception('timeout_or_slo_miss: completed=51/75 errors=24 elapsed_ms=1009.3'),5
FANOUT,K75,Exception('timeout_or_slo_miss: completed=52/75 errors=23 elapsed_ms=1003.9'),2
FANOUT,K75,Exception('timeout_or_slo_miss: completed=50/75 errors=25 elapsed_ms=1008.5'),5
FANOUT,K75,Exception('timeout_or_slo_miss: completed=51/75 errors=24 elapsed_ms=1004.1'),1
FANOUT,K75,Exception('timeout_or_slo_miss: completed=51/75 errors=24 elapsed_ms=1002.5'),1
FANOUT,K75,Exception('timeout_or_slo_miss: completed=51/75 errors=24 elapsed_ms=1002.3'),1
FANOUT,K75,Exception('timeout_or_slo_miss: completed=52/75 errors=23 elapsed_ms=1006.2'),7
FANOUT,K75,Exception('timeout_or_slo_miss: completed=46/75 errors=29 elapsed_ms=1013.2'),2
FANOUT,K75,Exception('timeout_or_slo_miss: completed=52/75 errors=23 elapsed_ms=1008.5'),4
FANOUT,K75,Exception('timeout_or_slo_miss: completed=53/75 errors=22 elapsed_ms=1006.7'),3
FANOUT,K75,Exception('timeout_or_slo_miss: completed=52/75 errors=23 elapsed_ms=1009.9'),1
FANOUT,K75,Exception('timeout_or_slo_miss: completed=41/75 errors=34 elapsed_ms=1010.9'),1
FANOUT,K75,Exception('timeout_or_slo_miss: completed=45/75 errors=30 elapsed_ms=1009.9'),1
FANOUT,K75,Exception('timeout_or_slo_miss: completed=53/75 errors=22 elapsed_ms=1012.3'),1
FANOUT,K75,Exception('timeout_or_slo_miss: completed=49/75 errors=26 elapsed_ms=1014.7'),1
FANOUT,K75,Exception('timeout_or_slo_miss: completed=45/75 errors=30 elapsed_ms=1014.0'),2
FANOUT,K75,Exception('timeout_or_slo_miss: completed=47/75 errors=28 elapsed_ms=1007.8'),2
FANOUT,K75,Exception('timeout_or_slo_miss: completed=46/75 errors=29 elapsed_ms=1013.3'),5
FANOUT,K75,Exception('timeout_or_slo_miss: completed=39/75 errors=36 elapsed_ms=1027.2'),1
FANOUT,K75,Exception('timeout_or_slo_miss: completed=46/75 errors=29 elapsed_ms=1012.9'),3
FANOUT,K75,Exception('timeout_or_slo_miss: completed=46/75 errors=29 elapsed_ms=1011.3'),2
FANOUT,K75,Exception('timeout_or_slo_miss: completed=52/75 errors=23 elapsed_ms=1014.8'),1
FANOUT,K75,Exception('timeout_or_slo_miss: completed=43/75 errors=32 elapsed_ms=1863.8'),1
FANOUT,K75,Exception('timeout_or_slo_miss: completed=45/75 errors=30 elapsed_ms=1011.3'),1
FANOUT,K75,Exception('timeout_or_slo_miss: completed=43/75 errors=32 elapsed_ms=1037.3'),1
FANOUT,K75,Exception('timeout_or_slo_miss: completed=52/75 errors=23 elapsed_ms=1006.4'),2
FANOUT,K75,Exception('timeout_or_slo_miss: completed=43/75 errors=13 elapsed_ms=12067.9'),1
FANOUT,K75,Exception('timeout_or_slo_miss: completed=58/75 errors=17 elapsed_ms=1002.2'),1
FANOUT,K75,Exception('timeout_or_slo_miss: completed=50/75 errors=25 elapsed_ms=1007.2'),2
FANOUT,K75,Exception('timeout_or_slo_miss: completed=54/75 errors=21 elapsed_ms=1004.5'),2
FANOUT,K75,Exception('timeout_or_slo_miss: completed=51/75 errors=22 elapsed_ms=3680.0'),1
FANOUT,K75,Exception('timeout_or_slo_miss: completed=42/75 errors=33 elapsed_ms=1016.2'),2
FANOUT,K75,Exception('timeout_or_slo_miss: completed=49/75 errors=26 elapsed_ms=1015.8'),2
FANOUT,K75,Exception('timeout_or_slo_miss: completed=46/75 errors=29 elapsed_ms=1011.2'),4
FANOUT,K75,Exception('timeout_or_slo_miss: completed=41/75 errors=34 elapsed_ms=1015.4'),1
FANOUT,K75,Exception('timeout_or_slo_miss: completed=53/75 errors=22 elapsed_ms=1021.8'),1
FANOUT,K75,Exception('timeout_or_slo_miss: completed=26/75 errors=30 elapsed_ms=12847.6'),1
FANOUT,K75,Exception('timeout_or_slo_miss: completed=47/75 errors=28 elapsed_ms=1018.2'),2
FANOUT,K75,Exception('timeout_or_slo_miss: completed=46/75 errors=29 elapsed_ms=1016.0'),4
FANOUT,K75,Exception('timeout_or_slo_miss: completed=49/75 errors=26 elapsed_ms=1013.3'),3
FANOUT,K75,Exception('timeout_or_slo_miss: completed=53/75 errors=22 elapsed_ms=1004.6'),2
FANOUT,K75,Exception('timeout_or_slo_miss: completed=46/75 errors=29 elapsed_ms=1008.2'),1
FANOUT,K75,Exception('timeout_or_slo_miss: completed=49/75 errors=26 elapsed_ms=1012.6'),6
FANOUT,K75,Exception('timeout_or_slo_miss: completed=51/75 errors=24 elapsed_ms=1017.6'),1
FANOUT,K75,Exception('timeout_or_slo_miss: completed=48/75 errors=27 elapsed_ms=1016.8'),2
FANOUT,K75,Exception('timeout_or_slo_miss: completed=40/75 errors=35 elapsed_ms=1021.3'),1
FANOUT,K75,Exception('timeout_or_slo_miss: completed=52/75 errors=23 elapsed_ms=1022.4'),1
FANOUT,K75,Exception('timeout_or_slo_miss: completed=43/75 errors=32 elapsed_ms=1017.4'),1
FANOUT,K75,Exception('timeout_or_slo_miss: completed=46/75 errors=29 elapsed_ms=1014.4'),1
FANOUT,K75,Exception('timeout_or_slo_miss: completed=42/75 errors=33 elapsed_ms=1020.2'),3
FANOUT,K75,Exception('timeout_or_slo_miss: completed=43/75 errors=32 elapsed_ms=1015.7'),1
FANOUT,K75,Exception('timeout_or_slo_miss: completed=51/75 errors=24 elapsed_ms=1010.1'),4
FANOUT,K75,Exception('timeout_or_slo_miss: completed=52/75 errors=23 elapsed_ms=1001.8'),2
FANOUT,K75,Exception('timeout_or_slo_miss: completed=42/75 errors=33 elapsed_ms=1016.4'),1
FANOUT,K75,Exception('timeout_or_slo_miss: completed=48/75 errors=27 elapsed_ms=1004.6'),1
FANOUT,K75,Exception('timeout_or_slo_miss: completed=47/75 errors=28 elapsed_ms=1008.9'),1
FANOUT,K75,Exception('timeout_or_slo_miss: completed=49/75 errors=26 elapsed_ms=1011.6'),7
FANOUT,K75,Exception('timeout_or_slo_miss: completed=49/75 errors=26 elapsed_ms=1014.2'),5
FANOUT,K75,Exception('timeout_or_slo_miss: completed=49/75 errors=26 elapsed_ms=1008.0'),2
FANOUT,K75,Exception('timeout_or_slo_miss: completed=47/75 errors=28 elapsed_ms=1013.8'),2
FANOUT,K75,Exception('timeout_or_slo_miss: completed=52/75 errors=23 elapsed_ms=1005.6'),6
FANOUT,K75,Exception('timeout_or_slo_miss: completed=51/75 errors=24 elapsed_ms=1013.4'),2
FANOUT,K75,Exception('timeout_or_slo_miss: completed=45/75 errors=30 elapsed_ms=1014.8'),3
FANOUT,K75,Exception('timeout_or_slo_miss: completed=48/75 errors=27 elapsed_ms=1006.1'),1
FANOUT,K75,Exception('timeout_or_slo_miss: completed=41/75 errors=34 elapsed_ms=1017.3'),1
FANOUT,K75,Exception('timeout_or_slo_miss: completed=46/75 errors=29 elapsed_ms=1029.4'),1
FANOUT,K75,Exception('timeout_or_slo_miss: completed=52/75 errors=23 elapsed_ms=1009.0'),2
FANOUT,K75,Exception('timeout_or_slo_miss: completed=54/75 errors=21 elapsed_ms=1003.0'),6
FANOUT,K75,Exception('timeout_or_slo_miss: completed=48/75 errors=27 elapsed_ms=1008.2'),1
FANOUT,K75,Exception('timeout_or_slo_miss: completed=49/75 errors=26 elapsed_ms=1005.6'),3
FANOUT,K75,Exception('timeout_or_slo_miss: completed=33/75 errors=39 elapsed_ms=2325.9'),1
FANOUT,K75,Exception('timeout_or_slo_miss: completed=45/75 errors=30 elapsed_ms=1020.7'),1
FANOUT,K75,Exception('timeout_or_slo_miss: completed=48/75 errors=27 elapsed_ms=1006.6'),1
FANOUT,K75,Exception('timeout_or_slo_miss: completed=39/75 errors=32 elapsed_ms=3454.0'),1
FANOUT,K75,Exception('timeout_or_slo_miss: completed=49/75 errors=26 elapsed_ms=1010.4'),4
FANOUT,K75,Exception('timeout_or_slo_miss: completed=47/75 errors=28 elapsed_ms=1024.4'),1
FANOUT,K75,Exception('timeout_or_slo_miss: completed=46/75 errors=29 elapsed_ms=1010.1'),3
FANOUT,K75,Exception('timeout_or_slo_miss: completed=42/75 errors=33 elapsed_ms=1013.8'),1
FANOUT,K75,Exception('timeout_or_slo_miss: completed=43/75 errors=32 elapsed_ms=1020.0'),1
FANOUT,K75,Exception('timeout_or_slo_miss: completed=49/75 errors=26 elapsed_ms=1012.4'),4
FANOUT,K75,Exception('timeout_or_slo_miss: completed=46/75 errors=29 elapsed_ms=1012.4'),2
FANOUT,K75,Exception('timeout_or_slo_miss: completed=49/75 errors=26 elapsed_ms=1010.6'),3
FANOUT,K75,Exception('timeout_or_slo_miss: completed=44/75 errors=31 elapsed_ms=1020.5'),1
FANOUT,K75,Exception('timeout_or_slo_miss: completed=51/75 errors=24 elapsed_ms=1010.4'),2
FANOUT,K75,Exception('timeout_or_slo_miss: completed=48/75 errors=27 elapsed_ms=1010.4'),1
FANOUT,K75,Exception('timeout_or_slo_miss: completed=43/75 errors=32 elapsed_ms=1016.2'),1
FANOUT,K75,Exception('timeout_or_slo_miss: completed=52/75 errors=23 elapsed_ms=1007.5'),4
FANOUT,K75,Exception('timeout_or_slo_miss: completed=50/75 errors=25 elapsed_ms=1012.4'),1
FANOUT,K75,Exception('timeout_or_slo_miss: completed=52/75 errors=23 elapsed_ms=1003.8'),1
FANOUT,K75,Exception('timeout_or_slo_miss: completed=48/75 errors=27 elapsed_ms=1007.4'),2
FANOUT,K75,Exception('timeout_or_slo_miss: completed=52/75 errors=23 elapsed_ms=1003.4'),5
FANOUT,K75,Exception('timeout_or_slo_miss: completed=53/75 errors=22 elapsed_ms=1012.8'),1
FANOUT,K75,Exception('timeout_or_slo_miss: completed=47/75 errors=28 elapsed_ms=1048.3'),1
FANOUT,K75,Exception('timeout_or_slo_miss: completed=54/75 errors=21 elapsed_ms=1007.4'),1
FANOUT,K75,Exception('timeout_or_slo_miss: completed=47/75 errors=28 elapsed_ms=1009.5'),2
FANOUT,K75,Exception('timeout_or_slo_miss: completed=45/75 errors=30 elapsed_ms=1017.9'),1
FANOUT,K75,Exception('timeout_or_slo_miss: completed=43/75 errors=32 elapsed_ms=1025.6'),1
FANOUT,K75,Exception('timeout_or_slo_miss: completed=48/75 errors=27 elapsed_ms=1014.1'),2
FANOUT,K75,Exception('timeout_or_slo_miss: completed=46/75 errors=29 elapsed_ms=1018.0'),1
FANOUT,K75,Exception('timeout_or_slo_miss: completed=42/75 errors=30 elapsed_ms=1574.4'),1
FANOUT,K75,Exception('timeout_or_slo_miss: completed=51/75 errors=24 elapsed_ms=1012.9'),1
FANOUT,K75,Exception('timeout_or_slo_miss: completed=44/75 errors=31 elapsed_ms=1018.9'),1
FANOUT,K75,Exception('timeout_or_slo_miss: completed=48/75 errors=27 elapsed_ms=1014.6'),4
FANOUT,K75,Exception('timeout_or_slo_miss: completed=43/75 errors=32 elapsed_ms=1016.0'),1
FANOUT,K75,Exception('timeout_or_slo_miss: completed=51/75 errors=24 elapsed_ms=1009.2'),1
FANOUT,K75,Exception('timeout_or_slo_miss: completed=50/75 errors=25 elapsed_ms=1010.5'),2
FANOUT,K75,Exception('timeout_or_slo_miss: completed=53/75 errors=22 elapsed_ms=1004.9'),3
FANOUT,K75,Exception('timeout_or_slo_miss: completed=51/75 errors=24 elapsed_ms=1022.4'),1
FANOUT,K75,Exception('timeout_or_slo_miss: completed=49/75 errors=26 elapsed_ms=1017.0'),1
FANOUT,K75,Exception('timeout_or_slo_miss: completed=43/75 errors=32 elapsed_ms=1018.4'),3
FANOUT,K75,Exception('timeout_or_slo_miss: completed=49/75 errors=26 elapsed_ms=1010.8'),1
FANOUT,K75,Exception('timeout_or_slo_miss: completed=44/75 errors=31 elapsed_ms=1013.4'),2
FANOUT,K75,Exception('timeout_or_slo_miss: completed=50/75 errors=25 elapsed_ms=1012.3'),1
FANOUT,K75,Exception('timeout_or_slo_miss: completed=49/75 errors=26 elapsed_ms=1009.1'),3
FANOUT,K75,Exception('timeout_or_slo_miss: completed=45/75 errors=30 elapsed_ms=1021.0'),1
FANOUT,K75,Exception('timeout_or_slo_miss: completed=46/75 errors=29 elapsed_ms=1018.3'),1
FANOUT,K75,Exception('timeout_or_slo_miss: completed=53/75 errors=22 elapsed_ms=1017.7'),1
FANOUT,K75,Exception('timeout_or_slo_miss: completed=45/75 errors=30 elapsed_ms=1016.4'),1
FANOUT,K75,Exception('timeout_or_slo_miss: completed=48/75 errors=27 elapsed_ms=1014.9'),3
FANOUT,K75,Exception('timeout_or_slo_miss: completed=49/75 errors=26 elapsed_ms=1006.0'),3
FANOUT,K75,Exception('subread_error: completed=58/75 errors=17'),42
FANOUT,K75,Exception('timeout_or_slo_miss: completed=51/75 errors=24 elapsed_ms=1006.7'),4
FANOUT,K75,Exception('timeout_or_slo_miss: completed=47/75 errors=28 elapsed_ms=1010.9'),4
FANOUT,K75,Exception('timeout_or_slo_miss: completed=44/75 errors=31 elapsed_ms=1023.7'),2
FANOUT,K75,Exception('timeout_or_slo_miss: completed=48/75 errors=27 elapsed_ms=1017.9'),1
FANOUT,K75,Exception('timeout_or_slo_miss: completed=49/75 errors=26 elapsed_ms=1006.3'),3
FANOUT,K75,Exception('timeout_or_slo_miss: completed=45/75 errors=30 elapsed_ms=1025.7'),1
FANOUT,K75,Exception('timeout_or_slo_miss: completed=51/75 errors=24 elapsed_ms=1001.5'),1
FANOUT,K75,Exception('timeout_or_slo_miss: completed=50/75 errors=25 elapsed_ms=1017.3'),1
FANOUT,K75,Exception('timeout_or_slo_miss: completed=49/75 errors=26 elapsed_ms=1021.1'),1
FANOUT,K75,Exception('timeout_or_slo_miss: completed=46/75 errors=29 elapsed_ms=1020.7'),1
FANOUT,K75,Exception('timeout_or_slo_miss: completed=47/75 errors=28 elapsed_ms=1010.7'),1
FANOUT,K75,Exception('timeout_or_slo_miss: completed=50/75 errors=25 elapsed_ms=1018.5'),1
FANOUT,K75,Exception('timeout_or_slo_miss: completed=51/75 errors=24 elapsed_ms=1017.4'),1
FANOUT,K75,Exception('timeout_or_slo_miss: completed=53/75 errors=22 elapsed_ms=1008.6'),1
FANOUT,K75,Exception('timeout_or_slo_miss: completed=52/75 errors=23 elapsed_ms=1003.1'),3
FANOUT,K75,Exception('timeout_or_slo_miss: completed=47/75 errors=28 elapsed_ms=1018.6'),1
FANOUT,K75,Exception('timeout_or_slo_miss: completed=47/75 errors=28 elapsed_ms=1011.0'),1
FANOUT,K75,Exception('timeout_or_slo_miss: completed=42/75 errors=33 elapsed_ms=1025.5'),1
FANOUT,K75,Exception('timeout_or_slo_miss: completed=52/75 errors=23 elapsed_ms=1002.2'),3
FANOUT,K75,Exception('timeout_or_slo_miss: completed=44/75 errors=31 elapsed_ms=1022.3'),1
FANOUT,K75,Exception('timeout_or_slo_miss: completed=49/75 errors=26 elapsed_ms=1011.7'),4
FANOUT,K75,Exception('timeout_or_slo_miss: completed=48/75 errors=27 elapsed_ms=1018.3'),1
FANOUT,K75,Exception('timeout_or_slo_miss: completed=48/75 errors=27 elapsed_ms=1005.2'),1
FANOUT,K75,Exception('timeout_or_slo_miss: completed=49/75 errors=26 elapsed_ms=1008.2'),2
FANOUT,K75,Exception('timeout_or_slo_miss: completed=45/75 errors=30 elapsed_ms=1018.2'),1
FANOUT,K75,Exception('timeout_or_slo_miss: completed=47/75 errors=28 elapsed_ms=1015.3'),1
FANOUT,K75,Exception('timeout_or_slo_miss: completed=53/75 errors=22 elapsed_ms=1012.6'),1
FANOUT,K75,Exception('timeout_or_slo_miss: completed=45/75 errors=30 elapsed_ms=1016.5'),3
FANOUT,K75,Exception('timeout_or_slo_miss: completed=50/75 errors=25 elapsed_ms=1015.5'),1
FANOUT,K75,Exception('timeout_or_slo_miss: completed=45/75 errors=30 elapsed_ms=1025.4'),1
FANOUT,K75,Exception('timeout_or_slo_miss: completed=51/75 errors=24 elapsed_ms=1004.9'),5
FANOUT,K75,Exception('timeout_or_slo_miss: completed=47/75 errors=28 elapsed_ms=1015.8'),3
FANOUT,K75,Exception('timeout_or_slo_miss: completed=49/75 errors=26 elapsed_ms=1007.7'),2
FANOUT,K75,Exception('timeout_or_slo_miss: completed=52/75 errors=23 elapsed_ms=1014.4'),2
FANOUT,K75,Exception('timeout_or_slo_miss: completed=51/75 errors=24 elapsed_ms=1002.1'),2
FANOUT,K75,Exception('timeout_or_slo_miss: completed=53/75 errors=22 elapsed_ms=1001.5'),1
FANOUT,K75,Exception('timeout_or_slo_miss: completed=43/75 errors=32 elapsed_ms=1014.2'),4
FANOUT,K75,Exception('timeout_or_slo_miss: completed=54/75 errors=21 elapsed_ms=1002.2'),7
FANOUT,K75,Exception('timeout_or_slo_miss: completed=53/75 errors=22 elapsed_ms=1003.2'),14
FANOUT,K75,Exception('timeout_or_slo_miss: completed=50/75 errors=25 elapsed_ms=1007.0'),3
FANOUT,K75,Exception('timeout_or_slo_miss: completed=53/75 errors=22 elapsed_ms=1002.7'),11
FANOUT,K75,Exception('timeout_or_slo_miss: completed=52/75 errors=23 elapsed_ms=1048.7'),1
FANOUT,K75,Exception('timeout_or_slo_miss: completed=52/75 errors=23 elapsed_ms=1005.1'),6
FANOUT,K75,Exception('timeout_or_slo_miss: completed=52/75 errors=23 elapsed_ms=1010.1'),4
FANOUT,K75,Exception('timeout_or_slo_miss: completed=48/75 errors=27 elapsed_ms=1013.4'),1
FANOUT,K75,Exception('timeout_or_slo_miss: completed=54/75 errors=21 elapsed_ms=1003.2'),2
FANOUT,K75,Exception('timeout_or_slo_miss: completed=46/75 errors=29 elapsed_ms=1018.5'),1
FANOUT,K75,Exception('timeout_or_slo_miss: completed=49/75 errors=26 elapsed_ms=1014.8'),3
FANOUT,K75,Exception('timeout_or_slo_miss: completed=42/75 errors=33 elapsed_ms=1021.3'),1
FANOUT,K75,Exception('timeout_or_slo_miss: completed=40/75 errors=35 elapsed_ms=1020.8'),1
FANOUT,K75,Exception('timeout_or_slo_miss: completed=50/75 errors=25 elapsed_ms=1008.1'),6
FANOUT,K75,Exception('timeout_or_slo_miss: completed=49/75 errors=26 elapsed_ms=1010.2'),6
FANOUT,K75,Exception('timeout_or_slo_miss: completed=44/75 errors=31 elapsed_ms=1015.5'),1
FANOUT,K75,Exception('timeout_or_slo_miss: completed=51/75 errors=24 elapsed_ms=1016.0'),1
FANOUT,K75,Exception('timeout_or_slo_miss: completed=43/75 errors=32 elapsed_ms=1021.5'),1
FANOUT,K75,Exception('timeout_or_slo_miss: completed=49/75 errors=26 elapsed_ms=1007.2'),2
FANOUT,K75,Exception('timeout_or_slo_miss: completed=42/75 errors=33 elapsed_ms=1029.7'),1
FANOUT,K75,Exception('timeout_or_slo_miss: completed=48/75 errors=27 elapsed_ms=1017.0'),2
FANOUT,K75,Exception('timeout_or_slo_miss: completed=48/75 errors=27 elapsed_ms=1014.4'),4
FANOUT,K75,Exception('timeout_or_slo_miss: completed=51/75 errors=24 elapsed_ms=1008.2'),4
FANOUT,K75,Exception('timeout_or_slo_miss: completed=52/75 errors=23 elapsed_ms=1001.4'),3
FANOUT,K75,Exception('timeout_or_slo_miss: completed=43/75 errors=32 elapsed_ms=1014.3'),1
FANOUT,K75,Exception('timeout_or_slo_miss: completed=53/75 errors=22 elapsed_ms=1007.5'),6
FANOUT,K75,Exception('timeout_or_slo_miss: completed=43/75 errors=32 elapsed_ms=1029.4'),1
FANOUT,K75,Exception('timeout_or_slo_miss: completed=52/75 errors=23 elapsed_ms=1004.1'),2
FANOUT,K75,Exception('timeout_or_slo_miss: completed=47/75 errors=28 elapsed_ms=1016.1'),1
FANOUT,K75,Exception('timeout_or_slo_miss: completed=45/75 errors=30 elapsed_ms=1018.0'),3
FANOUT,K75,Exception('timeout_or_slo_miss: completed=53/75 errors=22 elapsed_ms=1006.5'),3
FANOUT,K75,Exception('timeout_or_slo_miss: completed=40/75 errors=35 elapsed_ms=1016.4'),1
FANOUT,K75,Exception('timeout_or_slo_miss: completed=42/75 errors=33 elapsed_ms=1020.7'),2
FANOUT,K75,Exception('timeout_or_slo_miss: completed=50/75 errors=25 elapsed_ms=1011.0'),1
FANOUT,K75,Exception('timeout_or_slo_miss: completed=40/75 errors=35 elapsed_ms=1021.7'),1
FANOUT,K75,Exception('timeout_or_slo_miss: completed=41/75 errors=19 elapsed_ms=7007.9'),1
FANOUT,K75,Exception('timeout_or_slo_miss: completed=47/75 errors=28 elapsed_ms=1012.8'),1
FANOUT,K75,Exception('timeout_or_slo_miss: completed=53/75 errors=22 elapsed_ms=1002.6'),6
FANOUT,K75,Exception('timeout_or_slo_miss: completed=37/75 errors=38 elapsed_ms=1052.0'),1
FANOUT,K75,Exception('timeout_or_slo_miss: completed=47/75 errors=28 elapsed_ms=1013.4'),2
FANOUT,K75,Exception('timeout_or_slo_miss: completed=49/75 errors=26 elapsed_ms=1011.1'),5
FANOUT,K75,Exception('timeout_or_slo_miss: completed=50/75 errors=25 elapsed_ms=1003.3'),1
FANOUT,K75,Exception('timeout_or_slo_miss: completed=49/75 errors=26 elapsed_ms=1013.0'),3
FANOUT,K75,Exception('timeout_or_slo_miss: completed=49/75 errors=26 elapsed_ms=1012.3'),3
FANOUT,K75,Exception('timeout_or_slo_miss: completed=41/75 errors=34 elapsed_ms=1017.2'),1
FANOUT,K75,Exception('timeout_or_slo_miss: completed=49/75 errors=26 elapsed_ms=1018.0'),1
FANOUT,K75,Exception('timeout_or_slo_miss: completed=50/75 errors=25 elapsed_ms=1016.8'),2
FANOUT,K75,Exception('timeout_or_slo_miss: completed=44/75 errors=31 elapsed_ms=1020.0'),1
FANOUT,K75,Exception('subread_error: completed=67/75 errors=8'),1
FANOUT,K75,Exception('timeout_or_slo_miss: completed=44/75 errors=31 elapsed_ms=1013.5'),1
FANOUT,K75,Exception('timeout_or_slo_miss: completed=51/75 errors=24 elapsed_ms=1006.9'),2
FANOUT,K75,Exception('timeout_or_slo_miss: completed=47/75 errors=28 elapsed_ms=1039.4'),1
FANOUT,K75,Exception('timeout_or_slo_miss: completed=50/75 errors=25 elapsed_ms=1012.7'),4
FANOUT,K75,Exception('timeout_or_slo_miss: completed=44/75 errors=31 elapsed_ms=1020.9'),1
FANOUT,K75,Exception('timeout_or_slo_miss: completed=45/75 errors=30 elapsed_ms=1016.8'),1
FANOUT,K75,Exception('timeout_or_slo_miss: completed=46/75 errors=29 elapsed_ms=1021.6'),1
FANOUT,K75,Exception('timeout_or_slo_miss: completed=50/75 errors=25 elapsed_ms=1012.8'),5
FANOUT,K75,Exception('timeout_or_slo_miss: completed=48/75 errors=27 elapsed_ms=1012.1'),9
FANOUT,K75,Exception('timeout_or_slo_miss: completed=49/75 errors=26 elapsed_ms=1012.7'),2
FANOUT,K75,Exception('timeout_or_slo_miss: completed=50/75 errors=25 elapsed_ms=1005.1'),3
FANOUT,K75,Exception('timeout_or_slo_miss: completed=54/75 errors=21 elapsed_ms=1007.8'),1
FANOUT,K75,Exception('timeout_or_slo_miss: completed=46/75 errors=29 elapsed_ms=1023.5'),1
FANOUT,K75,Exception('timeout_or_slo_miss: completed=51/75 errors=24 elapsed_ms=1005.8'),3
FANOUT,K75,Exception('timeout_or_slo_miss: completed=48/75 errors=27 elapsed_ms=1008.1'),2
FANOUT,K75,Exception('timeout_or_slo_miss: completed=54/75 errors=21 elapsed_ms=1002.8'),14
FANOUT,K75,Exception('timeout_or_slo_miss: completed=48/75 errors=27 elapsed_ms=1008.7'),2
FANOUT,K75,Exception('timeout_or_slo_miss: completed=46/75 errors=29 elapsed_ms=1008.6'),2
FANOUT,K75,Exception('timeout_or_slo_miss: completed=50/75 errors=25 elapsed_ms=1013.7'),2
FANOUT,K75,Exception('timeout_or_slo_miss: completed=42/75 errors=33 elapsed_ms=1017.0'),1
FANOUT,K75,Exception('timeout_or_slo_miss: completed=49/75 errors=26 elapsed_ms=1011.0'),1
FANOUT,K75,Exception('timeout_or_slo_miss: completed=50/75 errors=25 elapsed_ms=1011.3'),3
FANOUT,K75,Exception('timeout_or_slo_miss: completed=51/75 errors=24 elapsed_ms=1009.9'),5
FANOUT,K75,Exception('timeout_or_slo_miss: completed=51/75 errors=24 elapsed_ms=1002.0'),2
FANOUT,K75,Exception('timeout_or_slo_miss: completed=47/75 errors=28 elapsed_ms=1018.3'),2
FANOUT,K75,Exception('timeout_or_slo_miss: completed=51/75 errors=24 elapsed_ms=1016.9'),1
FANOUT,K75,Exception('timeout_or_slo_miss: completed=19/75 errors=44 elapsed_ms=14726.6'),1
FANOUT,K75,Exception('timeout_or_slo_miss: completed=50/75 errors=25 elapsed_ms=1014.6'),2
FANOUT,K75,Exception('timeout_or_slo_miss: completed=52/75 errors=23 elapsed_ms=1004.0'),2
FANOUT,K75,Exception('timeout_or_slo_miss: completed=50/75 errors=25 elapsed_ms=1014.2'),2
FANOUT,K75,Exception('timeout_or_slo_miss: completed=47/75 errors=28 elapsed_ms=1016.6'),1
FANOUT,K75,Exception('timeout_or_slo_miss: completed=48/75 errors=27 elapsed_ms=1012.9'),4
FANOUT,K75,Exception('timeout_or_slo_miss: completed=51/75 errors=24 elapsed_ms=1005.2'),5
FANOUT,K75,Exception('timeout_or_slo_miss: completed=52/75 errors=23 elapsed_ms=1008.0'),5
FANOUT,K75,Exception('timeout_or_slo_miss: completed=47/75 errors=28 elapsed_ms=1016.9'),3
FANOUT,K75,Exception('timeout_or_slo_miss: completed=51/75 errors=24 elapsed_ms=1006.4'),4
FANOUT,K75,Exception('timeout_or_slo_miss: completed=52/75 errors=23 elapsed_ms=1009.4'),4
FANOUT,K75,Exception('timeout_or_slo_miss: completed=50/75 errors=25 elapsed_ms=1147.2'),1
FANOUT,K75,Exception('timeout_or_slo_miss: completed=51/75 errors=24 elapsed_ms=1010.8'),5
FANOUT,K75,Exception('timeout_or_slo_miss: completed=49/75 errors=26 elapsed_ms=1011.3'),3
FANOUT,K75,Exception('timeout_or_slo_miss: completed=39/75 errors=36 elapsed_ms=1021.8'),2
FANOUT,K75,Exception('timeout_or_slo_miss: completed=51/75 errors=24 elapsed_ms=1008.9'),2
FANOUT,K75,Exception('timeout_or_slo_miss: completed=43/75 errors=32 elapsed_ms=1016.4'),2
FANOUT,K75,Exception('timeout_or_slo_miss: completed=47/75 errors=28 elapsed_ms=1017.1'),2
FANOUT,K75,Exception('timeout_or_slo_miss: completed=42/75 errors=33 elapsed_ms=1020.6'),1
FANOUT,K75,Exception('timeout_or_slo_miss: completed=48/75 errors=27 elapsed_ms=1014.3'),2
FANOUT,K75,Exception('timeout_or_slo_miss: completed=54/75 errors=21 elapsed_ms=1000.8'),1
FANOUT,K75,Exception('timeout_or_slo_miss: completed=51/75 errors=24 elapsed_ms=1004.3'),2
FANOUT,K75,Exception('timeout_or_slo_miss: completed=47/75 errors=28 elapsed_ms=1009.3'),1
FANOUT,K75,Exception('timeout_or_slo_miss: completed=51/75 errors=24 elapsed_ms=1003.8'),4
FANOUT,K75,Exception('timeout_or_slo_miss: completed=53/75 errors=22 elapsed_ms=1007.1'),2
FANOUT,K75,Exception('timeout_or_slo_miss: completed=46/75 errors=29 elapsed_ms=1015.9'),3
FANOUT,K75,Exception('timeout_or_slo_miss: completed=61/75 errors=14 elapsed_ms=1075.6'),1
FANOUT,K75,Exception('timeout_or_slo_miss: completed=43/75 errors=32 elapsed_ms=1021.6'),1
FANOUT,K75,Exception('timeout_or_slo_miss: completed=50/75 errors=25 elapsed_ms=1007.8'),3
FANOUT,K75,Exception('timeout_or_slo_miss: completed=46/75 errors=29 elapsed_ms=1016.2'),2
FANOUT,K75,Exception('timeout_or_slo_miss: completed=50/75 errors=25 elapsed_ms=1005.2'),1
FANOUT,K75,Exception('timeout_or_slo_miss: completed=52/75 errors=23 elapsed_ms=1002.8'),1
FANOUT,K75,Exception('timeout_or_slo_miss: completed=50/75 errors=25 elapsed_ms=1005.0'),2
FANOUT,K75,Exception('timeout_or_slo_miss: completed=47/75 errors=28 elapsed_ms=1017.4'),2
FANOUT,K75,Exception('timeout_or_slo_miss: completed=54/75 errors=21 elapsed_ms=1005.1'),1
FANOUT,K75,Exception('timeout_or_slo_miss: completed=45/75 errors=30 elapsed_ms=1027.4'),1
FANOUT,K75,Exception('timeout_or_slo_miss: completed=50/75 errors=25 elapsed_ms=1002.0'),1
FANOUT,K75,Exception('timeout_or_slo_miss: completed=42/75 errors=33 elapsed_ms=1019.0'),1
FANOUT,K75,Exception('timeout_or_slo_miss: completed=48/75 errors=27 elapsed_ms=1009.6'),3
FANOUT,K75,Exception('timeout_or_slo_miss: completed=50/75 errors=25 elapsed_ms=1020.5'),2
FANOUT,K75,Exception('timeout_or_slo_miss: completed=45/75 errors=30 elapsed_ms=1017.0'),2
FANOUT,K75,Exception('timeout_or_slo_miss: completed=47/75 errors=28 elapsed_ms=1017.0'),4
FANOUT,K75,Exception('timeout_or_slo_miss: completed=45/75 errors=30 elapsed_ms=1012.5'),2
FANOUT,K75,Exception('timeout_or_slo_miss: completed=48/75 errors=27 elapsed_ms=1015.1'),4
FANOUT,K75,Exception('timeout_or_slo_miss: completed=46/75 errors=29 elapsed_ms=1040.9'),1
FANOUT,K75,Exception('timeout_or_slo_miss: completed=50/75 errors=25 elapsed_ms=1013.0'),4
FANOUT,K75,Exception('timeout_or_slo_miss: completed=42/75 errors=33 elapsed_ms=1015.3'),1
FANOUT,K75,Exception('timeout_or_slo_miss: completed=41/75 errors=34 elapsed_ms=1023.8'),2
FANOUT,K75,Exception('timeout_or_slo_miss: completed=40/75 errors=35 elapsed_ms=1017.8'),1
FANOUT,K75,Exception('timeout_or_slo_miss: completed=52/75 errors=23 elapsed_ms=1009.2'),1
FANOUT,K75,Exception('timeout_or_slo_miss: completed=53/75 errors=22 elapsed_ms=1004.2'),1
FANOUT,K75,Exception('timeout_or_slo_miss: completed=43/75 errors=32 elapsed_ms=1020.8'),1
FANOUT,K75,Exception('timeout_or_slo_miss: completed=43/75 errors=32 elapsed_ms=1024.9'),1
FANOUT,K75,Exception('timeout_or_slo_miss: completed=47/75 errors=28 elapsed_ms=1021.4'),1
FANOUT,K75,Exception('timeout_or_slo_miss: completed=47/75 errors=28 elapsed_ms=1019.0'),2
FANOUT,K75,Exception('timeout_or_slo_miss: completed=51/75 errors=24 elapsed_ms=1009.5'),4
FANOUT,K75,Exception('timeout_or_slo_miss: completed=47/75 errors=28 elapsed_ms=1010.3'),1
FANOUT,K75,Exception('timeout_or_slo_miss: completed=50/75 errors=25 elapsed_ms=1009.5'),6
FANOUT,K75,Exception('timeout_or_slo_miss: completed=43/75 errors=32 elapsed_ms=1012.8'),1
FANOUT,K75,Exception('timeout_or_slo_miss: completed=52/75 errors=23 elapsed_ms=1008.9'),2
FANOUT,K75,Exception('timeout_or_slo_miss: completed=50/75 errors=25 elapsed_ms=1005.6'),2
FANOUT,K75,Exception('timeout_or_slo_miss: completed=44/75 errors=31 elapsed_ms=1016.7'),1
FANOUT,K75,Exception('timeout_or_slo_miss: completed=44/75 errors=31 elapsed_ms=1014.6'),2
FANOUT,K75,Exception('timeout_or_slo_miss: completed=47/75 errors=28 elapsed_ms=1034.8'),1
FANOUT,K75,Exception('timeout_or_slo_miss: completed=41/75 errors=34 elapsed_ms=1015.6'),1
FANOUT,K75,Exception('timeout_or_slo_miss: completed=46/75 errors=29 elapsed_ms=1011.0'),2
FANOUT,K75,Exception('timeout_or_slo_miss: completed=46/75 errors=29 elapsed_ms=1016.8'),1
FANOUT,K75,Exception('timeout_or_slo_miss: completed=50/75 errors=25 elapsed_ms=1008.0'),8
FANOUT,K75,Exception('timeout_or_slo_miss: completed=52/75 errors=23 elapsed_ms=1006.0'),7
FANOUT,K75,Exception('timeout_or_slo_miss: completed=54/75 errors=21 elapsed_ms=1002.6'),12
FANOUT,K75,Exception('timeout_or_slo_miss: completed=42/75 errors=30 elapsed_ms=13762.2'),1
FANOUT,K75,Exception('timeout_or_slo_miss: completed=45/75 errors=30 elapsed_ms=1023.4'),1
FANOUT,K75,Exception('timeout_or_slo_miss: completed=53/75 errors=22 elapsed_ms=1008.8'),2
FANOUT,K75,Exception('timeout_or_slo_miss: completed=54/75 errors=21 elapsed_ms=1006.7'),1
FANOUT,K75,Exception('timeout_or_slo_miss: completed=42/75 errors=33 elapsed_ms=1016.7'),1
FANOUT,K75,Exception('timeout_or_slo_miss: completed=47/75 errors=28 elapsed_ms=1013.3'),2
FANOUT,K75,Exception('timeout_or_slo_miss: completed=49/75 errors=26 elapsed_ms=1026.8'),1
FANOUT,K75,Exception('timeout_or_slo_miss: completed=45/75 errors=30 elapsed_ms=1013.2'),2
FANOUT,K75,Exception('timeout_or_slo_miss: completed=49/75 errors=26 elapsed_ms=1013.9'),3
FANOUT,K75,Exception('timeout_or_slo_miss: completed=43/75 errors=32 elapsed_ms=1018.6'),2
FANOUT,K75,Exception('timeout_or_slo_miss: completed=51/75 errors=24 elapsed_ms=1014.7'),1
FANOUT,K75,Exception('timeout_or_slo_miss: completed=45/75 errors=30 elapsed_ms=1014.5'),2
FANOUT,K75,Exception('timeout_or_slo_miss: completed=44/75 errors=31 elapsed_ms=1024.0'),1
FANOUT,K75,Exception('timeout_or_slo_miss: completed=47/75 errors=28 elapsed_ms=1014.0'),4
FANOUT,K75,Exception('timeout_or_slo_miss: completed=49/75 errors=26 elapsed_ms=1008.3'),1
FANOUT,K75,Exception('timeout_or_slo_miss: completed=42/75 errors=33 elapsed_ms=1016.3'),1
FANOUT,K75,Exception('timeout_or_slo_miss: completed=43/75 errors=32 elapsed_ms=1019.6'),1
FANOUT,K75,Exception('timeout_or_slo_miss: completed=46/75 errors=29 elapsed_ms=1009.1'),2
FANOUT,K75,Exception('timeout_or_slo_miss: completed=48/75 errors=27 elapsed_ms=1017.7'),3
FANOUT,K75,Exception('timeout_or_slo_miss: completed=50/75 errors=25 elapsed_ms=1014.5'),2
FANOUT,K75,Exception('timeout_or_slo_miss: completed=42/75 errors=23 elapsed_ms=10561.1'),1
FANOUT,K75,Exception('timeout_or_slo_miss: completed=51/75 errors=24 elapsed_ms=1016.1'),1
FANOUT,K75,Exception('timeout_or_slo_miss: completed=51/75 errors=24 elapsed_ms=1002.6'),2
FANOUT,K75,Exception('timeout_or_slo_miss: completed=49/75 errors=26 elapsed_ms=1072.3'),1
FANOUT,K75,Exception('timeout_or_slo_miss: completed=46/75 errors=29 elapsed_ms=1013.6'),3
FANOUT,K75,Exception('timeout_or_slo_miss: completed=44/75 errors=31 elapsed_ms=1020.1'),1
FANOUT,K75,Exception('timeout_or_slo_miss: completed=48/75 errors=27 elapsed_ms=1013.9'),5
FANOUT,K75,Exception('timeout_or_slo_miss: completed=46/75 errors=29 elapsed_ms=1017.0'),1
FANOUT,K75,Exception('timeout_or_slo_miss: completed=53/75 errors=22 elapsed_ms=1007.6'),3
FANOUT,K75,Exception('timeout_or_slo_miss: completed=49/75 errors=26 elapsed_ms=1018.5'),2
FANOUT,K75,Exception('timeout_or_slo_miss: completed=44/75 errors=31 elapsed_ms=1019.5'),3
FANOUT,K75,Exception('timeout_or_slo_miss: completed=46/75 errors=29 elapsed_ms=1015.8'),1
FANOUT,K75,Exception('timeout_or_slo_miss: completed=38/75 errors=37 elapsed_ms=1036.6'),1
FANOUT,K75,Exception('timeout_or_slo_miss: completed=47/75 errors=28 elapsed_ms=1017.3'),1
FANOUT,K75,Exception('timeout_or_slo_miss: completed=50/75 errors=25 elapsed_ms=1012.0'),1
FANOUT,K75,Exception('timeout_or_slo_miss: completed=53/75 errors=22 elapsed_ms=1005.3'),3
FANOUT,K75,Exception('timeout_or_slo_miss: completed=45/75 errors=30 elapsed_ms=1052.0'),1
FANOUT,K75,Exception('timeout_or_slo_miss: completed=50/75 errors=25 elapsed_ms=1005.5'),1
FANOUT,K75,Exception('timeout_or_slo_miss: completed=47/75 errors=28 elapsed_ms=1030.3'),1
FANOUT,K75,Exception('timeout_or_slo_miss: completed=47/75 errors=28 elapsed_ms=1009.7'),3
FANOUT,K75,Exception('timeout_or_slo_miss: completed=42/75 errors=33 elapsed_ms=1017.6'),1
FANOUT,K75,Exception('timeout_or_slo_miss: completed=48/75 errors=27 elapsed_ms=1011.3'),1
FANOUT,K75,Exception('timeout_or_slo_miss: completed=51/75 errors=24 elapsed_ms=1010.9'),1
FANOUT,K75,Exception('timeout_or_slo_miss: completed=41/75 errors=34 elapsed_ms=1021.8'),1
FANOUT,K75,Exception('timeout_or_slo_miss: completed=50/75 errors=25 elapsed_ms=1006.4'),4
FANOUT,K75,Exception('timeout_or_slo_miss: completed=46/75 errors=29 elapsed_ms=1012.5'),2
FANOUT,K75,Exception('timeout_or_slo_miss: completed=53/75 errors=22 elapsed_ms=1003.1'),9
FANOUT,K75,Exception('timeout_or_slo_miss: completed=48/75 errors=27 elapsed_ms=1015.4'),1
FANOUT,K75,Exception('timeout_or_slo_miss: completed=51/75 errors=24 elapsed_ms=1008.8'),5
FANOUT,K75,Exception('timeout_or_slo_miss: completed=51/75 errors=24 elapsed_ms=1010.2'),3
FANOUT,K75,Exception('timeout_or_slo_miss: completed=45/75 errors=30 elapsed_ms=1012.9'),1
FANOUT,K75,Exception('timeout_or_slo_miss: completed=45/75 errors=30 elapsed_ms=1025.5'),1
FANOUT,K75,Exception('timeout_or_slo_miss: completed=50/75 errors=25 elapsed_ms=1002.6'),1
FANOUT,K75,Exception('timeout_or_slo_miss: completed=50/75 errors=25 elapsed_ms=1007.7'),4
FANOUT,K75,Exception('timeout_or_slo_miss: completed=46/75 errors=29 elapsed_ms=1012.1'),3
FANOUT,K75,Exception('timeout_or_slo_miss: completed=43/75 errors=32 elapsed_ms=1025.5'),1
FANOUT,K75,Exception('timeout_or_slo_miss: completed=48/75 errors=27 elapsed_ms=1015.2'),1
FANOUT,K75,Exception('timeout_or_slo_miss: completed=52/75 errors=23 elapsed_ms=1009.8'),5
FANOUT,K75,Exception('timeout_or_slo_miss: completed=47/75 errors=28 elapsed_ms=1013.2'),2
FANOUT,K75,Exception('timeout_or_slo_miss: completed=54/75 errors=21 elapsed_ms=1009.2'),1
FANOUT,K75,Exception('timeout_or_slo_miss: completed=46/75 errors=29 elapsed_ms=1014.5'),1
FANOUT,K75,Exception('timeout_or_slo_miss: completed=42/75 errors=33 elapsed_ms=1015.1'),1
FANOUT,K75,Exception('timeout_or_slo_miss: completed=42/75 errors=33 elapsed_ms=1016.9'),1
FANOUT,K75,Exception('timeout_or_slo_miss: completed=50/75 errors=25 elapsed_ms=1008.4'),2
FANOUT,K75,Exception('timeout_or_slo_miss: completed=52/75 errors=23 elapsed_ms=1007.4'),1
FANOUT,K75,Exception('timeout_or_slo_miss: completed=46/75 errors=29 elapsed_ms=1019.3'),1
FANOUT,K75,Exception('timeout_or_slo_miss: completed=48/75 errors=27 elapsed_ms=1015.0'),3
FANOUT,K75,Exception('timeout_or_slo_miss: completed=51/75 errors=9 elapsed_ms=2374.9'),1
FANOUT,K75,Exception('timeout_or_slo_miss: completed=47/75 errors=28 elapsed_ms=1011.1'),1
FANOUT,K75,Exception('timeout_or_slo_miss: completed=49/75 errors=26 elapsed_ms=1016.5'),1
FANOUT,K75,Exception('timeout_or_slo_miss: completed=49/75 errors=26 elapsed_ms=1016.6'),1
FANOUT,K75,Exception('timeout_or_slo_miss: completed=46/75 errors=29 elapsed_ms=1014.7'),3
FANOUT,K75,Exception('timeout_or_slo_miss: completed=49/75 errors=26 elapsed_ms=1008.8'),4
FANOUT,K75,Exception('timeout_or_slo_miss: completed=48/75 errors=27 elapsed_ms=1008.3'),1
FANOUT,K75,Exception('timeout_or_slo_miss: completed=44/75 errors=31 elapsed_ms=1019.0'),1
FANOUT,K75,Exception('timeout_or_slo_miss: completed=51/75 errors=24 elapsed_ms=1019.0'),1
FANOUT,K75,Exception('timeout_or_slo_miss: completed=48/75 errors=27 elapsed_ms=1014.8'),4
FANOUT,K75,Exception('timeout_or_slo_miss: completed=48/75 errors=27 elapsed_ms=1013.3'),5
FANOUT,K75,Exception('timeout_or_slo_miss: completed=52/75 errors=23 elapsed_ms=1003.0'),5
FANOUT,K75,Exception('timeout_or_slo_miss: completed=47/75 errors=28 elapsed_ms=1010.5'),3
FANOUT,K75,Exception('timeout_or_slo_miss: completed=42/75 errors=33 elapsed_ms=1021.6'),1
FANOUT,K75,Exception('timeout_or_slo_miss: completed=50/75 errors=25 elapsed_ms=1012.5'),3
FANOUT,K75,Exception('timeout_or_slo_miss: completed=50/75 errors=25 elapsed_ms=1009.1'),4
FANOUT,K75,Exception('timeout_or_slo_miss: completed=44/75 errors=31 elapsed_ms=1024.8'),1
FANOUT,K75,Exception('timeout_or_slo_miss: completed=48/75 errors=27 elapsed_ms=1014.2'),3
FANOUT,K75,Exception('timeout_or_slo_miss: completed=50/75 errors=25 elapsed_ms=1015.3'),3
FANOUT,K75,Exception('timeout_or_slo_miss: completed=49/75 errors=26 elapsed_ms=1007.4'),3
FANOUT,K75,Exception('timeout_or_slo_miss: completed=47/75 errors=9 elapsed_ms=7056.6'),1
FANOUT,K75,Exception('timeout_or_slo_miss: completed=48/75 errors=27 elapsed_ms=1009.8'),2
FANOUT,K75,Exception('timeout_or_slo_miss: completed=51/75 errors=24 elapsed_ms=1014.9'),1
FANOUT,K75,Exception('timeout_or_slo_miss: completed=43/75 errors=32 elapsed_ms=1009.7'),1
FANOUT,K75,Exception('timeout_or_slo_miss: completed=47/75 errors=28 elapsed_ms=1016.0'),1
FANOUT,K75,Exception('timeout_or_slo_miss: completed=49/75 errors=26 elapsed_ms=1007.3'),3
FANOUT,K75,Exception('timeout_or_slo_miss: completed=53/75 errors=22 elapsed_ms=1006.6'),1
FANOUT,K75,Exception('timeout_or_slo_miss: completed=52/75 errors=23 elapsed_ms=1011.1'),1
FANOUT,K75,Exception('timeout_or_slo_miss: completed=53/75 errors=22 elapsed_ms=1006.4'),6
FANOUT,K75,Exception('timeout_or_slo_miss: completed=46/75 errors=29 elapsed_ms=1012.7'),3
FANOUT,K75,Exception('timeout_or_slo_miss: completed=49/75 errors=26 elapsed_ms=1009.5'),5
FANOUT,K75,Exception('timeout_or_slo_miss: completed=49/75 errors=26 elapsed_ms=1006.5'),4
FANOUT,K75,Exception('timeout_or_slo_miss: completed=47/75 errors=28 elapsed_ms=1026.7'),1
FANOUT,K75,Exception('timeout_or_slo_miss: completed=51/75 errors=24 elapsed_ms=1012.4'),2
FANOUT,K75,Exception('timeout_or_slo_miss: completed=42/75 errors=33 elapsed_ms=1025.7'),1
FANOUT,K75,Exception('timeout_or_slo_miss: completed=53/75 errors=22 elapsed_ms=1002.4'),9
FANOUT,K75,Exception('timeout_or_slo_miss: completed=48/75 errors=27 elapsed_ms=1018.1'),1
FANOUT,K75,Exception('timeout_or_slo_miss: completed=41/75 errors=34 elapsed_ms=1022.5'),1
FANOUT,K75,Exception('timeout_or_slo_miss: completed=47/75 errors=28 elapsed_ms=1008.0'),1
FANOUT,K75,Exception('timeout_or_slo_miss: completed=52/75 errors=23 elapsed_ms=1015.8'),1
FANOUT,K75,Exception('timeout_or_slo_miss: completed=51/75 errors=24 elapsed_ms=1004.5'),3
FANOUT,K75,Exception('timeout_or_slo_miss: completed=50/75 errors=25 elapsed_ms=1009.6'),2
FANOUT,K75,Exception('timeout_or_slo_miss: completed=48/75 errors=27 elapsed_ms=1010.9'),1
FANOUT,K75,Exception('timeout_or_slo_miss: completed=41/75 errors=34 elapsed_ms=1020.7'),1
FANOUT,K75,Exception('timeout_or_slo_miss: completed=46/75 errors=29 elapsed_ms=1011.6'),1
FANOUT,K75,Exception('timeout_or_slo_miss: completed=49/75 errors=26 elapsed_ms=1015.7'),1
FANOUT,K75,Exception('timeout_or_slo_miss: completed=54/75 errors=21 elapsed_ms=1002.1'),11
FANOUT,K75,Exception('timeout_or_slo_miss: completed=45/75 errors=30 elapsed_ms=1007.5'),1
FANOUT,K75,Exception('timeout_or_slo_miss: completed=48/75 errors=27 elapsed_ms=1005.5'),1
FANOUT,K75,Exception('timeout_or_slo_miss: completed=46/75 errors=14 elapsed_ms=3397.1'),1
FANOUT,K75,Exception('timeout_or_slo_miss: completed=42/75 errors=33 elapsed_ms=1023.6'),1
FANOUT,K75,Exception('timeout_or_slo_miss: completed=47/75 errors=28 elapsed_ms=1014.5'),2
FANOUT,K75,Exception('timeout_or_slo_miss: completed=53/75 errors=22 elapsed_ms=1003.0'),6
FANOUT,K75,Exception('timeout_or_slo_miss: completed=47/75 errors=28 elapsed_ms=1011.4'),1
FANOUT,K75,Exception('timeout_or_slo_miss: completed=52/75 errors=23 elapsed_ms=1009.6'),1
FANOUT,K75,Exception('timeout_or_slo_miss: completed=52/75 errors=23 elapsed_ms=1007.8'),5
FANOUT,K75,Exception('timeout_or_slo_miss: completed=51/75 errors=24 elapsed_ms=1024.6'),1
FANOUT,K75,Exception('timeout_or_slo_miss: completed=52/75 errors=23 elapsed_ms=1008.8'),3
FANOUT,K75,Exception('timeout_or_slo_miss: completed=43/75 errors=32 elapsed_ms=1013.4'),1
FANOUT,K75,Exception('timeout_or_slo_miss: completed=48/75 errors=27 elapsed_ms=1016.0'),1
FANOUT,K75,Exception('timeout_or_slo_miss: completed=50/75 errors=25 elapsed_ms=1007.6'),3
FANOUT,K75,Exception('timeout_or_slo_miss: completed=45/75 errors=30 elapsed_ms=1009.4'),1
FANOUT,K75,Exception('timeout_or_slo_miss: completed=48/75 errors=27 elapsed_ms=1010.2'),2
FANOUT,K75,Exception('timeout_or_slo_miss: completed=51/75 errors=24 elapsed_ms=1011.0'),4
FANOUT,K75,Exception('timeout_or_slo_miss: completed=25/75 errors=36 elapsed_ms=11133.6'),1
FANOUT,K75,Exception('timeout_or_slo_miss: completed=44/75 errors=31 elapsed_ms=1025.1'),1
FANOUT,K75,Exception('timeout_or_slo_miss: completed=50/75 errors=25 elapsed_ms=1038.2'),1
FANOUT,K75,Exception('timeout_or_slo_miss: completed=48/75 errors=27 elapsed_ms=1013.8'),2
FANOUT,K75,Exception('timeout_or_slo_miss: completed=42/75 errors=33 elapsed_ms=1019.2'),1
FANOUT,K75,Exception('timeout_or_slo_miss: completed=52/75 errors=23 elapsed_ms=1011.9'),1
FANOUT,K75,Exception('timeout_or_slo_miss: completed=28/75 errors=31 elapsed_ms=11449.8'),1
FANOUT,K75,Exception('timeout_or_slo_miss: completed=52/75 errors=23 elapsed_ms=1011.7'),1
FANOUT,K75,Exception('timeout_or_slo_miss: completed=46/75 errors=29 elapsed_ms=1016.9'),3
FANOUT,K75,Exception('timeout_or_slo_miss: completed=45/75 errors=30 elapsed_ms=1015.5'),1
FANOUT,K75,Exception('timeout_or_slo_miss: completed=43/75 errors=32 elapsed_ms=1013.3'),1
FANOUT,K75,Exception('timeout_or_slo_miss: completed=47/75 errors=28 elapsed_ms=1007.7'),1
FANOUT,K75,Exception('timeout_or_slo_miss: completed=42/75 errors=33 elapsed_ms=1018.9'),1
FANOUT,K75,Exception('timeout_or_slo_miss: completed=51/75 errors=24 elapsed_ms=1005.0'),6
FANOUT,K75,Exception('timeout_or_slo_miss: completed=46/75 errors=29 elapsed_ms=1013.4'),2
FANOUT,K75,Exception('timeout_or_slo_miss: completed=52/75 errors=23 elapsed_ms=1017.5'),1
FANOUT,K75,Exception('timeout_or_slo_miss: completed=45/75 errors=30 elapsed_ms=1044.7'),1
FANOUT,K75,Exception('timeout_or_slo_miss: completed=43/75 errors=32 elapsed_ms=1019.8'),1
FANOUT,K75,Exception('timeout_or_slo_miss: completed=48/75 errors=27 elapsed_ms=1007.5'),3
FANOUT,K75,Exception('timeout_or_slo_miss: completed=47/75 errors=28 elapsed_ms=1016.5'),3
FANOUT,K75,Exception('timeout_or_slo_miss: completed=47/75 errors=28 elapsed_ms=1013.0'),2
FANOUT,K75,Exception('subread_error: completed=56/75 errors=19'),115
FANOUT,K75,Exception('timeout_or_slo_miss: completed=46/75 errors=29 elapsed_ms=1008.7'),1
FANOUT,K75,Exception('timeout_or_slo_miss: completed=47/75 errors=28 elapsed_ms=1015.0'),1
FANOUT,K75,Exception('timeout_or_slo_miss: completed=52/75 errors=23 elapsed_ms=1010.8'),2
FANOUT,K75,Exception('timeout_or_slo_miss: completed=50/75 errors=25 elapsed_ms=1018.4'),1
FANOUT,K75,Exception('timeout_or_slo_miss: completed=50/75 errors=25 elapsed_ms=1011.7'),1
FANOUT,K75,Exception('timeout_or_slo_miss: completed=46/75 errors=29 elapsed_ms=1018.8'),1
FANOUT,K75,Exception('timeout_or_slo_miss: completed=49/75 errors=26 elapsed_ms=1008.9'),3
FANOUT,K75,Exception('timeout_or_slo_miss: completed=46/75 errors=29 elapsed_ms=1014.3'),1
FANOUT,K75,Exception('timeout_or_slo_miss: completed=44/75 errors=31 elapsed_ms=1017.1'),1
FANOUT,K75,Exception('timeout_or_slo_miss: completed=51/75 errors=24 elapsed_ms=1012.2'),6
FANOUT,K75,Exception('timeout_or_slo_miss: completed=49/75 errors=26 elapsed_ms=1017.8'),1
FANOUT,K75,Exception('timeout_or_slo_miss: completed=51/75 errors=24 elapsed_ms=1003.7'),1
FANOUT,K75,Exception('timeout_or_slo_miss: completed=50/75 errors=25 elapsed_ms=1004.7'),1
FANOUT,K75,Exception('timeout_or_slo_miss: completed=52/75 errors=23 elapsed_ms=1003.6'),2
FANOUT,K75,Exception('timeout_or_slo_miss: completed=54/75 errors=21 elapsed_ms=1005.0'),2
FANOUT,K75,Exception('timeout_or_slo_miss: completed=53/75 errors=22 elapsed_ms=1007.4'),2
FANOUT,K75,Exception('timeout_or_slo_miss: completed=49/75 errors=26 elapsed_ms=1006.7'),2
FANOUT,K75,Exception('timeout_or_slo_miss: completed=43/75 errors=32 elapsed_ms=1015.5'),1
FANOUT,K75,Exception('timeout_or_slo_miss: completed=44/75 errors=31 elapsed_ms=1017.9'),1
FANOUT,K75,Exception('timeout_or_slo_miss: completed=54/75 errors=21 elapsed_ms=1005.5'),3
FANOUT,K75,Exception('timeout_or_slo_miss: completed=47/75 errors=28 elapsed_ms=1006.6'),1
FANOUT,K75,Exception('timeout_or_slo_miss: completed=47/75 errors=28 elapsed_ms=1022.1'),1
FANOUT,K75,Exception('timeout_or_slo_miss: completed=50/75 errors=25 elapsed_ms=1004.2'),2
FANOUT,K75,Exception('timeout_or_slo_miss: completed=43/75 errors=32 elapsed_ms=1018.5'),1
FANOUT,K75,Exception('timeout_or_slo_miss: completed=52/75 errors=23 elapsed_ms=1005.0'),2
FANOUT,K75,Exception('timeout_or_slo_miss: completed=48/75 errors=27 elapsed_ms=1006.7'),1
FANOUT,K75,Exception('timeout_or_slo_miss: completed=53/75 errors=22 elapsed_ms=1007.3'),3
FANOUT,K75,Exception('timeout_or_slo_miss: completed=52/75 errors=23 elapsed_ms=1002.5'),3
FANOUT,K75,Exception('timeout_or_slo_miss: completed=52/75 errors=23 elapsed_ms=1017.4'),1
FANOUT,K75,Exception('timeout_or_slo_miss: completed=46/75 errors=29 elapsed_ms=1014.2'),3
FANOUT,K75,Exception('timeout_or_slo_miss: completed=47/75 errors=28 elapsed_ms=1007.9'),1
FANOUT,K75,Exception('timeout_or_slo_miss: completed=43/75 errors=32 elapsed_ms=1015.9'),3
FANOUT,K75,Exception('timeout_or_slo_miss: completed=47/75 errors=28 elapsed_ms=1012.4'),2
FANOUT,K75,Exception('timeout_or_slo_miss: completed=43/75 errors=32 elapsed_ms=1016.3'),1
FANOUT,K75,Exception('timeout_or_slo_miss: completed=48/75 errors=27 elapsed_ms=1011.1'),5
FANOUT,K75,Exception('timeout_or_slo_miss: completed=49/75 errors=26 elapsed_ms=1038.6'),1
FANOUT,K75,Exception('timeout_or_slo_miss: completed=53/75 errors=22 elapsed_ms=1005.1'),3
FANOUT,K75,Exception('timeout_or_slo_miss: completed=50/75 errors=25 elapsed_ms=1009.7'),7
FANOUT,K75,Exception('timeout_or_slo_miss: completed=41/75 errors=34 elapsed_ms=1019.2'),1
FANOUT,K75,Exception('timeout_or_slo_miss: completed=54/75 errors=21 elapsed_ms=1019.0'),1
FANOUT,K75,Exception('timeout_or_slo_miss: completed=47/75 errors=28 elapsed_ms=1010.4'),1
FANOUT,K75,Exception('timeout_or_slo_miss: completed=45/75 errors=30 elapsed_ms=1017.8'),1
FANOUT,K75,Exception('timeout_or_slo_miss: completed=49/75 errors=26 elapsed_ms=1019.7'),1
FANOUT,K75,Exception('timeout_or_slo_miss: completed=48/75 errors=27 elapsed_ms=1008.9'),4
FANOUT,K75,Exception('timeout_or_slo_miss: completed=43/75 errors=32 elapsed_ms=1020.9'),2
FANOUT,K75,Exception('timeout_or_slo_miss: completed=52/75 errors=23 elapsed_ms=1002.4'),4
FANOUT,K75,Exception('timeout_or_slo_miss: completed=50/75 errors=25 elapsed_ms=1013.4'),3
FANOUT,K75,Exception('timeout_or_slo_miss: completed=53/75 errors=22 elapsed_ms=1007.0'),1
FANOUT,K75,Exception('timeout_or_slo_miss: completed=42/75 errors=33 elapsed_ms=1025.6'),1
FANOUT,K75,Exception('timeout_or_slo_miss: completed=53/75 errors=22 elapsed_ms=1008.5'),2
FANOUT,K75,Exception('timeout_or_slo_miss: completed=50/75 errors=25 elapsed_ms=1008.7'),2
FANOUT,K75,Exception('timeout_or_slo_miss: completed=46/75 errors=29 elapsed_ms=1027.9'),1
FANOUT,K75,Exception('timeout_or_slo_miss: completed=55/75 errors=9 elapsed_ms=1779.9'),1
FANOUT,K75,Exception('timeout_or_slo_miss: completed=49/75 errors=26 elapsed_ms=1005.2'),1
FANOUT,K75,Exception('timeout_or_slo_miss: completed=45/75 errors=30 elapsed_ms=1012.1'),1
FANOUT,K75,Exception('timeout_or_slo_miss: completed=49/75 errors=26 elapsed_ms=1011.2'),6
FANOUT,K75,Exception('timeout_or_slo_miss: completed=51/75 errors=24 elapsed_ms=1014.1'),1
FANOUT,K75,Exception('timeout_or_slo_miss: completed=52/75 errors=23 elapsed_ms=1006.6'),3
FANOUT,K75,Exception('timeout_or_slo_miss: completed=49/75 errors=10 elapsed_ms=2369.1'),1
FANOUT,K75,Exception('timeout_or_slo_miss: completed=48/75 errors=27 elapsed_ms=1015.6'),2
FANOUT,K75,Exception('timeout_or_slo_miss: completed=48/75 errors=27 elapsed_ms=1012.5'),4
FANOUT,K75,Exception('timeout_or_slo_miss: completed=49/75 errors=26 elapsed_ms=1014.0'),2
FANOUT,K75,Exception('timeout_or_slo_miss: completed=51/75 errors=24 elapsed_ms=1017.3'),1
FANOUT,K75,Exception('timeout_or_slo_miss: completed=46/75 errors=29 elapsed_ms=1016.7'),2
FANOUT,K75,Exception('timeout_or_slo_miss: completed=52/75 errors=23 elapsed_ms=1003.5'),3
FANOUT,K75,Exception('timeout_or_slo_miss: completed=49/75 errors=26 elapsed_ms=1009.0'),2
FANOUT,K75,Exception('timeout_or_slo_miss: completed=47/75 errors=28 elapsed_ms=1018.5'),1
FANOUT,K75,Exception('timeout_or_slo_miss: completed=45/75 errors=30 elapsed_ms=1015.6'),1
FANOUT,K75,Exception('timeout_or_slo_miss: completed=49/75 errors=26 elapsed_ms=1010.1'),3
FANOUT,K75,Exception('timeout_or_slo_miss: completed=43/75 errors=32 elapsed_ms=1012.4'),1
FANOUT,K75,Exception('timeout_or_slo_miss: completed=47/75 errors=28 elapsed_ms=1006.5'),2
FANOUT,K75,Exception('timeout_or_slo_miss: completed=41/75 errors=34 elapsed_ms=1015.9'),1
FANOUT,K75,Exception('timeout_or_slo_miss: completed=39/75 errors=36 elapsed_ms=1022.5'),1
FANOUT,K75,Exception('timeout_or_slo_miss: completed=49/75 errors=26 elapsed_ms=1012.0'),3
FANOUT,K75,Exception('timeout_or_slo_miss: completed=52/75 errors=23 elapsed_ms=1031.8'),1
FANOUT,K75,Exception('timeout_or_slo_miss: completed=49/75 errors=26 elapsed_ms=1016.1'),2
FANOUT,K75,Exception('timeout_or_slo_miss: completed=43/75 errors=32 elapsed_ms=1014.1'),1
FANOUT,K75,Exception('timeout_or_slo_miss: completed=51/75 errors=24 elapsed_ms=1011.2'),3
FANOUT,K75,Exception('timeout_or_slo_miss: completed=48/75 errors=27 elapsed_ms=1014.5'),3
FANOUT,K75,Exception('timeout_or_slo_miss: completed=45/75 errors=30 elapsed_ms=1030.5'),1
FANOUT,K75,Exception('timeout_or_slo_miss: completed=42/75 errors=33 elapsed_ms=1020.0'),2
FANOUT,K75,Exception('timeout_or_slo_miss: completed=44/75 errors=31 elapsed_ms=1013.7'),2
FANOUT,K75,Exception('timeout_or_slo_miss: completed=50/75 errors=25 elapsed_ms=1014.4'),3
FANOUT,K75,Exception('timeout_or_slo_miss: completed=49/75 errors=26 elapsed_ms=1012.9'),4
FANOUT,K75,Exception('timeout_or_slo_miss: completed=46/75 errors=29 elapsed_ms=1012.0'),2
FANOUT,K75,Exception('timeout_or_slo_miss: completed=54/75 errors=21 elapsed_ms=1003.3'),6
FANOUT,K75,Exception('timeout_or_slo_miss: completed=49/75 errors=26 elapsed_ms=1013.1'),4
FANOUT,K75,Exception('timeout_or_slo_miss: completed=46/75 errors=29 elapsed_ms=1035.9'),1
FANOUT,K75,Exception('timeout_or_slo_miss: completed=50/75 errors=25 elapsed_ms=1011.5'),3
FANOUT,K75,Exception('timeout_or_slo_miss: completed=50/75 errors=25 elapsed_ms=1017.9'),1
FANOUT,K75,Exception('timeout_or_slo_miss: completed=43/75 errors=32 elapsed_ms=1016.6'),1
FANOUT,K75,Exception('timeout_or_slo_miss: completed=50/75 errors=10 elapsed_ms=2361.1'),1
FANOUT,K75,Exception('timeout_or_slo_miss: completed=46/75 errors=29 elapsed_ms=1011.8'),2
FANOUT,K75,Exception('timeout_or_slo_miss: completed=48/75 errors=27 elapsed_ms=1020.3'),1
FANOUT,K75,Exception('timeout_or_slo_miss: completed=41/75 errors=34 elapsed_ms=1016.4'),1
FANOUT,K75,Exception('timeout_or_slo_miss: completed=49/75 errors=26 elapsed_ms=1016.0'),2
FANOUT,K75,Exception('timeout_or_slo_miss: completed=54/75 errors=21 elapsed_ms=1004.4'),3
FANOUT,K75,Exception('timeout_or_slo_miss: completed=43/75 errors=32 elapsed_ms=1019.1'),1
FANOUT,K75,Exception('timeout_or_slo_miss: completed=44/75 errors=31 elapsed_ms=1018.3'),2
FANOUT,K75,Exception('timeout_or_slo_miss: completed=45/75 errors=30 elapsed_ms=1010.6'),1
FANOUT,K75,Exception('timeout_or_slo_miss: completed=46/75 errors=29 elapsed_ms=1010.3'),3
FANOUT,K75,Exception('timeout_or_slo_miss: completed=48/75 errors=27 elapsed_ms=1011.6'),3
FANOUT,K75,Exception('timeout_or_slo_miss: completed=47/75 errors=28 elapsed_ms=1009.4'),2
FANOUT,K75,Exception('timeout_or_slo_miss: completed=50/75 errors=25 elapsed_ms=1017.4'),1
FANOUT,K75,Exception('timeout_or_slo_miss: completed=44/75 errors=31 elapsed_ms=1013.6'),1
FANOUT,K75,Exception('timeout_or_slo_miss: completed=51/75 errors=24 elapsed_ms=1007.1'),2
FANOUT,K75,Exception('timeout_or_slo_miss: completed=47/75 errors=28 elapsed_ms=1038.4'),1
FANOUT,K75,Exception('timeout_or_slo_miss: completed=44/75 errors=31 elapsed_ms=1016.5'),1
FANOUT,K75,Exception('timeout_or_slo_miss: completed=56/75 errors=19 elapsed_ms=1003.1'),1
FANOUT,K75,Exception('timeout_or_slo_miss: completed=47/75 errors=28 elapsed_ms=1010.6'),4
FANOUT,K75,Exception('timeout_or_slo_miss: completed=45/75 errors=30 elapsed_ms=1016.1'),1
FANOUT,K75,Exception('timeout_or_slo_miss: completed=43/75 errors=32 elapsed_ms=1018.2'),1
FANOUT,K75,Exception('timeout_or_slo_miss: completed=44/75 errors=31 elapsed_ms=1015.8'),2
FANOUT,K75,Exception('timeout_or_slo_miss: completed=47/75 errors=28 elapsed_ms=1010.8'),3
FANOUT,K75,Exception('timeout_or_slo_miss: completed=50/75 errors=25 elapsed_ms=1003.1'),1
FANOUT,K75,Exception('timeout_or_slo_miss: completed=47/75 errors=28 elapsed_ms=1020.3'),1
FANOUT,K75,Exception('timeout_or_slo_miss: completed=44/75 errors=31 elapsed_ms=1018.8'),1
FANOUT,K75,Exception('timeout_or_slo_miss: completed=49/75 errors=26 elapsed_ms=1008.5'),4
FANOUT,K75,Exception('timeout_or_slo_miss: completed=47/75 errors=28 elapsed_ms=1017.7'),3
FANOUT,K75,Exception('timeout_or_slo_miss: completed=47/75 errors=28 elapsed_ms=1016.7'),2
FANOUT,K75,Exception('timeout_or_slo_miss: completed=50/75 errors=25 elapsed_ms=1009.8'),9
FANOUT,K75,Exception('timeout_or_slo_miss: completed=50/75 errors=25 elapsed_ms=1007.4'),4
FANOUT,K75,Exception('timeout_or_slo_miss: completed=54/75 errors=21 elapsed_ms=1005.7'),2
FANOUT,K75,Exception('timeout_or_slo_miss: completed=51/75 errors=24 elapsed_ms=1005.3'),3
FANOUT,K75,Exception('timeout_or_slo_miss: completed=45/75 errors=30 elapsed_ms=1012.7'),3
FANOUT,K75,Exception('timeout_or_slo_miss: completed=48/75 errors=27 elapsed_ms=1018.4'),1
FANOUT,K75,Exception('timeout_or_slo_miss: completed=46/75 errors=29 elapsed_ms=1009.4'),2
FANOUT,K75,Exception('timeout_or_slo_miss: completed=46/75 errors=29 elapsed_ms=1013.1'),3
FANOUT,K75,Exception('timeout_or_slo_miss: completed=52/75 errors=23 elapsed_ms=1028.7'),1
FANOUT,K75,Exception('timeout_or_slo_miss: completed=48/75 errors=27 elapsed_ms=1017.4'),1
FANOUT,K75,Exception('timeout_or_slo_miss: completed=50/75 errors=25 elapsed_ms=1013.1'),2
FANOUT,K75,Exception('timeout_or_slo_miss: completed=43/75 errors=32 elapsed_ms=1016.9'),1
FANOUT,K75,Exception('timeout_or_slo_miss: completed=47/75 errors=28 elapsed_ms=1012.1'),5
FANOUT,K75,Exception('timeout_or_slo_miss: completed=43/75 errors=32 elapsed_ms=1020.4'),1
FANOUT,K75,Exception('timeout_or_slo_miss: completed=49/75 errors=26 elapsed_ms=1012.1'),6
FANOUT,K75,Exception('timeout_or_slo_miss: completed=47/75 errors=28 elapsed_ms=1014.6'),1
FANOUT,K75,Exception('timeout_or_slo_miss: completed=42/75 errors=33 elapsed_ms=1021.2'),1
FANOUT,K75,Exception('timeout_or_slo_miss: completed=52/75 errors=23 elapsed_ms=1005.3'),6
FANOUT,K75,Exception('timeout_or_slo_miss: completed=52/75 errors=23 elapsed_ms=1009.3'),2
FANOUT,K75,Exception('timeout_or_slo_miss: completed=44/75 errors=31 elapsed_ms=1016.2'),1
FANOUT,K75,Exception('timeout_or_slo_miss: completed=52/75 errors=23 elapsed_ms=1014.0'),1
FANOUT,K75,Exception('timeout_or_slo_miss: completed=50/75 errors=25 elapsed_ms=1006.3'),1
FANOUT,K75,Exception('timeout_or_slo_miss: completed=51/75 errors=24 elapsed_ms=1004.6'),1
FANOUT,K75,Exception('timeout_or_slo_miss: completed=47/75 errors=28 elapsed_ms=1019.8'),1
FANOUT,K75,Exception('timeout_or_slo_miss: completed=44/75 errors=31 elapsed_ms=1037.7'),1
FANOUT,K75,Exception('timeout_or_slo_miss: completed=44/75 errors=31 elapsed_ms=1026.3'),1
FANOUT,K75,Exception('timeout_or_slo_miss: completed=52/75 errors=23 elapsed_ms=1007.0'),2
FANOUT,K75,Exception('timeout_or_slo_miss: completed=52/75 errors=23 elapsed_ms=1003.7'),1
FANOUT,K75,Exception('timeout_or_slo_miss: completed=49/75 errors=26 elapsed_ms=1015.9'),1
FANOUT,K75,Exception('timeout_or_slo_miss: completed=47/75 errors=28 elapsed_ms=1022.2'),1
FANOUT,K75,Exception('timeout_or_slo_miss: completed=45/75 errors=30 elapsed_ms=1010.4'),1
FANOUT,K75,Exception('timeout_or_slo_miss: completed=46/75 errors=29 elapsed_ms=1021.3'),2
FANOUT,K75,Exception('timeout_or_slo_miss: completed=49/75 errors=26 elapsed_ms=1019.6'),1
FANOUT,K75,Exception('timeout_or_slo_miss: completed=47/75 errors=28 elapsed_ms=1012.7'),1
FANOUT,K75,Exception('timeout_or_slo_miss: completed=52/75 errors=23 elapsed_ms=1008.3'),1
FANOUT,K75,Exception('timeout_or_slo_miss: completed=44/75 errors=23 elapsed_ms=10446.2'),1
FANOUT,K75,Exception('timeout_or_slo_miss: completed=46/75 errors=29 elapsed_ms=1011.7'),2
FANOUT,K75,Exception('timeout_or_slo_miss: completed=52/75 errors=23 elapsed_ms=1011.3'),2
FANOUT,K75,Exception('timeout_or_slo_miss: completed=47/75 errors=28 elapsed_ms=1009.9'),2
FANOUT,K75,Exception('timeout_or_slo_miss: completed=48/75 errors=27 elapsed_ms=1010.6'),1
FANOUT,K75,Exception('timeout_or_slo_miss: completed=45/75 errors=30 elapsed_ms=1010.8'),1
FANOUT,K75,Exception('timeout_or_slo_miss: completed=43/75 errors=32 elapsed_ms=1016.5'),2
FANOUT,K75,Exception('timeout_or_slo_miss: completed=50/75 errors=25 elapsed_ms=1011.1'),2
FANOUT,K75,Exception('timeout_or_slo_miss: completed=47/75 errors=28 elapsed_ms=1012.3'),3
FANOUT,K75,Exception('timeout_or_slo_miss: completed=52/75 errors=23 elapsed_ms=1006.8'),4
FANOUT,K75,Exception('timeout_or_slo_miss: completed=53/75 errors=22 elapsed_ms=1010.6'),3
FANOUT,K75,Exception('timeout_or_slo_miss: completed=43/75 errors=32 elapsed_ms=1018.1'),1
FANOUT,K75,Exception('timeout_or_slo_miss: completed=51/75 errors=24 elapsed_ms=1006.3'),1
FANOUT,K75,Exception('timeout_or_slo_miss: completed=52/75 errors=23 elapsed_ms=1010.2'),4
FANOUT,K75,Exception('timeout_or_slo_miss: completed=43/75 errors=32 elapsed_ms=1017.1'),1
FANOUT,K75,Exception('timeout_or_slo_miss: completed=42/75 errors=33 elapsed_ms=1015.7'),1
FANOUT,K75,Exception('timeout_or_slo_miss: completed=45/75 errors=30 elapsed_ms=1013.9'),1
FANOUT,K75,Exception('timeout_or_slo_miss: completed=51/75 errors=24 elapsed_ms=1003.4'),3
FANOUT,K75,Exception('timeout_or_slo_miss: completed=53/75 errors=22 elapsed_ms=1004.3'),4
FANOUT,K75,Exception('timeout_or_slo_miss: completed=41/75 errors=34 elapsed_ms=1022.0'),2
FANOUT,K75,Exception('timeout_or_slo_miss: completed=41/75 errors=34 elapsed_ms=1025.8'),1
FANOUT,K75,Exception('timeout_or_slo_miss: completed=44/75 errors=31 elapsed_ms=1015.3'),1
FANOUT,K75,Exception('timeout_or_slo_miss: completed=53/75 errors=22 elapsed_ms=1009.9'),2
FANOUT,K75,Exception('timeout_or_slo_miss: completed=54/75 errors=21 elapsed_ms=1006.1'),1
FANOUT,K75,Exception('timeout_or_slo_miss: completed=66/75 errors=9 elapsed_ms=1905.3'),1
FANOUT,K75,Exception('timeout_or_slo_miss: completed=50/75 errors=25 elapsed_ms=1006.0'),4
FANOUT,K75,Exception('timeout_or_slo_miss: completed=46/75 errors=29 elapsed_ms=1029.2'),1
FANOUT,K75,Exception('timeout_or_slo_miss: completed=47/75 errors=28 elapsed_ms=1019.2'),2
FANOUT,K75,Exception('timeout_or_slo_miss: completed=51/75 errors=24 elapsed_ms=1006.8'),4
FANOUT,K75,Exception('timeout_or_slo_miss: completed=49/75 errors=26 elapsed_ms=1018.2'),1
FANOUT,K75,Exception('timeout_or_slo_miss: completed=49/75 errors=26 elapsed_ms=1010.5'),2
FANOUT,K75,Exception('timeout_or_slo_miss: completed=47/75 errors=28 elapsed_ms=1011.8'),1
FANOUT,K75,Exception('timeout_or_slo_miss: completed=48/75 errors=27 elapsed_ms=1023.6'),1
FANOUT,K75,Exception('timeout_or_slo_miss: completed=46/75 errors=29 elapsed_ms=1011.4'),5
FANOUT,K75,Exception('timeout_or_slo_miss: completed=51/75 errors=24 elapsed_ms=1007.5'),4
FANOUT,K75,Exception('timeout_or_slo_miss: completed=48/75 errors=27 elapsed_ms=1021.9'),1
FANOUT,K75,Exception('timeout_or_slo_miss: completed=47/75 errors=28 elapsed_ms=1017.5'),2
FANOUT,K75,Exception('timeout_or_slo_miss: completed=48/75 errors=27 elapsed_ms=1018.7'),1
FANOUT,K75,Exception('timeout_or_slo_miss: completed=50/75 errors=25 elapsed_ms=1018.0'),1
FANOUT,K75,Exception('timeout_or_slo_miss: completed=51/75 errors=24 elapsed_ms=1006.1'),6
FANOUT,K75,Exception('timeout_or_slo_miss: completed=19/75 errors=49 elapsed_ms=15284.7'),1
FANOUT,K75,Exception('timeout_or_slo_miss: completed=46/75 errors=29 elapsed_ms=1011.1'),1
FANOUT,K75,Exception('timeout_or_slo_miss: completed=54/75 errors=21 elapsed_ms=1001.7'),2
FANOUT,K75,Exception('timeout_or_slo_miss: completed=46/75 errors=29 elapsed_ms=1010.0'),2
FANOUT,K75,Exception('timeout_or_slo_miss: completed=54/75 errors=21 elapsed_ms=1001.6'),4
FANOUT,K75,Exception('timeout_or_slo_miss: completed=45/75 errors=30 elapsed_ms=1010.5'),2
FANOUT,K75,Exception('timeout_or_slo_miss: completed=47/75 errors=28 elapsed_ms=1019.3'),2
FANOUT,K75,Exception('timeout_or_slo_miss: completed=48/75 errors=27 elapsed_ms=1012.7'),3
FANOUT,K75,Exception('timeout_or_slo_miss: completed=50/75 errors=25 elapsed_ms=1003.8'),2
FANOUT,K75,Exception('timeout_or_slo_miss: completed=42/75 errors=23 elapsed_ms=4878.3'),1
FANOUT,K75,Exception('timeout_or_slo_miss: completed=54/75 errors=21 elapsed_ms=1002.3'),12
FANOUT,K75,Exception('timeout_or_slo_miss: completed=43/75 errors=32 elapsed_ms=1017.8'),1
FANOUT,K75,Exception('timeout_or_slo_miss: completed=48/75 errors=27 elapsed_ms=1014.0'),4
FANOUT,K75,Exception('timeout_or_slo_miss: completed=44/75 errors=31 elapsed_ms=1011.6'),2
FANOUT,K75,Exception('timeout_or_slo_miss: completed=53/75 errors=22 elapsed_ms=1007.9'),3
FANOUT,K75,Exception('timeout_or_slo_miss: completed=52/75 errors=23 elapsed_ms=1002.7'),8
FANOUT,K75,Exception('timeout_or_slo_miss: completed=52/75 errors=23 elapsed_ms=1007.9'),3
FANOUT,K75,Exception('timeout_or_slo_miss: completed=46/75 errors=29 elapsed_ms=1015.1'),4
FANOUT,K75,Exception('timeout_or_slo_miss: completed=45/75 errors=30 elapsed_ms=1023.5'),2
FANOUT,K75,Exception('timeout_or_slo_miss: completed=44/75 errors=31 elapsed_ms=1027.6'),1
FANOUT,K75,Exception('timeout_or_slo_miss: completed=52/75 errors=23 elapsed_ms=1005.7'),3
FANOUT,K75,Exception('timeout_or_slo_miss: completed=44/75 errors=31 elapsed_ms=1019.6'),1
FANOUT,K75,Exception('timeout_or_slo_miss: completed=39/75 errors=32 elapsed_ms=8681.5'),1
FANOUT,K75,Exception('timeout_or_slo_miss: completed=50/75 errors=25 elapsed_ms=1009.4'),4
FANOUT,K75,Exception('timeout_or_slo_miss: completed=50/75 errors=25 elapsed_ms=1003.9'),2
FANOUT,K75,Exception('timeout_or_slo_miss: completed=51/75 errors=24 elapsed_ms=1005.5'),2
FANOUT,K75,Exception('timeout_or_slo_miss: completed=48/75 errors=27 elapsed_ms=1008.4'),4
FANOUT,K75,Exception('timeout_or_slo_miss: completed=54/75 errors=21 elapsed_ms=1015.4'),1
FANOUT,K75,Exception('timeout_or_slo_miss: completed=47/75 errors=28 elapsed_ms=1014.1'),5
FANOUT,K75,Exception('timeout_or_slo_miss: completed=50/75 errors=25 elapsed_ms=1012.1'),5
FANOUT,K75,Exception('timeout_or_slo_miss: completed=51/75 errors=24 elapsed_ms=1026.1'),1
FANOUT,K75,Exception('timeout_or_slo_miss: completed=43/75 errors=32 elapsed_ms=1022.0'),1
FANOUT,K75,Exception('timeout_or_slo_miss: completed=49/75 errors=26 elapsed_ms=1015.1'),1
FANOUT,K75,Exception('timeout_or_slo_miss: completed=41/75 errors=34 elapsed_ms=1015.2'),1
FANOUT,K75,Exception('timeout_or_slo_miss: completed=43/75 errors=32 elapsed_ms=1017.0'),3
FANOUT,K75,Exception('timeout_or_slo_miss: completed=54/75 errors=21 elapsed_ms=1010.4'),1
FANOUT,K75,Exception('timeout_or_slo_miss: completed=53/75 errors=22 elapsed_ms=1006.8'),5
FANOUT,K75,Exception('timeout_or_slo_miss: completed=52/75 errors=23 elapsed_ms=1006.7'),4
FANOUT,K75,Exception('timeout_or_slo_miss: completed=52/75 errors=23 elapsed_ms=1004.3'),3
FANOUT,K75,Exception('timeout_or_slo_miss: completed=40/75 errors=35 elapsed_ms=1016.2'),1
FANOUT,K75,Exception('timeout_or_slo_miss: completed=53/75 errors=22 elapsed_ms=1009.1'),1
FANOUT,K75,Exception('timeout_or_slo_miss: completed=46/75 errors=29 elapsed_ms=1010.8'),1
FANOUT,K75,Exception('timeout_or_slo_miss: completed=51/75 errors=24 elapsed_ms=1006.5'),4
FANOUT,K75,Exception('timeout_or_slo_miss: completed=49/75 errors=26 elapsed_ms=1005.0'),2
FANOUT,K75,Exception('timeout_or_slo_miss: completed=40/75 errors=35 elapsed_ms=1028.4'),2
FANOUT,K75,Exception('timeout_or_slo_miss: completed=52/75 errors=23 elapsed_ms=1010.5'),3
FANOUT,K75,Exception('timeout_or_slo_miss: completed=49/75 errors=26 elapsed_ms=1011.9'),4
FANOUT,K75,Exception('timeout_or_slo_miss: completed=61/75 errors=5 elapsed_ms=1739.3'),1
FANOUT,K75,Exception('timeout_or_slo_miss: completed=52/75 errors=23 elapsed_ms=1007.2'),7
FANOUT,K75,Exception('timeout_or_slo_miss: completed=44/75 errors=31 elapsed_ms=1028.6'),1
FANOUT,K75,Exception('timeout_or_slo_miss: completed=54/75 errors=21 elapsed_ms=1006.4'),2
FANOUT,K75,Exception('timeout_or_slo_miss: completed=44/75 errors=31 elapsed_ms=1018.1'),1
FANOUT,K75,Exception('timeout_or_slo_miss: completed=40/75 errors=35 elapsed_ms=1017.6'),1
FANOUT,K75,Exception('timeout_or_slo_miss: completed=46/75 errors=29 elapsed_ms=1013.7'),7
FANOUT,K75,Exception('timeout_or_slo_miss: completed=42/75 errors=33 elapsed_ms=1017.8'),1
FANOUT,K75,Exception('timeout_or_slo_miss: completed=41/75 errors=34 elapsed_ms=1038.4'),1
FANOUT,K75,Exception('timeout_or_slo_miss: completed=48/75 errors=27 elapsed_ms=1012.6'),4
FANOUT,K75,Exception('timeout_or_slo_miss: completed=53/75 errors=22 elapsed_ms=1013.8'),1
FANOUT,K75,Exception('timeout_or_slo_miss: completed=52/75 errors=23 elapsed_ms=1008.7'),1
FANOUT,K75,Exception('timeout_or_slo_miss: completed=51/75 errors=24 elapsed_ms=1007.4'),5
FANOUT,K75,Exception('timeout_or_slo_miss: completed=48/75 errors=27 elapsed_ms=1090.1'),1
FANOUT,K75,Exception('timeout_or_slo_miss: completed=54/75 errors=21 elapsed_ms=1009.4'),1
FANOUT,K75,Exception('timeout_or_slo_miss: completed=46/75 errors=29 elapsed_ms=1013.8'),4
FANOUT,K75,Exception('timeout_or_slo_miss: completed=51/75 errors=24 elapsed_ms=1010.3'),5
FANOUT,K75,Exception('timeout_or_slo_miss: completed=52/75 errors=23 elapsed_ms=1010.4'),2
FANOUT,K75,Exception('timeout_or_slo_miss: completed=46/75 errors=29 elapsed_ms=1009.8'),1
FANOUT,K75,Exception('timeout_or_slo_miss: completed=44/75 errors=31 elapsed_ms=1016.6'),1
FANOUT,K75,Exception('timeout_or_slo_miss: completed=51/75 errors=12 elapsed_ms=1996.5'),1
FANOUT,K75,Exception('timeout_or_slo_miss: completed=54/75 errors=21 elapsed_ms=1002.7'),9
FANOUT,K75,Exception('timeout_or_slo_miss: completed=52/75 errors=23 elapsed_ms=1004.5'),6
FANOUT,K75,Exception('subread_error: completed=60/75 errors=15'),12
FANOUT,K75,Exception('timeout_or_slo_miss: completed=54/75 errors=21 elapsed_ms=1002.0'),11
FANOUT,K75,Exception('timeout_or_slo_miss: completed=47/75 errors=28 elapsed_ms=1007.6'),2
FANOUT,K75,Exception('timeout_or_slo_miss: completed=49/75 errors=26 elapsed_ms=1009.3'),5
FANOUT,K75,Exception('timeout_or_slo_miss: completed=50/75 errors=25 elapsed_ms=1010.4'),2
FANOUT,K75,Exception('timeout_or_slo_miss: completed=48/75 errors=27 elapsed_ms=1005.3'),1
FANOUT,K75,Exception('timeout_or_slo_miss: completed=48/75 errors=27 elapsed_ms=1013.2'),5
FANOUT,K75,Exception('timeout_or_slo_miss: completed=48/75 errors=27 elapsed_ms=1011.7'),1
FANOUT,K75,Exception('timeout_or_slo_miss: completed=52/75 errors=23 elapsed_ms=1009.5'),7
FANOUT,K75,Exception('timeout_or_slo_miss: completed=41/75 errors=34 elapsed_ms=1026.7'),1
FANOUT,K75,Exception('timeout_or_slo_miss: completed=53/75 errors=22 elapsed_ms=1433.2'),1
FANOUT,K75,Exception('timeout_or_slo_miss: completed=50/75 errors=25 elapsed_ms=1009.9'),7
FANOUT,K75,Exception('timeout_or_slo_miss: completed=46/75 errors=29 elapsed_ms=1013.0'),2
FANOUT,K75,Exception('timeout_or_slo_miss: completed=50/75 errors=25 elapsed_ms=1010.3'),6
FANOUT,K75,Exception('timeout_or_slo_miss: completed=44/75 errors=31 elapsed_ms=1014.3'),2
FANOUT,K75,Exception('timeout_or_slo_miss: completed=43/75 errors=32 elapsed_ms=1027.7'),1
FANOUT,K75,Exception('timeout_or_slo_miss: completed=47/75 errors=28 elapsed_ms=1009.6'),2
FANOUT,K75,Exception('timeout_or_slo_miss: completed=54/75 errors=21 elapsed_ms=1006.0'),1
FANOUT,K75,Exception('timeout_or_slo_miss: completed=44/75 errors=31 elapsed_ms=1016.4'),1
FANOUT,K75,Exception('timeout_or_slo_miss: completed=50/75 errors=25 elapsed_ms=1009.2'),3
FANOUT,K75,Exception('timeout_or_slo_miss: completed=42/75 errors=33 elapsed_ms=1018.7'),1
FANOUT,K75,Exception('timeout_or_slo_miss: completed=38/75 errors=37 elapsed_ms=1025.9'),1
FANOUT,K75,Exception('timeout_or_slo_miss: completed=53/75 errors=22 elapsed_ms=1001.8'),1
FANOUT,K75,Exception('timeout_or_slo_miss: completed=47/75 errors=28 elapsed_ms=1009.1'),1
FANOUT,K75,Exception('timeout_or_slo_miss: completed=45/75 errors=30 elapsed_ms=1014.6'),2
FANOUT,K75,Exception('timeout_or_slo_miss: completed=50/75 errors=25 elapsed_ms=1004.6'),3
FANOUT,K75,Exception('timeout_or_slo_miss: completed=42/75 errors=33 elapsed_ms=1022.1'),1
FANOUT,K75,Exception('timeout_or_slo_miss: completed=51/75 errors=24 elapsed_ms=1018.1'),1
FANOUT,K75,Exception('timeout_or_slo_miss: completed=50/75 errors=25 elapsed_ms=1015.9'),1
FANOUT,K75,Exception('timeout_or_slo_miss: completed=49/75 errors=26 elapsed_ms=1009.9'),2
FANOUT,K75,Exception('timeout_or_slo_miss: completed=51/75 errors=24 elapsed_ms=1007.0'),1
FANOUT,K75,Exception('timeout_or_slo_miss: completed=52/75 errors=23 elapsed_ms=1011.8'),1
FANOUT,K75,Exception('timeout_or_slo_miss: completed=48/75 errors=27 elapsed_ms=1007.0'),1
FANOUT,K75,Exception('timeout_or_slo_miss: completed=49/75 errors=26 elapsed_ms=1003.6'),2
FANOUT,K75,Exception('timeout_or_slo_miss: completed=53/75 errors=22 elapsed_ms=1006.9'),3
FANOUT,K75,Exception('timeout_or_slo_miss: completed=49/75 errors=26 elapsed_ms=1014.5'),1
FANOUT,K75,Exception('timeout_or_slo_miss: completed=50/75 errors=25 elapsed_ms=1013.5'),4
FANOUT,K75,Exception('timeout_or_slo_miss: completed=53/75 errors=22 elapsed_ms=1004.0'),1
FANOUT,K75,Exception('timeout_or_slo_miss: completed=50/75 errors=25 elapsed_ms=1004.4'),2
FANOUT,K75,Exception('timeout_or_slo_miss: completed=47/75 errors=28 elapsed_ms=1012.9'),8
FANOUT,K75,Exception('timeout_or_slo_miss: completed=46/75 errors=29 elapsed_ms=1015.5'),1
FANOUT,K75,Exception('timeout_or_slo_miss: completed=43/75 errors=32 elapsed_ms=1019.7'),1
FANOUT,K75,Exception('timeout_or_slo_miss: completed=44/75 errors=31 elapsed_ms=1035.0'),1
FANOUT,K75,Exception('timeout_or_slo_miss: completed=45/75 errors=30 elapsed_ms=1020.8'),1
FANOUT,K75,Exception('timeout_or_slo_miss: completed=54/75 errors=21 elapsed_ms=1002.5'),7
FANOUT,K75,Exception('timeout_or_slo_miss: completed=52/75 errors=23 elapsed_ms=1007.1'),4
FANOUT,K75,Exception('timeout_or_slo_miss: completed=45/75 errors=30 elapsed_ms=1015.0'),4
FANOUT,K75,Exception('timeout_or_slo_miss: completed=44/75 errors=31 elapsed_ms=1024.9'),1
FANOUT,K75,Exception('timeout_or_slo_miss: completed=52/75 errors=23 elapsed_ms=1004.2'),2
FANOUT,K75,Exception('timeout_or_slo_miss: completed=45/75 errors=30 elapsed_ms=1011.4'),1
FANOUT,K75,Exception('timeout_or_slo_miss: completed=43/75 errors=32 elapsed_ms=1017.2'),1
FANOUT,K75,Exception('timeout_or_slo_miss: completed=41/75 errors=34 elapsed_ms=1024.8'),1
FANOUT,K75,Exception('timeout_or_slo_miss: completed=48/75 errors=27 elapsed_ms=1015.5'),3
FANOUT,K75,Exception('timeout_or_slo_miss: completed=46/75 errors=29 elapsed_ms=1010.9'),2
FANOUT,K75,Exception('timeout_or_slo_miss: completed=41/75 errors=34 elapsed_ms=1022.1'),1
FANOUT,K75,Exception('timeout_or_slo_miss: completed=47/75 errors=28 elapsed_ms=1013.5'),3
FANOUT,K75,Exception('timeout_or_slo_miss: completed=48/75 errors=27 elapsed_ms=1013.5'),3
FANOUT,K75,Exception('timeout_or_slo_miss: completed=46/75 errors=29 elapsed_ms=1017.9'),2
FANOUT,K75,Exception('timeout_or_slo_miss: completed=46/75 errors=29 elapsed_ms=1015.6'),1
FANOUT,K75,Exception('timeout_or_slo_miss: completed=57/75 errors=18 elapsed_ms=1000.1'),1
FANOUT,K75,Exception('timeout_or_slo_miss: completed=43/75 errors=32 elapsed_ms=1013.0'),1
FANOUT,K75,Exception('timeout_or_slo_miss: completed=48/75 errors=27 elapsed_ms=1012.0'),2
FANOUT,K75,Exception('timeout_or_slo_miss: completed=53/75 errors=22 elapsed_ms=1005.4'),3
FANOUT,K75,Exception('timeout_or_slo_miss: completed=47/75 errors=28 elapsed_ms=1009.8'),4
FANOUT,K75,Exception('timeout_or_slo_miss: completed=53/75 errors=22 elapsed_ms=1012.7'),1
FANOUT,K75,Exception('timeout_or_slo_miss: completed=48/75 errors=27 elapsed_ms=1012.4'),4
FANOUT,K75,Exception('timeout_or_slo_miss: completed=45/75 errors=30 elapsed_ms=1013.6'),6
FANOUT,K75,Exception('timeout_or_slo_miss: completed=52/75 errors=23 elapsed_ms=1006.9'),5
FANOUT,K75,Exception('timeout_or_slo_miss: completed=54/75 errors=21 elapsed_ms=1004.0'),3
FANOUT,K75,Exception('timeout_or_slo_miss: completed=34/75 errors=23 elapsed_ms=8986.6'),1
FANOUT,K75,Exception('timeout_or_slo_miss: completed=47/75 errors=28 elapsed_ms=1021.9'),1
FANOUT,K75,Exception('timeout_or_slo_miss: completed=53/75 errors=22 elapsed_ms=1004.8'),6
FANOUT,K75,Exception('timeout_or_slo_miss: completed=43/75 errors=32 elapsed_ms=1014.7'),1
FANOUT,K75,Exception('timeout_or_slo_miss: completed=43/75 errors=32 elapsed_ms=1024.1'),1
FANOUT,K75,Exception('timeout_or_slo_miss: completed=46/75 errors=29 elapsed_ms=1020.8'),1
FANOUT,K75,Exception('timeout_or_slo_miss: completed=47/75 errors=28 elapsed_ms=1011.7'),2
FANOUT,K75,Exception('timeout_or_slo_miss: completed=50/75 errors=25 elapsed_ms=1011.8'),2
FANOUT,K75,Exception('timeout_or_slo_miss: completed=48/75 errors=27 elapsed_ms=1003.0'),1
FANOUT,K75,Exception('timeout_or_slo_miss: completed=52/75 errors=23 elapsed_ms=1008.4'),2
FANOUT,K75,Exception('timeout_or_slo_miss: completed=50/75 errors=25 elapsed_ms=1006.1'),2
FANOUT,K75,Exception('timeout_or_slo_miss: completed=54/75 errors=21 elapsed_ms=1002.9'),6
FANOUT,K75,Exception('timeout_or_slo_miss: completed=50/75 errors=25 elapsed_ms=1017.7'),1
FANOUT,K75,Exception('timeout_or_slo_miss: completed=44/75 errors=31 elapsed_ms=1018.6'),1
FANOUT,K75,Exception('timeout_or_slo_miss: completed=45/75 errors=30 elapsed_ms=1011.2'),1
FANOUT,K75,Exception('timeout_or_slo_miss: completed=47/75 errors=28 elapsed_ms=1033.8'),1
FANOUT,K75,Exception('timeout_or_slo_miss: completed=47/75 errors=28 elapsed_ms=1019.5'),2
FANOUT,K75,Exception('timeout_or_slo_miss: completed=51/75 errors=24 elapsed_ms=1016.3'),1
FANOUT,K75,Exception('timeout_or_slo_miss: completed=44/75 errors=31 elapsed_ms=1011.8'),1
FANOUT,K75,Exception('timeout_or_slo_miss: completed=46/75 errors=29 elapsed_ms=1014.8'),2
FANOUT,K75,Exception('timeout_or_slo_miss: completed=39/75 errors=32 elapsed_ms=1518.8'),1
FANOUT,K75,Exception('timeout_or_slo_miss: completed=42/75 errors=33 elapsed_ms=1018.3'),1
FANOUT,K75,Exception('timeout_or_slo_miss: completed=50/75 errors=25 elapsed_ms=1007.3'),2
FANOUT,K75,Exception('timeout_or_slo_miss: completed=47/75 errors=28 elapsed_ms=1018.8'),1
FANOUT,K75,Exception('timeout_or_slo_miss: completed=42/75 errors=33 elapsed_ms=1019.4'),2
FANOUT,K75,Exception('timeout_or_slo_miss: completed=44/75 errors=31 elapsed_ms=1009.2'),1
FANOUT,K75,Exception('timeout_or_slo_miss: completed=45/75 errors=30 elapsed_ms=1022.2'),1
FANOUT,K75,Exception('timeout_or_slo_miss: completed=47/75 errors=28 elapsed_ms=1015.7'),2
FANOUT,K75,Exception('timeout_or_slo_miss: completed=51/75 errors=24 elapsed_ms=1006.2'),5
FANOUT,K75,Exception('timeout_or_slo_miss: completed=44/75 errors=31 elapsed_ms=1014.4'),1
FANOUT,K75,Exception('timeout_or_slo_miss: completed=45/75 errors=30 elapsed_ms=1018.7'),2
FANOUT,K75,Exception('timeout_or_slo_miss: completed=52/75 errors=23 elapsed_ms=1010.7'),1
FANOUT,K75,Exception('timeout_or_slo_miss: completed=44/75 errors=31 elapsed_ms=1012.4'),1
FANOUT,K75,Exception('timeout_or_slo_miss: completed=54/75 errors=21 elapsed_ms=1009.0'),1
FANOUT,K75,Exception('timeout_or_slo_miss: completed=35/75 errors=25 elapsed_ms=10520.7'),1
FANOUT,K75,Exception('timeout_or_slo_miss: completed=43/75 errors=32 elapsed_ms=1030.1'),1
FANOUT,K75,Exception('timeout_or_slo_miss: completed=53/75 errors=22 elapsed_ms=1003.9'),5
FANOUT,K75,Exception('timeout_or_slo_miss: completed=44/75 errors=31 elapsed_ms=1132.4'),1
FANOUT,K75,Exception('timeout_or_slo_miss: completed=52/75 errors=23 elapsed_ms=1010.6'),1
FANOUT,K75,Exception('timeout_or_slo_miss: completed=41/75 errors=34 elapsed_ms=1013.1'),1
FANOUT,K75,Exception('timeout_or_slo_miss: completed=49/75 errors=26 elapsed_ms=1006.1'),2
FANOUT,K75,Exception('timeout_or_slo_miss: completed=47/75 errors=28 elapsed_ms=1013.7'),1
FANOUT,K75,Exception('timeout_or_slo_miss: completed=46/75 errors=29 elapsed_ms=1009.6'),1
FANOUT,K75,Exception('timeout_or_slo_miss: completed=53/75 errors=22 elapsed_ms=1005.0'),4
FANOUT,K75,Exception('timeout_or_slo_miss: completed=53/75 errors=22 elapsed_ms=1002.5'),10
FANOUT,K75,Exception('timeout_or_slo_miss: completed=46/75 errors=29 elapsed_ms=1007.1'),1
FANOUT,K75,Exception('timeout_or_slo_miss: completed=48/75 errors=27 elapsed_ms=1010.0'),3
FANOUT,K75,Exception('timeout_or_slo_miss: completed=48/75 errors=27 elapsed_ms=1007.1'),1
FANOUT,K75,Exception('timeout_or_slo_miss: completed=44/75 errors=31 elapsed_ms=1023.4'),1
FANOUT,K75,Exception('timeout_or_slo_miss: completed=46/75 errors=29 elapsed_ms=1010.6'),5
FANOUT,K75,Exception('timeout_or_slo_miss: completed=46/75 errors=29 elapsed_ms=1021.0'),1
FANOUT,K75,Exception('timeout_or_slo_miss: completed=50/75 errors=25 elapsed_ms=1008.2'),6
FANOUT,K75,Exception('timeout_or_slo_miss: completed=52/75 errors=23 elapsed_ms=1036.9'),1
FANOUT,K75,Exception('timeout_or_slo_miss: completed=42/75 errors=33 elapsed_ms=1017.1'),1
FANOUT,K75,Exception('timeout_or_slo_miss: completed=50/75 errors=25 elapsed_ms=1013.6'),1
FANOUT,K75,Exception('timeout_or_slo_miss: completed=43/75 errors=32 elapsed_ms=1015.8'),1
FANOUT,K75,Exception('timeout_or_slo_miss: completed=45/75 errors=30 elapsed_ms=1020.9'),3
FANOUT,K75,Exception('timeout_or_slo_miss: completed=52/75 errors=23 elapsed_ms=1005.8'),6
FANOUT,K75,Exception('timeout_or_slo_miss: completed=47/75 errors=28 elapsed_ms=1015.9'),1
FANOUT,K75,Exception('timeout_or_slo_miss: completed=37/75 errors=26 elapsed_ms=10508.1'),1
FANOUT,K75,Exception('timeout_or_slo_miss: completed=47/75 errors=28 elapsed_ms=1012.2'),2
FANOUT,K75,Exception('timeout_or_slo_miss: completed=45/75 errors=30 elapsed_ms=1013.1'),2
FANOUT,K75,Exception('timeout_or_slo_miss: completed=41/75 errors=34 elapsed_ms=1018.4'),2
FANOUT,K75,Exception('timeout_or_slo_miss: completed=52/75 errors=23 elapsed_ms=1010.9'),1
FANOUT,K75,Exception('timeout_or_slo_miss: completed=48/75 errors=27 elapsed_ms=1007.6'),2
FANOUT,K75,Exception('timeout_or_slo_miss: completed=45/75 errors=30 elapsed_ms=1012.2'),1
FANOUT,K75,Exception('timeout_or_slo_miss: completed=51/75 errors=24 elapsed_ms=1007.2'),7
FANOUT,K75,Exception('timeout_or_slo_miss: completed=54/75 errors=21 elapsed_ms=1005.4'),1
FANOUT,K75,Exception('timeout_or_slo_miss: completed=44/75 errors=31 elapsed_ms=1016.8'),2
FANOUT,K75,Exception('timeout_or_slo_miss: completed=48/75 errors=27 elapsed_ms=1009.1'),4
FANOUT,K75,Exception('timeout_or_slo_miss: completed=50/75 errors=25 elapsed_ms=1016.7'),1
FANOUT,K75,Exception('timeout_or_slo_miss: completed=50/75 errors=25 elapsed_ms=1009.3'),3
FANOUT,K75,Exception('timeout_or_slo_miss: completed=48/75 errors=27 elapsed_ms=1016.6'),1
FANOUT,K75,Exception('timeout_or_slo_miss: completed=22/75 errors=34 elapsed_ms=13516.6'),1
FANOUT,K75,Exception('timeout_or_slo_miss: completed=40/75 errors=35 elapsed_ms=1027.0'),1
FANOUT,K75,Exception('timeout_or_slo_miss: completed=49/75 errors=26 elapsed_ms=1015.3'),2
FANOUT,K75,Exception('timeout_or_slo_miss: completed=52/75 errors=23 elapsed_ms=1013.9'),1
FANOUT,K75,Exception('timeout_or_slo_miss: completed=49/75 errors=26 elapsed_ms=1011.8'),2
FANOUT,K75,Exception('timeout_or_slo_miss: completed=54/75 errors=21 elapsed_ms=1006.8'),2
FANOUT,K75,Exception('timeout_or_slo_miss: completed=52/75 errors=23 elapsed_ms=1005.9'),5
FANOUT,K75,Exception('timeout_or_slo_miss: completed=51/75 errors=24 elapsed_ms=1008.4'),4
FANOUT,K75,Exception('timeout_or_slo_miss: completed=45/75 errors=30 elapsed_ms=1021.2'),1
FANOUT,K75,Exception('timeout_or_slo_miss: completed=54/75 errors=21 elapsed_ms=1007.1'),2
FANOUT,K75,Exception('timeout_or_slo_miss: completed=48/75 errors=27 elapsed_ms=1005.9'),1
FANOUT,K75,Exception('timeout_or_slo_miss: completed=51/75 errors=24 elapsed_ms=1048.0'),1
FANOUT,K75,Exception('timeout_or_slo_miss: completed=44/75 errors=31 elapsed_ms=1014.8'),1
FANOUT,K75,Exception('timeout_or_slo_miss: completed=48/75 errors=27 elapsed_ms=1017.8'),1
FANOUT,K75,Exception('timeout_or_slo_miss: completed=48/75 errors=27 elapsed_ms=1013.6'),1
FANOUT,K75,Exception('timeout_or_slo_miss: completed=42/75 errors=33 elapsed_ms=1015.8'),1
FANOUT,K75,Exception('timeout_or_slo_miss: completed=47/75 errors=28 elapsed_ms=1010.0'),2
FANOUT,K75,Exception('timeout_or_slo_miss: completed=51/75 errors=24 elapsed_ms=1015.4'),3
FANOUT,K75,Exception('timeout_or_slo_miss: completed=53/75 errors=22 elapsed_ms=1005.2'),2
FANOUT,K75,Exception('timeout_or_slo_miss: completed=43/75 errors=32 elapsed_ms=1016.7'),2
FANOUT,K75,Exception('subread_error: completed=57/75 errors=18'),60
FANOUT,K75,Exception('timeout_or_slo_miss: completed=52/75 errors=23 elapsed_ms=1009.7'),1
FANOUT,K75,Exception('timeout_or_slo_miss: completed=50/75 errors=25 elapsed_ms=1011.2'),2
FANOUT,K75,Exception('timeout_or_slo_miss: completed=41/75 errors=34 elapsed_ms=1013.2'),1
FANOUT,K75,Exception('timeout_or_slo_miss: completed=46/75 errors=29 elapsed_ms=1015.2'),5
FANOUT,K75,Exception('timeout_or_slo_miss: completed=47/75 errors=28 elapsed_ms=1011.9'),5
FANOUT,K75,Exception('timeout_or_slo_miss: completed=50/75 errors=25 elapsed_ms=1016.3'),2
FANOUT,K75,Exception('timeout_or_slo_miss: completed=50/75 errors=25 elapsed_ms=1006.2'),2
FANOUT,K75,Exception('timeout_or_slo_miss: completed=52/75 errors=23 elapsed_ms=1011.4'),1
FANOUT,K75,Exception('timeout_or_slo_miss: completed=40/75 errors=35 elapsed_ms=1029.3'),1
FANOUT,K75,Exception('timeout_or_slo_miss: completed=48/75 errors=27 elapsed_ms=1011.5'),5
FANOUT,K75,Exception('timeout_or_slo_miss: completed=53/75 errors=22 elapsed_ms=1008.1'),2
FANOUT,K75,Exception('timeout_or_slo_miss: completed=45/75 errors=30 elapsed_ms=1020.3'),1
FANOUT,K75,Exception('timeout_or_slo_miss: completed=40/75 errors=35 elapsed_ms=1024.9'),1
FANOUT,K75,Exception('timeout_or_slo_miss: completed=51/75 errors=24 elapsed_ms=1011.8'),2
FANOUT,K75,Exception('timeout_or_slo_miss: completed=52/75 errors=23 elapsed_ms=1010.3'),2
FANOUT,K75,Exception('timeout_or_slo_miss: completed=47/75 errors=28 elapsed_ms=1007.0'),1
FANOUT,K75,Exception('timeout_or_slo_miss: completed=54/75 errors=21 elapsed_ms=1009.7'),1
FANOUT,K75,Exception('timeout_or_slo_miss: completed=54/75 errors=21 elapsed_ms=1010.1'),1
FANOUT,K75,Exception('timeout_or_slo_miss: completed=45/75 errors=30 elapsed_ms=1016.6'),2
FANOUT,K75,Exception('timeout_or_slo_miss: completed=54/75 errors=21 elapsed_ms=1001.4'),1
FANOUT,K75,Exception('timeout_or_slo_miss: completed=50/75 errors=25 elapsed_ms=1011.6'),4
FANOUT,K75,Exception('timeout_or_slo_miss: completed=54/75 errors=21 elapsed_ms=1003.5'),4
FANOUT,K75,Exception('timeout_or_slo_miss: completed=47/75 errors=28 elapsed_ms=1009.0'),2
FANOUT,K75,Exception('timeout_or_slo_miss: completed=53/75 errors=22 elapsed_ms=1002.0'),3
FANOUT,K75,Exception('timeout_or_slo_miss: completed=54/75 errors=21 elapsed_ms=1002.4'),7
FANOUT,K75,Exception('timeout_or_slo_miss: completed=44/75 errors=31 elapsed_ms=1017.5'),2
FANOUT,K75,Exception('timeout_or_slo_miss: completed=48/75 errors=27 elapsed_ms=1010.1'),4
FANOUT,K75,Exception('subread_error: completed=55/75 errors=20'),136
FANOUT,K75,Exception('timeout_or_slo_miss: completed=49/75 errors=26 elapsed_ms=1007.9'),3
FANOUT,K75,Exception('timeout_or_slo_miss: completed=52/75 errors=23 elapsed_ms=1006.5'),7
FANOUT,K75,Exception('timeout_or_slo_miss: completed=45/75 errors=30 elapsed_ms=1019.3'),1
FANOUT,K75,Exception('timeout_or_slo_miss: completed=46/75 errors=29 elapsed_ms=1016.4'),6
FANOUT,K75,Exception('timeout_or_slo_miss: completed=52/75 errors=23 elapsed_ms=1002.3'),5
FANOUT,K75,Exception('timeout_or_slo_miss: completed=49/75 errors=26 elapsed_ms=1014.1'),1
FANOUT,K75,Exception('timeout_or_slo_miss: completed=45/75 errors=30 elapsed_ms=1014.1'),2
FANOUT,K75,Exception('timeout_or_slo_miss: completed=54/75 errors=21 elapsed_ms=1003.6'),4
FANOUT,K75,Exception('timeout_or_slo_miss: completed=48/75 errors=27 elapsed_ms=1013.7'),4
FANOUT,K75,Exception('timeout_or_slo_miss: completed=45/75 errors=30 elapsed_ms=1018.6'),1
FANOUT,K75,Exception('timeout_or_slo_miss: completed=52/75 errors=23 elapsed_ms=1005.5'),1
FANOUT,K75,Exception('timeout_or_slo_miss: completed=52/75 errors=23 elapsed_ms=1006.3'),2
FANOUT,K75,Exception('timeout_or_slo_miss: completed=48/75 errors=27 elapsed_ms=1167.6'),1
FANOUT,K75,Exception('timeout_or_slo_miss: completed=47/75 errors=28 elapsed_ms=1008.6'),1
FANOUT,K75,Exception('timeout_or_slo_miss: completed=43/75 errors=32 elapsed_ms=1023.7'),1
FANOUT,K75,Exception('timeout_or_slo_miss: completed=50/75 errors=25 elapsed_ms=1006.7'),1
FANOUT,K75,Exception('timeout_or_slo_miss: completed=50/75 errors=25 elapsed_ms=1011.4'),4
FANOUT,K75,Exception('timeout_or_slo_miss: completed=53/75 errors=22 elapsed_ms=1002.9'),5
FANOUT,K75,Exception('timeout_or_slo_miss: completed=51/75 errors=24 elapsed_ms=1015.5'),1
FANOUT,K75,Exception('timeout_or_slo_miss: completed=52/75 errors=23 elapsed_ms=1012.3'),2
FANOUT,K75,Exception('timeout_or_slo_miss: completed=45/75 errors=30 elapsed_ms=1015.2'),1
FANOUT,K75,Exception('timeout_or_slo_miss: completed=49/75 errors=26 elapsed_ms=1018.4'),1
FANOUT,K75,Exception('timeout_or_slo_miss: completed=48/75 errors=27 elapsed_ms=1016.7'),2
FANOUT,K75,Exception('timeout_or_slo_miss: completed=47/75 errors=28 elapsed_ms=1072.6'),1
FANOUT,K75,Exception('timeout_or_slo_miss: completed=49/75 errors=26 elapsed_ms=1010.3'),1
FANOUT,K75,Exception('timeout_or_slo_miss: completed=45/75 errors=30 elapsed_ms=1019.4'),1
FANOUT,K75,Exception('timeout_or_slo_miss: completed=52/75 errors=23 elapsed_ms=1007.3'),4
FANOUT,K75,Exception('timeout_or_slo_miss: completed=54/75 errors=21 elapsed_ms=1010.0'),1
FANOUT,K75,Exception('timeout_or_slo_miss: completed=43/75 errors=32 elapsed_ms=1019.9'),1
FANOUT,K75,Exception('timeout_or_slo_miss: completed=42/75 errors=33 elapsed_ms=1030.5'),1
FANOUT,K75,Exception('timeout_or_slo_miss: completed=48/75 errors=27 elapsed_ms=1009.3'),1
FANOUT,K75,Exception('timeout_or_slo_miss: completed=47/75 errors=28 elapsed_ms=1011.2'),3
FANOUT,K75,Exception('timeout_or_slo_miss: completed=44/75 errors=31 elapsed_ms=1021.9'),1
FANOUT,K75,Exception('timeout_or_slo_miss: completed=51/75 errors=24 elapsed_ms=1007.9'),4
FANOUT,K75,Exception('timeout_or_slo_miss: completed=49/75 errors=26 elapsed_ms=1013.6'),2
FANOUT,K75,Exception('timeout_or_slo_miss: completed=43/75 errors=32 elapsed_ms=1019.3'),1
FANOUT,K75,Exception('timeout_or_slo_miss: completed=47/75 errors=28 elapsed_ms=1026.9'),1
FANOUT,K75,Exception('timeout_or_slo_miss: completed=53/75 errors=22 elapsed_ms=1008.4'),1
FANOUT,K75,Exception('timeout_or_slo_miss: completed=54/75 errors=21 elapsed_ms=1003.1'),8
FANOUT,K75,Exception('timeout_or_slo_miss: completed=50/75 errors=25 elapsed_ms=1015.8'),1
FANOUT,K75,Exception('timeout_or_slo_miss: completed=45/75 errors=30 elapsed_ms=1018.1'),2
FANOUT,K75,Exception('timeout_or_slo_miss: completed=50/75 errors=25 elapsed_ms=1008.6'),6
FANOUT,K75,Exception('timeout_or_slo_miss: completed=45/75 errors=30 elapsed_ms=1023.7'),1
FANOUT,K75,Exception('timeout_or_slo_miss: completed=52/75 errors=23 elapsed_ms=1013.1'),1
FANOUT,K75,Exception('timeout_or_slo_miss: completed=53/75 errors=22 elapsed_ms=1002.2'),8
FANOUT,K75,Exception('timeout_or_slo_miss: completed=45/75 errors=30 elapsed_ms=1015.9'),1
FANOUT,K75,Exception('timeout_or_slo_miss: completed=37/75 errors=31 elapsed_ms=8548.8'),1
FANOUT,K75,Exception('timeout_or_slo_miss: completed=48/75 errors=27 elapsed_ms=1027.3'),1
FANOUT,K75,Exception('timeout_or_slo_miss: completed=49/75 errors=26 elapsed_ms=1009.2'),3
FANOUT,K75,Exception('timeout_or_slo_miss: completed=48/75 errors=27 elapsed_ms=1010.5'),3
FANOUT,K75,Exception('timeout_or_slo_miss: completed=47/75 errors=28 elapsed_ms=1010.2'),5
FANOUT,K75,Exception('timeout_or_slo_miss: completed=53/75 errors=22 elapsed_ms=1002.8'),13
FANOUT,K75,Exception('timeout_or_slo_miss: completed=52/75 errors=23 elapsed_ms=1003.3'),3
FANOUT,K75,Exception('timeout_or_slo_miss: completed=52/75 errors=23 elapsed_ms=1002.9'),6
FANOUT,K75,Exception('timeout_or_slo_miss: completed=47/75 errors=28 elapsed_ms=1013.9'),2
FANOUT,K75,Exception('timeout_or_slo_miss: completed=48/75 errors=27 elapsed_ms=1011.4'),2
FANOUT,K75,Exception('timeout_or_slo_miss: completed=50/75 errors=25 elapsed_ms=1010.0'),4
FANOUT,K75,Exception('timeout_or_slo_miss: completed=44/75 errors=31 elapsed_ms=1014.5'),2
FANOUT,K75,Exception('timeout_or_slo_miss: completed=50/75 errors=25 elapsed_ms=1015.0'),1
FANOUT,K75,Exception('timeout_or_slo_miss: completed=51/75 errors=24 elapsed_ms=1008.1'),2
FANOUT,K75,Exception('timeout_or_slo_miss: completed=50/75 errors=25 elapsed_ms=1003.6'),2
FANOUT,K75,Exception('timeout_or_slo_miss: completed=54/75 errors=21 elapsed_ms=1005.6'),2
FANOUT,K75,Exception('timeout_or_slo_miss: completed=44/75 errors=31 elapsed_ms=1021.5'),1
FANOUT,K75,Exception('timeout_or_slo_miss: completed=42/75 errors=33 elapsed_ms=1042.2'),1
FANOUT,K75,Exception('timeout_or_slo_miss: completed=47/75 errors=28 elapsed_ms=1015.5'),1
FANOUT,K75,Exception('timeout_or_slo_miss: completed=48/75 errors=27 elapsed_ms=1011.0'),2
FANOUT,K75,Exception('timeout_or_slo_miss: completed=47/75 errors=28 elapsed_ms=1011.3'),2
FANOUT,K75,Exception('timeout_or_slo_miss: completed=48/75 errors=27 elapsed_ms=1011.8'),2
FANOUT,K75,Exception('timeout_or_slo_miss: completed=53/75 errors=22 elapsed_ms=1001.9'),1
FANOUT,K75,Exception('timeout_or_slo_miss: completed=46/75 errors=29 elapsed_ms=1014.9'),7
FANOUT,K75,Exception('timeout_or_slo_miss: completed=49/75 errors=26 elapsed_ms=1010.7'),3
FANOUT,K75,Exception('timeout_or_slo_miss: completed=44/75 errors=25 elapsed_ms=1587.0'),1
FANOUT,K75,Exception('timeout_or_slo_miss: completed=44/75 errors=31 elapsed_ms=1017.7'),2
FANOUT,K75,Exception('timeout_or_slo_miss: completed=48/75 errors=27 elapsed_ms=1013.1'),6
FANOUT,K75,Exception('timeout_or_slo_miss: completed=41/75 errors=34 elapsed_ms=1016.0'),1
FANOUT,K75,Exception('timeout_or_slo_miss: completed=49/75 errors=26 elapsed_ms=1015.6'),2
FANOUT,K75,Exception('timeout_or_slo_miss: completed=49/75 errors=26 elapsed_ms=1009.7'),5
FANOUT,K75,Exception('timeout_or_slo_miss: completed=46/75 errors=29 elapsed_ms=1026.6'),1
FANOUT,K75,Exception('timeout_or_slo_miss: completed=51/75 errors=24 elapsed_ms=1010.5'),5
FANOUT,K75,Exception('timeout_or_slo_miss: completed=53/75 errors=22 elapsed_ms=1001.6'),4
FANOUT,K75,Exception('timeout_or_slo_miss: completed=45/75 errors=30 elapsed_ms=1015.1'),3
FANOUT,K75,Exception('timeout_or_slo_miss: completed=42/75 errors=33 elapsed_ms=1018.4'),1
FANOUT,K75,Exception('timeout_or_slo_miss: completed=51/75 errors=24 elapsed_ms=1012.5'),2
FANOUT,K75,Exception('timeout_or_slo_miss: completed=53/75 errors=22 elapsed_ms=1003.6'),1
FANOUT,K75,Exception('timeout_or_slo_miss: completed=50/75 errors=25 elapsed_ms=1021.6'),1
FANOUT,K75,Exception('timeout_or_slo_miss: completed=47/75 errors=28 elapsed_ms=1015.4'),2
FANOUT,K75,Exception('timeout_or_slo_miss: completed=53/75 errors=22 elapsed_ms=1008.0'),3
FANOUT,K75,Exception('timeout_or_slo_miss: completed=48/75 errors=27 elapsed_ms=1009.5'),2
FANOUT,K75,Exception('timeout_or_slo_miss: completed=52/75 errors=23 elapsed_ms=1007.7'),1
FANOUT,K75,Exception('timeout_or_slo_miss: completed=52/75 errors=23 elapsed_ms=1004.7'),3
FANOUT,K75,Exception('timeout_or_slo_miss: completed=51/75 errors=24 elapsed_ms=1004.4'),3
FANOUT,K75,Exception('timeout_or_slo_miss: completed=54/75 errors=21 elapsed_ms=1003.9'),5
FANOUT,K75,Exception('timeout_or_slo_miss: completed=42/75 errors=33 elapsed_ms=1023.1'),1
FANOUT,K75,Exception('timeout_or_slo_miss: completed=44/75 errors=31 elapsed_ms=1014.7'),2
FANOUT,K75,Exception('timeout_or_slo_miss: completed=53/75 errors=22 elapsed_ms=1011.3'),1
FANOUT,K75,Exception('timeout_or_slo_miss: completed=53/75 errors=22 elapsed_ms=1008.2'),1
