Timestamp,User Count,Type,Name,Requests/s,Failures/s,50%,66%,75%,80%,90%,95%,98%,99%,99.9%,99.99%,100%,Total Request Count,Total Failure Count,Total Median Response Time,Total Average Response Time,Total Min Response Time,Total Max Response Time,Total Average Content Size
1774172767,0,,Aggregated,0.000000,0.000000,N/A,N/A,N/A,N/A,N/A,N/A,N/A,N/A,N/A,N/A,N/A,0,0,0,0.0,0,0,0
1774172768,10,,Aggregated,0.000000,0.000000,N/A,N/A,N/A,N/A,N/A,N/A,N/A,N/A,N/A,N/A,N/A,0,0,0,0.0,0,0,0
1774172769,10,,Aggregated,0.000000,0.000000,2000,2000,2000,2000,2000,2000,2000,2000,2000,2000,2000,1,1,1992.6970950000396,1992.6970950000396,1992.6970950000396,1992.6970950000396,0.0
1774172770,10,,Aggregated,0.000000,0.000000,2000,2000,2700,2700,2700,2700,2700,2700,2700,2700,2700,3,3,2000.0,2249.7748966667737,1992.6970950000396,2739.519022999957,0.0
1774172771,10,,Aggregated,0.000000,0.000000,2000,2000,2000,2700,2700,2700,2700,2700,2700,2700,2700,5,5,2000.0,1771.1954132000756,1038.2150340001317,2739.519022999957,0.0
1774172772,10,,Aggregated,0.666667,0.666667,4200,4200,4200,4300,4300,4500,4500,4500,4500,4500,4500,14,14,2700.0,2981.1538320002132,1038.2150340001317,4484.673931000543,0.0
1774172773,10,,Aggregated,0.750000,0.750000,2000,4200,4200,4200,4300,4500,4500,4500,4500,4500,4500,17,17,2000.0,2676.2443029413535,1038.2150340001317,4484.673931000543,0.0
1774172774,10,,Aggregated,1.000000,1.000000,2000,2000,4200,4200,4300,4300,4500,4500,4500,4500,4500,24,24,2000.0,2355.2446163334557,1004.7750169997016,4484.673931000543,0.0
1774172775,10,,Aggregated,2.500000,2.500000,1900,2000,2700,4200,4300,4300,4500,4500,4500,4500,4500,30,30,1800.0,2144.233914966753,813.1740950002495,4484.673931000543,0.0
1774172776,10,,Aggregated,2.428571,2.428571,1200,2000,2000,2700,4200,4300,4500,4500,4500,4500,4500,39,39,1200.0,1899.618173051353,640.1528759997746,4484.673931000543,0.0
1774172777,10,,Aggregated,3.000000,3.000000,1200,1800,2000,2000,4200,4300,4500,4500,4500,4500,4500,47,47,1200.0,1732.548039340494,504.2680440001277,4484.673931000543,0.0
1774172778,10,,Aggregated,3.444444,3.444444,1100,1300,2000,2000,4200,4300,4300,4500,4500,4500,4500,56,56,1100.0,1564.9731257143628,503.6994100000811,4484.673931000543,0.0
1774172779,10,,Aggregated,3.900000,3.900000,1100,1200,1500,2000,4200,4200,4300,4500,4500,4500,4500,67,67,1100.0,1421.7578943582564,503.6994100000811,4484.673931000543,0.0
1774172780,10,,Aggregated,4.700000,4.700000,1000,1100,1300,1800,2700,4200,4300,4500,4500,4500,4500,77,77,1000.0,1304.8112091169128,501.8812300004356,4484.673931000543,0.0
1774172781,10,,Aggregated,5.600000,5.600000,1000,1100,1200,1300,2700,4200,4300,4500,4500,4500,4500,90,90,1000.0,1195.1844028222401,501.8812300004356,4484.673931000543,0.0
1774172782,10,,Aggregated,6.500000,6.500000,810,1100,1100,1300,2000,4200,4300,4500,4500,4500,4500,100,100,810.0,1131.2737360400033,501.8812300004356,4484.673931000543,0.0
1774172783,10,,Aggregated,7.500000,7.500000,610,1000,1100,1200,2000,4200,4300,4300,4500,4500,4500,112,112,600.0,1064.3885914285706,501.8812300004356,4484.673931000543,0.0
1774172784,10,,Aggregated,8.500000,8.500000,550,1000,1100,1100,2000,4200,4300,4300,4500,4500,4500,123,123,550.0,1014.5708346910507,501.8812300004356,4484.673931000543,0.0
1774172785,10,,Aggregated,8.500000,8.500000,530,1000,1100,1100,2000,4200,4300,4300,4500,4500,4500,136,136,520.0,969.7728847941116,501.8812300004356,4484.673931000543,0.0
1774172786,10,,Aggregated,9.600000,9.600000,510,830,1000,1100,1900,2700,4300,4300,4500,4500,4500,147,147,510.0,935.1747982653035,501.8812300004356,4484.673931000543,0.0
1774172787,10,,Aggregated,10.100000,10.100000,510,640,1000,1100,1800,2700,4200,4300,4500,4500,4500,159,159,510.0,902.798534433966,501.8812300004356,4484.673931000543,0.0
1774172788,10,,Aggregated,10.500000,10.500000,510,610,1000,1100,1500,2700,4200,4300,4500,4500,4500,170,170,510.0,880.1961055764773,501.8812300004356,4484.673931000543,0.0
1774172789,10,,Aggregated,10.800000,10.800000,510,560,1000,1000,1300,2000,4200,4300,4500,4500,4500,182,182,510.0,855.5272279725236,501.8812300004356,4484.673931000543,0.0
1774172790,10,,Aggregated,11.200000,11.200000,510,540,1000,1000,1300,2000,4200,4300,4500,4500,4500,193,193,510.0,835.656303056986,501.8812300004356,4484.673931000543,0.0
1774172791,10,,Aggregated,11.400000,11.400000,510,520,810,1000,1200,2000,4200,4300,4500,4500,4500,205,205,510.0,816.434497726816,501.8812300004356,4484.673931000543,0.0
1774172792,10,,Aggregated,11.500000,11.500000,510,510,730,1000,1200,2000,4200,4300,4500,4500,4500,216,216,510.0,800.6342664722125,501.8812300004356,4484.673931000543,0.0
1774172793,10,,Aggregated,11.500000,11.500000,510,510,610,1000,1200,2000,4200,4300,4500,4500,4500,230,230,510.0,782.7537547347633,501.8812300004356,4484.673931000543,0.0
1774172794,10,,Aggregated,11.500000,11.500000,510,510,570,1000,1100,2000,4200,4300,4500,4500,4500,241,241,510.0,770.1783132780022,501.8812300004356,4484.673931000543,0.0
1774172795,10,,Aggregated,11.600000,11.600000,510,510,560,890,1100,2000,4200,4300,4500,4500,4500,253,253,510.0,759.7454439762868,501.8812300004356,4484.673931000543,0.0
1774172796,10,,Aggregated,11.700000,11.700000,510,510,550,830,1100,2000,4200,4300,4500,4500,4500,263,263,510.0,752.0271213003837,501.8812300004356,4484.673931000543,0.0
1774172797,10,,Aggregated,11.600000,11.600000,510,510,540,810,1100,2000,4200,4300,4500,4500,4500,273,273,510.0,744.8656063846104,501.8812300004356,4484.673931000543,0.0
1774172798,10,,Aggregated,11.700000,11.700000,510,510,530,730,1100,1900,4200,4300,4500,4500,4500,285,285,510.0,734.8811034070117,501.8812300004356,4484.673931000543,0.0
1774172799,10,,Aggregated,11.600000,11.600000,510,510,520,610,1100,1900,4200,4300,4500,4500,4500,297,297,510.0,725.8586525589149,501.8812300004356,4484.673931000543,0.0
1774172800,10,,Aggregated,11.400000,11.400000,510,510,520,600,1100,1800,4200,4200,4500,4500,4500,309,309,510.0,717.525956355983,501.8812300004356,4484.673931000543,0.0
1774172801,10,,Aggregated,11.500000,11.500000,510,510,520,580,1100,1800,4200,4200,4500,4500,4500,320,320,510.0,711.8424116437521,501.8812300004356,4484.673931000543,0.0
1774172802,10,,Aggregated,11.500000,11.500000,510,510,520,580,1100,1500,4200,4200,4500,4500,4500,330,330,510.0,708.6153920333344,501.73711699972046,4484.673931000543,0.0
1774172803,10,,Aggregated,11.600000,11.600000,510,510,520,560,1000,1300,4200,4200,4500,4500,4500,343,343,510.0,702.4726783906757,501.73711699972046,4484.673931000543,0.0
1774172804,10,,Aggregated,11.500000,11.500000,510,510,510,550,1000,1300,2700,4200,4500,4500,4500,354,354,510.0,696.4071861242967,501.3496159999704,4484.673931000543,0.0
1774172806,10,,Aggregated,11.400000,11.400000,510,510,510,540,1000,1300,2700,4200,4500,4500,4500,364,364,510.0,691.1938816620922,501.3496159999704,4484.673931000543,0.0
1774172807,10,,Aggregated,11.300000,11.300000,510,510,510,540,1000,1300,2700,4200,4500,4500,4500,375,375,510.0,687.1090493306691,501.3496159999704,4484.673931000543,0.0
1774172808,10,,Aggregated,11.300000,11.300000,510,510,510,540,1000,1300,2700,4200,4500,4500,4500,388,388,510.0,681.054927858248,501.3496159999704,4484.673931000543,0.0
1774172809,10,,Aggregated,11.100000,11.100000,510,510,510,520,1000,1200,2700,4200,4500,4500,4500,401,401,510.0,675.4358613516179,501.3496159999704,4484.673931000543,0.0
1774172810,10,,Aggregated,11.200000,11.200000,510,510,510,520,1000,1200,2700,4200,4500,4500,4500,413,413,510.0,670.5386645980601,501.3496159999704,4484.673931000543,0.0
1774172811,10,,Aggregated,11.500000,11.500000,510,510,510,520,1000,1200,2700,4200,4500,4500,4500,423,423,510.0,667.8621079432622,501.3496159999704,4484.673931000543,0.0
1774172812,10,,Aggregated,11.600000,11.600000,510,510,510,520,1000,1200,2700,4200,4500,4500,4500,435,435,510.0,663.4216092505724,501.3496159999704,4484.673931000543,0.0
1774172813,10,,Aggregated,11.400000,11.400000,510,510,510,520,1000,1200,2700,4200,4500,4500,4500,446,446,510.0,659.5796807600922,501.3496159999704,4484.673931000543,0.0
1774172814,10,,Aggregated,11.400000,11.400000,510,510,510,510,1000,1200,2000,4200,4500,4500,4500,457,457,510.0,656.9574520350124,501.3496159999704,4484.673931000543,0.0
1774172815,10,,Aggregated,11.400000,11.400000,510,510,510,510,1000,1200,2000,4200,4500,4500,4500,469,469,510.0,653.1640569509606,501.3496159999704,4484.673931000543,0.0
1774172816,10,,Aggregated,11.400000,11.400000,510,510,510,520,1000,1200,2000,4200,4500,4500,4500,480,480,510.0,650.9115789374989,501.3496159999704,4484.673931000543,0.0
1774172817,10,,Aggregated,11.300000,11.300000,510,510,510,510,1000,1100,2000,4200,4500,4500,4500,492,492,510.0,648.424940565036,501.3496159999704,4484.673931000543,0.0
1774172818,10,,Aggregated,11.500000,11.500000,510,510,510,510,1000,1100,2000,4200,4500,4500,4500,503,503,510.0,646.304455349898,501.3496159999704,4484.673931000543,0.0
1774172819,10,,Aggregated,11.500000,11.500000,510,510,510,510,1000,1100,2000,4200,4500,4500,4500,514,514,510.0,643.325806622565,501.3397359998635,4484.673931000543,0.0
1774172820,10,,Aggregated,11.600000,11.600000,510,510,510,510,1000,1100,2000,4200,4500,4500,4500,524,524,510.0,640.7563949026686,501.3397359998635,4484.673931000543,0.0
1774172821,10,,Aggregated,11.400000,11.400000,510,510,510,510,1000,1100,2000,4200,4500,4500,4500,535,535,510.0,638.0084383495283,501.3397359998635,4484.673931000543,0.0
1774172822,10,,Aggregated,11.300000,11.300000,510,510,510,510,1000,1100,2000,4200,4500,4500,4500,547,547,510.0,636.0561861663568,501.3397359998635,4484.673931000543,0.0
1774172823,10,,Aggregated,11.100000,11.100000,510,510,510,510,1000,1100,2000,4200,4500,4500,4500,560,560,510.0,633.089730357135,501.3397359998635,4484.673931000543,0.0
1774172824,10,,Aggregated,11.300000,11.300000,510,510,510,510,1000,1100,2000,4200,4500,4500,4500,569,569,510.0,631.0984901177443,501.3397359998635,4484.673931000543,0.0
1774172825,10,,Aggregated,11.600000,11.600000,510,510,510,510,1000,1100,2000,4200,4500,4500,4500,580,580,510.0,632.1620006293016,501.3397359998635,4484.673931000543,0.0
1774172826,10,,Aggregated,11.000000,11.000000,510,510,510,510,1000,1100,2000,4200,4500,4500,4500,593,593,510.0,629.6344897588466,501.3397359998635,4484.673931000543,0.0
1774172827,10,,Aggregated,11.100000,11.100000,510,510,510,510,1000,1100,2000,4200,4500,4500,4500,606,606,510.0,627.0403736567623,501.3397359998635,4484.673931000543,0.0
1774172828,10,,Aggregated,11.100000,11.100000,510,510,510,510,1000,1100,2000,4200,4500,4500,4500,615,615,510.0,625.284019697557,501.3397359998635,4484.673931000543,0.0
1774172829,10,,Aggregated,11.300000,11.300000,510,510,510,510,1000,1100,2000,4200,4500,4500,4500,625,625,510.0,624.979522843194,501.3397359998635,4484.673931000543,0.0
1774172830,10,,Aggregated,11.300000,11.300000,510,510,510,510,1000,1100,2000,4200,4500,4500,4500,636,636,510.0,622.9385532358416,501.3397359998635,4484.673931000543,0.0
1774172831,10,,Aggregated,11.300000,11.300000,510,510,510,510,1000,1100,2000,4200,4500,4500,4500,647,647,510.0,620.962230013904,501.3397359998635,4484.673931000543,0.0
1774172832,10,,Aggregated,11.100000,11.100000,510,510,510,510,1000,1100,2000,4200,4500,4500,4500,662,662,510.0,618.3823983776415,501.3397359998635,4484.673931000543,0.0
1774172833,10,,Aggregated,11.200000,11.200000,510,510,510,510,1000,1100,2000,4200,4500,4500,4500,673,673,510.0,617.2722692748862,501.1330440001984,4484.673931000543,0.0
1774172834,10,,Aggregated,11.200000,11.200000,510,510,510,510,1000,1000,2000,4200,4500,4500,4500,682,682,510.0,616.5366985909112,501.1330440001984,4484.673931000543,0.0
1774172835,10,,Aggregated,11.400000,11.400000,510,510,510,510,1000,1000,2000,4200,4500,4500,4500,692,692,510.0,615.6526587630088,501.0983429992848,4484.673931000543,0.0
1774172836,10,,Aggregated,11.500000,11.500000,510,510,510,510,1000,1000,1900,2700,4500,4500,4500,705,705,510.0,615.055768041137,501.0983429992848,4484.673931000543,0.0
1774172837,10,,Aggregated,11.400000,11.400000,510,510,510,510,1000,1000,1900,2700,4500,4500,4500,718,718,510.0,613.1156786072444,501.0983429992848,4484.673931000543,0.0
1774172838,10,,Aggregated,11.400000,11.400000,510,510,510,510,1000,1000,1900,2700,4500,4500,4500,728,728,510.0,611.6671708269263,501.0983429992848,4484.673931000543,0.0
1774172839,10,,Aggregated,11.500000,11.500000,510,510,510,510,1000,1000,1900,2700,4500,4500,4500,741,741,510.0,610.4919875317155,501.0983429992848,4484.673931000543,0.0
1774172840,10,,Aggregated,11.300000,11.300000,510,510,510,510,890,1000,1800,2700,4500,4500,4500,752,752,510.0,608.9654901994709,501.0983429992848,4484.673931000543,0.0
1774172841,10,,Aggregated,11.400000,11.400000,510,510,510,510,830,1000,1800,2700,4500,4500,4500,763,763,510.0,607.5110308558342,501.0983429992848,4484.673931000543,0.0
1774172842,10,,Aggregated,11.600000,11.600000,510,510,510,510,890,1000,1800,2700,4500,4500,4500,774,774,510.0,607.3624209883749,501.0983429992848,4484.673931000543,0.0
1774172843,10,,Aggregated,11.400000,11.400000,510,510,510,510,830,1000,1800,2700,4500,4500,4500,786,786,510.0,605.8412545559822,501.0983429992848,4484.673931000543,0.0
1774172844,10,,Aggregated,11.000000,11.000000,510,510,510,510,810,1000,1800,2700,4500,4500,4500,797,797,510.0,604.4788115244693,501.0983429992848,4484.673931000543,0.0
1774172845,10,,Aggregated,11.200000,11.200000,510,510,510,510,810,1000,1500,2700,4500,4500,4500,809,809,510.0,603.0326723362193,501.0983429992848,4484.673931000543,0.0
1774172846,10,,Aggregated,11.300000,11.300000,510,510,510,510,710,1000,1500,2700,4500,4500,4500,821,821,510.0,601.6365846114528,501.0983429992848,4484.673931000543,0.0
1774172847,10,,Aggregated,11.600000,11.600000,510,510,510,510,710,1000,1500,2700,4500,4500,4500,833,833,510.0,600.8738242028843,501.0983429992848,4484.673931000543,0.0
1774172848,10,,Aggregated,11.400000,11.400000,510,510,510,510,640,1000,1500,2700,4500,4500,4500,844,844,510.0,599.6608702926598,501.0983429992848,4484.673931000543,0.0
1774172849,10,,Aggregated,11.400000,11.400000,510,510,510,510,610,1000,1300,2700,4500,4500,4500,855,855,510.0,598.4606111660889,501.0983429992848,4484.673931000543,0.0
1774172850,10,,Aggregated,11.400000,11.400000,510,510,510,510,610,1000,1300,2700,4500,4500,4500,867,867,510.0,597.1790105167299,501.0983429992848,4484.673931000543,0.0
1774172851,10,,Aggregated,11.600000,11.600000,510,510,510,510,600,1000,1300,2700,4500,4500,4500,878,878,510.0,596.0486146230129,501.0983429992848,4484.673931000543,0.0
1774172852,10,,Aggregated,11.500000,11.500000,510,510,510,510,600,1000,1300,2700,4500,4500,4500,890,890,510.0,595.4117071966339,501.0983429992848,4484.673931000543,0.0
1774172853,10,,Aggregated,11.600000,11.600000,510,510,510,510,580,1000,1300,2000,4500,4500,4500,901,901,510.0,594.3694427280867,501.0983429992848,4484.673931000543,0.0
1774172854,10,,Aggregated,11.800000,11.800000,510,510,510,510,570,1000,1300,2000,4500,4500,4500,913,913,510.0,593.2176223450225,501.0983429992848,4484.673931000543,0.0
1774172855,10,,Aggregated,11.600000,11.600000,510,510,510,510,560,1000,1300,2000,4500,4500,4500,923,923,510.0,592.2845090314264,501.0983429992848,4484.673931000543,0.0
1774172856,10,,Aggregated,11.500000,11.500000,510,510,510,510,560,1000,1300,2000,4500,4500,4500,935,935,510.0,591.7230516128395,501.0983429992848,4484.673931000543,0.0
1774172857,10,,Aggregated,11.200000,11.200000,510,510,510,510,560,1000,1300,2000,4500,4500,4500,946,946,510.0,590.7456834894372,501.0983429992848,4484.673931000543,0.0
1774172858,10,,Aggregated,11.500000,11.500000,510,510,510,510,560,1000,1300,2000,4500,4500,4500,957,957,510.0,590.2933590209071,501.0983429992848,4484.673931000543,0.0
1774172859,10,,Aggregated,11.200000,11.200000,510,510,510,510,560,1000,1300,2000,4500,4500,4500,968,968,510.0,589.8598626146811,501.0983429992848,4484.673931000543,0.0
1774172860,10,,Aggregated,11.300000,11.300000,510,510,510,510,560,1000,1300,2000,4500,4500,4500,981,981,510.0,589.7721122038845,501.0983429992848,4484.673931000543,0.0
1774172861,10,,Aggregated,11.200000,11.200000,510,510,510,510,560,1000,1300,2000,4500,4500,4500,991,991,510.0,589.9365109202931,501.0983429992848,4484.673931000543,0.0
1774172862,10,,Aggregated,11.200000,11.200000,510,510,510,510,560,1000,1200,2000,4300,4500,4500,1002,1002,510.0,589.0302186846392,501.0983429992848,4484.673931000543,0.0
1774172863,10,,Aggregated,11.100000,11.100000,510,510,510,510,560,1000,1200,2000,4300,4500,4500,1012,1012,510.0,588.711697034595,501.0983429992848,4484.673931000543,0.0
1774172864,10,,Aggregated,11.100000,11.100000,510,510,510,510,550,1000,1200,2000,4300,4500,4500,1023,1023,510.0,587.8241753734212,501.0983429992848,4484.673931000543,0.0
1774172865,10,,Aggregated,11.100000,11.100000,510,510,510,510,550,1000,1200,2000,4300,4500,4500,1036,1036,510.0,586.8244267895839,501.0983429992848,4484.673931000543,0.0
1774172866,10,,Aggregated,11.200000,11.200000,510,510,510,510,540,1000,1200,2000,4300,4500,4500,1047,1047,510.0,585.9936953428925,501.0983429992848,4484.673931000543,0.0
1774172867,10,,Aggregated,11.200000,11.200000,510,510,510,510,540,1000,1200,2000,4300,4500,4500,1060,1060,510.0,585.0398101952907,501.0983429992848,4484.673931000543,0.0
1774172868,10,,Aggregated,11.200000,11.200000,510,510,510,510,540,1000,1200,2000,4300,4500,4500,1070,1070,510.0,584.3074179009437,501.0983429992848,4484.673931000543,0.0
1774172869,10,,Aggregated,11.400000,11.400000,510,510,510,510,540,1000,1200,2000,4300,4500,4500,1084,1084,510.0,583.3158456688286,501.0983429992848,4484.673931000543,0.0
1774172870,10,,Aggregated,11.300000,11.300000,510,510,510,510,530,1000,1200,2000,4300,4500,4500,1096,1096,510.0,582.4707478485478,501.0983429992848,4484.673931000543,0.0
1774172871,10,,Aggregated,11.300000,11.300000,510,510,510,510,530,1000,1200,2000,4300,4500,4500,1107,1107,510.0,581.7145196621573,501.0983429992848,4484.673931000543,0.0
1774172872,10,,Aggregated,11.300000,11.300000,510,510,510,510,530,1000,1200,2000,4300,4500,4500,1117,1117,510.0,581.0457032873848,501.0983429992848,4484.673931000543,0.0
1774172873,10,,Aggregated,11.800000,11.800000,510,510,510,510,530,1000,1200,2000,4300,4500,4500,1128,1128,510.0,580.3176622659649,501.0983429992848,4484.673931000543,0.0
1774172874,10,,Aggregated,11.700000,11.700000,510,510,510,510,530,1000,1200,2000,4300,4500,4500,1140,1140,510.0,579.5333913956202,501.0983429992848,4484.673931000543,0.0
1774172875,10,,Aggregated,11.600000,11.600000,510,510,510,510,530,1000,1200,2000,4300,4500,4500,1150,1150,510.0,578.9076726904414,501.0983429992848,4484.673931000543,0.0
1774172876,10,,Aggregated,11.600000,11.600000,510,510,510,510,520,1000,1200,2000,4300,4500,4500,1163,1163,510.0,578.5333737635476,501.0983429992848,4484.673931000543,0.0
1774172877,10,,Aggregated,11.700000,11.700000,510,510,510,510,530,1000,1200,2000,4300,4500,4500,1174,1174,510.0,578.7177840408925,501.0983429992848,4484.673931000543,0.0
1774172878,10,,Aggregated,11.400000,11.400000,510,510,510,510,520,1000,1200,2000,4300,4500,4500,1183,1183,510.0,578.1715684150541,501.0983429992848,4484.673931000543,0.0
1774172879,10,,Aggregated,11.300000,11.300000,510,510,510,510,530,1000,1200,2000,4300,4500,4500,1195,1195,510.0,578.2828954418493,501.0983429992848,4484.673931000543,0.0
1774172880,10,,Aggregated,11.200000,11.200000,510,510,510,510,520,1000,1100,2000,4300,4500,4500,1205,1205,510.0,577.6969467087206,501.0983429992848,4484.673931000543,0.0
1774172881,10,,Aggregated,11.200000,11.200000,510,510,510,510,530,1000,1100,2000,4300,4500,4500,1217,1217,510.0,577.4346837452819,501.0983429992848,4484.673931000543,0.0
1774172882,10,,Aggregated,11.100000,11.100000,510,510,510,510,530,1000,1100,2000,4300,4500,4500,1228,1228,510.0,576.829890162058,501.0983429992848,4484.673931000543,0.0
1774172883,10,,Aggregated,10.800000,10.800000,510,510,510,510,530,1000,1100,2000,4300,4500,4500,1240,1240,510.0,576.1817801661341,501.0983429992848,4484.673931000543,0.0
1774172884,10,,Aggregated,10.800000,10.800000,510,510,510,510,520,1000,1100,2000,4300,4500,4500,1252,1252,510.0,575.5134893210933,501.0983429992848,4484.673931000543,0.0
1774172885,10,,Aggregated,11.000000,11.000000,510,510,510,510,520,1000,1100,2000,4300,4500,4500,1263,1263,510.0,574.914124658756,501.0983429992848,4484.673931000543,0.0
1774172886,10,,Aggregated,11.100000,11.100000,510,510,510,510,520,1000,1100,2000,4300,4500,4500,1273,1273,510.0,574.3798678216883,501.0983429992848,4484.673931000543,0.0
1774172887,10,,Aggregated,11.100000,11.100000,510,510,510,510,520,1000,1100,2000,4300,4500,4500,1286,1286,510.0,573.7047821563046,501.0983429992848,4484.673931000543,0.0
1774172888,10,,Aggregated,11.300000,11.300000,510,510,510,510,520,1000,1100,2000,4300,4500,4500,1298,1298,510.0,573.8500624722717,501.0983429992848,4484.673931000543,0.0
1774172889,10,,Aggregated,11.200000,11.200000,510,510,510,510,520,1000,1100,2000,4300,4500,4500,1308,1308,510.0,573.722383489304,501.0983429992848,4484.673931000543,0.0
1774172890,10,,Aggregated,11.400000,11.400000,510,510,510,510,520,1000,1100,2000,4300,4500,4500,1322,1322,510.0,573.3781580363161,501.0983429992848,4484.673931000543,0.0
1774172891,10,,Aggregated,11.400000,11.400000,510,510,510,510,520,1000,1100,2000,4300,4500,4500,1333,1333,510.0,572.8329202033083,501.0983429992848,4484.673931000543,0.0
1774172892,10,,Aggregated,11.400000,11.400000,510,510,510,510,520,1000,1100,2000,4300,4500,4500,1345,1345,510.0,572.6159364550269,501.0983429992848,4484.673931000543,0.0
1774172893,10,,Aggregated,11.400000,11.400000,510,510,510,510,520,1000,1100,2000,4300,4500,4500,1355,1355,510.0,572.8582078103403,501.0983429992848,4484.673931000543,0.0
1774172894,10,,Aggregated,11.600000,11.600000,510,510,510,510,520,1000,1100,2000,4300,4500,4500,1367,1367,510.0,572.2732724213688,500.99656700058404,4484.673931000543,0.0
1774172895,10,,Aggregated,11.500000,11.500000,510,510,510,510,520,1000,1100,2000,4300,4500,4500,1379,1379,510.0,571.7161030014569,500.99656700058404,4484.673931000543,0.0
1774172896,10,,Aggregated,11.500000,11.500000,510,510,510,510,520,1000,1100,2000,4300,4500,4500,1390,1390,510.0,571.2135027302235,500.99656700058404,4484.673931000543,0.0
1774172897,10,,Aggregated,11.500000,11.500000,510,510,510,510,520,1000,1100,2000,4300,4500,4500,1400,1400,510.0,570.7554302221502,500.99656700058404,4484.673931000543,0.0
1774172898,10,,Aggregated,11.400000,11.400000,510,510,510,510,520,1000,1100,1900,4300,4500,4500,1414,1414,510.0,570.1262557538953,500.99656700058404,4484.673931000543,0.0
1774172899,10,,Aggregated,11.500000,11.500000,510,510,510,510,520,1000,1100,1900,4300,4500,4500,1425,1425,510.0,569.6400938105307,500.99656700058404,4484.673931000543,0.0
1774172900,10,,Aggregated,11.600000,11.600000,510,510,510,510,520,1000,1100,1900,4300,4500,4500,1436,1436,510.0,569.4948773071072,500.99656700058404,4484.673931000543,0.0
1774172901,10,,Aggregated,11.400000,11.400000,510,510,510,510,520,1000,1100,1900,4300,4500,4500,1446,1446,510.0,569.072111130019,500.99656700058404,4484.673931000543,0.0
1774172902,10,,Aggregated,11.500000,11.500000,510,510,510,510,520,1000,1100,1900,4300,4500,4500,1460,1460,510.0,568.4772463883612,500.99656700058404,4484.673931000543,0.0
1774172903,10,,Aggregated,11.600000,11.600000,510,510,510,510,520,1000,1100,1900,4300,4500,4500,1473,1473,510.0,567.9373464243085,500.99656700058404,4484.673931000543,0.0
1774172904,10,,Aggregated,11.500000,11.500000,510,510,510,510,520,1000,1100,1900,4300,4500,4500,1483,1483,510.0,567.8723192650064,500.99656700058404,4484.673931000543,0.0
1774172905,10,,Aggregated,11.500000,11.500000,510,510,510,510,520,1000,1100,1900,4300,4500,4500,1493,1493,510.0,567.8054178680518,500.99656700058404,4484.673931000543,0.0
1774172906,10,,Aggregated,11.500000,11.500000,510,510,510,510,520,1000,1100,1800,4300,4500,4500,1503,1503,510.0,567.7337983592818,500.99656700058404,4484.673931000543,0.0
1774172907,10,,Aggregated,11.300000,11.300000,510,510,510,510,520,1000,1100,1800,4300,4500,4500,1515,1515,510.0,567.9159488376246,500.99656700058404,4484.673931000543,0.0
1774172908,10,,Aggregated,11.400000,11.400000,510,510,510,510,520,1000,1100,1800,4300,4500,4500,1525,1525,510.0,567.5096513245904,500.99656700058404,4484.673931000543,0.0
1774172909,10,,Aggregated,11.500000,11.500000,510,510,510,510,520,1000,1100,1800,4300,4500,4500,1536,1536,510.0,567.4071980957034,500.99656700058404,4484.673931000543,0.0
1774172910,10,,Aggregated,11.300000,11.300000,510,510,510,510,520,1000,1100,1800,4300,4500,4500,1547,1547,510.0,566.974839147383,500.99656700058404,4484.673931000543,0.0
1774172911,10,,Aggregated,11.300000,11.300000,510,510,510,510,520,1000,1100,1800,4300,4500,4500,1562,1562,510.0,566.4122657644064,500.99656700058404,4484.673931000543,0.0
1774172912,10,,Aggregated,11.300000,11.300000,510,510,510,510,520,1000,1100,1800,4300,4500,4500,1573,1573,510.0,566.3020045626208,500.99656700058404,4484.673931000543,0.0
1774172913,10,,Aggregated,11.100000,11.100000,510,510,510,510,520,1000,1100,1800,4300,4500,4500,1583,1583,510.0,566.2376085710692,500.99656700058404,4484.673931000543,0.0
1774172914,10,,Aggregated,11.000000,11.000000,510,510,510,510,520,1000,1100,1800,4300,4500,4500,1596,1596,510.0,565.749062559525,500.99656700058404,4484.673931000543,0.0
1774172915,10,,Aggregated,11.400000,11.400000,510,510,510,510,520,1000,1100,1500,4300,4500,4500,1607,1607,510.0,565.962609894214,500.99656700058404,4484.673931000543,0.0
1774172916,10,,Aggregated,11.300000,11.300000,510,510,510,510,520,1000,1100,1500,4300,4500,4500,1618,1618,510.0,565.8668560179241,500.99656700058404,4484.673931000543,0.0
1774172917,10,,Aggregated,11.400000,11.400000,510,510,510,510,520,1000,1100,1500,4300,4500,4500,1630,1630,510.0,565.4310103049094,500.99656700058404,4484.673931000543,0.0
1774172918,10,,Aggregated,11.400000,11.400000,510,510,510,510,520,1000,1100,1500,4300,4500,4500,1641,1641,510.0,565.0598890103599,500.99656700058404,4484.673931000543,0.0
1774172919,10,,Aggregated,11.300000,11.300000,510,510,510,510,520,1000,1100,1500,4300,4500,4500,1654,1654,510.0,564.6073155985482,500.99656700058404,4484.673931000543,0.0
1774172920,10,,Aggregated,11.500000,11.500000,510,510,510,510,520,1000,1100,1500,4300,4500,4500,1665,1665,510.0,564.5191113837831,500.99656700058404,4484.673931000543,0.0
1774172921,10,,Aggregated,11.500000,11.500000,510,510,510,510,520,1000,1100,1500,4300,4500,4500,1676,1676,510.0,564.1382882941517,500.99656700058404,4484.673931000543,0.0
1774172922,10,,Aggregated,11.500000,11.500000,510,510,510,510,520,1000,1100,1500,4300,4500,4500,1689,1689,510.0,563.6914261415026,500.99656700058404,4484.673931000543,0.0
1774172923,10,,Aggregated,11.700000,11.700000,510,510,510,510,520,1000,1100,1500,4300,4500,4500,1699,1699,510.0,563.3606223537362,500.99656700058404,4484.673931000543,0.0
1774172924,10,,Aggregated,11.700000,11.700000,510,510,510,510,520,1000,1000,1300,4300,4500,4500,1711,1711,510.0,563.2559467130325,500.99656700058404,4484.673931000543,0.0
1774172925,10,,Aggregated,11.400000,11.400000,510,510,510,510,520,1000,1000,1300,4300,4500,4500,1722,1722,510.0,562.8996175900108,500.99656700058404,4484.673931000543,0.0
1774172926,10,,Aggregated,11.400000,11.400000,510,510,510,510,520,1000,1000,1300,4300,4500,4500,1736,1736,510.0,562.4444203899765,500.99656700058404,4484.673931000543,0.0
1774172927,10,,Aggregated,11.600000,11.600000,510,510,510,510,520,1000,1000,1300,4300,4500,4500,1747,1747,510.0,562.0938754138521,500.99656700058404,4484.673931000543,0.0
1774172928,10,,Aggregated,11.500000,11.500000,510,510,510,510,520,1000,1000,1300,4300,4500,4500,1758,1758,510.0,561.7476698600677,500.99656700058404,4484.673931000543,0.0
1774172929,10,,Aggregated,11.600000,11.600000,510,510,510,510,520,1000,1000,1300,4300,4500,4500,1768,1768,510.0,561.4454848218312,500.99656700058404,4484.673931000543,0.0
1774172930,10,,Aggregated,11.600000,11.600000,510,510,510,510,520,1000,1000,1300,4300,4500,4500,1781,1781,510.0,561.5998297254345,500.99656700058404,4484.673931000543,0.0
1774172931,10,,Aggregated,11.800000,11.800000,510,510,510,510,520,1000,1000,1300,4300,4500,4500,1792,1792,510.0,561.551317222098,500.99656700058404,4484.673931000543,0.0
1774172932,10,,Aggregated,11.500000,11.500000,510,510,510,510,520,1000,1000,1300,4300,4500,4500,1803,1803,510.0,561.2169589079307,500.99656700058404,4484.673931000543,0.0
1774172933,10,,Aggregated,11.600000,11.600000,510,510,510,510,520,1000,1000,1300,4300,4500,4500,1815,1815,510.0,560.8715727553708,500.99656700058404,4484.673931000543,0.0
1774172934,10,,Aggregated,11.600000,11.600000,510,510,510,510,520,1000,1000,1300,4300,4500,4500,1827,1827,510.0,560.5193139053088,500.99656700058404,4484.673931000543,0.0
1774172935,10,,Aggregated,11.600000,11.600000,510,510,510,510,520,1000,1000,1300,4300,4500,4500,1837,1837,510.0,560.5002510473595,500.99656700058404,4484.673931000543,0.0
1774172936,10,,Aggregated,11.600000,11.600000,510,510,510,510,520,1000,1000,1300,4300,4500,4500,1850,1850,510.0,560.1291901464862,500.99656700058404,4484.673931000543,0.0
1774172937,10,,Aggregated,11.500000,11.500000,510,510,510,510,520,1000,1000,1300,4300,4500,4500,1861,1861,510.0,559.809735236432,500.99656700058404,4484.673931000543,0.0
1774172938,10,,Aggregated,11.500000,11.500000,510,510,510,510,510,1000,1000,1300,4300,4500,4500,1872,1872,510.0,559.498550348823,500.99656700058404,4484.673931000543,0.0
1774172939,10,,Aggregated,11.400000,11.400000,510,510,510,510,510,1000,1000,1300,4300,4500,4500,1885,1885,510.0,559.1380032843467,500.99656700058404,4484.673931000543,0.0
1774172940,10,,Aggregated,11.300000,11.300000,510,510,510,510,510,1000,1000,1300,4300,4500,4500,1894,1894,510.0,558.8940317513169,500.99656700058404,4484.673931000543,0.0
1774172941,10,,Aggregated,11.300000,11.300000,510,510,510,510,510,1000,1000,1300,4300,4500,4500,1905,1905,510.0,558.8661102866106,500.99656700058404,4484.673931000543,0.0
1774172942,10,,Aggregated,11.600000,11.600000,510,510,510,510,510,1000,1000,1300,4300,4500,4500,1921,1921,510.0,558.4412515351354,500.99656700058404,4484.673931000543,0.0
1774172943,10,,Aggregated,11.500000,11.500000,510,510,510,510,510,1000,1000,1300,4300,4500,4500,1931,1931,510.0,558.1717187954407,500.99656700058404,4484.673931000543,0.0
1774172944,10,,Aggregated,11.400000,11.400000,510,510,510,510,510,1000,1000,1300,4300,4500,4500,1941,1941,510.0,557.9019027284884,500.99656700058404,4484.673931000543,0.0
1774172945,10,,Aggregated,11.400000,11.400000,510,510,510,510,510,1000,1000,1300,4300,4500,4500,1952,1952,510.0,557.8710040199787,500.99656700058404,4484.673931000543,0.0
1774172946,10,,Aggregated,11.400000,11.400000,510,510,510,510,510,1000,1000,1300,4300,4500,4500,1966,1966,510.0,557.5140040178028,500.99656700058404,4484.673931000543,0.0
1774172947,10,,Aggregated,11.300000,11.300000,510,510,510,510,510,1000,1000,1300,4300,4500,4500,1976,1976,510.0,557.2614938491896,500.99656700058404,4484.673931000543,0.0
1774172948,10,,Aggregated,11.500000,11.500000,510,510,510,510,510,1000,1000,1300,4300,4500,4500,1988,1988,510.0,556.9627719793748,500.99656700058404,4484.673931000543,0.0
1774172949,10,,Aggregated,11.500000,11.500000,510,510,510,510,510,1000,1000,1300,4300,4500,4500,1999,1999,510.0,556.934797611304,500.99656700058404,4484.673931000543,0.0
1774172950,10,,Aggregated,11.600000,11.600000,510,510,510,510,510,1000,1000,1200,4300,4500,4500,2011,2011,510.0,556.8825553381381,500.99656700058404,4484.673931000543,0.0
1774172951,10,,Aggregated,11.300000,11.300000,510,510,510,510,510,1000,1000,1200,4300,4500,4500,2021,2021,510.0,556.887580856999,500.99656700058404,4484.673931000543,0.0
1774172952,10,,Aggregated,11.300000,11.300000,510,510,510,510,510,1000,1000,1200,4300,4500,4500,2034,2034,510.0,556.8145323293984,500.99656700058404,4484.673931000543,0.0
1774172953,10,,Aggregated,11.300000,11.300000,510,510,510,510,510,1000,1000,1200,4300,4500,4500,2044,2044,510.0,556.5685314129145,500.99656700058404,4484.673931000543,0.0
1774172954,10,,Aggregated,11.400000,11.400000,510,510,510,510,510,1000,1000,1200,4300,4500,4500,2056,2056,510.0,556.5142914669242,500.99656700058404,4484.673931000543,0.0
1774172955,10,,Aggregated,11.300000,11.300000,510,510,510,510,510,1000,1000,1200,4300,4500,4500,2066,2066,510.0,556.2807040237153,500.99656700058404,4484.673931000543,0.0
1774172956,10,,Aggregated,11.300000,11.300000,510,510,510,510,510,1000,1000,1200,4300,4500,4500,2078,2078,510.0,555.9968558897966,500.99656700058404,4484.673931000543,0.0
1774172957,10,,Aggregated,11.400000,11.400000,510,510,510,510,510,1000,1000,1200,4300,4500,4500,2091,2091,510.0,555.6877879072194,500.99656700058404,4484.673931000543,0.0
1774172958,10,,Aggregated,11.500000,11.500000,510,510,510,510,510,1000,1000,1200,4300,4500,4500,2102,2102,510.0,555.4379351222619,500.99656700058404,4484.673931000543,0.0
1774172959,10,,Aggregated,11.400000,11.400000,510,510,510,510,510,1000,1000,1200,4300,4500,4500,2114,2114,510.0,555.4002650700072,500.99656700058404,4484.673931000543,0.0
1774172960,10,,Aggregated,11.200000,11.200000,510,510,510,510,510,1000,1000,1200,4300,4500,4500,2124,2124,510.0,555.175495922785,500.99656700058404,4484.673931000543,0.0
1774172961,10,,Aggregated,11.400000,11.400000,510,510,510,510,510,1000,1000,1200,4300,4500,4500,2136,2136,510.0,555.1457365107657,500.99656700058404,4484.673931000543,0.0
1774172962,10,,Aggregated,11.600000,11.600000,510,510,510,510,510,1000,1000,1200,4300,4500,4500,2147,2147,510.0,555.1302586203981,500.99656700058404,4484.673931000543,0.0
1774172963,10,,Aggregated,11.500000,11.500000,510,510,510,510,510,1000,1000,1200,4300,4500,4500,2158,2158,510.0,554.8832193711743,500.99656700058404,4484.673931000543,0.0
1774172964,10,,Aggregated,11.300000,11.300000,510,510,510,510,510,1000,1000,1200,4300,4500,4500,2168,2168,510.0,555.177191275827,500.99656700058404,4484.673931000543,0.0
1774172965,10,,Aggregated,11.500000,11.500000,510,510,510,510,510,1000,1000,1200,4300,4500,4500,2181,2181,510.0,554.9057815969712,500.99656700058404,4484.673931000543,0.0
1774172966,10,,Aggregated,11.400000,11.400000,510,510,510,510,510,1000,1000,1200,4300,4500,4500,2192,2192,510.0,555.1190093718039,500.99656700058404,4484.673931000543,0.0
1774172967,10,,Aggregated,11.700000,11.700000,510,510,510,510,510,1000,1000,1200,4300,4500,4500,2203,2203,510.0,554.8836789614134,500.99656700058404,4484.673931000543,0.0
1774172968,10,,Aggregated,11.100000,11.100000,510,510,510,510,510,1000,1000,1200,4300,4500,4500,2213,2213,510.0,554.9014021129664,500.99656700058404,4484.673931000543,0.0
1774172969,10,,Aggregated,11.600000,11.600000,510,510,510,510,510,1000,1000,1200,4300,4500,4500,2227,2227,510.0,554.6067517135135,500.99656700058404,4484.673931000543,0.0
1774172970,10,,Aggregated,11.400000,11.400000,510,510,510,510,510,1000,1000,1200,4300,4500,4500,2237,2237,510.0,554.3884633267746,500.99656700058404,4484.673931000543,0.0
1774172971,10,,Aggregated,11.400000,11.400000,510,510,510,510,510,1000,1000,1200,4300,4500,4500,2249,2249,510.0,554.1363395629146,500.99656700058404,4484.673931000543,0.0
1774172972,10,,Aggregated,11.200000,11.200000,510,510,510,510,510,1000,1000,1200,4300,4500,4500,2263,2263,510.0,554.0672215298266,500.99656700058404,4484.673931000543,0.0
1774172973,10,,Aggregated,11.200000,11.200000,510,510,510,510,510,1000,1000,1200,4300,4500,4500,2274,2274,510.0,553.8362755470529,500.99656700058404,4484.673931000543,0.0
1774172974,10,,Aggregated,11.500000,11.500000,510,510,510,510,510,1000,1000,1200,4300,4500,4500,2285,2285,510.0,553.6135026078764,500.99656700058404,4484.673931000543,0.0
1774172975,10,,Aggregated,11.200000,11.200000,510,510,510,510,510,1000,1000,1200,4300,4500,4500,2297,2297,510.0,553.3674393913791,500.99656700058404,4484.673931000543,0.0
1774172976,10,,Aggregated,11.500000,11.500000,510,510,510,510,510,1000,1000,1200,4300,4500,4500,2308,2308,510.0,553.150991181109,500.99656700058404,4484.673931000543,0.0
1774172977,10,,Aggregated,11.400000,11.400000,510,510,510,510,510,1000,1000,1200,4300,4500,4500,2319,2319,510.0,552.934561276412,500.99656700058404,4484.673931000543,0.0
1774172978,10,,Aggregated,11.700000,11.700000,510,510,510,510,510,1000,1000,1200,4300,4500,4500,2331,2331,510.0,552.6977521201197,500.99656700058404,4484.673931000543,0.0
1774172979,10,,Aggregated,11.300000,11.300000,510,510,510,510,510,1000,1000,1200,4300,4500,4500,2341,2341,510.0,552.4993061217425,500.99656700058404,4484.673931000543,0.0
1774172980,10,,Aggregated,11.600000,11.600000,510,510,510,510,510,1000,1000,1200,4300,4500,4500,2355,2355,510.0,552.2302503256899,500.99656700058404,4484.673931000543,0.0
1774172981,10,,Aggregated,11.500000,11.500000,510,510,510,510,510,1000,1000,1200,4300,4500,4500,2368,2368,510.0,552.18331071495,500.99656700058404,4484.673931000543,0.0
1774172982,10,,Aggregated,11.700000,11.700000,510,510,510,510,510,1000,1000,1200,4300,4500,4500,2378,2378,510.0,551.9956918486126,500.99656700058404,4484.673931000543,0.0
1774172983,10,,Aggregated,11.600000,11.600000,510,510,510,510,510,1000,1000,1200,4300,4500,4500,2387,2387,510.0,552.0318359719315,500.99656700058404,4484.673931000543,0.0
1774172984,10,,Aggregated,11.400000,11.400000,510,510,510,510,510,1000,1000,1200,4300,4500,4500,2398,2398,510.0,552.0296244295245,500.99656700058404,4484.673931000543,0.0
1774172985,10,,Aggregated,11.500000,11.500000,510,510,510,510,510,1000,1000,1100,4300,4500,4500,2411,2411,510.0,551.7878245346332,500.99656700058404,4484.673931000543,0.0
1774172986,10,,Aggregated,11.500000,11.500000,510,510,510,510,510,1000,1000,1100,4300,4500,4500,2424,2424,510.0,551.7552454521463,500.99656700058404,4484.673931000543,0.0
1774172987,10,,Aggregated,11.500000,11.500000,510,510,510,510,510,1000,1000,1100,4300,4500,4500,2435,2435,510.0,551.54967158727,500.99656700058404,4484.673931000543,0.0
1774172988,10,,Aggregated,11.400000,11.400000,510,510,510,510,510,1000,1000,1100,4300,4500,4500,2446,2446,510.0,551.3457548932959,500.99656700058404,4484.673931000543,0.0
1774172989,10,,Aggregated,11.400000,11.400000,510,510,510,510,510,1000,1000,1100,4300,4500,4500,2457,2457,510.0,551.1471069198211,500.99656700058404,4484.673931000543,0.0
1774172990,10,,Aggregated,11.500000,11.500000,510,510,510,510,510,1000,1000,1100,4300,4500,4500,2470,2470,510.0,550.9137977773281,500.99656700058404,4484.673931000543,0.0
1774172991,10,,Aggregated,11.600000,11.600000,510,510,510,510,510,1000,1000,1100,4300,4500,4500,2480,2480,510.0,550.7412929899195,500.99656700058404,4484.673931000543,0.0
1774172992,10,,Aggregated,11.300000,11.300000,510,510,510,510,510,1000,1000,1100,4300,4500,4500,2491,2491,510.0,550.5503499618621,500.99656700058404,4484.673931000543,0.0
1774172993,10,,Aggregated,11.300000,11.300000,510,510,510,510,510,1000,1000,1100,4300,4500,4500,2505,2505,510.0,550.5065286974043,500.99656700058404,4484.673931000543,0.0
1774172994,10,,Aggregated,11.700000,11.700000,510,510,510,510,510,1000,1000,1100,4300,4500,4500,2517,2517,510.0,550.3048425705198,500.99656700058404,4484.673931000543,0.0
1774172995,10,,Aggregated,11.800000,11.800000,510,510,510,510,510,1000,1000,1100,4300,4500,4500,2527,2527,510.0,550.3311410300744,500.99656700058404,4484.673931000543,0.0
1774172996,10,,Aggregated,11.600000,11.600000,510,510,510,510,510,1000,1000,1100,4300,4500,4500,2537,2537,510.0,550.1618808139523,500.99656700058404,4484.673931000543,0.0
1774172997,10,,Aggregated,11.300000,11.300000,510,510,510,510,510,1000,1000,1100,4300,4500,4500,2549,2549,510.0,549.9602448619047,500.99656700058404,4484.673931000543,0.0
1774172998,10,,Aggregated,11.400000,11.400000,510,510,510,510,510,1000,1000,1100,4300,4500,4500,2559,2559,510.0,549.985552858147,500.99656700058404,4484.673931000543,0.0
1774172999,10,,Aggregated,11.500000,11.500000,510,510,510,510,510,1000,1000,1100,4300,4500,4500,2572,2572,510.0,549.9606416108078,500.99656700058404,4484.673931000543,0.0
1774173000,10,,Aggregated,11.100000,11.100000,510,510,510,510,510,1000,1000,1100,4300,4500,4500,2584,2584,510.0,549.7667693831257,500.99656700058404,4484.673931000543,0.0
1774173001,10,,Aggregated,11.400000,11.400000,510,510,510,510,510,1000,1000,1100,4300,4500,4500,2595,2595,510.0,549.5936818628115,500.99656700058404,4484.673931000543,0.0
1774173002,10,,Aggregated,11.500000,11.500000,510,510,510,510,510,1000,1000,1100,4300,4500,4500,2605,2605,510.0,549.6254704095956,500.99656700058404,4484.673931000543,0.0
1774173003,10,,Aggregated,11.600000,11.600000,510,510,510,510,510,1000,1000,1100,4300,4500,4500,2619,2619,510.0,549.3985685925911,500.99656700058404,4484.673931000543,0.0
1774173004,10,,Aggregated,11.200000,11.200000,510,510,510,510,510,1000,1000,1100,4300,4500,4500,2630,2630,510.0,549.2309258539908,500.99656700058404,4484.673931000543,0.0
1774173005,10,,Aggregated,11.200000,11.200000,510,510,510,510,510,1000,1000,1100,4300,4500,4500,2640,2640,510.0,549.0712211011356,500.99656700058404,4484.673931000543,0.0
1774173006,10,,Aggregated,11.400000,11.400000,510,510,510,510,510,1000,1000,1100,4300,4500,4500,2653,2653,510.0,549.0533336984532,500.99656700058404,4484.673931000543,0.0
1774173007,10,,Aggregated,11.500000,11.500000,510,510,510,510,510,1000,1000,1100,4300,4500,4500,2664,2664,510.0,548.8761778111854,500.99656700058404,4484.673931000543,0.0
1774173008,10,,Aggregated,11.400000,11.400000,510,510,510,510,510,1000,1000,1100,4300,4500,4500,2675,2675,510.0,548.7046620183169,500.99656700058404,4484.673931000543,0.0
1774173009,10,,Aggregated,11.200000,11.200000,510,510,510,510,510,1000,1000,1100,4300,4500,4500,2686,2686,510.0,548.5366913436324,500.99656700058404,4484.673931000543,0.0
1774173010,10,,Aggregated,11.500000,11.500000,510,510,510,510,510,1000,1000,1100,4300,4500,4500,2700,2700,510.0,548.3257168211103,500.99656700058404,4484.673931000543,0.0
1774173011,10,,Aggregated,11.300000,11.300000,510,510,510,510,510,1000,1000,1100,4300,4500,4500,2711,2711,510.0,548.3486984758374,500.99656700058404,4484.673931000543,0.0
1774173012,10,,Aggregated,11.500000,11.500000,510,510,510,510,510,1000,1000,1100,4300,4500,4500,2721,2721,510.0,548.7430969977931,500.99656700058404,4484.673931000543,0.0
1774173013,10,,Aggregated,11.400000,11.400000,510,510,510,510,510,1000,1000,1100,4300,4500,4500,2731,2731,510.0,548.5935111413385,500.99656700058404,4484.673931000543,0.0
1774173014,10,,Aggregated,11.300000,11.300000,510,510,510,510,510,1000,1000,1100,4300,4500,4500,2742,2742,510.0,548.4763581608287,500.99656700058404,4484.673931000543,0.0
1774173015,10,,Aggregated,11.300000,11.300000,510,510,510,510,510,1000,1000,1100,4300,4500,4500,2752,2752,510.0,548.5077781242704,500.99656700058404,4484.673931000543,0.0
1774173016,10,,Aggregated,11.000000,11.000000,510,510,510,510,510,1000,1000,1100,4300,4500,4500,2764,2764,510.0,548.3312256649758,500.99656700058404,4484.673931000543,0.0
1774173017,10,,Aggregated,11.000000,11.000000,510,510,510,510,510,1000,1000,1100,4300,4500,4500,2778,2778,510.0,548.3075931965424,500.99656700058404,4484.673931000543,0.0
1774173018,10,,Aggregated,11.200000,11.200000,510,510,510,510,510,1000,1000,1100,4300,4500,4500,2789,2789,510.0,548.3299470917875,500.99656700058404,4484.673931000543,0.0
1774173019,10,,Aggregated,11.600000,11.600000,510,510,510,510,510,1000,1000,1100,4300,4500,4500,2799,2799,510.0,548.3576972118598,500.99656700058404,4484.673931000543,0.0
1774173020,10,,Aggregated,11.400000,11.400000,510,510,510,510,510,1000,1000,1100,4300,4500,4500,2810,2810,510.0,548.3774525768677,500.99656700058404,4484.673931000543,0.0
1774173021,10,,Aggregated,11.100000,11.100000,510,510,510,510,510,1000,1000,1100,4300,4500,4500,2823,2823,510.0,548.3601683606086,500.99656700058404,4484.673931000543,0.0
1774173022,10,,Aggregated,10.800000,10.800000,510,510,510,510,510,1000,1000,1100,4300,4500,4500,2835,2835,510.0,548.1848559248671,500.99656700058404,4484.673931000543,0.0
1774173023,10,,Aggregated,11.200000,11.200000,510,510,510,510,510,1000,1000,1100,4300,4500,4500,2847,2847,510.0,548.0076970245866,500.99656700058404,4484.673931000543,0.0
1774173024,10,,Aggregated,11.600000,11.600000,510,510,510,510,510,1000,1000,1100,4300,4500,4500,2858,2858,510.0,547.8503822109857,500.99656700058404,4484.673931000543,0.0
1774173025,10,,Aggregated,11.500000,11.500000,510,510,510,510,510,1000,1000,1100,4300,4500,4500,2868,2868,510.0,547.7110249637362,500.99656700058404,4484.673931000543,0.0
1774173026,10,,Aggregated,11.500000,11.500000,510,510,510,510,510,1000,1000,1100,4300,4500,4500,2880,2880,510.0,547.5411952826366,500.99656700058404,4484.673931000543,0.0
1774173027,10,,Aggregated,11.700000,11.700000,510,510,510,510,510,1000,1000,1100,4300,4500,4500,2890,2890,510.0,547.7437030245652,500.99656700058404,4484.673931000543,0.0
1774173028,10,,Aggregated,11.700000,11.700000,510,510,510,510,510,1000,1000,1100,4300,4500,4500,2901,2901,510.0,547.7643693950336,500.99656700058404,4484.673931000543,0.0
1774173029,10,,Aggregated,11.100000,11.100000,510,510,510,510,510,1000,1000,1100,4300,4500,4500,2913,2913,510.0,547.760047157567,500.99656700058404,4484.673931000543,0.0
1774173030,10,,Aggregated,11.200000,11.200000,510,510,510,510,510,1000,1000,1100,4300,4500,4500,2923,2923,510.0,547.9589753585334,500.99656700058404,4484.673931000543,0.0
1774173031,10,,Aggregated,11.600000,11.600000,510,510,510,510,510,1000,1000,1100,4300,4500,4500,2934,2934,510.0,547.8066939730721,500.99656700058404,4484.673931000543,0.0
1774173032,10,,Aggregated,11.400000,11.400000,510,510,510,510,510,1000,1000,1100,4300,4500,4500,2946,2946,510.0,547.9747065818036,500.99656700058404,4484.673931000543,0.0
1774173033,10,,Aggregated,11.200000,11.200000,510,510,510,510,510,1000,1000,1100,4300,4500,4500,2959,2959,510.0,547.7933317887765,500.99656700058404,4484.673931000543,0.0
1774173034,10,,Aggregated,11.100000,11.100000,510,510,510,510,510,1000,1000,1100,4300,4500,4500,2970,2970,510.0,547.6395102161581,500.99656700058404,4484.673931000543,0.0
1774173035,10,,Aggregated,11.100000,11.100000,510,510,510,510,510,1000,1000,1100,4300,4500,4500,2982,2982,510.0,547.4741214624374,500.99656700058404,4484.673931000543,0.0
1774173036,10,,Aggregated,11.300000,11.300000,510,510,510,510,510,1000,1000,1100,4300,4500,4500,2993,2993,510.0,547.3233387704605,500.99656700058404,4484.673931000543,0.0
1774173037,10,,Aggregated,11.100000,11.100000,510,510,510,510,510,1000,1000,1100,4200,4500,4500,3003,3003,510.0,547.1899345567732,500.99656700058404,4484.673931000543,0.0
1774173038,10,,Aggregated,11.000000,11.000000,510,510,510,510,510,1000,1000,1100,4200,4500,4500,3015,3015,510.0,547.1963522530649,500.99656700058404,4484.673931000543,0.0
1774173039,10,,Aggregated,11.300000,11.300000,510,510,510,510,510,1000,1000,1100,4200,4500,4500,3028,3028,510.0,547.5171483130749,500.99656700058404,4484.673931000543,0.0
1774173040,10,,Aggregated,11.600000,11.600000,510,510,510,510,510,1000,1000,1100,4200,4500,4500,3040,3040,510.0,547.518282231247,500.99656700058404,4484.673931000543,0.0
1774173041,10,,Aggregated,11.500000,11.500000,510,510,510,510,510,1000,1000,1100,4200,4500,4500,3051,3051,510.0,547.3741044893447,500.99656700058404,4484.673931000543,0.0
1774173042,10,,Aggregated,11.500000,11.500000,510,510,510,510,510,1000,1000,1100,4200,4500,4500,3063,3063,510.0,547.2188475517436,500.99656700058404,4484.673931000543,0.0
1774173043,10,,Aggregated,11.500000,11.500000,510,510,510,510,510,1000,1000,1100,4200,4500,4500,3073,3073,510.0,547.0921659410968,500.99656700058404,4484.673931000543,0.0
1774173044,10,,Aggregated,11.400000,11.400000,510,510,510,510,510,1000,1000,1100,4200,4500,4500,3087,3087,510.0,546.909412466145,500.99656700058404,4484.673931000543,0.0
1774173045,10,,Aggregated,11.500000,11.500000,510,510,510,510,510,1000,1000,1100,4200,4500,4500,3098,3098,510.0,546.769189913489,500.99656700058404,4484.673931000543,0.0
1774173046,10,,Aggregated,11.500000,11.500000,510,510,510,510,510,1000,1000,1100,4200,4500,4500,3111,3111,510.0,546.612881918029,500.99656700058404,4484.673931000543,0.0
1774173047,10,,Aggregated,11.600000,11.600000,510,510,510,510,510,1000,1000,1100,4200,4500,4500,3121,3121,510.0,546.489213117266,500.99656700058404,4484.673931000543,0.0
1774173048,10,,Aggregated,11.800000,11.800000,510,510,510,510,510,1000,1000,1100,4200,4500,4500,3133,3133,510.0,546.3359634178063,500.99656700058404,4484.673931000543,0.0
1774173049,10,,Aggregated,11.700000,11.700000,510,510,510,510,510,1000,1000,1100,4200,4500,4500,3146,3146,510.0,546.1752243331172,500.99656700058404,4484.673931000543,0.0
1774173050,10,,Aggregated,11.500000,11.500000,510,510,510,510,510,1000,1000,1100,4200,4500,4500,3156,3156,510.0,546.2039323317446,500.99656700058404,4484.673931000543,0.0
1774173051,10,,Aggregated,11.400000,11.400000,510,510,510,510,510,1000,1000,1100,4200,4500,4500,3166,3166,510.0,546.2383610457939,500.99656700058404,4484.673931000543,0.0
1774173052,10,,Aggregated,11.800000,11.800000,510,510,510,510,510,1000,1000,1100,4200,4500,4500,3178,3178,510.0,546.2484322243498,500.99656700058404,4484.673931000543,0.0
1774173053,10,,Aggregated,11.700000,11.700000,510,510,510,510,510,1000,1000,1100,4200,4500,4500,3190,3190,510.0,546.2617078742893,500.99656700058404,4484.673931000543,0.0
1774173054,10,,Aggregated,11.800000,11.800000,510,510,510,510,510,1000,1000,1100,4200,4500,4500,3200,3200,510.0,546.2957704187448,500.99656700058404,4484.673931000543,0.0
1774173055,10,,Aggregated,11.700000,11.700000,510,510,510,510,510,1000,1000,1100,4200,4500,4500,3213,3213,510.0,546.2945002147467,500.99656700058404,4484.673931000543,0.0
1774173056,10,,Aggregated,11.600000,11.600000,510,510,510,510,510,1000,1000,1100,4200,4500,4500,3224,3224,510.0,546.1556253551425,500.99656700058404,4484.673931000543,0.0
1774173057,10,,Aggregated,11.400000,11.400000,510,510,510,510,510,1000,1000,1100,4200,4500,4500,3235,3235,510.0,546.0242084843829,500.99656700058404,4484.673931000543,0.0
1774173058,10,,Aggregated,11.300000,11.300000,510,510,510,510,510,1000,1000,1100,4200,4500,4500,3247,3247,510.0,545.8789658694112,500.99656700058404,4484.673931000543,0.0
1774173059,10,,Aggregated,11.400000,11.400000,510,510,510,510,510,1000,1000,1100,4200,4500,4500,3260,3260,510.0,545.7247047653304,500.99656700058404,4484.673931000543,0.0
1774173060,10,,Aggregated,11.300000,11.300000,510,510,510,510,510,1000,1000,1100,4200,4500,4500,3272,3272,510.0,545.5849263905802,500.99656700058404,4484.673931000543,0.0
1774173061,10,,Aggregated,11.600000,11.600000,510,510,510,510,510,1000,1000,1100,4200,4500,4500,3283,3283,510.0,545.4842555321278,500.99656700058404,4484.673931000543,0.0
1774173062,10,,Aggregated,11.400000,11.400000,510,510,510,510,510,1000,1000,1100,4200,4500,4500,3296,3296,510.0,545.5000557475652,500.99656700058404,4484.673931000543,0.0
1774173063,10,,Aggregated,11.500000,11.500000,510,510,510,510,510,1000,1000,1100,4200,4500,4500,3307,3307,510.0,545.3709379213706,500.99656700058404,4484.673931000543,0.0
1774173064,10,,Aggregated,11.500000,11.500000,510,510,510,510,510,1000,1000,1100,4200,4500,4500,3319,3319,510.0,545.2353714486209,500.99656700058404,4484.673931000543,0.0
1774173065,10,,Aggregated,11.500000,11.500000,510,510,510,510,510,1000,1000,1100,4200,4500,4500,3331,3331,510.0,545.2440335040441,500.99656700058404,4484.673931000543,0.0
1774173066,10,,Aggregated,11.600000,11.600000,510,510,510,510,510,1000,1000,1100,4200,4500,4500,3341,3341,510.0,545.1278946120837,500.99656700058404,4484.673931000543,0.0
1774173067,10,,Aggregated,11.900000,11.900000,510,510,510,510,510,1000,1000,1100,4200,4500,4500,3354,3354,510.0,544.9880596621865,500.99656700058404,4484.673931000543,0.0
1774173068,10,,Aggregated,11.900000,11.900000,510,510,510,510,510,1000,1000,1100,4200,4500,4500,3366,3366,510.0,545.0015568244124,500.99656700058404,4484.673931000543,0.0
1774173069,10,,Aggregated,11.900000,11.900000,510,510,510,510,510,1000,1000,1100,4200,4500,4500,3376,3376,510.0,545.037076534648,500.99656700058404,4484.673931000543,0.0
1774173070,10,,Aggregated,11.800000,11.800000,510,510,510,510,510,1000,1000,1100,4200,4500,4500,3387,3387,510.0,545.0597437540506,500.99656700058404,4484.673931000543,0.0
1774173071,10,,Aggregated,11.700000,11.700000,510,510,510,510,510,1000,1000,1100,4200,4500,4500,3398,3398,510.0,544.9385041409564,500.99656700058404,4484.673931000543,0.0
1774173072,10,,Aggregated,11.500000,11.500000,510,510,510,510,510,1000,1000,1000,4200,4500,4500,3411,3411,510.0,544.7918230134775,500.99656700058404,4484.673931000543,0.0
1774173073,10,,Aggregated,11.500000,11.500000,510,510,510,510,510,1000,1000,1000,4200,4500,4500,3423,3423,510.0,544.6666774180462,500.99656700058404,4484.673931000543,0.0
1774173074,10,,Aggregated,11.400000,11.400000,510,510,510,510,510,1000,1000,1000,4200,4500,4500,3434,3434,510.0,544.5455269306852,500.99656700058404,4484.673931000543,0.0
1774173075,10,,Aggregated,11.500000,11.500000,510,510,510,510,510,1000,1000,1000,4200,4500,4500,3445,3445,510.0,544.4297450240857,500.99656700058404,4484.673931000543,0.0
1774173076,10,,Aggregated,11.600000,11.600000,510,510,510,510,510,1000,1000,1000,4200,4500,4500,3456,3456,510.0,544.4566371105255,500.99656700058404,4484.673931000543,0.0
1774173077,10,,Aggregated,11.300000,11.300000,510,510,510,510,510,1000,1000,1000,4200,4500,4500,3469,3469,510.0,544.3147852888374,500.99656700058404,4484.673931000543,0.0
1774173078,10,,Aggregated,11.200000,11.200000,510,510,510,510,510,1000,1000,1000,4200,4500,4500,3482,3482,510.0,544.1832622857489,500.99656700058404,4484.673931000543,0.0
1774173079,10,,Aggregated,11.200000,11.200000,510,510,510,510,510,1000,1000,1000,4200,4500,4500,3493,3493,510.0,544.0675645551041,500.99656700058404,4484.673931000543,0.0
1774173080,10,,Aggregated,11.600000,11.600000,510,510,510,510,510,1000,1000,1000,4200,4500,4500,3503,3503,510.0,543.966225437333,500.99656700058404,4484.673931000543,0.0
1774173081,10,,Aggregated,11.500000,11.500000,510,510,510,510,510,1000,1000,1000,4200,4500,4500,3515,3515,510.0,543.9819318773765,500.99656700058404,4484.673931000543,0.0
1774173082,10,,Aggregated,11.700000,11.700000,510,510,510,510,510,1000,1000,1000,4200,4500,4500,3526,3526,510.0,543.8660023916552,500.99656700058404,4484.673931000543,0.0
1774173083,10,,Aggregated,11.600000,11.600000,510,510,510,510,510,1000,1000,1000,4200,4500,4500,3537,3537,510.0,543.7490211153454,500.99656700058404,4484.673931000543,0.0
1774173084,10,,Aggregated,11.600000,11.600000,510,510,510,510,510,1000,1000,1000,4200,4500,4500,3546,3546,510.0,543.6569463062541,500.99656700058404,4484.673931000543,0.0
1774173085,10,,Aggregated,11.500000,11.500000,510,510,510,510,510,1000,1000,1000,4200,4500,4500,3561,3561,510.0,543.640662271828,500.99656700058404,4484.673931000543,0.0
1774173086,10,,Aggregated,11.300000,11.300000,510,510,510,510,510,1000,1000,1000,4200,4500,4500,3571,3571,510.0,543.5385944950937,500.99656700058404,4484.673931000543,0.0
1774173087,10,,Aggregated,11.300000,11.300000,510,510,510,510,510,1000,1000,1000,4200,4500,4500,3581,3581,510.0,543.4400104861709,500.99656700058404,4484.673931000543,0.0
1774173088,10,,Aggregated,11.600000,11.600000,510,510,510,510,510,1000,1000,1000,4200,4500,4500,3593,3593,510.0,543.4630108619472,500.99656700058404,4484.673931000543,0.0
1774173089,10,,Aggregated,11.500000,11.500000,510,510,510,510,510,1000,1000,1000,4200,4500,4500,3606,3606,510.0,543.3317941769207,500.99656700058404,4484.673931000543,0.0
1774173090,10,,Aggregated,11.100000,11.100000,510,510,510,510,510,1000,1000,1000,4200,4500,4500,3618,3618,510.0,543.2108316459305,500.99656700058404,4484.673931000543,0.0
1774173092,10,,Aggregated,11.100000,11.100000,510,510,510,510,510,1000,1000,1000,4200,4500,4500,3630,3630,510.0,543.0897979082574,500.99656700058404,4484.673931000543,0.0
1774173093,10,,Aggregated,11.300000,11.300000,510,510,510,510,510,890,1000,1000,4200,4500,4500,3641,3641,510.0,542.9771696478917,500.99656700058404,4484.673931000543,0.0
1774173094,10,,Aggregated,11.400000,11.400000,510,510,510,510,510,890,1000,1000,4200,4500,4500,3651,3651,510.0,542.8858679810941,500.99656700058404,4484.673931000543,0.0
1774173095,10,,Aggregated,11.500000,11.500000,510,510,510,510,510,830,1000,1000,4200,4500,4500,3663,3663,510.0,542.7658487422814,500.99656700058404,4484.673931000543,0.0
1774173096,10,,Aggregated,11.500000,11.500000,510,510,510,510,510,830,1000,1000,4200,4500,4500,3676,3676,510.0,542.6432023378611,500.99656700058404,4484.673931000543,0.0
1774173097,10,,Aggregated,11.600000,11.600000,510,510,510,510,510,830,1000,1000,4200,4500,4500,3689,3689,510.0,542.6548761306528,500.99656700058404,4484.673931000543,0.0
1774173098,10,,Aggregated,11.600000,11.600000,510,510,510,510,510,810,1000,1000,4200,4500,4500,3701,3701,510.0,542.537893019989,500.99656700058404,4484.673931000543,0.0
1774173099,10,,Aggregated,11.500000,11.500000,510,510,510,510,510,810,1000,1000,4200,4500,4500,3711,3711,510.0,542.4425476623493,500.99656700058404,4484.673931000543,0.0
1774173100,10,,Aggregated,11.700000,11.700000,510,510,510,510,510,810,1000,1000,4200,4500,4500,3722,3722,510.0,542.339665837447,500.99656700058404,4484.673931000543,0.0
1774173101,10,,Aggregated,12.000000,12.000000,510,510,510,510,510,810,1000,1000,4200,4500,4500,3733,3733,510.0,542.2445215633483,500.99656700058404,4484.673931000543,0.0
1774173102,10,,Aggregated,11.800000,11.800000,510,510,510,510,510,730,1000,1000,4200,4500,4500,3743,3743,510.0,542.1467831709803,500.99656700058404,4484.673931000543,0.0
1774173103,10,,Aggregated,11.600000,11.600000,510,510,510,510,510,730,1000,1000,4200,4500,4500,3754,3754,510.0,542.0489094959983,500.99656700058404,4484.673931000543,0.0
1774173104,10,,Aggregated,11.300000,11.300000,510,510,510,510,510,730,1000,1000,4200,4500,4500,3769,3769,510.0,542.0375628224932,500.99656700058404,4484.673931000543,0.0
1774173105,10,,Aggregated,11.300000,11.300000,510,510,510,510,510,810,1000,1000,4200,4500,4500,3780,3780,510.0,542.0661935875597,500.99656700058404,4484.673931000543,0.0
1774173106,10,,Aggregated,11.700000,11.700000,510,510,510,510,510,730,1000,1000,4200,4500,4500,3791,3791,510.0,541.9663913761482,500.99656700058404,4484.673931000543,0.0
1774173107,10,,Aggregated,11.500000,11.500000,510,510,510,510,510,710,1000,1000,4200,4500,4500,3803,3803,510.0,541.8545700865045,500.99656700058404,4484.673931000543,0.0
1774173108,10,,Aggregated,11.300000,11.300000,510,510,510,510,510,710,1000,1000,4200,4500,4500,3813,3813,510.0,541.763869998682,500.99656700058404,4484.673931000543,0.0
1774173109,10,,Aggregated,11.300000,11.300000,510,510,510,510,510,730,1000,1000,4200,4500,4500,3825,3825,510.0,541.9110546360715,500.99656700058404,4484.673931000543,0.0
1774173110,10,,Aggregated,11.100000,11.100000,510,510,510,510,510,730,1000,1000,4200,4500,4500,3837,3837,510.0,541.8025062152651,500.99656700058404,4484.673931000543,0.0
1774173111,10,,Aggregated,11.100000,11.100000,510,510,510,510,510,710,1000,1000,4200,4500,4500,3849,3849,510.0,541.701270757072,500.99656700058404,4484.673931000543,0.0
1774173112,10,,Aggregated,11.300000,11.300000,510,510,510,510,510,710,1000,1000,4200,4500,4500,3861,3861,510.0,541.7248523473114,500.99656700058404,4484.673931000543,0.0
1774173113,10,,Aggregated,11.600000,11.600000,510,510,510,510,510,730,1000,1000,4200,4500,4500,3871,3871,510.0,541.7667184675709,500.99656700058404,4484.673931000543,0.0
1774173114,10,,Aggregated,11.600000,11.600000,510,510,510,510,510,810,1000,1000,4200,4500,4500,3881,3881,510.0,541.9310973432018,500.99656700058404,4484.673931000543,0.0
1774173115,10,,Aggregated,11.600000,11.600000,510,510,510,510,510,810,1000,1000,4200,4500,4500,3892,3892,510.0,541.8350181734241,500.99656700058404,4484.673931000543,0.0
1774173116,10,,Aggregated,11.300000,11.300000,510,510,510,510,510,730,1000,1000,4200,4500,4500,3902,3902,510.0,541.744265594302,500.99656700058404,4484.673931000543,0.0
1774173117,10,,Aggregated,11.300000,11.300000,510,510,510,510,510,830,1000,1000,4200,4500,4500,3913,3913,510.0,542.027002363651,500.99656700058404,4484.673931000543,0.0
1774173118,10,,Aggregated,11.200000,11.200000,510,510,510,510,510,890,1000,1000,4200,4500,4500,3927,3927,510.0,542.1518867560392,500.99656700058404,4484.673931000543,0.0
1774173119,10,,Aggregated,11.100000,11.100000,510,510,510,510,510,1000,1000,1000,4200,4500,4500,3937,3937,510.0,542.1862759049951,500.99656700058404,4484.673931000543,0.0
1774173120,10,,Aggregated,11.100000,11.100000,510,510,510,510,510,1000,1000,1000,4200,4500,4500,3946,3946,510.0,542.2331283350142,500.99656700058404,4484.673931000543,0.0
1774173121,10,,Aggregated,11.000000,11.000000,510,510,510,510,510,1000,1000,1000,4200,4500,4500,3959,3959,510.0,542.243857996455,500.99656700058404,4484.673931000543,0.0
1774173122,10,,Aggregated,11.100000,11.100000,510,510,510,510,510,1000,1000,1000,4200,4500,4500,3970,3970,510.0,542.2692575244247,500.99656700058404,4484.673931000543,0.0
1774173123,10,,Aggregated,10.900000,10.900000,510,510,510,510,510,1000,1000,1000,4200,4500,4500,3984,3984,510.0,542.1469981877427,500.99656700058404,4484.673931000543,0.0
1774173124,10,,Aggregated,11.000000,11.000000,510,510,510,510,510,1000,1000,1000,4200,4500,4500,3995,3995,510.0,542.0498279371634,500.99656700058404,4484.673931000543,0.0
1774173125,10,,Aggregated,11.100000,11.100000,510,510,510,510,510,890,1000,1000,4200,4500,4500,4008,4008,510.0,541.9341899805302,500.99656700058404,4484.673931000543,0.0
1774173126,10,,Aggregated,11.200000,11.200000,510,510,510,510,510,890,1000,1000,4200,4500,4500,4019,4019,510.0,541.8401723403746,500.99656700058404,4484.673931000543,0.0
1774173127,10,,Aggregated,11.200000,11.200000,510,510,510,510,510,830,1000,1000,4200,4500,4500,4028,4028,510.0,541.778237272584,500.99656700058404,4484.673931000543,0.0
1774173128,10,,Aggregated,11.600000,11.600000,510,510,510,510,510,830,1000,1000,4200,4500,4500,4041,4041,510.0,541.7923888094454,500.99656700058404,4484.673931000543,0.0
1774173129,10,,Aggregated,11.500000,11.500000,510,510,510,510,510,830,1000,1000,4200,4500,4500,4053,4053,510.0,541.688448004927,500.99656700058404,4484.673931000543,0.0
1774173130,10,,Aggregated,11.500000,11.500000,510,510,510,510,510,810,1000,1000,4200,4500,4500,4064,4064,510.0,541.5944489948253,500.99656700058404,4484.673931000543,0.0
1774173131,10,,Aggregated,11.400000,11.400000,510,510,510,510,510,810,1000,1000,4200,4500,4500,4075,4075,510.0,541.5035821214648,500.99656700058404,4484.673931000543,0.0
1774173132,10,,Aggregated,11.800000,11.800000,510,510,510,510,510,810,1000,1000,4200,4500,4500,4086,4086,510.0,541.4148537457089,500.99656700058404,4484.673931000543,0.0
1774173133,10,,Aggregated,11.600000,11.600000,510,510,510,510,510,810,1000,1000,4200,4500,4500,4098,4098,510.0,541.4444498862782,500.99656700058404,4484.673931000543,0.0
1774173134,10,,Aggregated,11.600000,11.600000,510,510,510,510,510,810,1000,1000,4200,4500,4500,4110,4110,510.0,541.3409815158075,500.99656700058404,4484.673931000543,0.0
1774173135,10,,Aggregated,11.600000,11.600000,510,510,510,510,510,730,1000,1000,4200,4500,4500,4124,4124,510.0,541.2240063869954,500.99656700058404,4484.673931000543,0.0
1774173136,10,,Aggregated,11.600000,11.600000,510,510,510,510,510,730,1000,1000,4200,4500,4500,4134,4134,510.0,541.1464182140706,500.99656700058404,4484.673931000543,0.0
1774173137,10,,Aggregated,11.600000,11.600000,510,510,510,510,510,710,1000,1000,4200,4500,4500,4144,4144,510.0,541.0642636228206,500.99656700058404,4484.673931000543,0.0
1774173138,10,,Aggregated,11.600000,11.600000,510,510,510,510,510,710,1000,1000,4200,4500,4500,4157,4157,510.0,540.9555783310001,500.99656700058404,4484.673931000543,0.0
1774173139,10,,Aggregated,11.600000,11.600000,510,510,510,510,510,710,1000,1000,4200,4500,4500,4168,4168,510.0,540.9841526074775,500.99656700058404,4484.673931000543,0.0
1774173140,10,,Aggregated,11.500000,11.500000,510,510,510,510,510,710,1000,1000,4200,4500,4500,4181,4181,510.0,540.9959962571075,500.99656700058404,4484.673931000543,0.0
1774173141,10,,Aggregated,11.700000,11.700000,510,510,510,510,510,730,1000,1000,4200,4500,4500,4191,4191,510.0,541.030707897869,500.99656700058404,4484.673931000543,0.0
1774173142,10,,Aggregated,11.300000,11.300000,510,510,510,510,510,730,1000,1000,4200,4500,4500,4202,4202,510.0,541.0582041399259,500.99656700058404,4484.673931000543,0.0
1774173143,10,,Aggregated,11.600000,11.600000,510,510,510,510,510,810,1000,1000,4200,4500,4500,4215,4215,510.0,541.0731246540851,500.99656700058404,4484.673931000543,0.0
1774173144,10,,Aggregated,11.600000,11.600000,510,510,510,510,510,730,1000,1000,4200,4500,4500,4225,4225,510.0,540.9896562563237,500.99656700058404,4484.673931000543,0.0
1774173145,10,,Aggregated,11.500000,11.500000,510,510,510,510,510,810,1000,1000,4200,4500,4500,4237,4237,510.0,541.0111460209977,500.99656700058404,4484.673931000543,0.0
1774173146,10,,Aggregated,11.500000,11.500000,510,510,510,510,510,730,1000,1000,4200,4500,4500,4250,4250,510.0,540.9058582959924,500.99656700058404,4484.673931000543,0.0
1774173147,10,,Aggregated,11.500000,11.500000,510,510,510,510,510,810,1000,1000,4200,4500,4500,4260,4260,510.0,540.9416215286302,500.99656700058404,4484.673931000543,0.0
1774173148,10,,Aggregated,11.500000,11.500000,510,510,510,510,510,810,1000,1000,4200,4500,4500,4272,4272,510.0,540.9618569264898,500.99656700058404,4484.673931000543,0.0
1774173149,10,,Aggregated,11.500000,11.500000,510,510,510,510,510,730,1000,1000,4200,4500,4500,4285,4285,510.0,540.8600090422319,500.99656700058404,4484.673931000543,0.0
1774173150,10,,Aggregated,11.600000,11.600000,510,510,510,510,510,810,1000,1000,4200,4500,4500,4295,4295,510.0,540.893662717803,500.99656700058404,4484.673931000543,0.0
1774173151,10,,Aggregated,11.600000,11.600000,510,510,510,510,510,730,1000,1000,4200,4500,4500,4305,4305,510.0,540.8134919275178,500.99656700058404,4484.673931000543,0.0
1774173152,10,,Aggregated,11.600000,11.600000,510,510,510,510,510,730,1000,1000,4200,4500,4500,4316,4316,510.0,540.7330963853025,500.99656700058404,4484.673931000543,0.0
1774173153,10,,Aggregated,11.400000,11.400000,510,510,510,510,510,710,1000,1000,4200,4500,4500,4329,4329,510.0,540.6324166123738,500.99656700058404,4484.673931000543,0.0
1774173154,10,,Aggregated,11.300000,11.300000,510,510,510,510,510,640,1000,1000,4200,4500,4500,4341,4341,510.0,540.5431605173846,500.99656700058404,4484.673931000543,0.0
1774173155,10,,Aggregated,11.200000,11.200000,510,510,510,510,510,640,1000,1000,4200,4500,4500,4352,4352,510.0,540.4604789368032,500.99656700058404,4484.673931000543,0.0
1774173156,10,,Aggregated,11.100000,11.100000,510,510,510,510,510,630,1000,1000,4200,4500,4500,4364,4364,510.0,540.3673157458679,500.99656700058404,4484.673931000543,0.0
1774173157,10,,Aggregated,11.300000,11.300000,510,510,510,510,510,640,1000,1000,4200,4500,4500,4374,4374,510.0,540.4034431440257,500.99656700058404,4484.673931000543,0.0
1774173158,10,,Aggregated,11.400000,11.400000,510,510,510,510,510,640,1000,1000,4200,4500,4500,4385,4385,510.0,540.4355308205176,500.99656700058404,4484.673931000543,0.0
1774173159,10,,Aggregated,11.400000,11.400000,510,510,510,510,510,640,1000,1000,4200,4500,4500,4395,4395,510.0,540.3594149055677,500.99656700058404,4484.673931000543,0.0
1774173160,10,,Aggregated,11.300000,11.300000,510,510,510,510,510,640,1000,1000,4200,4500,4500,4406,4406,510.0,540.3893574008105,500.99656700058404,4484.673931000543,0.0
1774173161,10,,Aggregated,11.100000,11.100000,510,510,510,510,510,710,1000,1000,4200,4500,4500,4418,4418,510.0,540.4116388897621,500.99656700058404,4484.673931000543,0.0
1774173162,10,,Aggregated,10.900000,10.900000,510,510,510,510,510,640,1000,1000,4200,4500,4500,4429,4429,510.0,540.3298588794238,500.99656700058404,4484.673931000543,0.0
1774173163,10,,Aggregated,11.000000,11.000000,510,510,510,510,510,630,1000,1000,4200,4500,4500,4442,4442,510.0,540.2353446981018,500.99656700058404,4484.673931000543,0.0
1774173164,10,,Aggregated,11.200000,11.200000,510,510,510,510,510,630,1000,1000,4200,4500,4500,4451,4451,510.0,540.1723190977242,500.99656700058404,4484.673931000543,0.0
1774173165,10,,Aggregated,11.400000,11.400000,510,510,510,510,510,630,1000,1000,4200,4500,4500,4463,4463,510.0,540.1949076923524,500.99656700058404,4484.673931000543,0.0
1774173166,10,,Aggregated,11.500000,11.500000,510,510,510,510,510,630,1000,1000,4200,4500,4500,4474,4474,510.0,540.1163250976686,500.99656700058404,4484.673931000543,0.0
1774173167,10,,Aggregated,11.200000,11.200000,510,510,510,510,510,630,1000,1000,4200,4500,4500,4484,4484,510.0,540.1521970459346,500.99656700058404,4484.673931000543,0.0
1774173168,10,,Aggregated,11.000000,11.000000,510,510,510,510,510,640,1000,1000,4200,4500,4500,4495,4495,510.0,540.1878363766339,500.99656700058404,4484.673931000543,0.0
1774173169,10,,Aggregated,11.000000,11.000000,510,510,510,510,510,630,1000,1000,4200,4500,4500,4507,4507,510.0,540.0988090270616,500.99656700058404,4484.673931000543,0.0
1774173170,10,,Aggregated,11.100000,11.100000,510,510,510,510,510,630,1000,1000,4200,4500,4500,4520,4520,510.0,540.0073442099484,500.99656700058404,4484.673931000543,0.0
1774173171,10,,Aggregated,11.100000,11.100000,510,510,510,510,510,610,1000,1000,4200,4500,4500,4531,4531,510.0,539.9293163621644,500.99656700058404,4484.673931000543,0.0
1774173172,10,,Aggregated,11.400000,11.400000,510,510,510,510,510,610,1000,1000,4200,4500,4500,4542,4542,510.0,539.8506727921546,500.99656700058404,4484.673931000543,0.0
1774173173,10,,Aggregated,11.400000,11.400000,510,510,510,510,510,610,1000,1000,4200,4500,4500,4554,4554,510.0,539.8730245008702,500.99656700058404,4484.673931000543,0.0
1774173174,10,,Aggregated,11.300000,11.300000,510,510,510,510,510,610,1000,1000,4200,4500,4500,4565,4565,510.0,539.7931740746909,500.99656700058404,4484.673931000543,0.0
1774173175,10,,Aggregated,11.200000,11.200000,510,510,510,510,510,630,1000,1000,4200,4500,4500,4578,4578,510.0,539.9208736609793,500.99656700058404,4484.673931000543,0.0
1774173176,10,,Aggregated,11.200000,11.200000,510,510,510,510,510,610,1000,1000,4200,4500,4500,4589,4589,510.0,539.8431497881811,500.99656700058404,4484.673931000543,0.0
1774173177,10,,Aggregated,11.300000,11.300000,510,510,510,510,510,610,1000,1000,4200,4500,4500,4599,4599,510.0,539.771958788425,500.99656700058404,4484.673931000543,0.0
1774173178,10,,Aggregated,11.300000,11.300000,510,510,510,510,510,610,1000,1000,4200,4500,4500,4610,4610,510.0,539.6948659448955,500.99656700058404,4484.673931000543,0.0
1774173179,10,,Aggregated,11.400000,11.400000,510,510,510,510,510,600,1000,1000,4200,4500,4500,4623,4623,510.0,539.6057998580947,500.99656700058404,4484.673931000543,0.0
1774173180,10,,Aggregated,11.500000,11.500000,510,510,510,510,510,600,1000,1000,4200,4500,4500,4636,4636,510.0,539.5148827405023,500.99656700058404,4484.673931000543,0.0
1774173181,10,,Aggregated,11.600000,11.600000,510,510,510,510,510,600,1000,1000,4200,4500,4500,4647,4647,510.0,539.4430868855105,500.99656700058404,4484.673931000543,0.0
1774173182,10,,Aggregated,11.400000,11.400000,510,510,510,510,510,600,1000,1000,4200,4500,4500,4658,4658,510.0,539.3661730027834,500.99656700058404,4484.673931000543,0.0
1774173183,10,,Aggregated,11.400000,11.400000,510,510,510,510,510,590,1000,1000,4200,4500,4500,4668,4668,510.0,539.2987741418091,500.99656700058404,4484.673931000543,0.0
1774173184,10,,Aggregated,11.700000,11.700000,510,510,510,510,510,590,1000,1000,4200,4500,4500,4680,4680,510.0,539.2157367499921,500.99656700058404,4484.673931000543,0.0
1774173185,10,,Aggregated,11.600000,11.600000,510,510,510,510,510,590,1000,1000,4200,4500,4500,4693,4693,510.0,539.1268561723766,500.99656700058404,4484.673931000543,0.0
1774173186,10,,Aggregated,11.500000,11.500000,510,510,510,510,510,590,1000,1000,4200,4500,4500,4706,4706,510.0,539.1420659064948,500.99656700058404,4484.673931000543,0.0
1774173187,10,,Aggregated,11.500000,11.500000,510,510,510,510,510,590,1000,1000,4200,4500,4500,4715,4715,510.0,539.0837077431531,500.99656700058404,4484.673931000543,0.0
1774173188,10,,Aggregated,11.300000,11.300000,510,510,510,510,510,590,1000,1000,4200,4500,4500,4726,4726,510.0,539.1153600046481,500.99656700058404,4484.673931000543,0.0
1774173189,10,,Aggregated,11.300000,11.300000,510,510,510,510,510,600,1000,1000,4200,4500,4500,4738,4738,510.0,539.243010751787,500.99656700058404,4484.673931000543,0.0
1774173190,10,,Aggregated,11.500000,11.500000,510,510,510,510,510,590,1000,1000,4200,4500,4500,4749,4749,510.0,539.1688753449076,500.99656700058404,4484.673931000543,0.0
1774173191,10,,Aggregated,11.300000,11.300000,510,510,510,510,510,590,1000,1000,4200,4500,4500,4759,4759,510.0,539.1009743727598,500.99656700058404,4484.673931000543,0.0
1774173192,10,,Aggregated,11.500000,11.500000,510,510,510,510,510,590,1000,1000,4200,4500,4500,4770,4770,510.0,539.0319963515648,500.99656700058404,4484.673931000543,0.0
1774173193,10,,Aggregated,11.600000,11.600000,510,510,510,510,510,590,1000,1000,4200,4500,4500,4780,4780,510.0,538.9697518173563,500.99656700058404,4484.673931000543,0.0
1774173194,10,,Aggregated,11.200000,11.200000,510,510,510,510,510,580,1000,1000,4200,4500,4500,4794,4794,510.0,538.8761211384982,500.99656700058404,4484.673931000543,0.0
1774173195,10,,Aggregated,11.300000,11.300000,510,510,510,510,510,580,1000,1000,4200,4500,4500,4806,4806,510.0,538.7977078150146,500.99656700058404,4484.673931000543,0.0
1774173196,10,,Aggregated,11.300000,11.300000,510,510,510,510,510,580,1000,1000,4200,4500,4500,4818,4818,510.0,538.7179786818099,500.99656700058404,4484.673931000543,0.0
1774173197,10,,Aggregated,11.200000,11.200000,510,510,510,510,510,570,1000,1000,4200,4500,4500,4829,4829,510.0,538.6461354530874,500.99656700058404,4484.673931000543,0.0
1774173198,10,,Aggregated,11.600000,11.600000,510,510,510,510,510,570,1000,1000,4200,4500,4500,4839,4839,510.0,538.5844773124533,500.99656700058404,4484.673931000543,0.0
1774173199,10,,Aggregated,11.500000,11.500000,510,510,510,510,510,560,1000,1000,4200,4500,4500,4851,4851,510.0,538.5063360168954,500.99656700058404,4484.673931000543,0.0
1774173200,10,,Aggregated,11.200000,11.200000,510,510,510,510,510,560,1000,1000,4200,4500,4500,4864,4864,510.0,538.422514229638,500.99656700058404,4484.673931000543,0.0
1774173201,10,,Aggregated,11.500000,11.500000,510,510,510,510,510,560,1000,1000,4200,4500,4500,4875,4875,510.0,538.3522169105551,500.99656700058404,4484.673931000543,0.0
1774173202,10,,Aggregated,11.400000,11.400000,510,510,510,510,510,560,1000,1000,4200,4500,4500,4887,4887,510.0,538.3767525807153,500.99656700058404,4484.673931000543,0.0
1774173203,10,,Aggregated,11.300000,11.300000,510,510,510,510,510,560,1000,1000,4200,4500,4500,4897,4897,510.0,538.4113857904749,500.99656700058404,4484.673931000543,0.0
1774173204,10,,Aggregated,11.400000,11.400000,510,510,510,510,510,560,1000,1000,4200,4500,4500,4908,4908,510.0,538.3405263107081,500.99656700058404,4484.673931000543,0.0
1774173205,10,,Aggregated,11.300000,11.300000,510,510,510,510,510,560,1000,1000,4200,4500,4500,4919,4919,510.0,538.3731104765108,500.99656700058404,4484.673931000543,0.0
1774173206,10,,Aggregated,11.500000,11.500000,510,510,510,510,510,560,1000,1000,4200,4500,4500,4931,4931,510.0,538.3970389415853,500.99656700058404,4484.673931000543,0.0
1774173207,10,,Aggregated,11.500000,11.500000,510,510,510,510,510,560,1000,1000,4200,4500,4500,4942,4942,510.0,538.3267099360492,500.99656700058404,4484.673931000543,0.0
1774173208,10,,Aggregated,11.300000,11.300000,510,510,510,510,510,560,1000,1000,4200,4500,4500,4955,4955,510.0,538.3507931860655,500.99656700058404,4484.673931000543,0.0
1774173209,10,,Aggregated,11.600000,11.600000,510,510,510,510,510,560,1000,1000,4200,4500,4500,4966,4966,510.0,538.2795522722422,500.99656700058404,4484.673931000543,0.0
1774173210,10,,Aggregated,11.400000,11.400000,510,510,510,510,510,560,1000,1000,4200,4500,4500,4979,4979,510.0,538.1986313032646,500.99656700058404,4484.673931000543,0.0
1774173211,10,,Aggregated,11.300000,11.300000,510,510,510,510,510,550,1000,1000,4200,4500,4500,4990,4990,510.0,538.1285897070051,500.99656700058404,4484.673931000543,0.0
1774173212,10,,Aggregated,11.400000,11.400000,510,510,510,510,510,560,1000,1000,4200,4500,4500,5000,5000,510.0,538.263575059791,500.99656700058404,4484.673931000543,0.0
1774173213,10,,Aggregated,11.400000,11.400000,510,510,510,510,510,560,1000,1000,4200,4500,4500,5010,5010,510.0,538.2994108714489,500.99656700058404,4484.673931000543,0.0
1774173214,10,,Aggregated,11.500000,11.500000,510,510,510,510,510,560,1000,1000,4200,4500,4500,5024,5024,510.0,538.216126272085,500.99656700058404,4484.673931000543,0.0
1774173215,10,,Aggregated,11.600000,11.600000,510,510,510,510,510,560,1000,1000,4200,4500,4500,5035,5035,510.0,538.148386706049,500.99656700058404,4484.673931000543,0.0
1774173216,10,,Aggregated,11.400000,11.400000,510,510,510,510,510,560,1000,1000,4200,4500,4500,5047,5047,510.0,538.1737600633951,500.99656700058404,4484.673931000543,0.0
1774173217,10,,Aggregated,11.500000,11.500000,510,510,510,510,510,560,1000,1000,4200,4500,4500,5058,5058,510.0,538.1055475583149,500.99656700058404,4484.673931000543,0.0
1774173218,10,,Aggregated,11.400000,11.400000,510,510,510,510,510,560,1000,1000,4200,4500,4500,5069,5069,510.0,538.1358184225595,500.99656700058404,4484.673931000543,0.0
1774173219,10,,Aggregated,11.400000,11.400000,510,510,510,510,510,560,1000,1000,4200,4500,4500,5081,5081,510.0,538.1591877264225,500.99656700058404,4484.673931000543,0.0
1774173220,10,,Aggregated,11.400000,11.400000,510,510,510,510,510,560,1000,1000,4200,4500,4500,5092,5092,510.0,538.0921812712003,500.99656700058404,4484.673931000543,0.0
1774173221,10,,Aggregated,11.500000,11.500000,510,510,510,510,510,560,1000,1000,4200,4500,4500,5104,5104,510.0,538.1195323926239,500.99656700058404,4484.673931000543,0.0
1774173222,10,,Aggregated,11.400000,11.400000,510,510,510,510,510,560,1000,1000,4200,4500,4500,5114,5114,510.0,538.0568224074995,500.99656700058404,4484.673931000543,0.0
1774173223,10,,Aggregated,11.300000,11.300000,510,510,510,510,510,550,1000,1000,4200,4500,4500,5129,5129,510.0,537.9647087547181,500.99656700058404,4484.673931000543,0.0
1774173224,10,,Aggregated,11.400000,11.400000,510,510,510,510,510,560,1000,1000,4200,4500,4500,5140,5140,510.0,537.9951768842316,500.99656700058404,4484.673931000543,0.0
1774173225,10,,Aggregated,11.300000,11.300000,510,510,510,510,510,560,1000,1000,4200,4500,4500,5149,5149,510.0,538.0359939613419,500.99656700058404,4484.673931000543,0.0
1774173226,10,,Aggregated,11.300000,11.300000,510,510,510,510,510,560,1000,1000,4200,4500,4500,5159,5159,510.0,538.0685220166604,500.99656700058404,4484.673931000543,0.0
1774173227,10,,Aggregated,11.300000,11.300000,510,510,510,510,510,560,1000,1000,4200,4500,4500,5171,5171,510.0,537.9940780620675,500.99656700058404,4484.673931000543,0.0
1774173228,10,,Aggregated,11.200000,11.200000,510,510,510,510,510,560,1000,1000,4200,4500,4500,5183,5183,510.0,538.0167599274458,500.99656700058404,4484.673931000543,0.0
1774173229,10,,Aggregated,11.200000,11.200000,510,510,510,510,510,560,1000,1000,4200,4500,4500,5195,5195,510.0,537.9468199135614,500.99656700058404,4484.673931000543,0.0
1774173230,10,,Aggregated,11.300000,11.300000,510,510,510,510,510,550,1000,1000,4200,4500,4500,5205,5205,510.0,537.8856730989336,500.99656700058404,4484.673931000543,0.0
1774173231,10,,Aggregated,11.200000,11.200000,510,510,510,510,510,550,1000,1000,4200,4500,4500,5219,5219,510.0,537.8031778543685,500.99656700058404,4484.673931000543,0.0
1774173232,10,,Aggregated,11.400000,11.400000,510,510,510,510,510,550,1000,1000,4200,4500,4500,5231,5231,510.0,537.7348182116136,500.99656700058404,4484.673931000543,0.0
1774173233,10,,Aggregated,11.500000,11.500000,510,510,510,510,510,550,1000,1000,4200,4500,4500,5243,5243,510.0,537.6666507575724,500.99656700058404,4484.673931000543,0.0
1774173234,10,,Aggregated,11.200000,11.200000,510,510,510,510,510,550,1000,1000,4200,4500,4500,5253,5253,510.0,537.6075745284506,500.99656700058404,4484.673931000543,0.0
1774173235,10,,Aggregated,11.300000,11.300000,510,510,510,510,510,540,1000,1000,4200,4500,4500,5265,5265,510.0,537.5442081948627,500.99656700058404,4484.673931000543,0.0
1774173236,10,,Aggregated,11.500000,11.500000,510,510,510,510,510,540,1000,1000,4200,4500,4500,5276,5276,510.0,537.4801764480576,500.99656700058404,4484.673931000543,0.0
1774173237,10,,Aggregated,11.600000,11.600000,510,510,510,510,510,540,1000,1000,4200,4500,4500,5288,5288,510.0,537.4088812550965,500.99656700058404,4484.673931000543,0.0
1774173238,10,,Aggregated,11.700000,11.700000,510,510,510,510,510,540,1000,1000,4200,4500,4500,5301,5301,510.0,537.3378124695246,500.99656700058404,4484.673931000543,0.0
1774173239,10,,Aggregated,11.700000,11.700000,510,510,510,510,510,540,1000,1000,4200,4500,4500,5312,5312,510.0,537.2758589269488,500.99656700058404,4484.673931000543,0.0
1774173240,10,,Aggregated,11.700000,11.700000,510,510,510,510,510,540,1000,1000,4200,4500,4500,5324,5324,510.0,537.2061644937927,500.99656700058404,4484.673931000543,0.0
1774173241,10,,Aggregated,11.700000,11.700000,510,510,510,510,510,540,1000,1000,4200,4500,4500,5337,5337,510.0,537.1329122372031,500.99656700058404,4484.673931000543,0.0
1774173242,10,,Aggregated,11.600000,11.600000,510,510,510,510,510,540,1000,1000,4200,4500,4500,5347,5347,510.0,537.086778741154,500.99656700058404,4484.673931000543,0.0
1774173243,10,,Aggregated,11.700000,11.700000,510,510,510,510,510,540,1000,1000,4200,4500,4500,5358,5358,510.0,537.1160008163403,500.99656700058404,4484.673931000543,0.0
1774173244,10,,Aggregated,11.800000,11.800000,510,510,510,510,510,540,1000,1000,4200,4500,4500,5370,5370,510.0,537.0534834294137,500.99656700058404,4484.673931000543,0.0
1774173245,10,,Aggregated,11.800000,11.800000,510,510,510,510,510,540,1000,1000,4200,4500,4500,5385,5385,510.0,536.9717277645224,500.99656700058404,4484.673931000543,0.0
1774173246,10,,Aggregated,11.900000,11.900000,510,510,510,510,510,540,1000,1000,4200,4500,4500,5395,5395,510.0,536.9157673182491,500.99656700058404,4484.673931000543,0.0
1774173247,10,,Aggregated,11.800000,11.800000,510,510,510,510,510,540,1000,1000,4200,4500,4500,5406,5406,510.0,536.9455002558183,500.99656700058404,4484.673931000543,0.0
1774173248,10,,Aggregated,11.700000,11.700000,510,510,510,510,510,540,1000,1000,4200,4500,4500,5417,5417,510.0,536.9735756222914,500.99656700058404,4484.673931000543,0.0
1774173249,10,,Aggregated,11.400000,11.400000,510,510,510,510,510,540,1000,1000,4200,4500,4500,5430,5430,510.0,536.9924996708936,500.99656700058404,4484.673931000543,0.0
1774173250,10,,Aggregated,11.600000,11.600000,510,510,510,510,510,540,1000,1000,4200,4500,4500,5440,5440,510.0,537.0285515602853,500.99656700058404,4484.673931000543,0.0
1774173251,10,,Aggregated,11.700000,11.700000,510,510,510,510,510,540,1000,1000,4200,4500,4500,5450,5450,510.0,537.0667654715512,500.99656700058404,4484.673931000543,0.0
1774173252,10,,Aggregated,11.600000,11.600000,510,510,510,510,510,540,1000,1000,4200,4500,4500,5461,5461,510.0,537.1888084716998,500.99656700058404,4484.673931000543,0.0
1774173253,10,,Aggregated,11.300000,11.300000,510,510,510,510,510,540,1000,1000,4200,4500,4500,5471,5471,510.0,537.3137528212305,500.99656700058404,4484.673931000543,0.0
1774173254,10,,Aggregated,11.400000,11.400000,510,510,510,510,510,540,1000,1000,4200,4500,4500,5485,5485,510.0,537.2339883456613,500.99656700058404,4484.673931000543,0.0
1774173255,10,,Aggregated,11.400000,11.400000,510,510,510,510,510,540,1000,1000,4200,4500,4500,5496,5496,510.0,537.1748249650566,500.99656700058404,4484.673931000543,0.0
1774173256,10,,Aggregated,11.100000,11.100000,510,510,510,510,510,540,1000,1000,4200,4500,4500,5505,5505,510.0,537.216886776013,500.99656700058404,4484.673931000543,0.0
1774173257,10,,Aggregated,11.100000,11.100000,510,510,510,510,510,540,1000,1000,4200,4500,4500,5519,5519,510.0,537.2331916015492,500.99656700058404,4484.673931000543,0.0
1774173258,10,,Aggregated,11.300000,11.300000,510,510,510,510,510,550,1000,1000,4200,4500,4500,5530,5530,510.0,537.3511929701536,500.99656700058404,4484.673931000543,0.0
1774173259,10,,Aggregated,11.400000,11.400000,510,510,510,510,510,540,1000,1000,4200,4500,4500,5541,5541,510.0,537.2905609395326,500.99656700058404,4484.673931000543,0.0
1774173260,10,,Aggregated,11.200000,11.200000,510,510,510,510,510,540,1000,1000,4200,4500,4500,5553,5553,510.0,537.2266447786692,500.99656700058404,4484.673931000543,0.0
1774173261,10,,Aggregated,11.300000,11.300000,510,510,510,510,510,540,1000,1000,4200,4500,4500,5565,5565,510.0,537.1623595872326,500.99656700058404,4484.673931000543,0.0
1774173262,10,,Aggregated,11.300000,11.300000,510,510,510,510,510,540,1000,1000,4200,4500,4500,5576,5576,510.0,537.103427892387,500.99656700058404,4484.673931000543,0.0
1774173263,10,,Aggregated,11.500000,11.500000,510,510,510,510,510,540,1000,1000,4200,4500,4500,5588,5588,510.0,537.1264563681016,500.99656700058404,4484.673931000543,0.0
1774173264,10,,Aggregated,11.500000,11.500000,510,510,510,510,510,540,1000,1000,4200,4500,4500,5601,5601,510.0,537.1446243893863,500.99656700058404,4484.673931000543,0.0
1774173265,10,,Aggregated,11.600000,11.600000,510,510,510,510,510,540,1000,1000,4200,4500,4500,5610,5610,510.0,537.0992885841268,500.99656700058404,4484.673931000543,0.0
1774173266,10,,Aggregated,11.500000,11.500000,510,510,510,510,510,540,1000,1000,4200,4500,4500,5621,5621,510.0,537.1276688096335,500.99656700058404,4484.673931000543,0.0
1774173267,10,,Aggregated,11.800000,11.800000,510,510,510,510,510,540,1000,1000,4200,4500,4500,5632,5632,510.0,537.0704948480019,500.99656700058404,4484.673931000543,0.0
1774173268,10,,Aggregated,11.500000,11.500000,510,510,510,510,510,540,1000,1000,4200,4500,4500,5644,5644,510.0,537.094395840352,500.99656700058404,4484.673931000543,0.0
1774173269,10,,Aggregated,11.700000,11.700000,510,510,510,510,510,540,1000,1000,4200,4500,4500,5657,5657,510.0,537.1158585382618,500.99656700058404,4484.673931000543,0.0
1774173270,10,,Aggregated,11.600000,11.600000,510,510,510,510,510,540,1000,1000,4200,4500,4500,5668,5668,510.0,537.0573459539427,500.99656700058404,4484.673931000543,0.0
1774173271,10,,Aggregated,11.400000,11.400000,510,510,510,510,510,540,1000,1000,4200,4500,4500,5678,5678,510.0,537.0909848897405,500.99656700058404,4484.673931000543,0.0
1774173272,10,,Aggregated,11.400000,11.400000,510,510,510,510,510,540,1000,1000,4200,4500,4500,5688,5688,510.0,537.1239578864181,500.99656700058404,4484.673931000543,0.0
1774173273,10,,Aggregated,11.200000,11.200000,510,510,510,510,510,540,1000,1000,4200,4500,4500,5700,5700,510.0,537.0586625240255,500.99656700058404,4484.673931000543,0.0
1774173274,10,,Aggregated,11.100000,11.100000,510,510,510,510,510,540,1000,1000,4200,4500,4500,5711,5711,510.0,537.0024728429252,500.99656700058404,4484.673931000543,0.0
1774173275,10,,Aggregated,11.200000,11.200000,510,510,510,510,510,540,1000,1000,4200,4500,4500,5725,5725,510.0,536.9327495865407,500.99656700058404,4484.673931000543,0.0
1774173276,10,,Aggregated,11.400000,11.400000,510,510,510,510,510,540,1000,1000,4200,4500,4500,5734,5734,510.0,536.9739701306146,500.99656700058404,4484.673931000543,0.0
1774173277,10,,Aggregated,11.000000,11.000000,510,510,510,510,510,540,1000,1000,4200,4500,4500,5744,5744,510.0,537.0926560245376,500.99656700058404,4484.673931000543,0.0
1774173278,10,,Aggregated,11.100000,11.100000,510,510,510,510,510,550,1000,1000,4200,4500,4500,5756,5756,510.0,537.1167001495731,500.99656700058404,4484.673931000543,0.0
1774173279,10,,Aggregated,10.900000,10.900000,510,510,510,510,510,540,1000,1000,4200,4500,4500,5766,5766,510.0,537.0665769484812,500.99656700058404,4484.673931000543,0.0
1774173280,10,,Aggregated,11.100000,11.100000,510,510,510,510,510,550,1000,1000,4200,4500,4500,5780,5780,510.0,537.1647151681566,500.99656700058404,4484.673931000543,0.0
1774173281,10,,Aggregated,11.200000,11.200000,510,510,510,510,510,550,1000,1000,4200,4500,4500,5790,5790,510.0,537.1127352131166,500.99656700058404,4484.673931000543,0.0
1774173282,10,,Aggregated,11.000000,11.000000,510,510,510,510,510,540,1000,1000,4200,4500,4500,5801,5801,510.0,537.0567329189702,500.99656700058404,4484.673931000543,0.0
1774173283,10,,Aggregated,11.200000,11.200000,510,510,510,510,510,550,1000,1000,4200,4500,4500,5813,5813,510.0,537.1639471276361,500.99656700058404,4484.673931000543,0.0
1774173284,10,,Aggregated,11.300000,11.300000,510,510,510,510,510,550,1000,1000,4200,4500,4500,5826,5826,510.0,537.0981427622637,500.99656700058404,4484.673931000543,0.0
1774173285,10,,Aggregated,11.200000,11.200000,510,510,510,510,510,550,1000,1000,4200,4500,4500,5838,5838,510.0,537.0374995995118,500.99656700058404,4484.673931000543,0.0
1774173286,10,,Aggregated,11.200000,11.200000,510,510,510,510,510,540,1000,1000,4200,4500,4500,5848,5848,510.0,536.9864533845677,500.99656700058404,4484.673931000543,0.0
1774173287,10,,Aggregated,11.200000,11.200000,510,510,510,510,510,550,1000,1000,4200,4500,4500,5858,5858,510.0,537.0226688554031,500.99656700058404,4484.673931000543,0.0
1774173288,10,,Aggregated,11.200000,11.200000,510,510,510,510,510,550,1000,1000,4200,4500,4500,5870,5870,510.0,537.0451793413886,500.99656700058404,4484.673931000543,0.0
1774173289,10,,Aggregated,11.200000,11.200000,510,510,510,510,510,550,1000,1000,4200,4500,4500,5880,5880,510.0,536.9928101341754,500.99656700058404,4484.673931000543,0.0
1774173290,10,,Aggregated,11.300000,11.300000,510,510,510,510,510,550,1000,1000,4200,4500,4500,5891,5891,510.0,537.022444267858,500.99656700058404,4484.673931000543,0.0
1774173291,10,,Aggregated,11.100000,11.100000,510,510,510,510,510,540,1000,1000,4200,4500,4500,5905,5905,510.0,536.9551911175187,500.99656700058404,4484.673931000543,0.0
1774173292,10,,Aggregated,11.500000,11.500000,510,510,510,510,510,550,1000,1000,4200,4500,4500,5915,5915,510.0,536.9874618853675,500.99656700058404,4484.673931000543,0.0
1774173293,10,,Aggregated,11.400000,11.400000,510,510,510,510,510,550,1000,1000,4200,4500,4500,5927,5927,510.0,537.0093661820397,500.99656700058404,4484.673931000543,0.0
1774173294,10,,Aggregated,11.300000,11.300000,510,510,510,510,510,550,1000,1000,4200,4500,4500,5937,5937,510.0,537.0404911519198,500.99656700058404,4484.673931000543,0.0
1774173295,10,,Aggregated,11.100000,11.100000,510,510,510,510,510,550,1000,1000,4200,4500,4500,5948,5948,510.0,536.9858507587342,500.99656700058404,4484.673931000543,0.0
1774173296,10,,Aggregated,10.900000,10.900000,510,510,510,510,510,550,1000,1000,4200,4500,4500,5960,5960,510.0,536.9276066620724,500.99656700058404,4484.673931000543,0.0
1774173297,10,,Aggregated,11.200000,11.200000,510,510,510,510,510,540,1000,1000,4200,4500,4500,5973,5973,510.0,536.8624835362382,500.99656700058404,4484.673931000543,0.0
1774173298,10,,Aggregated,11.300000,11.300000,510,510,510,510,510,540,1000,1000,4200,4500,4500,5985,5985,510.0,536.8025799263078,500.99656700058404,4484.673931000543,0.0
1774173299,10,,Aggregated,11.400000,11.400000,510,510,510,510,510,540,1000,1000,4200,4500,4500,5995,5995,510.0,536.7533625534531,500.99656700058404,4484.673931000543,0.0
1774173300,10,,Aggregated,11.300000,11.300000,510,510,510,510,510,540,1000,1000,4200,4500,4500,6006,6006,510.0,536.7832517798787,500.99656700058404,4484.673931000543,0.0
1774173301,10,,Aggregated,11.500000,11.500000,510,510,510,510,510,540,1000,1000,4200,4500,4500,6015,6015,510.0,536.8214959266755,500.99656700058404,4484.673931000543,0.0
1774173302,10,,Aggregated,11.100000,11.100000,510,510,510,510,510,550,1000,1000,4200,4500,4500,6029,6029,510.0,536.9183650683287,500.99656700058404,4484.673931000543,0.0
1774173303,10,,Aggregated,11.200000,11.200000,510,510,510,510,510,550,1000,1000,4200,4500,4500,6040,6040,510.0,536.8683843350916,500.99656700058404,4484.673931000543,0.0
1774173304,10,,Aggregated,11.200000,11.200000,510,510,510,510,510,540,1000,1000,4200,4500,4500,6051,6051,510.0,536.8166624809047,500.99656700058404,4484.673931000543,0.0
1774173305,10,,Aggregated,11.300000,11.300000,510,510,510,510,510,540,1000,1000,4200,4500,4500,6064,6064,510.0,536.7544857453745,500.99656700058404,4484.673931000543,0.0
1774173306,10,,Aggregated,11.600000,11.600000,510,510,510,510,510,540,1000,1000,4200,4500,4500,6074,6074,510.0,536.7058150281445,500.99656700058404,4484.673931000543,0.0
1774173307,10,,Aggregated,11.400000,11.400000,510,510,510,510,510,540,1000,1000,4200,4500,4500,6085,6085,510.0,536.7319966773952,500.99656700058404,4484.673931000543,0.0
1774173308,10,,Aggregated,11.600000,11.600000,510,510,510,510,510,550,1000,1000,4200,4500,4500,6096,6096,510.0,536.8418660964489,500.99656700058404,4484.673931000543,0.0
1774173309,10,,Aggregated,11.500000,11.500000,510,510,510,510,510,550,1000,1000,4200,4500,4500,6108,6108,510.0,536.8649087138097,500.99656700058404,4484.673931000543,0.0
1774173310,10,,Aggregated,11.300000,11.300000,510,510,510,510,510,550,1000,1000,4200,4500,4500,6119,6119,510.0,536.8114741913631,500.99656700058404,4484.673931000543,0.0
1774173311,10,,Aggregated,11.300000,11.300000,510,510,510,510,510,540,1000,1000,4200,4500,4500,6130,6130,510.0,536.7564787303346,500.99656700058404,4484.673931000543,0.0
1774173312,10,,Aggregated,11.500000,11.500000,510,510,510,510,510,540,1000,1000,4200,4500,4500,6143,6143,510.0,536.775586581304,500.99656700058404,4484.673931000543,0.0
1774173313,10,,Aggregated,11.400000,11.400000,510,510,510,510,510,540,1000,1000,4200,4500,4500,6153,6153,510.0,536.7303861968065,500.99656700058404,4484.673931000543,0.0
1774173314,10,,Aggregated,11.500000,11.500000,510,510,510,510,510,550,1000,1000,4200,4500,4500,6163,6163,510.0,536.9224994405242,500.99656700058404,4484.673931000543,0.0
1774173315,10,,Aggregated,11.400000,11.400000,510,510,510,510,510,550,1000,1000,4200,4500,4500,6174,6174,510.0,536.8688316363706,500.99656700058404,4484.673931000543,0.0
1774173316,10,,Aggregated,11.100000,11.100000,510,510,510,510,510,550,1000,1000,4200,4500,4500,6186,6186,510.0,536.8115746417637,500.99656700058404,4484.673931000543,0.0
1774173317,10,,Aggregated,11.200000,11.200000,510,510,510,510,510,550,1000,1000,4200,4500,4500,6197,6197,510.0,536.9181527393818,500.99656700058404,4484.673931000543,0.0
1774173318,10,,Aggregated,11.000000,11.000000,510,510,510,510,510,550,1000,1000,4200,4500,4500,6209,6209,510.0,536.9406527461663,500.99656700058404,4484.673931000543,0.0
1774173319,10,,Aggregated,10.900000,10.900000,510,510,510,510,510,550,1000,1000,4200,4500,4500,6220,6220,510.0,536.8879668122099,500.99656700058404,4484.673931000543,0.0
1774173320,10,,Aggregated,11.100000,11.100000,510,510,510,510,510,550,1000,1000,4200,4500,4500,6230,6230,510.0,536.9215760563313,500.99656700058404,4484.673931000543,0.0
1774173321,10,,Aggregated,11.000000,11.000000,510,510,510,510,510,550,1000,1000,4200,4500,4500,6241,6241,510.0,536.8679387461854,500.99656700058404,4484.673931000543,0.0
1774173322,10,,Aggregated,10.900000,10.900000,510,510,510,510,510,550,1000,1000,4200,4500,4500,6253,6253,510.0,536.8925219366611,500.99656700058404,4484.673931000543,0.0
1774173323,10,,Aggregated,11.100000,11.100000,510,510,510,510,510,550,1000,1000,4200,4500,4500,6265,6265,510.0,536.8358164986344,500.99656700058404,4484.673931000543,0.0
1774173324,10,,Aggregated,10.900000,10.900000,510,510,510,510,510,550,1000,1000,4200,4500,4500,6277,6277,510.0,536.8567103864814,500.99656700058404,4484.673931000543,0.0
1774173325,10,,Aggregated,11.200000,11.200000,510,510,510,510,510,550,1000,1000,4200,4500,4500,6289,6289,510.0,536.7986634685869,500.99656700058404,4484.673931000543,0.0
1774173326,10,,Aggregated,11.300000,11.300000,510,510,510,510,510,550,1000,1000,4200,4500,4500,6299,6299,510.0,536.7506375935775,500.99656700058404,4484.673931000543,0.0
1774173327,10,,Aggregated,11.300000,11.300000,510,510,510,510,510,550,1000,1000,4200,4500,4500,6313,6313,510.0,536.6874835509182,500.99656700058404,4484.673931000543,0.0
1774173328,10,,Aggregated,11.200000,11.200000,510,510,510,510,510,550,1000,1000,4200,4500,4500,6323,6323,510.0,536.7205325345479,500.99656700058404,4484.673931000543,0.0
1774173329,10,,Aggregated,11.400000,11.400000,510,510,510,510,510,550,1000,1000,4200,4500,4500,6334,6334,510.0,536.7488107601745,500.99656700058404,4484.673931000543,0.0
1774173330,10,,Aggregated,11.400000,11.400000,510,510,510,510,510,550,1000,1000,4200,4500,4500,6345,6345,510.0,536.7777242033013,500.99656700058404,4484.673931000543,0.0
1774173331,10,,Aggregated,11.300000,11.300000,510,510,510,510,510,550,1000,1000,4200,4500,4500,6354,6354,510.0,536.7375109079235,500.99656700058404,4484.673931000543,0.0
1774173332,10,,Aggregated,11.400000,11.400000,510,510,510,510,510,550,1000,1000,4200,4500,4500,6366,6366,510.0,536.7576710351786,500.99656700058404,4484.673931000543,0.0
1774173333,10,,Aggregated,11.200000,11.200000,510,510,510,510,510,550,1000,1000,4200,4500,4500,6377,6377,510.0,536.7835090697737,500.99656700058404,4484.673931000543,0.0
1774173334,10,,Aggregated,11.400000,11.400000,510,510,510,510,510,550,1000,1000,4200,4500,4500,6389,6389,510.0,536.8054655623646,500.99656700058404,4484.673931000543,0.0
1774173335,10,,Aggregated,11.100000,11.100000,510,510,510,510,510,550,1000,1000,4200,4500,4500,6401,6401,510.0,536.7486987953364,500.99656700058404,4484.673931000543,0.0
1774173336,10,,Aggregated,11.200000,11.200000,510,510,510,510,510,550,1000,1000,4200,4500,4500,6413,6413,510.0,536.6951967495628,500.99656700058404,4484.673931000543,0.0
1774173337,10,,Aggregated,11.300000,11.300000,510,510,510,510,510,550,1000,1000,4200,4500,4500,6424,6424,510.0,536.6444686088022,500.99656700058404,4484.673931000543,0.0
1774173338,10,,Aggregated,11.400000,11.400000,510,510,510,510,510,550,1000,1000,4200,4500,4500,6437,6437,510.0,536.6635121179038,500.99656700058404,4484.673931000543,0.0
1774173339,10,,Aggregated,11.300000,11.300000,510,510,510,510,510,550,1000,1000,4200,4500,4500,6448,6448,510.0,536.6141404596692,500.99656700058404,4484.673931000543,0.0
1774173340,10,,Aggregated,11.400000,11.400000,510,510,510,510,510,550,1000,1000,4200,4500,4500,6459,6459,510.0,536.6423265195767,500.99656700058404,4484.673931000543,0.0
1774173341,10,,Aggregated,11.500000,11.500000,510,510,510,510,510,550,1000,1000,4200,4500,4500,6470,6470,510.0,536.5917900100382,500.99656700058404,4484.673931000543,0.0
1774173342,10,,Aggregated,11.500000,11.500000,510,510,510,510,510,550,1000,1000,4200,4500,4500,6480,6480,510.0,536.5458308340966,500.99656700058404,4484.673931000543,0.0
1774173343,10,,Aggregated,11.400000,11.400000,510,510,510,510,510,540,1000,1000,4200,4500,4500,6493,6493,510.0,536.488785995371,500.99656700058404,4484.673931000543,0.0
1774173344,10,,Aggregated,11.400000,11.400000,510,510,510,510,510,540,1000,1000,4200,4500,4500,6505,6505,510.0,536.4360565106757,500.99656700058404,4484.673931000543,0.0
1774173345,10,,Aggregated,11.400000,11.400000,510,510,510,510,510,540,1000,1000,4200,4500,4500,6516,6516,510.0,536.3858437308077,500.99656700058404,4484.673931000543,0.0
1774173346,10,,Aggregated,11.500000,11.500000,510,510,510,510,510,540,1000,1000,4200,4500,4500,6527,6527,510.0,536.3367519826786,500.99656700058404,4484.673931000543,0.0
1774173347,10,,Aggregated,11.400000,11.400000,510,510,510,510,510,540,1000,1000,4200,4500,4500,6537,6537,510.0,536.2934010229379,500.99656700058404,4484.673931000543,0.0
1774173348,10,,Aggregated,11.400000,11.400000,510,510,510,510,510,540,1000,1000,4200,4500,4500,6548,6548,510.0,536.2450821484339,500.99656700058404,4484.673931000543,0.0
1774173349,10,,Aggregated,11.200000,11.200000,510,510,510,510,510,540,1000,1000,4200,4500,4500,6560,6560,510.0,536.1894875852048,500.99656700058404,4484.673931000543,0.0
1774173350,10,,Aggregated,11.000000,11.000000,510,510,510,510,510,540,1000,1000,4200,4500,4500,6572,6572,510.0,536.2957502257981,500.99656700058404,4484.673931000543,0.0
1774173351,10,,Aggregated,11.200000,11.200000,510,510,510,510,510,540,1000,1000,4200,4500,4500,6584,6584,510.0,536.2427192704961,500.99656700058404,4484.673931000543,0.0
1774173352,10,,Aggregated,11.100000,11.100000,510,510,510,510,510,540,1000,1000,4200,4500,4500,6596,6596,510.0,536.3436510767053,500.99656700058404,4484.673931000543,0.0
1774173353,10,,Aggregated,11.400000,11.400000,510,510,510,510,510,540,1000,1000,4200,4500,4500,6606,6606,510.0,536.2995512511276,500.99656700058404,4484.673931000543,0.0
1774173354,10,,Aggregated,11.400000,11.400000,510,510,510,510,510,540,1000,1000,4200,4500,4500,6616,6616,510.0,536.2571505574289,500.99656700058404,4484.673931000543,0.0
1774173355,10,,Aggregated,11.500000,11.500000,510,510,510,510,510,540,1000,1000,4200,4500,4500,6628,6628,510.0,536.2059656599197,500.99656700058404,4484.673931000543,0.0
1774173356,10,,Aggregated,11.200000,11.200000,510,510,510,510,510,540,1000,1000,4200,4500,4500,6640,6640,510.0,536.1539943995404,500.99656700058404,4484.673931000543,0.0
1774173357,10,,Aggregated,11.000000,11.000000,510,510,510,510,510,540,1000,1000,4200,4500,4500,6652,6652,510.0,536.1758771793368,500.99656700058404,4484.673931000543,0.0
1774173358,10,,Aggregated,11.200000,11.200000,510,510,510,510,510,540,1000,1000,4200,4500,4500,6663,6663,510.0,536.1277424014633,500.99656700058404,4484.673931000543,0.0
1774173359,10,,Aggregated,11.300000,11.300000,510,510,510,510,510,540,1000,1000,4200,4500,4500,6675,6675,510.0,536.1488598506293,500.99656700058404,4484.673931000543,0.0
1774173360,10,,Aggregated,11.500000,11.500000,510,510,510,510,510,540,1000,1000,4200,4500,4500,6686,6686,510.0,536.099885014949,500.99656700058404,4484.673931000543,0.0
1774173361,10,,Aggregated,11.300000,11.300000,510,510,510,510,510,540,1000,1000,4200,4500,4500,6696,6696,510.0,536.0575559024712,500.99656700058404,4484.673931000543,0.0
1774173362,10,,Aggregated,11.500000,11.500000,510,510,510,510,510,540,1000,1000,4200,4500,4500,6710,6710,510.0,535.9964210424664,500.99656700058404,4484.673931000543,0.0
1774173363,10,,Aggregated,11.300000,11.300000,510,510,510,510,510,540,1000,1000,4200,4500,4500,6720,6720,510.0,535.9553683179986,500.99656700058404,4484.673931000543,0.0
1774173364,10,,Aggregated,11.100000,11.100000,510,510,510,510,510,540,1000,1000,4200,4500,4500,6730,6730,510.0,535.9846153497701,500.99656700058404,4484.673931000543,0.0
