Timestamp,User Count,Type,Name,Requests/s,Failures/s,50%,66%,75%,80%,90%,95%,98%,99%,99.9%,99.99%,100%,Total Request Count,Total Failure Count,Total Median Response Time,Total Average Response Time,Total Min Response Time,Total Max Response Time,Total Average Content Size
1774106752,0,,Aggregated,0.000000,0.000000,N/A,N/A,N/A,N/A,N/A,N/A,N/A,N/A,N/A,N/A,N/A,0,0,0,0.0,0,0,0
1774106753,10,,Aggregated,0.000000,0.000000,N/A,N/A,N/A,N/A,N/A,N/A,N/A,N/A,N/A,N/A,N/A,0,0,0,0.0,0,0,0
1774106754,10,,Aggregated,0.000000,0.000000,N/A,N/A,N/A,N/A,N/A,N/A,N/A,N/A,N/A,N/A,N/A,0,0,0,0.0,0,0,0
1774106755,10,,Aggregated,0.000000,0.000000,2100,2100,2100,2100,2100,2100,2100,2100,2100,2100,2100,3,3,2071.8017849976604,2048.9727623328995,2006.169147000037,2071.8017849976604,0.0
1774106756,10,,Aggregated,0.000000,0.000000,3100,3700,3900,3900,3900,3900,3900,3900,3900,3900,3900,11,11,3100.0,2721.4956871813974,1007.4600539992389,3924.437419998867,0.0
1774106757,10,,Aggregated,1.000000,1.000000,2100,3200,3900,3900,3900,4100,4100,4100,4100,4100,4100,15,15,2100.0,2473.7049616667114,1006.3182320009219,4053.781644000992,0.0
1774106758,10,,Aggregated,1.000000,1.000000,1200,2100,3200,3700,3900,3900,4100,4100,4100,4100,4100,21,21,1200.0,2073.0699953810904,1006.3182320009219,4053.781644000992,0.0
1774106759,10,,Aggregated,2.400000,2.400000,1200,2100,3200,3700,3900,3900,4100,4100,4100,4100,4100,25,25,1200.0,2024.2411195203022,1005.17974000104,4053.781644000992,0.0
1774106760,10,,Aggregated,2.666667,2.666667,1100,2000,3100,3200,3900,3900,4100,4100,4100,4100,4100,31,31,1100.0,1846.0089330647832,1005.0778199984052,4053.781644000992,0.0
1774106761,10,,Aggregated,3.285714,3.285714,1100,1300,2100,3100,3900,3900,4100,4100,4100,4100,4100,38,38,1100.0,1700.5916994740371,1005.054695000581,4053.781644000992,0.0
1774106762,10,,Aggregated,3.250000,3.250000,1100,1300,2000,2100,3700,3900,4100,4100,4100,4100,4100,42,42,1100.0,1641.6876990003532,510.38065000102506,4053.781644000992,0.0
1774106763,10,,Aggregated,3.666667,3.666667,1100,1300,1500,2100,3900,3900,6700,6700,6700,6700,6700,50,50,1100.0,1669.4234711402532,510.38065000102506,6735.809813002561,0.0
1774106764,10,,Aggregated,3.800000,3.800000,1100,1300,1500,2100,3900,4100,6700,7100,7100,7100,7100,59,59,1100.0,1639.6472163900305,505.205269997532,7133.768685001996,0.0
1774106765,10,,Aggregated,4.300000,4.300000,1100,1200,1300,1500,3700,3900,6700,7100,7100,7100,7100,69,69,1100.0,1511.6869866523948,505.205269997532,7133.768685001996,0.0
1774106766,10,,Aggregated,5.100000,5.100000,1000,1100,1300,1500,3700,3900,6700,7100,7100,7100,7100,79,79,1000.0,1406.9715330129561,501.2024810021103,7133.768685001996,0.0
1774106767,10,,Aggregated,5.600000,5.600000,1000,1100,1200,1300,3200,3900,6700,7100,7100,7100,7100,87,87,1000.0,1332.74567716112,501.2024810021103,7133.768685001996,0.0
1774106768,10,,Aggregated,6.600000,6.600000,1000,1100,1200,1300,3100,3900,6700,7100,7100,7100,7100,98,98,1000.0,1257.451547806266,501.2024810021103,7133.768685001996,0.0
1774106769,10,,Aggregated,6.700000,6.700000,1000,1100,1100,1200,2100,3900,4100,6700,7100,7100,7100,106,106,1000.0,1211.8119958020818,501.2024810021103,7133.768685001996,0.0
1774106770,10,,Aggregated,7.200000,7.200000,1000,1100,1100,1200,2100,3900,4100,6700,7100,7100,7100,117,117,1000.0,1160.4278183933166,501.2024810021103,7133.768685001996,0.0
1774106771,10,,Aggregated,7.600000,7.600000,1000,1000,1100,1200,2000,3700,4100,6700,7100,7100,7100,128,128,1000.0,1118.6888918048226,501.2024810021103,7133.768685001996,0.0
1774106772,10,,Aggregated,8.100000,8.100000,870,1000,1100,1200,1500,3700,4100,6700,7100,7100,7100,139,139,870.0,1078.4633062447408,501.2024810021103,7133.768685001996,0.0
1774106773,10,,Aggregated,8.700000,8.700000,680,1000,1100,1100,1500,3700,4100,6700,7100,7100,7100,147,147,680.0,1054.0086823267072,501.2024810021103,7133.768685001996,0.0
1774106774,10,,Aggregated,9.300000,9.300000,660,1000,1100,1100,1500,3700,3900,6700,7100,7100,7100,157,157,660.0,1027.7184626052742,501.2011680009891,7133.768685001996,0.0
1774106775,10,,Aggregated,9.600000,9.600000,630,1000,1100,1100,1500,3200,3900,6700,7100,7100,7100,167,167,630.0,1005.9253742636614,501.04807000025176,7133.768685001996,0.0
1774106776,10,,Aggregated,9.800000,9.800000,630,1000,1000,1100,1300,3200,3900,6700,7100,7100,7100,178,178,630.0,981.4531128934126,501.04807000025176,7133.768685001996,0.0
1774106777,10,,Aggregated,9.800000,9.800000,610,1000,1000,1100,1300,3100,3900,6700,7100,7100,7100,189,189,610.0,955.3205963334775,501.04807000025176,7133.768685001996,0.0
1774106778,10,,Aggregated,10.100000,10.100000,610,1000,1000,1100,1300,2100,3900,4100,7100,7100,7100,201,201,610.0,935.3515412040721,501.04807000025176,7133.768685001996,0.0
1774106779,10,,Aggregated,10.100000,10.100000,600,1000,1000,1100,1300,2100,3900,4100,7100,7100,7100,211,211,600.0,920.1317873507854,501.04807000025176,7133.768685001996,0.0
1774106780,10,,Aggregated,10.100000,10.100000,600,1000,1000,1000,1200,2100,3900,4100,7100,7100,7100,222,222,590.0,903.513840901019,501.04807000025176,7133.768685001996,0.0
1774106781,10,,Aggregated,10.200000,10.200000,590,1000,1000,1000,1200,2100,3900,4100,7100,7100,7100,231,231,590.0,892.9498324373427,501.04807000025176,7133.768685001996,0.0
1774106782,10,,Aggregated,10.500000,10.500000,580,1000,1000,1000,1200,2000,3900,4100,7100,7100,7100,241,241,580.0,881.3339921909868,501.04807000025176,7133.768685001996,0.0
1774106783,10,,Aggregated,10.200000,10.200000,570,1000,1000,1000,1200,2000,3900,4100,7100,7100,7100,253,253,570.0,867.4450096720249,501.04807000025176,7133.768685001996,0.0
1774106784,10,,Aggregated,10.100000,10.100000,570,870,1000,1000,1200,1500,3900,4100,7100,7100,7100,265,265,570.0,854.2107009925393,501.04807000025176,7133.768685001996,0.0
1774106785,10,,Aggregated,10.200000,10.200000,560,730,1000,1000,1200,1500,3900,4100,7100,7100,7100,274,274,550.0,846.6500571497301,501.04807000025176,7133.768685001996,0.0
1774106786,10,,Aggregated,10.400000,10.400000,550,680,1000,1000,1200,1500,3900,4100,7100,7100,7100,283,283,550.0,840.01759236759,501.04807000025176,7133.768685001996,0.0
1774106787,10,,Aggregated,10.800000,10.800000,550,680,1000,1000,1100,1500,3900,4100,7100,7100,7100,294,294,530.0,833.1220314184666,501.04807000025176,7133.768685001996,0.0
1774106788,10,,Aggregated,10.300000,10.300000,520,660,1000,1000,1100,1500,3700,3900,7100,7100,7100,303,303,520.0,825.7583546205586,501.04807000025176,7133.768685001996,0.0
1774106789,10,,Aggregated,10.300000,10.300000,510,650,1000,1000,1100,1500,3700,3900,7100,7100,7100,314,314,510.0,816.2508652580432,501.04807000025176,7133.768685001996,0.0
1774106790,10,,Aggregated,10.500000,10.500000,510,640,1000,1000,1100,1500,3700,3900,7100,7100,7100,324,324,510.0,810.3198833704494,501.04807000025176,7133.768685001996,0.0
1774106791,10,,Aggregated,10.200000,10.200000,510,630,1000,1000,1100,1500,3700,3900,7100,7100,7100,336,336,510.0,803.1592676131714,501.04807000025176,7133.768685001996,0.0
1774106792,10,,Aggregated,10.200000,10.200000,510,630,1000,1000,1100,1300,3700,3900,7100,7100,7100,347,347,510.0,797.6696104179485,501.04807000025176,7133.768685001996,0.0
1774106793,10,,Aggregated,10.300000,10.300000,510,630,1000,1000,1100,1300,3700,3900,7100,7100,7100,356,356,510.0,792.3980924832281,501.04807000025176,7133.768685001996,0.0
1774106794,10,,Aggregated,10.500000,10.500000,510,630,1000,1000,1100,1300,3700,3900,7100,7100,7100,369,369,510.0,785.1506082331433,501.04807000025176,7133.768685001996,0.0
1774106795,10,,Aggregated,10.600000,10.600000,510,630,1000,1000,1100,1300,3700,3900,7100,7100,7100,379,379,510.0,781.3017708259373,501.04807000025176,7133.768685001996,0.0
1774106796,10,,Aggregated,10.400000,10.400000,510,620,1000,1000,1100,1300,3700,3900,7100,7100,7100,389,389,510.0,776.2569429126818,501.04807000025176,7133.768685001996,0.0
1774106797,10,,Aggregated,10.400000,10.400000,510,620,1000,1000,1100,1300,3700,3900,7100,7100,7100,400,400,510.0,772.2900342000954,501.04807000025176,7133.768685001996,0.0
1774106798,10,,Aggregated,10.500000,10.500000,510,620,1000,1000,1100,1300,3200,3900,7100,7100,7100,410,410,510.0,767.218841817157,501.04807000025176,7133.768685001996,0.0
1774106799,10,,Aggregated,10.600000,10.600000,510,620,1000,1000,1100,1300,3200,3900,7100,7100,7100,422,422,510.0,762.3415185522017,501.04807000025176,7133.768685001996,0.0
1774106800,10,,Aggregated,10.600000,10.600000,510,620,1000,1000,1100,1300,3200,3900,7100,7100,7100,433,433,510.0,757.7240644273533,501.04807000025176,7133.768685001996,0.0
1774106801,10,,Aggregated,10.700000,10.700000,510,620,1000,1000,1100,1200,3200,3900,7100,7100,7100,443,443,510.0,755.1248305599216,501.04807000025176,7133.768685001996,0.0
1774106802,10,,Aggregated,10.800000,10.800000,510,610,1000,1000,1100,1200,3100,3900,7100,7100,7100,452,452,510.0,751.5829730177959,501.04807000025176,7133.768685001996,0.0
1774106803,10,,Aggregated,10.800000,10.800000,510,610,1000,1000,1100,1200,3100,3900,7100,7100,7100,463,463,510.0,748.9538876501954,501.04807000025176,7133.768685001996,0.0
1774106804,10,,Aggregated,10.600000,10.600000,510,610,1000,1000,1100,1200,3100,3900,7100,7100,7100,474,474,510.0,744.3494619811157,501.04807000025176,7133.768685001996,0.0
1774106806,10,,Aggregated,10.500000,10.500000,510,610,1000,1000,1100,1200,3100,3900,7100,7100,7100,484,484,510.0,741.762822694323,501.04807000025176,7133.768685001996,0.0
1774106807,10,,Aggregated,10.600000,10.600000,510,610,1000,1000,1000,1200,3100,3900,7100,7100,7100,494,494,510.0,738.7719871782281,501.04807000025176,7133.768685001996,0.0
1774106808,10,,Aggregated,10.500000,10.500000,510,610,1000,1000,1000,1200,2100,3900,7100,7100,7100,505,505,510.0,736.3605177842353,501.04807000025176,7133.768685001996,0.0
1774106809,10,,Aggregated,10.500000,10.500000,510,610,920,1000,1000,1200,2100,3900,7100,7100,7100,515,515,510.0,733.0517870544269,501.04807000025176,7133.768685001996,0.0
1774106810,10,,Aggregated,10.500000,10.500000,510,600,910,1000,1000,1200,2100,3900,7100,7100,7100,525,525,510.0,730.6219174076772,501.04807000025176,7133.768685001996,0.0
1774106811,10,,Aggregated,10.500000,10.500000,510,600,910,1000,1000,1200,2100,3900,7100,7100,7100,535,535,510.0,728.8106108542572,501.04807000025176,7133.768685001996,0.0
1774106812,10,,Aggregated,10.400000,10.400000,510,610,870,1000,1000,1200,2100,3900,7100,7100,7100,546,546,510.0,726.8339322143308,501.04807000025176,7133.768685001996,0.0
1774106813,10,,Aggregated,10.200000,10.200000,510,600,730,1000,1000,1200,2100,3900,7100,7100,7100,557,557,510.0,723.9700788366666,501.04807000025176,7133.768685001996,0.0
1774106814,10,,Aggregated,10.200000,10.200000,510,600,720,1000,1000,1200,2100,3900,7100,7100,7100,567,567,510.0,721.3511586790493,501.04807000025176,7133.768685001996,0.0
1774106815,10,,Aggregated,10.300000,10.300000,510,600,690,1000,1000,1200,2100,3900,7100,7100,7100,578,578,510.0,719.4716652526247,501.04807000025176,7133.768685001996,0.0
1774106816,10,,Aggregated,10.500000,10.500000,510,600,680,1000,1000,1100,2100,3900,7100,7100,7100,590,590,510.0,716.9777082779948,501.04807000025176,7133.768685001996,0.0
1774106817,10,,Aggregated,10.400000,10.400000,510,600,670,1000,1000,1100,2100,3900,7100,7100,7100,599,599,510.0,714.9377726694946,501.04807000025176,7133.768685001996,0.0
1774106818,10,,Aggregated,10.600000,10.600000,510,600,670,1000,1000,1100,2000,3700,7100,7100,7100,611,611,510.0,712.8108447087062,501.04807000025176,7133.768685001996,0.0
1774106819,10,,Aggregated,10.600000,10.600000,510,600,660,1000,1000,1100,2000,3700,7100,7100,7100,621,621,510.0,710.4044006860202,501.04807000025176,7133.768685001996,0.0
1774106820,10,,Aggregated,10.500000,10.500000,510,600,660,1000,1000,1100,2000,3700,7100,7100,7100,631,631,510.0,709.086408188613,501.04807000025176,7133.768685001996,0.0
1774106821,10,,Aggregated,10.500000,10.500000,510,600,660,1000,1000,1100,2000,3700,7100,7100,7100,642,642,510.0,707.1600880171499,501.04807000025176,7133.768685001996,0.0
1774106822,10,,Aggregated,10.700000,10.700000,510,590,660,1000,1000,1100,1500,3700,7100,7100,7100,654,654,510.0,705.8052756666873,501.04807000025176,7133.768685001996,0.0
1774106823,10,,Aggregated,10.700000,10.700000,510,590,660,1000,1000,1100,1500,3700,7100,7100,7100,663,663,510.0,704.0586103228006,500.80270399848814,7133.768685001996,0.0
1774106824,10,,Aggregated,10.700000,10.700000,510,590,660,1000,1000,1100,1500,3700,7100,7100,7100,672,672,510.0,702.7000852753282,500.80270399848814,7133.768685001996,0.0
1774106825,10,,Aggregated,10.800000,10.800000,510,590,660,1000,1000,1100,1500,3700,7100,7100,7100,683,683,510.0,701.2670495578711,500.80270399848814,7133.768685001996,0.0
1774106826,10,,Aggregated,10.500000,10.500000,510,590,650,1000,1000,1100,1500,3700,7100,7100,7100,695,695,510.0,699.746198869105,500.80270399848814,7133.768685001996,0.0
1774106827,10,,Aggregated,10.500000,10.500000,510,590,650,1000,1000,1100,1500,3700,7100,7100,7100,705,705,510.0,697.877693229817,500.80270399848814,7133.768685001996,0.0
1774106828,10,,Aggregated,10.300000,10.300000,510,590,650,1000,1000,1100,1500,3700,7100,7100,7100,715,715,510.0,696.225906700735,500.80270399848814,7133.768685001996,0.0
1774106829,10,,Aggregated,10.400000,10.400000,510,590,650,1000,1000,1100,1500,3700,7100,7100,7100,725,725,510.0,695.1414097462385,500.80270399848814,7133.768685001996,0.0
1774106830,10,,Aggregated,10.300000,10.300000,510,590,640,1000,1000,1100,1500,3700,7100,7100,7100,736,736,510.0,693.2192577051844,500.80270399848814,7133.768685001996,0.0
1774106831,10,,Aggregated,10.300000,10.300000,510,590,640,1000,1000,1100,1500,3700,7100,7100,7100,746,746,510.0,691.9088698418464,500.80270399848814,7133.768685001996,0.0
1774106832,10,,Aggregated,10.200000,10.200000,510,590,640,1000,1000,1100,1500,3700,7100,7100,7100,757,757,510.0,691.2575839788867,500.80270399848814,7133.768685001996,0.0
1774106833,10,,Aggregated,10.300000,10.300000,510,590,640,1000,1000,1100,1500,3700,7100,7100,7100,767,767,510.0,689.7077562203572,500.80270399848814,7133.768685001996,0.0
1774106834,10,,Aggregated,10.100000,10.100000,510,590,640,1000,1000,1100,1500,3700,7100,7100,7100,778,778,510.0,688.9864197313875,500.80270399848814,7133.768685001996,0.0
1774106835,10,,Aggregated,10.400000,10.400000,510,590,640,1000,1000,1100,1500,3700,7100,7100,7100,788,788,510.0,687.4074911510372,500.80270399848814,7133.768685001996,0.0
1774106836,10,,Aggregated,10.400000,10.400000,510,590,630,1000,1000,1100,1500,3700,7100,7100,7100,800,800,510.0,685.9330553287645,500.80270399848814,7133.768685001996,0.0
1774106837,10,,Aggregated,10.300000,10.300000,510,580,630,1000,1000,1100,1500,3200,7100,7100,7100,813,813,510.0,683.9213070910424,500.80270399848814,7133.768685001996,0.0
1774106838,10,,Aggregated,10.300000,10.300000,510,590,630,1000,1000,1100,1500,3200,7100,7100,7100,822,822,510.0,683.0819996691175,500.80270399848814,7133.768685001996,0.0
1774106839,10,,Aggregated,10.600000,10.600000,510,580,630,1000,1000,1100,1500,3200,7100,7100,7100,832,832,510.0,682.1880618028988,500.80270399848814,7133.768685001996,0.0
1774106840,10,,Aggregated,10.900000,10.900000,510,580,630,1000,1000,1100,1500,3200,7100,7100,7100,842,842,510.0,682.0496778539361,500.80270399848814,7133.768685001996,0.0
1774106841,10,,Aggregated,10.800000,10.800000,510,580,630,1000,1000,1100,1300,3200,7100,7100,7100,853,853,510.0,680.7215763986108,500.80270399848814,7133.768685001996,0.0
1774106842,10,,Aggregated,10.700000,10.700000,510,580,630,1000,1000,1100,1300,3200,7100,7100,7100,864,864,510.0,679.0638139548809,500.80270399848814,7133.768685001996,0.0
1774106843,10,,Aggregated,10.600000,10.600000,510,580,630,1000,1000,1100,1300,3200,7100,7100,7100,874,874,510.0,678.5041777357138,500.80270399848814,7133.768685001996,0.0
1774106844,10,,Aggregated,10.700000,10.700000,510,580,630,1000,1000,1100,1300,3200,7100,7100,7100,885,885,510.0,677.9342250146958,500.80270399848814,7133.768685001996,0.0
1774106845,10,,Aggregated,10.700000,10.700000,510,580,630,1000,1000,1100,1300,3200,7100,7100,7100,896,896,510.0,677.0442521194336,500.80270399848814,7133.768685001996,0.0
1774106846,10,,Aggregated,10.800000,10.800000,510,580,630,1000,1000,1100,1300,3100,7100,7100,7100,908,908,510.0,675.5148530770975,500.80270399848814,7133.768685001996,0.0
1774106847,10,,Aggregated,10.900000,10.900000,510,580,630,1000,1000,1100,1300,3100,7100,7100,7100,918,918,510.0,674.7446795424897,500.80270399848814,7133.768685001996,0.0
1774106848,10,,Aggregated,10.600000,10.600000,510,580,630,1000,1000,1100,1300,3100,7100,7100,7100,928,928,510.0,673.7354380528114,500.80270399848814,7133.768685001996,0.0
1774106849,10,,Aggregated,10.500000,10.500000,510,580,630,1000,1000,1100,1300,3100,7100,7100,7100,939,939,510.0,673.1404392055534,500.80270399848814,7133.768685001996,0.0
1774106850,10,,Aggregated,10.400000,10.400000,510,580,630,1000,1000,1100,1300,3100,7100,7100,7100,950,950,510.0,671.8035072052782,500.80270399848814,7133.768685001996,0.0
1774106851,10,,Aggregated,10.600000,10.600000,510,580,630,1000,1000,1100,1300,3100,7100,7100,7100,960,960,510.0,672.1920772021008,500.80270399848814,7133.768685001996,0.0
1774106852,10,,Aggregated,10.800000,10.800000,510,580,630,1000,1000,1100,1300,3100,7100,7100,7100,971,971,510.0,670.4553120669593,500.80270399848814,7133.768685001996,0.0
1774106853,10,,Aggregated,10.700000,10.700000,510,580,630,1000,1000,1100,1300,3100,7100,7100,7100,982,982,510.0,669.2623361150903,500.80270399848814,7133.768685001996,0.0
1774106854,10,,Aggregated,10.600000,10.600000,510,580,620,920,1000,1100,1300,3100,7100,7100,7100,993,993,510.0,668.1201011430238,500.80270399848814,7133.768685001996,0.0
1774106855,10,,Aggregated,10.700000,10.700000,510,580,620,910,1000,1100,1300,2100,6700,7100,7100,1004,1004,510.0,667.0515977799062,500.80270399848814,7133.768685001996,0.0
1774106856,10,,Aggregated,10.600000,10.600000,510,570,620,870,1000,1100,1300,2100,6700,7100,7100,1015,1015,510.0,666.0332053143106,500.80270399848814,7133.768685001996,0.0
1774106857,10,,Aggregated,10.800000,10.800000,510,570,620,770,1000,1100,1300,2100,6700,7100,7100,1026,1026,510.0,665.0345316198981,500.80270399848814,7133.768685001996,0.0
1774106858,10,,Aggregated,10.700000,10.700000,510,570,620,730,1000,1100,1300,2100,6700,7100,7100,1037,1037,510.0,663.9688225332876,500.80270399848814,7133.768685001996,0.0
1774106859,10,,Aggregated,10.700000,10.700000,510,570,620,730,1000,1100,1300,2100,6700,7100,7100,1047,1047,510.0,663.4286919646812,500.80270399848814,7133.768685001996,0.0
1774106860,10,,Aggregated,10.900000,10.900000,510,570,620,730,1000,1100,1300,2100,6700,7100,7100,1059,1059,510.0,662.1733406600811,500.80270399848814,7133.768685001996,0.0
1774106861,10,,Aggregated,10.800000,10.800000,510,570,620,690,1000,1100,1300,2100,6700,7100,7100,1072,1072,510.0,660.894284926338,500.80270399848814,7133.768685001996,0.0
1774106862,10,,Aggregated,10.700000,10.700000,510,570,620,680,1000,1100,1300,2100,6700,7100,7100,1081,1081,510.0,660.0844582988251,500.80270399848814,7133.768685001996,0.0
1774106863,10,,Aggregated,10.900000,10.900000,510,570,620,680,1000,1100,1300,2100,6700,7100,7100,1092,1092,510.0,659.6541705870147,500.80270399848814,7133.768685001996,0.0
1774106864,10,,Aggregated,11.100000,11.100000,510,570,620,680,1000,1100,1200,2100,6700,7100,7100,1101,1101,510.0,658.848042657599,500.80270399848814,7133.768685001996,0.0
1774106865,10,,Aggregated,11.000000,11.000000,510,570,620,680,1000,1100,1200,2100,6700,7100,7100,1114,1114,510.0,657.9580196328649,500.80270399848814,7133.768685001996,0.0
1774106866,10,,Aggregated,11.000000,11.000000,510,560,620,680,1000,1100,1200,2100,6700,7100,7100,1124,1124,510.0,657.046873236662,500.80270399848814,7133.768685001996,0.0
1774106867,10,,Aggregated,10.700000,10.700000,510,560,620,670,1000,1100,1200,2100,6700,7100,7100,1136,1136,510.0,655.9309356390924,500.80270399848814,7133.768685001996,0.0
1774106868,10,,Aggregated,11.000000,11.000000,510,560,620,660,1000,1100,1200,2100,6700,7100,7100,1146,1146,510.0,655.1461794939036,500.80270399848814,7133.768685001996,0.0
1774106869,10,,Aggregated,10.900000,10.900000,510,560,620,660,1000,1100,1200,2100,6700,7100,7100,1156,1156,510.0,655.0391079308047,500.80270399848814,7133.768685001996,0.0
1774106870,10,,Aggregated,10.900000,10.900000,510,560,620,660,1000,1100,1200,2100,6700,7100,7100,1169,1169,510.0,653.9648233045399,500.80270399848814,7133.768685001996,0.0
1774106871,10,,Aggregated,10.900000,10.900000,510,560,620,660,1000,1100,1200,2100,6700,7100,7100,1180,1180,510.0,653.0782418025506,500.80270399848814,7133.768685001996,0.0
1774106872,10,,Aggregated,11.100000,11.100000,510,550,610,660,1000,1100,1200,2100,6700,7100,7100,1191,1191,510.0,651.871770879938,500.80270399848814,7133.768685001996,0.0
1774106873,10,,Aggregated,11.000000,11.000000,510,550,610,660,1000,1000,1200,2000,6700,7100,7100,1201,1201,510.0,651.0597880516286,500.80270399848814,7133.768685001996,0.0
1774106874,10,,Aggregated,10.900000,10.900000,510,550,610,660,1000,1100,1200,2000,6700,7100,7100,1212,1212,510.0,650.6707278325094,500.80270399848814,7133.768685001996,0.0
1774106875,10,,Aggregated,10.900000,10.900000,510,540,610,660,1000,1000,1200,2000,6700,7100,7100,1224,1224,510.0,649.3690578733787,500.80270399848814,7133.768685001996,0.0
1774106876,10,,Aggregated,10.900000,10.900000,510,540,610,650,1000,1000,1200,2000,6700,7100,7100,1233,1233,510.0,648.8893485790925,500.80270399848814,7133.768685001996,0.0
1774106877,10,,Aggregated,11.000000,11.000000,510,540,610,650,1000,1000,1200,2000,6700,7100,7100,1245,1245,510.0,648.0659644956005,500.80270399848814,7133.768685001996,0.0
1774106878,10,,Aggregated,11.000000,11.000000,510,540,610,650,1000,1000,1200,2000,6700,7100,7100,1254,1254,510.0,647.2553860837519,500.80270399848814,7133.768685001996,0.0
1774106879,10,,Aggregated,11.100000,11.100000,510,540,610,650,1000,1000,1200,2000,6700,7100,7100,1265,1265,510.0,646.7159305375638,500.80270399848814,7133.768685001996,0.0
1774106880,10,,Aggregated,10.900000,10.900000,510,540,610,650,1000,1000,1200,2000,6700,7100,7100,1277,1277,510.0,645.9018453101221,500.80270399848814,7133.768685001996,0.0
1774106881,10,,Aggregated,10.900000,10.900000,510,540,610,650,1000,1000,1200,2000,6700,7100,7100,1289,1289,510.0,645.2612108378781,500.80270399848814,7133.768685001996,0.0
1774106882,10,,Aggregated,10.700000,10.700000,510,530,610,650,1000,1000,1200,2000,6700,7100,7100,1300,1300,510.0,644.0802307923183,500.80270399848814,7133.768685001996,0.0
1774106883,10,,Aggregated,10.800000,10.800000,510,530,610,640,1000,1000,1200,1500,6700,7100,7100,1311,1311,510.0,643.438007936702,500.80270399848814,7133.768685001996,0.0
1774106884,10,,Aggregated,10.800000,10.800000,510,530,610,640,1000,1000,1200,1500,6700,7100,7100,1321,1321,510.0,642.773915948535,500.80270399848814,7133.768685001996,0.0
1774106885,10,,Aggregated,10.900000,10.900000,510,530,610,640,1000,1000,1200,1500,6700,7100,7100,1332,1332,510.0,642.06449154581,500.80270399848814,7133.768685001996,0.0
1774106886,10,,Aggregated,11.100000,11.100000,510,530,610,640,1000,1000,1200,1500,6700,7100,7100,1344,1344,510.0,640.9837414025415,500.80270399848814,7133.768685001996,0.0
1774106887,10,,Aggregated,11.100000,11.100000,510,520,610,640,1000,1000,1200,1500,6700,7100,7100,1355,1355,510.0,639.8740174398689,500.80270399848814,7133.768685001996,0.0
1774106888,10,,Aggregated,11.000000,11.000000,510,520,610,640,1000,1000,1200,1500,6700,7100,7100,1367,1367,510.0,639.388944686184,500.80270399848814,7133.768685001996,0.0
1774106889,10,,Aggregated,10.900000,10.900000,510,520,600,630,1000,1000,1200,1500,6700,7100,7100,1379,1379,510.0,638.2367214365647,500.80270399848814,7133.768685001996,0.0
1774106890,10,,Aggregated,10.900000,10.900000,510,520,600,630,1000,1000,1200,1500,6700,7100,7100,1389,1389,510.0,637.4602398121106,500.80270399848814,7133.768685001996,0.0
1774106891,10,,Aggregated,11.100000,11.100000,510,520,600,630,1000,1000,1200,1500,6700,7100,7100,1401,1401,510.0,636.4584532826769,500.80270399848814,7133.768685001996,0.0
1774106892,10,,Aggregated,11.200000,11.200000,510,510,600,630,1000,1000,1200,1500,6700,7100,7100,1412,1412,510.0,635.5036320340108,500.80270399848814,7133.768685001996,0.0
1774106893,10,,Aggregated,11.200000,11.200000,510,510,600,630,1000,1000,1200,1500,6700,7100,7100,1423,1423,510.0,634.6404117751371,500.80270399848814,7133.768685001996,0.0
1774106894,10,,Aggregated,11.200000,11.200000,510,510,600,630,1000,1000,1200,1500,6700,7100,7100,1436,1436,510.0,633.6817586741086,500.80270399848814,7133.768685001996,0.0
1774106895,10,,Aggregated,11.100000,11.100000,510,510,600,630,1000,1000,1200,1500,6700,7100,7100,1447,1447,510.0,632.8560980069241,500.80270399848814,7133.768685001996,0.0
1774106896,10,,Aggregated,11.100000,11.100000,510,510,600,630,1000,1000,1100,1500,6700,7100,7100,1460,1460,510.0,631.8703161945305,500.80270399848814,7133.768685001996,0.0
1774106897,10,,Aggregated,11.000000,11.000000,510,510,600,620,1000,1000,1100,1500,6700,7100,7100,1471,1471,510.0,631.0064843698237,500.80270399848814,7133.768685001996,0.0
1774106898,10,,Aggregated,11.300000,11.300000,510,510,600,620,1000,1000,1100,1500,6700,7100,7100,1482,1482,510.0,630.0620112193117,500.80270399848814,7133.768685001996,0.0
1774106899,10,,Aggregated,11.500000,11.500000,510,510,600,620,1000,1000,1100,1500,6700,7100,7100,1492,1492,510.0,629.6886505931827,500.80270399848814,7133.768685001996,0.0
1774106900,10,,Aggregated,11.500000,11.500000,510,510,600,620,1000,1000,1100,1500,6700,7100,7100,1504,1504,510.0,628.9161248065321,500.80270399848814,7133.768685001996,0.0
1774106901,10,,Aggregated,11.500000,11.500000,510,510,600,620,1000,1000,1100,1500,6700,7100,7100,1516,1516,510.0,628.0796916372219,500.80270399848814,7133.768685001996,0.0
1774106902,10,,Aggregated,11.700000,11.700000,510,510,600,620,1000,1000,1100,1500,6700,7100,7100,1529,1529,510.0,627.2790267796121,500.80270399848814,7133.768685001996,0.0
1774106903,10,,Aggregated,11.500000,11.500000,510,510,600,620,1000,1000,1100,1500,6700,7100,7100,1539,1539,510.0,626.5379569356917,500.80270399848814,7133.768685001996,0.0
1774106904,10,,Aggregated,11.500000,11.500000,510,510,600,620,1000,1000,1100,1500,6700,7100,7100,1552,1552,510.0,625.587946416254,500.80270399848814,7133.768685001996,0.0
1774106905,10,,Aggregated,11.500000,11.500000,510,510,600,620,1000,1000,1100,1500,6700,7100,7100,1562,1562,510.0,624.9971444046264,500.80270399848814,7133.768685001996,0.0
1774106906,10,,Aggregated,11.500000,11.500000,510,510,600,620,1000,1000,1100,1500,6700,7100,7100,1572,1572,510.0,624.7545225439073,500.80270399848814,7133.768685001996,0.0
1774106907,10,,Aggregated,11.600000,11.600000,510,510,600,620,1000,1000,1100,1500,6700,7100,7100,1584,1584,510.0,624.0046954760234,500.80270399848814,7133.768685001996,0.0
1774106908,10,,Aggregated,11.400000,11.400000,510,510,590,620,1000,1000,1100,1500,6700,7100,7100,1595,1595,510.0,623.2812192940589,500.80270399848814,7133.768685001996,0.0
1774106909,10,,Aggregated,11.200000,11.200000,510,510,590,620,1000,1000,1100,1500,6700,7100,7100,1606,1606,510.0,622.5055296021319,500.80270399848814,7133.768685001996,0.0
1774106910,10,,Aggregated,11.400000,11.400000,510,510,590,620,1000,1000,1100,1500,6700,7100,7100,1617,1617,510.0,622.012030959814,500.80270399848814,7133.768685001996,0.0
1774106911,10,,Aggregated,11.200000,11.200000,510,510,590,620,1000,1000,1100,1500,6700,7100,7100,1628,1628,510.0,621.6322640823192,500.80270399848814,7133.768685001996,0.0
1774106912,10,,Aggregated,11.000000,11.000000,510,510,590,620,1000,1000,1100,1500,6700,7100,7100,1642,1642,510.0,620.671945218038,500.80270399848814,7133.768685001996,0.0
1774106913,10,,Aggregated,11.100000,11.100000,510,510,590,620,1000,1000,1100,1500,6700,7100,7100,1653,1653,510.0,620.0341493224561,500.80270399848814,7133.768685001996,0.0
1774106914,10,,Aggregated,11.200000,11.200000,510,510,590,620,1000,1000,1100,1500,6700,7100,7100,1663,1663,510.0,619.3851779410818,500.80270399848814,7133.768685001996,0.0
1774106915,10,,Aggregated,11.200000,11.200000,510,510,590,620,1000,1000,1100,1500,6700,7100,7100,1675,1675,510.0,618.7133743785241,500.80270399848814,7133.768685001996,0.0
1774106916,10,,Aggregated,11.100000,11.100000,510,510,590,610,1000,1000,1100,1500,6700,7100,7100,1686,1686,510.0,618.2457159134237,500.80270399848814,7133.768685001996,0.0
1774106917,10,,Aggregated,11.300000,11.300000,510,510,590,610,1000,1000,1100,1500,6700,7100,7100,1697,1697,510.0,617.8370768479862,500.80270399848814,7133.768685001996,0.0
1774106918,10,,Aggregated,11.200000,11.200000,510,510,590,610,1000,1000,1100,1300,6700,7100,7100,1707,1707,510.0,617.257296253681,500.80270399848814,7133.768685001996,0.0
1774106919,10,,Aggregated,11.200000,11.200000,510,510,590,610,1000,1000,1100,1300,6700,7100,7100,1719,1719,510.0,616.5769755369599,500.80270399848814,7133.768685001996,0.0
1774106920,10,,Aggregated,11.300000,11.300000,510,510,590,610,1000,1000,1100,1300,6700,7100,7100,1732,1732,510.0,615.9378165860443,500.80270399848814,7133.768685001996,0.0
1774106921,10,,Aggregated,11.300000,11.300000,510,510,590,610,1000,1000,1100,1300,6700,7100,7100,1743,1743,510.0,615.3365320418985,500.65563499811105,7133.768685001996,0.0
1774106922,10,,Aggregated,11.300000,11.300000,510,510,590,610,1000,1000,1100,1300,6700,7100,7100,1754,1754,510.0,614.7307134002466,500.65563499811105,7133.768685001996,0.0
1774106923,10,,Aggregated,11.300000,11.300000,510,510,590,610,1000,1000,1100,1300,6700,7100,7100,1765,1765,510.0,614.2539001654555,500.65563499811105,7133.768685001996,0.0
1774106924,10,,Aggregated,11.400000,11.400000,510,510,590,610,1000,1000,1100,1300,6700,7100,7100,1778,1778,510.0,613.5804079072163,500.65563499811105,7133.768685001996,0.0
1774106925,10,,Aggregated,11.600000,11.600000,510,510,590,610,1000,1000,1100,1300,6700,7100,7100,1788,1788,510.0,613.1130988680274,500.65563499811105,7133.768685001996,0.0
1774106926,10,,Aggregated,11.500000,11.500000,510,510,580,610,1000,1000,1100,1300,6700,7100,7100,1802,1802,510.0,612.2721454883589,500.65563499811105,7133.768685001996,0.0
1774106927,10,,Aggregated,11.300000,11.300000,510,510,580,610,1000,1000,1100,1300,6700,7100,7100,1812,1812,510.0,611.8100366710989,500.65563499811105,7133.768685001996,0.0
1774106928,10,,Aggregated,11.400000,11.400000,510,510,580,610,1000,1000,1100,1300,6700,7100,7100,1824,1824,510.0,611.3439325954105,500.65563499811105,7133.768685001996,0.0
1774106929,10,,Aggregated,11.500000,11.500000,510,510,580,610,1000,1000,1100,1300,6700,7100,7100,1834,1834,510.0,610.884282470026,500.65563499811105,7133.768685001996,0.0
1774106930,10,,Aggregated,11.200000,11.200000,510,510,580,610,1000,1000,1100,1300,6700,7100,7100,1845,1845,510.0,610.3919319886318,500.65563499811105,7133.768685001996,0.0
1774106931,10,,Aggregated,11.200000,11.200000,510,510,580,610,1000,1000,1100,1300,6700,7100,7100,1857,1857,510.0,609.7818031448703,500.65563499811105,7133.768685001996,0.0
1774106932,10,,Aggregated,11.700000,11.700000,510,510,580,610,1000,1000,1100,1300,6700,7100,7100,1868,1868,510.0,609.6979544293511,500.65563499811105,7133.768685001996,0.0
1774106933,10,,Aggregated,11.700000,11.700000,510,510,580,610,1000,1000,1100,1300,6700,7100,7100,1879,1879,510.0,609.1435261282734,500.65563499811105,7133.768685001996,0.0
1774106934,10,,Aggregated,11.200000,11.200000,510,510,580,610,1000,1000,1100,1300,6700,7100,7100,1891,1891,510.0,608.6228197911338,500.65563499811105,7133.768685001996,0.0
1774106935,10,,Aggregated,11.000000,11.000000,510,510,580,610,1000,1000,1100,1300,6700,7100,7100,1901,1901,510.0,608.3961370526216,500.65563499811105,7133.768685001996,0.0
1774106936,10,,Aggregated,11.000000,11.000000,510,510,580,610,1000,1000,1100,1300,6700,7100,7100,1911,1911,510.0,607.9066596201097,500.65563499811105,7133.768685001996,0.0
1774106937,10,,Aggregated,11.000000,11.000000,510,510,580,610,1000,1000,1100,1300,6700,7100,7100,1922,1922,510.0,607.5188701441364,500.65563499811105,7133.768685001996,0.0
1774106938,10,,Aggregated,11.100000,11.100000,510,510,580,610,1000,1000,1100,1300,6700,7100,7100,1932,1932,510.0,607.3495016226894,500.65563499811105,7133.768685001996,0.0
1774106939,10,,Aggregated,11.300000,11.300000,510,510,580,610,1000,1000,1100,1300,6700,7100,7100,1944,1944,510.0,606.8344119670949,500.65563499811105,7133.768685001996,0.0
1774106940,10,,Aggregated,11.300000,11.300000,510,510,580,610,1000,1000,1100,1300,6700,7100,7100,1957,1957,510.0,606.5742315764096,500.65563499811105,7133.768685001996,0.0
1774106941,10,,Aggregated,11.300000,11.300000,510,510,580,610,1000,1000,1100,1300,6700,7100,7100,1968,1968,510.0,606.0681655899594,500.65563499811105,7133.768685001996,0.0
1774106942,10,,Aggregated,10.800000,10.800000,510,510,580,610,1000,1000,1100,1300,6700,7100,7100,1978,1978,510.0,605.9224240359152,500.65563499811105,7133.768685001996,0.0
1774106943,10,,Aggregated,10.800000,10.800000,510,510,580,610,1000,1000,1100,1300,6700,7100,7100,1988,1988,510.0,605.4689086604816,500.65563499811105,7133.768685001996,0.0
1774106944,10,,Aggregated,11.100000,11.100000,510,510,580,610,1000,1000,1100,1300,4100,7100,7100,2001,2001,510.0,605.2381848580837,500.65563499811105,7133.768685001996,0.0
1774106945,10,,Aggregated,11.100000,11.100000,510,510,580,610,1000,1000,1100,1300,4100,7100,7100,2012,2012,510.0,605.0991452231765,500.65563499811105,7133.768685001996,0.0
1774106946,10,,Aggregated,11.300000,11.300000,510,510,580,610,1000,1000,1100,1300,4100,7100,7100,2022,2022,510.0,604.598980658766,500.65563499811105,7133.768685001996,0.0
1774106947,10,,Aggregated,11.200000,11.200000,510,510,580,610,1000,1000,1100,1300,4100,7100,7100,2034,2034,510.0,604.0946941666816,500.65563499811105,7133.768685001996,0.0
1774106948,10,,Aggregated,11.100000,11.100000,510,510,580,610,1000,1000,1100,1300,4100,7100,7100,2045,2045,510.0,603.8556697403525,500.65563499811105,7133.768685001996,0.0
1774106949,10,,Aggregated,10.800000,10.800000,510,510,580,610,1000,1000,1100,1300,4100,7100,7100,2056,2056,510.0,603.4553665972879,500.65563499811105,7133.768685001996,0.0
1774106950,10,,Aggregated,10.900000,10.900000,510,510,580,610,1000,1000,1100,1300,4100,7100,7100,2067,2067,510.0,603.1166145471819,500.65563499811105,7133.768685001996,0.0
1774106951,10,,Aggregated,11.100000,11.100000,510,510,580,610,1000,1000,1100,1300,4100,7100,7100,2080,2080,510.0,602.7154135000103,500.65563499811105,7133.768685001996,0.0
1774106952,10,,Aggregated,11.200000,11.200000,510,510,580,610,1000,1000,1100,1300,4100,7100,7100,2091,2091,510.0,602.3133863276079,500.65563499811105,7133.768685001996,0.0
1774106953,10,,Aggregated,11.200000,11.200000,510,510,580,610,1000,1000,1100,1300,4100,7100,7100,2101,2101,510.0,601.9805170595072,500.65563499811105,7133.768685001996,0.0
1774106954,10,,Aggregated,11.100000,11.100000,510,510,580,610,1000,1000,1100,1300,4100,7100,7100,2114,2114,510.0,601.4276628949908,500.65563499811105,7133.768685001996,0.0
1774106955,10,,Aggregated,11.200000,11.200000,510,510,580,610,1000,1000,1100,1300,4100,7100,7100,2126,2126,510.0,600.9578755075313,500.65563499811105,7133.768685001996,0.0
1774106956,10,,Aggregated,11.400000,11.400000,510,510,580,610,1000,1000,1100,1300,4100,7100,7100,2137,2137,510.0,600.8103661829707,500.65563499811105,7133.768685001996,0.0
1774106957,10,,Aggregated,11.400000,11.400000,510,510,580,610,1000,1000,1100,1300,4100,7100,7100,2148,2148,510.0,600.5436013258885,500.65563499811105,7133.768685001996,0.0
1774106958,10,,Aggregated,11.200000,11.200000,510,510,580,610,1000,1000,1100,1300,4100,7100,7100,2160,2160,510.0,600.2899750092639,500.65563499811105,7133.768685001996,0.0
1774106959,10,,Aggregated,11.500000,11.500000,510,510,580,610,1000,1000,1100,1300,4100,7100,7100,2171,2171,510.0,599.8504551782611,500.65563499811105,7133.768685001996,0.0
1774106960,10,,Aggregated,11.400000,11.400000,510,510,580,610,1000,1000,1100,1300,4100,7100,7100,2181,2181,510.0,599.5395601746911,500.65563499811105,7133.768685001996,0.0
1774106961,10,,Aggregated,11.200000,11.200000,510,510,580,610,1000,1000,1100,1300,4100,7100,7100,2194,2194,510.0,599.1718767479524,500.65563499811105,7133.768685001996,0.0
1774106962,10,,Aggregated,11.200000,11.200000,510,510,580,610,1000,1000,1100,1200,4100,7100,7100,2205,2205,510.0,598.8662349714336,500.65563499811105,7133.768685001996,0.0
1774106963,10,,Aggregated,11.500000,11.500000,510,510,580,600,1000,1000,1100,1200,4100,7100,7100,2218,2218,510.0,598.4190741514889,500.65563499811105,7133.768685001996,0.0
1774106964,10,,Aggregated,11.500000,11.500000,510,510,580,600,1000,1000,1100,1200,4100,7100,7100,2228,2228,510.0,598.2755584838441,500.65563499811105,7133.768685001996,0.0
1774106965,10,,Aggregated,11.400000,11.400000,510,510,570,600,1000,1000,1100,1200,4100,7100,7100,2238,2238,510.0,597.9249331916933,500.65563499811105,7133.768685001996,0.0
1774106966,10,,Aggregated,11.000000,11.000000,510,510,570,600,1000,1000,1100,1200,4100,7100,7100,2249,2249,510.0,597.5167570738175,500.65563499811105,7133.768685001996,0.0
1774106967,10,,Aggregated,11.200000,11.200000,510,510,570,600,1000,1000,1100,1200,4100,7100,7100,2261,2261,510.0,597.0428944414027,500.65563499811105,7133.768685001996,0.0
1774106968,10,,Aggregated,11.400000,11.400000,510,510,570,600,1000,1000,1100,1200,4100,7100,7100,2271,2271,510.0,596.8609569727035,500.65563499811105,7133.768685001996,0.0
1774106969,10,,Aggregated,11.100000,11.100000,510,510,570,600,1000,1000,1100,1200,4100,7100,7100,2284,2284,510.0,596.337222104209,500.65563499811105,7133.768685001996,0.0
1774106970,10,,Aggregated,11.100000,11.100000,510,510,570,600,1000,1000,1100,1200,4100,7100,7100,2294,2294,510.0,595.9771927301731,500.65563499811105,7133.768685001996,0.0
1774106971,10,,Aggregated,11.400000,11.400000,510,510,570,600,1000,1000,1100,1200,4100,7100,7100,2306,2306,510.0,595.551512843898,500.65563499811105,7133.768685001996,0.0
1774106972,10,,Aggregated,11.300000,11.300000,510,510,570,600,1000,1000,1100,1200,4100,7100,7100,2317,2317,510.0,595.27435272552,500.65563499811105,7133.768685001996,0.0
1774106973,10,,Aggregated,11.000000,11.000000,510,510,570,600,1000,1000,1100,1200,4100,7100,7100,2329,2329,510.0,595.1032175375824,500.65563499811105,7133.768685001996,0.0
1774106974,10,,Aggregated,11.200000,11.200000,510,510,570,600,1000,1000,1100,1200,4100,7100,7100,2340,2340,510.0,594.7613997525716,500.65563499811105,7133.768685001996,0.0
1774106975,10,,Aggregated,11.000000,11.000000,510,510,570,600,1000,1000,1100,1200,4100,7100,7100,2350,2350,510.0,594.5066753178781,500.65563499811105,7133.768685001996,0.0
1774106976,10,,Aggregated,11.200000,11.200000,510,510,570,600,1000,1000,1100,1200,4100,7100,7100,2361,2361,510.0,594.238006562056,500.65563499811105,7133.768685001996,0.0
1774106977,10,,Aggregated,11.200000,11.200000,510,510,570,600,1000,1000,1100,1200,4100,7100,7100,2373,2373,510.0,593.8037523072139,500.65563499811105,7133.768685001996,0.0
1774106978,10,,Aggregated,11.200000,11.200000,510,510,570,600,1000,1000,1100,1200,4100,7100,7100,2386,2386,510.0,593.5790997921259,500.65563499811105,7133.768685001996,0.0
1774106979,10,,Aggregated,11.400000,11.400000,510,510,570,600,1000,1000,1100,1200,4100,7100,7100,2398,2398,510.0,593.1671121509651,500.65563499811105,7133.768685001996,0.0
1774106980,10,,Aggregated,11.500000,11.500000,510,510,570,600,1000,1000,1100,1200,4100,7100,7100,2408,2408,510.0,592.9105317171967,500.65563499811105,7133.768685001996,0.0
1774106981,10,,Aggregated,11.200000,11.200000,510,510,570,600,1000,1000,1100,1200,4100,7100,7100,2420,2420,510.0,592.4751177252116,500.65563499811105,7133.768685001996,0.0
1774106982,10,,Aggregated,11.200000,11.200000,510,510,570,600,1000,1000,1100,1200,4100,7100,7100,2432,2432,510.0,592.0954537685119,500.65563499811105,7133.768685001996,0.0
1774106983,10,,Aggregated,11.300000,11.300000,510,510,570,600,1000,1000,1100,1200,4100,7100,7100,2443,2443,510.0,591.7846417335358,500.65563499811105,7133.768685001996,0.0
1774106984,10,,Aggregated,11.200000,11.200000,510,510,570,600,1000,1000,1100,1200,4100,7100,7100,2455,2455,510.0,591.3761463446175,500.65563499811105,7133.768685001996,0.0
1774106985,10,,Aggregated,11.600000,11.600000,510,510,570,600,1000,1000,1100,1200,4100,7100,7100,2466,2466,510.0,591.089367042595,500.65563499811105,7133.768685001996,0.0
1774106986,10,,Aggregated,11.700000,11.700000,510,510,570,600,1000,1000,1100,1200,4100,7100,7100,2479,2479,510.0,590.6821065006187,500.65563499811105,7133.768685001996,0.0
1774106987,10,,Aggregated,11.600000,11.600000,510,510,560,600,920,1000,1100,1200,4100,7100,7100,2489,2489,510.0,590.3957976400299,500.65563499811105,7133.768685001996,0.0
1774106988,10,,Aggregated,11.400000,11.400000,510,510,570,600,910,1000,1100,1200,4100,7100,7100,2500,2500,510.0,590.1745116176181,500.65563499811105,7133.768685001996,0.0
1774106989,10,,Aggregated,11.300000,11.300000,510,510,570,600,870,1000,1100,1200,4100,7100,7100,2510,2510,510.0,589.9905778322885,500.65563499811105,7133.768685001996,0.0
1774106990,10,,Aggregated,11.400000,11.400000,510,510,560,600,770,1000,1100,1200,4100,7100,7100,2527,2527,510.0,589.5137100356314,500.65563499811105,7133.768685001996,0.0
1774106991,10,,Aggregated,11.500000,11.500000,510,510,560,600,730,1000,1100,1200,4100,7100,7100,2537,2537,510.0,589.1951800745168,500.65563499811105,7133.768685001996,0.0
1774106992,10,,Aggregated,11.800000,11.800000,510,510,560,600,730,1000,1100,1200,4100,7100,7100,2547,2547,510.0,588.913403870847,500.65563499811105,7133.768685001996,0.0
1774106993,10,,Aggregated,11.800000,11.800000,510,510,560,600,730,1000,1100,1200,4100,7100,7100,2559,2559,510.0,588.6515668089296,500.65563499811105,7133.768685001996,0.0
1774106994,10,,Aggregated,11.700000,11.700000,510,510,560,600,720,1000,1100,1200,4100,7100,7100,2573,2573,510.0,588.3132441251669,500.65563499811105,7133.768685001996,0.0
1774106995,10,,Aggregated,11.600000,11.600000,510,510,560,600,690,1000,1100,1200,4100,7100,7100,2582,2582,510.0,588.0788061196952,500.65563499811105,7133.768685001996,0.0
1774106996,10,,Aggregated,11.500000,11.500000,510,510,560,600,690,1000,1100,1200,4100,7100,7100,2593,2593,510.0,587.8763681596805,500.65563499811105,7133.768685001996,0.0
1774106997,10,,Aggregated,11.600000,11.600000,510,510,560,600,690,1000,1100,1200,4100,7100,7100,2604,2604,510.0,587.5996424128438,500.65563499811105,7133.768685001996,0.0
1774106998,10,,Aggregated,11.500000,11.500000,510,510,560,600,680,1000,1100,1200,4100,7100,7100,2617,2617,510.0,587.2786723653219,500.65563499811105,7133.768685001996,0.0
1774106999,10,,Aggregated,11.600000,11.600000,510,510,560,600,680,1000,1100,1200,4100,7100,7100,2630,2630,510.0,586.868514123211,500.65563499811105,7133.768685001996,0.0
1774107000,10,,Aggregated,11.600000,11.600000,510,510,560,600,680,1000,1100,1200,4100,7100,7100,2642,2642,510.0,586.6387473039534,500.65563499811105,7133.768685001996,0.0
1774107001,10,,Aggregated,11.800000,11.800000,510,510,560,600,680,1000,1100,1200,4100,7100,7100,2652,2652,510.0,586.3434723269384,500.65563499811105,7133.768685001996,0.0
1774107002,10,,Aggregated,11.500000,11.500000,510,510,560,600,670,1000,1100,1200,4100,7100,7100,2663,2663,510.0,586.1524228682123,500.65563499811105,7133.768685001996,0.0
1774107003,10,,Aggregated,11.300000,11.300000,510,510,550,600,670,1000,1100,1200,4100,7100,7100,2674,2674,510.0,585.8669371870039,500.65563499811105,7133.768685001996,0.0
1774107004,10,,Aggregated,11.400000,11.400000,510,510,550,600,670,1000,1100,1200,4100,7100,7100,2684,2684,510.0,585.6747258450255,500.65563499811105,7133.768685001996,0.0
1774107005,10,,Aggregated,11.400000,11.400000,510,510,550,600,670,1000,1100,1200,4100,7100,7100,2695,2695,510.0,585.489188142505,500.65563499811105,7133.768685001996,0.0
1774107006,10,,Aggregated,11.300000,11.300000,510,510,550,600,670,1000,1100,1200,4100,7100,7100,2707,2707,510.0,585.1506742441983,500.65563499811105,7133.768685001996,0.0
1774107007,10,,Aggregated,11.200000,11.200000,510,510,550,600,670,1000,1100,1200,4100,7100,7100,2720,2720,510.0,584.7956589672976,500.65563499811105,7133.768685001996,0.0
1774107008,10,,Aggregated,11.500000,11.500000,510,510,550,590,670,1000,1100,1200,4100,7100,7100,2731,2731,510.0,584.6299066906101,500.65563499811105,7133.768685001996,0.0
1774107009,10,,Aggregated,11.500000,11.500000,510,510,550,600,670,1000,1100,1200,4100,7100,7100,2742,2742,510.0,584.6018587483792,500.65563499811105,7133.768685001996,0.0
1774107010,10,,Aggregated,11.600000,11.600000,510,510,550,600,670,1000,1100,1200,4100,7100,7100,2755,2755,510.0,584.3019278116367,500.65563499811105,7133.768685001996,0.0
1774107011,10,,Aggregated,11.100000,11.100000,510,510,550,590,670,1000,1100,1200,4100,7100,7100,2766,2766,510.0,584.0902578698701,500.65563499811105,7133.768685001996,0.0
1774107012,10,,Aggregated,11.200000,11.200000,510,510,550,590,670,1000,1100,1200,4100,7100,7100,2777,2777,510.0,583.8824738790269,500.65563499811105,7133.768685001996,0.0
1774107013,10,,Aggregated,11.300000,11.300000,510,510,550,590,660,1000,1100,1200,4100,7100,7100,2787,2787,510.0,583.6663132572859,500.65563499811105,7133.768685001996,0.0
1774107014,10,,Aggregated,11.400000,11.400000,510,510,550,590,660,1000,1100,1200,4100,7100,7100,2798,2798,510.0,583.4782368963768,500.65563499811105,7133.768685001996,0.0
1774107015,10,,Aggregated,11.200000,11.200000,510,510,550,590,660,1000,1100,1200,4100,7100,7100,2809,2809,510.0,583.2643380968549,500.65563499811105,7133.768685001996,0.0
1774107016,10,,Aggregated,11.300000,11.300000,510,510,550,590,660,1000,1100,1200,4100,7100,7100,2821,2821,510.0,583.2545780999875,500.65563499811105,7133.768685001996,0.0
1774107017,10,,Aggregated,11.300000,11.300000,510,510,550,590,660,1000,1100,1200,4100,7100,7100,2833,2833,510.0,582.9566256177416,500.65563499811105,7133.768685001996,0.0
1774107018,10,,Aggregated,11.200000,11.200000,510,510,550,590,660,1000,1100,1200,4100,7100,7100,2843,2843,510.0,582.8269941787026,500.65563499811105,7133.768685001996,0.0
1774107019,10,,Aggregated,11.200000,11.200000,510,510,550,590,660,1000,1100,1200,4100,7100,7100,2854,2854,510.0,582.6838383689734,500.65563499811105,7133.768685001996,0.0
1774107020,10,,Aggregated,11.000000,11.000000,510,510,550,590,660,1000,1100,1200,4100,7100,7100,2865,2865,510.0,582.425305435969,500.65563499811105,7133.768685001996,0.0
1774107021,10,,Aggregated,11.100000,11.100000,510,510,550,590,660,1000,1100,1200,4100,7100,7100,2878,2878,510.0,582.1352093238525,500.65563499811105,7133.768685001996,0.0
1774107022,10,,Aggregated,11.200000,11.200000,510,510,550,590,660,1000,1100,1200,4100,7100,7100,2889,2889,510.0,581.9697264140021,500.65563499811105,7133.768685001996,0.0
1774107023,10,,Aggregated,11.400000,11.400000,510,510,550,590,660,1000,1100,1200,4100,7100,7100,2900,2900,510.0,581.7335052551919,500.65563499811105,7133.768685001996,0.0
1774107024,10,,Aggregated,11.200000,11.200000,510,510,550,590,660,1000,1100,1100,4100,7100,7100,2911,2911,510.0,581.5847002672824,500.65563499811105,7133.768685001996,0.0
1774107025,10,,Aggregated,11.400000,11.400000,510,510,550,590,660,1000,1100,1100,4100,7100,7100,2923,2923,510.0,581.3106703407656,500.65563499811105,7133.768685001996,0.0
1774107026,10,,Aggregated,11.100000,11.100000,510,510,550,590,660,1000,1100,1100,4100,7100,7100,2937,2937,510.0,581.0170077507861,500.65563499811105,7133.768685001996,0.0
1774107027,10,,Aggregated,11.200000,11.200000,510,510,550,590,660,1000,1100,1100,4100,7100,7100,2949,2949,510.0,580.7553708643784,500.65563499811105,7133.768685001996,0.0
1774107028,10,,Aggregated,11.500000,11.500000,510,510,550,590,660,1000,1100,1100,4100,7100,7100,2960,2960,510.0,580.5473587696102,500.65563499811105,7133.768685001996,0.0
1774107029,10,,Aggregated,11.500000,11.500000,510,510,550,590,660,1000,1100,1100,4100,7100,7100,2970,2970,510.0,580.4125598899117,500.65563499811105,7133.768685001996,0.0
1774107030,10,,Aggregated,11.700000,11.700000,510,510,550,590,660,1000,1100,1100,4100,7100,7100,2982,2982,510.0,580.306915046961,500.65563499811105,7133.768685001996,0.0
1774107031,10,,Aggregated,11.700000,11.700000,510,510,550,590,660,1000,1100,1100,4100,7100,7100,2994,2994,510.0,580.063414453252,500.65563499811105,7133.768685001996,0.0
1774107032,10,,Aggregated,11.500000,11.500000,510,510,550,590,660,1000,1100,1100,3900,7100,7100,3003,3003,510.0,579.9339408245222,500.65563499811105,7133.768685001996,0.0
1774107033,10,,Aggregated,11.400000,11.400000,510,510,550,590,660,1000,1100,1100,3900,7100,7100,3016,3016,510.0,579.691224627998,500.65563499811105,7133.768685001996,0.0
1774107034,10,,Aggregated,11.600000,11.600000,510,510,550,590,660,1000,1100,1100,3900,7100,7100,3026,3026,510.0,579.4791467888417,500.65563499811105,7133.768685001996,0.0
1774107035,10,,Aggregated,11.400000,11.400000,510,510,550,590,660,1000,1100,1100,3900,7100,7100,3039,3039,510.0,579.3674676587802,500.65563499811105,7133.768685001996,0.0
1774107036,10,,Aggregated,11.700000,11.700000,510,510,550,590,660,1000,1000,1100,3900,7100,7100,3051,3051,510.0,579.1501727184634,500.65563499811105,7133.768685001996,0.0
1774107037,10,,Aggregated,11.600000,11.600000,510,510,550,590,660,1000,1000,1100,3900,7100,7100,3063,3063,510.0,578.910097772459,500.65563499811105,7133.768685001996,0.0
1774107038,10,,Aggregated,11.500000,11.500000,510,510,550,590,660,1000,1000,1100,3900,7100,7100,3074,3074,510.0,578.7480614710619,500.65563499811105,7133.768685001996,0.0
1774107039,10,,Aggregated,11.400000,11.400000,510,510,550,590,650,1000,1000,1100,3900,7100,7100,3084,3084,510.0,578.5331164763431,500.65563499811105,7133.768685001996,0.0
1774107040,10,,Aggregated,11.200000,11.200000,510,510,550,590,650,1000,1000,1100,3900,7100,7100,3099,3099,510.0,578.2527015330883,500.65563499811105,7133.768685001996,0.0
1774107041,10,,Aggregated,11.400000,11.400000,510,510,550,590,650,1000,1000,1100,3900,7100,7100,3111,3111,510.0,578.0364581999484,500.65563499811105,7133.768685001996,0.0
1774107042,10,,Aggregated,11.600000,11.600000,510,510,550,590,650,1000,1000,1100,3900,7100,7100,3123,3123,510.0,577.8527745293129,500.65563499811105,7133.768685001996,0.0
1774107043,10,,Aggregated,11.800000,11.800000,510,510,540,590,650,1000,1000,1100,3900,7100,7100,3133,3133,510.0,577.6554512636596,500.65563499811105,7133.768685001996,0.0
1774107044,10,,Aggregated,11.600000,11.600000,510,510,540,590,650,1000,1000,1100,3900,7100,7100,3144,3144,510.0,577.4578747334739,500.65563499811105,7133.768685001996,0.0
1774107045,10,,Aggregated,11.800000,11.800000,510,510,550,590,650,1000,1000,1100,3900,7100,7100,3155,3155,510.0,577.5453678586516,500.65563499811105,7133.768685001996,0.0
1774107046,10,,Aggregated,11.600000,11.600000,510,510,540,590,650,1000,1000,1100,3900,7100,7100,3166,3166,510.0,577.3722967713352,500.65563499811105,7133.768685001996,0.0
1774107047,10,,Aggregated,11.600000,11.600000,510,510,540,590,650,1000,1000,1100,3900,7100,7100,3179,3179,510.0,577.2439240006437,500.65563499811105,7133.768685001996,0.0
1774107048,10,,Aggregated,11.400000,11.400000,510,510,540,590,650,1000,1000,1100,3900,7100,7100,3190,3190,510.0,576.9974340495451,500.65563499811105,7133.768685001996,0.0
1774107049,10,,Aggregated,11.400000,11.400000,510,510,540,590,650,1000,1000,1100,3900,7100,7100,3202,3202,510.0,576.7667411786502,500.65563499811105,7133.768685001996,0.0
1774107050,10,,Aggregated,11.600000,11.600000,510,510,540,590,650,1000,1000,1100,3900,7100,7100,3212,3212,510.0,576.5972073496371,500.65563499811105,7133.768685001996,0.0
1774107051,10,,Aggregated,11.500000,11.500000,510,510,540,590,650,1000,1000,1100,3900,7100,7100,3224,3224,510.0,576.3788831572693,500.65563499811105,7133.768685001996,0.0
1774107052,10,,Aggregated,11.500000,11.500000,510,510,540,590,650,1000,1000,1100,3900,7100,7100,3234,3234,510.0,576.1876882575864,500.65563499811105,7133.768685001996,0.0
1774107053,10,,Aggregated,11.100000,11.100000,510,510,540,590,650,1000,1000,1100,3900,7100,7100,3247,3247,510.0,576.0581825611439,500.65563499811105,7133.768685001996,0.0
1774107055,10,,Aggregated,11.100000,11.100000,510,510,540,590,650,1000,1000,1100,3900,7100,7100,3261,3261,510.0,575.8955526381577,500.65563499811105,7133.768685001996,0.0
1774107056,10,,Aggregated,11.100000,11.100000,510,510,540,590,650,1000,1000,1100,3900,7100,7100,3272,3272,510.0,575.6565998701195,500.65563499811105,7133.768685001996,0.0
1774107057,10,,Aggregated,11.400000,11.400000,510,510,540,590,650,1000,1000,1100,3900,7100,7100,3282,3282,510.0,575.6650277184749,500.65563499811105,7133.768685001996,0.0
1774107058,10,,Aggregated,11.600000,11.600000,510,510,540,590,650,1000,1000,1100,3900,7100,7100,3292,3292,510.0,575.4846256965461,500.65563499811105,7133.768685001996,0.0
1774107059,10,,Aggregated,11.700000,11.700000,510,510,540,590,650,1000,1000,1100,3900,7100,7100,3301,3301,510.0,575.3362964259425,500.65563499811105,7133.768685001996,0.0
1774107060,10,,Aggregated,11.300000,11.300000,510,510,540,590,650,1000,1000,1100,3900,7100,7100,3315,3315,510.0,575.2676816437519,500.65563499811105,7133.768685001996,0.0
1774107061,10,,Aggregated,11.100000,11.100000,510,510,530,590,650,1000,1000,1100,3900,7100,7100,3327,3327,510.0,575.0666019158507,500.65563499811105,7133.768685001996,0.0
1774107062,10,,Aggregated,11.100000,11.100000,510,510,530,590,650,1000,1000,1100,3900,7100,7100,3340,3340,510.0,574.8062473446216,500.65563499811105,7133.768685001996,0.0
1774107063,10,,Aggregated,11.100000,11.100000,510,510,530,590,650,1000,1000,1100,3900,7100,7100,3351,3351,510.0,574.7445136090838,500.65563499811105,7133.768685001996,0.0
1774107064,10,,Aggregated,11.400000,11.400000,510,510,530,590,650,1000,1000,1100,3900,7100,7100,3361,3361,510.0,574.6037512103663,500.65563499811105,7133.768685001996,0.0
1774107065,10,,Aggregated,11.500000,11.500000,510,510,530,590,650,1000,1000,1100,3900,7100,7100,3372,3372,510.0,574.5742334667987,500.65563499811105,7133.768685001996,0.0
1774107066,10,,Aggregated,11.400000,11.400000,510,510,530,590,650,1000,1000,1100,3900,7100,7100,3384,3384,510.0,574.3966100570457,500.65563499811105,7133.768685001996,0.0
1774107067,10,,Aggregated,11.200000,11.200000,510,510,530,590,650,1000,1000,1100,3900,7100,7100,3395,3395,510.0,574.22717836231,500.65563499811105,7133.768685001996,0.0
1774107068,10,,Aggregated,11.000000,11.000000,510,510,530,590,650,1000,1000,1100,3900,7100,7100,3406,3406,510.0,574.0038228925562,500.65563499811105,7133.768685001996,0.0
1774107069,10,,Aggregated,11.200000,11.200000,510,510,530,590,650,1000,1000,1100,3900,7100,7100,3417,3417,510.0,573.9679558159344,500.65563499811105,7133.768685001996,0.0
1774107070,10,,Aggregated,11.300000,11.300000,510,510,530,590,650,1000,1000,1100,3900,7100,7100,3429,3429,510.0,573.8552823698003,500.65563499811105,7133.768685001996,0.0
1774107071,10,,Aggregated,11.500000,11.500000,510,510,530,590,650,1000,1000,1100,3900,7100,7100,3438,3438,510.0,573.8184521704598,500.65563499811105,7133.768685001996,0.0
1774107072,10,,Aggregated,11.500000,11.500000,510,510,530,590,650,1000,1000,1100,3900,7100,7100,3451,3451,510.0,573.801004955968,500.65563499811105,7133.768685001996,0.0
1774107073,10,,Aggregated,11.500000,11.500000,510,510,530,590,650,1000,1000,1100,3900,7100,7100,3459,3459,510.0,573.6691676172422,500.65563499811105,7133.768685001996,0.0
1774107074,10,,Aggregated,11.000000,11.000000,510,510,530,590,650,1000,1000,1100,3900,7100,7100,3472,3472,510.0,573.798934258363,500.65563499811105,7133.768685001996,0.0
1774107075,10,,Aggregated,10.800000,10.800000,510,510,530,590,650,1000,1000,1100,3900,7100,7100,3484,3484,510.0,573.7669669179196,500.65563499811105,7133.768685001996,0.0
1774107076,10,,Aggregated,10.800000,10.800000,510,510,530,590,650,1000,1000,1100,3900,7100,7100,3495,3495,510.0,573.6207400274752,500.65563499811105,7133.768685001996,0.0
1774107077,10,,Aggregated,11.100000,11.100000,510,510,530,590,650,1000,1000,1100,3900,7100,7100,3506,3506,510.0,573.4124995447887,500.65563499811105,7133.768685001996,0.0
1774107078,10,,Aggregated,11.100000,11.100000,510,510,530,590,650,1000,1000,1100,3900,7100,7100,3518,3518,510.0,573.2373337677772,500.65563499811105,7133.768685001996,0.0
1774107079,10,,Aggregated,11.100000,11.100000,510,510,530,590,650,1000,1000,1100,3900,7100,7100,3530,3530,510.0,573.0764951170104,500.65563499811105,7133.768685001996,0.0
1774107080,10,,Aggregated,11.300000,11.300000,510,510,530,590,650,1000,1000,1100,3900,7100,7100,3540,3540,510.0,572.9543016743083,500.65563499811105,7133.768685001996,0.0
1774107081,10,,Aggregated,11.300000,11.300000,510,510,530,590,640,1000,1000,1100,3900,7100,7100,3551,3551,510.0,572.7985050287376,500.65563499811105,7133.768685001996,0.0
1774107082,10,,Aggregated,11.100000,11.100000,510,510,530,590,640,1000,1000,1100,3900,7100,7100,3562,3562,510.0,572.6417354837264,500.65563499811105,7133.768685001996,0.0
1774107083,10,,Aggregated,11.100000,11.100000,510,510,530,590,640,1000,1000,1100,3900,7100,7100,3574,3574,510.0,572.5207815089597,500.65563499811105,7133.768685001996,0.0
1774107084,10,,Aggregated,11.100000,11.100000,510,510,530,590,640,1000,1000,1100,3900,7100,7100,3586,3586,510.0,572.4046157141711,500.65563499811105,7133.768685001996,0.0
1774107085,10,,Aggregated,11.500000,11.500000,510,510,530,590,640,1000,1000,1100,3900,7100,7100,3597,3597,510.0,572.3433079224415,500.65563499811105,7133.768685001996,0.0
1774107086,10,,Aggregated,11.500000,11.500000,510,510,530,590,640,1000,1000,1100,3900,7100,7100,3607,3607,510.0,572.2058052661547,500.65563499811105,7133.768685001996,0.0
1774107087,10,,Aggregated,11.200000,11.200000,510,510,530,590,640,1000,1000,1100,3900,7100,7100,3620,3620,510.0,571.9933989790102,500.65563499811105,7133.768685001996,0.0
1774107088,10,,Aggregated,11.200000,11.200000,510,510,530,590,640,1000,1000,1100,3900,7100,7100,3632,3632,510.0,571.7917328524263,500.65563499811105,7133.768685001996,0.0
1774107089,10,,Aggregated,11.300000,11.300000,510,510,530,590,640,1000,1000,1100,3900,7100,7100,3643,3643,510.0,571.6164860483157,500.65563499811105,7133.768685001996,0.0
1774107090,10,,Aggregated,11.100000,11.100000,510,510,530,590,640,1000,1000,1100,3900,7100,7100,3652,3652,510.0,571.4872591558095,500.65563499811105,7133.768685001996,0.0
1774107091,10,,Aggregated,11.300000,11.300000,510,510,530,590,640,1000,1000,1100,3900,7100,7100,3665,3665,510.0,571.4557321181506,500.65563499811105,7133.768685001996,0.0
1774107092,10,,Aggregated,11.200000,11.200000,510,510,530,590,640,1000,1000,1100,3900,7100,7100,3678,3678,510.0,571.2952041468246,500.65563499811105,7133.768685001996,0.0
1774107093,10,,Aggregated,11.100000,11.100000,510,510,530,590,640,1000,1000,1100,3900,7100,7100,3691,3691,510.0,571.150855863457,500.65563499811105,7133.768685001996,0.0
1774107094,10,,Aggregated,11.300000,11.300000,510,510,530,590,640,1000,1000,1100,3900,7100,7100,3699,3699,510.0,571.0976271695088,500.65563499811105,7133.768685001996,0.0
1774107095,10,,Aggregated,11.200000,11.200000,510,510,530,590,640,1000,1000,1100,3900,7100,7100,3711,3711,510.0,570.9875229611991,500.65563499811105,7133.768685001996,0.0
1774107096,10,,Aggregated,11.200000,11.200000,510,510,530,580,640,1000,1000,1100,3900,7100,7100,3722,3722,510.0,570.8265367109129,500.65563499811105,7133.768685001996,0.0
1774107097,10,,Aggregated,11.500000,11.500000,510,510,530,580,640,1000,1000,1100,3900,7100,7100,3734,3734,510.0,570.639470227376,500.65563499811105,7133.768685001996,0.0
1774107098,10,,Aggregated,11.500000,11.500000,510,510,530,580,640,1000,1000,1100,3900,7100,7100,3746,3746,510.0,570.4590013123404,500.65563499811105,7133.768685001996,0.0
1774107099,10,,Aggregated,11.400000,11.400000,510,510,520,580,640,1000,1000,1100,3900,7100,7100,3757,3757,510.0,570.2682695171785,500.65563499811105,7133.768685001996,0.0
1774107100,10,,Aggregated,11.300000,11.300000,510,510,520,580,640,1000,1000,1100,3900,7100,7100,3768,3768,510.0,570.0755484893949,500.65563499811105,7133.768685001996,0.0
1774107101,10,,Aggregated,11.300000,11.300000,510,510,520,580,640,1000,1000,1100,3900,7100,7100,3778,3778,510.0,569.9027680447429,500.65563499811105,7133.768685001996,0.0
1774107102,10,,Aggregated,11.500000,11.500000,510,510,520,580,640,1000,1000,1100,3900,7100,7100,3790,3790,510.0,569.8721485480304,500.65563499811105,7133.768685001996,0.0
1774107103,10,,Aggregated,11.700000,11.700000,510,510,520,580,640,1000,1000,1100,3900,7100,7100,3801,3801,510.0,569.7694263704365,500.65563499811105,7133.768685001996,0.0
1774107104,10,,Aggregated,11.400000,11.400000,510,510,520,580,640,1000,1000,1100,3900,7100,7100,3814,3814,510.0,569.7257929376076,500.65563499811105,7133.768685001996,0.0
1774107105,10,,Aggregated,11.300000,11.300000,510,510,520,580,640,1000,1000,1100,3900,7100,7100,3824,3824,510.0,569.578786304663,500.65563499811105,7133.768685001996,0.0
1774107106,10,,Aggregated,11.400000,11.400000,510,510,520,580,640,1000,1000,1100,3900,7100,7100,3834,3834,510.0,569.4443120346984,500.65563499811105,7133.768685001996,0.0
1774107107,10,,Aggregated,11.200000,11.200000,510,510,520,580,640,1000,1000,1100,3900,7100,7100,3848,3848,510.0,569.2710086956969,500.65563499811105,7133.768685001996,0.0
1774107108,10,,Aggregated,11.000000,11.000000,510,510,520,580,640,1000,1000,1100,3900,7100,7100,3859,3859,510.0,569.1803857489087,500.65563499811105,7133.768685001996,0.0
1774107109,10,,Aggregated,11.100000,11.100000,510,510,520,580,640,1000,1000,1100,3900,7100,7100,3870,3870,510.0,569.0308402671941,500.65563499811105,7133.768685001996,0.0
1774107110,10,,Aggregated,11.300000,11.300000,510,510,520,580,640,1000,1000,1100,3900,7100,7100,3881,3881,510.0,569.0417674341771,500.65563499811105,7133.768685001996,0.0
1774107111,10,,Aggregated,11.100000,11.100000,510,510,520,580,640,1000,1000,1100,3900,7100,7100,3891,3891,510.0,568.9352503019888,500.65563499811105,7133.768685001996,0.0
1774107112,10,,Aggregated,11.100000,11.100000,510,510,520,580,640,1000,1000,1100,3900,7100,7100,3902,3902,510.0,568.9138198544441,500.65563499811105,7133.768685001996,0.0
1774107113,10,,Aggregated,11.000000,11.000000,510,510,520,580,640,1000,1000,1100,3900,7100,7100,3915,3915,510.0,568.7101897918351,500.65563499811105,7133.768685001996,0.0
1774107114,10,,Aggregated,11.200000,11.200000,510,510,520,580,640,1000,1000,1100,3900,7100,7100,3926,3926,510.0,568.6216476454464,500.65563499811105,7133.768685001996,0.0
1774107115,10,,Aggregated,11.200000,11.200000,510,510,520,580,640,1000,1000,1100,3900,7100,7100,3938,3938,510.0,568.4843291038668,500.65563499811105,7133.768685001996,0.0
1774107116,10,,Aggregated,11.300000,11.300000,510,510,520,580,640,1000,1000,1100,3900,7100,7100,3949,3949,510.0,568.3938701438415,500.65563499811105,7133.768685001996,0.0
1774107117,10,,Aggregated,11.300000,11.300000,510,510,520,580,640,1000,1000,1100,3900,7100,7100,3962,3962,510.0,568.2184916464012,500.65563499811105,7133.768685001996,0.0
1774107118,10,,Aggregated,11.500000,11.500000,510,510,520,580,640,1000,1000,1100,3900,7100,7100,3973,3973,510.0,568.2016176312692,500.65563499811105,7133.768685001996,0.0
1774107119,10,,Aggregated,11.500000,11.500000,510,510,520,580,640,1000,1000,1100,3900,7100,7100,3986,3986,510.0,568.0559911362345,500.65563499811105,7133.768685001996,0.0
1774107120,10,,Aggregated,11.300000,11.300000,510,510,520,580,640,1000,1000,1100,3900,7100,7100,3996,3996,510.0,568.1314068601189,500.65563499811105,7133.768685001996,0.0
1774107121,10,,Aggregated,11.500000,11.500000,510,510,520,580,640,1000,1000,1100,3900,7100,7100,4008,4008,510.0,568.0402144136818,500.65563499811105,7133.768685001996,0.0
1774107122,10,,Aggregated,11.600000,11.600000,510,510,520,580,640,1000,1000,1100,3900,7100,7100,4020,4020,510.0,567.886189579862,500.65563499811105,7133.768685001996,0.0
1774107123,10,,Aggregated,11.700000,11.700000,510,510,520,580,640,1000,1000,1100,3900,7100,7100,4032,4032,510.0,567.7506122911817,500.65563499811105,7133.768685001996,0.0
1774107124,10,,Aggregated,11.700000,11.700000,510,510,520,580,640,1000,1000,1100,3900,7100,7100,4044,4044,510.0,567.655849518558,500.65563499811105,7133.768685001996,0.0
1774107125,10,,Aggregated,11.700000,11.700000,510,510,520,580,640,1000,1000,1100,3900,7100,7100,4054,4054,510.0,567.5418685421915,500.65563499811105,7133.768685001996,0.0
1774107126,10,,Aggregated,11.600000,11.600000,510,510,520,580,640,1000,1000,1100,3900,7100,7100,4065,4065,510.0,567.4599147874648,500.65563499811105,7133.768685001996,0.0
1774107127,10,,Aggregated,11.500000,11.500000,510,510,520,580,640,1000,1000,1100,3900,7100,7100,4076,4076,510.0,567.3024604330308,500.65563499811105,7133.768685001996,0.0
1774107128,10,,Aggregated,11.600000,11.600000,510,510,520,580,640,1000,1000,1100,3900,7100,7100,4092,4092,510.0,567.08077705377,500.65563499811105,7133.768685001996,0.0
1774107129,10,,Aggregated,11.600000,11.600000,510,510,520,580,640,1000,1000,1100,3900,7100,7100,4102,4102,510.0,566.9666973439828,500.65563499811105,7133.768685001996,0.0
1774107130,10,,Aggregated,11.600000,11.600000,510,510,520,580,640,1000,1000,1100,3900,7100,7100,4112,4112,510.0,566.844249810801,500.65563499811105,7133.768685001996,0.0
1774107131,10,,Aggregated,11.500000,11.500000,510,510,520,580,640,1000,1000,1100,3900,7100,7100,4123,4123,510.0,566.7918360967773,500.65563499811105,7133.768685001996,0.0
1774107132,10,,Aggregated,11.600000,11.600000,510,510,520,580,640,1000,1000,1100,3900,7100,7100,4133,4133,510.0,566.6671053694699,500.65563499811105,7133.768685001996,0.0
1774107133,10,,Aggregated,11.500000,11.500000,510,510,520,580,640,1000,1000,1100,3900,7100,7100,4146,4146,510.0,566.5047894064189,500.65563499811105,7133.768685001996,0.0
1774107134,10,,Aggregated,11.400000,11.400000,510,510,520,580,640,1000,1000,1100,3900,7100,7100,4157,4157,510.0,566.3640124005348,500.65563499811105,7133.768685001996,0.0
1774107135,10,,Aggregated,11.400000,11.400000,510,510,520,580,640,1000,1000,1100,3900,7100,7100,4170,4170,510.0,566.268266470988,500.65563499811105,7133.768685001996,0.0
1774107136,10,,Aggregated,11.500000,11.500000,510,510,520,580,630,1000,1000,1100,3900,7100,7100,4182,4182,510.0,566.1224346300875,500.65563499811105,7133.768685001996,0.0
1774107137,10,,Aggregated,11.500000,11.500000,510,510,520,580,630,1000,1000,1100,3900,7100,7100,4191,4191,510.0,566.0097121152533,500.65563499811105,7133.768685001996,0.0
1774107138,10,,Aggregated,11.300000,11.300000,510,510,520,580,630,1000,1000,1100,3900,7100,7100,4203,4203,510.0,565.920206598151,500.65563499811105,7133.768685001996,0.0
1774107139,10,,Aggregated,11.500000,11.500000,510,510,520,580,630,1000,1000,1100,3900,7100,7100,4214,4214,510.0,565.7806358189447,500.65563499811105,7133.768685001996,0.0
1774107140,10,,Aggregated,11.600000,11.600000,510,510,520,580,630,1000,1000,1100,3900,7100,7100,4225,4225,510.0,565.6206374428464,500.65563499811105,7133.768685001996,0.0
1774107141,10,,Aggregated,11.500000,11.500000,510,510,510,580,630,1000,1000,1100,3900,7100,7100,4239,4239,510.0,565.4201796239757,500.65563499811105,7133.768685001996,0.0
1774107142,10,,Aggregated,11.300000,11.300000,510,510,520,580,630,1000,1000,1100,3900,7100,7100,4249,4249,510.0,565.4610235347207,500.65563499811105,7133.768685001996,0.0
1774107143,10,,Aggregated,11.400000,11.400000,510,510,510,580,630,1000,1000,1100,3900,7100,7100,4260,4260,510.0,565.3123665603337,500.65563499811105,7133.768685001996,0.0
1774107144,10,,Aggregated,11.400000,11.400000,510,510,510,580,630,1000,1000,1100,3900,7100,7100,4272,4272,510.0,565.2916576809514,500.65563499811105,7133.768685001996,0.0
1774107145,10,,Aggregated,11.600000,11.600000,510,510,510,580,630,1000,1000,1100,3900,7100,7100,4283,4283,510.0,565.1862699182874,500.65563499811105,7133.768685001996,0.0
1774107146,10,,Aggregated,11.600000,11.600000,510,510,510,580,630,1000,1000,1100,3900,7100,7100,4293,4293,510.0,565.1627999955806,500.65563499811105,7133.768685001996,0.0
1774107147,10,,Aggregated,11.400000,11.400000,510,510,510,580,630,1000,1000,1100,3900,7100,7100,4304,4304,510.0,565.099493594801,500.65563499811105,7133.768685001996,0.0
1774107148,10,,Aggregated,11.400000,11.400000,510,510,510,580,630,1000,1000,1100,3900,7100,7100,4318,4318,510.0,565.0384330880097,500.65563499811105,7133.768685001996,0.0
1774107149,10,,Aggregated,11.200000,11.200000,510,510,510,580,630,1000,1000,1100,3900,7100,7100,4328,4328,510.0,564.9395398431207,500.65563499811105,7133.768685001996,0.0
1774107150,10,,Aggregated,11.200000,11.200000,510,510,510,580,630,1000,1000,1100,3900,7100,7100,4340,4340,510.0,564.8202586069177,500.65563499811105,7133.768685001996,0.0
1774107151,10,,Aggregated,11.300000,11.300000,510,510,510,580,630,1000,1000,1100,3900,7100,7100,4351,4351,510.0,564.7069218570506,500.65563499811105,7133.768685001996,0.0
1774107152,10,,Aggregated,11.400000,11.400000,510,510,510,580,630,1000,1000,1100,3900,7100,7100,4362,4362,510.0,564.5891694564486,500.65563499811105,7133.768685001996,0.0
1774107153,10,,Aggregated,11.400000,11.400000,510,510,510,580,630,1000,1000,1100,3900,7100,7100,4372,4372,510.0,564.6369054469394,500.65563499811105,7133.768685001996,0.0
1774107154,10,,Aggregated,11.300000,11.300000,510,510,510,580,630,1000,1000,1100,3900,7100,7100,4383,4383,510.0,564.7047107638647,500.65563499811105,7133.768685001996,0.0
1774107155,10,,Aggregated,11.000000,11.000000,510,510,510,580,630,1000,1000,1100,3900,7100,7100,4394,4394,510.0,564.759799968144,500.65563499811105,7133.768685001996,0.0
1774107156,10,,Aggregated,11.000000,11.000000,510,510,510,580,630,1000,1000,1100,3900,7100,7100,4407,4407,510.0,564.6563926385359,500.65563499811105,7133.768685001996,0.0
1774107157,10,,Aggregated,11.100000,11.100000,510,510,520,580,630,1000,1000,1100,3900,7100,7100,4419,4419,510.0,564.6705712063897,500.65563499811105,7133.768685001996,0.0
1774107158,10,,Aggregated,11.100000,11.100000,510,510,520,580,630,1000,1000,1100,3900,7100,7100,4429,4429,510.0,564.5929332788514,500.65563499811105,7133.768685001996,0.0
1774107159,10,,Aggregated,11.000000,11.000000,510,510,520,580,630,1000,1000,1100,3900,7100,7100,4440,4440,510.0,564.4769732558646,500.65563499811105,7133.768685001996,0.0
1774107160,10,,Aggregated,11.100000,11.100000,510,510,520,580,630,1000,1000,1100,3900,7100,7100,4450,4450,510.0,564.4852848056285,500.65563499811105,7133.768685001996,0.0
1774107161,10,,Aggregated,11.000000,11.000000,510,510,520,580,630,1000,1000,1100,3900,7100,7100,4459,4459,510.0,564.5057448149915,500.65563499811105,7133.768685001996,0.0
1774107162,10,,Aggregated,11.000000,11.000000,510,510,520,580,630,1000,1000,1100,3900,7100,7100,4471,4471,510.0,564.5075351617187,500.65563499811105,7133.768685001996,0.0
1774107163,10,,Aggregated,10.900000,10.900000,510,510,510,580,630,1000,1000,1100,3900,7100,7100,4483,4483,510.0,564.3713414775915,500.65563499811105,7133.768685001996,0.0
1774107164,10,,Aggregated,11.000000,11.000000,510,510,520,580,630,1000,1000,1100,3900,7100,7100,4495,4495,510.0,564.3254784040114,500.65563499811105,7133.768685001996,0.0
1774107165,10,,Aggregated,11.000000,11.000000,510,510,510,580,630,1000,1000,1100,3900,7100,7100,4508,4508,510.0,564.1554814906899,500.65563499811105,7133.768685001996,0.0
1774107166,10,,Aggregated,11.000000,11.000000,510,510,510,580,630,1000,1000,1100,3900,7100,7100,4519,4519,510.0,564.0124317309206,500.65563499811105,7133.768685001996,0.0
1774107167,10,,Aggregated,11.100000,11.100000,510,510,510,580,630,1000,1000,1100,3900,7100,7100,4530,4530,510.0,564.0231036139115,500.65563499811105,7133.768685001996,0.0
1774107168,10,,Aggregated,11.300000,11.300000,510,510,510,580,630,1000,1000,1100,3900,7100,7100,4542,4542,510.0,563.9639527932674,500.65563499811105,7133.768685001996,0.0
1774107169,10,,Aggregated,11.200000,11.200000,510,510,510,580,630,1000,1000,1100,3900,7100,7100,4553,4553,510.0,563.8418259567383,500.65563499811105,7133.768685001996,0.0
1774107170,10,,Aggregated,11.200000,11.200000,510,510,510,580,630,1000,1000,1100,3900,7100,7100,4565,4565,510.0,563.7476581892721,500.65563499811105,7133.768685001996,0.0
1774107171,10,,Aggregated,11.200000,11.200000,510,510,510,580,630,1000,1000,1100,3900,7100,7100,4576,4576,510.0,563.6047069538959,500.65563499811105,7133.768685001996,0.0
1774107172,10,,Aggregated,11.200000,11.200000,510,510,510,580,630,1000,1000,1100,3900,7100,7100,4587,4587,510.0,563.4634874929205,500.65563499811105,7133.768685001996,0.0
1774107173,10,,Aggregated,11.200000,11.200000,510,510,510,580,630,1000,1000,1100,3900,7100,7100,4599,4599,510.0,563.3421234683669,500.65563499811105,7133.768685001996,0.0
1774107174,10,,Aggregated,11.400000,11.400000,510,510,510,580,630,1000,1000,1100,3900,7100,7100,4610,4610,510.0,563.3556323399171,500.65563499811105,7133.768685001996,0.0
1774107175,10,,Aggregated,11.600000,11.600000,510,510,510,580,630,1000,1000,1100,3900,7100,7100,4621,4621,510.0,563.2391794263167,500.65563499811105,7133.768685001996,0.0
1774107176,10,,Aggregated,11.600000,11.600000,510,510,510,580,630,1000,1000,1100,3900,7100,7100,4632,4632,510.0,563.1764938657185,500.65563499811105,7133.768685001996,0.0
1774107177,10,,Aggregated,11.400000,11.400000,510,510,510,580,630,1000,1000,1100,3900,7100,7100,4644,4644,510.0,563.0654770747218,500.65563499811105,7133.768685001996,0.0
1774107178,10,,Aggregated,11.200000,11.200000,510,510,510,580,630,1000,1000,1100,3900,7100,7100,4655,4655,510.0,563.0091184723971,500.65563499811105,7133.768685001996,0.0
1774107179,10,,Aggregated,11.400000,11.400000,510,510,510,580,630,1000,1000,1100,3900,7100,7100,4667,4667,510.0,562.9806036218126,500.65563499811105,7133.768685001996,0.0
1774107180,10,,Aggregated,11.500000,11.500000,510,510,510,580,630,1000,1000,1100,3900,7100,7100,4678,4678,510.0,562.9213772351417,500.65563499811105,7133.768685001996,0.0
1774107181,10,,Aggregated,11.500000,11.500000,510,510,510,580,630,1000,1000,1100,3900,7100,7100,4690,4690,510.0,562.9250426080998,500.65563499811105,7133.768685001996,0.0
1774107182,10,,Aggregated,11.400000,11.400000,510,510,510,580,630,1000,1000,1100,3900,7100,7100,4701,4701,510.0,562.8305384433062,500.65563499811105,7133.768685001996,0.0
1774107183,10,,Aggregated,11.400000,11.400000,510,510,510,580,630,1000,1000,1100,3900,7100,7100,4711,4711,510.0,562.7538145639945,500.65563499811105,7133.768685001996,0.0
1774107184,10,,Aggregated,11.100000,11.100000,510,510,510,580,630,1000,1000,1100,3900,7100,7100,4722,4722,510.0,562.642422558657,500.65563499811105,7133.768685001996,0.0
1774107185,10,,Aggregated,11.100000,11.100000,510,510,510,580,630,1000,1000,1100,3900,7100,7100,4732,4732,510.0,562.5535141525739,500.65563499811105,7133.768685001996,0.0
1774107186,10,,Aggregated,11.200000,11.200000,510,510,510,580,630,1000,1000,1100,3900,7100,7100,4743,4743,510.0,562.5480950872826,500.65563499811105,7133.768685001996,0.0
1774107187,10,,Aggregated,11.400000,11.400000,510,510,510,580,630,1000,1000,1100,3900,7100,7100,4755,4755,510.0,562.4619903272328,500.65563499811105,7133.768685001996,0.0
1774107188,10,,Aggregated,11.400000,11.400000,510,510,510,580,630,1000,1000,1100,3900,7100,7100,4767,4767,510.0,562.4719012775283,500.65563499811105,7133.768685001996,0.0
1774107189,10,,Aggregated,11.400000,11.400000,510,510,510,580,630,1000,1000,1100,3900,7100,7100,4778,4778,510.0,562.3941212766802,500.65563499811105,7133.768685001996,0.0
1774107190,10,,Aggregated,11.100000,11.100000,510,510,510,580,630,1000,1000,1100,3900,7100,7100,4790,4790,510.0,562.2921887592844,500.65563499811105,7133.768685001996,0.0
1774107191,10,,Aggregated,11.000000,11.000000,510,510,510,580,630,1000,1000,1100,3900,7100,7100,4803,4803,510.0,562.158389015192,500.65563499811105,7133.768685001996,0.0
1774107192,10,,Aggregated,11.200000,11.200000,510,510,510,580,630,1000,1000,1100,3900,7100,7100,4814,4814,510.0,562.0491615623112,500.65563499811105,7133.768685001996,0.0
1774107193,10,,Aggregated,11.300000,11.300000,510,510,510,580,630,1000,1000,1100,3900,7100,7100,4826,4826,510.0,561.9444995882662,500.65563499811105,7133.768685001996,0.0
1774107194,10,,Aggregated,11.500000,11.500000,510,510,510,580,630,1000,1000,1100,3900,7100,7100,4838,4838,510.0,561.8506984925539,500.65563499811105,7133.768685001996,0.0
1774107195,10,,Aggregated,11.300000,11.300000,510,510,510,580,630,1000,1000,1100,3900,7100,7100,4849,4849,510.0,561.8387529051315,500.65563499811105,7133.768685001996,0.0
1774107196,10,,Aggregated,11.300000,11.300000,510,510,510,580,630,1000,1000,1100,3900,7100,7100,4860,4860,510.0,561.7108450351822,500.65563499811105,7133.768685001996,0.0
1774107197,10,,Aggregated,11.300000,11.300000,510,510,510,570,630,1000,1000,1100,3900,7100,7100,4872,4872,510.0,561.5836048895704,500.65563499811105,7133.768685001996,0.0
1774107198,10,,Aggregated,11.300000,11.300000,510,510,510,570,630,1000,1000,1100,3900,7100,7100,4883,4883,510.0,561.519324655331,500.65563499811105,7133.768685001996,0.0
1774107199,10,,Aggregated,11.500000,11.500000,510,510,510,580,630,1000,1000,1100,3900,7100,7100,4895,4895,510.0,561.4515268951941,500.65563499811105,7133.768685001996,0.0
1774107200,10,,Aggregated,11.600000,11.600000,510,510,510,570,630,1000,1000,1100,3900,7100,7100,4906,4906,510.0,561.3424757619201,500.65563499811105,7133.768685001996,0.0
1774107201,10,,Aggregated,11.600000,11.600000,510,510,510,570,630,1000,1000,1100,3900,7100,7100,4917,4917,510.0,561.3424055627374,500.65563499811105,7133.768685001996,0.0
1774107202,10,,Aggregated,11.500000,11.500000,510,510,510,570,630,1000,1000,1100,3900,7100,7100,4928,4928,510.0,561.2600173928529,500.65563499811105,7133.768685001996,0.0
1774107203,10,,Aggregated,11.400000,11.400000,510,510,510,570,630,1000,1000,1100,3900,7100,7100,4941,4941,510.0,561.11326369945,500.65563499811105,7133.768685001996,0.0
1774107204,10,,Aggregated,11.400000,11.400000,510,510,510,570,630,1000,1000,1100,3900,7100,7100,4951,4951,510.0,561.101900991514,500.65563499811105,7133.768685001996,0.0
1774107205,10,,Aggregated,11.400000,11.400000,510,510,510,570,630,1000,1000,1100,3900,7100,7100,4962,4962,510.0,560.9781076946765,500.65563499811105,7133.768685001996,0.0
1774107206,10,,Aggregated,11.400000,11.400000,510,510,510,570,630,1000,1000,1100,3900,7100,7100,4975,4975,510.0,560.845100100901,500.65563499811105,7133.768685001996,0.0
1774107207,10,,Aggregated,11.400000,11.400000,510,510,510,570,630,1000,1000,1100,3900,7100,7100,4986,4986,510.0,560.8170893074578,500.65563499811105,7133.768685001996,0.0
1774107208,10,,Aggregated,11.500000,11.500000,510,510,510,570,630,1000,1000,1100,3900,7100,7100,4998,4998,510.0,560.7800935948329,500.65563499811105,7133.768685001996,0.0
1774107209,10,,Aggregated,11.200000,11.200000,510,510,510,570,630,1000,1000,1100,3900,7100,7100,5009,5009,510.0,560.8561189610643,500.65563499811105,7133.768685001996,0.0
1774107210,10,,Aggregated,11.400000,11.400000,510,510,510,570,630,1000,1000,1100,3900,7100,7100,5020,5020,510.0,560.847913276289,500.65563499811105,7133.768685001996,0.0
1774107211,10,,Aggregated,11.200000,11.200000,510,510,510,570,630,1000,1000,1100,3900,7100,7100,5031,5031,510.0,560.7267875984843,500.65563499811105,7133.768685001996,0.0
1774107212,10,,Aggregated,11.100000,11.100000,510,510,510,570,630,1000,1000,1100,3900,7100,7100,5040,5040,510.0,560.6810749232104,500.65563499811105,7133.768685001996,0.0
1774107213,10,,Aggregated,11.200000,11.200000,510,510,510,570,630,1000,1000,1100,3900,7100,7100,5050,5050,510.0,560.7922718673238,500.65563499811105,7133.768685001996,0.0
1774107214,10,,Aggregated,11.300000,11.300000,510,510,510,570,630,1000,1000,1100,3900,7100,7100,5063,5063,510.0,560.6970024908139,500.65563499811105,7133.768685001996,0.0
1774107215,10,,Aggregated,11.300000,11.300000,510,510,510,570,630,1000,1000,1100,3900,7100,7100,5076,5076,510.0,560.5695393548059,500.65563499811105,7133.768685001996,0.0
1774107216,10,,Aggregated,11.300000,11.300000,510,510,510,570,630,1000,1000,1100,3900,7100,7100,5087,5087,510.0,560.5807767120124,500.65563499811105,7133.768685001996,0.0
1774107217,10,,Aggregated,11.400000,11.400000,510,510,510,570,630,1000,1000,1100,3900,7100,7100,5097,5097,510.0,560.5857549527183,500.65563499811105,7133.768685001996,0.0
1774107218,10,,Aggregated,11.200000,11.200000,510,510,510,570,630,1000,1000,1100,3900,7100,7100,5108,5108,510.0,560.6338108639403,500.65563499811105,7133.768685001996,0.0
1774107219,10,,Aggregated,11.200000,11.200000,510,510,510,570,630,1000,1000,1100,3900,7100,7100,5119,5119,510.0,560.5523851775743,500.65563499811105,7133.768685001996,0.0
1774107220,10,,Aggregated,10.900000,10.900000,510,510,510,570,630,1000,1000,1100,3900,7100,7100,5131,5131,510.0,560.4436858175802,500.65563499811105,7133.768685001996,0.0
1774107221,10,,Aggregated,11.300000,11.300000,510,510,510,570,630,1000,1000,1100,3900,7100,7100,5143,5143,510.0,560.3169099445865,500.65563499811105,7133.768685001996,0.0
1774107222,10,,Aggregated,11.400000,11.400000,510,510,510,570,630,1000,1000,1100,3900,7100,7100,5156,5156,510.0,560.2413107298315,500.65563499811105,7133.768685001996,0.0
1774107223,10,,Aggregated,11.300000,11.300000,510,510,510,570,630,1000,1000,1100,3900,7100,7100,5166,5166,510.0,560.2857285319408,500.65563499811105,7133.768685001996,0.0
1774107224,10,,Aggregated,11.200000,11.200000,510,510,510,570,630,1000,1000,1100,3900,7100,7100,5176,5176,510.0,560.2100055629843,500.65563499811105,7133.768685001996,0.0
1774107225,10,,Aggregated,11.100000,11.100000,510,510,510,570,630,1000,1000,1100,3900,7100,7100,5188,5188,510.0,560.1442002937575,500.65563499811105,7133.768685001996,0.0
1774107226,10,,Aggregated,11.000000,11.000000,510,510,510,570,630,1000,1000,1100,3900,7100,7100,5199,5199,510.0,560.0344397276426,500.65563499811105,7133.768685001996,0.0
1774107227,10,,Aggregated,11.100000,11.100000,510,510,510,570,630,1000,1000,1100,3900,7100,7100,5210,5210,510.0,559.9977942072964,500.65563499811105,7133.768685001996,0.0
1774107228,10,,Aggregated,11.100000,11.100000,510,510,510,570,630,1000,1000,1100,3900,7100,7100,5221,5221,510.0,559.9257042698732,500.65563499811105,7133.768685001996,0.0
1774107229,10,,Aggregated,11.200000,11.200000,510,510,510,570,630,1000,1000,1100,3900,7100,7100,5233,5233,510.0,559.8548997766108,500.65563499811105,7133.768685001996,0.0
1774107230,10,,Aggregated,11.300000,11.300000,510,510,510,570,630,1000,1000,1100,3900,7100,7100,5245,5245,510.0,559.750612713824,500.65563499811105,7133.768685001996,0.0
1774107231,10,,Aggregated,11.300000,11.300000,510,510,510,570,630,1000,1000,1100,3900,7100,7100,5254,5254,510.0,559.693363184623,500.65563499811105,7133.768685001996,0.0
1774107232,10,,Aggregated,11.400000,11.400000,510,510,510,570,630,1000,1000,1100,3900,7100,7100,5269,5269,510.0,559.6865204188674,500.65563499811105,7133.768685001996,0.0
1774107233,10,,Aggregated,11.400000,11.400000,510,510,510,570,630,1000,1000,1100,3900,7100,7100,5281,5281,510.0,559.5608784853271,500.65563499811105,7133.768685001996,0.0
1774107234,10,,Aggregated,11.200000,11.200000,510,510,510,570,630,1000,1000,1100,3900,7100,7100,5291,5291,510.0,559.457586581744,500.65563499811105,7133.768685001996,0.0
1774107235,10,,Aggregated,11.500000,11.500000,510,510,510,570,630,1000,1000,1100,3900,7100,7100,5302,5302,510.0,559.449820210865,500.65563499811105,7133.768685001996,0.0
1774107236,10,,Aggregated,11.500000,11.500000,510,510,510,570,630,1000,1000,1100,3900,7100,7100,5313,5313,510.0,559.3520033482039,500.65563499811105,7133.768685001996,0.0
1774107237,10,,Aggregated,11.100000,11.100000,510,510,510,570,630,1000,1000,1100,3900,7100,7100,5326,5326,510.0,559.2723553683815,500.65563499811105,7133.768685001996,0.0
1774107238,10,,Aggregated,11.300000,11.300000,510,510,510,570,630,1000,1000,1100,3900,7100,7100,5337,5337,510.0,559.2473946372506,500.65563499811105,7133.768685001996,0.0
1774107239,10,,Aggregated,11.400000,11.400000,510,510,510,570,630,1000,1000,1100,3900,7100,7100,5348,5348,510.0,559.2133359324988,500.65563499811105,7133.768685001996,0.0
1774107240,10,,Aggregated,11.500000,11.500000,510,510,510,570,630,1000,1000,1100,3900,7100,7100,5360,5360,510.0,559.139868707836,500.65563499811105,7133.768685001996,0.0
1774107241,10,,Aggregated,11.300000,11.300000,510,510,510,570,630,1000,1000,1100,3900,7100,7100,5371,5371,510.0,559.0989832533973,500.65563499811105,7133.768685001996,0.0
1774107242,10,,Aggregated,11.200000,11.200000,510,510,510,570,630,1000,1000,1100,3900,7100,7100,5381,5381,510.0,559.0359243493787,500.65563499811105,7133.768685001996,0.0
1774107243,10,,Aggregated,11.200000,11.200000,510,510,510,570,630,1000,1000,1100,3900,7100,7100,5391,5391,510.0,558.9614116701932,500.65563499811105,7133.768685001996,0.0
1774107244,10,,Aggregated,11.300000,11.300000,510,510,510,570,630,1000,1000,1100,3900,7100,7100,5404,5404,510.0,558.9671964306094,500.65563499811105,7133.768685001996,0.0
1774107245,10,,Aggregated,11.200000,11.200000,510,510,510,570,630,1000,1000,1100,3900,7100,7100,5417,5417,510.0,558.8830232959241,500.65563499811105,7133.768685001996,0.0
1774107246,10,,Aggregated,11.400000,11.400000,510,510,510,570,630,1000,1000,1100,3900,7100,7100,5428,5428,510.0,558.7741269404992,500.65563499811105,7133.768685001996,0.0
1774107247,10,,Aggregated,11.700000,11.700000,510,510,510,570,630,1000,1000,1100,3900,7100,7100,5439,5439,510.0,558.787545265128,500.65563499811105,7133.768685001996,0.0
1774107248,10,,Aggregated,11.600000,11.600000,510,510,510,570,630,1000,1000,1100,3900,7100,7100,5449,5449,510.0,558.7339087595944,500.65563499811105,7133.768685001996,0.0
1774107249,10,,Aggregated,11.300000,11.300000,510,510,510,570,630,1000,1000,1100,3900,7100,7100,5460,5460,510.0,558.670252041397,500.65563499811105,7133.768685001996,0.0
1774107250,10,,Aggregated,11.200000,11.200000,510,510,510,570,630,1000,1000,1100,3900,7100,7100,5475,5475,510.0,558.6762308332476,500.65563499811105,7133.768685001996,0.0
1774107251,10,,Aggregated,11.200000,11.200000,510,510,510,570,630,1000,1000,1100,3900,7100,7100,5485,5485,510.0,558.6177957577074,500.65563499811105,7133.768685001996,0.0
1774107252,10,,Aggregated,11.600000,11.600000,510,510,510,570,630,1000,1000,1100,3900,7100,7100,5495,5495,510.0,558.5438806391311,500.65563499811105,7133.768685001996,0.0
1774107253,10,,Aggregated,11.500000,11.500000,510,510,510,570,630,1000,1000,1100,3900,7100,7100,5505,5505,510.0,558.618603070668,500.65563499811105,7133.768685001996,0.0
1774107254,10,,Aggregated,11.500000,11.500000,510,510,510,570,630,1000,1000,1100,3900,7100,7100,5516,5516,510.0,558.5239350701654,500.65563499811105,7133.768685001996,0.0
1774107255,10,,Aggregated,11.300000,11.300000,510,510,510,570,630,1000,1000,1100,3900,7100,7100,5530,5530,510.0,558.4579621761366,500.65563499811105,7133.768685001996,0.0
1774107256,10,,Aggregated,11.200000,11.200000,510,510,510,570,630,1000,1000,1100,3900,7100,7100,5542,5542,510.0,558.3438664184479,500.65563499811105,7133.768685001996,0.0
1774107257,10,,Aggregated,11.100000,11.100000,510,510,510,570,630,1000,1000,1100,3900,7100,7100,5552,5552,510.0,558.2661678325009,500.65563499811105,7133.768685001996,0.0
1774107258,10,,Aggregated,11.200000,11.200000,510,510,510,570,630,1000,1000,1100,3900,7100,7100,5565,5565,510.0,558.2915196301961,500.65563499811105,7133.768685001996,0.0
1774107259,10,,Aggregated,11.400000,11.400000,510,510,510,570,630,1000,1000,1100,3900,7100,7100,5575,5575,510.0,558.2282402096945,500.65563499811105,7133.768685001996,0.0
1774107260,10,,Aggregated,11.400000,11.400000,510,510,510,570,630,1000,1000,1100,3900,7100,7100,5586,5586,510.0,558.194296276055,500.65563499811105,7133.768685001996,0.0
1774107261,10,,Aggregated,11.400000,11.400000,510,510,510,570,630,1000,1000,1100,3900,7100,7100,5596,5596,510.0,558.2217367010438,500.65563499811105,7133.768685001996,0.0
1774107262,10,,Aggregated,10.900000,10.900000,510,510,510,570,630,1000,1000,1100,3900,7100,7100,5608,5608,510.0,558.277302620194,500.65563499811105,7133.768685001996,0.0
1774107263,10,,Aggregated,11.200000,11.200000,510,510,510,570,630,1000,1000,1100,3900,7100,7100,5619,5619,510.0,558.1987420503729,500.65563499811105,7133.768685001996,0.0
1774107264,10,,Aggregated,11.200000,11.200000,510,510,510,570,630,1000,1000,1100,3900,7100,7100,5631,5631,510.0,558.1183852889448,500.65563499811105,7133.768685001996,0.0
1774107265,10,,Aggregated,11.400000,11.400000,510,510,510,570,630,1000,1000,1100,3900,7100,7100,5641,5641,510.0,558.067930715308,500.65563499811105,7133.768685001996,0.0
1774107266,10,,Aggregated,11.300000,11.300000,510,510,510,570,630,1000,1000,1100,3900,7100,7100,5655,5655,510.0,557.9685607855075,500.65563499811105,7133.768685001996,0.0
1774107267,10,,Aggregated,11.100000,11.100000,510,510,510,570,630,1000,1000,1100,3900,7100,7100,5666,5666,510.0,557.8998305831353,500.65563499811105,7133.768685001996,0.0
1774107268,10,,Aggregated,11.300000,11.300000,510,510,510,570,630,1000,1000,1100,3900,7100,7100,5677,5677,510.0,557.8480146572208,500.65563499811105,7133.768685001996,0.0
1774107269,10,,Aggregated,11.200000,11.200000,510,510,510,570,630,1000,1000,1100,3900,7100,7100,5687,5687,510.0,557.7702025906526,500.65563499811105,7133.768685001996,0.0
1774107270,10,,Aggregated,11.200000,11.200000,510,510,510,570,630,1000,1000,1100,3900,7100,7100,5698,5698,510.0,557.6855013346847,500.65563499811105,7133.768685001996,0.0
1774107271,10,,Aggregated,11.200000,11.200000,510,510,510,570,630,1000,1000,1100,3900,7100,7100,5710,5710,510.0,557.7503951036839,500.65563499811105,7133.768685001996,0.0
1774107272,10,,Aggregated,11.300000,11.300000,510,510,510,570,630,1000,1000,1100,3900,7100,7100,5721,5721,510.0,557.7358675037639,500.65563499811105,7133.768685001996,0.0
1774107273,10,,Aggregated,11.100000,11.100000,510,510,510,570,630,1000,1000,1100,3900,7100,7100,5732,5732,510.0,557.6552036502146,500.65563499811105,7133.768685001996,0.0
1774107274,10,,Aggregated,11.100000,11.100000,510,510,510,570,630,1000,1000,1100,3900,7100,7100,5745,5745,510.0,557.5627085201104,500.65563499811105,7133.768685001996,0.0
1774107275,10,,Aggregated,11.200000,11.200000,510,510,510,570,630,1000,1000,1100,3900,7100,7100,5756,5756,510.0,557.5997578957674,500.65563499811105,7133.768685001996,0.0
1774107276,10,,Aggregated,11.300000,11.300000,510,510,510,570,630,1000,1000,1100,3900,7100,7100,5766,5766,510.0,557.5626035527295,500.65563499811105,7133.768685001996,0.0
1774107277,10,,Aggregated,11.500000,11.500000,510,510,510,570,630,1000,1000,1100,3900,7100,7100,5779,5779,510.0,557.5541788278337,500.65563499811105,7133.768685001996,0.0
1774107278,10,,Aggregated,11.100000,11.100000,510,510,510,570,630,1000,1000,1100,3900,7100,7100,5789,5789,510.0,557.5293821426935,500.65563499811105,7133.768685001996,0.0
1774107279,10,,Aggregated,11.200000,11.200000,510,510,510,570,630,1000,1000,1100,3900,7100,7100,5800,5800,510.0,557.4510669362172,500.65563499811105,7133.768685001996,0.0
1774107280,10,,Aggregated,11.300000,11.300000,510,510,510,570,630,1000,1000,1100,3900,7100,7100,5814,5814,510.0,557.3575246106047,500.65563499811105,7133.768685001996,0.0
1774107281,10,,Aggregated,11.300000,11.300000,510,510,510,570,630,1000,1000,1100,3900,7100,7100,5826,5826,510.0,557.2773025257551,500.65563499811105,7133.768685001996,0.0
1774107282,10,,Aggregated,11.300000,11.300000,510,510,510,570,630,1000,1000,1100,3900,7100,7100,5836,5836,510.0,557.1875206178958,500.65563499811105,7133.768685001996,0.0
1774107283,10,,Aggregated,11.600000,11.600000,510,510,510,570,630,1000,1000,1100,3900,7100,7100,5847,5847,510.0,557.1215356945505,500.65563499811105,7133.768685001996,0.0
1774107284,10,,Aggregated,11.600000,11.600000,510,510,510,570,630,1000,1000,1100,3900,7100,7100,5859,5859,510.0,557.026048899306,500.65563499811105,7133.768685001996,0.0
1774107285,10,,Aggregated,11.400000,11.400000,510,510,510,570,630,1000,1000,1100,3900,7100,7100,5870,5870,510.0,556.972773658608,500.65563499811105,7133.768685001996,0.0
1774107286,10,,Aggregated,11.300000,11.300000,510,510,510,570,620,1000,1000,1100,3900,7100,7100,5881,5881,510.0,556.9024879472917,500.65563499811105,7133.768685001996,0.0
1774107287,10,,Aggregated,11.300000,11.300000,510,510,510,570,620,1000,1000,1100,3900,7100,7100,5893,5893,510.0,556.8247467756698,500.65563499811105,7133.768685001996,0.0
1774107288,10,,Aggregated,11.400000,11.400000,510,510,510,570,620,1000,1000,1100,3900,7100,7100,5904,5904,510.0,556.757551951224,500.65563499811105,7133.768685001996,0.0
1774107289,10,,Aggregated,11.600000,11.600000,510,510,510,570,620,1000,1000,1100,3900,7100,7100,5915,5915,510.0,556.7415090940027,500.65563499811105,7133.768685001996,0.0
1774107290,10,,Aggregated,11.500000,11.500000,510,510,510,570,620,1000,1000,1100,3900,7100,7100,5927,5927,510.0,556.6737254655022,500.65563499811105,7133.768685001996,0.0
1774107291,10,,Aggregated,11.400000,11.400000,510,510,510,570,630,1000,1000,1100,3900,7100,7100,5938,5938,510.0,556.7299774306211,500.65563499811105,7133.768685001996,0.0
1774107292,10,,Aggregated,11.500000,11.500000,510,510,510,570,620,1000,1000,1100,3900,7100,7100,5951,5951,510.0,556.6384176041048,500.65563499811105,7133.768685001996,0.0
1774107293,10,,Aggregated,11.200000,11.200000,510,510,510,570,620,1000,1000,1100,3900,7100,7100,5962,5962,510.0,556.5432187304646,500.65563499811105,7133.768685001996,0.0
1774107295,10,,Aggregated,11.200000,11.200000,510,510,510,570,620,1000,1000,1100,3900,7100,7100,5972,5972,510.0,556.4762798909953,500.65563499811105,7133.768685001996,0.0
1774107296,10,,Aggregated,11.500000,11.500000,510,510,510,570,620,1000,1000,1100,3900,7100,7100,5982,5982,510.0,556.4344582163197,500.65563499811105,7133.768685001996,0.0
1774107297,10,,Aggregated,11.300000,11.300000,510,510,510,570,620,1000,1000,1100,3900,7100,7100,5995,5995,510.0,556.5495192392038,500.65563499811105,7133.768685001996,0.0
1774107298,10,,Aggregated,11.300000,11.300000,510,510,510,570,620,1000,1000,1100,3700,7100,7100,6006,6006,510.0,556.5068456039011,500.65563499811105,7133.768685001996,0.0
1774107299,10,,Aggregated,11.200000,11.200000,510,510,510,570,620,1000,1000,1100,3700,7100,7100,6017,6017,510.0,556.4133542915122,500.65563499811105,7133.768685001996,0.0
1774107300,10,,Aggregated,11.000000,11.000000,510,510,510,570,620,1000,1000,1100,3700,7100,7100,6029,6029,510.0,556.3449050527513,500.65563499811105,7133.768685001996,0.0
1774107301,10,,Aggregated,11.300000,11.300000,510,510,510,570,620,1000,1000,1100,3700,7100,7100,6040,6040,510.0,556.2802079342778,500.65563499811105,7133.768685001996,0.0
1774107302,10,,Aggregated,11.300000,11.300000,510,510,510,570,620,1000,1000,1100,3700,7100,7100,6050,6050,510.0,556.2464274524012,500.65563499811105,7133.768685001996,0.0
1774107303,10,,Aggregated,11.300000,11.300000,510,510,510,570,620,1000,1000,1100,3700,7100,7100,6060,6060,510.0,556.1741357513247,500.65563499811105,7133.768685001996,0.0
1774107304,10,,Aggregated,11.200000,11.200000,510,510,510,570,620,1000,1000,1100,3700,7100,7100,6070,6070,510.0,556.2073276294939,500.65563499811105,7133.768685001996,0.0
1774107305,10,,Aggregated,11.200000,11.200000,510,510,510,570,620,1000,1000,1100,3700,7100,7100,6081,6081,510.0,556.2429052086882,500.65563499811105,7133.768685001996,0.0
1774107306,10,,Aggregated,10.900000,10.900000,510,510,510,570,620,1000,1000,1100,3700,7100,7100,6093,6093,510.0,556.2060920981502,500.65563499811105,7133.768685001996,0.0
1774107307,10,,Aggregated,10.800000,10.800000,510,510,510,570,620,1000,1000,1000,3700,7100,7100,6106,6106,510.0,556.133374911731,500.65563499811105,7133.768685001996,0.0
1774107308,10,,Aggregated,11.100000,11.100000,510,510,510,570,620,1000,1000,1000,3700,7100,7100,6119,6119,510.0,556.0577080581825,500.65563499811105,7133.768685001996,0.0
1774107309,10,,Aggregated,11.300000,11.300000,510,510,510,570,620,1000,1000,1000,3700,7100,7100,6130,6130,510.0,556.0318792164799,500.65563499811105,7133.768685001996,0.0
1774107310,10,,Aggregated,11.300000,11.300000,510,510,510,570,620,1000,1000,1000,3700,7100,7100,6141,6141,510.0,555.9703224411373,500.65563499811105,7133.768685001996,0.0
1774107311,10,,Aggregated,11.100000,11.100000,510,510,510,570,620,1000,1000,1000,3700,7100,7100,6153,6153,510.0,555.8748044627043,500.65563499811105,7133.768685001996,0.0
1774107312,10,,Aggregated,11.200000,11.200000,510,510,510,570,620,1000,1000,1000,3700,7100,7100,6165,6165,510.0,555.804256461803,500.65563499811105,7133.768685001996,0.0
1774107313,10,,Aggregated,11.400000,11.400000,510,510,510,570,620,1000,1000,1000,3700,7100,7100,6177,6177,510.0,555.7496574612298,500.65563499811105,7133.768685001996,0.0
1774107314,10,,Aggregated,11.500000,11.500000,510,510,510,570,620,1000,1000,1000,3700,7100,7100,6188,6188,510.0,555.7740661465781,500.65563499811105,7133.768685001996,0.0
1774107315,10,,Aggregated,11.500000,11.500000,510,510,510,570,620,1000,1000,1000,3700,7100,7100,6200,6200,510.0,555.6926535911334,500.65563499811105,7133.768685001996,0.0
1774107316,10,,Aggregated,11.700000,11.700000,510,510,510,570,620,1000,1000,1000,3700,7100,7100,6210,6210,510.0,555.6602206491193,500.65563499811105,7133.768685001996,0.0
1774107317,10,,Aggregated,11.800000,11.800000,510,510,510,570,620,1000,1000,1000,3700,7100,7100,6223,6223,510.0,555.586955775195,500.65563499811105,7133.768685001996,0.0
1774107318,10,,Aggregated,11.600000,11.600000,510,510,510,570,620,1000,1000,1000,3700,7100,7100,6234,6234,510.0,555.521948626569,500.65563499811105,7133.768685001996,0.0
1774107319,10,,Aggregated,11.600000,11.600000,510,510,510,570,620,920,1000,1000,3700,7100,7100,6247,6247,510.0,555.4901759247687,500.65563499811105,7133.768685001996,0.0
1774107320,10,,Aggregated,11.600000,11.600000,510,510,510,570,620,920,1000,1000,3700,7100,7100,6257,6257,510.0,555.4387090871073,500.65563499811105,7133.768685001996,0.0
1774107321,10,,Aggregated,11.600000,11.600000,510,510,510,570,620,910,1000,1000,3700,7100,7100,6268,6268,510.0,555.3647426244474,500.65563499811105,7133.768685001996,0.0
1774107322,10,,Aggregated,11.400000,11.400000,510,510,510,570,620,870,1000,1000,3700,7100,7100,6281,6281,510.0,555.2699742693896,500.65563499811105,7133.768685001996,0.0
1774107323,10,,Aggregated,11.500000,11.500000,510,510,510,570,620,910,1000,1000,3700,7100,7100,6293,6293,510.0,555.2838399782362,500.65563499811105,7133.768685001996,0.0
1774107324,10,,Aggregated,11.600000,11.600000,510,510,510,570,620,870,1000,1000,3700,7100,7100,6303,6303,510.0,555.2045525963892,500.65563499811105,7133.768685001996,0.0
1774107325,10,,Aggregated,11.500000,11.500000,510,510,510,570,620,870,1000,1000,3700,7100,7100,6314,6314,510.0,555.1679788975352,500.65563499811105,7133.768685001996,0.0
1774107326,10,,Aggregated,11.500000,11.500000,510,510,510,570,620,820,1000,1000,3700,7100,7100,6325,6325,510.0,555.1150723913111,500.65563499811105,7133.768685001996,0.0
1774107327,10,,Aggregated,11.500000,11.500000,510,510,510,570,620,870,1000,1000,3700,7100,7100,6337,6337,510.0,555.1323148713968,500.65563499811105,7133.768685001996,0.0
1774107328,10,,Aggregated,11.400000,11.400000,510,510,510,570,620,820,1000,1000,3700,7100,7100,6348,6348,510.0,555.063508038128,500.65563499811105,7133.768685001996,0.0
1774107329,10,,Aggregated,11.500000,11.500000,510,510,510,570,620,810,1000,1000,3700,7100,7100,6362,6362,510.0,554.9681472021434,500.65563499811105,7133.768685001996,0.0
1774107330,10,,Aggregated,11.500000,11.500000,510,510,510,570,620,810,1000,1000,3700,7100,7100,6371,6371,510.0,554.953270068283,500.65563499811105,7133.768685001996,0.0
1774107331,10,,Aggregated,11.600000,11.600000,510,510,510,570,620,810,1000,1000,3700,7100,7100,6382,6382,510.0,554.9441630477958,500.65563499811105,7133.768685001996,0.0
1774107332,10,,Aggregated,11.600000,11.600000,510,510,510,570,620,810,1000,1000,3700,7100,7100,6392,6392,510.0,554.8936427291989,500.65563499811105,7133.768685001996,0.0
1774107333,10,,Aggregated,11.300000,11.300000,510,510,510,570,620,810,1000,1000,3700,7100,7100,6405,6405,510.0,554.894157562379,500.65563499811105,7133.768685001996,0.0
1774107334,10,,Aggregated,11.000000,11.000000,510,510,510,570,620,810,1000,1000,3700,7100,7100,6416,6416,510.0,554.8539552205486,500.65563499811105,7133.768685001996,0.0
1774107335,10,,Aggregated,11.200000,11.200000,510,510,510,570,620,810,1000,1000,3700,7100,7100,6429,6429,510.0,554.8539718578376,500.65563499811105,7133.768685001996,0.0
1774107336,10,,Aggregated,11.200000,11.200000,510,510,510,570,620,810,1000,1000,3700,7100,7100,6440,6440,510.0,554.8611953799749,500.65563499811105,7133.768685001996,0.0
1774107337,10,,Aggregated,11.200000,11.200000,510,510,510,570,620,800,1000,1000,3700,7100,7100,6450,6450,510.0,554.8255464376807,500.65563499811105,7133.768685001996,0.0
1774107338,10,,Aggregated,11.200000,11.200000,510,510,510,570,620,790,1000,1000,3700,7100,7100,6461,6461,510.0,554.7722110625335,500.65563499811105,7133.768685001996,0.0
1774107339,10,,Aggregated,11.300000,11.300000,510,510,510,570,620,790,1000,1000,3700,7100,7100,6472,6472,510.0,554.7237560866855,500.65563499811105,7133.768685001996,0.0
1774107340,10,,Aggregated,11.400000,11.400000,510,510,510,570,620,800,1000,1000,3700,7100,7100,6483,6483,510.0,554.810541864882,500.65563499811105,7133.768685001996,0.0
1774107341,10,,Aggregated,11.200000,11.200000,510,510,510,570,620,800,1000,1000,3700,7100,7100,6494,6494,510.0,554.7418461635402,500.65563499811105,7133.768685001996,0.0
1774107342,10,,Aggregated,10.900000,10.900000,510,510,510,570,620,790,1000,1000,3700,7100,7100,6505,6505,510.0,554.6568392438163,500.65563499811105,7133.768685001996,0.0
1774107343,10,,Aggregated,10.900000,10.900000,510,510,510,570,620,800,1000,1000,3700,7100,7100,6515,6515,510.0,554.6713774194975,500.65563499811105,7133.768685001996,0.0
1774107344,10,,Aggregated,11.200000,11.200000,510,510,510,570,620,790,1000,1000,3700,7100,7100,6530,6530,510.0,554.611781574277,500.65563499811105,7133.768685001996,0.0
1774107345,10,,Aggregated,11.300000,11.300000,510,510,510,570,620,790,1000,1000,3700,7100,7100,6540,6540,510.0,554.5826793571921,500.65563499811105,7133.768685001996,0.0
1774107346,10,,Aggregated,11.100000,11.100000,510,510,510,570,620,790,1000,1000,3700,7100,7100,6549,6549,510.0,554.628071094524,500.65563499811105,7133.768685001996,0.0
1774107347,10,,Aggregated,11.000000,11.000000,510,510,510,570,620,800,1000,1000,3700,7100,7100,6561,6561,510.0,554.7152792202467,500.65563499811105,7133.768685001996,0.0
1774107348,10,,Aggregated,10.800000,10.800000,510,510,510,570,620,800,1000,1000,3700,7100,7100,6572,6572,510.0,554.6514258014364,500.65563499811105,7133.768685001996,0.0
1774107349,10,,Aggregated,10.800000,10.800000,510,510,510,570,620,790,1000,1000,3700,7100,7100,6583,6583,510.0,554.6334847326503,500.65563499811105,7133.768685001996,0.0
1774107350,10,,Aggregated,11.000000,11.000000,510,510,510,570,620,790,1000,1000,3700,7100,7100,6594,6594,510.0,554.5994811830511,500.65563499811105,7133.768685001996,0.0
