Timestamp,User Count,Type,Name,Requests/s,Failures/s,50%,66%,75%,80%,90%,95%,98%,99%,99.9%,99.99%,100%,Total Request Count,Total Failure Count,Total Median Response Time,Total Average Response Time,Total Min Response Time,Total Max Response Time,Total Average Content Size
1774212505,0,,Aggregated,0.000000,0.000000,N/A,N/A,N/A,N/A,N/A,N/A,N/A,N/A,N/A,N/A,N/A,0,0,0,0.0,0,0,0
1774212506,10,,Aggregated,0.000000,0.000000,N/A,N/A,N/A,N/A,N/A,N/A,N/A,N/A,N/A,N/A,N/A,0,0,0,0.0,0,0,0
1774212507,10,,Aggregated,0.000000,0.000000,N/A,N/A,N/A,N/A,N/A,N/A,N/A,N/A,N/A,N/A,N/A,0,0,0,0.0,0,0,0
1774212508,10,,Aggregated,0.000000,0.000000,N/A,N/A,N/A,N/A,N/A,N/A,N/A,N/A,N/A,N/A,N/A,0,0,0,0.0,0,0,0
1774212509,10,,Aggregated,0.000000,0.000000,N/A,N/A,N/A,N/A,N/A,N/A,N/A,N/A,N/A,N/A,N/A,0,0,0,0.0,0,0,0
1774212510,10,,Aggregated,0.000000,0.000000,N/A,N/A,N/A,N/A,N/A,N/A,N/A,N/A,N/A,N/A,N/A,0,0,0,0.0,0,0,0
1774212511,10,,Aggregated,0.000000,0.000000,N/A,N/A,N/A,N/A,N/A,N/A,N/A,N/A,N/A,N/A,N/A,0,0,0,0.0,0,0,0
1774212512,10,,Aggregated,0.000000,0.000000,6600,6600,6900,6900,6900,6900,6900,6900,6900,6900,6900,3,3,6600.0,6703.282149000036,6572.8808499998195,6918.077737000203,0.0
1774212513,10,,Aggregated,0.000000,0.000000,6600,6600,6900,6900,6900,6900,6900,6900,6900,6900,6900,3,3,6600.0,6703.282149000036,6572.8808499998195,6918.077737000203,0.0
1774212514,10,,Aggregated,0.000000,0.000000,6600,6600,6900,6900,6900,6900,6900,6900,6900,6900,6900,3,3,6600.0,6703.282149000036,6572.8808499998195,6918.077737000203,0.0
1774212515,10,,Aggregated,0.000000,0.000000,6600,6600,6900,6900,6900,6900,6900,6900,6900,6900,6900,3,3,6600.0,6703.282149000036,6572.8808499998195,6918.077737000203,0.0
1774212516,10,,Aggregated,0.000000,0.000000,6600,6600,6900,6900,6900,6900,6900,6900,6900,6900,6900,3,3,6600.0,6703.282149000036,6572.8808499998195,6918.077737000203,0.0
1774212517,10,,Aggregated,0.333333,0.333333,6600,6900,6900,12000,12000,12000,12000,12000,12000,12000,12000,5,5,6600.0,7231.446992200016,4531.8353060001755,11515.553207999801,0.0
1774212518,10,,Aggregated,0.300000,0.300000,6600,6600,6900,6900,12000,12000,12000,12000,12000,12000,12000,6,6,6600.0,6227.004080166655,1204.7895199998493,11515.553207999801,0.0
1774212519,10,,Aggregated,0.300000,0.300000,6600,6600,6900,6900,12000,12000,12000,12000,12000,12000,12000,6,6,6600.0,6227.004080166655,1204.7895199998493,11515.553207999801,0.0
1774212520,10,,Aggregated,0.600000,0.600000,6600,6600,6900,6900,12000,12000,12000,12000,12000,12000,12000,8,8,4500.0,5261.395095874945,1204.7895199998493,11515.553207999801,0.0
1774212521,10,,Aggregated,0.600000,0.600000,4500,6600,6600,6900,12000,12000,12000,12000,12000,12000,12000,9,8,4500.0,4751.435497444415,671.7587100001765,11515.553207999801,0.0
1774212522,10,,Aggregated,0.600000,0.600000,4500,6600,6900,12000,17000,17000,17000,17000,17000,17000,17000,13,11,4500.0,6034.246264307687,417.4963030000072,16847.79855099987,0.0
1774212523,10,,Aggregated,0.700000,0.700000,6600,12000,17000,17000,17000,18000,18000,18000,18000,18000,18000,19,16,6600.0,8365.050998105266,341.21699700017416,17654.96526400011,0.0
1774212524,10,,Aggregated,1.000000,0.800000,6600,12000,17000,17000,17000,17000,18000,18000,18000,18000,18000,23,18,6600.0,7513.842448043482,341.21699700017416,17654.96526400011,0.0
1774212525,10,,Aggregated,1.000000,0.800000,4500,11000,12000,17000,17000,17000,18000,18000,18000,18000,18000,25,19,4500.0,7013.771484759998,280.8373859998028,17654.96526400011,0.0
1774212526,10,,Aggregated,1.600000,1.300000,2600,6600,12000,12000,17000,17000,18000,18000,18000,18000,18000,32,24,2400.0,5856.228624156271,217.71748800028945,17654.96526400011,0.0
1774212527,10,,Aggregated,2.200000,1.600000,2400,4500,6900,12000,17000,17000,18000,18000,18000,18000,18000,38,28,2200.0,5229.408327105278,214.7435140000198,17654.96526400011,0.0
1774212528,10,,Aggregated,2.200000,1.600000,2200,4500,6600,11000,17000,17000,18000,18000,18000,18000,18000,41,31,2200.0,5057.482941951248,214.7435140000198,17654.96526400011,0.0
1774212529,10,,Aggregated,3.200000,2.200000,2100,4200,6600,11000,17000,17000,18000,18000,18000,18000,18000,43,33,2100.0,4914.604387511644,214.7435140000198,17654.96526400011,0.0
1774212530,10,,Aggregated,3.200000,2.200000,2100,4200,6600,11000,17000,17000,18000,18000,18000,18000,18000,43,33,2100.0,4914.604387511644,214.7435140000198,17654.96526400011,0.0
1774212531,10,,Aggregated,3.600000,2.600000,2300,3500,5000,6900,17000,17000,18000,18000,18000,18000,18000,49,39,2300.0,4640.425221040839,214.7435140000198,17654.96526400011,0.0
1774212532,10,,Aggregated,3.600000,2.600000,2400,3700,4600,6600,17000,17000,17000,18000,18000,18000,18000,53,43,2400.0,4564.983059509452,214.7435140000198,17654.96526400011,0.0
1774212533,10,,Aggregated,3.600000,2.600000,2200,3500,4500,6600,17000,17000,17000,18000,18000,18000,18000,57,47,2200.0,4362.6110520701895,214.7435140000198,17654.96526400011,0.0
1774212534,10,,Aggregated,3.900000,3.100000,1900,3200,4500,5000,12000,17000,17000,18000,18000,18000,18000,63,53,1900.0,4073.5667446825523,214.7435140000198,17654.96526400011,0.0
1774212535,10,,Aggregated,3.900000,3.100000,1800,2600,4200,4600,12000,17000,17000,18000,18000,18000,18000,70,60,1800.0,3779.1472966285705,214.7435140000198,17654.96526400011,0.0
1774212536,10,,Aggregated,4.000000,3.400000,1700,2500,3700,4500,12000,17000,17000,18000,18000,18000,18000,76,66,1600.0,3571.3569842894763,214.7435140000198,17654.96526400011,0.0
1774212537,10,,Aggregated,4.500000,4.100000,1600,2300,3500,4500,11000,17000,17000,18000,18000,18000,18000,84,74,1600.0,3437.8539143690487,214.7435140000198,17654.96526400011,0.0
1774212538,10,,Aggregated,4.500000,4.100000,1500,2100,3200,4300,11000,17000,17000,18000,18000,18000,18000,90,80,1500.0,3286.767105466662,214.7435140000198,17654.96526400011,0.0
1774212539,10,,Aggregated,4.200000,4.000000,1500,1900,3100,3700,10000,17000,17000,18000,18000,18000,18000,96,85,1500.0,3148.8004695312484,214.7435140000198,17654.96526400011,0.0
1774212540,10,,Aggregated,4.500000,4.500000,1200,1800,2500,3500,6900,17000,17000,17000,18000,18000,18000,105,93,1200.0,2962.1222471142887,214.7435140000198,17654.96526400011,0.0
1774212541,10,,Aggregated,5.400000,5.300000,1100,1700,2300,3200,6600,17000,17000,17000,18000,18000,18000,113,99,1100.0,2811.655398017705,69.7197720000986,17654.96526400011,0.0
1774212542,10,,Aggregated,5.400000,5.300000,1100,1600,2100,2600,6600,12000,17000,17000,18000,18000,18000,121,106,1100.0,2690.655992090917,69.7197720000986,17654.96526400011,0.0
1774212543,10,,Aggregated,6.500000,6.100000,1100,1500,1900,2600,6600,12000,17000,17000,18000,18000,18000,130,113,1100.0,2566.8091665692373,43.65929599998708,17654.96526400011,0.0
1774212544,10,,Aggregated,6.900000,6.400000,1100,1500,1800,2400,5000,12000,17000,17000,18000,18000,18000,137,118,1100.0,2483.1490679124176,43.65929599998708,17654.96526400011,0.0
1774212545,10,,Aggregated,7.100000,6.400000,1100,1500,1800,2300,4600,12000,17000,17000,18000,18000,18000,145,123,1100.0,2384.3136233655246,36.427335999633215,17654.96526400011,0.0
1774212546,10,,Aggregated,7.400000,6.600000,1100,1400,1700,2100,4500,12000,17000,17000,18000,18000,18000,155,130,1100.0,2281.7900404258085,36.427335999633215,17654.96526400011,0.0
1774212547,10,,Aggregated,7.400000,6.300000,1100,1400,1600,1900,4500,11000,17000,17000,18000,18000,18000,164,137,1100.0,2205.8967793597544,36.427335999633215,17654.96526400011,0.0
1774212548,10,,Aggregated,8.000000,6.600000,1100,1200,1500,1800,4300,11000,17000,17000,18000,18000,18000,174,144,1100.0,2123.9073066609126,36.09771799983719,17654.96526400011,0.0
1774212549,10,,Aggregated,7.900000,6.300000,1100,1200,1500,1800,4200,10000,17000,17000,18000,18000,18000,181,149,1100.0,2070.584758237563,36.09771799983719,17654.96526400011,0.0
1774212550,10,,Aggregated,7.900000,6.300000,1000,1100,1500,1800,4200,10000,17000,17000,18000,18000,18000,190,156,1000.0,2011.1059206157806,36.09771799983719,17654.96526400011,0.0
1774212551,10,,Aggregated,8.200000,6.200000,1000,1100,1500,1600,3700,10000,17000,17000,18000,18000,18000,198,162,1000.0,1961.7889293585743,36.09771799983719,17654.96526400011,0.0
1774212552,10,,Aggregated,8.500000,6.300000,1000,1100,1500,1600,3500,6900,17000,17000,18000,18000,18000,207,169,1000.0,1916.712179371971,36.09771799983719,17654.96526400011,0.0
1774212553,10,,Aggregated,8.500000,6.300000,1000,1100,1500,1500,3500,6900,17000,17000,18000,18000,18000,216,175,1000.0,1866.2195432222113,36.09771799983719,17654.96526400011,0.0
1774212554,10,,Aggregated,8.300000,6.000000,1000,1100,1400,1500,3200,6600,17000,17000,18000,18000,18000,225,182,1000.0,1824.8011857199888,36.09771799983719,17654.96526400011,0.0
1774212555,10,,Aggregated,8.500000,6.200000,1000,1100,1400,1500,3100,6600,17000,17000,18000,18000,18000,234,189,1000.0,1788.1431732435829,36.09771799983719,17654.96526400011,0.0
1774212556,10,,Aggregated,8.700000,6.300000,1000,1100,1300,1500,2600,6600,17000,17000,18000,18000,18000,241,193,1000.0,1753.9051567344366,36.09771799983719,17654.96526400011,0.0
1774212557,10,,Aggregated,8.800000,6.400000,1000,1100,1200,1500,2600,6600,17000,17000,18000,18000,18000,250,200,1000.0,1722.1935064519944,36.09771799983719,17654.96526400011,0.0
1774212558,10,,Aggregated,8.400000,6.100000,1000,1100,1200,1500,2600,6600,17000,17000,18000,18000,18000,259,207,1000.0,1691.7630949999918,36.09771799983719,17654.96526400011,0.0
1774212559,10,,Aggregated,8.800000,6.400000,1000,1100,1200,1500,2500,5000,17000,17000,18000,18000,18000,268,214,1000.0,1662.3416417313388,36.09771799983719,17654.96526400011,0.0
1774212560,10,,Aggregated,8.600000,6.400000,1000,1100,1100,1500,2400,5000,17000,17000,18000,18000,18000,276,220,1000.0,1638.4255694347796,36.09771799983719,17654.96526400011,0.0
1774212561,10,,Aggregated,8.600000,6.400000,1000,1100,1100,1500,2300,4600,17000,17000,18000,18000,18000,285,226,1000.0,1610.8787829157843,36.09771799983719,17654.96526400011,0.0
1774212562,10,,Aggregated,8.300000,6.200000,1000,1100,1100,1500,2200,4600,17000,17000,18000,18000,18000,293,232,1000.0,1590.0686890887287,36.09771799983719,17654.96526400011,0.0
1774212563,10,,Aggregated,8.600000,6.400000,1000,1100,1100,1400,2100,4500,12000,17000,18000,18000,18000,302,238,1000.0,1563.7362595960192,36.09771799983719,17654.96526400011,0.0
1774212564,10,,Aggregated,8.800000,6.500000,1000,1100,1100,1400,2000,4500,12000,17000,18000,18000,18000,313,246,1000.0,1538.7407893546233,36.09771799983719,17654.96526400011,0.0
1774212565,10,,Aggregated,8.800000,6.500000,1000,1100,1100,1400,2000,4500,12000,17000,18000,18000,18000,319,250,1000.0,1524.4608588338483,36.09771799983719,17654.96526400011,0.0
1774212566,10,,Aggregated,8.500000,6.100000,1000,1100,1100,1400,1900,4500,12000,17000,18000,18000,18000,328,257,1000.0,1506.28194743597,36.09771799983719,17654.96526400011,0.0
1774212567,10,,Aggregated,8.400000,6.100000,1000,1100,1100,1300,1900,4500,12000,17000,18000,18000,18000,338,264,1000.0,1483.6163195147878,36.09771799983719,17654.96526400011,0.0
1774212568,10,,Aggregated,8.800000,6.400000,1000,1100,1100,1200,1800,4300,12000,17000,18000,18000,18000,346,270,1000.0,1467.4642289190713,36.09771799983719,17654.96526400011,0.0
1774212569,10,,Aggregated,8.600000,6.300000,1000,1100,1100,1200,1800,4300,12000,17000,18000,18000,18000,355,276,1000.0,1448.1333586084459,36.09771799983719,17654.96526400011,0.0
1774212570,10,,Aggregated,8.500000,6.100000,1000,1000,1100,1200,1800,4200,12000,17000,18000,18000,18000,364,283,1000.0,1432.4024174175797,36.09771799983719,17654.96526400011,0.0
1774212571,10,,Aggregated,8.800000,6.300000,1000,1000,1100,1100,1800,4200,12000,17000,18000,18000,18000,375,291,1000.0,1412.9924221279987,36.09771799983719,17654.96526400011,0.0
1774212572,10,,Aggregated,8.900000,6.400000,1000,1000,1100,1100,1700,3700,12000,17000,18000,18000,18000,381,295,1000.0,1401.7699075905487,36.09771799983719,17654.96526400011,0.0
1774212573,10,,Aggregated,8.800000,6.300000,1000,1000,1100,1100,1700,3700,12000,17000,18000,18000,18000,390,301,1000.0,1386.7726616051264,36.09771799983719,17654.96526400011,0.0
1774212574,10,,Aggregated,8.600000,6.200000,1000,1000,1100,1100,1600,3700,12000,17000,18000,18000,18000,400,309,1000.0,1374.1461982649998,34.060217999922315,17654.96526400011,0.0
1774212575,10,,Aggregated,8.700000,6.200000,1000,1000,1100,1100,1600,3500,11000,17000,18000,18000,18000,406,314,1000.0,1368.3724457684732,34.060217999922315,17654.96526400011,0.0
1774212576,10,,Aggregated,9.000000,6.600000,1000,1000,1100,1100,1600,3500,11000,17000,18000,18000,18000,416,321,1000.0,1353.5437805841368,34.060217999922315,17654.96526400011,0.0
1774212577,10,,Aggregated,8.700000,6.400000,1000,1000,1100,1100,1600,3500,11000,17000,18000,18000,18000,425,328,1000.0,1342.2681142611807,34.060217999922315,17654.96526400011,0.0
1774212578,10,,Aggregated,8.700000,6.400000,1000,1000,1100,1100,1500,3500,11000,17000,18000,18000,18000,437,337,1000.0,1327.090331508014,34.060217999922315,17654.96526400011,0.0
1774212579,10,,Aggregated,8.700000,6.400000,1000,1000,1100,1100,1500,3200,11000,17000,18000,18000,18000,443,341,1000.0,1318.6216271106155,34.060217999922315,17654.96526400011,0.0
1774212580,10,,Aggregated,8.900000,6.500000,1000,1000,1100,1100,1500,3200,10000,17000,18000,18000,18000,451,346,1000.0,1308.0400066275026,34.060217999922315,17654.96526400011,0.0
1774212581,10,,Aggregated,8.700000,6.400000,1000,1000,1100,1100,1500,3100,10000,17000,18000,18000,18000,462,355,1000.0,1298.3655450021718,34.060217999922315,17654.96526400011,0.0
1774212582,10,,Aggregated,8.800000,6.400000,1000,1000,1100,1100,1500,3100,10000,17000,18000,18000,18000,469,360,1000.0,1290.2596667057633,34.060217999922315,17654.96526400011,0.0
1774212583,10,,Aggregated,8.700000,6.400000,1000,1000,1100,1100,1500,3100,10000,17000,18000,18000,18000,478,367,1000.0,1281.285993736409,34.060217999922315,17654.96526400011,0.0
1774212584,10,,Aggregated,8.800000,6.500000,1000,1000,1100,1100,1500,2600,10000,17000,18000,18000,18000,486,372,1000.0,1271.2087618703795,34.060217999922315,17654.96526400011,0.0
1774212585,10,,Aggregated,8.700000,6.400000,1000,1000,1100,1100,1500,2600,10000,17000,18000,18000,18000,496,380,1000.0,1263.2722869717827,34.060217999922315,17654.96526400011,0.0
1774212586,10,,Aggregated,8.700000,6.400000,1000,1000,1100,1100,1500,2600,6900,17000,18000,18000,18000,505,385,1000.0,1251.2214497406023,34.060217999922315,17654.96526400011,0.0
1774212587,10,,Aggregated,9.000000,6.500000,1000,1000,1100,1100,1500,2600,6900,17000,18000,18000,18000,515,393,1000.0,1243.0129665825339,34.060217999922315,17654.96526400011,0.0
1774212588,10,,Aggregated,8.900000,6.500000,1000,1000,1100,1100,1500,2500,6900,17000,18000,18000,18000,523,399,1000.0,1235.9898609005836,34.060217999922315,17654.96526400011,0.0
1774212589,10,,Aggregated,8.900000,6.400000,1000,1000,1100,1100,1500,2500,6900,17000,18000,18000,18000,530,404,1000.0,1230.4585430132179,34.060217999922315,17654.96526400011,0.0
1774212590,10,,Aggregated,8.800000,6.400000,1000,1000,1100,1100,1500,2500,6900,17000,18000,18000,18000,540,411,1000.0,1221.2899328463059,34.060217999922315,17654.96526400011,0.0
1774212591,10,,Aggregated,8.800000,6.300000,1000,1000,1100,1100,1500,2400,6900,17000,18000,18000,18000,549,418,1000.0,1215.418502664854,34.060217999922315,17654.96526400011,0.0
1774212592,10,,Aggregated,8.700000,6.300000,1000,1000,1100,1100,1500,2400,6600,17000,18000,18000,18000,558,424,1000.0,1207.3234435716952,34.060217999922315,17654.96526400011,0.0
1774212593,10,,Aggregated,8.800000,6.400000,1000,1000,1100,1100,1500,2300,6600,17000,18000,18000,18000,566,430,1000.0,1202.1620804187373,34.060217999922315,17654.96526400011,0.0
1774212594,10,,Aggregated,8.800000,6.400000,1000,1000,1100,1100,1500,2300,6600,17000,18000,18000,18000,575,437,1000.0,1196.0738571043557,34.060217999922315,17654.96526400011,0.0
1774212595,10,,Aggregated,8.800000,6.400000,1000,1000,1100,1100,1500,2200,6600,17000,18000,18000,18000,583,443,1000.0,1190.8598943413458,34.060217999922315,17654.96526400011,0.0
1774212596,10,,Aggregated,8.700000,6.200000,1000,1000,1000,1100,1500,2200,6600,17000,18000,18000,18000,591,448,1000.0,1183.7400230947626,34.060217999922315,17654.96526400011,0.0
1774212597,10,,Aggregated,8.700000,6.300000,1000,1000,1000,1100,1500,2100,6600,12000,18000,18000,18000,601,455,1000.0,1177.8433423228046,34.060217999922315,17654.96526400011,0.0
1774212598,10,,Aggregated,8.700000,6.300000,1000,1000,1000,1100,1500,2100,6600,12000,18000,18000,18000,608,460,1000.0,1172.920474455602,34.060217999922315,17654.96526400011,0.0
1774212599,10,,Aggregated,8.600000,6.200000,1000,1000,1000,1100,1500,2100,6600,12000,18000,18000,18000,619,468,1000.0,1166.3221279951642,34.060217999922315,17654.96526400011,0.0
1774212600,10,,Aggregated,8.700000,6.300000,1000,1000,1000,1100,1500,2000,6600,12000,18000,18000,18000,627,474,1000.0,1162.1782204593408,34.060217999922315,17654.96526400011,0.0
1774212601,10,,Aggregated,8.900000,6.500000,1000,1000,1000,1100,1500,2000,6600,12000,18000,18000,18000,631,477,1000.0,1160.3273850554785,34.060217999922315,17654.96526400011,0.0
1774212602,10,,Aggregated,8.500000,6.100000,1000,1000,1000,1100,1500,1900,6600,12000,18000,18000,18000,643,486,1000.0,1155.5169895536656,34.060217999922315,17654.96526400011,0.0
1774212603,10,,Aggregated,8.400000,6.100000,1000,1000,1000,1100,1500,1900,5000,12000,18000,18000,18000,654,495,1000.0,1150.4679369984842,34.060217999922315,17654.96526400011,0.0
1774212604,10,,Aggregated,8.600000,6.300000,1000,1000,1000,1100,1500,1900,5000,12000,18000,18000,18000,660,499,1000.0,1146.4022192469838,34.060217999922315,17654.96526400011,0.0
1774212605,10,,Aggregated,8.400000,6.100000,1000,1000,1000,1100,1500,1900,5000,12000,18000,18000,18000,668,504,1000.0,1141.800179703607,34.060217999922315,17654.96526400011,0.0
1774212606,10,,Aggregated,8.300000,6.100000,1000,1000,1000,1100,1500,1900,5000,12000,18000,18000,18000,680,513,1000.0,1136.2165579338375,34.060217999922315,17654.96526400011,0.0
1774212607,10,,Aggregated,8.700000,6.400000,1000,1000,1000,1100,1500,1800,5000,12000,18000,18000,18000,689,519,1000.0,1130.5092308955136,34.060217999922315,17654.96526400011,0.0
1774212608,10,,Aggregated,8.500000,6.100000,1000,1000,1000,1100,1500,1800,5000,12000,18000,18000,18000,695,523,1000.0,1126.8660621482143,34.060217999922315,17654.96526400011,0.0
1774212609,10,,Aggregated,8.500000,6.200000,1000,1000,1000,1100,1500,1800,4600,12000,18000,18000,18000,706,531,1000.0,1121.9011521317402,34.060217999922315,17654.96526400011,0.0
1774212610,10,,Aggregated,8.700000,6.300000,1000,1000,1000,1100,1500,1800,4600,12000,18000,18000,18000,716,539,1000.0,1117.9489620977772,34.060217999922315,17654.96526400011,0.0
1774212611,10,,Aggregated,8.600000,6.300000,1000,1000,1000,1100,1500,1800,4600,12000,18000,18000,18000,723,543,1000.0,1112.9966830760839,34.060217999922315,17654.96526400011,0.0
1774212612,10,,Aggregated,8.700000,6.300000,1000,1000,1000,1100,1500,1800,4600,12000,18000,18000,18000,731,549,1000.0,1110.0417999288768,34.060217999922315,17654.96526400011,0.0
1774212613,10,,Aggregated,8.900000,6.300000,1000,1000,1000,1100,1500,1800,4600,12000,18000,18000,18000,741,556,1000.0,1105.067057391373,34.060217999922315,17654.96526400011,0.0
1774212614,10,,Aggregated,8.900000,6.300000,1000,1000,1000,1100,1500,1800,4600,12000,18000,18000,18000,750,563,1000.0,1102.2452934333432,34.060217999922315,17654.96526400011,0.0
1774212615,10,,Aggregated,8.900000,6.400000,1000,1000,1000,1100,1500,1800,4500,12000,18000,18000,18000,758,568,1000.0,1098.2610538298247,34.060217999922315,17654.96526400011,0.0
1774212616,10,,Aggregated,9.000000,6.400000,1000,1000,1000,1100,1500,1700,4500,12000,18000,18000,18000,768,576,1000.0,1094.8904303671954,34.060217999922315,17654.96526400011,0.0
1774212617,10,,Aggregated,8.700000,6.100000,1000,1000,1000,1100,1500,1700,4500,12000,18000,18000,18000,776,582,1000.0,1091.6993536559348,34.060217999922315,17654.96526400011,0.0
1774212618,10,,Aggregated,9.000000,6.500000,1000,1000,1000,1100,1500,1600,4500,12000,18000,18000,18000,786,589,1000.0,1087.0818726793957,34.060217999922315,17654.96526400011,0.0
1774212619,10,,Aggregated,8.900000,6.400000,1000,1000,1000,1100,1500,1600,4500,12000,18000,18000,18000,793,593,1000.0,1082.9464646897925,34.060217999922315,17654.96526400011,0.0
1774212620,10,,Aggregated,8.700000,6.200000,1000,1000,1000,1100,1500,1600,4500,11000,18000,18000,18000,803,601,1000.0,1082.2264097322616,34.060217999922315,17654.96526400011,0.0
1774212621,10,,Aggregated,8.700000,6.200000,1000,1000,1000,1100,1500,1600,4500,11000,18000,18000,18000,813,608,1000.0,1077.8863985596627,34.060217999922315,17654.96526400011,0.0
1774212622,10,,Aggregated,8.700000,6.200000,1000,1000,1000,1100,1500,1600,4500,11000,18000,18000,18000,820,612,1000.0,1074.4955053353726,34.060217999922315,17654.96526400011,0.0
1774212623,10,,Aggregated,8.600000,6.200000,1000,1000,1000,1100,1500,1600,4500,11000,18000,18000,18000,828,619,1000.0,1073.707332055562,34.060217999922315,17654.96526400011,0.0
1774212624,10,,Aggregated,8.600000,6.100000,1000,1000,1000,1100,1500,1600,4500,11000,18000,18000,18000,837,626,1000.0,1071.9857857049042,34.060217999922315,17654.96526400011,0.0
1774212625,10,,Aggregated,8.900000,6.400000,1000,1000,1000,1100,1500,1600,4500,11000,18000,18000,18000,846,632,1000.0,1068.0783344799115,34.060217999922315,17654.96526400011,0.0
1774212626,10,,Aggregated,8.500000,6.100000,1000,1000,1000,1100,1500,1600,4300,11000,18000,18000,18000,855,638,1000.0,1064.1722248959124,34.060217999922315,17654.96526400011,0.0
1774212627,10,,Aggregated,8.600000,6.300000,1000,1000,1000,1100,1500,1500,4300,11000,18000,18000,18000,867,647,1000.0,1060.3284524521391,34.060217999922315,17654.96526400011,0.0
1774212628,10,,Aggregated,8.600000,6.200000,1000,1000,1000,1100,1500,1500,4300,11000,18000,18000,18000,875,653,1000.0,1057.8389222822912,34.060217999922315,17654.96526400011,0.0
1774212629,10,,Aggregated,9.000000,6.500000,1000,1000,1000,1100,1500,1500,4300,11000,18000,18000,18000,884,659,1000.0,1054.250774453625,34.060217999922315,17654.96526400011,0.0
1774212630,10,,Aggregated,8.800000,6.300000,1000,1000,1000,1100,1500,1500,4300,11000,18000,18000,18000,893,665,1000.0,1050.7315660223996,34.060217999922315,17654.96526400011,0.0
1774212631,10,,Aggregated,9.000000,6.500000,1000,1000,1000,1100,1500,1500,4200,10000,18000,18000,18000,904,673,1000.0,1047.2901791570816,34.060217999922315,17654.96526400011,0.0
1774212632,10,,Aggregated,9.200000,6.700000,1000,1000,1000,1100,1400,1500,4200,10000,18000,18000,18000,914,680,1000.0,1043.8957032975943,34.060217999922315,17654.96526400011,0.0
1774212633,10,,Aggregated,9.000000,6.400000,1000,1000,1000,1100,1400,1500,4200,10000,18000,18000,18000,920,684,1000.0,1041.6530597750013,34.060217999922315,17654.96526400011,0.0
1774212634,10,,Aggregated,9.100000,6.500000,1000,1000,1000,1100,1400,1500,4200,10000,18000,18000,18000,929,691,1000.0,1039.4991171388608,34.060217999922315,17654.96526400011,0.0
1774212635,10,,Aggregated,9.200000,6.500000,1000,1000,1000,1100,1400,1500,4200,10000,18000,18000,18000,939,699,1000.0,1037.3041564259877,34.060217999922315,17654.96526400011,0.0
1774212636,10,,Aggregated,9.500000,6.800000,1000,1000,1000,1100,1300,1500,4200,10000,18000,18000,18000,948,705,1000.0,1034.1500669683567,34.060217999922315,17654.96526400011,0.0
1774212637,10,,Aggregated,9.200000,6.500000,1000,1000,1000,1100,1200,1500,3700,10000,18000,18000,18000,956,711,1000.0,1032.041703583683,34.060217999922315,17654.96526400011,0.0
1774212638,10,,Aggregated,9.200000,6.600000,1000,1000,1000,1100,1200,1500,3700,10000,18000,18000,18000,965,718,1000.0,1030.4613305305718,34.060217999922315,17654.96526400011,0.0
1774212639,10,,Aggregated,9.000000,6.400000,1000,1000,1000,1000,1200,1500,3700,10000,18000,18000,18000,974,724,1000.0,1027.4363569342925,34.060217999922315,17654.96526400011,0.0
1774212640,10,,Aggregated,9.200000,6.700000,1000,1000,1000,1000,1200,1500,3700,10000,18000,18000,18000,982,730,1000.0,1025.520551230144,34.060217999922315,17654.96526400011,0.0
1774212641,10,,Aggregated,8.900000,6.400000,1000,1000,1000,1000,1200,1500,3700,10000,18000,18000,18000,991,737,1000.0,1023.7057637245225,34.060217999922315,17654.96526400011,0.0
1774212642,10,,Aggregated,8.700000,6.200000,1000,1000,1000,1000,1200,1500,3700,10000,18000,18000,18000,998,741,1000.0,1020.8614256923868,34.060217999922315,17654.96526400011,0.0
1774212643,10,,Aggregated,9.100000,6.700000,1000,1000,1000,1000,1200,1500,3500,6900,17000,18000,18000,1008,749,1000.0,1019.4914262113117,34.060217999922315,17654.96526400011,0.0
1774212644,10,,Aggregated,8.800000,6.500000,1000,1000,1000,1000,1200,1500,3500,6900,17000,18000,18000,1019,758,1000.0,1017.7151941020627,34.060217999922315,17654.96526400011,0.0
1774212645,10,,Aggregated,8.500000,6.300000,1000,1000,1000,1000,1200,1500,3500,6900,17000,18000,18000,1026,763,1000.0,1015.9314625126729,34.060217999922315,17654.96526400011,0.0
1774212646,10,,Aggregated,8.500000,6.200000,1000,1000,1000,1000,1100,1500,3500,6900,17000,18000,18000,1034,768,1000.0,1013.1690062079331,32.30372400003034,17654.96526400011,0.0
1774212647,10,,Aggregated,8.800000,6.500000,1000,1000,1000,1000,1100,1500,3500,6900,17000,18000,18000,1045,776,1000.0,1010.9558231980881,32.30372400003034,17654.96526400011,0.0
1774212648,10,,Aggregated,8.700000,6.400000,1000,1000,1000,1000,1100,1500,3500,6900,17000,18000,18000,1054,783,1000.0,1009.3453989117667,32.30372400003034,17654.96526400011,0.0
1774212649,10,,Aggregated,8.700000,6.400000,1000,1000,1000,1000,1100,1500,3500,6900,17000,18000,18000,1064,790,1000.0,1006.8042511381597,32.30372400003034,17654.96526400011,0.0
1774212650,10,,Aggregated,8.500000,6.200000,1000,1000,1000,1000,1100,1500,3500,6900,17000,18000,18000,1070,794,1000.0,1005.1070673831791,32.30372400003034,17654.96526400011,0.0
1774212651,10,,Aggregated,8.900000,6.500000,1000,1000,1000,1000,1100,1500,3500,6900,17000,18000,18000,1082,803,1000.0,1003.1558768641416,32.30372400003034,17654.96526400011,0.0
1774212652,10,,Aggregated,9.000000,6.700000,1000,1000,1000,1000,1100,1500,3500,6900,17000,18000,18000,1090,809,1000.0,1001.5554077688079,32.30372400003034,17654.96526400011,0.0
1774212653,10,,Aggregated,8.800000,6.400000,1000,1000,1000,1000,1100,1500,3500,6900,17000,18000,18000,1098,814,1000.0,999.0608207732242,32.30372400003034,17654.96526400011,0.0
1774212654,10,,Aggregated,8.800000,6.400000,1000,1000,1000,1000,1100,1500,3200,6600,17000,18000,18000,1108,822,1000.0,997.9537848267154,32.30372400003034,17654.96526400011,0.0
1774212655,10,,Aggregated,9.100000,6.600000,1000,1000,1000,1000,1100,1500,3200,6600,17000,18000,18000,1116,828,1000.0,996.3773657051977,32.30372400003034,17654.96526400011,0.0
1774212656,10,,Aggregated,8.900000,6.500000,1000,1000,1000,1000,1100,1500,3200,6600,17000,18000,18000,1124,833,1000.0,994.4218548274021,32.30372400003034,17654.96526400011,0.0
1774212657,10,,Aggregated,8.900000,6.500000,1000,1000,1000,1000,1100,1500,3200,6600,17000,18000,18000,1134,841,1000.0,993.4358044338618,32.30372400003034,17654.96526400011,0.0
1774212658,10,,Aggregated,8.900000,6.400000,1000,1000,1000,1000,1100,1500,3200,6600,17000,18000,18000,1141,846,1000.0,992.5713891367212,32.30372400003034,17654.96526400011,0.0
1774212659,10,,Aggregated,9.000000,6.500000,1000,1000,1000,1000,1100,1500,3100,6600,17000,18000,18000,1153,855,1000.0,990.4776059835192,32.30372400003034,17654.96526400011,0.0
1774212660,10,,Aggregated,8.900000,6.500000,1000,1000,1000,1000,1100,1500,3100,6600,17000,18000,18000,1161,860,1000.0,988.2109992101616,32.30372400003034,17654.96526400011,0.0
1774212661,10,,Aggregated,8.600000,6.300000,1000,1000,1000,1000,1100,1500,3100,6600,17000,18000,18000,1170,867,1000.0,987.0499732367507,32.30372400003034,17654.96526400011,0.0
1774212662,10,,Aggregated,8.900000,6.400000,1000,1000,1000,1000,1100,1500,3100,6600,17000,18000,18000,1179,873,1000.0,985.228521361322,32.30372400003034,17654.96526400011,0.0
1774212663,10,,Aggregated,8.900000,6.400000,1000,1000,1000,1000,1100,1500,3100,6600,17000,18000,18000,1188,880,1000.0,983.98341273653,32.30372400003034,17654.96526400011,0.0
1774212664,10,,Aggregated,8.900000,6.400000,1000,1000,1000,1000,1100,1500,3100,6600,17000,18000,18000,1199,887,1000.0,981.1841915946602,32.30372400003034,17654.96526400011,0.0
1774212665,10,,Aggregated,8.700000,6.300000,1000,1000,1000,1000,1100,1500,2600,6600,17000,18000,18000,1206,892,1000.0,979.8825022918714,32.30372400003034,17654.96526400011,0.0
1774212666,10,,Aggregated,9.100000,6.600000,1000,1000,1000,1000,1100,1500,2600,6600,17000,18000,18000,1216,900,1000.0,978.6991877245043,32.30372400003034,17654.96526400011,0.0
1774212667,10,,Aggregated,9.100000,6.500000,1000,1000,1000,1000,1100,1500,2600,6600,17000,18000,18000,1223,905,1000.0,977.3883355110356,32.30372400003034,17654.96526400011,0.0
1774212668,10,,Aggregated,8.900000,6.400000,1000,1000,1000,1000,1100,1500,2600,6600,17000,18000,18000,1233,912,1000.0,976.1994868645553,32.30372400003034,17654.96526400011,0.0
1774212669,10,,Aggregated,8.800000,6.400000,1000,1000,1000,1000,1100,1500,2600,6600,17000,18000,18000,1241,917,1000.0,974.1791465946783,32.30372400003034,17654.96526400011,0.0
1774212670,10,,Aggregated,8.900000,6.400000,1000,1000,1000,1000,1100,1500,2600,6600,17000,18000,18000,1251,925,1000.0,973.0291692214189,32.30372400003034,17654.96526400011,0.0
1774212671,10,,Aggregated,9.200000,6.600000,1000,1000,1000,1000,1100,1500,2600,6600,17000,18000,18000,1260,930,1000.0,970.3072662245997,32.30372400003034,17654.96526400011,0.0
1774212672,10,,Aggregated,8.800000,6.300000,1000,1000,1000,1000,1100,1500,2600,6600,17000,18000,18000,1269,937,1000.0,969.2600306524788,32.30372400003034,17654.96526400011,0.0
1774212673,10,,Aggregated,8.900000,6.400000,1000,1000,1000,1000,1100,1500,2600,6600,17000,18000,18000,1277,942,1000.0,967.3811716405597,32.30372400003034,17654.96526400011,0.0
1774212674,10,,Aggregated,8.900000,6.300000,1000,1000,1000,1000,1100,1500,2600,6600,17000,18000,18000,1288,951,1000.0,967.5168424184743,32.30372400003034,17654.96526400011,0.0
1774212675,10,,Aggregated,8.900000,6.300000,1000,1000,1000,1000,1100,1500,2600,6600,17000,18000,18000,1296,956,1000.0,965.6346008109537,32.30372400003034,17654.96526400011,0.0
1774212676,10,,Aggregated,8.700000,6.100000,1000,1000,1000,1000,1100,1500,2500,5000,17000,18000,18000,1303,961,1000.0,964.470319807364,32.30372400003034,17654.96526400011,0.0
1774212677,10,,Aggregated,8.800000,6.300000,1000,1000,1000,1000,1100,1500,2500,5000,17000,18000,18000,1313,969,1000.0,963.8739844866683,32.30372400003034,17654.96526400011,0.0
1774212678,10,,Aggregated,8.900000,6.300000,1000,1000,1000,1000,1100,1500,2500,5000,17000,18000,18000,1321,974,1000.0,962.1710735950002,32.30372400003034,17654.96526400011,0.0
1774212680,10,,Aggregated,8.700000,6.100000,1000,1000,1000,1000,1100,1500,2500,5000,17000,18000,18000,1330,981,1000.0,961.1722424646582,32.30372400003034,17654.96526400011,0.0
1774212681,10,,Aggregated,9.000000,6.400000,1000,1000,1000,1000,1100,1500,2500,5000,17000,18000,18000,1340,988,1000.0,959.5104542171605,32.30372400003034,17654.96526400011,0.0
1774212682,10,,Aggregated,8.600000,6.000000,1000,1000,1000,1000,1100,1500,2500,5000,17000,18000,18000,1350,996,1000.0,959.2846996948115,32.30372400003034,17654.96526400011,0.0
1774212683,10,,Aggregated,8.800000,6.300000,1000,1000,1000,1000,1100,1500,2400,5000,17000,18000,18000,1355,999,1000.0,958.0932244560853,32.30372400003034,17654.96526400011,0.0
1774212684,10,,Aggregated,8.800000,6.300000,1000,1000,1000,1000,1100,1500,2400,5000,17000,18000,18000,1365,1006,1000.0,956.4887486402903,32.30372400003034,17654.96526400011,0.0
1774212685,10,,Aggregated,9.000000,6.600000,1000,1000,1000,1000,1100,1500,2400,5000,17000,18000,18000,1376,1015,1000.0,955.7594395290677,32.30372400003034,17654.96526400011,0.0
1774212686,10,,Aggregated,8.600000,6.200000,1000,1000,1000,1000,1100,1500,2400,5000,17000,18000,18000,1382,1019,1000.0,954.346465264108,32.30372400003034,17654.96526400011,0.0
1774212687,10,,Aggregated,8.800000,6.400000,1000,1000,1000,1000,1100,1500,2400,5000,17000,18000,18000,1393,1027,1000.0,952.8822463015061,32.30372400003034,17654.96526400011,0.0
1774212688,10,,Aggregated,8.800000,6.400000,1000,1000,1000,1000,1100,1500,2300,4600,17000,18000,18000,1402,1033,1000.0,951.3308046019957,32.30372400003034,17654.96526400011,0.0
1774212689,10,,Aggregated,8.800000,6.400000,1000,1000,1000,1000,1100,1500,2300,4600,17000,18000,18000,1412,1040,1000.0,949.8428665899415,32.30372400003034,17654.96526400011,0.0
1774212690,10,,Aggregated,8.800000,6.400000,1000,1000,1000,1000,1100,1500,2300,4600,17000,18000,18000,1421,1046,1000.0,948.6725315650939,32.30372400003034,17654.96526400011,0.0
1774212691,10,,Aggregated,8.900000,6.400000,1000,1000,1000,1000,1100,1500,2300,4600,17000,18000,18000,1431,1053,1000.0,947.2416979741438,32.30372400003034,17654.96526400011,0.0
1774212692,10,,Aggregated,9.100000,6.500000,1000,1000,1000,1000,1100,1500,2300,4600,17000,18000,18000,1440,1059,1000.0,945.720988106944,32.30372400003034,17654.96526400011,0.0
1774212693,10,,Aggregated,9.100000,6.500000,1000,1000,1000,1000,1100,1500,2300,4600,17000,18000,18000,1448,1065,1000.0,945.1339716526238,32.30372400003034,17654.96526400011,0.0
1774212694,10,,Aggregated,8.800000,6.200000,1000,1000,1000,1000,1100,1500,2200,4600,17000,18000,18000,1458,1073,1000.0,944.3806381906718,32.30372400003034,17654.96526400011,0.0
1774212695,10,,Aggregated,9.300000,6.600000,1000,1000,1000,1000,1100,1500,2200,4600,17000,18000,18000,1468,1080,1000.0,942.968076094005,32.30372400003034,17654.96526400011,0.0
1774212696,10,,Aggregated,9.300000,6.600000,1000,1000,1000,1000,1100,1500,2200,4600,17000,18000,18000,1474,1084,1000.0,942.0082110617366,32.30372400003034,17654.96526400011,0.0
1774212697,10,,Aggregated,8.800000,6.200000,1000,1000,1000,1000,1100,1500,2200,4600,17000,18000,18000,1485,1092,1000.0,941.0246919986535,32.30372400003034,17654.96526400011,0.0
1774212698,10,,Aggregated,8.800000,6.200000,1000,1000,1000,1000,1100,1500,2200,4600,17000,18000,18000,1491,1096,1000.0,940.073270089202,32.30372400003034,17654.96526400011,0.0
1774212699,10,,Aggregated,9.300000,6.700000,1000,1000,1000,1000,1100,1500,2100,4500,17000,18000,18000,1502,1104,1000.0,939.1424369334222,32.30372400003034,17654.96526400011,0.0
1774212700,10,,Aggregated,9.300000,6.700000,1000,1000,1000,1000,1100,1500,2100,4500,17000,18000,18000,1509,1109,1000.0,938.2806364068923,32.30372400003034,17654.96526400011,0.0
1774212701,10,,Aggregated,9.000000,6.400000,1000,1000,1000,1000,1100,1500,2100,4500,17000,18000,18000,1519,1116,1000.0,937.583369990784,32.30372400003034,17654.96526400011,0.0
1774212702,10,,Aggregated,8.800000,6.300000,1000,1000,1000,1000,1100,1500,2100,4500,17000,18000,18000,1529,1123,1000.0,936.6138955618054,32.30372400003034,17654.96526400011,0.0
1774212703,10,,Aggregated,8.700000,6.300000,1000,1000,1000,1000,1100,1500,2100,4500,17000,18000,18000,1536,1128,1000.0,935.7608160996097,32.30372400003034,17654.96526400011,0.0
1774212704,10,,Aggregated,8.800000,6.200000,1000,1000,1000,1000,1100,1500,2100,4500,17000,18000,18000,1547,1136,1000.0,934.7864671978027,32.30372400003034,17654.96526400011,0.0
1774212705,10,,Aggregated,8.800000,6.200000,1000,1000,1000,1000,1100,1500,2000,4500,17000,18000,18000,1555,1142,1000.0,934.0277150173639,32.30372400003034,17654.96526400011,0.0
1774212706,10,,Aggregated,8.800000,6.300000,1000,1000,1000,1000,1100,1500,2000,4500,17000,18000,18000,1562,1147,1000.0,933.5013256632525,32.30372400003034,17654.96526400011,0.0
1774212707,10,,Aggregated,9.100000,6.500000,1000,1000,1000,1000,1100,1500,2000,4500,17000,18000,18000,1572,1155,1000.0,933.213647756362,32.30372400003034,17654.96526400011,0.0
1774212708,10,,Aggregated,8.700000,6.200000,1000,1000,1000,1000,1100,1500,2000,4500,17000,18000,18000,1582,1162,1000.0,931.9660361257903,32.30372400003034,17654.96526400011,0.0
1774212709,10,,Aggregated,8.700000,6.200000,1000,1000,1000,1000,1100,1500,2000,4500,17000,18000,18000,1589,1167,1000.0,931.1783123115167,32.30372400003034,17654.96526400011,0.0
1774212710,10,,Aggregated,8.800000,6.400000,1000,1000,1000,1000,1100,1500,2000,4500,17000,18000,18000,1600,1175,1000.0,930.0165667587504,32.30372400003034,17654.96526400011,0.0
1774212711,10,,Aggregated,8.900000,6.500000,1000,1000,1000,1000,1100,1500,1900,4500,17000,18000,18000,1610,1182,1000.0,928.8409035024845,32.30372400003034,17654.96526400011,0.0
1774212712,10,,Aggregated,8.900000,6.400000,1000,1000,1000,1000,1100,1500,1900,4500,17000,18000,18000,1619,1188,1000.0,927.5948545775167,32.30372400003034,17654.96526400011,0.0
1774212713,10,,Aggregated,9.100000,6.600000,1000,1000,1000,1000,1100,1500,1900,4500,17000,18000,18000,1627,1194,1000.0,927.1913870122922,32.30372400003034,17654.96526400011,0.0
1774212714,10,,Aggregated,9.000000,6.600000,1000,1000,1000,1000,1100,1500,1900,4500,17000,18000,18000,1636,1200,1000.0,925.9523749896083,32.30372400003034,17654.96526400011,0.0
1774212715,10,,Aggregated,8.900000,6.500000,1000,1000,1000,1000,1100,1500,1900,4500,17000,18000,18000,1646,1207,1000.0,924.8109348863914,32.30372400003034,17654.96526400011,0.0
1774212716,10,,Aggregated,9.000000,6.500000,1000,1000,1000,1000,1100,1500,1900,4500,17000,18000,18000,1655,1214,1000.0,924.4920995492446,32.30372400003034,17654.96526400011,0.0
1774212717,10,,Aggregated,9.000000,6.500000,1000,1000,1000,1000,1100,1500,1900,4500,17000,18000,18000,1664,1220,1000.0,923.2942888551677,32.30372400003034,17654.96526400011,0.0
1774212718,10,,Aggregated,9.100000,6.600000,1000,1000,1000,1000,1100,1500,1900,4500,17000,18000,18000,1671,1225,1000.0,922.8442515936558,32.30372400003034,17654.96526400011,0.0
1774212719,10,,Aggregated,9.000000,6.400000,1000,1000,1000,1000,1100,1500,1900,4500,17000,18000,18000,1683,1234,1000.0,922.10962391325,32.30372400003034,17654.96526400011,0.0
1774212720,10,,Aggregated,9.100000,6.500000,1000,1000,1000,1000,1100,1500,1900,4500,17000,18000,18000,1692,1241,1000.0,921.560149069149,32.30372400003034,17654.96526400011,0.0
1774212721,10,,Aggregated,9.100000,6.500000,1000,1000,1000,1000,1100,1500,1900,4500,17000,18000,18000,1699,1245,1000.0,920.2960139894057,32.30372400003034,17654.96526400011,0.0
1774212722,10,,Aggregated,9.000000,6.400000,1000,1000,1000,1000,1100,1500,1800,4300,17000,18000,18000,1710,1253,1000.0,919.8516267502928,32.30372400003034,17654.96526400011,0.0
1774212723,10,,Aggregated,8.900000,6.300000,1000,1000,1000,1000,1100,1500,1800,4300,17000,18000,18000,1718,1259,1000.0,919.2357658760192,32.30372400003034,17654.96526400011,0.0
1774212724,10,,Aggregated,9.100000,6.500000,1000,1000,1000,1000,1100,1500,1800,4300,17000,18000,18000,1726,1265,1000.0,918.9051962491317,32.30372400003034,17654.96526400011,0.0
1774212725,10,,Aggregated,9.000000,6.400000,1000,1000,1000,1000,1100,1500,1800,4300,17000,18000,18000,1736,1272,1000.0,918.1736948266135,32.30372400003034,17654.96526400011,0.0
1774212726,10,,Aggregated,8.800000,6.300000,1000,1000,1000,1000,1100,1500,1800,4300,17000,18000,18000,1744,1278,1000.0,917.5685072895648,32.30372400003034,17654.96526400011,0.0
1774212727,10,,Aggregated,8.800000,6.300000,1000,1000,1000,1000,1100,1500,1800,4300,17000,18000,18000,1752,1283,1000.0,916.4463631347038,32.30372400003034,17654.96526400011,0.0
1774212728,10,,Aggregated,8.800000,6.300000,1000,1000,1000,1000,1100,1500,1800,4300,17000,18000,18000,1763,1292,1000.0,916.3535273675561,32.30372400003034,17654.96526400011,0.0
1774212729,10,,Aggregated,9.000000,6.500000,1000,1000,1000,1000,1100,1500,1800,4300,17000,18000,18000,1771,1297,1000.0,915.2191329655569,32.30372400003034,17654.96526400011,0.0
1774212730,10,,Aggregated,8.900000,6.400000,1000,1000,1000,1000,1100,1500,1800,4300,17000,18000,18000,1780,1304,1000.0,914.9692435842709,32.30372400003034,17654.96526400011,0.0
1774212731,10,,Aggregated,8.700000,6.200000,1000,1000,1000,1000,1100,1500,1800,4300,17000,18000,18000,1788,1310,1000.0,914.670697950784,32.30372400003034,17654.96526400011,0.0
1774212732,10,,Aggregated,8.800000,6.400000,1000,1000,1000,1000,1100,1500,1800,4300,17000,18000,18000,1797,1316,1000.0,913.9184004507517,32.30372400003034,17654.96526400011,0.0
1774212733,10,,Aggregated,8.600000,6.200000,1000,1000,1000,1000,1100,1500,1800,4200,17000,18000,18000,1807,1323,1000.0,912.9526747908141,32.30372400003034,17654.96526400011,0.0
1774212734,10,,Aggregated,8.600000,6.200000,1000,1000,1000,1000,1100,1500,1800,4200,17000,18000,18000,1814,1328,1000.0,912.3602019696808,32.30372400003034,17654.96526400011,0.0
1774212735,10,,Aggregated,8.800000,6.300000,1000,1000,1000,1000,1100,1500,1800,4200,17000,18000,18000,1824,1335,1000.0,911.392536675439,32.30372400003034,17654.96526400011,0.0
1774212736,10,,Aggregated,8.900000,6.400000,1000,1000,1000,1000,1100,1500,1800,4200,17000,18000,18000,1834,1343,1000.0,911.0192878118869,32.30372400003034,17654.96526400011,0.0
1774212737,10,,Aggregated,8.700000,6.200000,1000,1000,1000,1000,1100,1500,1800,4200,17000,18000,18000,1840,1347,1000.0,910.3456148250011,32.30372400003034,17654.96526400011,0.0
1774212738,10,,Aggregated,8.700000,6.200000,1000,1000,1000,1000,1100,1500,1800,4200,17000,18000,18000,1850,1354,1000.0,909.6682588881096,32.30372400003034,17654.96526400011,0.0
1774212739,10,,Aggregated,8.500000,6.100000,1000,1000,1000,1000,1100,1500,1800,4200,17000,18000,18000,1860,1361,1000.0,908.7362311000016,32.30372400003034,17654.96526400011,0.0
1774212740,10,,Aggregated,8.700000,6.300000,1000,1000,1000,1000,1100,1500,1800,4200,17000,18000,18000,1868,1367,1000.0,908.2316854389741,32.30372400003034,17654.96526400011,0.0
1774212741,10,,Aggregated,8.800000,6.400000,1000,1000,1000,1000,1100,1500,1800,4200,17000,18000,18000,1876,1373,1000.0,907.7216005986159,32.30372400003034,17654.96526400011,0.0
1774212742,10,,Aggregated,8.800000,6.300000,1000,1000,1000,1000,1100,1500,1800,4200,17000,18000,18000,1884,1380,1000.0,907.7213838073266,32.30372400003034,17654.96526400011,0.0
1774212743,10,,Aggregated,8.900000,6.400000,1000,1000,1000,1000,1100,1500,1800,4200,17000,18000,18000,1894,1387,1000.0,907.0830054540671,32.30372400003034,17654.96526400011,0.0
1774212744,10,,Aggregated,8.700000,6.400000,1000,1000,1000,1000,1100,1500,1700,3700,17000,18000,18000,1901,1391,1000.0,906.2298615360352,32.30372400003034,17654.96526400011,0.0
1774212745,10,,Aggregated,8.600000,6.300000,1000,1000,1000,1000,1100,1500,1700,3700,17000,18000,18000,1911,1399,1000.0,905.8580373631631,32.30372400003034,17654.96526400011,0.0
1774212746,10,,Aggregated,8.700000,6.400000,1000,1000,1000,1000,1100,1500,1700,3700,17000,18000,18000,1922,1408,1000.0,905.5605716722188,32.30372400003034,17654.96526400011,0.0
1774212747,10,,Aggregated,8.700000,6.500000,1000,1000,1000,1000,1100,1500,1700,3700,17000,18000,18000,1927,1410,1000.0,904.3489313139619,32.30372400003034,17654.96526400011,0.0
1774212748,10,,Aggregated,8.600000,6.300000,1000,1000,1000,1000,1100,1500,1700,3700,17000,18000,18000,1937,1418,1000.0,904.0385761233894,32.30372400003034,17654.96526400011,0.0
1774212749,10,,Aggregated,8.700000,6.400000,1000,1000,1000,1000,1100,1500,1700,3700,17000,18000,18000,1947,1426,1000.0,903.7476803004646,32.30372400003034,17654.96526400011,0.0
1774212750,10,,Aggregated,8.700000,6.400000,1000,1000,1000,1000,1100,1500,1600,3700,17000,18000,18000,1956,1433,1000.0,903.3821455204517,32.30372400003034,17654.96526400011,0.0
1774212751,10,,Aggregated,8.500000,6.200000,1000,1000,1000,1000,1100,1500,1600,3700,17000,18000,18000,1962,1436,1000.0,902.2588754148844,32.30372400003034,17654.96526400011,0.0
1774212752,10,,Aggregated,8.500000,6.300000,1000,1000,1000,1000,1100,1500,1600,3700,17000,18000,18000,1973,1444,1000.0,901.4663975397884,32.30372400003034,17654.96526400011,0.0
1774212753,10,,Aggregated,8.700000,6.500000,1000,1000,1000,1000,1100,1500,1600,3700,17000,18000,18000,1983,1452,1000.0,901.3575826232993,32.30372400003034,17654.96526400011,0.0
1774212754,10,,Aggregated,8.900000,6.500000,1000,1000,1000,1000,1100,1500,1600,3700,17000,18000,18000,1991,1457,1000.0,900.6387645012571,32.30372400003034,17654.96526400011,0.0
1774212755,10,,Aggregated,8.800000,6.400000,1000,1000,1000,1000,1100,1500,1600,3500,17000,18000,18000,2002,1465,1000.0,900.1398117047962,32.30372400003034,17654.96526400011,0.0
1774212756,10,,Aggregated,8.700000,6.300000,1000,1000,1000,1000,1100,1500,1600,3500,17000,18000,18000,2009,1470,1000.0,899.8587190044807,32.30372400003034,17654.96526400011,0.0
1774212757,10,,Aggregated,8.800000,6.300000,1000,1000,1000,1000,1100,1500,1600,3500,17000,18000,18000,2018,1477,1000.0,899.7167656863239,32.30372400003034,17654.96526400011,0.0
1774212758,10,,Aggregated,9.100000,6.600000,1000,1000,1000,1000,1100,1500,1600,3500,17000,18000,18000,2026,1482,1000.0,898.7911768780855,32.30372400003034,17654.96526400011,0.0
1774212759,10,,Aggregated,8.900000,6.400000,1000,1000,1000,1000,1100,1500,1600,3500,17000,18000,18000,2036,1490,1000.0,898.4827301974459,32.30372400003034,17654.96526400011,0.0
1774212760,10,,Aggregated,8.800000,6.300000,1000,1000,1000,1000,1100,1500,1600,3500,17000,18000,18000,2043,1495,1000.0,897.9731332427801,32.30372400003034,17654.96526400011,0.0
1774212761,10,,Aggregated,9.000000,6.500000,1000,1000,1000,1000,1100,1500,1600,3500,17000,18000,18000,2052,1501,1000.0,897.5926716072121,32.30372400003034,17654.96526400011,0.0
1774212762,10,,Aggregated,8.900000,6.400000,1000,1000,1000,1000,1100,1500,1600,3500,17000,18000,18000,2061,1508,1000.0,897.2263267239204,32.30372400003034,17654.96526400011,0.0
1774212763,10,,Aggregated,8.700000,6.200000,1000,1000,1000,1000,1100,1500,1600,3500,17000,18000,18000,2071,1515,1000.0,896.5297298913566,32.30372400003034,17654.96526400011,0.0
1774212764,10,,Aggregated,8.500000,6.100000,1000,1000,1000,1000,1100,1500,1600,3500,17000,18000,18000,2080,1521,1000.0,895.9080845331732,32.30372400003034,17654.96526400011,0.0
1774212765,10,,Aggregated,8.700000,6.300000,1000,1000,1000,1000,1100,1500,1600,3500,17000,18000,18000,2087,1526,1000.0,895.4394374341158,32.30372400003034,17654.96526400011,0.0
1774212766,10,,Aggregated,8.900000,6.400000,1000,1000,1000,1000,1100,1500,1600,3500,17000,18000,18000,2099,1535,1000.0,894.8434083901859,32.30372400003034,17654.96526400011,0.0
1774212767,10,,Aggregated,8.700000,6.300000,1000,1000,1000,1000,1100,1500,1600,3500,17000,18000,18000,2108,1541,1000.0,894.0093993406076,32.30372400003034,17654.96526400011,0.0
1774212768,10,,Aggregated,8.500000,6.200000,1000,1000,1000,1000,1100,1500,1600,3500,17000,18000,18000,2116,1547,1000.0,894.0449435179592,32.30372400003034,17654.96526400011,0.0
1774212769,10,,Aggregated,8.700000,6.300000,1000,1000,1000,1000,1100,1500,1600,3500,17000,18000,18000,2123,1552,1000.0,893.8002408285454,32.30372400003034,17654.96526400011,0.0
1774212770,10,,Aggregated,8.900000,6.400000,1000,1000,1000,1000,1100,1500,1600,3500,17000,18000,18000,2133,1559,1000.0,893.0629592180034,32.30372400003034,17654.96526400011,0.0
1774212771,10,,Aggregated,8.700000,6.300000,1000,1000,1000,1000,1100,1500,1600,3500,17000,18000,18000,2142,1566,1000.0,892.9797921078435,32.30372400003034,17654.96526400011,0.0
1774212772,10,,Aggregated,8.700000,6.300000,1000,1000,1000,1000,1100,1500,1500,3500,17000,18000,18000,2152,1573,1000.0,892.5119044126398,32.30372400003034,17654.96526400011,0.0
1774212773,10,,Aggregated,8.700000,6.200000,1000,1000,1000,1000,1100,1500,1500,3500,17000,18000,18000,2158,1577,1000.0,891.9857952692313,32.30372400003034,17654.96526400011,0.0
1774212774,10,,Aggregated,9.000000,6.400000,1000,1000,1000,1000,1100,1500,1500,3500,17000,18000,18000,2168,1584,1000.0,891.4950192015682,32.30372400003034,17654.96526400011,0.0
1774212775,10,,Aggregated,8.900000,6.400000,1000,1000,1000,1000,1100,1500,1500,3500,17000,18000,18000,2179,1592,1000.0,891.0777147287753,32.30372400003034,17654.96526400011,0.0
1774212776,10,,Aggregated,8.600000,6.200000,1000,1000,1000,1000,1100,1500,1500,3500,17000,18000,18000,2186,1597,1000.0,890.6224305539804,32.30372400003034,17654.96526400011,0.0
1774212777,10,,Aggregated,8.700000,6.200000,1000,1000,1000,1000,1100,1500,1500,3500,17000,18000,18000,2196,1604,1000.0,890.150911578325,32.30372400003034,17654.96526400011,0.0
1774212778,10,,Aggregated,9.000000,6.400000,1000,1000,1000,1000,1100,1500,1500,3200,17000,18000,18000,2204,1610,1000.0,889.9781666361174,32.30372400003034,17654.96526400011,0.0
1774212779,10,,Aggregated,8.900000,6.300000,1000,1000,1000,1000,1100,1500,1500,3200,17000,18000,18000,2214,1618,1000.0,889.7074062619703,32.30372400003034,17654.96526400011,0.0
1774212780,10,,Aggregated,8.600000,6.100000,1000,1000,1000,1000,1100,1500,1500,3200,17000,18000,18000,2222,1623,1000.0,888.9155383168327,32.30372400003034,17654.96526400011,0.0
1774212781,10,,Aggregated,8.900000,6.300000,1000,1000,1000,1000,1100,1500,1500,3200,17000,18000,18000,2232,1630,1000.0,888.2874534103948,32.30372400003034,17654.96526400011,0.0
1774212782,10,,Aggregated,9.000000,6.500000,1000,1000,1000,1000,1100,1500,1500,3200,17000,18000,18000,2240,1636,1000.0,887.9518982513396,32.30372400003034,17654.96526400011,0.0
1774212783,10,,Aggregated,9.000000,6.500000,1000,1000,1000,1000,1100,1500,1500,3200,17000,18000,18000,2252,1645,1000.0,887.6288131327719,32.30372400003034,17654.96526400011,0.0
1774212784,10,,Aggregated,8.800000,6.300000,1000,1000,1000,1000,1100,1500,1500,3200,17000,18000,18000,2260,1650,1000.0,887.0417115513279,32.30372400003034,17654.96526400011,0.0
1774212786,10,,Aggregated,8.800000,6.300000,1000,1000,1000,1000,1100,1500,1500,3200,17000,18000,18000,2269,1657,1000.0,886.7615756267085,32.30372400003034,17654.96526400011,0.0
1774212787,10,,Aggregated,9.200000,6.600000,1000,1000,1000,1000,1100,1500,1500,3200,17000,18000,18000,2278,1663,1000.0,886.033632441177,32.30372400003034,17654.96526400011,0.0
1774212788,10,,Aggregated,9.100000,6.500000,1000,1000,1000,1000,1100,1500,1500,3200,17000,18000,18000,2287,1670,1000.0,885.746691407521,32.30372400003034,17654.96526400011,0.0
1774212789,10,,Aggregated,9.000000,6.500000,1000,1000,1000,1000,1100,1500,1500,3200,17000,18000,18000,2296,1676,1000.0,885.0314531045296,32.30372400003034,17654.96526400011,0.0
1774212790,10,,Aggregated,9.000000,6.500000,1000,1000,1000,1000,1100,1500,1500,3100,17000,18000,18000,2304,1681,1000.0,884.4729994418402,32.30372400003034,17654.96526400011,0.0
1774212791,10,,Aggregated,9.000000,6.500000,1000,1000,1000,1000,1100,1500,1500,3100,17000,18000,18000,2315,1689,1000.0,884.368929770194,32.30372400003034,17654.96526400011,0.0
1774212792,10,,Aggregated,8.900000,6.200000,1000,1000,1000,1000,1100,1500,1500,3100,17000,18000,18000,2325,1697,1000.0,884.1727610288171,32.30372400003034,17654.96526400011,0.0
1774212793,10,,Aggregated,9.000000,6.400000,1000,1000,1000,1000,1100,1500,1500,3100,17000,18000,18000,2331,1701,1000.0,883.7134922333765,32.30372400003034,17654.96526400011,0.0
1774212794,10,,Aggregated,9.100000,6.500000,1000,1000,1000,1000,1100,1500,1500,3100,17000,18000,18000,2341,1708,1000.0,883.2921194613414,32.30372400003034,17654.96526400011,0.0
1774212795,10,,Aggregated,9.100000,6.500000,1000,1000,1000,1000,1100,1500,1500,3100,17000,18000,18000,2350,1715,1000.0,883.0325185731913,32.30372400003034,17654.96526400011,0.0
1774212796,10,,Aggregated,8.800000,6.200000,1000,1000,1000,1000,1100,1500,1500,3100,17000,18000,18000,2359,1722,1000.0,882.9550898075452,32.30372400003034,17654.96526400011,0.0
1774212797,10,,Aggregated,9.000000,6.500000,1000,1000,1000,1000,1100,1500,1500,3100,17000,18000,18000,2366,1727,1000.0,882.585871821639,32.30372400003034,17654.96526400011,0.0
1774212798,10,,Aggregated,8.800000,6.300000,1000,1000,1000,1000,1100,1500,1500,3100,17000,18000,18000,2376,1734,1000.0,882.3450750875414,32.30372400003034,17654.96526400011,0.0
1774212799,10,,Aggregated,8.700000,6.300000,1000,1000,1000,1000,1100,1500,1500,3100,17000,18000,18000,2386,1741,1000.0,881.7343598160093,32.30372400003034,17654.96526400011,0.0
1774212800,10,,Aggregated,8.800000,6.300000,1000,1000,1000,1000,1100,1500,1500,3100,17000,18000,18000,2393,1746,1000.0,881.3712782281647,32.30372400003034,17654.96526400011,0.0
1774212801,10,,Aggregated,8.800000,6.400000,1000,1000,1000,1000,1100,1500,1500,2600,17000,18000,18000,2402,1753,1000.0,881.3029462955857,32.30372400003034,17654.96526400011,0.0
1774212802,10,,Aggregated,8.800000,6.400000,1000,1000,1000,1000,1100,1500,1500,2600,17000,18000,18000,2409,1758,1000.0,880.9300892432533,32.30372400003034,17654.96526400011,0.0
1774212803,10,,Aggregated,8.800000,6.500000,1000,1000,1000,1000,1100,1500,1500,2600,17000,18000,18000,2421,1766,1000.0,880.0860519144967,32.30372400003034,17654.96526400011,0.0
1774212804,10,,Aggregated,8.600000,6.300000,1000,1000,1000,1000,1100,1500,1500,2600,17000,18000,18000,2430,1773,1000.0,879.8368836580231,32.30372400003034,17654.96526400011,0.0
1774212805,10,,Aggregated,8.900000,6.500000,1000,1000,1000,1000,1100,1500,1500,2600,17000,18000,18000,2438,1779,1000.0,879.5252951607863,32.30372400003034,17654.96526400011,0.0
1774212806,10,,Aggregated,8.700000,6.400000,1000,1000,1000,1000,1100,1500,1500,2600,17000,18000,18000,2446,1785,1000.0,879.4019954525747,32.30372400003034,17654.96526400011,0.0
1774212807,10,,Aggregated,8.600000,6.200000,1000,1000,1000,1000,1100,1500,1500,2600,17000,18000,18000,2454,1790,1000.0,878.8909954380598,32.30372400003034,17654.96526400011,0.0
1774212808,10,,Aggregated,8.800000,6.400000,1000,1000,1000,1000,1100,1500,1500,2600,17000,18000,18000,2464,1798,1000.0,878.7303805215093,32.30372400003034,17654.96526400011,0.0
1774212809,10,,Aggregated,8.800000,6.400000,1000,1000,1000,1000,1100,1500,1500,2600,17000,18000,18000,2472,1804,1000.0,878.5652919025075,32.30372400003034,17654.96526400011,0.0
1774212810,10,,Aggregated,8.700000,6.400000,1000,1000,1000,1000,1100,1500,1500,2600,17000,18000,18000,2483,1812,1000.0,878.0570019138135,32.30372400003034,17654.96526400011,0.0
1774212811,10,,Aggregated,8.600000,6.300000,1000,1000,1000,1000,1100,1500,1500,2600,17000,18000,18000,2490,1817,1000.0,877.6854128493973,32.30372400003034,17654.96526400011,0.0
1774212812,10,,Aggregated,8.700000,6.300000,1000,1000,1000,1000,1100,1500,1500,2600,17000,18000,18000,2500,1824,1000.0,877.0965129603995,32.30372400003034,17654.96526400011,0.0
1774212813,10,,Aggregated,8.800000,6.300000,1000,1000,1000,1000,1100,1500,1500,2600,17000,18000,18000,2511,1832,1000.0,876.8135803460766,32.30372400003034,17654.96526400011,0.0
1774212814,10,,Aggregated,8.900000,6.500000,1000,1000,1000,1000,1100,1500,1500,2600,17000,18000,18000,2519,1838,1000.0,876.5319265954737,32.30372400003034,17654.96526400011,0.0
1774212815,10,,Aggregated,8.800000,6.400000,1000,1000,1000,1000,1100,1500,1500,2600,17000,18000,18000,2528,1845,1000.0,876.3112989280062,32.30372400003034,17654.96526400011,0.0
1774212816,10,,Aggregated,8.700000,6.300000,1000,1000,1000,1000,1100,1500,1500,2600,17000,18000,18000,2535,1850,1000.0,875.9419614875738,32.30372400003034,17654.96526400011,0.0
1774212817,10,,Aggregated,8.700000,6.400000,1000,1000,1000,1000,1100,1500,1500,2600,17000,18000,18000,2545,1858,1000.0,875.8176719328087,32.30372400003034,17654.96526400011,0.0
1774212818,10,,Aggregated,8.800000,6.500000,1000,1000,1000,1000,1100,1500,1500,2600,17000,18000,18000,2554,1864,1000.0,875.4421253660918,32.30372400003034,17654.96526400011,0.0
1774212819,10,,Aggregated,8.800000,6.500000,1000,1000,1000,1000,1100,1500,1500,2600,17000,18000,18000,2561,1869,1000.0,875.0977192323309,32.30372400003034,17654.96526400011,0.0
1774212820,10,,Aggregated,8.600000,6.200000,1000,1000,1000,1000,1100,1500,1500,2600,17000,18000,18000,2572,1877,1000.0,874.6126553137632,32.30372400003034,17654.96526400011,0.0
1774212821,10,,Aggregated,9.000000,6.500000,1000,1000,1000,1000,1100,1500,1500,2600,17000,18000,18000,2579,1882,1000.0,874.2790832911978,32.30372400003034,17654.96526400011,0.0
1774212822,10,,Aggregated,9.000000,6.600000,1000,1000,1000,1000,1100,1500,1500,2600,17000,18000,18000,2588,1889,1000.0,874.5994606120553,32.30372400003034,17654.96526400011,0.0
1774212823,10,,Aggregated,8.700000,6.400000,1000,1000,1000,1000,1100,1500,1500,2600,17000,18000,18000,2598,1896,1000.0,874.0691855673591,32.30372400003034,17654.96526400011,0.0
1774212824,10,,Aggregated,8.500000,6.200000,1000,1000,1000,1000,1100,1500,1500,2500,17000,18000,18000,2604,1900,1000.0,873.6753516993086,32.30372400003034,17654.96526400011,0.0
1774212825,10,,Aggregated,8.600000,6.300000,1000,1000,1000,1000,1100,1500,1500,2500,17000,18000,18000,2615,1908,1000.0,873.3900220191205,32.30372400003034,17654.96526400011,0.0
1774212826,10,,Aggregated,8.800000,6.500000,1000,1000,1000,1000,1100,1500,1500,2500,17000,18000,18000,2622,1913,1000.0,873.080130995805,32.30372400003034,17654.96526400011,0.0
1774212827,10,,Aggregated,8.700000,6.400000,1000,1000,1000,1000,1100,1500,1500,2500,17000,18000,18000,2631,1920,1000.0,873.0850407704297,32.30372400003034,17654.96526400011,0.0
1774212828,10,,Aggregated,8.700000,6.300000,1000,1000,1000,1000,1100,1500,1500,2500,17000,18000,18000,2639,1926,1000.0,873.0195840090946,32.30372400003034,17654.96526400011,0.0
1774212829,10,,Aggregated,8.600000,6.200000,1000,1000,1000,1000,1100,1500,1500,2500,17000,18000,18000,2649,1933,1000.0,872.5443286560968,32.30372400003034,17654.96526400011,0.0
1774212830,10,,Aggregated,8.800000,6.500000,1000,1000,1000,1000,1100,1500,1500,2500,17000,18000,18000,2657,1938,1000.0,871.9563243665787,32.30372400003034,17654.96526400011,0.0
1774212831,10,,Aggregated,8.500000,6.200000,1000,1000,1000,1000,1100,1500,1500,2500,17000,18000,18000,2667,1946,1000.0,871.9907989415074,32.30372400003034,17654.96526400011,0.0
1774212832,10,,Aggregated,8.500000,6.100000,1000,1000,1000,1000,1100,1500,1500,2500,17000,18000,18000,2678,1954,1000.0,871.7309973808807,32.30372400003034,17654.96526400011,0.0
1774212833,10,,Aggregated,8.700000,6.300000,1000,1000,1000,1000,1100,1500,1500,2500,17000,18000,18000,2685,1959,1000.0,871.4225975955299,32.30372400003034,17654.96526400011,0.0
1774212834,10,,Aggregated,8.900000,6.400000,1000,1000,1000,1000,1100,1500,1500,2500,17000,18000,18000,2694,1966,1000.0,871.2492155953962,32.30372400003034,17654.96526400011,0.0
1774212835,10,,Aggregated,8.700000,6.300000,1000,1000,1000,1000,1100,1500,1500,2400,17000,18000,18000,2703,1972,1000.0,870.8667884239723,32.30372400003034,17654.96526400011,0.0
1774212836,10,,Aggregated,8.800000,6.400000,1000,1000,1000,1000,1100,1500,1500,2400,17000,18000,18000,2712,1978,1000.0,870.3245211445418,32.30372400003034,17654.96526400011,0.0
1774212837,10,,Aggregated,8.900000,6.400000,1000,1000,1000,1000,1100,1500,1500,2400,17000,18000,18000,2721,1985,1000.0,870.1339196339569,32.30372400003034,17654.96526400011,0.0
1774212838,10,,Aggregated,8.800000,6.400000,1000,1000,1000,1000,1100,1500,1500,2400,17000,18000,18000,2730,1992,1000.0,869.9803646307682,32.30372400003034,17654.96526400011,0.0
1774212839,10,,Aggregated,9.000000,6.500000,1000,1000,1000,1000,1100,1500,1500,2400,17000,18000,18000,2739,1998,1000.0,869.6462631621017,32.30372400003034,17654.96526400011,0.0
1774212840,10,,Aggregated,8.900000,6.400000,1000,1000,1000,1000,1100,1500,1500,2400,17000,18000,18000,2747,2004,1000.0,869.420935930104,32.30372400003034,17654.96526400011,0.0
1774212841,10,,Aggregated,8.900000,6.400000,1000,1000,1000,1000,1100,1500,1500,2400,17000,18000,18000,2755,2010,1000.0,869.1801849473665,32.30372400003034,17654.96526400011,0.0
1774212842,10,,Aggregated,8.800000,6.500000,1000,1000,1000,1000,1100,1500,1500,2400,17000,18000,18000,2765,2017,1000.0,869.0970646549711,32.30372400003034,17654.96526400011,0.0
1774212843,10,,Aggregated,8.800000,6.400000,1000,1000,1000,1000,1100,1500,1500,2400,17000,18000,18000,2775,2025,1000.0,869.1140742724303,32.30372400003034,17654.96526400011,0.0
1774212844,10,,Aggregated,8.700000,6.400000,1000,1000,1000,1000,1100,1500,1500,2400,17000,18000,18000,2781,2028,1000.0,868.4371671085916,32.30372400003034,17654.96526400011,0.0
1774212845,10,,Aggregated,8.800000,6.400000,1000,1000,1000,1000,1100,1500,1500,2400,17000,18000,18000,2792,2037,1000.0,868.573071643264,32.30372400003034,17654.96526400011,0.0
1774212846,10,,Aggregated,8.700000,6.300000,1000,1000,1000,1000,1100,1500,1500,2300,17000,18000,18000,2802,2044,1000.0,868.1058138779421,32.30372400003034,17654.96526400011,0.0
1774212847,10,,Aggregated,8.700000,6.400000,1000,1000,1000,1000,1100,1500,1500,2300,17000,18000,18000,2809,2048,1000.0,867.4535937340668,32.30372400003034,17654.96526400011,0.0
1774212848,10,,Aggregated,8.600000,6.200000,1000,1000,1000,1000,1100,1500,1500,2300,17000,18000,18000,2819,2055,1000.0,867.3137607985076,32.30372400003034,17654.96526400011,0.0
1774212849,10,,Aggregated,8.700000,6.300000,1000,1000,1000,1000,1100,1500,1500,2300,17000,18000,18000,2829,2062,1000.0,867.0358054934579,32.30372400003034,17654.96526400011,0.0
1774212850,10,,Aggregated,8.600000,6.100000,1000,1000,1000,1000,1100,1500,1500,2300,17000,18000,18000,2836,2067,1000.0,866.774126692522,32.30372400003034,17654.96526400011,0.0
1774212851,10,,Aggregated,8.800000,6.300000,1000,1000,1000,1000,1100,1500,1500,2300,17000,18000,18000,2846,2074,1000.0,866.2975065917052,32.30372400003034,17654.96526400011,0.0
1774212852,10,,Aggregated,8.800000,6.200000,1000,1000,1000,1000,1100,1500,1500,2300,17000,18000,18000,2856,2081,1000.0,866.0201378900535,32.30372400003034,17654.96526400011,0.0
1774212853,10,,Aggregated,9.000000,6.400000,1000,1000,1000,1000,1100,1500,1500,2300,17000,18000,18000,2863,2086,1000.0,865.7503903223869,32.30372400003034,17654.96526400011,0.0
1774212854,10,,Aggregated,8.900000,6.200000,1000,1000,1000,1000,1100,1500,1500,2300,17000,18000,18000,2871,2092,1000.0,865.541728334028,32.30372400003034,17654.96526400011,0.0
1774212855,10,,Aggregated,8.800000,6.200000,1000,1000,1000,1000,1100,1500,1500,2300,17000,18000,18000,2880,2099,1000.0,865.3804255475678,32.30372400003034,17654.96526400011,0.0
1774212856,10,,Aggregated,8.900000,6.300000,1000,1000,1000,1000,1100,1500,1500,2300,17000,18000,18000,2891,2107,1000.0,864.989149601521,32.30372400003034,17654.96526400011,0.0
1774212857,10,,Aggregated,8.800000,6.200000,1000,1000,1000,1000,1100,1500,1500,2300,17000,18000,18000,2899,2112,1000.0,864.4418236829932,32.30372400003034,17654.96526400011,0.0
1774212858,10,,Aggregated,8.900000,6.300000,1000,1000,1000,1000,1100,1500,1500,2200,17000,18000,18000,2908,2119,1000.0,864.2513073211821,32.30372400003034,17654.96526400011,0.0
1774212859,10,,Aggregated,8.900000,6.300000,1000,1000,1000,1000,1100,1500,1500,2200,17000,18000,18000,2918,2126,1000.0,863.9663678060309,32.30372400003034,17654.96526400011,0.0
1774212860,10,,Aggregated,9.200000,6.600000,1000,1000,1000,1000,1100,1500,1500,2200,17000,18000,18000,2925,2131,1000.0,863.8515486639311,32.30372400003034,17654.96526400011,0.0
1774212861,10,,Aggregated,8.900000,6.400000,1000,1000,1000,1000,1100,1500,1500,2200,17000,18000,18000,2935,2138,1000.0,863.4612589189096,32.30372400003034,17654.96526400011,0.0
1774212862,10,,Aggregated,9.000000,6.400000,1000,1000,1000,1000,1100,1500,1500,2200,17000,18000,18000,2946,2146,1000.0,863.2561385692464,32.30372400003034,17654.96526400011,0.0
1774212863,10,,Aggregated,8.700000,6.200000,1000,1000,1000,1000,1100,1500,1500,2200,17000,18000,18000,2954,2151,1000.0,862.7162024712254,32.30372400003034,17654.96526400011,0.0
1774212864,10,,Aggregated,8.800000,6.300000,1000,1000,1000,1000,1100,1500,1500,2200,17000,18000,18000,2962,2157,1000.0,862.6720886904117,32.30372400003034,17654.96526400011,0.0
1774212865,10,,Aggregated,9.100000,6.500000,1000,1000,1000,1000,1100,1500,1500,2200,17000,18000,18000,2970,2163,1000.0,862.4644628141414,32.30372400003034,17654.96526400011,0.0
1774212866,10,,Aggregated,8.800000,6.200000,1000,1000,1000,1000,1100,1500,1500,2200,17000,18000,18000,2980,2170,1000.0,862.0434555201344,32.30372400003034,17654.96526400011,0.0
1774212867,10,,Aggregated,9.000000,6.400000,1000,1000,1000,1000,1100,1500,1500,2200,17000,18000,18000,2989,2177,1000.0,861.9269808732022,32.30372400003034,17654.96526400011,0.0
1774212868,10,,Aggregated,8.800000,6.200000,1000,1000,1000,1000,1100,1500,1500,2200,17000,18000,18000,2998,2183,1000.0,861.4614030830558,32.30372400003034,17654.96526400011,0.0
1774212869,10,,Aggregated,8.800000,6.300000,1000,1000,1000,1000,1100,1500,1500,2100,17000,18000,18000,3008,2190,1000.0,861.0498097081119,32.30372400003034,17654.96526400011,0.0
1774212870,10,,Aggregated,8.600000,6.200000,1000,1000,1000,1000,1100,1500,1500,2100,17000,18000,18000,3019,2198,1000.0,860.6966554276254,32.30372400003034,17654.96526400011,0.0
1774212871,10,,Aggregated,8.900000,6.400000,1000,1000,1000,1000,1100,1500,1500,2100,17000,18000,18000,3027,2204,1000.0,860.6671962946817,32.30372400003034,17654.96526400011,0.0
1774212873,10,,Aggregated,8.900000,6.300000,1000,1000,1000,1000,1100,1500,1500,2100,17000,18000,18000,3036,2210,1000.0,860.0647081333998,32.30372400003034,17654.96526400011,0.0
1774212874,10,,Aggregated,9.100000,6.500000,1000,1000,1000,1000,1100,1500,1500,2100,17000,18000,18000,3044,2216,1000.0,859.8564005818008,32.30372400003034,17654.96526400011,0.0
1774212875,10,,Aggregated,9.100000,6.600000,1000,1000,1000,1000,1100,1500,1500,2100,17000,18000,18000,3054,2223,1000.0,859.6054229387694,32.30372400003034,17654.96526400011,0.0
1774212876,10,,Aggregated,8.900000,6.400000,1000,1000,1000,1000,1100,1500,1500,2100,17000,18000,18000,3063,2230,1000.0,859.4799214789427,32.30372400003034,17654.96526400011,0.0
1774212877,10,,Aggregated,9.000000,6.500000,1000,1000,1000,1000,1100,1500,1500,2100,17000,18000,18000,3069,2234,1000.0,859.1658043141092,32.30372400003034,17654.96526400011,0.0
1774212878,10,,Aggregated,9.000000,6.400000,1000,1000,1000,1000,1100,1500,1500,2100,17000,18000,18000,3080,2242,1000.0,859.1485004389617,32.30372400003034,17654.96526400011,0.0
1774212879,10,,Aggregated,8.800000,6.300000,1000,1000,1000,1000,1100,1500,1500,2100,17000,18000,18000,3090,2249,1000.0,858.9000487012953,32.30372400003034,17654.96526400011,0.0
1774212880,10,,Aggregated,8.800000,6.300000,1000,1000,1000,1000,1100,1500,1500,2100,17000,18000,18000,3098,2254,1000.0,858.4029488263402,32.30372400003034,17654.96526400011,0.0
1774212881,10,,Aggregated,9.100000,6.500000,1000,1000,1000,1000,1100,1500,1500,2000,17000,18000,18000,3108,2262,1000.0,858.47197993179,32.30372400003034,17654.96526400011,0.0
1774212882,10,,Aggregated,8.900000,6.400000,1000,1000,1000,1000,1100,1500,1500,2000,17000,18000,18000,3118,2269,1000.0,858.0955943511879,32.30372400003034,17654.96526400011,0.0
1774212883,10,,Aggregated,8.900000,6.400000,1000,1000,1000,1000,1100,1500,1500,2000,17000,18000,18000,3125,2274,1000.0,857.7152585155213,32.30372400003034,17654.96526400011,0.0
1774212884,10,,Aggregated,8.900000,6.400000,1000,1000,1000,1000,1100,1500,1500,2000,17000,18000,18000,3135,2281,1000.0,857.3298727792675,32.30372400003034,17654.96526400011,0.0
1774212885,10,,Aggregated,8.800000,6.300000,1000,1000,1000,1000,1100,1500,1500,2000,17000,18000,18000,3145,2288,1000.0,856.9681409058833,32.30372400003034,17654.96526400011,0.0
1774212886,10,,Aggregated,9.100000,6.500000,1000,1000,1000,1000,1100,1500,1500,2000,17000,18000,18000,3152,2293,1000.0,856.7275832223994,32.30372400003034,17654.96526400011,0.0
1774212887,10,,Aggregated,8.900000,6.400000,1000,1000,1000,1000,1100,1500,1500,2000,17000,18000,18000,3161,2300,1000.0,856.7462665276818,32.30372400003034,17654.96526400011,0.0
1774212888,10,,Aggregated,8.700000,6.200000,1000,1000,1000,1000,1100,1500,1500,2000,17000,18000,18000,3172,2308,1000.0,856.5566221374528,32.30372400003034,17654.96526400011,0.0
1774212889,10,,Aggregated,9.100000,6.500000,1000,1000,1000,1000,1100,1500,1500,2000,17000,18000,18000,3179,2312,1000.0,856.0110601802455,32.30372400003034,17654.96526400011,0.0
1774212890,10,,Aggregated,9.100000,6.500000,1000,1000,1000,1000,1100,1500,1500,2000,17000,18000,18000,3188,2319,1000.0,856.3370886659351,32.30372400003034,17654.96526400011,0.0
1774212891,10,,Aggregated,9.100000,6.500000,1000,1000,1000,1000,1100,1500,1500,2000,17000,18000,18000,3197,2326,1000.0,856.359724066938,32.30372400003034,17654.96526400011,0.0
1774212892,10,,Aggregated,8.700000,6.300000,1000,1000,1000,1000,1100,1500,1500,1900,17000,18000,18000,3205,2331,1000.0,855.8776153460219,32.30372400003034,17654.96526400011,0.0
1774212893,10,,Aggregated,8.700000,6.300000,1000,1000,1000,1000,1100,1500,1500,1900,17000,18000,18000,3213,2337,1000.0,855.7179294310615,32.30372400003034,17654.96526400011,0.0
1774212894,10,,Aggregated,8.900000,6.400000,1000,1000,1000,1000,1100,1500,1500,1900,17000,18000,18000,3223,2344,1000.0,855.3539125802048,31.511322000369546,17654.96526400011,0.0
1774212895,10,,Aggregated,8.900000,6.400000,1000,1000,1000,1000,1100,1500,1500,1900,17000,18000,18000,3234,2352,1000.0,855.338872308906,31.511322000369546,17654.96526400011,0.0
1774212896,10,,Aggregated,8.800000,6.300000,1000,1000,1000,1000,1100,1500,1500,1900,17000,18000,18000,3240,2355,1000.0,854.7620169722229,31.511322000369546,17654.96526400011,0.0
1774212897,10,,Aggregated,8.800000,6.300000,1000,1000,1000,1000,1100,1500,1500,1900,17000,18000,18000,3249,2362,1000.0,854.6766523228691,31.511322000369546,17654.96526400011,0.0
1774212898,10,,Aggregated,8.800000,6.200000,1000,1000,1000,1000,1100,1500,1500,1900,17000,18000,18000,3261,2371,1000.0,854.4104675958301,29.1266290000749,17654.96526400011,0.0
1774212899,10,,Aggregated,8.800000,6.300000,1000,1000,1000,1000,1100,1500,1500,1900,17000,18000,18000,3269,2377,1000.0,854.2381989779752,29.1266290000749,17654.96526400011,0.0
1774212900,10,,Aggregated,8.900000,6.300000,1000,1000,1000,1000,1100,1500,1500,1900,17000,18000,18000,3277,2382,1000.0,853.9395635227345,29.1266290000749,17654.96526400011,0.0
1774212901,10,,Aggregated,9.000000,6.400000,1000,1000,1000,1000,1100,1500,1500,1900,17000,18000,18000,3287,2389,1000.0,853.7140285591728,29.1266290000749,17654.96526400011,0.0
1774212902,10,,Aggregated,8.900000,6.300000,1000,1000,1000,1000,1100,1500,1500,1900,17000,18000,18000,3298,2397,1000.0,853.5490429793817,29.1266290000749,17654.96526400011,0.0
1774212903,10,,Aggregated,8.900000,6.300000,1000,1000,1000,1000,1100,1500,1500,1900,17000,18000,18000,3303,2399,1000.0,853.0750677980627,29.1266290000749,17654.96526400011,0.0
1774212904,10,,Aggregated,8.800000,6.200000,1000,1000,1000,1000,1100,1500,1500,1900,17000,18000,18000,3315,2408,1000.0,853.2788106244343,29.1266290000749,17654.96526400011,0.0
1774212905,10,,Aggregated,8.800000,6.200000,1000,1000,1000,1000,1100,1500,1500,1900,17000,18000,18000,3324,2415,1000.0,853.1918032256315,29.1266290000749,17654.96526400011,0.0
1774212906,10,,Aggregated,8.800000,6.200000,1000,1000,1000,1000,1100,1500,1500,1900,17000,18000,18000,3333,2422,1000.0,853.0819712871281,29.1266290000749,17654.96526400011,0.0
1774212907,10,,Aggregated,8.900000,6.200000,1000,1000,1000,1000,1100,1500,1500,1900,17000,18000,18000,3340,2426,1000.0,852.5860068772453,29.1266290000749,17654.96526400011,0.0
1774212908,10,,Aggregated,8.900000,6.300000,1000,1000,1000,1000,1100,1500,1500,1900,17000,18000,18000,3351,2434,1000.0,852.2961442649952,29.1266290000749,17654.96526400011,0.0
1774212909,10,,Aggregated,9.000000,6.300000,1000,1000,1000,1000,1100,1500,1500,1900,17000,18000,18000,3360,2441,1000.0,852.1781797491067,29.1266290000749,17654.96526400011,0.0
1774212910,10,,Aggregated,8.700000,6.200000,1000,1000,1000,1000,1100,1500,1500,1900,17000,18000,18000,3368,2447,1000.0,852.016915397268,29.1266290000749,17654.96526400011,0.0
1774212911,10,,Aggregated,8.900000,6.300000,1000,1000,1000,1000,1100,1500,1500,1900,17000,18000,18000,3377,2453,1000.0,851.7498559686105,29.1266290000749,17654.96526400011,0.0
1774212912,10,,Aggregated,9.000000,6.400000,1000,1000,1000,1000,1100,1500,1500,1900,17000,18000,18000,3386,2459,1000.0,851.3399392117535,29.1266290000749,17654.96526400011,0.0
1774212913,10,,Aggregated,8.600000,6.000000,1000,1000,1000,1000,1100,1500,1500,1900,17000,18000,18000,3396,2466,1000.0,851.0075289555351,29.1266290000749,17654.96526400011,0.0
1774212914,10,,Aggregated,9.100000,6.500000,1000,1000,1000,1000,1100,1500,1500,1800,17000,18000,18000,3404,2472,1000.0,850.8417377135714,29.1266290000749,17654.96526400011,0.0
1774212915,10,,Aggregated,9.000000,6.300000,1000,1000,1000,1000,1100,1500,1500,1800,17000,18000,18000,3414,2480,1000.0,850.824477160222,29.1266290000749,17654.96526400011,0.0
1774212916,10,,Aggregated,9.000000,6.400000,1000,1000,1000,1000,1100,1500,1500,1800,17000,18000,18000,3423,2486,1000.0,850.4173828334788,29.1266290000749,17654.96526400011,0.0
1774212917,10,,Aggregated,8.900000,6.400000,1000,1000,1000,1000,1100,1500,1500,1800,17000,18000,18000,3432,2492,1000.0,850.0137211442302,29.1266290000749,17654.96526400011,0.0
1774212918,10,,Aggregated,9.100000,6.500000,1000,1000,1000,1000,1100,1500,1500,1800,17000,18000,18000,3441,2499,1000.0,849.9131008587614,29.1266290000749,17654.96526400011,0.0
1774212919,10,,Aggregated,9.100000,6.500000,1000,1000,1000,1000,1100,1500,1500,1800,17000,18000,18000,3450,2505,1000.0,849.6778813176804,29.1266290000749,17654.96526400011,0.0
1774212920,10,,Aggregated,9.000000,6.400000,1000,1000,1000,1000,1100,1500,1500,1800,17000,18000,18000,3459,2511,1000.0,849.3051618568946,29.1266290000749,17654.96526400011,0.0
1774212921,10,,Aggregated,8.700000,6.200000,1000,1000,1000,1000,1100,1500,1500,1800,17000,18000,18000,3466,2517,1000.0,849.3933629027692,29.1266290000749,17654.96526400011,0.0
1774212922,10,,Aggregated,9.000000,6.400000,1000,1000,1000,1000,1100,1500,1500,1800,17000,18000,18000,3478,2526,1000.0,849.3149401454848,29.1266290000749,17654.96526400011,0.0
1774212923,10,,Aggregated,9.000000,6.500000,1000,1000,1000,1000,1100,1500,1500,1800,17000,18000,18000,3486,2532,1000.0,849.1788407928846,29.1266290000749,17654.96526400011,0.0
1774212924,10,,Aggregated,8.800000,6.400000,1000,1000,1000,1000,1100,1500,1500,1800,17000,18000,18000,3493,2537,1000.0,849.1200858027473,29.1266290000749,17654.96526400011,0.0
1774212925,10,,Aggregated,8.800000,6.400000,1000,1000,1000,1000,1100,1500,1500,1800,17000,18000,18000,3502,2544,1000.0,849.0113909703016,29.1266290000749,17654.96526400011,0.0
1774212926,10,,Aggregated,8.700000,6.300000,1000,1000,1000,1000,1100,1500,1500,1800,17000,18000,18000,3512,2551,1000.0,848.8216084353634,29.1266290000749,17654.96526400011,0.0
1774212927,10,,Aggregated,8.900000,6.500000,1000,1000,1000,1000,1100,1500,1500,1800,17000,18000,18000,3521,2557,1000.0,848.460491786139,29.1266290000749,17654.96526400011,0.0
1774212928,10,,Aggregated,8.600000,6.300000,1000,1000,1000,1000,1100,1500,1500,1800,17000,18000,18000,3528,2562,1000.0,848.2865913381509,29.1266290000749,17654.96526400011,0.0
1774212929,10,,Aggregated,8.600000,6.300000,1000,1000,1000,1000,1100,1500,1500,1800,17000,18000,18000,3538,2570,1000.0,848.4022574378167,29.1266290000749,17654.96526400011,0.0
1774212930,10,,Aggregated,8.700000,6.400000,1000,1000,1000,1000,1100,1500,1500,1800,17000,18000,18000,3548,2577,1000.0,848.0607629670221,29.1266290000749,17654.96526400011,0.0
1774212931,10,,Aggregated,8.700000,6.400000,1000,1000,1000,1000,1100,1500,1500,1800,17000,18000,18000,3555,2582,1000.0,848.0143585170167,29.1266290000749,17654.96526400011,0.0
1774212932,10,,Aggregated,8.600000,6.300000,1000,1000,1000,1000,1100,1500,1500,1800,17000,18000,18000,3564,2589,1000.0,847.9289760224451,29.1266290000749,17654.96526400011,0.0
1774212933,10,,Aggregated,8.600000,6.300000,1000,1000,1000,1000,1100,1500,1500,1800,17000,18000,18000,3573,2595,1000.0,847.7148555944567,29.1266290000749,17654.96526400011,0.0
1774212934,10,,Aggregated,8.600000,6.300000,1000,1000,1000,1000,1100,1500,1500,1800,17000,18000,18000,3581,2601,1000.0,847.5711448405459,29.1266290000749,17654.96526400011,0.0
1774212935,10,,Aggregated,8.700000,6.400000,1000,1000,1000,1000,1100,1500,1500,1800,17000,18000,18000,3590,2607,1000.0,847.352229964344,29.1266290000749,17654.96526400011,0.0
1774212936,10,,Aggregated,8.800000,6.500000,1000,1000,1000,1000,1100,1500,1500,1800,17000,18000,18000,3601,2615,1000.0,847.2386880755332,29.1266290000749,17654.96526400011,0.0
1774212937,10,,Aggregated,8.500000,6.100000,1000,1000,1000,1000,1100,1500,1500,1800,17000,18000,18000,3607,2619,1000.0,847.1467552068187,29.1266290000749,17654.96526400011,0.0
1774212938,10,,Aggregated,8.800000,6.300000,1000,1000,1000,1000,1100,1500,1500,1800,17000,18000,18000,3619,2628,1000.0,846.9497244401755,29.1266290000749,17654.96526400011,0.0
1774212939,10,,Aggregated,8.600000,6.200000,1000,1000,1000,1000,1100,1500,1500,1800,17000,18000,18000,3627,2634,1000.0,846.9463351728685,29.1266290000749,17654.96526400011,0.0
1774212940,10,,Aggregated,8.500000,6.100000,1000,1000,1000,1000,1100,1500,1500,1800,17000,18000,18000,3634,2639,1000.0,846.7593803271861,29.1266290000749,17654.96526400011,0.0
1774212941,10,,Aggregated,8.900000,6.400000,1000,1000,1000,1000,1100,1500,1500,1800,17000,18000,18000,3644,2646,1000.0,846.4743306797459,29.1266290000749,17654.96526400011,0.0
1774212942,10,,Aggregated,8.900000,6.400000,1000,1000,1000,1000,1100,1500,1500,1800,17000,18000,18000,3653,2653,1000.0,846.5397389214331,29.1266290000749,17654.96526400011,0.0
1774212943,10,,Aggregated,8.900000,6.400000,1000,1000,1000,1000,1100,1500,1500,1800,17000,18000,18000,3661,2658,1000.0,846.146946625784,29.1266290000749,17654.96526400011,0.0
1774212944,10,,Aggregated,8.800000,6.300000,1000,1000,1000,1000,1100,1500,1500,1800,17000,18000,18000,3670,2664,1000.0,845.937253419072,29.1266290000749,17654.96526400011,0.0
1774212945,10,,Aggregated,8.800000,6.300000,1000,1000,1000,1000,1100,1500,1500,1800,17000,18000,18000,3679,2671,1000.0,845.8619504207652,29.1266290000749,17654.96526400011,0.0
1774212946,10,,Aggregated,8.600000,6.100000,1000,1000,1000,1000,1100,1500,1500,1800,17000,18000,18000,3688,2678,1000.0,845.9162979728834,29.1266290000749,17654.96526400011,0.0
1774212947,10,,Aggregated,8.700000,6.200000,1000,1000,1000,1000,1100,1500,1500,1800,17000,18000,18000,3698,2685,1000.0,845.639354043806,29.1266290000749,17654.96526400011,0.0
1774212948,10,,Aggregated,8.800000,6.400000,1000,1000,1000,1000,1100,1500,1500,1800,17000,18000,18000,3705,2689,1000.0,845.3193675260443,29.1266290000749,17654.96526400011,0.0
1774212949,10,,Aggregated,8.800000,6.400000,1000,1000,1000,1000,1100,1500,1500,1800,17000,18000,18000,3715,2697,1000.0,845.4284730869432,29.1266290000749,17654.96526400011,0.0
1774212951,10,,Aggregated,8.900000,6.400000,1000,1000,1000,1000,1100,1500,1500,1800,17000,18000,18000,3725,2704,1000.0,845.1204956367769,29.1266290000749,17654.96526400011,0.0
1774212952,10,,Aggregated,8.700000,6.200000,1000,1000,1000,1000,1100,1500,1500,1800,17000,18000,18000,3734,2710,1000.0,844.7972061818408,29.1266290000749,17654.96526400011,0.0
1774212953,10,,Aggregated,8.600000,6.200000,1000,1000,1000,1000,1100,1500,1500,1800,17000,18000,18000,3741,2715,1000.0,844.6271937310864,29.1266290000749,17654.96526400011,0.0
1774212954,10,,Aggregated,8.800000,6.300000,1000,1000,1000,1000,1100,1500,1500,1800,17000,18000,18000,3752,2724,1000.0,844.6539064216402,29.1266290000749,17654.96526400011,0.0
1774212955,10,,Aggregated,9.000000,6.400000,1000,1000,1000,1000,1100,1500,1500,1800,17000,18000,18000,3761,2730,1000.0,844.3261722095172,29.1266290000749,17654.96526400011,0.0
1774212956,10,,Aggregated,9.000000,6.500000,1000,1000,1000,1000,1100,1500,1500,1800,17000,18000,18000,3771,2737,1000.0,844.1613285070257,29.1266290000749,17654.96526400011,0.0
1774212957,10,,Aggregated,9.100000,6.600000,1000,1000,1000,1000,1100,1500,1500,1800,17000,18000,18000,3779,2743,1000.0,844.0524503254812,29.1266290000749,17654.96526400011,0.0
1774212958,10,,Aggregated,9.000000,6.400000,1000,1000,1000,1000,1100,1500,1500,1800,17000,18000,18000,3788,2749,1000.0,843.724569761614,29.1266290000749,17654.96526400011,0.0
1774212959,10,,Aggregated,9.000000,6.400000,1000,1000,1000,1000,1100,1500,1500,1800,17000,18000,18000,3797,2756,1000.0,843.7838207511178,29.1266290000749,17654.96526400011,0.0
1774212960,10,,Aggregated,8.800000,6.300000,1000,1000,1000,1000,1100,1500,1500,1700,17000,18000,18000,3808,2764,1000.0,843.5574520312485,29.1266290000749,17654.96526400011,0.0
1774212961,10,,Aggregated,9.100000,6.600000,1000,1000,1000,1000,1100,1500,1500,1700,17000,18000,18000,3814,2768,1000.0,843.3331870954365,29.1266290000749,17654.96526400011,0.0
1774212962,10,,Aggregated,9.000000,6.500000,1000,1000,1000,1000,1100,1500,1500,1700,17000,18000,18000,3823,2775,1000.0,843.4501262398626,29.1266290000749,17654.96526400011,0.0
1774212963,10,,Aggregated,8.800000,6.300000,1000,1000,1000,1000,1100,1500,1500,1700,17000,18000,18000,3832,2782,1000.0,843.5416515062615,29.1266290000749,17654.96526400011,0.0
1774212964,10,,Aggregated,8.700000,6.400000,1000,1000,1000,1000,1100,1500,1500,1700,17000,18000,18000,3842,2789,1000.0,843.378332282143,29.1266290000749,17654.96526400011,0.0
1774212965,10,,Aggregated,9.000000,6.600000,1000,1000,1000,1000,1100,1500,1500,1700,17000,18000,18000,3851,2795,1000.0,843.0539332417537,29.1266290000749,17654.96526400011,0.0
1774212966,10,,Aggregated,8.800000,6.400000,1000,1000,1000,1000,1100,1500,1500,1700,17000,18000,18000,3860,2801,1000.0,842.8620406471488,29.1266290000749,17654.96526400011,0.0
1774212967,10,,Aggregated,8.700000,6.300000,1000,1000,1000,1000,1100,1500,1500,1700,17000,18000,18000,3868,2807,1000.0,842.8628168040315,29.1266290000749,17654.96526400011,0.0
1774212968,10,,Aggregated,8.800000,6.400000,1000,1000,1000,1000,1100,1500,1500,1700,17000,18000,18000,3877,2814,1000.0,842.9264065803443,29.1266290000749,17654.96526400011,0.0
1774212969,10,,Aggregated,8.800000,6.400000,1000,1000,1000,1000,1100,1500,1500,1700,17000,18000,18000,3885,2819,1000.0,842.5553568458157,29.1266290000749,17654.96526400011,0.0
1774212970,10,,Aggregated,8.900000,6.400000,1000,1000,1000,1000,1100,1500,1500,1700,17000,18000,18000,3894,2826,1000.0,842.4962154476103,29.1266290000749,17654.96526400011,0.0
1774212971,10,,Aggregated,8.700000,6.200000,1000,1000,1000,1000,1100,1500,1500,1600,17000,18000,18000,3905,2834,1000.0,842.3933239815607,29.1266290000749,17654.96526400011,0.0
1774212972,10,,Aggregated,8.800000,6.300000,1000,1000,1000,1000,1100,1500,1500,1600,17000,18000,18000,3914,2840,1000.0,842.0576994223285,29.1266290000749,17654.96526400011,0.0
1774212973,10,,Aggregated,9.000000,6.500000,1000,1000,1000,1000,1100,1500,1500,1600,17000,18000,18000,3919,2843,1000.0,841.9040858152574,29.1266290000749,17654.96526400011,0.0
1774212974,10,,Aggregated,8.800000,6.200000,1000,1000,1000,1000,1100,1500,1500,1600,17000,18000,18000,3931,2852,1000.0,842.0122635833103,29.1266290000749,17654.96526400011,0.0
1774212975,10,,Aggregated,8.700000,6.200000,1000,1000,1000,1000,1100,1500,1500,1600,17000,18000,18000,3940,2859,1000.0,842.1937858614192,29.1266290000749,17654.96526400011,0.0
1774212976,10,,Aggregated,8.800000,6.200000,1000,1000,1000,1000,1100,1500,1500,1600,17000,18000,18000,3949,2866,1000.0,842.1221323963005,29.1266290000749,17654.96526400011,0.0
1774212977,10,,Aggregated,8.700000,6.200000,1000,1000,1000,1000,1100,1500,1500,1600,17000,18000,18000,3955,2870,1000.0,841.9206623757248,29.1266290000749,17654.96526400011,0.0
1774212978,10,,Aggregated,8.500000,6.100000,1000,1000,1000,1000,1100,1500,1500,1600,17000,18000,18000,3967,2879,1000.0,841.7423884471873,29.1266290000749,17654.96526400011,0.0
1774212979,10,,Aggregated,8.800000,6.400000,1000,1000,1000,1000,1100,1500,1500,1600,17000,18000,18000,3975,2885,1000.0,841.6319474314446,29.1266290000749,17654.96526400011,0.0
1774212980,10,,Aggregated,8.800000,6.400000,1000,1000,1000,1000,1100,1500,1500,1600,17000,18000,18000,3984,2891,1000.0,841.3053870745464,29.1266290000749,17654.96526400011,0.0
1774212981,10,,Aggregated,8.500000,6.200000,1000,1000,1000,1000,1100,1500,1500,1600,17000,18000,18000,3993,2897,1000.0,840.9928413147994,29.1266290000749,17654.96526400011,0.0
1774212982,10,,Aggregated,8.700000,6.300000,1000,1000,1000,1000,1100,1500,1500,1600,17000,18000,18000,4001,2903,1000.0,840.8736726423382,29.1266290000749,17654.96526400011,0.0
1774212983,10,,Aggregated,8.600000,6.300000,1000,1000,1000,1000,1100,1500,1500,1600,17000,18000,18000,4011,2910,1000.0,840.8370433490387,29.1266290000749,17654.96526400011,0.0
1774212984,10,,Aggregated,8.900000,6.500000,1000,1000,1000,1000,1100,1500,1500,1600,17000,18000,18000,4020,2917,1000.0,840.8952389912919,29.1266290000749,17654.96526400011,0.0
1774212985,10,,Aggregated,8.700000,6.300000,1000,1000,1000,1000,1100,1500,1500,1600,17000,18000,18000,4026,2921,1000.0,840.6911510039724,29.1266290000749,17654.96526400011,0.0
1774212986,10,,Aggregated,8.600000,6.200000,1000,1000,1000,1000,1100,1500,1500,1600,17000,18000,18000,4036,2928,1000.0,840.4246698292849,29.1266290000749,17654.96526400011,0.0
1774212987,10,,Aggregated,8.800000,6.400000,1000,1000,1000,1000,1100,1500,1500,1600,17000,18000,18000,4045,2935,1000.0,840.3782618529033,29.1266290000749,17654.96526400011,0.0
1774212988,10,,Aggregated,8.900000,6.500000,1000,1000,1000,1000,1100,1500,1500,1600,17000,18000,18000,4054,2942,1000.0,840.3266259701514,29.1266290000749,17654.96526400011,0.0
1774212989,10,,Aggregated,8.500000,6.000000,1000,1000,1000,1000,1100,1500,1500,1600,17000,18000,18000,4062,2947,1000.0,840.1031458156066,29.1266290000749,17654.96526400011,0.0
1774212990,10,,Aggregated,8.600000,6.200000,1000,1000,1000,1000,1100,1500,1500,1600,17000,18000,18000,4072,2955,1000.0,840.1191007406667,29.1266290000749,17654.96526400011,0.0
1774212991,10,,Aggregated,8.800000,6.400000,1000,1000,1000,1000,1100,1500,1500,1600,17000,18000,18000,4082,2961,1000.0,839.620955561243,29.1266290000749,17654.96526400011,0.0
1774212992,10,,Aggregated,8.700000,6.300000,1000,1000,1000,1000,1100,1500,1500,1600,17000,18000,18000,4091,2968,1000.0,839.6797745736969,29.1266290000749,17654.96526400011,0.0
1774212993,10,,Aggregated,8.600000,6.100000,1000,1000,1000,1000,1100,1500,1500,1600,17000,18000,18000,4098,2973,1000.0,839.5467917435319,29.1266290000749,17654.96526400011,0.0
1774212994,10,,Aggregated,8.700000,6.200000,1000,1000,1000,1000,1100,1500,1500,1600,17000,18000,18000,4110,2981,1000.0,839.1538720143533,29.1266290000749,17654.96526400011,0.0
1774212995,10,,Aggregated,8.900000,6.400000,1000,1000,1000,1000,1100,1500,1500,1600,17000,18000,18000,4117,2986,1000.0,838.9976141729394,29.1266290000749,17654.96526400011,0.0
1774212996,10,,Aggregated,9.000000,6.500000,1000,1000,1000,1000,1100,1500,1500,1600,17000,18000,18000,4129,2995,1000.0,838.9625726686825,29.1266290000749,17654.96526400011,0.0
1774212997,10,,Aggregated,8.800000,6.300000,1000,1000,1000,1000,1100,1500,1500,1600,17000,18000,18000,4137,3001,1000.0,838.8629987418394,29.1266290000749,17654.96526400011,0.0
1774212998,10,,Aggregated,8.900000,6.300000,1000,1000,1000,1000,1100,1500,1500,1600,17000,18000,18000,4144,3006,1000.0,838.7098581616773,29.1266290000749,17654.96526400011,0.0
1774212999,10,,Aggregated,9.100000,6.500000,1000,1000,1000,1000,1100,1500,1500,1600,17000,18000,18000,4153,3012,1000.0,838.5238387211631,29.1266290000749,17654.96526400011,0.0
1774213000,10,,Aggregated,9.100000,6.500000,1000,1000,1000,1000,1100,1500,1500,1600,17000,18000,18000,4163,3020,1000.0,838.7513512231541,29.1266290000749,17654.96526400011,0.0
1774213001,10,,Aggregated,9.100000,6.500000,1000,1000,1000,1000,1100,1500,1500,1600,17000,18000,18000,4173,3027,1000.0,838.5383906784066,29.1266290000749,17654.96526400011,0.0
1774213002,10,,Aggregated,8.800000,6.300000,1000,1000,1000,1000,1100,1500,1500,1600,17000,18000,18000,4179,3031,1000.0,838.3443335766913,29.1266290000749,17654.96526400011,0.0
1774213003,10,,Aggregated,9.000000,6.500000,1000,1000,1000,1000,1100,1500,1500,1600,17000,18000,18000,4190,3040,1000.0,838.4892160336499,29.1266290000749,17654.96526400011,0.0
1774213004,10,,Aggregated,9.000000,6.600000,1000,1000,1000,1000,1100,1500,1500,1600,17000,18000,18000,4199,3046,1000.0,838.1988851255044,29.1266290000749,17654.96526400011,0.0
1774213005,10,,Aggregated,8.700000,6.300000,1000,1000,1000,1000,1100,1500,1500,1600,17000,18000,18000,4207,3052,1000.0,838.116605283098,29.1266290000749,17654.96526400011,0.0
1774213006,10,,Aggregated,8.700000,6.300000,1000,1000,1000,1000,1100,1500,1500,1600,17000,18000,18000,4215,3057,1000.0,837.888659357531,29.1266290000749,17654.96526400011,0.0
1774213007,10,,Aggregated,8.900000,6.500000,1000,1000,1000,1000,1100,1500,1500,1600,17000,18000,18000,4225,3065,1000.0,837.9825972437853,29.1266290000749,17654.96526400011,0.0
1774213008,10,,Aggregated,8.800000,6.500000,1000,1000,1000,1000,1100,1500,1500,1600,17000,18000,18000,4234,3072,1000.0,837.932908372223,29.1266290000749,17654.96526400011,0.0
1774213009,10,,Aggregated,8.700000,6.400000,1000,1000,1000,1000,1100,1500,1500,1600,17000,18000,18000,4243,3079,1000.0,837.872032408907,29.1266290000749,17654.96526400011,0.0
1774213010,10,,Aggregated,8.500000,6.200000,1000,1000,1000,1000,1100,1500,1500,1600,17000,18000,18000,4249,3083,1000.0,837.6920304052699,29.1266290000749,17654.96526400011,0.0
1774213011,10,,Aggregated,8.600000,6.300000,1000,1000,1000,1000,1100,1500,1500,1600,17000,18000,18000,4258,3090,1000.0,837.7632580875977,29.1266290000749,17654.96526400011,0.0
1774213012,10,,Aggregated,9.000000,6.700000,1000,1000,1000,1000,1100,1500,1500,1600,17000,18000,18000,4269,3098,1000.0,837.584182445067,29.1266290000749,17654.96526400011,0.0
1774213013,10,,Aggregated,8.500000,6.300000,1000,1000,1000,1000,1100,1500,1500,1600,17000,18000,18000,4277,3103,1000.0,837.2863990002317,29.1266290000749,17654.96526400011,0.0
1774213014,10,,Aggregated,8.400000,6.100000,1000,1000,1000,1000,1100,1500,1500,1600,17000,18000,18000,4285,3108,1000.0,837.188421642705,29.1266290000749,17654.96526400011,0.0
1774213015,10,,Aggregated,9.000000,6.600000,1000,1000,1000,1000,1100,1500,1500,1600,17000,18000,18000,4296,3117,1000.0,837.3507667227633,29.1266290000749,17654.96526400011,0.0
1774213016,10,,Aggregated,8.700000,6.300000,1000,1000,1000,1000,1100,1500,1500,1500,17000,18000,18000,4304,3122,1000.0,837.0210188176096,29.1266290000749,17654.96526400011,0.0
1774213017,10,,Aggregated,8.500000,6.100000,1000,1000,1000,1000,1100,1500,1500,1500,17000,18000,18000,4311,3127,1000.0,836.9929868552522,29.1266290000749,17654.96526400011,0.0
1774213018,10,,Aggregated,8.700000,6.300000,1000,1000,1000,1000,1100,1500,1500,1500,17000,18000,18000,4322,3135,1000.0,836.8225164807942,29.1266290000749,17654.96526400011,0.0
1774213020,10,,Aggregated,8.800000,6.400000,1000,1000,1000,1000,1100,1500,1500,1500,17000,18000,18000,4331,3141,1000.0,836.5489332045701,29.1266290000749,17654.96526400011,0.0
1774213021,10,,Aggregated,8.600000,6.200000,1000,1000,1000,1000,1100,1500,1500,1500,17000,18000,18000,4339,3147,1000.0,836.6893533284151,29.1266290000749,17654.96526400011,0.0
1774213022,10,,Aggregated,8.600000,6.000000,1000,1000,1000,1000,1100,1500,1500,1500,17000,18000,18000,4348,3154,1000.0,836.6581017654075,29.1266290000749,17654.96526400011,0.0
1774213023,10,,Aggregated,8.600000,6.000000,1000,1000,1000,1000,1100,1500,1500,1500,17000,18000,18000,4357,3161,1000.0,836.8097970220315,29.1266290000749,17654.96526400011,0.0
1774213024,10,,Aggregated,8.800000,6.300000,1000,1000,1000,1000,1100,1500,1500,1500,17000,18000,18000,4366,3167,1000.0,836.4452980856599,29.1266290000749,17654.96526400011,0.0
1774213025,10,,Aggregated,8.600000,6.200000,1000,1000,1000,1000,1100,1500,1500,1500,17000,18000,18000,4374,3172,1000.0,836.2418315957915,29.1266290000749,17654.96526400011,0.0
1774213026,10,,Aggregated,8.600000,6.200000,1000,1000,1000,1000,1100,1500,1500,1500,17000,18000,18000,4383,3180,1000.0,836.4062663283123,29.1266290000749,17654.96526400011,0.0
1774213027,10,,Aggregated,8.800000,6.400000,1000,1000,1000,1000,1100,1500,1500,1500,17000,18000,18000,4392,3186,1000.0,836.3545155922117,29.1266290000749,17654.96526400011,0.0
1774213028,10,,Aggregated,8.700000,6.300000,1000,1000,1000,1000,1100,1500,1500,1500,17000,18000,18000,4399,3190,1000.0,836.1081881368476,29.1266290000749,17654.96526400011,0.0
1774213029,10,,Aggregated,8.700000,6.300000,1000,1000,1000,1000,1100,1500,1500,1500,17000,18000,18000,4409,3198,1000.0,836.2096008289845,29.1266290000749,17654.96526400011,0.0
1774213030,10,,Aggregated,8.500000,6.100000,1000,1000,1000,1000,1100,1500,1500,1500,17000,18000,18000,4419,3205,1000.0,835.9796334783872,29.1266290000749,17654.96526400011,0.0
1774213031,10,,Aggregated,8.700000,6.300000,1000,1000,1000,1000,1100,1500,1500,1500,17000,18000,18000,4428,3211,1000.0,835.7059333163942,29.1266290000749,17654.96526400011,0.0
1774213032,10,,Aggregated,8.700000,6.300000,1000,1000,1000,1000,1100,1500,1500,1500,17000,18000,18000,4435,3216,1000.0,835.5770579875973,29.1266290000749,17654.96526400011,0.0
1774213033,10,,Aggregated,8.600000,6.100000,1000,1000,1000,1000,1100,1500,1500,1500,17000,18000,18000,4448,3225,1000.0,835.3847302088566,29.1266290000749,17654.96526400011,0.0
1774213034,10,,Aggregated,8.800000,6.300000,1000,1000,1000,1000,1100,1500,1500,1500,17000,18000,18000,4456,3231,1000.0,835.29057357069,29.1266290000749,17654.96526400011,0.0
1774213035,10,,Aggregated,8.900000,6.300000,1000,1000,1000,1000,1100,1500,1500,1500,17000,18000,18000,4464,3237,1000.0,835.2624512569431,29.1266290000749,17654.96526400011,0.0
1774213036,10,,Aggregated,8.900000,6.300000,1000,1000,1000,1000,1100,1500,1500,1500,17000,18000,18000,4472,3243,1000.0,835.1830352461972,29.1266290000749,17654.96526400011,0.0
1774213037,10,,Aggregated,8.700000,6.200000,1000,1000,1000,1000,1100,1500,1500,1500,17000,18000,18000,4483,3251,1000.0,834.9990919899604,29.1266290000749,17654.96526400011,0.0
1774213038,10,,Aggregated,8.900000,6.300000,1000,1000,1000,1000,1100,1500,1500,1500,17000,18000,18000,4490,3256,1000.0,834.9891884238293,29.1266290000749,17654.96526400011,0.0
1774213039,10,,Aggregated,8.900000,6.400000,1000,1000,1000,1000,1100,1500,1500,1500,17000,18000,18000,4500,3262,1000.0,834.5460083588878,29.1266290000749,17654.96526400011,0.0
1774213040,10,,Aggregated,9.000000,6.500000,1000,1000,1000,1000,1100,1500,1500,1500,17000,18000,18000,4509,3269,1000.0,834.537881860722,29.1266290000749,17654.96526400011,0.0
1774213041,10,,Aggregated,8.900000,6.300000,1000,1000,1000,1000,1100,1500,1500,1500,17000,18000,18000,4518,3275,1000.0,834.3783194457715,29.1266290000749,17654.96526400011,0.0
1774213042,10,,Aggregated,8.800000,6.200000,1000,1000,1000,1000,1100,1500,1500,1500,17000,18000,18000,4529,3283,1000.0,834.2071701903278,29.1266290000749,17654.96526400011,0.0
1774213043,10,,Aggregated,9.100000,6.600000,1000,1000,1000,1000,1100,1500,1500,1500,17000,18000,18000,4535,3286,1000.0,833.822350040131,29.1266290000749,17654.96526400011,0.0
1774213044,10,,Aggregated,8.800000,6.200000,1000,1000,1000,1000,1100,1500,1500,1500,17000,18000,18000,4547,3295,1000.0,833.9047624174167,29.1266290000749,17654.96526400011,0.0
1774213045,10,,Aggregated,8.800000,6.200000,1000,1000,1000,1000,1100,1500,1500,1500,17000,18000,18000,4555,3301,1000.0,833.8112254537858,29.1266290000749,17654.96526400011,0.0
1774213046,10,,Aggregated,9.100000,6.400000,1000,1000,1000,1000,1100,1500,1500,1500,17000,18000,18000,4565,3308,1000.0,833.5030790468775,29.1266290000749,17654.96526400011,0.0
1774213047,10,,Aggregated,9.200000,6.500000,1000,1000,1000,1000,1100,1500,1500,1500,17000,18000,18000,4572,3312,1000.0,833.1650939068232,29.1266290000749,17654.96526400011,0.0
1774213048,10,,Aggregated,8.800000,6.100000,1000,1000,1000,1000,1100,1500,1500,1500,17000,18000,18000,4582,3320,1000.0,833.3808872112606,29.1266290000749,17654.96526400011,0.0
1774213049,10,,Aggregated,9.200000,6.400000,1000,1000,1000,1000,1100,1500,1500,1500,17000,18000,18000,4592,3327,1000.0,833.1686535293984,29.1266290000749,17654.96526400011,0.0
1774213050,10,,Aggregated,9.100000,6.300000,1000,1000,1000,1000,1100,1500,1500,1500,17000,18000,18000,4598,3331,1000.0,832.9935679293166,29.1266290000749,17654.96526400011,0.0
1774213051,10,,Aggregated,8.800000,6.100000,1000,1000,1000,1000,1100,1500,1500,1500,17000,18000,18000,4608,3339,1000.0,832.9944531343311,29.1266290000749,17654.96526400011,0.0
1774213052,10,,Aggregated,8.900000,6.300000,1000,1000,1000,1000,1100,1500,1500,1500,17000,18000,18000,4618,3346,1000.0,832.9007197009524,29.1266290000749,17654.96526400011,0.0
1774213053,10,,Aggregated,8.900000,6.300000,1000,1000,1000,1000,1100,1500,1500,1500,17000,18000,18000,4629,3354,1000.0,832.7293449956792,29.1266290000749,17654.96526400011,0.0
1774213054,10,,Aggregated,8.800000,6.300000,1000,1000,1000,1000,1100,1500,1500,1500,17000,18000,18000,4635,3357,1000.0,832.3426253454152,29.1266290000749,17654.96526400011,0.0
1774213055,10,,Aggregated,8.700000,6.200000,1000,1000,1000,1000,1100,1500,1500,1500,17000,18000,18000,4646,3365,1000.0,832.1789901715455,29.1266290000749,17654.96526400011,0.0
1774213056,10,,Aggregated,8.900000,6.400000,1000,1000,1000,1000,1100,1500,1500,1500,17000,18000,18000,4656,3373,1000.0,832.3017373700603,29.1266290000749,17654.96526400011,0.0
1774213057,10,,Aggregated,9.000000,6.400000,1000,1000,1000,1000,1100,1500,1500,1500,17000,18000,18000,4664,3378,1000.0,832.0152565898375,29.1266290000749,17654.96526400011,0.0
1774213058,10,,Aggregated,8.900000,6.300000,1000,1000,1000,1000,1100,1500,1500,1500,17000,18000,18000,4671,3383,1000.0,831.9000887298231,29.1266290000749,17654.96526400011,0.0
1774213059,10,,Aggregated,8.700000,6.200000,1000,1000,1000,1000,1100,1500,1500,1500,17000,18000,18000,4680,3389,1000.0,831.6521317651716,29.1266290000749,17654.96526400011,0.0
1774213060,10,,Aggregated,9.100000,6.500000,1000,1000,1000,1000,1100,1500,1500,1500,17000,18000,18000,4690,3396,1000.0,831.661949277826,29.1266290000749,17654.96526400011,0.0
1774213061,10,,Aggregated,9.000000,6.500000,1000,1000,1000,1000,1100,1500,1500,1500,17000,18000,18000,4701,3405,1000.0,831.712443254202,29.1266290000749,17654.96526400011,0.0
1774213062,10,,Aggregated,8.800000,6.200000,1000,1000,1000,1000,1100,1500,1500,1500,17000,18000,18000,4710,3411,1000.0,831.4771092989388,29.1266290000749,17654.96526400011,0.0
1774213063,10,,Aggregated,8.700000,6.100000,1000,1000,1000,1000,1100,1500,1500,1500,17000,18000,18000,4717,3416,1000.0,831.3477006949336,29.1266290000749,17654.96526400011,0.0
1774213064,10,,Aggregated,9.100000,6.400000,1000,1000,1000,1000,1100,1500,1500,1500,17000,18000,18000,4727,3423,1000.0,831.1597317076375,29.1266290000749,17654.96526400011,0.0
1774213065,10,,Aggregated,9.100000,6.400000,1000,1000,1000,1000,1100,1500,1500,1500,17000,18000,18000,4738,3431,1000.0,831.0152819765732,29.1266290000749,17654.96526400011,0.0
1774213066,10,,Aggregated,9.000000,6.400000,1000,1000,1000,1000,1100,1500,1500,1500,17000,18000,18000,4747,3437,1000.0,830.7692928731839,29.1266290000749,17654.96526400011,0.0
1774213067,10,,Aggregated,8.800000,6.200000,1000,1000,1000,1000,1100,1500,1500,1500,17000,18000,18000,4755,3443,1000.0,830.7961056147221,29.1266290000749,17654.96526400011,0.0
1774213068,10,,Aggregated,9.100000,6.500000,1000,1000,1000,1000,1100,1500,1500,1500,17000,18000,18000,4764,3450,1000.0,830.8608134013443,29.1266290000749,17654.96526400011,0.0
1774213069,10,,Aggregated,9.000000,6.400000,1000,1000,1000,1000,1100,1500,1500,1500,17000,18000,18000,4772,3455,1000.0,830.5833992699087,29.1266290000749,17654.96526400011,0.0
1774213070,10,,Aggregated,8.900000,6.300000,1000,1000,1000,1000,1100,1500,1500,1500,17000,18000,18000,4781,3462,1000.0,830.658092005021,29.1266290000749,17654.96526400011,0.0
1774213071,10,,Aggregated,9.100000,6.500000,1000,1000,1000,1000,1100,1500,1500,1500,17000,18000,18000,4790,3468,1000.0,830.4196196496878,29.1266290000749,17654.96526400011,0.0
1774213072,10,,Aggregated,9.200000,6.700000,1000,1000,1000,1000,1100,1500,1500,1500,17000,18000,18000,4800,3476,1000.0,830.5305074020843,29.1266290000749,17654.96526400011,0.0
1774213073,10,,Aggregated,9.200000,6.600000,1000,1000,1000,1000,1100,1500,1500,1500,17000,18000,18000,4808,3481,1000.0,830.2535274116067,29.1266290000749,17654.96526400011,0.0
1774213074,10,,Aggregated,9.000000,6.500000,1000,1000,1000,1000,1100,1500,1500,1500,17000,18000,18000,4815,3486,1000.0,830.2394586818286,29.1266290000749,17654.96526400011,0.0
1774213075,10,,Aggregated,9.000000,6.500000,1000,1000,1000,1000,1100,1500,1500,1500,17000,18000,18000,4826,3494,1000.0,830.2920573503943,29.1266290000749,17654.96526400011,0.0
1774213076,10,,Aggregated,8.700000,6.200000,1000,1000,1000,1000,1100,1500,1500,1500,17000,18000,18000,4836,3501,1000.0,830.1993096569487,29.1266290000749,17654.96526400011,0.0
1774213077,10,,Aggregated,8.700000,6.300000,1000,1000,1000,1000,1100,1500,1500,1500,17000,18000,18000,4844,3506,1000.0,829.9195496145754,29.1266290000749,17654.96526400011,0.0
1774213078,10,,Aggregated,8.600000,6.200000,1000,1000,1000,1000,1100,1500,1500,1500,17000,18000,18000,4853,3512,1000.0,829.686770330106,29.1266290000749,17654.96526400011,0.0
1774213079,10,,Aggregated,8.900000,6.400000,1000,1000,1000,1000,1100,1500,1500,1500,17000,18000,18000,4864,3520,1000.0,829.5421029773858,29.1266290000749,17654.96526400011,0.0
1774213080,10,,Aggregated,8.700000,6.200000,1000,1000,1000,1000,1100,1500,1500,1500,17000,18000,18000,4873,3526,1000.0,829.3102785485336,29.1266290000749,17654.96526400011,0.0
1774213081,10,,Aggregated,8.800000,6.200000,1000,1000,1000,1000,1100,1500,1500,1500,17000,18000,18000,4882,3533,1000.0,829.295230438141,29.1266290000749,17654.96526400011,0.0
1774213082,10,,Aggregated,8.900000,6.200000,1000,1000,1000,1000,1100,1500,1500,1500,17000,18000,18000,4891,3539,1000.0,829.0665173917407,29.1266290000749,17654.96526400011,0.0
1774213083,10,,Aggregated,9.000000,6.300000,1000,1000,1000,1000,1100,1500,1500,1500,17000,18000,18000,4901,3547,1000.0,829.0786701301784,29.1266290000749,17654.96526400011,0.0
1774213085,10,,Aggregated,9.000000,6.300000,1000,1000,1000,1000,1100,1500,1500,1500,17000,18000,18000,4910,3553,1000.0,828.8731570723022,29.1266290000749,17654.96526400011,0.0
1774213086,10,,Aggregated,9.200000,6.500000,1000,1000,1000,1000,1100,1500,1500,1500,17000,18000,18000,4917,3558,1000.0,828.7722577380524,29.1266290000749,17654.96526400011,0.0
1774213087,10,,Aggregated,9.200000,6.500000,1000,1000,1000,1000,1100,1500,1500,1500,17000,18000,18000,4926,3565,1000.0,828.7415424291523,29.1266290000749,17654.96526400011,0.0
1774213088,10,,Aggregated,9.300000,6.500000,1000,1000,1000,1000,1100,1500,1500,1500,17000,18000,18000,4936,3573,1000.0,828.7702189440852,29.1266290000749,17654.96526400011,0.0
1774213089,10,,Aggregated,8.900000,6.300000,1000,1000,1000,1000,1100,1500,1500,1500,17000,18000,18000,4944,3578,1000.0,828.4976114805831,29.1266290000749,17654.96526400011,0.0
1774213090,10,,Aggregated,8.900000,6.300000,1000,1000,1000,1000,1100,1500,1500,1500,17000,18000,18000,4952,3584,1000.0,828.4306067806956,29.1266290000749,17654.96526400011,0.0
1774213091,10,,Aggregated,9.100000,6.600000,1000,1000,1000,1000,1100,1500,1500,1500,17000,18000,18000,4961,3591,1000.0,828.408828252974,29.1266290000749,17654.96526400011,0.0
1774213092,10,,Aggregated,8.700000,6.300000,1000,1000,1000,1000,1100,1500,1500,1500,17000,18000,18000,4972,3599,1000.0,828.2713318769119,29.1266290000749,17654.96526400011,0.0
1774213093,10,,Aggregated,8.700000,6.400000,1000,1000,1000,1000,1100,1500,1500,1500,17000,18000,18000,4981,3605,1000.0,828.0529834145767,29.1266290000749,17654.96526400011,0.0
1774213094,10,,Aggregated,8.700000,6.400000,1000,1000,1000,1000,1100,1500,1500,1500,17000,18000,18000,4989,3611,1000.0,827.9982959176202,29.1266290000749,17654.96526400011,0.0
1774213095,10,,Aggregated,8.800000,6.500000,1000,1000,1000,1000,1100,1500,1500,1500,17000,18000,18000,4999,3618,1000.0,827.8321054152846,29.1266290000749,17654.96526400011,0.0
1774213096,10,,Aggregated,8.800000,6.500000,1000,1000,1000,1000,1100,1500,1500,1500,17000,18000,18000,5007,3624,1000.0,827.8512786488932,29.1266290000749,17654.96526400011,0.0
1774213097,10,,Aggregated,8.800000,6.500000,1000,1000,1000,1000,1100,1500,1500,1500,17000,18000,18000,5016,3631,1000.0,827.9123739481673,29.1266290000749,17654.96526400011,0.0
1774213098,10,,Aggregated,9.100000,6.700000,1000,1000,1000,1000,1100,1500,1500,1500,17000,18000,18000,5025,3637,1000.0,827.7177684384093,29.1266290000749,17654.96526400011,0.0
1774213099,10,,Aggregated,8.800000,6.400000,1000,1000,1000,1000,1100,1500,1500,1500,17000,18000,18000,5035,3645,1000.0,827.8234462540233,29.1266290000749,17654.96526400011,0.0
1774213100,10,,Aggregated,8.800000,6.400000,1000,1000,1000,1000,1100,1500,1500,1500,17000,18000,18000,5040,3648,1000.0,827.6430681452396,29.1266290000749,17654.96526400011,0.0
1774213101,10,,Aggregated,9.000000,6.600000,1000,1000,1000,1000,1100,1500,1500,1500,17000,18000,18000,5052,3657,1000.0,827.6519824655595,29.1266290000749,17654.96526400011,0.0
