Method,Name,Error,Occurrences
FANOUT,K75,Exception('timeout_or_slo_miss: completed=45/75 errors=30 elapsed_ms=1013.5'),2
FANOUT,K75,Exception('timeout_or_slo_miss: completed=41/75 errors=34 elapsed_ms=1013.6'),1
FANOUT,K75,Exception('timeout_or_slo_miss: completed=53/75 errors=22 elapsed_ms=1008.9'),1
FANOUT,K75,Exception('timeout_or_slo_miss: completed=47/75 errors=27 elapsed_ms=1506.2'),1
FANOUT,K75,Exception('timeout_or_slo_miss: completed=45/75 errors=30 elapsed_ms=1022.6'),1
FANOUT,K75,Exception('timeout_or_slo_miss: completed=40/75 errors=35 elapsed_ms=1028.0'),1
FANOUT,K75,Exception('timeout_or_slo_miss: completed=50/75 errors=25 elapsed_ms=1018.9'),1
FANOUT,K75,Exception('timeout_or_slo_miss: completed=53/75 errors=22 elapsed_ms=1003.5'),5
FANOUT,K75,Exception('timeout_or_slo_miss: completed=48/75 errors=27 elapsed_ms=1009.7'),2
FANOUT,K75,Exception('timeout_or_slo_miss: completed=44/75 errors=31 elapsed_ms=1017.2'),1
FANOUT,K75,Exception('timeout_or_slo_miss: completed=44/75 errors=31 elapsed_ms=1016.3'),2
FANOUT,K75,Exception('timeout_or_slo_miss: completed=53/75 errors=22 elapsed_ms=1002.3'),9
FANOUT,K75,Exception('timeout_or_slo_miss: completed=52/75 errors=23 elapsed_ms=1375.4'),1
FANOUT,K75,Exception('timeout_or_slo_miss: completed=43/75 errors=32 elapsed_ms=1015.3'),2
FANOUT,K75,Exception('timeout_or_slo_miss: completed=49/75 errors=26 elapsed_ms=1013.7'),3
FANOUT,K75,Exception('timeout_or_slo_miss: completed=44/75 errors=31 elapsed_ms=1015.7'),1
FANOUT,K75,Exception('timeout_or_slo_miss: completed=48/75 errors=27 elapsed_ms=1530.2'),1
FANOUT,K75,Exception('timeout_or_slo_miss: completed=45/75 errors=30 elapsed_ms=1012.3'),3
FANOUT,K75,Exception('timeout_or_slo_miss: completed=47/75 errors=28 elapsed_ms=1012.5'),3
FANOUT,K75,Exception('timeout_or_slo_miss: completed=43/75 errors=32 elapsed_ms=1018.8'),1
FANOUT,K75,Exception('timeout_or_slo_miss: completed=49/75 errors=26 elapsed_ms=1007.5'),7
FANOUT,K75,Exception('timeout_or_slo_miss: completed=45/75 errors=30 elapsed_ms=1021.3'),1
FANOUT,K75,Exception('timeout_or_slo_miss: completed=44/75 errors=31 elapsed_ms=1009.0'),1
FANOUT,K75,Exception('timeout_or_slo_miss: completed=48/75 errors=27 elapsed_ms=1007.7'),2
FANOUT,K75,Exception('timeout_or_slo_miss: completed=45/75 errors=30 elapsed_ms=1013.7'),3
FANOUT,K75,Exception('timeout_or_slo_miss: completed=50/75 errors=25 elapsed_ms=1006.6'),5
FANOUT,K75,Exception('timeout_or_slo_miss: completed=44/75 errors=31 elapsed_ms=1012.2'),1
FANOUT,K75,Exception('timeout_or_slo_miss: completed=51/75 errors=24 elapsed_ms=1012.1'),2
FANOUT,K75,Exception('timeout_or_slo_miss: completed=46/75 errors=29 elapsed_ms=1029.5'),1
FANOUT,K75,Exception('timeout_or_slo_miss: completed=52/75 errors=23 elapsed_ms=1012.0'),2
FANOUT,K75,Exception('timeout_or_slo_miss: completed=51/75 errors=24 elapsed_ms=1005.6'),5
FANOUT,K75,Exception('timeout_or_slo_miss: completed=48/75 errors=27 elapsed_ms=1262.7'),1
FANOUT,K75,Exception('timeout_or_slo_miss: completed=48/75 errors=27 elapsed_ms=1015.9'),2
FANOUT,K75,Exception('timeout_or_slo_miss: completed=44/75 errors=31 elapsed_ms=1011.2'),2
FANOUT,K75,Exception('timeout_or_slo_miss: completed=48/75 errors=27 elapsed_ms=1005.4'),1
FANOUT,K75,Exception('timeout_or_slo_miss: completed=47/75 errors=28 elapsed_ms=1012.6'),3
FANOUT,K75,Exception('timeout_or_slo_miss: completed=48/75 errors=27 elapsed_ms=1004.3'),1
FANOUT,K75,Exception('timeout_or_slo_miss: completed=47/75 errors=28 elapsed_ms=1587.7'),1
FANOUT,K75,Exception('timeout_or_slo_miss: completed=46/75 errors=29 elapsed_ms=1009.5'),2
FANOUT,K75,Exception('timeout_or_slo_miss: completed=49/75 errors=26 elapsed_ms=1005.7'),1
FANOUT,K75,Exception('timeout_or_slo_miss: completed=41/75 errors=34 elapsed_ms=1031.1'),1
FANOUT,K75,Exception('subread_error: completed=52/75 errors=23'),1
FANOUT,K75,Exception('timeout_or_slo_miss: completed=53/75 errors=22 elapsed_ms=1004.1'),1
FANOUT,K75,Exception('timeout_or_slo_miss: completed=49/75 errors=26 elapsed_ms=1006.4'),4
FANOUT,K75,Exception('timeout_or_slo_miss: completed=44/75 errors=31 elapsed_ms=1025.9'),1
FANOUT,K75,Exception('timeout_or_slo_miss: completed=51/75 errors=24 elapsed_ms=1010.0'),5
FANOUT,K75,Exception('timeout_or_slo_miss: completed=44/75 errors=31 elapsed_ms=1020.7'),2
FANOUT,K75,Exception('timeout_or_slo_miss: completed=47/75 errors=28 elapsed_ms=1014.4'),3
FANOUT,K75,Exception('timeout_or_slo_miss: completed=43/75 errors=32 elapsed_ms=1012.2'),2
FANOUT,K75,Exception('timeout_or_slo_miss: completed=48/75 errors=27 elapsed_ms=1010.8'),4
FANOUT,K75,Exception('timeout_or_slo_miss: completed=50/75 errors=25 elapsed_ms=1012.9'),2
FANOUT,K75,Exception('timeout_or_slo_miss: completed=54/75 errors=21 elapsed_ms=1001.3'),3
FANOUT,K75,Exception('timeout_or_slo_miss: completed=43/75 errors=32 elapsed_ms=1021.3'),1
FANOUT,K75,Exception('timeout_or_slo_miss: completed=43/75 errors=32 elapsed_ms=1019.4'),1
FANOUT,K75,Exception('timeout_or_slo_miss: completed=50/75 errors=25 elapsed_ms=1015.2'),1
FANOUT,K75,Exception('timeout_or_slo_miss: completed=52/75 errors=23 elapsed_ms=1004.8'),6
FANOUT,K75,Exception('timeout_or_slo_miss: completed=37/75 errors=38 elapsed_ms=1032.1'),1
FANOUT,K75,Exception('timeout_or_slo_miss: completed=52/75 errors=23 elapsed_ms=1014.1'),1
FANOUT,K75,Exception('timeout_or_slo_miss: completed=47/75 errors=28 elapsed_ms=2158.0'),1
FANOUT,K75,Exception('timeout_or_slo_miss: completed=43/75 errors=32 elapsed_ms=1014.4'),4
FANOUT,K75,Exception('timeout_or_slo_miss: completed=49/75 errors=26 elapsed_ms=1019.1'),2
FANOUT,K75,Exception('timeout_or_slo_miss: completed=50/75 errors=25 elapsed_ms=1011.9'),4
FANOUT,K75,Exception('timeout_or_slo_miss: completed=49/75 errors=26 elapsed_ms=1015.2'),2
FANOUT,K75,Exception('timeout_or_slo_miss: completed=54/75 errors=21 elapsed_ms=1001.9'),8
FANOUT,K75,Exception('timeout_or_slo_miss: completed=48/75 errors=27 elapsed_ms=1009.4'),4
FANOUT,K75,Exception('timeout_or_slo_miss: completed=52/75 errors=23 elapsed_ms=1012.4'),2
FANOUT,K75,Exception('timeout_or_slo_miss: completed=48/75 errors=27 elapsed_ms=1011.9'),7
FANOUT,K75,Exception('timeout_or_slo_miss: completed=45/75 errors=30 elapsed_ms=1012.0'),2
FANOUT,K75,Exception('timeout_or_slo_miss: completed=48/75 errors=27 elapsed_ms=1010.3'),3
FANOUT,K75,Exception('timeout_or_slo_miss: completed=43/75 errors=16 elapsed_ms=5516.1'),1
FANOUT,K75,Exception('timeout_or_slo_miss: completed=46/75 errors=29 elapsed_ms=1018.1'),1
FANOUT,K75,Exception('timeout_or_slo_miss: completed=49/75 errors=26 elapsed_ms=1014.3'),2
FANOUT,K75,Exception('timeout_or_slo_miss: completed=49/75 errors=26 elapsed_ms=1006.9'),6
FANOUT,K75,Exception('timeout_or_slo_miss: completed=43/75 errors=32 elapsed_ms=1011.9'),2
FANOUT,K75,Exception('timeout_or_slo_miss: completed=54/75 errors=21 elapsed_ms=1003.7'),1
FANOUT,K75,Exception('timeout_or_slo_miss: completed=45/75 errors=30 elapsed_ms=1011.9'),3
FANOUT,K75,Exception('timeout_or_slo_miss: completed=50/75 errors=25 elapsed_ms=1007.5'),4
FANOUT,K75,Exception('timeout_or_slo_miss: completed=44/75 errors=31 elapsed_ms=1014.9'),4
FANOUT,K75,Exception('timeout_or_slo_miss: completed=47/75 errors=28 elapsed_ms=1008.5'),2
FANOUT,K75,Exception('timeout_or_slo_miss: completed=50/75 errors=25 elapsed_ms=1012.6'),2
FANOUT,K75,Exception('timeout_or_slo_miss: completed=51/75 errors=24 elapsed_ms=1012.8'),2
FANOUT,K75,Exception('timeout_or_slo_miss: completed=45/75 errors=30 elapsed_ms=1020.2'),2
FANOUT,K75,Exception('timeout_or_slo_miss: completed=46/75 errors=29 elapsed_ms=1017.6'),2
FANOUT,K75,Exception('timeout_or_slo_miss: completed=51/75 errors=24 elapsed_ms=1007.6'),6
FANOUT,K75,Exception('timeout_or_slo_miss: completed=51/75 errors=24 elapsed_ms=1006.0'),4
FANOUT,K75,Exception('timeout_or_slo_miss: completed=50/75 errors=25 elapsed_ms=1002.1'),1
FANOUT,K75,Exception('timeout_or_slo_miss: completed=46/75 errors=29 elapsed_ms=1020.3'),2
FANOUT,K75,Exception('timeout_or_slo_miss: completed=44/75 errors=31 elapsed_ms=1019.9'),2
FANOUT,K75,Exception('timeout_or_slo_miss: completed=52/75 errors=23 elapsed_ms=1006.1'),2
FANOUT,K75,Exception('timeout_or_slo_miss: completed=46/75 errors=29 elapsed_ms=1043.4'),1
FANOUT,K75,Exception('timeout_or_slo_miss: completed=50/75 errors=25 elapsed_ms=1004.1'),1
FANOUT,K75,Exception('timeout_or_slo_miss: completed=51/75 errors=24 elapsed_ms=1002.8'),2
FANOUT,K75,Exception('timeout_or_slo_miss: completed=45/75 errors=30 elapsed_ms=1017.6'),2
FANOUT,K75,Exception('timeout_or_slo_miss: completed=50/75 errors=25 elapsed_ms=1034.7'),1
FANOUT,K75,Exception('timeout_or_slo_miss: completed=51/75 errors=24 elapsed_ms=1031.4'),1
FANOUT,K75,Exception('timeout_or_slo_miss: completed=51/75 errors=24 elapsed_ms=1002.4'),3
FANOUT,K75,Exception('timeout_or_slo_miss: completed=48/75 errors=27 elapsed_ms=1018.2'),2
FANOUT,K75,Exception('timeout_or_slo_miss: completed=54/75 errors=21 elapsed_ms=1007.7'),2
FANOUT,K75,Exception('timeout_or_slo_miss: completed=54/75 errors=21 elapsed_ms=1004.2'),2
FANOUT,K75,Exception('timeout_or_slo_miss: completed=51/75 errors=24 elapsed_ms=1009.7'),2
FANOUT,K75,Exception('timeout_or_slo_miss: completed=51/75 errors=24 elapsed_ms=1003.0'),1
FANOUT,K75,Exception('timeout_or_slo_miss: completed=52/75 errors=23 elapsed_ms=1008.2'),1
FANOUT,K75,Exception('timeout_or_slo_miss: completed=47/75 errors=28 elapsed_ms=1008.2'),3
FANOUT,K75,Exception('timeout_or_slo_miss: completed=45/75 errors=30 elapsed_ms=1008.8'),1
FANOUT,K75,Exception('timeout_or_slo_miss: completed=51/75 errors=24 elapsed_ms=1002.7'),3
FANOUT,K75,Exception('timeout_or_slo_miss: completed=51/75 errors=24 elapsed_ms=1003.1'),4
FANOUT,K75,Exception('timeout_or_slo_miss: completed=48/75 errors=27 elapsed_ms=1016.1'),1
FANOUT,K75,Exception('timeout_or_slo_miss: completed=50/75 errors=25 elapsed_ms=1010.6'),5
FANOUT,K75,Exception('timeout_or_slo_miss: completed=45/75 errors=30 elapsed_ms=1015.7'),2
FANOUT,K75,Exception('timeout_or_slo_miss: completed=46/75 errors=29 elapsed_ms=1016.3'),4
FANOUT,K75,Exception('timeout_or_slo_miss: completed=48/75 errors=27 elapsed_ms=1007.9'),1
FANOUT,K75,Exception('timeout_or_slo_miss: completed=47/75 errors=28 elapsed_ms=1014.8'),4
FANOUT,K75,Exception('timeout_or_slo_miss: completed=44/75 errors=31 elapsed_ms=1011.4'),1
FANOUT,K75,Exception('timeout_or_slo_miss: completed=54/75 errors=21 elapsed_ms=1006.2'),3
FANOUT,K75,Exception('timeout_or_slo_miss: completed=50/75 errors=25 elapsed_ms=1008.3'),2
FANOUT,K75,Exception('timeout_or_slo_miss: completed=49/75 errors=26 elapsed_ms=1016.7'),1
FANOUT,K75,Exception('timeout_or_slo_miss: completed=51/75 errors=24 elapsed_ms=1014.4'),1
FANOUT,K75,Exception('timeout_or_slo_miss: completed=52/75 errors=23 elapsed_ms=1002.1'),2
FANOUT,K75,Exception('timeout_or_slo_miss: completed=47/75 errors=28 elapsed_ms=1024.3'),1
FANOUT,K75,Exception('timeout_or_slo_miss: completed=48/75 errors=27 elapsed_ms=1016.4'),1
FANOUT,K75,Exception('timeout_or_slo_miss: completed=48/75 errors=27 elapsed_ms=1010.7'),3
FANOUT,K75,Exception('timeout_or_slo_miss: completed=38/75 errors=37 elapsed_ms=1018.2'),1
FANOUT,K75,Exception('timeout_or_slo_miss: completed=52/75 errors=23 elapsed_ms=1001.9'),1
FANOUT,K75,Exception('timeout_or_slo_miss: completed=46/75 errors=29 elapsed_ms=1018.4'),1
FANOUT,K75,Exception('timeout_or_slo_miss: completed=48/75 errors=27 elapsed_ms=1015.8'),1
FANOUT,K75,Exception('timeout_or_slo_miss: completed=53/75 errors=22 elapsed_ms=1007.8'),3
FANOUT,K75,Exception('timeout_or_slo_miss: completed=46/75 errors=29 elapsed_ms=1017.7'),1
FANOUT,K75,Exception('timeout_or_slo_miss: completed=45/75 errors=30 elapsed_ms=1016.3'),2
FANOUT,K75,Exception('timeout_or_slo_miss: completed=42/75 errors=33 elapsed_ms=1011.8'),1
FANOUT,K75,Exception('timeout_or_slo_miss: completed=44/75 errors=26 elapsed_ms=1531.4'),1
FANOUT,K75,Exception('timeout_or_slo_miss: completed=51/75 errors=24 elapsed_ms=1008.7'),6
FANOUT,K75,Exception('timeout_or_slo_miss: completed=44/75 errors=31 elapsed_ms=1016.9'),1
FANOUT,K75,Exception('timeout_or_slo_miss: completed=47/75 errors=28 elapsed_ms=1008.7'),3
FANOUT,K75,Exception('timeout_or_slo_miss: completed=51/75 errors=24 elapsed_ms=1036.0'),1
FANOUT,K75,Exception('timeout_or_slo_miss: completed=41/75 errors=34 elapsed_ms=1019.6'),2
FANOUT,K75,Exception('timeout_or_slo_miss: completed=44/75 errors=31 elapsed_ms=1022.1'),1
FANOUT,K75,Exception('timeout_or_slo_miss: completed=50/75 errors=25 elapsed_ms=1006.9'),2
FANOUT,K75,Exception('timeout_or_slo_miss: completed=41/75 errors=34 elapsed_ms=1016.8'),1
FANOUT,K75,Exception('timeout_or_slo_miss: completed=45/75 errors=30 elapsed_ms=1017.3'),2
FANOUT,K75,Exception('timeout_or_slo_miss: completed=45/75 errors=30 elapsed_ms=1018.4'),1
FANOUT,K75,Exception('timeout_or_slo_miss: completed=48/75 errors=27 elapsed_ms=1014.7'),2
FANOUT,K75,Exception('timeout_or_slo_miss: completed=47/75 errors=28 elapsed_ms=1016.4'),1
FANOUT,K75,Exception('timeout_or_slo_miss: completed=54/75 errors=21 elapsed_ms=1021.5'),1
FANOUT,K75,Exception('timeout_or_slo_miss: completed=44/75 errors=31 elapsed_ms=1012.7'),1
FANOUT,K75,Exception('timeout_or_slo_miss: completed=44/75 errors=31 elapsed_ms=1014.1'),3
FANOUT,K75,Exception('timeout_or_slo_miss: completed=52/75 errors=23 elapsed_ms=1011.6'),1
FANOUT,K75,Exception('timeout_or_slo_miss: completed=49/75 errors=26 elapsed_ms=1007.0'),2
FANOUT,K75,Exception('timeout_or_slo_miss: completed=50/75 errors=25 elapsed_ms=1016.4'),2
FANOUT,K75,Exception('timeout_or_slo_miss: completed=49/75 errors=26 elapsed_ms=1016.4'),1
FANOUT,K75,Exception('timeout_or_slo_miss: completed=45/75 errors=30 elapsed_ms=1009.3'),1
FANOUT,K75,Exception('timeout_or_slo_miss: completed=49/75 errors=26 elapsed_ms=1014.4'),3
FANOUT,K75,Exception('timeout_or_slo_miss: completed=49/75 errors=26 elapsed_ms=1011.4'),6
FANOUT,K75,Exception('timeout_or_slo_miss: completed=47/75 errors=28 elapsed_ms=1021.0'),2
FANOUT,K75,Exception('timeout_or_slo_miss: completed=47/75 errors=28 elapsed_ms=1017.6'),1
FANOUT,K75,Exception('timeout_or_slo_miss: completed=47/75 errors=28 elapsed_ms=1007.3'),1
FANOUT,K75,Exception('timeout_or_slo_miss: completed=49/75 errors=26 elapsed_ms=1007.1'),2
FANOUT,K75,Exception('timeout_or_slo_miss: completed=50/75 errors=25 elapsed_ms=1007.9'),10
FANOUT,K75,Exception('timeout_or_slo_miss: completed=55/75 errors=20 elapsed_ms=1001.8'),1
FANOUT,K75,Exception('timeout_or_slo_miss: completed=51/75 errors=24 elapsed_ms=1004.2'),5
FANOUT,K75,Exception('timeout_or_slo_miss: completed=53/75 errors=22 elapsed_ms=1010.5'),3
FANOUT,K75,Exception('timeout_or_slo_miss: completed=51/75 errors=24 elapsed_ms=1005.1'),4
FANOUT,K75,Exception('timeout_or_slo_miss: completed=48/75 errors=27 elapsed_ms=1008.6'),3
FANOUT,K75,Exception('timeout_or_slo_miss: completed=50/75 errors=25 elapsed_ms=1030.5'),1
FANOUT,K75,Exception('timeout_or_slo_miss: completed=48/75 errors=27 elapsed_ms=1016.3'),4
FANOUT,K75,Exception('timeout_or_slo_miss: completed=40/75 errors=35 elapsed_ms=1018.9'),1
FANOUT,K75,Exception('timeout_or_slo_miss: completed=46/75 errors=29 elapsed_ms=1019.2'),3
FANOUT,K75,Exception('timeout_or_slo_miss: completed=51/75 errors=24 elapsed_ms=1011.5'),4
FANOUT,K75,Exception('timeout_or_slo_miss: completed=46/75 errors=29 elapsed_ms=1015.4'),2
FANOUT,K75,Exception('timeout_or_slo_miss: completed=46/75 errors=29 elapsed_ms=1017.5'),2
FANOUT,K75,Exception('timeout_or_slo_miss: completed=52/75 errors=23 elapsed_ms=1005.4'),4
FANOUT,K75,Exception('timeout_or_slo_miss: completed=53/75 errors=22 elapsed_ms=1005.6'),9
FANOUT,K75,Exception('timeout_or_slo_miss: completed=51/75 errors=24 elapsed_ms=1009.0'),3
FANOUT,K75,Exception('timeout_or_slo_miss: completed=49/75 errors=26 elapsed_ms=1011.5'),5
FANOUT,K75,Exception('timeout_or_slo_miss: completed=49/75 errors=26 elapsed_ms=1008.6'),6
FANOUT,K75,Exception('timeout_or_slo_miss: completed=50/75 errors=25 elapsed_ms=1018.6'),1
FANOUT,K75,Exception('timeout_or_slo_miss: completed=44/75 errors=31 elapsed_ms=1013.3'),1
FANOUT,K75,Exception('timeout_or_slo_miss: completed=49/75 errors=26 elapsed_ms=1012.2'),5
FANOUT,K75,Exception('timeout_or_slo_miss: completed=51/75 errors=24 elapsed_ms=1003.6'),3
FANOUT,K75,Exception('timeout_or_slo_miss: completed=54/75 errors=21 elapsed_ms=1003.4'),3
FANOUT,K75,Exception('timeout_or_slo_miss: completed=53/75 errors=22 elapsed_ms=1003.3'),8
FANOUT,K75,Exception('timeout_or_slo_miss: completed=53/75 errors=22 elapsed_ms=1006.0'),2
FANOUT,K75,Exception('timeout_or_slo_miss: completed=53/75 errors=22 elapsed_ms=1003.4'),6
FANOUT,K75,Exception('timeout_or_slo_miss: completed=43/75 errors=32 elapsed_ms=1014.5'),2
FANOUT,K75,Exception('timeout_or_slo_miss: completed=51/75 errors=24 elapsed_ms=1003.5'),3
FANOUT,K75,Exception('timeout_or_slo_miss: completed=49/75 errors=26 elapsed_ms=1017.3'),2
FANOUT,K75,Exception('timeout_or_slo_miss: completed=51/75 errors=24 elapsed_ms=1013.2'),2
FANOUT,K75,Exception('timeout_or_slo_miss: completed=56/75 errors=19 elapsed_ms=1011.6'),1
FANOUT,K75,Exception('timeout_or_slo_miss: completed=51/75 errors=21 elapsed_ms=1651.9'),1
FANOUT,K75,Exception('timeout_or_slo_miss: completed=54/75 errors=21 elapsed_ms=1004.3'),1
FANOUT,K75,Exception('timeout_or_slo_miss: completed=41/75 errors=34 elapsed_ms=1024.1'),1
FANOUT,K75,Exception('timeout_or_slo_miss: completed=46/75 errors=29 elapsed_ms=1008.3'),2
FANOUT,K75,Exception('timeout_or_slo_miss: completed=51/75 errors=24 elapsed_ms=1008.6'),5
FANOUT,K75,Exception('timeout_or_slo_miss: completed=43/75 errors=32 elapsed_ms=1012.3'),1
FANOUT,K75,Exception('timeout_or_slo_miss: completed=48/75 errors=27 elapsed_ms=1012.2'),6
FANOUT,K75,Exception('timeout_or_slo_miss: completed=47/75 errors=28 elapsed_ms=1015.1'),2
FANOUT,K75,Exception('timeout_or_slo_miss: completed=56/75 errors=19 elapsed_ms=1054.3'),1
FANOUT,K75,Exception('timeout_or_slo_miss: completed=48/75 errors=27 elapsed_ms=1012.3'),3
FANOUT,K75,Exception('timeout_or_slo_miss: completed=43/75 errors=32 elapsed_ms=1023.0'),1
FANOUT,K75,Exception('timeout_or_slo_miss: completed=47/75 errors=28 elapsed_ms=1014.7'),4
FANOUT,K75,Exception('timeout_or_slo_miss: completed=42/75 errors=33 elapsed_ms=1022.6'),1
FANOUT,K75,Exception('timeout_or_slo_miss: completed=44/75 errors=31 elapsed_ms=1020.3'),1
FANOUT,K75,Exception('timeout_or_slo_miss: completed=44/75 errors=31 elapsed_ms=1017.3'),1
FANOUT,K75,Exception('timeout_or_slo_miss: completed=52/75 errors=23 elapsed_ms=1004.6'),5
FANOUT,K75,Exception('timeout_or_slo_miss: completed=50/75 errors=25 elapsed_ms=1009.0'),6
FANOUT,K75,Exception('timeout_or_slo_miss: completed=49/75 errors=26 elapsed_ms=1009.6'),11
FANOUT,K75,Exception('timeout_or_slo_miss: completed=51/75 errors=24 elapsed_ms=1003.9'),3
FANOUT,K75,Exception('timeout_or_slo_miss: completed=54/75 errors=21 elapsed_ms=1007.3'),1
FANOUT,K75,Exception('timeout_or_slo_miss: completed=38/75 errors=37 elapsed_ms=1017.3'),1
FANOUT,K75,Exception('timeout_or_slo_miss: completed=46/75 errors=29 elapsed_ms=1025.7'),1
FANOUT,K75,Exception('timeout_or_slo_miss: completed=45/75 errors=30 elapsed_ms=1015.3'),2
FANOUT,K75,Exception('timeout_or_slo_miss: completed=49/75 errors=26 elapsed_ms=1009.8'),4
FANOUT,K75,Exception('timeout_or_slo_miss: completed=44/75 errors=31 elapsed_ms=1010.8'),1
FANOUT,K75,Exception('timeout_or_slo_miss: completed=49/75 errors=26 elapsed_ms=1013.5'),1
FANOUT,K75,Exception('timeout_or_slo_miss: completed=51/75 errors=24 elapsed_ms=1005.9'),3
FANOUT,K75,Exception('timeout_or_slo_miss: completed=53/75 errors=22 elapsed_ms=1001.3'),1
FANOUT,K75,Exception('timeout_or_slo_miss: completed=51/75 errors=24 elapsed_ms=1012.3'),5
FANOUT,K75,Exception('timeout_or_slo_miss: completed=53/75 errors=22 elapsed_ms=1011.5'),1
FANOUT,K75,Exception('timeout_or_slo_miss: completed=47/75 errors=28 elapsed_ms=1014.2'),2
FANOUT,K75,Exception('timeout_or_slo_miss: completed=53/75 errors=22 elapsed_ms=1004.5'),5
FANOUT,K75,Exception('timeout_or_slo_miss: completed=47/75 errors=28 elapsed_ms=1016.8'),1
FANOUT,K75,Exception('timeout_or_slo_miss: completed=53/75 errors=22 elapsed_ms=1004.4'),4
FANOUT,K75,Exception('timeout_or_slo_miss: completed=46/75 errors=29 elapsed_ms=1017.8'),2
FANOUT,K75,Exception('timeout_or_slo_miss: completed=51/75 errors=24 elapsed_ms=1011.6'),1
FANOUT,K75,Exception('timeout_or_slo_miss: completed=45/75 errors=30 elapsed_ms=1014.7'),4
FANOUT,K75,Exception('timeout_or_slo_miss: completed=53/75 errors=22 elapsed_ms=1003.7'),3
FANOUT,K75,Exception('timeout_or_slo_miss: completed=50/75 errors=25 elapsed_ms=1015.6'),3
FANOUT,K75,Exception('timeout_or_slo_miss: completed=52/75 errors=23 elapsed_ms=1027.8'),1
FANOUT,K75,Exception('timeout_or_slo_miss: completed=49/75 errors=26 elapsed_ms=1014.9'),3
FANOUT,K75,Exception('timeout_or_slo_miss: completed=51/75 errors=24 elapsed_ms=1011.1'),5
FANOUT,K75,Exception('timeout_or_slo_miss: completed=49/75 errors=26 elapsed_ms=1033.8'),1
FANOUT,K75,Exception('timeout_or_slo_miss: completed=44/75 errors=31 elapsed_ms=1019.3'),1
FANOUT,K75,Exception('timeout_or_slo_miss: completed=45/75 errors=30 elapsed_ms=1012.4'),2
FANOUT,K75,Exception('timeout_or_slo_miss: completed=51/75 errors=24 elapsed_ms=1009.8'),4
FANOUT,K75,Exception('timeout_or_slo_miss: completed=47/75 errors=28 elapsed_ms=1014.3'),5
FANOUT,K75,Exception('timeout_or_slo_miss: completed=42/75 errors=20 elapsed_ms=2541.1'),1
FANOUT,K75,Exception('timeout_or_slo_miss: completed=45/75 errors=30 elapsed_ms=1010.1'),1
FANOUT,K75,Exception('timeout_or_slo_miss: completed=54/75 errors=21 elapsed_ms=1005.3'),3
FANOUT,K75,Exception('timeout_or_slo_miss: completed=50/75 errors=25 elapsed_ms=1018.2'),1
FANOUT,K75,Exception('timeout_or_slo_miss: completed=47/75 errors=28 elapsed_ms=1679.1'),1
FANOUT,K75,Exception('timeout_or_slo_miss: completed=48/75 errors=27 elapsed_ms=1019.9'),1
FANOUT,K75,Exception('timeout_or_slo_miss: completed=48/75 errors=27 elapsed_ms=1028.4'),1
FANOUT,K75,Exception('timeout_or_slo_miss: completed=53/75 errors=22 elapsed_ms=1001.7'),3
FANOUT,K75,Exception('timeout_or_slo_miss: completed=50/75 errors=25 elapsed_ms=1036.2'),1
FANOUT,K75,Exception('timeout_or_slo_miss: completed=45/75 errors=30 elapsed_ms=1011.6'),4
FANOUT,K75,Exception('timeout_or_slo_miss: completed=53/75 errors=22 elapsed_ms=1003.8'),7
FANOUT,K75,Exception('timeout_or_slo_miss: completed=41/75 errors=34 elapsed_ms=1021.9'),1
FANOUT,K75,Exception('timeout_or_slo_miss: completed=49/75 errors=26 elapsed_ms=1013.8'),2
FANOUT,K75,Exception('timeout_or_slo_miss: completed=48/75 errors=27 elapsed_ms=1013.0'),3
FANOUT,K75,Exception('timeout_or_slo_miss: completed=49/75 errors=26 elapsed_ms=1035.1'),1
FANOUT,K75,Exception('timeout_or_slo_miss: completed=42/75 errors=33 elapsed_ms=1018.8'),1
FANOUT,K75,Exception('timeout_or_slo_miss: completed=44/75 errors=31 elapsed_ms=1022.7'),1
FANOUT,K75,Exception('timeout_or_slo_miss: completed=47/75 errors=28 elapsed_ms=1018.0'),1
FANOUT,K75,Exception('timeout_or_slo_miss: completed=51/75 errors=24 elapsed_ms=1008.3'),6
FANOUT,K75,Exception('timeout_or_slo_miss: completed=42/75 errors=33 elapsed_ms=1016.1'),1
FANOUT,K75,Exception('timeout_or_slo_miss: completed=50/75 errors=25 elapsed_ms=1005.9'),4
FANOUT,K75,Exception('timeout_or_slo_miss: completed=45/75 errors=30 elapsed_ms=1023.1'),1
FANOUT,K75,Exception('timeout_or_slo_miss: completed=50/75 errors=25 elapsed_ms=1013.9'),1
FANOUT,K75,Exception('subread_error: completed=62/75 errors=13'),4
FANOUT,K75,Exception('timeout_or_slo_miss: completed=54/75 errors=21 elapsed_ms=1006.5'),1
FANOUT,K75,Exception('timeout_or_slo_miss: completed=51/75 errors=24 elapsed_ms=1011.4'),5
FANOUT,K75,Exception('timeout_or_slo_miss: completed=40/75 errors=35 elapsed_ms=1510.1'),1
FANOUT,K75,Exception('timeout_or_slo_miss: completed=53/75 errors=22 elapsed_ms=1001.4'),2
FANOUT,K75,Exception('timeout_or_slo_miss: completed=51/75 errors=24 elapsed_ms=1008.5'),4
FANOUT,K75,Exception('timeout_or_slo_miss: completed=52/75 errors=23 elapsed_ms=1002.6'),6
FANOUT,K75,Exception('timeout_or_slo_miss: completed=47/75 errors=28 elapsed_ms=1019.1'),4
FANOUT,K75,Exception('timeout_or_slo_miss: completed=50/75 errors=25 elapsed_ms=1013.3'),1
FANOUT,K75,Exception('timeout_or_slo_miss: completed=46/75 errors=29 elapsed_ms=1011.5'),3
FANOUT,K75,Exception('timeout_or_slo_miss: completed=48/75 errors=27 elapsed_ms=1005.1'),1
FANOUT,K75,Exception('timeout_or_slo_miss: completed=45/75 errors=30 elapsed_ms=1017.7'),1
FANOUT,K75,Exception('timeout_or_slo_miss: completed=50/75 errors=25 elapsed_ms=1005.3'),4
FANOUT,K75,Exception('timeout_or_slo_miss: completed=48/75 errors=27 elapsed_ms=1019.7'),1
FANOUT,K75,Exception('timeout_or_slo_miss: completed=49/75 errors=26 elapsed_ms=1008.1'),4
FANOUT,K75,Exception('timeout_or_slo_miss: completed=51/75 errors=24 elapsed_ms=1003.2'),5
FANOUT,K75,Exception('timeout_or_slo_miss: completed=53/75 errors=22 elapsed_ms=1012.1'),1
FANOUT,K75,Exception('timeout_or_slo_miss: completed=45/75 errors=30 elapsed_ms=1016.2'),1
FANOUT,K75,Exception('timeout_or_slo_miss: completed=44/75 errors=31 elapsed_ms=1013.9'),2
FANOUT,K75,Exception('timeout_or_slo_miss: completed=44/75 errors=31 elapsed_ms=1016.1'),1
FANOUT,K75,Exception('timeout_or_slo_miss: completed=53/75 errors=22 elapsed_ms=1005.9'),2
FANOUT,K75,Exception('timeout_or_slo_miss: completed=47/75 errors=28 elapsed_ms=1010.1'),4
FANOUT,K75,Exception('timeout_or_slo_miss: completed=53/75 errors=22 elapsed_ms=1019.5'),1
FANOUT,K75,Exception('timeout_or_slo_miss: completed=46/75 errors=29 elapsed_ms=1014.6'),3
FANOUT,K75,Exception('timeout_or_slo_miss: completed=43/75 errors=32 elapsed_ms=1033.5'),1
FANOUT,K75,Exception('timeout_or_slo_miss: completed=44/75 errors=31 elapsed_ms=1018.0'),1
FANOUT,K75,Exception('timeout_or_slo_miss: completed=45/75 errors=30 elapsed_ms=1019.7'),2
FANOUT,K75,Exception('timeout_or_slo_miss: completed=46/75 errors=29 elapsed_ms=1015.7'),1
FANOUT,K75,Exception('timeout_or_slo_miss: completed=50/75 errors=25 elapsed_ms=1010.1'),11
FANOUT,K75,Exception('timeout_or_slo_miss: completed=43/75 errors=32 elapsed_ms=1017.6'),2
FANOUT,K75,Exception('timeout_or_slo_miss: completed=40/75 errors=35 elapsed_ms=1024.4'),1
FANOUT,K75,Exception('timeout_or_slo_miss: completed=46/75 errors=29 elapsed_ms=1019.4'),1
FANOUT,K75,Exception('timeout_or_slo_miss: completed=50/75 errors=25 elapsed_ms=1012.2'),1
FANOUT,K75,Exception('timeout_or_slo_miss: completed=51/75 errors=24 elapsed_ms=1015.3'),2
FANOUT,K75,Exception('timeout_or_slo_miss: completed=54/75 errors=6 elapsed_ms=2300.8'),1
FANOUT,K75,Exception('timeout_or_slo_miss: completed=50/75 errors=25 elapsed_ms=1008.8'),2
FANOUT,K75,Exception('timeout_or_slo_miss: completed=46/75 errors=29 elapsed_ms=1011.9'),2
FANOUT,K75,Exception('timeout_or_slo_miss: completed=51/75 errors=24 elapsed_ms=1513.2'),1
FANOUT,K75,Exception('timeout_or_slo_miss: completed=44/75 errors=31 elapsed_ms=1017.0'),3
FANOUT,K75,Exception('timeout_or_slo_miss: completed=49/75 errors=26 elapsed_ms=1004.9'),1
FANOUT,K75,Exception('timeout_or_slo_miss: completed=45/75 errors=30 elapsed_ms=1014.2'),4
FANOUT,K75,Exception('timeout_or_slo_miss: completed=53/75 errors=22 elapsed_ms=1005.5'),4
FANOUT,K75,Exception('timeout_or_slo_miss: completed=51/75 errors=24 elapsed_ms=1004.0'),4
FANOUT,K75,Exception('timeout_or_slo_miss: completed=46/75 errors=29 elapsed_ms=1010.5'),2
FANOUT,K75,Exception('timeout_or_slo_miss: completed=42/75 errors=33 elapsed_ms=1019.1'),2
FANOUT,K75,Exception('timeout_or_slo_miss: completed=47/75 errors=28 elapsed_ms=1013.6'),4
FANOUT,K75,Exception('timeout_or_slo_miss: completed=48/75 errors=27 elapsed_ms=1012.8'),3
FANOUT,K75,Exception('timeout_or_slo_miss: completed=46/75 errors=29 elapsed_ms=1020.0'),1
FANOUT,K75,Exception('timeout_or_slo_miss: completed=45/75 errors=30 elapsed_ms=1017.1'),2
FANOUT,K75,Exception('timeout_or_slo_miss: completed=41/75 errors=34 elapsed_ms=1017.7'),1
FANOUT,K75,Exception('timeout_or_slo_miss: completed=41/75 errors=34 elapsed_ms=1024.0'),1
FANOUT,K75,Exception('timeout_or_slo_miss: completed=49/75 errors=26 elapsed_ms=1009.4'),7
FANOUT,K75,Exception('timeout_or_slo_miss: completed=47/75 errors=23 elapsed_ms=1536.5'),1
FANOUT,K75,Exception('timeout_or_slo_miss: completed=50/75 errors=25 elapsed_ms=1004.3'),1
FANOUT,K75,Exception('timeout_or_slo_miss: completed=49/75 errors=26 elapsed_ms=1005.4'),1
FANOUT,K75,Exception('timeout_or_slo_miss: completed=50/75 errors=25 elapsed_ms=1018.8'),1
FANOUT,K75,Exception('timeout_or_slo_miss: completed=48/75 errors=27 elapsed_ms=1009.2'),2
FANOUT,K75,Exception('timeout_or_slo_miss: completed=42/75 errors=33 elapsed_ms=1019.6'),1
FANOUT,K75,Exception('timeout_or_slo_miss: completed=45/75 errors=30 elapsed_ms=1016.0'),1
FANOUT,K75,Exception('timeout_or_slo_miss: completed=50/75 errors=25 elapsed_ms=1005.4'),1
FANOUT,K75,Exception('timeout_or_slo_miss: completed=43/75 errors=32 elapsed_ms=1014.8'),5
FANOUT,K75,Exception('timeout_or_slo_miss: completed=54/75 errors=21 elapsed_ms=1004.6'),3
FANOUT,K75,Exception('timeout_or_slo_miss: completed=46/75 errors=29 elapsed_ms=1017.3'),1
FANOUT,K75,Exception('timeout_or_slo_miss: completed=51/75 errors=24 elapsed_ms=1011.3'),3
FANOUT,K75,Exception('timeout_or_slo_miss: completed=49/75 errors=26 elapsed_ms=1004.6'),1
FANOUT,K75,Exception('timeout_or_slo_miss: completed=51/75 errors=24 elapsed_ms=1013.5'),1
FANOUT,K75,Exception('timeout_or_slo_miss: completed=50/75 errors=25 elapsed_ms=1016.5'),1
FANOUT,K75,Exception('timeout_or_slo_miss: completed=52/75 errors=23 elapsed_ms=1004.9'),7
FANOUT,K75,Exception('timeout_or_slo_miss: completed=44/75 errors=31 elapsed_ms=1010.2'),1
FANOUT,K75,Exception('timeout_or_slo_miss: completed=50/75 errors=25 elapsed_ms=1014.1'),2
FANOUT,K75,Exception('timeout_or_slo_miss: completed=46/75 errors=29 elapsed_ms=1015.0'),2
FANOUT,K75,Exception('timeout_or_slo_miss: completed=42/75 errors=33 elapsed_ms=1018.0'),2
FANOUT,K75,Exception('timeout_or_slo_miss: completed=45/75 errors=30 elapsed_ms=1014.4'),5
FANOUT,K75,Exception('timeout_or_slo_miss: completed=53/75 errors=22 elapsed_ms=1006.2'),1
FANOUT,K75,Exception('timeout_or_slo_miss: completed=53/75 errors=22 elapsed_ms=1004.7'),1
FANOUT,K75,Exception('timeout_or_slo_miss: completed=44/75 errors=31 elapsed_ms=1041.9'),1
FANOUT,K75,Exception('timeout_or_slo_miss: completed=50/75 errors=25 elapsed_ms=1003.0'),1
FANOUT,K75,Exception('timeout_or_slo_miss: completed=53/75 errors=22 elapsed_ms=1012.9'),1
FANOUT,K75,Exception('timeout_or_slo_miss: completed=46/75 errors=29 elapsed_ms=1020.9'),1
FANOUT,K75,Exception('timeout_or_slo_miss: completed=47/75 errors=28 elapsed_ms=1008.8'),5
FANOUT,K75,Exception('timeout_or_slo_miss: completed=49/75 errors=26 elapsed_ms=1007.8'),2
FANOUT,K75,Exception('timeout_or_slo_miss: completed=46/75 errors=29 elapsed_ms=1012.8'),3
FANOUT,K75,Exception('timeout_or_slo_miss: completed=41/75 errors=34 elapsed_ms=1019.4'),2
FANOUT,K75,Exception('timeout_or_slo_miss: completed=47/75 errors=28 elapsed_ms=1021.5'),1
FANOUT,K75,Exception('timeout_or_slo_miss: completed=46/75 errors=29 elapsed_ms=1009.0'),1
FANOUT,K75,Exception('timeout_or_slo_miss: completed=47/75 errors=28 elapsed_ms=1013.1'),5
FANOUT,K75,Exception('timeout_or_slo_miss: completed=50/75 errors=25 elapsed_ms=1005.8'),4
FANOUT,K75,Exception('timeout_or_slo_miss: completed=49/75 errors=26 elapsed_ms=1020.0'),1
FANOUT,K75,Exception('timeout_or_slo_miss: completed=45/75 errors=30 elapsed_ms=1014.3'),1
FANOUT,K75,Exception('timeout_or_slo_miss: completed=51/75 errors=24 elapsed_ms=1007.7'),6
FANOUT,K75,Exception('timeout_or_slo_miss: completed=50/75 errors=25 elapsed_ms=1010.8'),7
FANOUT,K75,Exception('timeout_or_slo_miss: completed=52/75 errors=23 elapsed_ms=1003.2'),1
FANOUT,K75,Exception('timeout_or_slo_miss: completed=41/75 errors=34 elapsed_ms=1024.5'),1
FANOUT,K75,Exception('timeout_or_slo_miss: completed=46/75 errors=29 elapsed_ms=1009.2'),1
FANOUT,K75,Exception('timeout_or_slo_miss: completed=44/75 errors=31 elapsed_ms=1031.4'),1
FANOUT,K75,Exception('timeout_or_slo_miss: completed=51/75 errors=24 elapsed_ms=1014.2'),2
FANOUT,K75,Exception('timeout_or_slo_miss: completed=50/75 errors=25 elapsed_ms=1005.7'),1
FANOUT,K75,Exception('timeout_or_slo_miss: completed=46/75 errors=29 elapsed_ms=1008.4'),1
FANOUT,K75,Exception('timeout_or_slo_miss: completed=43/75 errors=32 elapsed_ms=1011.8'),1
FANOUT,K75,Exception('timeout_or_slo_miss: completed=46/75 errors=29 elapsed_ms=1020.5'),1
FANOUT,K75,Exception('timeout_or_slo_miss: completed=46/75 errors=29 elapsed_ms=1023.4'),2
FANOUT,K75,Exception('timeout_or_slo_miss: completed=50/75 errors=25 elapsed_ms=1010.2'),12
FANOUT,K75,Exception('timeout_or_slo_miss: completed=44/75 errors=31 elapsed_ms=1013.2'),2
FANOUT,K75,Exception('timeout_or_slo_miss: completed=45/75 errors=30 elapsed_ms=1011.8'),2
FANOUT,K75,Exception('timeout_or_slo_miss: completed=51/75 errors=24 elapsed_ms=1009.6'),3
FANOUT,K75,Exception('timeout_or_slo_miss: completed=44/75 errors=31 elapsed_ms=1017.8'),4
FANOUT,K75,Exception('timeout_or_slo_miss: completed=54/75 errors=21 elapsed_ms=1005.8'),2
FANOUT,K75,Exception('timeout_or_slo_miss: completed=43/75 errors=32 elapsed_ms=1026.5'),1
FANOUT,K75,Exception('timeout_or_slo_miss: completed=51/75 errors=24 elapsed_ms=1012.0'),1
FANOUT,K75,Exception('timeout_or_slo_miss: completed=54/75 errors=21 elapsed_ms=1004.1'),1
FANOUT,K75,Exception('timeout_or_slo_miss: completed=48/75 errors=27 elapsed_ms=1009.0'),2
FANOUT,K75,Exception('timeout_or_slo_miss: completed=46/75 errors=29 elapsed_ms=1021.2'),1
FANOUT,K75,Exception('timeout_or_slo_miss: completed=53/75 errors=22 elapsed_ms=1006.1'),5
FANOUT,K75,Exception('timeout_or_slo_miss: completed=51/75 errors=24 elapsed_ms=1001.9'),1
FANOUT,K75,Exception('timeout_or_slo_miss: completed=48/75 errors=27 elapsed_ms=1017.5'),2
FANOUT,K75,Exception('timeout_or_slo_miss: completed=51/75 errors=24 elapsed_ms=1007.8'),1
FANOUT,K75,Exception('timeout_or_slo_miss: completed=39/75 errors=36 elapsed_ms=1023.7'),1
FANOUT,K75,Exception('timeout_or_slo_miss: completed=52/75 errors=23 elapsed_ms=1002.0'),4
FANOUT,K75,Exception('timeout_or_slo_miss: completed=47/75 errors=28 elapsed_ms=1016.3'),1
FANOUT,K75,Exception('timeout_or_slo_miss: completed=53/75 errors=22 elapsed_ms=1008.7'),2
FANOUT,K75,Exception('timeout_or_slo_miss: completed=50/75 errors=25 elapsed_ms=1014.8'),1
FANOUT,K75,Exception('timeout_or_slo_miss: completed=43/75 errors=32 elapsed_ms=1020.1'),3
FANOUT,K75,Exception('timeout_or_slo_miss: completed=49/75 errors=26 elapsed_ms=1016.3'),2
FANOUT,K75,Exception('timeout_or_slo_miss: completed=53/75 errors=22 elapsed_ms=1013.3'),1
FANOUT,K75,Exception('timeout_or_slo_miss: completed=46/75 errors=29 elapsed_ms=1013.9'),2
FANOUT,K75,Exception('timeout_or_slo_miss: completed=51/75 errors=24 elapsed_ms=1011.7'),2
FANOUT,K75,Exception('timeout_or_slo_miss: completed=52/75 errors=23 elapsed_ms=1007.6'),6
FANOUT,K75,Exception('timeout_or_slo_miss: completed=51/75 errors=24 elapsed_ms=1015.1'),2
FANOUT,K75,Exception('timeout_or_slo_miss: completed=52/75 errors=23 elapsed_ms=1008.1'),2
FANOUT,K75,Exception('timeout_or_slo_miss: completed=49/75 errors=26 elapsed_ms=1008.7'),2
FANOUT,K75,Exception('timeout_or_slo_miss: completed=44/75 errors=31 elapsed_ms=1027.1'),1
FANOUT,K75,Exception('timeout_or_slo_miss: completed=50/75 errors=25 elapsed_ms=1010.9'),2
FANOUT,K75,Exception('timeout_or_slo_miss: completed=48/75 errors=27 elapsed_ms=1006.5'),2
FANOUT,K75,Exception('timeout_or_slo_miss: completed=43/75 errors=32 elapsed_ms=1013.9'),1
FANOUT,K75,Exception('timeout_or_slo_miss: completed=52/75 errors=23 elapsed_ms=1005.2'),13
FANOUT,K75,Exception('timeout_or_slo_miss: completed=54/75 errors=21 elapsed_ms=1001.8'),7
FANOUT,K75,Exception('timeout_or_slo_miss: completed=46/75 errors=29 elapsed_ms=1012.2'),3
FANOUT,K75,Exception('timeout_or_slo_miss: completed=51/75 errors=24 elapsed_ms=1010.6'),6
FANOUT,K75,Exception('timeout_or_slo_miss: completed=49/75 errors=26 elapsed_ms=1006.6'),3
FANOUT,K75,Exception('timeout_or_slo_miss: completed=42/75 errors=33 elapsed_ms=1020.4'),1
FANOUT,K75,Exception('timeout_or_slo_miss: completed=43/75 errors=32 elapsed_ms=1010.9'),2
FANOUT,K75,Exception('timeout_or_slo_miss: completed=38/75 errors=37 elapsed_ms=1020.9'),1
FANOUT,K75,Exception('timeout_or_slo_miss: completed=55/75 errors=20 elapsed_ms=1003.2'),1
FANOUT,K75,Exception('timeout_or_slo_miss: completed=53/75 errors=22 elapsed_ms=1005.7'),1
FANOUT,K75,Exception('timeout_or_slo_miss: completed=51/75 errors=24 elapsed_ms=1006.6'),3
FANOUT,K75,Exception('timeout_or_slo_miss: completed=51/75 errors=24 elapsed_ms=1009.4'),1
FANOUT,K75,Exception('timeout_or_slo_miss: completed=47/75 errors=28 elapsed_ms=1011.5'),5
FANOUT,K75,Exception('timeout_or_slo_miss: completed=50/75 errors=25 elapsed_ms=1004.5'),3
FANOUT,K75,Exception('timeout_or_slo_miss: completed=47/75 errors=28 elapsed_ms=1018.9'),2
FANOUT,K75,Exception('timeout_or_slo_miss: completed=45/75 errors=30 elapsed_ms=1015.8'),8
FANOUT,K75,Exception('timeout_or_slo_miss: completed=51/75 errors=24 elapsed_ms=1007.3'),5
FANOUT,K75,Exception('timeout_or_slo_miss: completed=53/75 errors=22 elapsed_ms=1016.6'),1
FANOUT,K75,Exception('timeout_or_slo_miss: completed=44/75 errors=31 elapsed_ms=1015.1'),1
FANOUT,K75,Exception('timeout_or_slo_miss: completed=53/75 errors=22 elapsed_ms=1002.1'),3
FANOUT,K75,Exception('timeout_or_slo_miss: completed=53/75 errors=22 elapsed_ms=1013.1'),1
FANOUT,K75,Exception('timeout_or_slo_miss: completed=44/75 errors=31 elapsed_ms=1012.1'),2
FANOUT,K75,Exception('timeout_or_slo_miss: completed=48/75 errors=27 elapsed_ms=1009.9'),4
FANOUT,K75,Exception('subread_error: completed=61/75 errors=14'),7
FANOUT,K75,Exception('timeout_or_slo_miss: completed=51/75 errors=24 elapsed_ms=1005.7'),4
FANOUT,K75,Exception('timeout_or_slo_miss: completed=50/75 errors=25 elapsed_ms=1024.0'),1
FANOUT,K75,Exception('timeout_or_slo_miss: completed=41/75 errors=34 elapsed_ms=1021.2'),1
FANOUT,K75,Exception('timeout_or_slo_miss: completed=52/75 errors=23 elapsed_ms=1009.1'),2
FANOUT,K75,Exception('timeout_or_slo_miss: completed=49/75 errors=26 elapsed_ms=1012.5'),5
FANOUT,K75,Exception('timeout_or_slo_miss: completed=46/75 errors=29 elapsed_ms=1006.1'),1
FANOUT,K75,Exception('timeout_or_slo_miss: completed=49/75 errors=26 elapsed_ms=1010.9'),9
FANOUT,K75,Exception('timeout_or_slo_miss: completed=52/75 errors=23 elapsed_ms=1013.6'),1
FANOUT,K75,Exception('timeout_or_slo_miss: completed=48/75 errors=27 elapsed_ms=1007.3'),1
FANOUT,K75,Exception('timeout_or_slo_miss: completed=48/75 errors=27 elapsed_ms=1011.2'),8
FANOUT,K75,Exception('timeout_or_slo_miss: completed=50/75 errors=25 elapsed_ms=1010.7'),2
FANOUT,K75,Exception('timeout_or_slo_miss: completed=47/75 errors=28 elapsed_ms=1014.9'),1
FANOUT,K75,Exception('timeout_or_slo_miss: completed=50/75 errors=25 elapsed_ms=1040.6'),1
FANOUT,K75,Exception('timeout_or_slo_miss: completed=47/75 errors=28 elapsed_ms=1015.2'),4
FANOUT,K75,Exception('timeout_or_slo_miss: completed=51/75 errors=24 elapsed_ms=1074.8'),1
FANOUT,K75,Exception('timeout_or_slo_miss: completed=46/75 errors=29 elapsed_ms=1014.0'),3
FANOUT,K75,Exception('timeout_or_slo_miss: completed=46/75 errors=29 elapsed_ms=1016.1'),3
FANOUT,K75,Exception('timeout_or_slo_miss: completed=38/75 errors=37 elapsed_ms=1044.2'),1
FANOUT,K75,Exception('timeout_or_slo_miss: completed=51/75 errors=24 elapsed_ms=1009.1'),3
FANOUT,K75,Exception('timeout_or_slo_miss: completed=51/75 errors=24 elapsed_ms=1004.7'),6
FANOUT,K75,Exception('subread_error: completed=59/75 errors=16'),34
FANOUT,K75,Exception('timeout_or_slo_miss: completed=47/75 errors=28 elapsed_ms=1018.4'),1
FANOUT,K75,Exception('timeout_or_slo_miss: completed=51/75 errors=24 elapsed_ms=1005.4'),3
FANOUT,K75,Exception('timeout_or_slo_miss: completed=53/75 errors=22 elapsed_ms=1009.4'),1
FANOUT,K75,Exception('timeout_or_slo_miss: completed=46/75 errors=29 elapsed_ms=1015.3'),2
FANOUT,K75,Exception('timeout_or_slo_miss: completed=53/75 errors=22 elapsed_ms=1011.8'),1
FANOUT,K75,Exception('timeout_or_slo_miss: completed=54/75 errors=21 elapsed_ms=1010.9'),1
FANOUT,K75,Exception('timeout_or_slo_miss: completed=46/75 errors=29 elapsed_ms=1512.7'),1
FANOUT,K75,Exception('timeout_or_slo_miss: completed=48/75 errors=27 elapsed_ms=1008.5'),2
FANOUT,K75,Exception('timeout_or_slo_miss: completed=40/75 errors=35 elapsed_ms=1017.1'),1
FANOUT,K75,Exception('timeout_or_slo_miss: completed=47/75 errors=28 elapsed_ms=1012.0'),1
FANOUT,K75,Exception('timeout_or_slo_miss: completed=41/75 errors=34 elapsed_ms=1019.5'),1
FANOUT,K75,Exception('timeout_or_slo_miss: completed=51/75 errors=24 elapsed_ms=1008.0'),5
FANOUT,K75,Exception('timeout_or_slo_miss: completed=42/75 errors=33 elapsed_ms=1013.7'),2
FANOUT,K75,Exception('timeout_or_slo_miss: completed=43/75 errors=32 elapsed_ms=1020.2'),2
FANOUT,K75,Exception('timeout_or_slo_miss: completed=44/75 errors=31 elapsed_ms=1016.0'),3
FANOUT,K75,Exception('timeout_or_slo_miss: completed=51/75 errors=24 elapsed_ms=1009.3'),2
FANOUT,K75,Exception('timeout_or_slo_miss: completed=52/75 errors=23 elapsed_ms=1003.9'),5
FANOUT,K75,Exception('timeout_or_slo_miss: completed=41/75 errors=34 elapsed_ms=1020.4'),2
FANOUT,K75,Exception('timeout_or_slo_miss: completed=50/75 errors=25 elapsed_ms=1008.5'),4
FANOUT,K75,Exception('timeout_or_slo_miss: completed=51/75 errors=24 elapsed_ms=1004.1'),1
FANOUT,K75,Exception('timeout_or_slo_miss: completed=51/75 errors=24 elapsed_ms=1002.5'),4
FANOUT,K75,Exception('timeout_or_slo_miss: completed=43/75 errors=32 elapsed_ms=1015.4'),1
FANOUT,K75,Exception('timeout_or_slo_miss: completed=51/75 errors=24 elapsed_ms=1002.3'),2
FANOUT,K75,Exception('timeout_or_slo_miss: completed=52/75 errors=23 elapsed_ms=1006.2'),5
FANOUT,K75,Exception('timeout_or_slo_miss: completed=46/75 errors=29 elapsed_ms=1013.2'),4
FANOUT,K75,Exception('timeout_or_slo_miss: completed=52/75 errors=23 elapsed_ms=1008.5'),3
FANOUT,K75,Exception('timeout_or_slo_miss: completed=53/75 errors=22 elapsed_ms=1010.0'),1
FANOUT,K75,Exception('timeout_or_slo_miss: completed=53/75 errors=22 elapsed_ms=1006.7'),1
FANOUT,K75,Exception('timeout_or_slo_miss: completed=52/75 errors=23 elapsed_ms=1009.9'),1
FANOUT,K75,Exception('timeout_or_slo_miss: completed=45/75 errors=30 elapsed_ms=1009.9'),2
FANOUT,K75,Exception('timeout_or_slo_miss: completed=45/75 errors=30 elapsed_ms=1019.1'),1
FANOUT,K75,Exception('timeout_or_slo_miss: completed=47/75 errors=28 elapsed_ms=1026.8'),1
FANOUT,K75,Exception('timeout_or_slo_miss: completed=49/75 errors=26 elapsed_ms=1014.7'),1
FANOUT,K75,Exception('timeout_or_slo_miss: completed=45/75 errors=30 elapsed_ms=1014.0'),3
FANOUT,K75,Exception('timeout_or_slo_miss: completed=46/75 errors=29 elapsed_ms=1013.3'),4
FANOUT,K75,Exception('timeout_or_slo_miss: completed=46/75 errors=29 elapsed_ms=1012.9'),6
FANOUT,K75,Exception('timeout_or_slo_miss: completed=46/75 errors=29 elapsed_ms=1011.3'),2
FANOUT,K75,Exception('timeout_or_slo_miss: completed=48/75 errors=27 elapsed_ms=1025.1'),1
FANOUT,K75,Exception('timeout_or_slo_miss: completed=45/75 errors=30 elapsed_ms=1011.3'),1
FANOUT,K75,Exception('timeout_or_slo_miss: completed=52/75 errors=23 elapsed_ms=1006.4'),2
FANOUT,K75,Exception('timeout_or_slo_miss: completed=50/75 errors=25 elapsed_ms=1007.2'),10
FANOUT,K75,Exception('timeout_or_slo_miss: completed=54/75 errors=21 elapsed_ms=1004.5'),1
FANOUT,K75,Exception('timeout_or_slo_miss: completed=52/75 errors=23 elapsed_ms=1004.4'),3
FANOUT,K75,Exception('timeout_or_slo_miss: completed=51/75 errors=24 elapsed_ms=1015.2'),1
FANOUT,K75,Exception('timeout_or_slo_miss: completed=43/75 errors=32 elapsed_ms=1219.9'),1
FANOUT,K75,Exception('timeout_or_slo_miss: completed=42/75 errors=33 elapsed_ms=1016.2'),1
FANOUT,K75,Exception('timeout_or_slo_miss: completed=49/75 errors=26 elapsed_ms=1186.6'),1
FANOUT,K75,Exception('timeout_or_slo_miss: completed=49/75 errors=26 elapsed_ms=1015.8'),2
FANOUT,K75,Exception('timeout_or_slo_miss: completed=47/75 errors=28 elapsed_ms=1006.2'),1
FANOUT,K75,Exception('timeout_or_slo_miss: completed=55/75 errors=0 elapsed_ms=2614.2'),1
FANOUT,K75,Exception('timeout_or_slo_miss: completed=42/75 errors=33 elapsed_ms=1012.9'),1
FANOUT,K75,Exception('timeout_or_slo_miss: completed=46/75 errors=29 elapsed_ms=1011.2'),4
FANOUT,K75,Exception('timeout_or_slo_miss: completed=41/75 errors=34 elapsed_ms=1015.4'),1
FANOUT,K75,Exception('timeout_or_slo_miss: completed=42/75 errors=33 elapsed_ms=1019.3'),1
FANOUT,K75,Exception('timeout_or_slo_miss: completed=41/75 errors=21 elapsed_ms=3677.0'),1
FANOUT,K75,Exception('timeout_or_slo_miss: completed=47/75 errors=28 elapsed_ms=1018.2'),2
FANOUT,K75,Exception('timeout_or_slo_miss: completed=46/75 errors=29 elapsed_ms=1016.0'),3
FANOUT,K75,Exception('timeout_or_slo_miss: completed=53/75 errors=22 elapsed_ms=1004.6'),7
FANOUT,K75,Exception('timeout_or_slo_miss: completed=49/75 errors=26 elapsed_ms=1012.6'),3
FANOUT,K75,Exception('timeout_or_slo_miss: completed=48/75 errors=27 elapsed_ms=1016.8'),1
FANOUT,K75,Exception('timeout_or_slo_miss: completed=44/75 errors=31 elapsed_ms=1502.9'),1
FANOUT,K75,Exception('timeout_or_slo_miss: completed=53/75 errors=22 elapsed_ms=1009.6'),1
FANOUT,K75,Exception('timeout_or_slo_miss: completed=36/75 errors=39 elapsed_ms=1031.0'),1
FANOUT,K75,Exception('timeout_or_slo_miss: completed=43/75 errors=32 elapsed_ms=1017.4'),3
FANOUT,K75,Exception('timeout_or_slo_miss: completed=49/75 errors=26 elapsed_ms=1004.0'),1
FANOUT,K75,Exception('timeout_or_slo_miss: completed=46/75 errors=29 elapsed_ms=1014.4'),5
FANOUT,K75,Exception('timeout_or_slo_miss: completed=42/75 errors=33 elapsed_ms=1020.2'),1
FANOUT,K75,Exception('timeout_or_slo_miss: completed=43/75 errors=32 elapsed_ms=1015.7'),4
FANOUT,K75,Exception('timeout_or_slo_miss: completed=51/75 errors=24 elapsed_ms=1010.1'),5
FANOUT,K75,Exception('timeout_or_slo_miss: completed=52/75 errors=23 elapsed_ms=1001.8'),2
FANOUT,K75,Exception('timeout_or_slo_miss: completed=45/75 errors=30 elapsed_ms=1014.9'),2
FANOUT,K75,Exception('timeout_or_slo_miss: completed=47/75 errors=28 elapsed_ms=1008.9'),1
FANOUT,K75,Exception('timeout_or_slo_miss: completed=48/75 errors=27 elapsed_ms=1003.6'),1
FANOUT,K75,Exception('timeout_or_slo_miss: completed=49/75 errors=26 elapsed_ms=1011.6'),5
FANOUT,K75,Exception('timeout_or_slo_miss: completed=49/75 errors=26 elapsed_ms=1014.2'),2
FANOUT,K75,Exception('timeout_or_slo_miss: completed=49/75 errors=26 elapsed_ms=1008.0'),1
FANOUT,K75,Exception('timeout_or_slo_miss: completed=47/75 errors=28 elapsed_ms=1013.8'),5
FANOUT,K75,Exception('timeout_or_slo_miss: completed=52/75 errors=23 elapsed_ms=1005.6'),3
FANOUT,K75,Exception('timeout_or_slo_miss: completed=45/75 errors=30 elapsed_ms=1014.8'),2
FANOUT,K75,Exception('timeout_or_slo_miss: completed=48/75 errors=27 elapsed_ms=1006.1'),1
FANOUT,K75,Exception('timeout_or_slo_miss: completed=41/75 errors=34 elapsed_ms=1017.3'),1
FANOUT,K75,Exception('timeout_or_slo_miss: completed=42/75 errors=33 elapsed_ms=1020.3'),2
FANOUT,K75,Exception('timeout_or_slo_miss: completed=53/75 errors=22 elapsed_ms=1209.4'),1
FANOUT,K75,Exception('timeout_or_slo_miss: completed=45/75 errors=30 elapsed_ms=1055.2'),1
FANOUT,K75,Exception('timeout_or_slo_miss: completed=52/75 errors=23 elapsed_ms=1009.0'),3
FANOUT,K75,Exception('timeout_or_slo_miss: completed=48/75 errors=27 elapsed_ms=1016.5'),3
FANOUT,K75,Exception('timeout_or_slo_miss: completed=38/75 errors=37 elapsed_ms=1019.0'),1
FANOUT,K75,Exception('timeout_or_slo_miss: completed=54/75 errors=21 elapsed_ms=1003.0'),13
FANOUT,K75,Exception('timeout_or_slo_miss: completed=48/75 errors=27 elapsed_ms=1008.2'),1
FANOUT,K75,Exception('timeout_or_slo_miss: completed=49/75 errors=26 elapsed_ms=1005.6'),3
FANOUT,K75,Exception('timeout_or_slo_miss: completed=53/75 errors=22 elapsed_ms=1007.7'),4
FANOUT,K75,Exception('timeout_or_slo_miss: completed=40/75 errors=35 elapsed_ms=1018.0'),1
FANOUT,K75,Exception('timeout_or_slo_miss: completed=49/75 errors=26 elapsed_ms=1010.4'),4
FANOUT,K75,Exception('timeout_or_slo_miss: completed=42/75 errors=33 elapsed_ms=1013.8'),1
FANOUT,K75,Exception('timeout_or_slo_miss: completed=43/75 errors=32 elapsed_ms=1020.0'),1
FANOUT,K75,Exception('timeout_or_slo_miss: completed=49/75 errors=26 elapsed_ms=1017.6'),1
FANOUT,K75,Exception('timeout_or_slo_miss: completed=40/75 errors=35 elapsed_ms=1022.1'),1
FANOUT,K75,Exception('timeout_or_slo_miss: completed=49/75 errors=26 elapsed_ms=1012.4'),3
FANOUT,K75,Exception('timeout_or_slo_miss: completed=46/75 errors=29 elapsed_ms=1012.4'),8
FANOUT,K75,Exception('timeout_or_slo_miss: completed=49/75 errors=26 elapsed_ms=1010.6'),6
FANOUT,K75,Exception('timeout_or_slo_miss: completed=51/75 errors=24 elapsed_ms=1010.4'),3
FANOUT,K75,Exception('timeout_or_slo_miss: completed=48/75 errors=27 elapsed_ms=1010.4'),4
FANOUT,K75,Exception('timeout_or_slo_miss: completed=52/75 errors=23 elapsed_ms=1007.5'),6
FANOUT,K75,Exception('timeout_or_slo_miss: completed=51/75 errors=24 elapsed_ms=1014.8'),1
FANOUT,K75,Exception('timeout_or_slo_miss: completed=50/75 errors=25 elapsed_ms=1012.4'),3
FANOUT,K75,Exception('timeout_or_slo_miss: completed=48/75 errors=27 elapsed_ms=1007.4'),3
FANOUT,K75,Exception('timeout_or_slo_miss: completed=52/75 errors=23 elapsed_ms=1003.4'),3
FANOUT,K75,Exception('timeout_or_slo_miss: completed=53/75 errors=22 elapsed_ms=1014.0'),1
FANOUT,K75,Exception('timeout_or_slo_miss: completed=43/75 errors=32 elapsed_ms=1014.9'),1
FANOUT,K75,Exception('timeout_or_slo_miss: completed=47/75 errors=28 elapsed_ms=1009.5'),1
FANOUT,K75,Exception('timeout_or_slo_miss: completed=45/75 errors=30 elapsed_ms=1009.2'),1
FANOUT,K75,Exception('timeout_or_slo_miss: completed=44/75 errors=31 elapsed_ms=1034.6'),1
FANOUT,K75,Exception('timeout_or_slo_miss: completed=45/75 errors=30 elapsed_ms=1017.9'),1
FANOUT,K75,Exception('timeout_or_slo_miss: completed=44/75 errors=31 elapsed_ms=1062.8'),1
FANOUT,K75,Exception('timeout_or_slo_miss: completed=48/75 errors=27 elapsed_ms=1014.1'),4
FANOUT,K75,Exception('timeout_or_slo_miss: completed=51/75 errors=24 elapsed_ms=1013.7'),1
FANOUT,K75,Exception('timeout_or_slo_miss: completed=46/75 errors=29 elapsed_ms=1018.0'),1
FANOUT,K75,Exception('timeout_or_slo_miss: completed=51/75 errors=24 elapsed_ms=1012.9'),2
FANOUT,K75,Exception('timeout_or_slo_miss: completed=44/75 errors=31 elapsed_ms=1018.9'),1
FANOUT,K75,Exception('timeout_or_slo_miss: completed=40/75 errors=35 elapsed_ms=1046.5'),1
FANOUT,K75,Exception('timeout_or_slo_miss: completed=48/75 errors=27 elapsed_ms=1014.6'),2
FANOUT,K75,Exception('timeout_or_slo_miss: completed=43/75 errors=32 elapsed_ms=1016.0'),1
FANOUT,K75,Exception('subread_error: completed=63/75 errors=12'),1
FANOUT,K75,Exception('timeout_or_slo_miss: completed=51/75 errors=24 elapsed_ms=1009.2'),7
FANOUT,K75,Exception('timeout_or_slo_miss: completed=39/75 errors=36 elapsed_ms=1018.0'),1
FANOUT,K75,Exception('timeout_or_slo_miss: completed=50/75 errors=25 elapsed_ms=1010.5'),5
FANOUT,K75,Exception('timeout_or_slo_miss: completed=53/75 errors=22 elapsed_ms=1004.9'),1
FANOUT,K75,Exception('timeout_or_slo_miss: completed=43/75 errors=32 elapsed_ms=1018.4'),2
FANOUT,K75,Exception('timeout_or_slo_miss: completed=49/75 errors=26 elapsed_ms=1010.8'),3
FANOUT,K75,Exception('timeout_or_slo_miss: completed=44/75 errors=31 elapsed_ms=1013.4'),2
FANOUT,K75,Exception('timeout_or_slo_miss: completed=50/75 errors=25 elapsed_ms=1012.3'),6
FANOUT,K75,Exception('timeout_or_slo_miss: completed=49/75 errors=26 elapsed_ms=1006.2'),3
FANOUT,K75,Exception('timeout_or_slo_miss: completed=49/75 errors=26 elapsed_ms=1009.1'),8
FANOUT,K75,Exception('timeout_or_slo_miss: completed=46/75 errors=29 elapsed_ms=1019.9'),2
FANOUT,K75,Exception('timeout_or_slo_miss: completed=46/75 errors=29 elapsed_ms=1018.3'),2
FANOUT,K75,Exception('timeout_or_slo_miss: completed=45/75 errors=30 elapsed_ms=1016.4'),4
FANOUT,K75,Exception('timeout_or_slo_miss: completed=48/75 errors=27 elapsed_ms=1014.9'),1
FANOUT,K75,Exception('timeout_or_slo_miss: completed=49/75 errors=26 elapsed_ms=1006.0'),3
FANOUT,K75,Exception('timeout_or_slo_miss: completed=40/75 errors=35 elapsed_ms=1020.6'),1
FANOUT,K75,Exception('subread_error: completed=58/75 errors=17'),69
FANOUT,K75,Exception('timeout_or_slo_miss: completed=41/75 errors=34 elapsed_ms=1022.6'),1
FANOUT,K75,Exception('timeout_or_slo_miss: completed=51/75 errors=24 elapsed_ms=1006.7'),8
FANOUT,K75,Exception('timeout_or_slo_miss: completed=47/75 errors=28 elapsed_ms=1010.9'),3
FANOUT,K75,Exception('timeout_or_slo_miss: completed=52/75 errors=23 elapsed_ms=1001.7'),1
FANOUT,K75,Exception('timeout_or_slo_miss: completed=42/75 errors=33 elapsed_ms=1022.9'),1
FANOUT,K75,Exception('timeout_or_slo_miss: completed=47/75 errors=28 elapsed_ms=1022.7'),1
FANOUT,K75,Exception('timeout_or_slo_miss: completed=47/75 errors=28 elapsed_ms=1017.9'),3
FANOUT,K75,Exception('timeout_or_slo_miss: completed=47/75 errors=28 elapsed_ms=1010.7'),3
FANOUT,K75,Exception('timeout_or_slo_miss: completed=52/75 errors=23 elapsed_ms=1003.1'),6
FANOUT,K75,Exception('timeout_or_slo_miss: completed=51/75 errors=24 elapsed_ms=1014.3'),1
FANOUT,K75,Exception('timeout_or_slo_miss: completed=47/75 errors=28 elapsed_ms=1011.0'),2
FANOUT,K75,Exception('timeout_or_slo_miss: completed=44/75 errors=31 elapsed_ms=1019.2'),1
FANOUT,K75,Exception('timeout_or_slo_miss: completed=43/75 errors=32 elapsed_ms=1013.6'),1
FANOUT,K75,Exception('timeout_or_slo_miss: completed=48/75 errors=27 elapsed_ms=1007.2'),1
FANOUT,K75,Exception('timeout_or_slo_miss: completed=46/75 errors=29 elapsed_ms=1024.0'),1
FANOUT,K75,Exception('timeout_or_slo_miss: completed=52/75 errors=23 elapsed_ms=1002.2'),2
FANOUT,K75,Exception('timeout_or_slo_miss: completed=44/75 errors=31 elapsed_ms=1022.3'),2
FANOUT,K75,Exception('timeout_or_slo_miss: completed=50/75 errors=25 elapsed_ms=1004.9'),3
FANOUT,K75,Exception('timeout_or_slo_miss: completed=41/75 errors=34 elapsed_ms=1015.5'),1
FANOUT,K75,Exception('timeout_or_slo_miss: completed=49/75 errors=26 elapsed_ms=1011.7'),6
FANOUT,K75,Exception('timeout_or_slo_miss: completed=48/75 errors=27 elapsed_ms=1005.2'),1
FANOUT,K75,Exception('timeout_or_slo_miss: completed=49/75 errors=26 elapsed_ms=1008.2'),2
FANOUT,K75,Exception('timeout_or_slo_miss: completed=50/75 errors=25 elapsed_ms=1002.4'),1
FANOUT,K75,Exception('timeout_or_slo_miss: completed=45/75 errors=30 elapsed_ms=1018.2'),2
FANOUT,K75,Exception('timeout_or_slo_miss: completed=45/75 errors=30 elapsed_ms=1016.5'),2
FANOUT,K75,Exception('timeout_or_slo_miss: completed=50/75 errors=25 elapsed_ms=1015.5'),2
FANOUT,K75,Exception('subread_error: completed=46/75 errors=29'),1
FANOUT,K75,Exception('timeout_or_slo_miss: completed=51/75 errors=24 elapsed_ms=1004.9'),5
FANOUT,K75,Exception('timeout_or_slo_miss: completed=47/75 errors=28 elapsed_ms=1015.8'),3
FANOUT,K75,Exception('timeout_or_slo_miss: completed=49/75 errors=26 elapsed_ms=1007.7'),6
FANOUT,K75,Exception('timeout_or_slo_miss: completed=53/75 errors=22 elapsed_ms=1001.5'),2
FANOUT,K75,Exception('timeout_or_slo_miss: completed=51/75 errors=24 elapsed_ms=1002.2'),1
FANOUT,K75,Exception('timeout_or_slo_miss: completed=54/75 errors=21 elapsed_ms=1002.2'),10
FANOUT,K75,Exception('timeout_or_slo_miss: completed=53/75 errors=22 elapsed_ms=1003.2'),9
FANOUT,K75,Exception('timeout_or_slo_miss: completed=50/75 errors=25 elapsed_ms=1007.0'),7
FANOUT,K75,Exception('timeout_or_slo_miss: completed=53/75 errors=22 elapsed_ms=1002.7'),13
FANOUT,K75,Exception('timeout_or_slo_miss: completed=52/75 errors=23 elapsed_ms=1005.1'),8
FANOUT,K75,Exception('timeout_or_slo_miss: completed=52/75 errors=23 elapsed_ms=1010.1'),2
FANOUT,K75,Exception('timeout_or_slo_miss: completed=49/75 errors=26 elapsed_ms=1017.7'),1
FANOUT,K75,Exception('timeout_or_slo_miss: completed=48/75 errors=27 elapsed_ms=1013.4'),5
FANOUT,K75,Exception('timeout_or_slo_miss: completed=46/75 errors=29 elapsed_ms=1024.9'),1
FANOUT,K75,Exception('timeout_or_slo_miss: completed=54/75 errors=21 elapsed_ms=1003.2'),10
FANOUT,K75,Exception('timeout_or_slo_miss: completed=46/75 errors=29 elapsed_ms=1018.5'),4
FANOUT,K75,Exception('timeout_or_slo_miss: completed=45/75 errors=30 elapsed_ms=1013.4'),2
FANOUT,K75,Exception('timeout_or_slo_miss: completed=49/75 errors=26 elapsed_ms=1014.8'),3
FANOUT,K75,Exception('timeout_or_slo_miss: completed=48/75 errors=27 elapsed_ms=1019.6'),1
FANOUT,K75,Exception('timeout_or_slo_miss: completed=50/75 errors=25 elapsed_ms=1008.1'),5
FANOUT,K75,Exception('timeout_or_slo_miss: completed=49/75 errors=26 elapsed_ms=1010.2'),8
FANOUT,K75,Exception('timeout_or_slo_miss: completed=44/75 errors=31 elapsed_ms=1015.5'),1
FANOUT,K75,Exception('timeout_or_slo_miss: completed=49/75 errors=26 elapsed_ms=1007.2'),5
FANOUT,K75,Exception('timeout_or_slo_miss: completed=48/75 errors=27 elapsed_ms=1017.0'),1
FANOUT,K75,Exception('timeout_or_slo_miss: completed=48/75 errors=27 elapsed_ms=1014.4'),3
FANOUT,K75,Exception('timeout_or_slo_miss: completed=49/75 errors=26 elapsed_ms=1007.6'),3
FANOUT,K75,Exception('timeout_or_slo_miss: completed=51/75 errors=24 elapsed_ms=1008.2'),4
FANOUT,K75,Exception('timeout_or_slo_miss: completed=50/75 errors=13 elapsed_ms=1542.1'),1
FANOUT,K75,Exception('timeout_or_slo_miss: completed=47/75 errors=24 elapsed_ms=1511.2'),1
FANOUT,K75,Exception('timeout_or_slo_miss: completed=54/75 errors=21 elapsed_ms=1004.9'),1
FANOUT,K75,Exception('timeout_or_slo_miss: completed=53/75 errors=22 elapsed_ms=1007.5'),1
FANOUT,K75,Exception('timeout_or_slo_miss: completed=53/75 errors=22 elapsed_ms=1009.8'),3
FANOUT,K75,Exception('timeout_or_slo_miss: completed=46/75 errors=29 elapsed_ms=1008.8'),2
FANOUT,K75,Exception('timeout_or_slo_miss: completed=52/75 errors=23 elapsed_ms=1004.1'),1
FANOUT,K75,Exception('timeout_or_slo_miss: completed=47/75 errors=28 elapsed_ms=1016.1'),2
FANOUT,K75,Exception('timeout_or_slo_miss: completed=45/75 errors=30 elapsed_ms=1018.0'),2
FANOUT,K75,Exception('timeout_or_slo_miss: completed=45/75 errors=30 elapsed_ms=1021.1'),1
FANOUT,K75,Exception('timeout_or_slo_miss: completed=53/75 errors=22 elapsed_ms=1006.5'),2
FANOUT,K75,Exception('timeout_or_slo_miss: completed=50/75 errors=25 elapsed_ms=1011.0'),6
FANOUT,K75,Exception('timeout_or_slo_miss: completed=47/75 errors=28 elapsed_ms=1012.8'),3
FANOUT,K75,Exception('timeout_or_slo_miss: completed=48/75 errors=27 elapsed_ms=1006.0'),1
FANOUT,K75,Exception('timeout_or_slo_miss: completed=53/75 errors=22 elapsed_ms=1002.6'),14
FANOUT,K75,Exception('timeout_or_slo_miss: completed=47/75 errors=28 elapsed_ms=1013.4'),4
FANOUT,K75,Exception('timeout_or_slo_miss: completed=49/75 errors=26 elapsed_ms=1011.1'),7
FANOUT,K75,Exception('timeout_or_slo_miss: completed=53/75 errors=22 elapsed_ms=1009.3'),1
FANOUT,K75,Exception('timeout_or_slo_miss: completed=50/75 errors=25 elapsed_ms=1003.3'),1
FANOUT,K75,Exception('timeout_or_slo_miss: completed=49/75 errors=26 elapsed_ms=1013.0'),4
FANOUT,K75,Exception('timeout_or_slo_miss: completed=49/75 errors=26 elapsed_ms=1012.3'),3
FANOUT,K75,Exception('timeout_or_slo_miss: completed=49/75 errors=26 elapsed_ms=1018.0'),2
FANOUT,K75,Exception('timeout_or_slo_miss: completed=45/75 errors=30 elapsed_ms=1013.8'),4
FANOUT,K75,Exception('timeout_or_slo_miss: completed=51/75 errors=24 elapsed_ms=1006.9'),2
FANOUT,K75,Exception('timeout_or_slo_miss: completed=51/75 errors=24 elapsed_ms=1020.2'),1
FANOUT,K75,Exception('timeout_or_slo_miss: completed=42/75 errors=33 elapsed_ms=1018.2'),1
FANOUT,K75,Exception('timeout_or_slo_miss: completed=45/75 errors=30 elapsed_ms=1012.8'),1
FANOUT,K75,Exception('timeout_or_slo_miss: completed=50/75 errors=25 elapsed_ms=1012.7'),4
FANOUT,K75,Exception('timeout_or_slo_miss: completed=44/75 errors=31 elapsed_ms=1020.9'),1
FANOUT,K75,Exception('timeout_or_slo_miss: completed=45/75 errors=30 elapsed_ms=1016.8'),1
FANOUT,K75,Exception('timeout_or_slo_miss: completed=50/75 errors=25 elapsed_ms=1012.8'),1
FANOUT,K75,Exception('timeout_or_slo_miss: completed=48/75 errors=27 elapsed_ms=1012.1'),3
FANOUT,K75,Exception('timeout_or_slo_miss: completed=46/75 errors=29 elapsed_ms=1009.3'),2
FANOUT,K75,Exception('timeout_or_slo_miss: completed=49/75 errors=26 elapsed_ms=1012.7'),1
FANOUT,K75,Exception('timeout_or_slo_miss: completed=50/75 errors=25 elapsed_ms=1005.1'),3
FANOUT,K75,Exception('timeout_or_slo_miss: completed=41/75 errors=34 elapsed_ms=1014.7'),1
FANOUT,K75,Exception('timeout_or_slo_miss: completed=42/75 errors=33 elapsed_ms=1021.0'),2
FANOUT,K75,Exception('timeout_or_slo_miss: completed=51/75 errors=24 elapsed_ms=1005.8'),3
FANOUT,K75,Exception('timeout_or_slo_miss: completed=43/75 errors=32 elapsed_ms=1019.0'),1
FANOUT,K75,Exception('timeout_or_slo_miss: completed=49/75 errors=26 elapsed_ms=1008.4'),5
FANOUT,K75,Exception('timeout_or_slo_miss: completed=48/75 errors=27 elapsed_ms=1019.5'),1
FANOUT,K75,Exception('timeout_or_slo_miss: completed=50/75 errors=25 elapsed_ms=1020.9'),1
FANOUT,K75,Exception('timeout_or_slo_miss: completed=54/75 errors=21 elapsed_ms=1002.8'),15
FANOUT,K75,Exception('timeout_or_slo_miss: completed=47/75 errors=28 elapsed_ms=1007.2'),1
FANOUT,K75,Exception('timeout_or_slo_miss: completed=51/75 errors=24 elapsed_ms=1032.1'),1
FANOUT,K75,Exception('timeout_or_slo_miss: completed=49/75 errors=26 elapsed_ms=1023.7'),1
FANOUT,K75,Exception('timeout_or_slo_miss: completed=48/75 errors=27 elapsed_ms=1008.7'),1
FANOUT,K75,Exception('timeout_or_slo_miss: completed=46/75 errors=29 elapsed_ms=1008.6'),1
FANOUT,K75,Exception('timeout_or_slo_miss: completed=44/75 errors=31 elapsed_ms=1012.5'),2
FANOUT,K75,Exception('timeout_or_slo_miss: completed=50/75 errors=25 elapsed_ms=1013.7'),3
FANOUT,K75,Exception('timeout_or_slo_miss: completed=42/75 errors=33 elapsed_ms=1017.0'),1
FANOUT,K75,Exception('timeout_or_slo_miss: completed=49/75 errors=26 elapsed_ms=1011.0'),3
FANOUT,K75,Exception('timeout_or_slo_miss: completed=42/75 errors=33 elapsed_ms=1026.4'),1
FANOUT,K75,Exception('timeout_or_slo_miss: completed=50/75 errors=25 elapsed_ms=1011.3'),7
FANOUT,K75,Exception('timeout_or_slo_miss: completed=53/75 errors=22 elapsed_ms=1013.7'),1
FANOUT,K75,Exception('timeout_or_slo_miss: completed=51/75 errors=24 elapsed_ms=1009.9'),5
FANOUT,K75,Exception('timeout_or_slo_miss: completed=51/75 errors=24 elapsed_ms=1002.0'),2
FANOUT,K75,Exception('timeout_or_slo_miss: completed=49/75 errors=26 elapsed_ms=1004.5'),1
FANOUT,K75,Exception('timeout_or_slo_miss: completed=43/75 errors=32 elapsed_ms=1019.2'),2
FANOUT,K75,Exception('timeout_or_slo_miss: completed=40/75 errors=35 elapsed_ms=1024.8'),1
FANOUT,K75,Exception('timeout_or_slo_miss: completed=47/75 errors=28 elapsed_ms=1018.3'),1
FANOUT,K75,Exception('timeout_or_slo_miss: completed=51/75 errors=24 elapsed_ms=1004.8'),2
FANOUT,K75,Exception('timeout_or_slo_miss: completed=50/75 errors=25 elapsed_ms=1014.6'),1
FANOUT,K75,Exception('timeout_or_slo_miss: completed=52/75 errors=23 elapsed_ms=1004.0'),2
FANOUT,K75,Exception('timeout_or_slo_miss: completed=50/75 errors=25 elapsed_ms=1014.2'),1
FANOUT,K75,Exception('timeout_or_slo_miss: completed=47/75 errors=28 elapsed_ms=1016.6'),2
FANOUT,K75,Exception('timeout_or_slo_miss: completed=48/75 errors=27 elapsed_ms=1012.9'),4
FANOUT,K75,Exception('timeout_or_slo_miss: completed=51/75 errors=24 elapsed_ms=1005.2'),4
FANOUT,K75,Exception('timeout_or_slo_miss: completed=53/75 errors=22 elapsed_ms=1010.4'),1
FANOUT,K75,Exception('timeout_or_slo_miss: completed=52/75 errors=23 elapsed_ms=1008.0'),6
FANOUT,K75,Exception('timeout_or_slo_miss: completed=47/75 errors=28 elapsed_ms=1016.9'),2
FANOUT,K75,Exception('timeout_or_slo_miss: completed=51/75 errors=24 elapsed_ms=1006.4'),4
FANOUT,K75,Exception('timeout_or_slo_miss: completed=49/75 errors=26 elapsed_ms=1017.2'),2
FANOUT,K75,Exception('timeout_or_slo_miss: completed=42/75 errors=33 elapsed_ms=1013.1'),1
FANOUT,K75,Exception('timeout_or_slo_miss: completed=51/75 errors=24 elapsed_ms=1010.8'),4
FANOUT,K75,Exception('timeout_or_slo_miss: completed=49/75 errors=26 elapsed_ms=1011.3'),11
FANOUT,K75,Exception('timeout_or_slo_miss: completed=51/75 errors=24 elapsed_ms=1008.9'),9
FANOUT,K75,Exception('timeout_or_slo_miss: completed=44/75 errors=31 elapsed_ms=1015.2'),2
FANOUT,K75,Exception('timeout_or_slo_miss: completed=43/75 errors=32 elapsed_ms=1016.4'),1
FANOUT,K75,Exception('timeout_or_slo_miss: completed=42/75 errors=33 elapsed_ms=1020.6'),1
FANOUT,K75,Exception('timeout_or_slo_miss: completed=48/75 errors=27 elapsed_ms=1014.3'),7
FANOUT,K75,Exception('timeout_or_slo_miss: completed=46/75 errors=29 elapsed_ms=1503.7'),1
FANOUT,K75,Exception('timeout_or_slo_miss: completed=51/75 errors=24 elapsed_ms=1004.3'),2
FANOUT,K75,Exception('timeout_or_slo_miss: completed=47/75 errors=28 elapsed_ms=1009.3'),3
FANOUT,K75,Exception('timeout_or_slo_miss: completed=51/75 errors=24 elapsed_ms=1003.8'),1
FANOUT,K75,Exception('timeout_or_slo_miss: completed=53/75 errors=22 elapsed_ms=1007.1'),1
FANOUT,K75,Exception('timeout_or_slo_miss: completed=46/75 errors=29 elapsed_ms=1015.9'),5
FANOUT,K75,Exception('timeout_or_slo_miss: completed=46/75 errors=29 elapsed_ms=1018.9'),2
FANOUT,K75,Exception('timeout_or_slo_miss: completed=50/75 errors=25 elapsed_ms=1014.0'),1
FANOUT,K75,Exception('timeout_or_slo_miss: completed=50/75 errors=25 elapsed_ms=1007.8'),3
FANOUT,K75,Exception('timeout_or_slo_miss: completed=44/75 errors=31 elapsed_ms=1013.1'),3
FANOUT,K75,Exception('timeout_or_slo_miss: completed=46/75 errors=29 elapsed_ms=1016.2'),3
FANOUT,K75,Exception('timeout_or_slo_miss: completed=50/75 errors=25 elapsed_ms=1005.2'),1
FANOUT,K75,Exception('timeout_or_slo_miss: completed=49/75 errors=26 elapsed_ms=1018.9'),1
FANOUT,K75,Exception('timeout_or_slo_miss: completed=52/75 errors=23 elapsed_ms=1002.8'),4
FANOUT,K75,Exception('timeout_or_slo_miss: completed=50/75 errors=25 elapsed_ms=1005.0'),2
FANOUT,K75,Exception('timeout_or_slo_miss: completed=54/75 errors=21 elapsed_ms=1005.1'),2
FANOUT,K75,Exception('timeout_or_slo_miss: completed=42/75 errors=33 elapsed_ms=1011.9'),1
FANOUT,K75,Exception('timeout_or_slo_miss: completed=50/75 errors=25 elapsed_ms=1002.0'),1
FANOUT,K75,Exception('timeout_or_slo_miss: completed=50/75 errors=25 elapsed_ms=1002.8'),1
FANOUT,K75,Exception('timeout_or_slo_miss: completed=48/75 errors=27 elapsed_ms=1009.6'),7
FANOUT,K75,Exception('timeout_or_slo_miss: completed=45/75 errors=30 elapsed_ms=1017.0'),1
FANOUT,K75,Exception('timeout_or_slo_miss: completed=47/75 errors=28 elapsed_ms=1017.0'),1
FANOUT,K75,Exception('timeout_or_slo_miss: completed=45/75 errors=30 elapsed_ms=1012.5'),2
FANOUT,K75,Exception('timeout_or_slo_miss: completed=48/75 errors=27 elapsed_ms=1015.1'),1
FANOUT,K75,Exception('timeout_or_slo_miss: completed=42/75 errors=33 elapsed_ms=1019.8'),1
FANOUT,K75,Exception('timeout_or_slo_miss: completed=45/75 errors=30 elapsed_ms=1142.1'),1
FANOUT,K75,Exception('timeout_or_slo_miss: completed=40/75 errors=35 elapsed_ms=1017.8'),1
FANOUT,K75,Exception('timeout_or_slo_miss: completed=52/75 errors=23 elapsed_ms=1009.2'),1
FANOUT,K75,Exception('timeout_or_slo_miss: completed=43/75 errors=32 elapsed_ms=1020.8'),1
FANOUT,K75,Exception('timeout_or_slo_miss: completed=51/75 errors=24 elapsed_ms=1009.5'),4
FANOUT,K75,Exception('timeout_or_slo_miss: completed=47/75 errors=28 elapsed_ms=1010.3'),2
FANOUT,K75,Exception('timeout_or_slo_miss: completed=50/75 errors=25 elapsed_ms=1009.5'),5
FANOUT,K75,Exception('timeout_or_slo_miss: completed=52/75 errors=23 elapsed_ms=1008.9'),2
FANOUT,K75,Exception('timeout_or_slo_miss: completed=39/75 errors=36 elapsed_ms=1017.9'),1
FANOUT,K75,Exception('timeout_or_slo_miss: completed=50/75 errors=25 elapsed_ms=1005.6'),2
FANOUT,K75,Exception('timeout_or_slo_miss: completed=44/75 errors=31 elapsed_ms=1016.7'),4
FANOUT,K75,Exception('timeout_or_slo_miss: completed=50/75 errors=25 elapsed_ms=1016.0'),1
FANOUT,K75,Exception('timeout_or_slo_miss: completed=44/75 errors=31 elapsed_ms=1014.6'),1
FANOUT,K75,Exception('timeout_or_slo_miss: completed=46/75 errors=29 elapsed_ms=1011.0'),2
FANOUT,K75,Exception('timeout_or_slo_miss: completed=46/75 errors=29 elapsed_ms=1016.8'),2
FANOUT,K75,Exception('timeout_or_slo_miss: completed=46/75 errors=17 elapsed_ms=2357.6'),1
FANOUT,K75,Exception('timeout_or_slo_miss: completed=50/75 errors=25 elapsed_ms=1008.0'),5
FANOUT,K75,Exception('timeout_or_slo_miss: completed=37/75 errors=18 elapsed_ms=9578.1'),1
FANOUT,K75,Exception('timeout_or_slo_miss: completed=54/75 errors=21 elapsed_ms=1007.5'),1
FANOUT,K75,Exception('timeout_or_slo_miss: completed=52/75 errors=23 elapsed_ms=1006.0'),3
FANOUT,K75,Exception('timeout_or_slo_miss: completed=54/75 errors=21 elapsed_ms=1002.6'),9
FANOUT,K75,Exception('timeout_or_slo_miss: completed=54/75 errors=21 elapsed_ms=1006.7'),1
FANOUT,K75,Exception('timeout_or_slo_miss: completed=44/75 errors=31 elapsed_ms=1021.0'),1
FANOUT,K75,Exception('timeout_or_slo_miss: completed=47/75 errors=28 elapsed_ms=1011.6'),4
FANOUT,K75,Exception('timeout_or_slo_miss: completed=47/75 errors=28 elapsed_ms=1013.3'),2
FANOUT,K75,Exception('timeout_or_slo_miss: completed=45/75 errors=30 elapsed_ms=1013.2'),2
FANOUT,K75,Exception('timeout_or_slo_miss: completed=50/75 errors=25 elapsed_ms=1017.5'),1
FANOUT,K75,Exception('timeout_or_slo_miss: completed=49/75 errors=26 elapsed_ms=1013.9'),2
FANOUT,K75,Exception('timeout_or_slo_miss: completed=51/75 errors=24 elapsed_ms=1014.7'),1
FANOUT,K75,Exception('timeout_or_slo_miss: completed=45/75 errors=30 elapsed_ms=1014.5'),2
FANOUT,K75,Exception('timeout_or_slo_miss: completed=52/75 errors=23 elapsed_ms=1036.5'),1
FANOUT,K75,Exception('timeout_or_slo_miss: completed=46/75 errors=29 elapsed_ms=1012.6'),2
FANOUT,K75,Exception('timeout_or_slo_miss: completed=47/75 errors=28 elapsed_ms=1014.0'),3
FANOUT,K75,Exception('timeout_or_slo_miss: completed=49/75 errors=26 elapsed_ms=1008.3'),3
FANOUT,K75,Exception('timeout_or_slo_miss: completed=52/75 errors=23 elapsed_ms=1011.5'),2
FANOUT,K75,Exception('timeout_or_slo_miss: completed=43/75 errors=32 elapsed_ms=1019.6'),1
FANOUT,K75,Exception('timeout_or_slo_miss: completed=46/75 errors=29 elapsed_ms=1009.1'),2
FANOUT,K75,Exception('timeout_or_slo_miss: completed=48/75 errors=27 elapsed_ms=1017.7'),2
FANOUT,K75,Exception('timeout_or_slo_miss: completed=50/75 errors=25 elapsed_ms=1014.5'),2
FANOUT,K75,Exception('timeout_or_slo_miss: completed=45/75 errors=30 elapsed_ms=1018.5'),2
FANOUT,K75,Exception('timeout_or_slo_miss: completed=51/75 errors=24 elapsed_ms=1002.6'),2
FANOUT,K75,Exception('timeout_or_slo_miss: completed=48/75 errors=27 elapsed_ms=1006.4'),1
FANOUT,K75,Exception('timeout_or_slo_miss: completed=48/75 errors=27 elapsed_ms=1017.1'),2
FANOUT,K75,Exception('timeout_or_slo_miss: completed=47/75 errors=28 elapsed_ms=1039.2'),1
FANOUT,K75,Exception('timeout_or_slo_miss: completed=46/75 errors=29 elapsed_ms=1013.6'),5
FANOUT,K75,Exception('timeout_or_slo_miss: completed=54/75 errors=21 elapsed_ms=1011.3'),1
FANOUT,K75,Exception('timeout_or_slo_miss: completed=48/75 errors=27 elapsed_ms=1013.9'),6
FANOUT,K75,Exception('timeout_or_slo_miss: completed=53/75 errors=22 elapsed_ms=1007.6'),2
FANOUT,K75,Exception('timeout_or_slo_miss: completed=49/75 errors=26 elapsed_ms=1018.5'),1
FANOUT,K75,Exception('timeout_or_slo_miss: completed=45/75 errors=30 elapsed_ms=1013.0'),1
FANOUT,K75,Exception('timeout_or_slo_miss: completed=44/75 errors=31 elapsed_ms=1019.5'),1
FANOUT,K75,Exception('timeout_or_slo_miss: completed=46/75 errors=29 elapsed_ms=1015.8'),4
FANOUT,K75,Exception('timeout_or_slo_miss: completed=45/75 errors=30 elapsed_ms=1019.5'),1
FANOUT,K75,Exception('timeout_or_slo_miss: completed=50/75 errors=25 elapsed_ms=1012.0'),3
FANOUT,K75,Exception('timeout_or_slo_miss: completed=53/75 errors=22 elapsed_ms=1005.3'),5
FANOUT,K75,Exception('timeout_or_slo_miss: completed=50/75 errors=25 elapsed_ms=1005.5'),3
FANOUT,K75,Exception('timeout_or_slo_miss: completed=42/75 errors=33 elapsed_ms=1017.6'),2
FANOUT,K75,Exception('timeout_or_slo_miss: completed=48/75 errors=27 elapsed_ms=1011.3'),7
FANOUT,K75,Exception('timeout_or_slo_miss: completed=38/75 errors=37 elapsed_ms=1046.8'),1
FANOUT,K75,Exception('timeout_or_slo_miss: completed=51/75 errors=24 elapsed_ms=1010.9'),2
FANOUT,K75,Exception('timeout_or_slo_miss: completed=50/75 errors=25 elapsed_ms=1006.4'),6
FANOUT,K75,Exception('timeout_or_slo_miss: completed=46/75 errors=29 elapsed_ms=1012.5'),5
FANOUT,K75,Exception('timeout_or_slo_miss: completed=53/75 errors=22 elapsed_ms=1003.1'),10
FANOUT,K75,Exception('timeout_or_slo_miss: completed=48/75 errors=27 elapsed_ms=1015.4'),1
FANOUT,K75,Exception('timeout_or_slo_miss: completed=51/75 errors=24 elapsed_ms=1008.8'),7
FANOUT,K75,Exception('timeout_or_slo_miss: completed=51/75 errors=24 elapsed_ms=1010.2'),2
FANOUT,K75,Exception('timeout_or_slo_miss: completed=45/75 errors=30 elapsed_ms=1012.9'),1
FANOUT,K75,Exception('timeout_or_slo_miss: completed=49/75 errors=26 elapsed_ms=1384.0'),1
FANOUT,K75,Exception('timeout_or_slo_miss: completed=50/75 errors=25 elapsed_ms=1007.7'),6
FANOUT,K75,Exception('timeout_or_slo_miss: completed=46/75 errors=29 elapsed_ms=1012.1'),5
FANOUT,K75,Exception('timeout_or_slo_miss: completed=54/75 errors=21 elapsed_ms=1001.2'),2
FANOUT,K75,Exception('timeout_or_slo_miss: completed=45/75 errors=30 elapsed_ms=1024.9'),1
FANOUT,K75,Exception('timeout_or_slo_miss: completed=48/75 errors=27 elapsed_ms=1015.2'),5
FANOUT,K75,Exception('timeout_or_slo_miss: completed=52/75 errors=23 elapsed_ms=1009.8'),2
FANOUT,K75,Exception('timeout_or_slo_miss: completed=42/75 errors=33 elapsed_ms=1013.2'),2
FANOUT,K75,Exception('timeout_or_slo_miss: completed=47/75 errors=28 elapsed_ms=1013.2'),4
FANOUT,K75,Exception('timeout_or_slo_miss: completed=43/75 errors=32 elapsed_ms=1016.8'),3
FANOUT,K75,Exception('timeout_or_slo_miss: completed=54/75 errors=21 elapsed_ms=1009.1'),1
FANOUT,K75,Exception('timeout_or_slo_miss: completed=46/75 errors=29 elapsed_ms=1014.5'),6
FANOUT,K75,Exception('timeout_or_slo_miss: completed=42/75 errors=33 elapsed_ms=1016.9'),2
FANOUT,K75,Exception('timeout_or_slo_miss: completed=50/75 errors=25 elapsed_ms=1008.4'),7
FANOUT,K75,Exception('timeout_or_slo_miss: completed=52/75 errors=23 elapsed_ms=1007.4'),1
FANOUT,K75,Exception('timeout_or_slo_miss: completed=46/75 errors=29 elapsed_ms=1019.3'),3
FANOUT,K75,Exception('timeout_or_slo_miss: completed=37/75 errors=20 elapsed_ms=9187.9'),1
FANOUT,K75,Exception('timeout_or_slo_miss: completed=43/75 errors=32 elapsed_ms=1017.9'),2
FANOUT,K75,Exception('timeout_or_slo_miss: completed=47/75 errors=28 elapsed_ms=1033.3'),1
FANOUT,K75,Exception('timeout_or_slo_miss: completed=47/75 errors=28 elapsed_ms=1011.1'),5
FANOUT,K75,Exception('timeout_or_slo_miss: completed=49/75 errors=26 elapsed_ms=1016.6'),1
FANOUT,K75,Exception('timeout_or_slo_miss: completed=46/75 errors=29 elapsed_ms=1014.7'),2
FANOUT,K75,Exception('timeout_or_slo_miss: completed=49/75 errors=26 elapsed_ms=1008.8'),3
FANOUT,K75,Exception('timeout_or_slo_miss: completed=48/75 errors=27 elapsed_ms=1008.3'),3
FANOUT,K75,Exception('timeout_or_slo_miss: completed=48/75 errors=27 elapsed_ms=1014.8'),4
FANOUT,K75,Exception('timeout_or_slo_miss: completed=48/75 errors=27 elapsed_ms=1013.3'),6
FANOUT,K75,Exception('timeout_or_slo_miss: completed=44/75 errors=31 elapsed_ms=1146.0'),1
FANOUT,K75,Exception('timeout_or_slo_miss: completed=46/75 errors=29 elapsed_ms=1009.9'),1
FANOUT,K75,Exception('timeout_or_slo_miss: completed=52/75 errors=23 elapsed_ms=1003.0'),8
FANOUT,K75,Exception('timeout_or_slo_miss: completed=47/75 errors=28 elapsed_ms=1010.5'),5
FANOUT,K75,Exception('timeout_or_slo_miss: completed=42/75 errors=33 elapsed_ms=1021.6'),1
FANOUT,K75,Exception('timeout_or_slo_miss: completed=50/75 errors=25 elapsed_ms=1012.5'),6
FANOUT,K75,Exception('timeout_or_slo_miss: completed=50/75 errors=25 elapsed_ms=1009.1'),4
FANOUT,K75,Exception('timeout_or_slo_miss: completed=48/75 errors=27 elapsed_ms=1014.2'),4
FANOUT,K75,Exception('timeout_or_slo_miss: completed=50/75 errors=25 elapsed_ms=1015.3'),1
FANOUT,K75,Exception('timeout_or_slo_miss: completed=47/75 errors=28 elapsed_ms=1019.9'),1
FANOUT,K75,Exception('timeout_or_slo_miss: completed=49/75 errors=26 elapsed_ms=1007.4'),6
FANOUT,K75,Exception('timeout_or_slo_miss: completed=48/75 errors=27 elapsed_ms=1009.8'),4
FANOUT,K75,Exception('timeout_or_slo_miss: completed=43/75 errors=32 elapsed_ms=1009.7'),1
FANOUT,K75,Exception('timeout_or_slo_miss: completed=47/75 errors=28 elapsed_ms=1016.0'),3
FANOUT,K75,Exception('timeout_or_slo_miss: completed=50/75 errors=25 elapsed_ms=1002.2'),1
FANOUT,K75,Exception('timeout_or_slo_miss: completed=49/75 errors=26 elapsed_ms=1007.3'),2
FANOUT,K75,Exception('timeout_or_slo_miss: completed=53/75 errors=22 elapsed_ms=1006.6'),4
FANOUT,K75,Exception('timeout_or_slo_miss: completed=52/75 errors=23 elapsed_ms=1011.1'),2
FANOUT,K75,Exception('timeout_or_slo_miss: completed=53/75 errors=22 elapsed_ms=1006.4'),3
FANOUT,K75,Exception('timeout_or_slo_miss: completed=46/75 errors=29 elapsed_ms=1012.7'),1
FANOUT,K75,Exception('timeout_or_slo_miss: completed=49/75 errors=26 elapsed_ms=1009.5'),6
FANOUT,K75,Exception('timeout_or_slo_miss: completed=49/75 errors=26 elapsed_ms=1006.5'),2
FANOUT,K75,Exception('timeout_or_slo_miss: completed=51/75 errors=24 elapsed_ms=1012.4'),3
FANOUT,K75,Exception('timeout_or_slo_miss: completed=50/75 errors=25 elapsed_ms=1003.4'),2
FANOUT,K75,Exception('timeout_or_slo_miss: completed=53/75 errors=22 elapsed_ms=1002.4'),5
FANOUT,K75,Exception('timeout_or_slo_miss: completed=48/75 errors=27 elapsed_ms=1018.1'),2
FANOUT,K75,Exception('timeout_or_slo_miss: completed=51/75 errors=24 elapsed_ms=1004.5'),7
FANOUT,K75,Exception('timeout_or_slo_miss: completed=50/75 errors=25 elapsed_ms=1009.6'),7
FANOUT,K75,Exception('timeout_or_slo_miss: completed=48/75 errors=27 elapsed_ms=1010.9'),6
FANOUT,K75,Exception('timeout_or_slo_miss: completed=46/75 errors=29 elapsed_ms=1011.6'),4
FANOUT,K75,Exception('timeout_or_slo_miss: completed=44/75 errors=31 elapsed_ms=1013.8'),1
FANOUT,K75,Exception('timeout_or_slo_miss: completed=49/75 errors=26 elapsed_ms=1015.7'),1
FANOUT,K75,Exception('timeout_or_slo_miss: completed=52/75 errors=23 elapsed_ms=1040.6'),1
FANOUT,K75,Exception('timeout_or_slo_miss: completed=54/75 errors=21 elapsed_ms=1002.1'),9
FANOUT,K75,Exception('timeout_or_slo_miss: completed=48/75 errors=27 elapsed_ms=1005.5'),1
FANOUT,K75,Exception('timeout_or_slo_miss: completed=50/75 errors=25 elapsed_ms=1015.7'),1
FANOUT,K75,Exception('timeout_or_slo_miss: completed=42/75 errors=33 elapsed_ms=1032.3'),1
FANOUT,K75,Exception('timeout_or_slo_miss: completed=48/75 errors=27 elapsed_ms=1057.4'),1
FANOUT,K75,Exception('timeout_or_slo_miss: completed=46/75 errors=29 elapsed_ms=1010.2'),3
FANOUT,K75,Exception('timeout_or_slo_miss: completed=50/75 errors=25 elapsed_ms=1006.8'),3
FANOUT,K75,Exception('timeout_or_slo_miss: completed=54/75 errors=21 elapsed_ms=1005.2'),2
FANOUT,K75,Exception('timeout_or_slo_miss: completed=47/75 errors=28 elapsed_ms=1014.5'),4
FANOUT,K75,Exception('timeout_or_slo_miss: completed=53/75 errors=22 elapsed_ms=1003.0'),14
FANOUT,K75,Exception('timeout_or_slo_miss: completed=47/75 errors=28 elapsed_ms=1011.4'),2
FANOUT,K75,Exception('timeout_or_slo_miss: completed=52/75 errors=23 elapsed_ms=1009.6'),2
FANOUT,K75,Exception('timeout_or_slo_miss: completed=41/75 errors=20 elapsed_ms=12561.5'),1
FANOUT,K75,Exception('timeout_or_slo_miss: completed=52/75 errors=23 elapsed_ms=1007.8'),5
FANOUT,K75,Exception('timeout_or_slo_miss: completed=52/75 errors=23 elapsed_ms=1008.8'),4
FANOUT,K75,Exception('timeout_or_slo_miss: completed=43/75 errors=32 elapsed_ms=1013.4'),1
FANOUT,K75,Exception('timeout_or_slo_miss: completed=48/75 errors=27 elapsed_ms=1016.0'),1
FANOUT,K75,Exception('timeout_or_slo_miss: completed=49/75 errors=26 elapsed_ms=1022.3'),1
FANOUT,K75,Exception('timeout_or_slo_miss: completed=50/75 errors=25 elapsed_ms=1007.6'),10
FANOUT,K75,Exception('timeout_or_slo_miss: completed=41/75 errors=34 elapsed_ms=1016.3'),1
FANOUT,K75,Exception('timeout_or_slo_miss: completed=52/75 errors=23 elapsed_ms=1001.6'),1
FANOUT,K75,Exception('timeout_or_slo_miss: completed=51/75 errors=24 elapsed_ms=1011.0'),4
FANOUT,K75,Exception('timeout_or_slo_miss: completed=49/75 errors=26 elapsed_ms=1012.8'),4
FANOUT,K75,Exception('timeout_or_slo_miss: completed=48/75 errors=27 elapsed_ms=1013.8'),1
FANOUT,K75,Exception('timeout_or_slo_miss: completed=53/75 errors=22 elapsed_ms=1009.5'),1
FANOUT,K75,Exception('timeout_or_slo_miss: completed=45/75 errors=30 elapsed_ms=1018.8'),1
FANOUT,K75,Exception('timeout_or_slo_miss: completed=46/75 errors=29 elapsed_ms=1012.3'),4
FANOUT,K75,Exception('timeout_or_slo_miss: completed=46/75 errors=29 elapsed_ms=1016.9'),1
FANOUT,K75,Exception('timeout_or_slo_miss: completed=45/75 errors=30 elapsed_ms=1015.5'),1
FANOUT,K75,Exception('subread_error: completed=64/75 errors=11'),1
FANOUT,K75,Exception('timeout_or_slo_miss: completed=52/75 errors=23 elapsed_ms=1095.1'),1
FANOUT,K75,Exception('timeout_or_slo_miss: completed=43/75 errors=32 elapsed_ms=1013.3'),2
FANOUT,K75,Exception('timeout_or_slo_miss: completed=43/75 errors=32 elapsed_ms=1012.0'),2
FANOUT,K75,Exception('timeout_or_slo_miss: completed=47/75 errors=28 elapsed_ms=1007.7'),1
FANOUT,K75,Exception('timeout_or_slo_miss: completed=44/75 errors=31 elapsed_ms=1021.3'),1
FANOUT,K75,Exception('timeout_or_slo_miss: completed=52/75 errors=23 elapsed_ms=1012.8'),2
FANOUT,K75,Exception('timeout_or_slo_miss: completed=54/75 errors=21 elapsed_ms=1007.0'),1
FANOUT,K75,Exception('timeout_or_slo_miss: completed=46/75 errors=29 elapsed_ms=1013.4'),5
FANOUT,K75,Exception('timeout_or_slo_miss: completed=52/75 errors=23 elapsed_ms=1017.5'),2
FANOUT,K75,Exception('timeout_or_slo_miss: completed=43/75 errors=32 elapsed_ms=1019.8'),1
FANOUT,K75,Exception('timeout_or_slo_miss: completed=48/75 errors=27 elapsed_ms=1007.5'),2
FANOUT,K75,Exception('timeout_or_slo_miss: completed=47/75 errors=28 elapsed_ms=1013.0'),7
FANOUT,K75,Exception('subread_error: completed=56/75 errors=19'),142
FANOUT,K75,Exception('timeout_or_slo_miss: completed=54/75 errors=21 elapsed_ms=1001.5'),6
FANOUT,K75,Exception('timeout_or_slo_miss: completed=47/75 errors=28 elapsed_ms=1015.0'),7
FANOUT,K75,Exception('timeout_or_slo_miss: completed=52/75 errors=23 elapsed_ms=1010.8'),2
FANOUT,K75,Exception('timeout_or_slo_miss: completed=42/75 errors=33 elapsed_ms=1014.3'),1
FANOUT,K75,Exception('timeout_or_slo_miss: completed=54/75 errors=21 elapsed_ms=1033.0'),1
FANOUT,K75,Exception('timeout_or_slo_miss: completed=50/75 errors=25 elapsed_ms=1018.4'),1
FANOUT,K75,Exception('timeout_or_slo_miss: completed=50/75 errors=25 elapsed_ms=1011.7'),4
FANOUT,K75,Exception('timeout_or_slo_miss: completed=43/75 errors=32 elapsed_ms=1022.6'),1
FANOUT,K75,Exception('timeout_or_slo_miss: completed=49/75 errors=26 elapsed_ms=1008.9'),4
FANOUT,K75,Exception('timeout_or_slo_miss: completed=46/75 errors=29 elapsed_ms=1014.3'),2
FANOUT,K75,Exception('timeout_or_slo_miss: completed=40/75 errors=35 elapsed_ms=1034.8'),1
FANOUT,K75,Exception('timeout_or_slo_miss: completed=44/75 errors=31 elapsed_ms=1017.1'),2
FANOUT,K75,Exception('timeout_or_slo_miss: completed=51/75 errors=24 elapsed_ms=1012.2'),4
FANOUT,K75,Exception('timeout_or_slo_miss: completed=51/75 errors=24 elapsed_ms=1003.7'),4
FANOUT,K75,Exception('timeout_or_slo_miss: completed=50/75 errors=25 elapsed_ms=1004.7'),1
FANOUT,K75,Exception('timeout_or_slo_miss: completed=51/75 errors=24 elapsed_ms=1015.8'),1
FANOUT,K75,Exception('timeout_or_slo_miss: completed=53/75 errors=22 elapsed_ms=1010.9'),2
FANOUT,K75,Exception('timeout_or_slo_miss: completed=52/75 errors=23 elapsed_ms=1003.6'),1
FANOUT,K75,Exception('timeout_or_slo_miss: completed=54/75 errors=21 elapsed_ms=1025.5'),1
FANOUT,K75,Exception('timeout_or_slo_miss: completed=53/75 errors=22 elapsed_ms=1007.4'),1
FANOUT,K75,Exception('timeout_or_slo_miss: completed=49/75 errors=26 elapsed_ms=1006.7'),3
FANOUT,K75,Exception('timeout_or_slo_miss: completed=43/75 errors=32 elapsed_ms=1015.5'),1
FANOUT,K75,Exception('timeout_or_slo_miss: completed=44/75 errors=31 elapsed_ms=1017.9'),1
FANOUT,K75,Exception('timeout_or_slo_miss: completed=54/75 errors=21 elapsed_ms=1005.5'),2
FANOUT,K75,Exception('timeout_or_slo_miss: completed=47/75 errors=28 elapsed_ms=1019.4'),1
FANOUT,K75,Exception('timeout_or_slo_miss: completed=49/75 errors=26 elapsed_ms=1014.6'),2
FANOUT,K75,Exception('timeout_or_slo_miss: completed=50/75 errors=25 elapsed_ms=1004.2'),1
FANOUT,K75,Exception('timeout_or_slo_miss: completed=43/75 errors=32 elapsed_ms=1018.5'),1
FANOUT,K75,Exception('timeout_or_slo_miss: completed=52/75 errors=23 elapsed_ms=1005.0'),9
FANOUT,K75,Exception('timeout_or_slo_miss: completed=48/75 errors=27 elapsed_ms=1006.7'),3
FANOUT,K75,Exception('timeout_or_slo_miss: completed=53/75 errors=22 elapsed_ms=1007.3'),2
FANOUT,K75,Exception('timeout_or_slo_miss: completed=52/75 errors=23 elapsed_ms=1002.5'),7
FANOUT,K75,Exception('timeout_or_slo_miss: completed=50/75 errors=25 elapsed_ms=1025.0'),1
FANOUT,K75,Exception('timeout_or_slo_miss: completed=46/75 errors=29 elapsed_ms=1014.2'),3
FANOUT,K75,Exception('timeout_or_slo_miss: completed=47/75 errors=28 elapsed_ms=1007.9'),1
FANOUT,K75,Exception('timeout_or_slo_miss: completed=53/75 errors=22 elapsed_ms=1011.6'),1
FANOUT,K75,Exception('timeout_or_slo_miss: completed=43/75 errors=32 elapsed_ms=1015.9'),1
FANOUT,K75,Exception('timeout_or_slo_miss: completed=47/75 errors=28 elapsed_ms=1012.4'),3
FANOUT,K75,Exception('timeout_or_slo_miss: completed=45/75 errors=30 elapsed_ms=1010.2'),2
FANOUT,K75,Exception('timeout_or_slo_miss: completed=43/75 errors=32 elapsed_ms=1016.3'),3
FANOUT,K75,Exception('timeout_or_slo_miss: completed=48/75 errors=27 elapsed_ms=1011.1'),2
FANOUT,K75,Exception('timeout_or_slo_miss: completed=53/75 errors=22 elapsed_ms=1005.1'),3
FANOUT,K75,Exception('timeout_or_slo_miss: completed=53/75 errors=22 elapsed_ms=1012.2'),1
FANOUT,K75,Exception('timeout_or_slo_miss: completed=50/75 errors=25 elapsed_ms=1009.7'),8
FANOUT,K75,Exception('timeout_or_slo_miss: completed=41/75 errors=34 elapsed_ms=1019.2'),1
FANOUT,K75,Exception('timeout_or_slo_miss: completed=47/75 errors=28 elapsed_ms=1009.2'),1
FANOUT,K75,Exception('timeout_or_slo_miss: completed=46/75 errors=29 elapsed_ms=1009.7'),1
FANOUT,K75,Exception('timeout_or_slo_miss: completed=47/75 errors=28 elapsed_ms=1010.4'),2
FANOUT,K75,Exception('timeout_or_slo_miss: completed=45/75 errors=30 elapsed_ms=1017.8'),3
FANOUT,K75,Exception('timeout_or_slo_miss: completed=49/75 errors=26 elapsed_ms=1002.7'),1
FANOUT,K75,Exception('timeout_or_slo_miss: completed=49/75 errors=26 elapsed_ms=1019.7'),1
FANOUT,K75,Exception('timeout_or_slo_miss: completed=48/75 errors=27 elapsed_ms=1008.9'),2
FANOUT,K75,Exception('timeout_or_slo_miss: completed=52/75 errors=23 elapsed_ms=1002.4'),4
FANOUT,K75,Exception('timeout_or_slo_miss: completed=50/75 errors=25 elapsed_ms=1013.4'),1
FANOUT,K75,Exception('timeout_or_slo_miss: completed=53/75 errors=22 elapsed_ms=1007.0'),2
FANOUT,K75,Exception('timeout_or_slo_miss: completed=43/75 errors=32 elapsed_ms=1013.2'),1
FANOUT,K75,Exception('timeout_or_slo_miss: completed=50/75 errors=25 elapsed_ms=1008.7'),4
FANOUT,K75,Exception('timeout_or_slo_miss: completed=45/75 errors=30 elapsed_ms=1012.1'),4
FANOUT,K75,Exception('timeout_or_slo_miss: completed=49/75 errors=26 elapsed_ms=1011.2'),5
FANOUT,K75,Exception('timeout_or_slo_miss: completed=54/75 errors=21 elapsed_ms=1007.2'),1
FANOUT,K75,Exception('timeout_or_slo_miss: completed=45/75 errors=30 elapsed_ms=1016.9'),2
FANOUT,K75,Exception('timeout_or_slo_miss: completed=52/75 errors=23 elapsed_ms=1006.6'),3
FANOUT,K75,Exception('timeout_or_slo_miss: completed=48/75 errors=27 elapsed_ms=1015.6'),1
FANOUT,K75,Exception('timeout_or_slo_miss: completed=52/75 errors=23 elapsed_ms=1011.2'),2
FANOUT,K75,Exception('timeout_or_slo_miss: completed=48/75 errors=27 elapsed_ms=1012.5'),10
FANOUT,K75,Exception('timeout_or_slo_miss: completed=44/75 errors=31 elapsed_ms=1020.2'),1
FANOUT,K75,Exception('timeout_or_slo_miss: completed=49/75 errors=26 elapsed_ms=1014.0'),4
FANOUT,K75,Exception('timeout_or_slo_miss: completed=46/75 errors=29 elapsed_ms=1016.7'),1
FANOUT,K75,Exception('timeout_or_slo_miss: completed=54/75 errors=21 elapsed_ms=1008.7'),1
FANOUT,K75,Exception('timeout_or_slo_miss: completed=52/75 errors=23 elapsed_ms=1003.5'),5
FANOUT,K75,Exception('timeout_or_slo_miss: completed=49/75 errors=26 elapsed_ms=1009.0'),6
FANOUT,K75,Exception('timeout_or_slo_miss: completed=48/75 errors=27 elapsed_ms=1005.8'),2
FANOUT,K75,Exception('timeout_or_slo_miss: completed=45/75 errors=30 elapsed_ms=1017.5'),2
FANOUT,K75,Exception('timeout_or_slo_miss: completed=39/75 errors=36 elapsed_ms=1024.9'),1
FANOUT,K75,Exception('timeout_or_slo_miss: completed=35/75 errors=26 elapsed_ms=13238.8'),1
FANOUT,K75,Exception('timeout_or_slo_miss: completed=47/75 errors=28 elapsed_ms=1004.8'),1
FANOUT,K75,Exception('timeout_or_slo_miss: completed=49/75 errors=26 elapsed_ms=1010.1'),9
FANOUT,K75,Exception('timeout_or_slo_miss: completed=47/75 errors=28 elapsed_ms=1020.4'),2
FANOUT,K75,Exception('timeout_or_slo_miss: completed=43/75 errors=32 elapsed_ms=1012.4'),1
FANOUT,K75,Exception('timeout_or_slo_miss: completed=48/75 errors=27 elapsed_ms=1019.4'),1
FANOUT,K75,Exception('timeout_or_slo_miss: completed=51/75 errors=24 elapsed_ms=1023.2'),1
FANOUT,K75,Exception('timeout_or_slo_miss: completed=49/75 errors=26 elapsed_ms=1012.0'),1
FANOUT,K75,Exception('timeout_or_slo_miss: completed=53/75 errors=22 elapsed_ms=1007.2'),6
FANOUT,K75,Exception('timeout_or_slo_miss: completed=49/75 errors=26 elapsed_ms=1016.1'),1
FANOUT,K75,Exception('timeout_or_slo_miss: completed=42/75 errors=31 elapsed_ms=1562.5'),1
FANOUT,K75,Exception('timeout_or_slo_miss: completed=51/75 errors=24 elapsed_ms=1011.2'),4
FANOUT,K75,Exception('timeout_or_slo_miss: completed=48/75 errors=27 elapsed_ms=1014.5'),3
FANOUT,K75,Exception('timeout_or_slo_miss: completed=47/75 errors=28 elapsed_ms=1036.0'),1
FANOUT,K75,Exception('timeout_or_slo_miss: completed=42/75 errors=33 elapsed_ms=1020.0'),1
FANOUT,K75,Exception('timeout_or_slo_miss: completed=48/75 errors=27 elapsed_ms=1015.3'),1
FANOUT,K75,Exception('timeout_or_slo_miss: completed=44/75 errors=31 elapsed_ms=1013.7'),4
FANOUT,K75,Exception('timeout_or_slo_miss: completed=51/75 errors=24 elapsed_ms=1013.1'),1
FANOUT,K75,Exception('timeout_or_slo_miss: completed=50/75 errors=25 elapsed_ms=1014.4'),1
FANOUT,K75,Exception('timeout_or_slo_miss: completed=49/75 errors=26 elapsed_ms=1012.9'),2
FANOUT,K75,Exception('timeout_or_slo_miss: completed=46/75 errors=29 elapsed_ms=1012.0'),1
FANOUT,K75,Exception('timeout_or_slo_miss: completed=54/75 errors=21 elapsed_ms=1003.3'),3
FANOUT,K75,Exception('timeout_or_slo_miss: completed=49/75 errors=26 elapsed_ms=1013.1'),6
FANOUT,K75,Exception('timeout_or_slo_miss: completed=49/75 errors=26 elapsed_ms=1005.1'),1
FANOUT,K75,Exception('timeout_or_slo_miss: completed=50/75 errors=25 elapsed_ms=1011.5'),5
FANOUT,K75,Exception('timeout_or_slo_miss: completed=38/75 errors=37 elapsed_ms=1023.5'),1
FANOUT,K75,Exception('timeout_or_slo_miss: completed=53/75 errors=22 elapsed_ms=1010.1'),1
FANOUT,K75,Exception('timeout_or_slo_miss: completed=39/75 errors=36 elapsed_ms=1028.1'),1
FANOUT,K75,Exception('timeout_or_slo_miss: completed=43/75 errors=32 elapsed_ms=1024.7'),1
FANOUT,K75,Exception('timeout_or_slo_miss: completed=43/75 errors=32 elapsed_ms=1007.8'),1
FANOUT,K75,Exception('timeout_or_slo_miss: completed=46/75 errors=29 elapsed_ms=1011.8'),1
FANOUT,K75,Exception('timeout_or_slo_miss: completed=50/75 errors=25 elapsed_ms=1006.5'),12
FANOUT,K75,Exception('timeout_or_slo_miss: completed=54/75 errors=21 elapsed_ms=1004.4'),1
FANOUT,K75,Exception('timeout_or_slo_miss: completed=43/75 errors=32 elapsed_ms=1019.1'),1
FANOUT,K75,Exception('timeout_or_slo_miss: completed=44/75 errors=31 elapsed_ms=1018.3'),3
FANOUT,K75,Exception('timeout_or_slo_miss: completed=49/75 errors=26 elapsed_ms=1018.6'),1
FANOUT,K75,Exception('timeout_or_slo_miss: completed=46/75 errors=29 elapsed_ms=1010.3'),2
FANOUT,K75,Exception('timeout_or_slo_miss: completed=48/75 errors=27 elapsed_ms=1011.6'),11
FANOUT,K75,Exception('timeout_or_slo_miss: completed=47/75 errors=28 elapsed_ms=1009.4'),2
FANOUT,K75,Exception('timeout_or_slo_miss: completed=50/75 errors=25 elapsed_ms=1017.4'),1
FANOUT,K75,Exception('timeout_or_slo_miss: completed=39/75 errors=36 elapsed_ms=1017.3'),1
FANOUT,K75,Exception('timeout_or_slo_miss: completed=44/75 errors=31 elapsed_ms=1013.6'),3
FANOUT,K75,Exception('timeout_or_slo_miss: completed=51/75 errors=24 elapsed_ms=1007.1'),2
FANOUT,K75,Exception('timeout_or_slo_miss: completed=44/75 errors=31 elapsed_ms=1016.5'),1
FANOUT,K75,Exception('timeout_or_slo_miss: completed=47/75 errors=28 elapsed_ms=1010.6'),4
FANOUT,K75,Exception('timeout_or_slo_miss: completed=45/75 errors=30 elapsed_ms=1016.1'),1
FANOUT,K75,Exception('timeout_or_slo_miss: completed=43/75 errors=32 elapsed_ms=1018.2'),1
FANOUT,K75,Exception('timeout_or_slo_miss: completed=44/75 errors=31 elapsed_ms=1020.8'),1
FANOUT,K75,Exception('timeout_or_slo_miss: completed=42/75 errors=14 elapsed_ms=5293.9'),1
FANOUT,K75,Exception('timeout_or_slo_miss: completed=44/75 errors=31 elapsed_ms=1015.8'),2
FANOUT,K75,Exception('timeout_or_slo_miss: completed=47/75 errors=28 elapsed_ms=1010.8'),2
FANOUT,K75,Exception('timeout_or_slo_miss: completed=40/75 errors=35 elapsed_ms=1020.7'),2
FANOUT,K75,Exception('timeout_or_slo_miss: completed=49/75 errors=26 elapsed_ms=1008.5'),6
FANOUT,K75,Exception('timeout_or_slo_miss: completed=47/75 errors=28 elapsed_ms=1017.7'),1
FANOUT,K75,Exception('timeout_or_slo_miss: completed=46/75 errors=29 elapsed_ms=1039.0'),1
FANOUT,K75,Exception('timeout_or_slo_miss: completed=47/75 errors=28 elapsed_ms=1016.7'),1
FANOUT,K75,Exception('timeout_or_slo_miss: completed=50/75 errors=25 elapsed_ms=1009.8'),4
FANOUT,K75,Exception('timeout_or_slo_miss: completed=47/75 errors=28 elapsed_ms=1015.6'),2
FANOUT,K75,Exception('timeout_or_slo_miss: completed=50/75 errors=25 elapsed_ms=1007.4'),3
FANOUT,K75,Exception('timeout_or_slo_miss: completed=54/75 errors=21 elapsed_ms=1005.7'),2
FANOUT,K75,Exception('timeout_or_slo_miss: completed=51/75 errors=24 elapsed_ms=1005.3'),6
FANOUT,K75,Exception('timeout_or_slo_miss: completed=45/75 errors=30 elapsed_ms=1012.7'),2
FANOUT,K75,Exception('timeout_or_slo_miss: completed=48/75 errors=27 elapsed_ms=1018.4'),1
FANOUT,K75,Exception('timeout_or_slo_miss: completed=36/75 errors=26 elapsed_ms=13760.3'),1
FANOUT,K75,Exception('timeout_or_slo_miss: completed=46/75 errors=29 elapsed_ms=1009.4'),1
FANOUT,K75,Exception('timeout_or_slo_miss: completed=46/75 errors=29 elapsed_ms=1013.1'),3
FANOUT,K75,Exception('timeout_or_slo_miss: completed=44/75 errors=31 elapsed_ms=1011.7'),1
FANOUT,K75,Exception('timeout_or_slo_miss: completed=48/75 errors=27 elapsed_ms=1017.4'),1
FANOUT,K75,Exception('timeout_or_slo_miss: completed=50/75 errors=25 elapsed_ms=1013.1'),4
FANOUT,K75,Exception('timeout_or_slo_miss: completed=43/75 errors=32 elapsed_ms=1016.9'),1
FANOUT,K75,Exception('timeout_or_slo_miss: completed=47/75 errors=28 elapsed_ms=1012.1'),3
FANOUT,K75,Exception('timeout_or_slo_miss: completed=54/75 errors=21 elapsed_ms=1004.7'),3
FANOUT,K75,Exception('timeout_or_slo_miss: completed=45/75 errors=30 elapsed_ms=1020.0'),1
FANOUT,K75,Exception('timeout_or_slo_miss: completed=47/75 errors=28 elapsed_ms=1014.6'),3
FANOUT,K75,Exception('timeout_or_slo_miss: completed=52/75 errors=23 elapsed_ms=1005.3'),5
FANOUT,K75,Exception('timeout_or_slo_miss: completed=52/75 errors=23 elapsed_ms=1009.3'),2
FANOUT,K75,Exception('timeout_or_slo_miss: completed=44/75 errors=31 elapsed_ms=1016.2'),1
FANOUT,K75,Exception('timeout_or_slo_miss: completed=52/75 errors=23 elapsed_ms=1014.0'),1
FANOUT,K75,Exception('timeout_or_slo_miss: completed=50/75 errors=25 elapsed_ms=1006.3'),2
FANOUT,K75,Exception('timeout_or_slo_miss: completed=51/75 errors=24 elapsed_ms=1004.6'),6
FANOUT,K75,Exception('timeout_or_slo_miss: completed=47/75 errors=28 elapsed_ms=1019.8'),1
FANOUT,K75,Exception('timeout_or_slo_miss: completed=52/75 errors=23 elapsed_ms=1007.0'),2
FANOUT,K75,Exception('timeout_or_slo_miss: completed=52/75 errors=23 elapsed_ms=1003.7'),1
FANOUT,K75,Exception('timeout_or_slo_miss: completed=53/75 errors=22 elapsed_ms=1010.7'),1
FANOUT,K75,Exception('timeout_or_slo_miss: completed=48/75 errors=27 elapsed_ms=1017.2'),1
FANOUT,K75,Exception('timeout_or_slo_miss: completed=48/75 errors=27 elapsed_ms=1006.9'),4
FANOUT,K75,Exception('timeout_or_slo_miss: completed=45/75 errors=30 elapsed_ms=1010.4'),1
FANOUT,K75,Exception('timeout_or_slo_miss: completed=47/75 errors=28 elapsed_ms=1024.2'),1
FANOUT,K75,Exception('timeout_or_slo_miss: completed=47/75 errors=28 elapsed_ms=1012.7'),4
FANOUT,K75,Exception('timeout_or_slo_miss: completed=52/75 errors=23 elapsed_ms=1008.3'),3
FANOUT,K75,Exception('timeout_or_slo_miss: completed=38/75 errors=37 elapsed_ms=1020.2'),1
FANOUT,K75,Exception('timeout_or_slo_miss: completed=49/75 errors=26 elapsed_ms=1019.4'),2
FANOUT,K75,Exception('timeout_or_slo_miss: completed=46/75 errors=29 elapsed_ms=1011.7'),3
FANOUT,K75,Exception('timeout_or_slo_miss: completed=43/75 errors=32 elapsed_ms=1015.6'),3
FANOUT,K75,Exception('timeout_or_slo_miss: completed=52/75 errors=23 elapsed_ms=1011.3'),2
FANOUT,K75,Exception('timeout_or_slo_miss: completed=47/75 errors=28 elapsed_ms=1009.9'),4
FANOUT,K75,Exception('timeout_or_slo_miss: completed=48/75 errors=27 elapsed_ms=1010.6'),6
FANOUT,K75,Exception('timeout_or_slo_miss: completed=47/75 errors=28 elapsed_ms=1021.3'),1
FANOUT,K75,Exception('timeout_or_slo_miss: completed=45/75 errors=30 elapsed_ms=1010.8'),1
FANOUT,K75,Exception('timeout_or_slo_miss: completed=50/75 errors=25 elapsed_ms=1007.1'),5
FANOUT,K75,Exception('timeout_or_slo_miss: completed=43/75 errors=32 elapsed_ms=1016.5'),1
FANOUT,K75,Exception('timeout_or_slo_miss: completed=48/75 errors=27 elapsed_ms=1008.0'),4
FANOUT,K75,Exception('timeout_or_slo_miss: completed=49/75 errors=7 elapsed_ms=4650.4'),1
FANOUT,K75,Exception('timeout_or_slo_miss: completed=45/75 errors=30 elapsed_ms=1010.7'),1
FANOUT,K75,Exception('timeout_or_slo_miss: completed=50/75 errors=25 elapsed_ms=1011.1'),4
FANOUT,K75,Exception('timeout_or_slo_miss: completed=47/75 errors=28 elapsed_ms=1012.3'),7
FANOUT,K75,Exception('timeout_or_slo_miss: completed=45/75 errors=30 elapsed_ms=1037.6'),1
FANOUT,K75,Exception('timeout_or_slo_miss: completed=52/75 errors=23 elapsed_ms=1006.8'),5
FANOUT,K75,Exception('timeout_or_slo_miss: completed=51/75 errors=24 elapsed_ms=1021.4'),1
FANOUT,K75,Exception('timeout_or_slo_miss: completed=53/75 errors=22 elapsed_ms=1008.3'),2
FANOUT,K75,Exception('timeout_or_slo_miss: completed=53/75 errors=22 elapsed_ms=1010.6'),1
FANOUT,K75,Exception('timeout_or_slo_miss: completed=49/75 errors=26 elapsed_ms=1002.5'),1
FANOUT,K75,Exception('timeout_or_slo_miss: completed=39/75 errors=36 elapsed_ms=1025.8'),1
FANOUT,K75,Exception('timeout_or_slo_miss: completed=43/75 errors=32 elapsed_ms=1018.1'),1
FANOUT,K75,Exception('timeout_or_slo_miss: completed=49/75 errors=26 elapsed_ms=1015.5'),3
FANOUT,K75,Exception('timeout_or_slo_miss: completed=43/75 errors=15 elapsed_ms=9381.9'),1
FANOUT,K75,Exception('timeout_or_slo_miss: completed=51/75 errors=24 elapsed_ms=1006.3'),6
FANOUT,K75,Exception('timeout_or_slo_miss: completed=41/75 errors=34 elapsed_ms=1026.4'),1
FANOUT,K75,Exception('timeout_or_slo_miss: completed=52/75 errors=23 elapsed_ms=1010.2'),4
FANOUT,K75,Exception('timeout_or_slo_miss: completed=43/75 errors=32 elapsed_ms=1017.1'),1
FANOUT,K75,Exception('timeout_or_slo_miss: completed=45/75 errors=30 elapsed_ms=1013.9'),1
FANOUT,K75,Exception('timeout_or_slo_miss: completed=51/75 errors=24 elapsed_ms=1003.4'),1
FANOUT,K75,Exception('timeout_or_slo_miss: completed=51/75 errors=24 elapsed_ms=1020.5'),1
FANOUT,K75,Exception('timeout_or_slo_miss: completed=53/75 errors=22 elapsed_ms=1004.3'),5
FANOUT,K75,Exception('timeout_or_slo_miss: completed=44/75 errors=31 elapsed_ms=1015.9'),4
FANOUT,K75,Exception('timeout_or_slo_miss: completed=44/75 errors=31 elapsed_ms=1015.3'),2
FANOUT,K75,Exception('timeout_or_slo_miss: completed=53/75 errors=22 elapsed_ms=1009.9'),1
FANOUT,K75,Exception('timeout_or_slo_miss: completed=54/75 errors=21 elapsed_ms=1006.1'),1
FANOUT,K75,Exception('timeout_or_slo_miss: completed=50/75 errors=25 elapsed_ms=1006.0'),3
FANOUT,K75,Exception('timeout_or_slo_miss: completed=41/75 errors=34 elapsed_ms=1022.4'),1
FANOUT,K75,Exception('timeout_or_slo_miss: completed=51/75 errors=24 elapsed_ms=1006.8'),6
FANOUT,K75,Exception('timeout_or_slo_miss: completed=49/75 errors=26 elapsed_ms=1018.2'),1
FANOUT,K75,Exception('timeout_or_slo_miss: completed=49/75 errors=26 elapsed_ms=1010.5'),6
FANOUT,K75,Exception('timeout_or_slo_miss: completed=42/75 errors=33 elapsed_ms=1020.8'),1
FANOUT,K75,Exception('timeout_or_slo_miss: completed=54/75 errors=21 elapsed_ms=1006.3'),1
FANOUT,K75,Exception('timeout_or_slo_miss: completed=41/75 errors=34 elapsed_ms=1016.5'),1
FANOUT,K75,Exception('timeout_or_slo_miss: completed=47/75 errors=28 elapsed_ms=1011.8'),5
FANOUT,K75,Exception('timeout_or_slo_miss: completed=46/75 errors=29 elapsed_ms=1011.4'),2
FANOUT,K75,Exception('timeout_or_slo_miss: completed=51/75 errors=24 elapsed_ms=1007.5'),7
FANOUT,K75,Exception('timeout_or_slo_miss: completed=53/75 errors=22 elapsed_ms=1009.0'),2
FANOUT,K75,Exception('timeout_or_slo_miss: completed=48/75 errors=27 elapsed_ms=1021.9'),1
FANOUT,K75,Exception('timeout_or_slo_miss: completed=47/75 errors=28 elapsed_ms=1017.5'),1
FANOUT,K75,Exception('timeout_or_slo_miss: completed=50/75 errors=25 elapsed_ms=1013.2'),2
FANOUT,K75,Exception('timeout_or_slo_miss: completed=48/75 errors=27 elapsed_ms=1018.7'),1
FANOUT,K75,Exception('timeout_or_slo_miss: completed=51/75 errors=24 elapsed_ms=1006.1'),2
FANOUT,K75,Exception('timeout_or_slo_miss: completed=46/75 errors=29 elapsed_ms=1011.1'),5
FANOUT,K75,Exception('timeout_or_slo_miss: completed=54/75 errors=21 elapsed_ms=1001.7'),4
FANOUT,K75,Exception('timeout_or_slo_miss: completed=46/75 errors=29 elapsed_ms=1010.0'),2
FANOUT,K75,Exception('timeout_or_slo_miss: completed=54/75 errors=21 elapsed_ms=1001.6'),1
FANOUT,K75,Exception('timeout_or_slo_miss: completed=45/75 errors=30 elapsed_ms=1010.5'),2
FANOUT,K75,Exception('timeout_or_slo_miss: completed=47/75 errors=28 elapsed_ms=1019.3'),1
FANOUT,K75,Exception('timeout_or_slo_miss: completed=41/75 errors=34 elapsed_ms=1023.2'),2
FANOUT,K75,Exception('timeout_or_slo_miss: completed=54/75 errors=21 elapsed_ms=1008.1'),1
FANOUT,K75,Exception('timeout_or_slo_miss: completed=48/75 errors=27 elapsed_ms=1012.7'),5
FANOUT,K75,Exception('timeout_or_slo_miss: completed=43/75 errors=32 elapsed_ms=1012.1'),1
FANOUT,K75,Exception('timeout_or_slo_miss: completed=50/75 errors=25 elapsed_ms=1003.8'),3
FANOUT,K75,Exception('timeout_or_slo_miss: completed=54/75 errors=21 elapsed_ms=1002.3'),9
FANOUT,K75,Exception('timeout_or_slo_miss: completed=43/75 errors=32 elapsed_ms=1017.8'),1
FANOUT,K75,Exception('timeout_or_slo_miss: completed=41/75 errors=17 elapsed_ms=12174.5'),1
FANOUT,K75,Exception('timeout_or_slo_miss: completed=53/75 errors=22 elapsed_ms=1009.7'),3
FANOUT,K75,Exception('timeout_or_slo_miss: completed=48/75 errors=27 elapsed_ms=1014.0'),5
FANOUT,K75,Exception('timeout_or_slo_miss: completed=53/75 errors=22 elapsed_ms=1007.9'),1
FANOUT,K75,Exception('timeout_or_slo_miss: completed=43/75 errors=32 elapsed_ms=1015.2'),1
FANOUT,K75,Exception('timeout_or_slo_miss: completed=52/75 errors=23 elapsed_ms=1002.7'),12
FANOUT,K75,Exception('timeout_or_slo_miss: completed=52/75 errors=23 elapsed_ms=1007.9'),4
FANOUT,K75,Exception('timeout_or_slo_miss: completed=46/75 errors=29 elapsed_ms=1015.1'),1
FANOUT,K75,Exception('timeout_or_slo_miss: completed=52/75 errors=23 elapsed_ms=1005.7'),4
FANOUT,K75,Exception('timeout_or_slo_miss: completed=41/75 errors=34 elapsed_ms=1018.6'),2
FANOUT,K75,Exception('timeout_or_slo_miss: completed=50/75 errors=25 elapsed_ms=1009.4'),4
FANOUT,K75,Exception('timeout_or_slo_miss: completed=45/75 errors=30 elapsed_ms=1023.0'),1
FANOUT,K75,Exception('timeout_or_slo_miss: completed=50/75 errors=25 elapsed_ms=1003.9'),1
FANOUT,K75,Exception('timeout_or_slo_miss: completed=51/75 errors=24 elapsed_ms=1005.5'),2
FANOUT,K75,Exception('timeout_or_slo_miss: completed=48/75 errors=27 elapsed_ms=1008.4'),1
FANOUT,K75,Exception('timeout_or_slo_miss: completed=47/75 errors=28 elapsed_ms=1014.1'),4
FANOUT,K75,Exception('timeout_or_slo_miss: completed=44/75 errors=31 elapsed_ms=1012.9'),2
FANOUT,K75,Exception('timeout_or_slo_miss: completed=42/75 errors=33 elapsed_ms=1025.8'),1
FANOUT,K75,Exception('timeout_or_slo_miss: completed=50/75 errors=25 elapsed_ms=1012.1'),3
FANOUT,K75,Exception('timeout_or_slo_miss: completed=49/75 errors=26 elapsed_ms=1015.1'),2
FANOUT,K75,Exception('timeout_or_slo_miss: completed=41/75 errors=34 elapsed_ms=1015.2'),1
FANOUT,K75,Exception('timeout_or_slo_miss: completed=43/75 errors=32 elapsed_ms=1017.0'),2
FANOUT,K75,Exception('timeout_or_slo_miss: completed=53/75 errors=22 elapsed_ms=1006.8'),4
FANOUT,K75,Exception('timeout_or_slo_miss: completed=52/75 errors=23 elapsed_ms=1006.7'),4
FANOUT,K75,Exception('timeout_or_slo_miss: completed=52/75 errors=23 elapsed_ms=1004.3'),3
FANOUT,K75,Exception('timeout_or_slo_miss: completed=53/75 errors=22 elapsed_ms=1009.1'),1
FANOUT,K75,Exception('timeout_or_slo_miss: completed=51/75 errors=24 elapsed_ms=1006.5'),2
FANOUT,K75,Exception('timeout_or_slo_miss: completed=49/75 errors=26 elapsed_ms=1005.0'),3
FANOUT,K75,Exception('timeout_or_slo_miss: completed=52/75 errors=23 elapsed_ms=1010.5'),1
FANOUT,K75,Exception('timeout_or_slo_miss: completed=49/75 errors=26 elapsed_ms=1006.8'),1
FANOUT,K75,Exception('timeout_or_slo_miss: completed=49/75 errors=26 elapsed_ms=1011.9'),2
FANOUT,K75,Exception('timeout_or_slo_miss: completed=44/75 errors=31 elapsed_ms=1012.8'),1
FANOUT,K75,Exception('timeout_or_slo_miss: completed=52/75 errors=23 elapsed_ms=1007.2'),3
FANOUT,K75,Exception('timeout_or_slo_miss: completed=50/75 errors=25 elapsed_ms=1015.4'),1
FANOUT,K75,Exception('timeout_or_slo_miss: completed=51/75 errors=24 elapsed_ms=1016.2'),1
FANOUT,K75,Exception('timeout_or_slo_miss: completed=52/75 errors=23 elapsed_ms=1010.0'),1
FANOUT,K75,Exception('timeout_or_slo_miss: completed=51/75 errors=24 elapsed_ms=1013.9'),1
FANOUT,K75,Exception('timeout_or_slo_miss: completed=54/75 errors=21 elapsed_ms=1006.4'),1
FANOUT,K75,Exception('timeout_or_slo_miss: completed=50/75 errors=25 elapsed_ms=1015.1'),1
FANOUT,K75,Exception('timeout_or_slo_miss: completed=44/75 errors=31 elapsed_ms=1018.1'),1
FANOUT,K75,Exception('timeout_or_slo_miss: completed=46/75 errors=29 elapsed_ms=1013.7'),3
FANOUT,K75,Exception('timeout_or_slo_miss: completed=42/75 errors=33 elapsed_ms=1017.8'),2
FANOUT,K75,Exception('timeout_or_slo_miss: completed=41/75 errors=34 elapsed_ms=1017.5'),1
FANOUT,K75,Exception('timeout_or_slo_miss: completed=48/75 errors=27 elapsed_ms=1012.6'),8
FANOUT,K75,Exception('timeout_or_slo_miss: completed=43/75 errors=32 elapsed_ms=1025.1'),1
FANOUT,K75,Exception('timeout_or_slo_miss: completed=43/75 errors=32 elapsed_ms=1020.7'),1
FANOUT,K75,Exception('timeout_or_slo_miss: completed=52/75 errors=23 elapsed_ms=1008.7'),5
FANOUT,K75,Exception('timeout_or_slo_miss: completed=51/75 errors=24 elapsed_ms=1007.4'),5
FANOUT,K75,Exception('timeout_or_slo_miss: completed=45/75 errors=30 elapsed_ms=1017.2'),1
FANOUT,K75,Exception('timeout_or_slo_miss: completed=42/75 errors=33 elapsed_ms=1018.6'),1
FANOUT,K75,Exception('timeout_or_slo_miss: completed=46/75 errors=29 elapsed_ms=1013.8'),5
FANOUT,K75,Exception('timeout_or_slo_miss: completed=51/75 errors=24 elapsed_ms=1010.3'),4
FANOUT,K75,Exception('timeout_or_slo_miss: completed=42/75 errors=33 elapsed_ms=1014.2'),1
FANOUT,K75,Exception('timeout_or_slo_miss: completed=52/75 errors=23 elapsed_ms=1010.4'),1
FANOUT,K75,Exception('timeout_or_slo_miss: completed=46/75 errors=29 elapsed_ms=1009.8'),1
FANOUT,K75,Exception('timeout_or_slo_miss: completed=54/75 errors=21 elapsed_ms=1002.7'),16
FANOUT,K75,Exception('timeout_or_slo_miss: completed=52/75 errors=23 elapsed_ms=1004.5'),2
FANOUT,K75,Exception('subread_error: completed=60/75 errors=15'),20
FANOUT,K75,Exception('timeout_or_slo_miss: completed=54/75 errors=21 elapsed_ms=1002.0'),5
FANOUT,K75,Exception('timeout_or_slo_miss: completed=47/75 errors=28 elapsed_ms=1007.6'),3
FANOUT,K75,Exception('timeout_or_slo_miss: completed=49/75 errors=26 elapsed_ms=1009.3'),3
FANOUT,K75,Exception('timeout_or_slo_miss: completed=50/75 errors=25 elapsed_ms=1010.4'),5
FANOUT,K75,Exception('timeout_or_slo_miss: completed=48/75 errors=27 elapsed_ms=1013.2'),5
FANOUT,K75,Exception('timeout_or_slo_miss: completed=46/75 errors=29 elapsed_ms=1018.2'),2
FANOUT,K75,Exception('timeout_or_slo_miss: completed=49/75 errors=26 elapsed_ms=1005.8'),2
FANOUT,K75,Exception('timeout_or_slo_miss: completed=48/75 errors=27 elapsed_ms=1011.7'),5
FANOUT,K75,Exception('timeout_or_slo_miss: completed=48/75 errors=27 elapsed_ms=1513.5'),1
FANOUT,K75,Exception('timeout_or_slo_miss: completed=50/75 errors=25 elapsed_ms=1008.9'),4
FANOUT,K75,Exception('timeout_or_slo_miss: completed=52/75 errors=23 elapsed_ms=1009.5'),5
FANOUT,K75,Exception('timeout_or_slo_miss: completed=48/75 errors=27 elapsed_ms=1002.5'),1
FANOUT,K75,Exception('timeout_or_slo_miss: completed=46/75 errors=29 elapsed_ms=1013.5'),5
FANOUT,K75,Exception('timeout_or_slo_miss: completed=50/75 errors=25 elapsed_ms=1009.9'),4
FANOUT,K75,Exception('timeout_or_slo_miss: completed=46/75 errors=29 elapsed_ms=1013.0'),6
FANOUT,K75,Exception('timeout_or_slo_miss: completed=50/75 errors=25 elapsed_ms=1010.3'),5
FANOUT,K75,Exception('timeout_or_slo_miss: completed=47/75 errors=28 elapsed_ms=1009.6'),2
FANOUT,K75,Exception('timeout_or_slo_miss: completed=59/75 errors=10 elapsed_ms=1544.5'),1
FANOUT,K75,Exception('timeout_or_slo_miss: completed=41/75 errors=34 elapsed_ms=1024.3'),1
FANOUT,K75,Exception('timeout_or_slo_miss: completed=43/75 errors=32 elapsed_ms=1014.6'),2
FANOUT,K75,Exception('timeout_or_slo_miss: completed=44/75 errors=31 elapsed_ms=1016.4'),1
FANOUT,K75,Exception('timeout_or_slo_miss: completed=50/75 errors=25 elapsed_ms=1009.2'),5
FANOUT,K75,Exception('timeout_or_slo_miss: completed=46/75 errors=29 elapsed_ms=1010.4'),1
FANOUT,K75,Exception('timeout_or_slo_miss: completed=53/75 errors=22 elapsed_ms=1001.8'),1
FANOUT,K75,Exception('timeout_or_slo_miss: completed=42/75 errors=33 elapsed_ms=1015.6'),3
FANOUT,K75,Exception('timeout_or_slo_miss: completed=47/75 errors=28 elapsed_ms=1009.1'),1
FANOUT,K75,Exception('timeout_or_slo_miss: completed=45/75 errors=30 elapsed_ms=1014.6'),5
FANOUT,K75,Exception('timeout_or_slo_miss: completed=47/75 errors=28 elapsed_ms=1021.2'),1
FANOUT,K75,Exception('timeout_or_slo_miss: completed=50/75 errors=25 elapsed_ms=1004.6'),2
FANOUT,K75,Exception('timeout_or_slo_miss: completed=51/75 errors=24 elapsed_ms=1012.6'),1
FANOUT,K75,Exception('timeout_or_slo_miss: completed=45/75 errors=30 elapsed_ms=1022.9'),1
FANOUT,K75,Exception('timeout_or_slo_miss: completed=46/75 errors=19 elapsed_ms=1905.7'),1
FANOUT,K75,Exception('timeout_or_slo_miss: completed=46/75 errors=29 elapsed_ms=1021.7'),1
FANOUT,K75,Exception('timeout_or_slo_miss: completed=49/75 errors=26 elapsed_ms=1009.9'),6
FANOUT,K75,Exception('timeout_or_slo_miss: completed=51/75 errors=24 elapsed_ms=1007.0'),2
FANOUT,K75,Exception('timeout_or_slo_miss: completed=45/75 errors=30 elapsed_ms=1019.8'),2
FANOUT,K75,Exception('timeout_or_slo_miss: completed=52/75 errors=23 elapsed_ms=1008.6'),2
FANOUT,K75,Exception('timeout_or_slo_miss: completed=48/75 errors=27 elapsed_ms=1007.0'),1
FANOUT,K75,Exception('timeout_or_slo_miss: completed=53/75 errors=22 elapsed_ms=1006.9'),2
FANOUT,K75,Exception('timeout_or_slo_miss: completed=49/75 errors=26 elapsed_ms=1014.5'),1
FANOUT,K75,Exception('timeout_or_slo_miss: completed=50/75 errors=25 elapsed_ms=1013.5'),2
FANOUT,K75,Exception('timeout_or_slo_miss: completed=53/75 errors=22 elapsed_ms=1004.0'),1
FANOUT,K75,Exception('timeout_or_slo_miss: completed=41/75 errors=34 elapsed_ms=1018.2'),1
FANOUT,K75,Exception('timeout_or_slo_miss: completed=50/75 errors=25 elapsed_ms=1004.4'),1
FANOUT,K75,Exception('timeout_or_slo_miss: completed=47/75 errors=28 elapsed_ms=1012.9'),5
FANOUT,K75,Exception('timeout_or_slo_miss: completed=46/75 errors=29 elapsed_ms=1015.5'),2
FANOUT,K75,Exception('timeout_or_slo_miss: completed=45/75 errors=30 elapsed_ms=1020.1'),1
FANOUT,K75,Exception('timeout_or_slo_miss: completed=44/75 errors=31 elapsed_ms=1022.6'),1
FANOUT,K75,Exception('timeout_or_slo_miss: completed=42/75 errors=33 elapsed_ms=1017.9'),1
FANOUT,K75,Exception('timeout_or_slo_miss: completed=45/75 errors=30 elapsed_ms=1020.8'),1
FANOUT,K75,Exception('timeout_or_slo_miss: completed=53/75 errors=22 elapsed_ms=1022.0'),1
FANOUT,K75,Exception('timeout_or_slo_miss: completed=54/75 errors=21 elapsed_ms=1002.5'),17
FANOUT,K75,Exception('timeout_or_slo_miss: completed=52/75 errors=23 elapsed_ms=1007.1'),4
FANOUT,K75,Exception('timeout_or_slo_miss: completed=51/75 errors=24 elapsed_ms=1016.8'),1
FANOUT,K75,Exception('timeout_or_slo_miss: completed=54/75 errors=21 elapsed_ms=1003.8'),3
FANOUT,K75,Exception('timeout_or_slo_miss: completed=45/75 errors=30 elapsed_ms=1015.0'),1
FANOUT,K75,Exception('timeout_or_slo_miss: completed=52/75 errors=23 elapsed_ms=1004.2'),6
FANOUT,K75,Exception('timeout_or_slo_miss: completed=46/75 errors=29 elapsed_ms=1050.0'),1
FANOUT,K75,Exception('timeout_or_slo_miss: completed=45/75 errors=30 elapsed_ms=1018.9'),2
FANOUT,K75,Exception('timeout_or_slo_miss: completed=48/75 errors=13 elapsed_ms=3733.2'),1
FANOUT,K75,Exception('timeout_or_slo_miss: completed=45/75 errors=30 elapsed_ms=1013.3'),6
FANOUT,K75,Exception('timeout_or_slo_miss: completed=45/75 errors=30 elapsed_ms=1020.6'),1
FANOUT,K75,Exception('timeout_or_slo_miss: completed=49/75 errors=26 elapsed_ms=1015.0'),3
FANOUT,K75,Exception('timeout_or_slo_miss: completed=48/75 errors=27 elapsed_ms=1015.5'),6
FANOUT,K75,Exception('timeout_or_slo_miss: completed=46/75 errors=29 elapsed_ms=1010.9'),2
FANOUT,K75,Exception('timeout_or_slo_miss: completed=41/75 errors=34 elapsed_ms=1022.1'),1
FANOUT,K75,Exception('timeout_or_slo_miss: completed=47/75 errors=28 elapsed_ms=1013.5'),7
FANOUT,K75,Exception('timeout_or_slo_miss: completed=48/75 errors=27 elapsed_ms=1013.5'),4
FANOUT,K75,Exception('timeout_or_slo_miss: completed=46/75 errors=29 elapsed_ms=1017.9'),2
FANOUT,K75,Exception('timeout_or_slo_miss: completed=46/75 errors=29 elapsed_ms=1015.6'),2
FANOUT,K75,Exception('timeout_or_slo_miss: completed=42/75 errors=33 elapsed_ms=1013.5'),1
FANOUT,K75,Exception('timeout_or_slo_miss: completed=43/75 errors=32 elapsed_ms=1013.0'),3
FANOUT,K75,Exception('timeout_or_slo_miss: completed=48/75 errors=27 elapsed_ms=1012.0'),6
FANOUT,K75,Exception('timeout_or_slo_miss: completed=53/75 errors=22 elapsed_ms=1005.4'),4
FANOUT,K75,Exception('timeout_or_slo_miss: completed=47/75 errors=28 elapsed_ms=1023.3'),1
FANOUT,K75,Exception('timeout_or_slo_miss: completed=47/75 errors=28 elapsed_ms=1009.8'),2
FANOUT,K75,Exception('timeout_or_slo_miss: completed=53/75 errors=22 elapsed_ms=1012.7'),1
FANOUT,K75,Exception('timeout_or_slo_miss: completed=48/75 errors=27 elapsed_ms=1012.4'),3
FANOUT,K75,Exception('timeout_or_slo_miss: completed=45/75 errors=30 elapsed_ms=1013.6'),1
FANOUT,K75,Exception('timeout_or_slo_miss: completed=52/75 errors=23 elapsed_ms=1006.9'),3
FANOUT,K75,Exception('timeout_or_slo_miss: completed=54/75 errors=21 elapsed_ms=1004.0'),1
FANOUT,K75,Exception('timeout_or_slo_miss: completed=53/75 errors=22 elapsed_ms=1004.8'),5
FANOUT,K75,Exception('timeout_or_slo_miss: completed=43/75 errors=32 elapsed_ms=1014.7'),1
FANOUT,K75,Exception('timeout_or_slo_miss: completed=49/75 errors=26 elapsed_ms=1021.3'),1
FANOUT,K75,Exception('timeout_or_slo_miss: completed=47/75 errors=28 elapsed_ms=1011.7'),5
FANOUT,K75,Exception('timeout_or_slo_miss: completed=42/75 errors=33 elapsed_ms=1017.3'),1
FANOUT,K75,Exception('timeout_or_slo_miss: completed=39/75 errors=36 elapsed_ms=1021.5'),1
FANOUT,K75,Exception('timeout_or_slo_miss: completed=50/75 errors=25 elapsed_ms=1011.8'),1
FANOUT,K75,Exception('timeout_or_slo_miss: completed=46/75 errors=29 elapsed_ms=1010.7'),2
FANOUT,K75,Exception('timeout_or_slo_miss: completed=50/75 errors=25 elapsed_ms=1006.1'),2
FANOUT,K75,Exception('timeout_or_slo_miss: completed=54/75 errors=21 elapsed_ms=1002.9'),11
FANOUT,K75,Exception('timeout_or_slo_miss: completed=45/75 errors=30 elapsed_ms=1011.2'),3
FANOUT,K75,Exception('timeout_or_slo_miss: completed=46/75 errors=29 elapsed_ms=1016.6'),2
FANOUT,K75,Exception('timeout_or_slo_miss: completed=46/75 errors=29 elapsed_ms=1036.9'),1
FANOUT,K75,Exception('timeout_or_slo_miss: completed=49/75 errors=26 elapsed_ms=1002.8'),2
FANOUT,K75,Exception('timeout_or_slo_miss: completed=44/75 errors=31 elapsed_ms=1011.8'),1
FANOUT,K75,Exception('timeout_or_slo_miss: completed=46/75 errors=29 elapsed_ms=1014.8'),2
FANOUT,K75,Exception('timeout_or_slo_miss: completed=42/75 errors=31 elapsed_ms=1662.4'),1
FANOUT,K75,Exception('timeout_or_slo_miss: completed=42/75 errors=33 elapsed_ms=1014.7'),1
FANOUT,K75,Exception('timeout_or_slo_miss: completed=42/75 errors=33 elapsed_ms=1018.3'),1
FANOUT,K75,Exception('timeout_or_slo_miss: completed=50/75 errors=25 elapsed_ms=1007.3'),5
FANOUT,K75,Exception('timeout_or_slo_miss: completed=42/75 errors=33 elapsed_ms=1019.4'),1
FANOUT,K75,Exception('timeout_or_slo_miss: completed=44/75 errors=31 elapsed_ms=1009.2'),1
FANOUT,K75,Exception('timeout_or_slo_miss: completed=41/75 errors=34 elapsed_ms=1019.1'),1
FANOUT,K75,Exception('timeout_or_slo_miss: completed=47/75 errors=28 elapsed_ms=1015.7'),3
FANOUT,K75,Exception('timeout_or_slo_miss: completed=51/75 errors=24 elapsed_ms=1006.2'),5
FANOUT,K75,Exception('timeout_or_slo_miss: completed=44/75 errors=31 elapsed_ms=1014.4'),2
FANOUT,K75,Exception('timeout_or_slo_miss: completed=45/75 errors=30 elapsed_ms=1018.7'),1
FANOUT,K75,Exception('timeout_or_slo_miss: completed=52/75 errors=23 elapsed_ms=1010.7'),4
FANOUT,K75,Exception('timeout_or_slo_miss: completed=44/75 errors=31 elapsed_ms=1012.4'),2
FANOUT,K75,Exception('timeout_or_slo_miss: completed=53/75 errors=22 elapsed_ms=1003.9'),4
FANOUT,K75,Exception('subread_error: completed=65/75 errors=10'),1
FANOUT,K75,Exception('timeout_or_slo_miss: completed=41/75 errors=34 elapsed_ms=1017.1'),1
FANOUT,K75,Exception('timeout_or_slo_miss: completed=45/75 errors=30 elapsed_ms=1012.6'),3
FANOUT,K75,Exception('timeout_or_slo_miss: completed=52/75 errors=23 elapsed_ms=1010.6'),1
FANOUT,K75,Exception('timeout_or_slo_miss: completed=48/75 errors=27 elapsed_ms=1008.8'),3
FANOUT,K75,Exception('timeout_or_slo_miss: completed=46/75 errors=29 elapsed_ms=1027.2'),1
FANOUT,K75,Exception('timeout_or_slo_miss: completed=47/75 errors=28 elapsed_ms=1013.7'),4
FANOUT,K75,Exception('timeout_or_slo_miss: completed=47/75 errors=28 elapsed_ms=1006.9'),1
FANOUT,K75,Exception('timeout_or_slo_miss: completed=46/75 errors=29 elapsed_ms=1009.6'),1
FANOUT,K75,Exception('timeout_or_slo_miss: completed=53/75 errors=22 elapsed_ms=1005.0'),2
FANOUT,K75,Exception('timeout_or_slo_miss: completed=53/75 errors=22 elapsed_ms=1002.5'),17
FANOUT,K75,Exception('timeout_or_slo_miss: completed=54/75 errors=21 elapsed_ms=1008.2'),1
FANOUT,K75,Exception('timeout_or_slo_miss: completed=48/75 errors=27 elapsed_ms=1010.0'),7
FANOUT,K75,Exception('timeout_or_slo_miss: completed=44/75 errors=31 elapsed_ms=1010.6'),1
FANOUT,K75,Exception('timeout_or_slo_miss: completed=48/75 errors=27 elapsed_ms=1007.1'),1
FANOUT,K75,Exception('timeout_or_slo_miss: completed=49/75 errors=7 elapsed_ms=4838.7'),1
FANOUT,K75,Exception('timeout_or_slo_miss: completed=40/75 errors=35 elapsed_ms=1018.6'),1
FANOUT,K75,Exception('timeout_or_slo_miss: completed=46/75 errors=29 elapsed_ms=1010.6'),1
FANOUT,K75,Exception('timeout_or_slo_miss: completed=39/75 errors=36 elapsed_ms=1019.4'),1
FANOUT,K75,Exception('timeout_or_slo_miss: completed=51/75 errors=24 elapsed_ms=1011.9'),2
FANOUT,K75,Exception('timeout_or_slo_miss: completed=50/75 errors=25 elapsed_ms=1008.2'),4
FANOUT,K75,Exception('timeout_or_slo_miss: completed=42/75 errors=33 elapsed_ms=1017.1'),1
FANOUT,K75,Exception('timeout_or_slo_miss: completed=49/75 errors=26 elapsed_ms=1143.0'),1
FANOUT,K75,Exception('timeout_or_slo_miss: completed=47/75 errors=28 elapsed_ms=1008.1'),3
FANOUT,K75,Exception('timeout_or_slo_miss: completed=50/75 errors=25 elapsed_ms=1013.6'),4
FANOUT,K75,Exception('timeout_or_slo_miss: completed=40/75 errors=35 elapsed_ms=1021.8'),1
FANOUT,K75,Exception('timeout_or_slo_miss: completed=43/75 errors=32 elapsed_ms=1015.8'),1
FANOUT,K75,Exception('timeout_or_slo_miss: completed=45/75 errors=30 elapsed_ms=1020.9'),1
FANOUT,K75,Exception('timeout_or_slo_miss: completed=52/75 errors=23 elapsed_ms=1005.8'),2
FANOUT,K75,Exception('timeout_or_slo_miss: completed=47/75 errors=28 elapsed_ms=1015.9'),2
FANOUT,K75,Exception('timeout_or_slo_miss: completed=47/75 errors=28 elapsed_ms=1012.2'),5
FANOUT,K75,Exception('timeout_or_slo_miss: completed=45/75 errors=30 elapsed_ms=1013.1'),2
FANOUT,K75,Exception('timeout_or_slo_miss: completed=52/75 errors=23 elapsed_ms=1010.9'),1
FANOUT,K75,Exception('timeout_or_slo_miss: completed=48/75 errors=27 elapsed_ms=1007.6'),2
FANOUT,K75,Exception('timeout_or_slo_miss: completed=52/75 errors=23 elapsed_ms=1013.0'),1
FANOUT,K75,Exception('timeout_or_slo_miss: completed=43/75 errors=32 elapsed_ms=1019.5'),3
FANOUT,K75,Exception('timeout_or_slo_miss: completed=45/75 errors=30 elapsed_ms=1012.2'),1
FANOUT,K75,Exception('timeout_or_slo_miss: completed=51/75 errors=24 elapsed_ms=1002.9'),1
FANOUT,K75,Exception('timeout_or_slo_miss: completed=51/75 errors=24 elapsed_ms=1007.2'),8
FANOUT,K75,Exception('timeout_or_slo_miss: completed=44/75 errors=31 elapsed_ms=1016.8'),2
FANOUT,K75,Exception('timeout_or_slo_miss: completed=48/75 errors=27 elapsed_ms=1009.1'),4
FANOUT,K75,Exception('timeout_or_slo_miss: completed=50/75 errors=25 elapsed_ms=1016.7'),2
FANOUT,K75,Exception('timeout_or_slo_miss: completed=50/75 errors=25 elapsed_ms=1009.3'),5
FANOUT,K75,Exception('timeout_or_slo_miss: completed=48/75 errors=27 elapsed_ms=1016.6'),1
FANOUT,K75,Exception('timeout_or_slo_miss: completed=48/75 errors=27 elapsed_ms=1017.3'),1
FANOUT,K75,Exception('timeout_or_slo_miss: completed=47/75 errors=28 elapsed_ms=1025.7'),1
FANOUT,K75,Exception('timeout_or_slo_miss: completed=49/75 errors=26 elapsed_ms=1015.3'),1
FANOUT,K75,Exception('timeout_or_slo_miss: completed=52/75 errors=23 elapsed_ms=1013.9'),1
FANOUT,K75,Exception('timeout_or_slo_miss: completed=49/75 errors=26 elapsed_ms=1011.8'),2
FANOUT,K75,Exception('timeout_or_slo_miss: completed=52/75 errors=23 elapsed_ms=1005.9'),3
FANOUT,K75,Exception('timeout_or_slo_miss: completed=45/75 errors=30 elapsed_ms=1020.5'),4
FANOUT,K75,Exception('timeout_or_slo_miss: completed=51/75 errors=24 elapsed_ms=1008.4'),3
FANOUT,K75,Exception('timeout_or_slo_miss: completed=45/75 errors=30 elapsed_ms=1008.3'),1
FANOUT,K75,Exception('timeout_or_slo_miss: completed=48/75 errors=27 elapsed_ms=1007.8'),4
FANOUT,K75,Exception('timeout_or_slo_miss: completed=48/75 errors=27 elapsed_ms=1149.9'),1
FANOUT,K75,Exception('timeout_or_slo_miss: completed=48/75 errors=27 elapsed_ms=1005.9'),1
FANOUT,K75,Exception('timeout_or_slo_miss: completed=44/75 errors=31 elapsed_ms=1014.8'),3
FANOUT,K75,Exception('timeout_or_slo_miss: completed=48/75 errors=27 elapsed_ms=1013.6'),3
FANOUT,K75,Exception('timeout_or_slo_miss: completed=42/75 errors=33 elapsed_ms=1015.8'),2
FANOUT,K75,Exception('timeout_or_slo_miss: completed=47/75 errors=28 elapsed_ms=1010.0'),4
FANOUT,K75,Exception('timeout_or_slo_miss: completed=53/75 errors=22 elapsed_ms=1005.2'),3
FANOUT,K75,Exception('subread_error: completed=57/75 errors=18'),96
FANOUT,K75,Exception('timeout_or_slo_miss: completed=52/75 errors=23 elapsed_ms=1009.7'),3
FANOUT,K75,Exception('timeout_or_slo_miss: completed=46/75 errors=23 elapsed_ms=1422.9'),1
FANOUT,K75,Exception('timeout_or_slo_miss: completed=50/75 errors=25 elapsed_ms=1011.2'),5
FANOUT,K75,Exception('timeout_or_slo_miss: completed=41/75 errors=34 elapsed_ms=1013.2'),1
FANOUT,K75,Exception('timeout_or_slo_miss: completed=42/75 errors=33 elapsed_ms=1016.8'),1
FANOUT,K75,Exception('timeout_or_slo_miss: completed=50/75 errors=25 elapsed_ms=1020.7'),1
FANOUT,K75,Exception('timeout_or_slo_miss: completed=46/75 errors=29 elapsed_ms=1015.2'),4
FANOUT,K75,Exception('timeout_or_slo_miss: completed=53/75 errors=22 elapsed_ms=1012.0'),1
FANOUT,K75,Exception('timeout_or_slo_miss: completed=47/75 errors=28 elapsed_ms=1011.9'),2
FANOUT,K75,Exception('timeout_or_slo_miss: completed=50/75 errors=25 elapsed_ms=1016.3'),1
FANOUT,K75,Exception('timeout_or_slo_miss: completed=50/75 errors=25 elapsed_ms=1006.2'),4
FANOUT,K75,Exception('timeout_or_slo_miss: completed=48/75 errors=27 elapsed_ms=1011.5'),5
FANOUT,K75,Exception('timeout_or_slo_miss: completed=53/75 errors=22 elapsed_ms=1008.1'),1
FANOUT,K75,Exception('timeout_or_slo_miss: completed=45/75 errors=30 elapsed_ms=1020.3'),1
FANOUT,K75,Exception('timeout_or_slo_miss: completed=40/75 errors=35 elapsed_ms=1024.9'),1
FANOUT,K75,Exception('timeout_or_slo_miss: completed=51/75 errors=24 elapsed_ms=1011.8'),2
FANOUT,K75,Exception('timeout_or_slo_miss: completed=52/75 errors=23 elapsed_ms=1010.3'),1
FANOUT,K75,Exception('timeout_or_slo_miss: completed=47/75 errors=28 elapsed_ms=1007.0'),1
FANOUT,K75,Exception('timeout_or_slo_miss: completed=41/75 errors=34 elapsed_ms=1021.3'),1
FANOUT,K75,Exception('timeout_or_slo_miss: completed=39/75 errors=36 elapsed_ms=1025.4'),1
FANOUT,K75,Exception('timeout_or_slo_miss: completed=44/75 errors=31 elapsed_ms=1011.9'),1
FANOUT,K75,Exception('timeout_or_slo_miss: completed=45/75 errors=30 elapsed_ms=1016.6'),2
FANOUT,K75,Exception('timeout_or_slo_miss: completed=54/75 errors=21 elapsed_ms=1001.4'),4
FANOUT,K75,Exception('timeout_or_slo_miss: completed=50/75 errors=25 elapsed_ms=1011.6'),11
FANOUT,K75,Exception('timeout_or_slo_miss: completed=54/75 errors=21 elapsed_ms=1003.5'),6
FANOUT,K75,Exception('timeout_or_slo_miss: completed=47/75 errors=28 elapsed_ms=1009.0'),3
FANOUT,K75,Exception('timeout_or_slo_miss: completed=39/75 errors=36 elapsed_ms=1024.7'),1
FANOUT,K75,Exception('timeout_or_slo_miss: completed=53/75 errors=22 elapsed_ms=1002.0'),4
FANOUT,K75,Exception('timeout_or_slo_miss: completed=54/75 errors=21 elapsed_ms=1002.4'),10
FANOUT,K75,Exception('timeout_or_slo_miss: completed=50/75 errors=25 elapsed_ms=1004.8'),1
FANOUT,K75,Exception('timeout_or_slo_miss: completed=48/75 errors=27 elapsed_ms=1010.1'),5
FANOUT,K75,Exception('subread_error: completed=55/75 errors=20'),211
FANOUT,K75,Exception('timeout_or_slo_miss: completed=49/75 errors=26 elapsed_ms=1007.9'),5
FANOUT,K75,Exception('timeout_or_slo_miss: completed=47/75 errors=28 elapsed_ms=1017.2'),2
FANOUT,K75,Exception('timeout_or_slo_miss: completed=52/75 errors=23 elapsed_ms=1006.5'),4
FANOUT,K75,Exception('timeout_or_slo_miss: completed=45/75 errors=30 elapsed_ms=1019.3'),1
FANOUT,K75,Exception('timeout_or_slo_miss: completed=46/75 errors=29 elapsed_ms=1016.4'),2
FANOUT,K75,Exception('timeout_or_slo_miss: completed=41/75 errors=34 elapsed_ms=1021.1'),1
FANOUT,K75,Exception('timeout_or_slo_miss: completed=52/75 errors=23 elapsed_ms=1002.3'),5
FANOUT,K75,Exception('timeout_or_slo_miss: completed=49/75 errors=26 elapsed_ms=1014.1'),4
FANOUT,K75,Exception('timeout_or_slo_miss: completed=45/75 errors=30 elapsed_ms=1014.1'),4
FANOUT,K75,Exception('timeout_or_slo_miss: completed=54/75 errors=21 elapsed_ms=1003.6'),4
FANOUT,K75,Exception('timeout_or_slo_miss: completed=54/75 errors=21 elapsed_ms=1010.8'),1
FANOUT,K75,Exception('timeout_or_slo_miss: completed=48/75 errors=27 elapsed_ms=1013.7'),2
FANOUT,K75,Exception('timeout_or_slo_miss: completed=43/75 errors=32 elapsed_ms=1026.8'),1
FANOUT,K75,Exception('timeout_or_slo_miss: completed=52/75 errors=23 elapsed_ms=1005.5'),5
FANOUT,K75,Exception('timeout_or_slo_miss: completed=52/75 errors=23 elapsed_ms=1006.3'),4
FANOUT,K75,Exception('timeout_or_slo_miss: completed=44/75 errors=31 elapsed_ms=1035.2'),1
FANOUT,K75,Exception('timeout_or_slo_miss: completed=47/75 errors=28 elapsed_ms=1008.6'),2
FANOUT,K75,Exception('timeout_or_slo_miss: completed=50/75 errors=25 elapsed_ms=1006.7'),10
FANOUT,K75,Exception('timeout_or_slo_miss: completed=50/75 errors=25 elapsed_ms=1011.4'),3
FANOUT,K75,Exception('timeout_or_slo_miss: completed=48/75 errors=27 elapsed_ms=1004.7'),1
FANOUT,K75,Exception('timeout_or_slo_miss: completed=53/75 errors=22 elapsed_ms=1002.9'),11
FANOUT,K75,Exception('timeout_or_slo_miss: completed=51/75 errors=24 elapsed_ms=1015.5'),1
FANOUT,K75,Exception('timeout_or_slo_miss: completed=52/75 errors=23 elapsed_ms=1012.3'),2
FANOUT,K75,Exception('timeout_or_slo_miss: completed=48/75 errors=27 elapsed_ms=1018.5'),2
FANOUT,K75,Exception('timeout_or_slo_miss: completed=47/75 errors=28 elapsed_ms=1008.3'),2
FANOUT,K75,Exception('timeout_or_slo_miss: completed=49/75 errors=26 elapsed_ms=1019.0'),1
FANOUT,K75,Exception('timeout_or_slo_miss: completed=45/75 errors=30 elapsed_ms=1022.1'),1
FANOUT,K75,Exception('timeout_or_slo_miss: completed=45/75 errors=30 elapsed_ms=1015.2'),5
FANOUT,K75,Exception('timeout_or_slo_miss: completed=48/75 errors=27 elapsed_ms=1016.7'),2
FANOUT,K75,Exception('timeout_or_slo_miss: completed=49/75 errors=26 elapsed_ms=1010.3'),7
FANOUT,K75,Exception('timeout_or_slo_miss: completed=45/75 errors=30 elapsed_ms=1019.4'),1
FANOUT,K75,Exception('timeout_or_slo_miss: completed=52/75 errors=23 elapsed_ms=1007.3'),3
FANOUT,K75,Exception('timeout_or_slo_miss: completed=43/75 errors=32 elapsed_ms=1019.9'),2
FANOUT,K75,Exception('timeout_or_slo_miss: completed=44/75 errors=19 elapsed_ms=12199.2'),1
FANOUT,K75,Exception('timeout_or_slo_miss: completed=48/75 errors=27 elapsed_ms=1009.3'),6
FANOUT,K75,Exception('timeout_or_slo_miss: completed=55/75 errors=20 elapsed_ms=1007.2'),1
FANOUT,K75,Exception('timeout_or_slo_miss: completed=47/75 errors=28 elapsed_ms=1011.2'),7
FANOUT,K75,Exception('timeout_or_slo_miss: completed=51/75 errors=24 elapsed_ms=1007.9'),6
FANOUT,K75,Exception('timeout_or_slo_miss: completed=49/75 errors=26 elapsed_ms=1013.6'),6
FANOUT,K75,Exception('timeout_or_slo_miss: completed=43/75 errors=32 elapsed_ms=1019.3'),1
FANOUT,K75,Exception('timeout_or_slo_miss: completed=54/75 errors=21 elapsed_ms=1003.1'),10
FANOUT,K75,Exception('timeout_or_slo_miss: completed=45/75 errors=30 elapsed_ms=1018.1'),2
FANOUT,K75,Exception('timeout_or_slo_miss: completed=50/75 errors=25 elapsed_ms=1008.6'),1
FANOUT,K75,Exception('timeout_or_slo_miss: completed=42/75 errors=33 elapsed_ms=1015.2'),1
FANOUT,K75,Exception('timeout_or_slo_miss: completed=42/75 errors=33 elapsed_ms=1015.9'),1
FANOUT,K75,Exception('timeout_or_slo_miss: completed=53/75 errors=22 elapsed_ms=1002.2'),9
FANOUT,K75,Exception('timeout_or_slo_miss: completed=50/75 errors=23 elapsed_ms=1508.5'),1
FANOUT,K75,Exception('timeout_or_slo_miss: completed=44/75 errors=31 elapsed_ms=1015.4'),4
FANOUT,K75,Exception('timeout_or_slo_miss: completed=45/75 errors=30 elapsed_ms=1015.9'),3
FANOUT,K75,Exception('timeout_or_slo_miss: completed=46/75 errors=29 elapsed_ms=1025.4'),1
FANOUT,K75,Exception('timeout_or_slo_miss: completed=53/75 errors=22 elapsed_ms=1016.5'),1
FANOUT,K75,Exception('timeout_or_slo_miss: completed=40/75 errors=35 elapsed_ms=1025.8'),1
FANOUT,K75,Exception('timeout_or_slo_miss: completed=49/75 errors=26 elapsed_ms=1009.2'),4
FANOUT,K75,Exception('timeout_or_slo_miss: completed=42/75 errors=33 elapsed_ms=1022.8'),1
FANOUT,K75,Exception('timeout_or_slo_miss: completed=48/75 errors=27 elapsed_ms=1010.5'),1
FANOUT,K75,Exception('timeout_or_slo_miss: completed=40/75 errors=35 elapsed_ms=1017.5'),1
FANOUT,K75,Exception('timeout_or_slo_miss: completed=47/75 errors=28 elapsed_ms=1010.2'),4
FANOUT,K75,Exception('timeout_or_slo_miss: completed=53/75 errors=22 elapsed_ms=1002.8'),18
FANOUT,K75,Exception('timeout_or_slo_miss: completed=52/75 errors=23 elapsed_ms=1003.3'),8
FANOUT,K75,Exception('timeout_or_slo_miss: completed=41/75 errors=34 elapsed_ms=1027.6'),1
FANOUT,K75,Exception('timeout_or_slo_miss: completed=52/75 errors=23 elapsed_ms=1002.9'),2
FANOUT,K75,Exception('timeout_or_slo_miss: completed=43/75 errors=32 elapsed_ms=1024.3'),1
FANOUT,K75,Exception('timeout_or_slo_miss: completed=47/75 errors=28 elapsed_ms=1013.9'),2
FANOUT,K75,Exception('timeout_or_slo_miss: completed=48/75 errors=27 elapsed_ms=1011.4'),4
FANOUT,K75,Exception('timeout_or_slo_miss: completed=51/75 errors=24 elapsed_ms=1016.5'),1
FANOUT,K75,Exception('timeout_or_slo_miss: completed=50/75 errors=25 elapsed_ms=1010.0'),1
FANOUT,K75,Exception('timeout_or_slo_miss: completed=44/75 errors=31 elapsed_ms=1023.9'),1
FANOUT,K75,Exception('timeout_or_slo_miss: completed=55/75 errors=20 elapsed_ms=1010.3'),1
FANOUT,K75,Exception('timeout_or_slo_miss: completed=44/75 errors=31 elapsed_ms=1014.5'),3
FANOUT,K75,Exception('timeout_or_slo_miss: completed=50/75 errors=25 elapsed_ms=1285.8'),1
FANOUT,K75,Exception('timeout_or_slo_miss: completed=50/75 errors=25 elapsed_ms=1015.0'),2
FANOUT,K75,Exception('timeout_or_slo_miss: completed=43/75 errors=32 elapsed_ms=1020.6'),1
FANOUT,K75,Exception('timeout_or_slo_miss: completed=44/75 errors=31 elapsed_ms=1025.7'),1
FANOUT,K75,Exception('timeout_or_slo_miss: completed=51/75 errors=24 elapsed_ms=1008.1'),9
FANOUT,K75,Exception('timeout_or_slo_miss: completed=43/75 errors=32 elapsed_ms=1013.8'),4
FANOUT,K75,Exception('timeout_or_slo_miss: completed=49/75 errors=26 elapsed_ms=1021.5'),1
FANOUT,K75,Exception('timeout_or_slo_miss: completed=46/75 errors=29 elapsed_ms=1016.5'),4
FANOUT,K75,Exception('timeout_or_slo_miss: completed=47/75 errors=28 elapsed_ms=1015.5'),2
FANOUT,K75,Exception('timeout_or_slo_miss: completed=48/75 errors=27 elapsed_ms=1011.0'),6
FANOUT,K75,Exception('timeout_or_slo_miss: completed=49/75 errors=26 elapsed_ms=1018.1'),1
FANOUT,K75,Exception('timeout_or_slo_miss: completed=47/75 errors=28 elapsed_ms=1011.3'),5
FANOUT,K75,Exception('timeout_or_slo_miss: completed=48/75 errors=27 elapsed_ms=1011.8'),5
FANOUT,K75,Exception('timeout_or_slo_miss: completed=50/75 errors=25 elapsed_ms=1085.0'),1
FANOUT,K75,Exception('timeout_or_slo_miss: completed=53/75 errors=22 elapsed_ms=1001.9'),1
FANOUT,K75,Exception('timeout_or_slo_miss: completed=45/75 errors=30 elapsed_ms=1023.2'),1
FANOUT,K75,Exception('timeout_or_slo_miss: completed=41/75 errors=24 elapsed_ms=3689.1'),1
FANOUT,K75,Exception('timeout_or_slo_miss: completed=41/75 errors=34 elapsed_ms=1021.4'),1
FANOUT,K75,Exception('timeout_or_slo_miss: completed=46/75 errors=29 elapsed_ms=1014.9'),3
FANOUT,K75,Exception('timeout_or_slo_miss: completed=49/75 errors=26 elapsed_ms=1010.7'),5
FANOUT,K75,Exception('timeout_or_slo_miss: completed=49/75 errors=26 elapsed_ms=1116.7'),1
FANOUT,K75,Exception('timeout_or_slo_miss: completed=44/75 errors=31 elapsed_ms=1017.7'),1
FANOUT,K75,Exception('timeout_or_slo_miss: completed=47/75 errors=28 elapsed_ms=1020.7'),1
FANOUT,K75,Exception('timeout_or_slo_miss: completed=48/75 errors=27 elapsed_ms=1013.1'),2
FANOUT,K75,Exception('timeout_or_slo_miss: completed=49/75 errors=26 elapsed_ms=1015.6'),5
FANOUT,K75,Exception('timeout_or_slo_miss: completed=49/75 errors=26 elapsed_ms=1009.7'),6
FANOUT,K75,Exception('timeout_or_slo_miss: completed=45/75 errors=30 elapsed_ms=1011.5'),1
FANOUT,K75,Exception('timeout_or_slo_miss: completed=47/75 errors=28 elapsed_ms=1017.8'),2
FANOUT,K75,Exception('timeout_or_slo_miss: completed=51/75 errors=24 elapsed_ms=1010.5'),1
FANOUT,K75,Exception('timeout_or_slo_miss: completed=48/75 errors=27 elapsed_ms=1005.7'),1
FANOUT,K75,Exception('timeout_or_slo_miss: completed=52/75 errors=23 elapsed_ms=1011.0'),1
FANOUT,K75,Exception('timeout_or_slo_miss: completed=53/75 errors=22 elapsed_ms=1001.6'),2
FANOUT,K75,Exception('timeout_or_slo_miss: completed=49/75 errors=26 elapsed_ms=1019.2'),1
FANOUT,K75,Exception('timeout_or_slo_miss: completed=52/75 errors=23 elapsed_ms=1156.2'),1
FANOUT,K75,Exception('timeout_or_slo_miss: completed=45/75 errors=30 elapsed_ms=1015.1'),4
FANOUT,K75,Exception('timeout_or_slo_miss: completed=51/75 errors=24 elapsed_ms=1012.5'),1
FANOUT,K75,Exception('timeout_or_slo_miss: completed=53/75 errors=22 elapsed_ms=1003.6'),7
FANOUT,K75,Exception('timeout_or_slo_miss: completed=47/75 errors=28 elapsed_ms=1015.4'),2
FANOUT,K75,Exception('timeout_or_slo_miss: completed=43/75 errors=32 elapsed_ms=1016.1'),1
FANOUT,K75,Exception('timeout_or_slo_miss: completed=51/75 errors=24 elapsed_ms=1029.7'),1
FANOUT,K75,Exception('timeout_or_slo_miss: completed=40/75 errors=35 elapsed_ms=1020.2'),2
FANOUT,K75,Exception('timeout_or_slo_miss: completed=53/75 errors=22 elapsed_ms=1005.8'),3
FANOUT,K75,Exception('timeout_or_slo_miss: completed=53/75 errors=22 elapsed_ms=1008.0'),3
FANOUT,K75,Exception('timeout_or_slo_miss: completed=48/75 errors=27 elapsed_ms=1009.5'),7
FANOUT,K75,Exception('timeout_or_slo_miss: completed=52/75 errors=23 elapsed_ms=1007.7'),6
FANOUT,K75,Exception('timeout_or_slo_miss: completed=43/75 errors=32 elapsed_ms=1010.7'),1
FANOUT,K75,Exception('timeout_or_slo_miss: completed=47/75 errors=27 elapsed_ms=1510.1'),1
FANOUT,K75,Exception('timeout_or_slo_miss: completed=52/75 errors=23 elapsed_ms=1004.7'),7
FANOUT,K75,Exception('timeout_or_slo_miss: completed=50/75 errors=25 elapsed_ms=1013.8'),5
FANOUT,K75,Exception('timeout_or_slo_miss: completed=51/75 errors=24 elapsed_ms=1004.4'),3
FANOUT,K75,Exception('timeout_or_slo_miss: completed=54/75 errors=21 elapsed_ms=1003.9'),1
FANOUT,K75,Exception('timeout_or_slo_miss: completed=44/75 errors=31 elapsed_ms=1014.7'),1
FANOUT,K75,Exception('timeout_or_slo_miss: completed=44/75 errors=31 elapsed_ms=1010.7'),1
FANOUT,K75,Exception('timeout_or_slo_miss: completed=53/75 errors=22 elapsed_ms=1008.2'),2
