Method,Name,Error,Occurrences
FANOUT,K75,Exception('timeout_or_slo_miss: completed=45/75 errors=30 elapsed_ms=1013.5'),1
FANOUT,K75,Exception('timeout_or_slo_miss: completed=53/75 errors=22 elapsed_ms=1008.9'),2
FANOUT,K75,Exception('timeout_or_slo_miss: completed=45/75 errors=30 elapsed_ms=1022.6'),1
FANOUT,K75,Exception('timeout_or_slo_miss: completed=48/75 errors=27 elapsed_ms=1021.1'),1
FANOUT,K75,Exception('timeout_or_slo_miss: completed=49/75 errors=26 elapsed_ms=1031.2'),1
FANOUT,K75,Exception('timeout_or_slo_miss: completed=53/75 errors=22 elapsed_ms=1003.5'),5
FANOUT,K75,Exception('timeout_or_slo_miss: completed=50/75 errors=25 elapsed_ms=1024.4'),1
FANOUT,K75,Exception('timeout_or_slo_miss: completed=45/75 errors=30 elapsed_ms=1018.3'),2
FANOUT,K75,Exception('timeout_or_slo_miss: completed=43/75 errors=32 elapsed_ms=1183.2'),1
FANOUT,K75,Exception('timeout_or_slo_miss: completed=42/75 errors=33 elapsed_ms=1018.5'),1
FANOUT,K75,Exception('timeout_or_slo_miss: completed=48/75 errors=27 elapsed_ms=1009.7'),1
FANOUT,K75,Exception('timeout_or_slo_miss: completed=44/75 errors=31 elapsed_ms=1016.3'),2
FANOUT,K75,Exception('timeout_or_slo_miss: completed=49/75 errors=26 elapsed_ms=1027.8'),1
FANOUT,K75,Exception('timeout_or_slo_miss: completed=43/75 errors=32 elapsed_ms=1023.9'),1
FANOUT,K75,Exception('timeout_or_slo_miss: completed=53/75 errors=22 elapsed_ms=1002.3'),5
FANOUT,K75,Exception('timeout_or_slo_miss: completed=50/75 errors=25 elapsed_ms=1001.8'),1
FANOUT,K75,Exception('timeout_or_slo_miss: completed=51/75 errors=24 elapsed_ms=1012.7'),1
FANOUT,K75,Exception('timeout_or_slo_miss: completed=43/75 errors=32 elapsed_ms=1015.3'),1
FANOUT,K75,Exception('timeout_or_slo_miss: completed=48/75 errors=27 elapsed_ms=1018.9'),1
FANOUT,K75,Exception('timeout_or_slo_miss: completed=49/75 errors=26 elapsed_ms=1013.7'),4
FANOUT,K75,Exception('timeout_or_slo_miss: completed=44/75 errors=31 elapsed_ms=1015.7'),1
FANOUT,K75,Exception('timeout_or_slo_miss: completed=49/75 errors=26 elapsed_ms=1017.1'),1
FANOUT,K75,Exception('timeout_or_slo_miss: completed=41/75 errors=34 elapsed_ms=1029.1'),1
FANOUT,K75,Exception('timeout_or_slo_miss: completed=45/75 errors=30 elapsed_ms=1017.4'),2
FANOUT,K75,Exception('timeout_or_slo_miss: completed=45/75 errors=30 elapsed_ms=1012.3'),2
FANOUT,K75,Exception('timeout_or_slo_miss: completed=43/75 errors=32 elapsed_ms=1018.8'),1
FANOUT,K75,Exception('timeout_or_slo_miss: completed=49/75 errors=26 elapsed_ms=1007.5'),2
FANOUT,K75,Exception('timeout_or_slo_miss: completed=41/75 errors=34 elapsed_ms=1027.7'),1
FANOUT,K75,Exception('timeout_or_slo_miss: completed=52/75 errors=23 elapsed_ms=1001.5'),1
FANOUT,K75,Exception('timeout_or_slo_miss: completed=45/75 errors=30 elapsed_ms=1021.3'),1
FANOUT,K75,Exception('timeout_or_slo_miss: completed=48/75 errors=27 elapsed_ms=1007.7'),3
FANOUT,K75,Exception('timeout_or_slo_miss: completed=45/75 errors=30 elapsed_ms=1013.7'),1
FANOUT,K75,Exception('timeout_or_slo_miss: completed=50/75 errors=25 elapsed_ms=1006.6'),2
FANOUT,K75,Exception('timeout_or_slo_miss: completed=51/75 errors=24 elapsed_ms=1012.1'),1
FANOUT,K75,Exception('timeout_or_slo_miss: completed=52/75 errors=23 elapsed_ms=1012.0'),2
FANOUT,K75,Exception('timeout_or_slo_miss: completed=51/75 errors=24 elapsed_ms=1005.6'),4
FANOUT,K75,Exception('timeout_or_slo_miss: completed=40/75 errors=35 elapsed_ms=1023.6'),1
FANOUT,K75,Exception('timeout_or_slo_miss: completed=47/75 errors=28 elapsed_ms=1012.6'),1
FANOUT,K75,Exception('timeout_or_slo_miss: completed=48/75 errors=27 elapsed_ms=1004.3'),1
FANOUT,K75,Exception('timeout_or_slo_miss: completed=49/75 errors=26 elapsed_ms=1005.7'),2
FANOUT,K75,Exception('timeout_or_slo_miss: completed=53/75 errors=22 elapsed_ms=1004.1'),2
FANOUT,K75,Exception('timeout_or_slo_miss: completed=45/75 errors=30 elapsed_ms=1023.6'),1
FANOUT,K75,Exception('timeout_or_slo_miss: completed=49/75 errors=26 elapsed_ms=1006.4'),3
FANOUT,K75,Exception('timeout_or_slo_miss: completed=46/75 errors=29 elapsed_ms=1019.1'),1
FANOUT,K75,Exception('timeout_or_slo_miss: completed=44/75 errors=31 elapsed_ms=1050.5'),1
FANOUT,K75,Exception('timeout_or_slo_miss: completed=51/75 errors=24 elapsed_ms=1010.0'),1
FANOUT,K75,Exception('timeout_or_slo_miss: completed=44/75 errors=31 elapsed_ms=1020.7'),1
FANOUT,K75,Exception('timeout_or_slo_miss: completed=43/75 errors=32 elapsed_ms=1012.2'),1
FANOUT,K75,Exception('timeout_or_slo_miss: completed=48/75 errors=27 elapsed_ms=1010.8'),2
FANOUT,K75,Exception('timeout_or_slo_miss: completed=54/75 errors=21 elapsed_ms=1001.3'),1
FANOUT,K75,Exception('timeout_or_slo_miss: completed=43/75 errors=32 elapsed_ms=1021.3'),1
FANOUT,K75,Exception('timeout_or_slo_miss: completed=50/75 errors=25 elapsed_ms=1015.2'),1
FANOUT,K75,Exception('timeout_or_slo_miss: completed=52/75 errors=23 elapsed_ms=1004.8'),2
FANOUT,K75,Exception('timeout_or_slo_miss: completed=43/75 errors=32 elapsed_ms=1014.4'),1
FANOUT,K75,Exception('timeout_or_slo_miss: completed=45/75 errors=30 elapsed_ms=1039.5'),1
FANOUT,K75,Exception('timeout_or_slo_miss: completed=49/75 errors=26 elapsed_ms=1019.1'),1
FANOUT,K75,Exception('timeout_or_slo_miss: completed=51/75 errors=24 elapsed_ms=1014.0'),1
FANOUT,K75,Exception('timeout_or_slo_miss: completed=50/75 errors=25 elapsed_ms=1011.9'),3
FANOUT,K75,Exception('timeout_or_slo_miss: completed=41/75 errors=34 elapsed_ms=1014.5'),1
FANOUT,K75,Exception('timeout_or_slo_miss: completed=44/75 errors=31 elapsed_ms=1025.0'),1
FANOUT,K75,Exception('timeout_or_slo_miss: completed=49/75 errors=26 elapsed_ms=1015.2'),3
FANOUT,K75,Exception('timeout_or_slo_miss: completed=54/75 errors=21 elapsed_ms=1001.9'),5
FANOUT,K75,Exception('timeout_or_slo_miss: completed=48/75 errors=27 elapsed_ms=1009.4'),1
FANOUT,K75,Exception('timeout_or_slo_miss: completed=48/75 errors=27 elapsed_ms=1011.9'),1
FANOUT,K75,Exception('timeout_or_slo_miss: completed=44/75 errors=31 elapsed_ms=1012.6'),1
FANOUT,K75,Exception('timeout_or_slo_miss: completed=45/75 errors=30 elapsed_ms=1012.0'),1
FANOUT,K75,Exception('timeout_or_slo_miss: completed=48/75 errors=27 elapsed_ms=1010.3'),5
FANOUT,K75,Exception('timeout_or_slo_miss: completed=49/75 errors=26 elapsed_ms=1014.3'),4
FANOUT,K75,Exception('timeout_or_slo_miss: completed=49/75 errors=26 elapsed_ms=1006.9'),2
FANOUT,K75,Exception('timeout_or_slo_miss: completed=54/75 errors=21 elapsed_ms=1003.7'),1
FANOUT,K75,Exception('timeout_or_slo_miss: completed=45/75 errors=30 elapsed_ms=1039.3'),1
FANOUT,K75,Exception('timeout_or_slo_miss: completed=45/75 errors=30 elapsed_ms=1011.9'),1
FANOUT,K75,Exception('timeout_or_slo_miss: completed=50/75 errors=25 elapsed_ms=1007.5'),7
FANOUT,K75,Exception('timeout_or_slo_miss: completed=49/75 errors=26 elapsed_ms=1013.4'),1
FANOUT,K75,Exception('timeout_or_slo_miss: completed=47/75 errors=28 elapsed_ms=1008.5'),2
FANOUT,K75,Exception('timeout_or_slo_miss: completed=50/75 errors=25 elapsed_ms=1012.6'),3
FANOUT,K75,Exception('timeout_or_slo_miss: completed=41/75 errors=34 elapsed_ms=1019.9'),1
FANOUT,K75,Exception('timeout_or_slo_miss: completed=45/75 errors=30 elapsed_ms=1020.2'),2
FANOUT,K75,Exception('timeout_or_slo_miss: completed=46/75 errors=29 elapsed_ms=1017.6'),1
FANOUT,K75,Exception('timeout_or_slo_miss: completed=51/75 errors=24 elapsed_ms=1007.6'),2
FANOUT,K75,Exception('timeout_or_slo_miss: completed=51/75 errors=24 elapsed_ms=1006.0'),3
FANOUT,K75,Exception('timeout_or_slo_miss: completed=50/75 errors=25 elapsed_ms=1002.1'),1
FANOUT,K75,Exception('timeout_or_slo_miss: completed=46/75 errors=29 elapsed_ms=1020.3'),2
FANOUT,K75,Exception('timeout_or_slo_miss: completed=52/75 errors=23 elapsed_ms=1006.1'),2
FANOUT,K75,Exception('timeout_or_slo_miss: completed=51/75 errors=24 elapsed_ms=1002.8'),3
FANOUT,K75,Exception('timeout_or_slo_miss: completed=50/75 errors=25 elapsed_ms=1016.2'),2
FANOUT,K75,Exception('timeout_or_slo_miss: completed=44/75 errors=31 elapsed_ms=1034.7'),1
FANOUT,K75,Exception('timeout_or_slo_miss: completed=51/75 errors=24 elapsed_ms=1031.4'),1
FANOUT,K75,Exception('timeout_or_slo_miss: completed=51/75 errors=24 elapsed_ms=1002.4'),2
FANOUT,K75,Exception('timeout_or_slo_miss: completed=48/75 errors=27 elapsed_ms=1018.2'),1
FANOUT,K75,Exception('timeout_or_slo_miss: completed=54/75 errors=21 elapsed_ms=1007.7'),1
FANOUT,K75,Exception('timeout_or_slo_miss: completed=54/75 errors=21 elapsed_ms=1004.2'),1
FANOUT,K75,Exception('timeout_or_slo_miss: completed=51/75 errors=24 elapsed_ms=1009.7'),3
FANOUT,K75,Exception('timeout_or_slo_miss: completed=43/75 errors=21 elapsed_ms=10488.9'),1
FANOUT,K75,Exception('timeout_or_slo_miss: completed=51/75 errors=24 elapsed_ms=1003.0'),1
FANOUT,K75,Exception('timeout_or_slo_miss: completed=52/75 errors=23 elapsed_ms=1008.2'),4
FANOUT,K75,Exception('timeout_or_slo_miss: completed=47/75 errors=28 elapsed_ms=1008.2'),1
FANOUT,K75,Exception('timeout_or_slo_miss: completed=51/75 errors=24 elapsed_ms=1002.7'),4
FANOUT,K75,Exception('timeout_or_slo_miss: completed=51/75 errors=24 elapsed_ms=1003.1'),1
FANOUT,K75,Exception('timeout_or_slo_miss: completed=44/75 errors=31 elapsed_ms=1026.9'),1
FANOUT,K75,Exception('timeout_or_slo_miss: completed=48/75 errors=27 elapsed_ms=1016.1'),2
FANOUT,K75,Exception('timeout_or_slo_miss: completed=50/75 errors=25 elapsed_ms=1010.6'),4
FANOUT,K75,Exception('timeout_or_slo_miss: completed=45/75 errors=30 elapsed_ms=1015.7'),1
FANOUT,K75,Exception('timeout_or_slo_miss: completed=46/75 errors=29 elapsed_ms=1016.3'),2
FANOUT,K75,Exception('timeout_or_slo_miss: completed=48/75 errors=27 elapsed_ms=1007.9'),2
FANOUT,K75,Exception('timeout_or_slo_miss: completed=47/75 errors=28 elapsed_ms=1014.8'),4
FANOUT,K75,Exception('timeout_or_slo_miss: completed=44/75 errors=31 elapsed_ms=1011.4'),1
FANOUT,K75,Exception('timeout_or_slo_miss: completed=54/75 errors=21 elapsed_ms=1006.2'),1
FANOUT,K75,Exception('timeout_or_slo_miss: completed=50/75 errors=25 elapsed_ms=1016.9'),1
FANOUT,K75,Exception('timeout_or_slo_miss: completed=50/75 errors=25 elapsed_ms=1008.3'),3
FANOUT,K75,Exception('timeout_or_slo_miss: completed=53/75 errors=5 elapsed_ms=1619.5'),1
FANOUT,K75,Exception('timeout_or_slo_miss: completed=49/75 errors=26 elapsed_ms=1016.7'),3
FANOUT,K75,Exception('timeout_or_slo_miss: completed=43/75 errors=32 elapsed_ms=1013.1'),1
FANOUT,K75,Exception('timeout_or_slo_miss: completed=52/75 errors=23 elapsed_ms=1013.4'),1
FANOUT,K75,Exception('timeout_or_slo_miss: completed=44/75 errors=31 elapsed_ms=1009.9'),1
FANOUT,K75,Exception('timeout_or_slo_miss: completed=51/75 errors=24 elapsed_ms=1014.4'),1
FANOUT,K75,Exception('timeout_or_slo_miss: completed=52/75 errors=23 elapsed_ms=1002.1'),4
FANOUT,K75,Exception('timeout_or_slo_miss: completed=48/75 errors=27 elapsed_ms=1025.0'),1
FANOUT,K75,Exception('timeout_or_slo_miss: completed=42/75 errors=33 elapsed_ms=1023.9'),1
FANOUT,K75,Exception('timeout_or_slo_miss: completed=48/75 errors=27 elapsed_ms=1016.4'),2
FANOUT,K75,Exception('timeout_or_slo_miss: completed=48/75 errors=27 elapsed_ms=1010.7'),4
FANOUT,K75,Exception('timeout_or_slo_miss: completed=52/75 errors=23 elapsed_ms=1001.9'),3
FANOUT,K75,Exception('timeout_or_slo_miss: completed=47/75 errors=28 elapsed_ms=1019.6'),1
FANOUT,K75,Exception('timeout_or_slo_miss: completed=46/75 errors=29 elapsed_ms=1018.4'),1
FANOUT,K75,Exception('timeout_or_slo_miss: completed=53/75 errors=22 elapsed_ms=1006.3'),2
FANOUT,K75,Exception('timeout_or_slo_miss: completed=48/75 errors=27 elapsed_ms=1015.8'),1
FANOUT,K75,Exception('timeout_or_slo_miss: completed=53/75 errors=22 elapsed_ms=1007.8'),3
FANOUT,K75,Exception('timeout_or_slo_miss: completed=46/75 errors=29 elapsed_ms=1017.7'),1
FANOUT,K75,Exception('timeout_or_slo_miss: completed=45/75 errors=30 elapsed_ms=1016.3'),1
FANOUT,K75,Exception('timeout_or_slo_miss: completed=51/75 errors=24 elapsed_ms=1008.7'),3
FANOUT,K75,Exception('timeout_or_slo_miss: completed=44/75 errors=31 elapsed_ms=1016.9'),1
FANOUT,K75,Exception('timeout_or_slo_miss: completed=43/75 errors=32 elapsed_ms=1025.3'),1
FANOUT,K75,Exception('timeout_or_slo_miss: completed=46/75 errors=29 elapsed_ms=1018.7'),2
FANOUT,K75,Exception('timeout_or_slo_miss: completed=41/75 errors=34 elapsed_ms=1019.6'),1
FANOUT,K75,Exception('timeout_or_slo_miss: completed=44/75 errors=31 elapsed_ms=1022.1'),1
FANOUT,K75,Exception('timeout_or_slo_miss: completed=50/75 errors=25 elapsed_ms=1006.9'),6
FANOUT,K75,Exception('timeout_or_slo_miss: completed=48/75 errors=27 elapsed_ms=1252.5'),1
FANOUT,K75,Exception('timeout_or_slo_miss: completed=48/75 errors=27 elapsed_ms=1042.0'),1
FANOUT,K75,Exception('timeout_or_slo_miss: completed=38/75 errors=37 elapsed_ms=1032.4'),1
FANOUT,K75,Exception('timeout_or_slo_miss: completed=54/75 errors=21 elapsed_ms=1012.9'),1
FANOUT,K75,Exception('timeout_or_slo_miss: completed=45/75 errors=30 elapsed_ms=1017.3'),3
FANOUT,K75,Exception('timeout_or_slo_miss: completed=45/75 errors=30 elapsed_ms=1018.4'),2
FANOUT,K75,Exception('timeout_or_slo_miss: completed=48/75 errors=27 elapsed_ms=1014.7'),2
FANOUT,K75,Exception('timeout_or_slo_miss: completed=47/75 errors=28 elapsed_ms=1016.4'),4
FANOUT,K75,Exception('timeout_or_slo_miss: completed=43/75 errors=32 elapsed_ms=1029.2'),1
FANOUT,K75,Exception('timeout_or_slo_miss: completed=44/75 errors=31 elapsed_ms=1012.7'),2
FANOUT,K75,Exception('timeout_or_slo_miss: completed=52/75 errors=23 elapsed_ms=1011.6'),1
FANOUT,K75,Exception('timeout_or_slo_miss: completed=49/75 errors=26 elapsed_ms=1007.0'),2
FANOUT,K75,Exception('timeout_or_slo_miss: completed=41/75 errors=34 elapsed_ms=1019.8'),1
FANOUT,K75,Exception('timeout_or_slo_miss: completed=46/75 errors=29 elapsed_ms=1024.7'),1
FANOUT,K75,Exception('timeout_or_slo_miss: completed=38/75 errors=37 elapsed_ms=1027.7'),1
FANOUT,K75,Exception('timeout_or_slo_miss: completed=49/75 errors=26 elapsed_ms=1011.4'),5
FANOUT,K75,Exception('timeout_or_slo_miss: completed=47/75 errors=28 elapsed_ms=1017.6'),5
FANOUT,K75,Exception('timeout_or_slo_miss: completed=47/75 errors=28 elapsed_ms=1007.3'),3
FANOUT,K75,Exception('timeout_or_slo_miss: completed=49/75 errors=26 elapsed_ms=1007.1'),2
FANOUT,K75,Exception('timeout_or_slo_miss: completed=51/75 errors=24 elapsed_ms=1015.7'),2
FANOUT,K75,Exception('timeout_or_slo_miss: completed=51/75 errors=24 elapsed_ms=1004.2'),1
FANOUT,K75,Exception('timeout_or_slo_miss: completed=51/75 errors=24 elapsed_ms=1005.1'),2
FANOUT,K75,Exception('timeout_or_slo_miss: completed=48/75 errors=27 elapsed_ms=1008.6'),2
FANOUT,K75,Exception('timeout_or_slo_miss: completed=46/75 errors=29 elapsed_ms=1019.2'),1
FANOUT,K75,Exception('timeout_or_slo_miss: completed=42/75 errors=33 elapsed_ms=1014.5'),1
FANOUT,K75,Exception('timeout_or_slo_miss: completed=46/75 errors=29 elapsed_ms=1015.4'),2
FANOUT,K75,Exception('timeout_or_slo_miss: completed=38/75 errors=37 elapsed_ms=1036.9'),1
FANOUT,K75,Exception('timeout_or_slo_miss: completed=48/75 errors=27 elapsed_ms=1025.2'),1
FANOUT,K75,Exception('timeout_or_slo_miss: completed=46/75 errors=29 elapsed_ms=1017.5'),3
FANOUT,K75,Exception('timeout_or_slo_miss: completed=52/75 errors=23 elapsed_ms=1005.4'),3
FANOUT,K75,Exception('timeout_or_slo_miss: completed=43/75 errors=32 elapsed_ms=1806.3'),1
FANOUT,K75,Exception('timeout_or_slo_miss: completed=53/75 errors=22 elapsed_ms=1005.6'),1
FANOUT,K75,Exception('timeout_or_slo_miss: completed=48/75 errors=27 elapsed_ms=1023.5'),1
FANOUT,K75,Exception('timeout_or_slo_miss: completed=50/75 errors=25 elapsed_ms=1038.9'),1
FANOUT,K75,Exception('timeout_or_slo_miss: completed=51/75 errors=24 elapsed_ms=1009.0'),4
FANOUT,K75,Exception('timeout_or_slo_miss: completed=44/75 errors=31 elapsed_ms=1012.3'),1
FANOUT,K75,Exception('timeout_or_slo_miss: completed=49/75 errors=26 elapsed_ms=1011.5'),2
FANOUT,K75,Exception('timeout_or_slo_miss: completed=49/75 errors=26 elapsed_ms=1022.8'),1
FANOUT,K75,Exception('timeout_or_slo_miss: completed=49/75 errors=26 elapsed_ms=1008.6'),4
FANOUT,K75,Exception('timeout_or_slo_miss: completed=44/75 errors=31 elapsed_ms=1013.3'),1
FANOUT,K75,Exception('timeout_or_slo_miss: completed=43/75 errors=32 elapsed_ms=1017.7'),1
FANOUT,K75,Exception('timeout_or_slo_miss: completed=49/75 errors=26 elapsed_ms=1012.2'),5
FANOUT,K75,Exception('timeout_or_slo_miss: completed=51/75 errors=24 elapsed_ms=1003.6'),2
FANOUT,K75,Exception('timeout_or_slo_miss: completed=54/75 errors=21 elapsed_ms=1003.4'),5
FANOUT,K75,Exception('timeout_or_slo_miss: completed=53/75 errors=22 elapsed_ms=1003.3'),4
FANOUT,K75,Exception('timeout_or_slo_miss: completed=53/75 errors=22 elapsed_ms=1006.0'),4
FANOUT,K75,Exception('timeout_or_slo_miss: completed=53/75 errors=22 elapsed_ms=1003.4'),6
FANOUT,K75,Exception('timeout_or_slo_miss: completed=51/75 errors=24 elapsed_ms=1003.5'),2
FANOUT,K75,Exception('timeout_or_slo_miss: completed=49/75 errors=26 elapsed_ms=1017.3'),1
FANOUT,K75,Exception('timeout_or_slo_miss: completed=51/75 errors=24 elapsed_ms=1013.2'),3
FANOUT,K75,Exception('timeout_or_slo_miss: completed=54/75 errors=21 elapsed_ms=1004.3'),1
FANOUT,K75,Exception('timeout_or_slo_miss: completed=46/75 errors=29 elapsed_ms=1008.3'),1
FANOUT,K75,Exception('timeout_or_slo_miss: completed=51/75 errors=24 elapsed_ms=1008.6'),2
FANOUT,K75,Exception('timeout_or_slo_miss: completed=43/75 errors=32 elapsed_ms=1012.3'),1
FANOUT,K75,Exception('timeout_or_slo_miss: completed=48/75 errors=27 elapsed_ms=1012.2'),4
FANOUT,K75,Exception('timeout_or_slo_miss: completed=46/75 errors=29 elapsed_ms=1017.1'),1
FANOUT,K75,Exception('timeout_or_slo_miss: completed=43/75 errors=32 elapsed_ms=1018.3'),1
FANOUT,K75,Exception('timeout_or_slo_miss: completed=47/75 errors=28 elapsed_ms=1015.1'),6
FANOUT,K75,Exception('timeout_or_slo_miss: completed=48/75 errors=27 elapsed_ms=1012.3'),4
FANOUT,K75,Exception('timeout_or_slo_miss: completed=49/75 errors=26 elapsed_ms=1025.2'),1
FANOUT,K75,Exception('timeout_or_slo_miss: completed=47/75 errors=28 elapsed_ms=1014.7'),2
FANOUT,K75,Exception('timeout_or_slo_miss: completed=53/75 errors=22 elapsed_ms=1016.7'),1
FANOUT,K75,Exception('timeout_or_slo_miss: completed=44/75 errors=31 elapsed_ms=1017.3'),2
FANOUT,K75,Exception('timeout_or_slo_miss: completed=42/75 errors=20 elapsed_ms=2489.8'),1
FANOUT,K75,Exception('timeout_or_slo_miss: completed=52/75 errors=23 elapsed_ms=1004.6'),8
FANOUT,K75,Exception('timeout_or_slo_miss: completed=50/75 errors=25 elapsed_ms=1009.0'),2
FANOUT,K75,Exception('timeout_or_slo_miss: completed=49/75 errors=26 elapsed_ms=1009.6'),2
FANOUT,K75,Exception('timeout_or_slo_miss: completed=51/75 errors=24 elapsed_ms=1003.9'),2
FANOUT,K75,Exception('timeout_or_slo_miss: completed=48/75 errors=27 elapsed_ms=1015.7'),3
FANOUT,K75,Exception('timeout_or_slo_miss: completed=43/75 errors=23 elapsed_ms=2447.2'),1
FANOUT,K75,Exception('timeout_or_slo_miss: completed=50/75 errors=25 elapsed_ms=1034.8'),1
FANOUT,K75,Exception('timeout_or_slo_miss: completed=53/75 errors=22 elapsed_ms=1010.2'),1
FANOUT,K75,Exception('timeout_or_slo_miss: completed=43/75 errors=32 elapsed_ms=1017.3'),2
FANOUT,K75,Exception('timeout_or_slo_miss: completed=40/75 errors=35 elapsed_ms=1023.0'),1
FANOUT,K75,Exception('timeout_or_slo_miss: completed=49/75 errors=26 elapsed_ms=1009.8'),8
FANOUT,K75,Exception('timeout_or_slo_miss: completed=49/75 errors=26 elapsed_ms=1013.5'),4
FANOUT,K75,Exception('timeout_or_slo_miss: completed=51/75 errors=24 elapsed_ms=1005.9'),2
FANOUT,K75,Exception('timeout_or_slo_miss: completed=49/75 errors=26 elapsed_ms=1017.5'),1
FANOUT,K75,Exception('timeout_or_slo_miss: completed=43/75 errors=32 elapsed_ms=1022.1'),1
FANOUT,K75,Exception('timeout_or_slo_miss: completed=51/75 errors=24 elapsed_ms=1012.3'),2
FANOUT,K75,Exception('timeout_or_slo_miss: completed=53/75 errors=22 elapsed_ms=1011.5'),2
FANOUT,K75,Exception('timeout_or_slo_miss: completed=47/75 errors=28 elapsed_ms=1014.2'),3
FANOUT,K75,Exception('timeout_or_slo_miss: completed=53/75 errors=22 elapsed_ms=1004.5'),6
FANOUT,K75,Exception('timeout_or_slo_miss: completed=47/75 errors=28 elapsed_ms=1016.8'),1
FANOUT,K75,Exception('timeout_or_slo_miss: completed=53/75 errors=22 elapsed_ms=1004.4'),2
FANOUT,K75,Exception('timeout_or_slo_miss: completed=46/75 errors=29 elapsed_ms=1017.8'),2
FANOUT,K75,Exception('timeout_or_slo_miss: completed=45/75 errors=30 elapsed_ms=1014.7'),2
FANOUT,K75,Exception('timeout_or_slo_miss: completed=53/75 errors=22 elapsed_ms=1003.7'),5
FANOUT,K75,Exception('timeout_or_slo_miss: completed=49/75 errors=26 elapsed_ms=1014.9'),3
FANOUT,K75,Exception('timeout_or_slo_miss: completed=50/75 errors=25 elapsed_ms=1037.5'),1
FANOUT,K75,Exception('timeout_or_slo_miss: completed=51/75 errors=24 elapsed_ms=1011.1'),6
FANOUT,K75,Exception('timeout_or_slo_miss: completed=44/75 errors=31 elapsed_ms=1019.3'),1
FANOUT,K75,Exception('timeout_or_slo_miss: completed=45/75 errors=30 elapsed_ms=1012.4'),3
FANOUT,K75,Exception('timeout_or_slo_miss: completed=51/75 errors=24 elapsed_ms=1009.8'),5
FANOUT,K75,Exception('timeout_or_slo_miss: completed=53/75 errors=22 elapsed_ms=1094.4'),1
FANOUT,K75,Exception('timeout_or_slo_miss: completed=47/75 errors=28 elapsed_ms=1014.3'),5
FANOUT,K75,Exception('timeout_or_slo_miss: completed=52/75 errors=23 elapsed_ms=1022.1'),1
FANOUT,K75,Exception('timeout_or_slo_miss: completed=57/75 errors=18 elapsed_ms=1012.1'),1
FANOUT,K75,Exception('timeout_or_slo_miss: completed=54/75 errors=21 elapsed_ms=1005.3'),1
FANOUT,K75,Exception('timeout_or_slo_miss: completed=50/75 errors=25 elapsed_ms=1018.2'),1
FANOUT,K75,Exception('timeout_or_slo_miss: completed=52/75 errors=23 elapsed_ms=1013.3'),2
FANOUT,K75,Exception('timeout_or_slo_miss: completed=37/75 errors=38 elapsed_ms=1019.7'),1
FANOUT,K75,Exception('timeout_or_slo_miss: completed=51/75 errors=24 elapsed_ms=1015.0'),1
FANOUT,K75,Exception('timeout_or_slo_miss: completed=49/75 errors=26 elapsed_ms=1003.0'),1
FANOUT,K75,Exception('timeout_or_slo_miss: completed=43/75 errors=32 elapsed_ms=1027.3'),1
FANOUT,K75,Exception('timeout_or_slo_miss: completed=38/75 errors=37 elapsed_ms=1017.9'),1
FANOUT,K75,Exception('timeout_or_slo_miss: completed=49/75 errors=26 elapsed_ms=1005.5'),1
FANOUT,K75,Exception('timeout_or_slo_miss: completed=45/75 errors=30 elapsed_ms=1011.6'),1
FANOUT,K75,Exception('timeout_or_slo_miss: completed=53/75 errors=22 elapsed_ms=1003.8'),2
FANOUT,K75,Exception('timeout_or_slo_miss: completed=49/75 errors=26 elapsed_ms=1013.8'),2
FANOUT,K75,Exception('timeout_or_slo_miss: completed=49/75 errors=26 elapsed_ms=1022.2'),1
FANOUT,K75,Exception('timeout_or_slo_miss: completed=48/75 errors=27 elapsed_ms=1013.0'),6
FANOUT,K75,Exception('timeout_or_slo_miss: completed=45/75 errors=30 elapsed_ms=1021.6'),1
FANOUT,K75,Exception('timeout_or_slo_miss: completed=42/75 errors=33 elapsed_ms=1018.8'),1
FANOUT,K75,Exception('timeout_or_slo_miss: completed=47/75 errors=28 elapsed_ms=1018.0'),2
FANOUT,K75,Exception('timeout_or_slo_miss: completed=51/75 errors=24 elapsed_ms=1008.3'),4
FANOUT,K75,Exception('timeout_or_slo_miss: completed=50/75 errors=25 elapsed_ms=1005.9'),2
FANOUT,K75,Exception('timeout_or_slo_miss: completed=45/75 errors=30 elapsed_ms=1023.1'),1
FANOUT,K75,Exception('timeout_or_slo_miss: completed=49/75 errors=26 elapsed_ms=1018.8'),1
FANOUT,K75,Exception('timeout_or_slo_miss: completed=54/75 errors=21 elapsed_ms=1001.0'),1
FANOUT,K75,Exception('subread_error: completed=62/75 errors=13'),1
FANOUT,K75,Exception('timeout_or_slo_miss: completed=54/75 errors=21 elapsed_ms=1006.5'),1
FANOUT,K75,Exception('timeout_or_slo_miss: completed=51/75 errors=24 elapsed_ms=1011.4'),5
FANOUT,K75,Exception('timeout_or_slo_miss: completed=53/75 errors=22 elapsed_ms=1001.4'),1
FANOUT,K75,Exception('timeout_or_slo_miss: completed=51/75 errors=24 elapsed_ms=1008.5'),5
FANOUT,K75,Exception('timeout_or_slo_miss: completed=52/75 errors=23 elapsed_ms=1002.6'),4
FANOUT,K75,Exception('timeout_or_slo_miss: completed=50/75 errors=25 elapsed_ms=1013.3'),2
FANOUT,K75,Exception('timeout_or_slo_miss: completed=54/75 errors=21 elapsed_ms=1004.8'),1
FANOUT,K75,Exception('timeout_or_slo_miss: completed=45/75 errors=30 elapsed_ms=1019.6'),2
FANOUT,K75,Exception('timeout_or_slo_miss: completed=46/75 errors=29 elapsed_ms=1011.5'),3
FANOUT,K75,Exception('timeout_or_slo_miss: completed=48/75 errors=27 elapsed_ms=1005.1'),2
FANOUT,K75,Exception('timeout_or_slo_miss: completed=45/75 errors=30 elapsed_ms=1017.7'),1
FANOUT,K75,Exception('timeout_or_slo_miss: completed=49/75 errors=26 elapsed_ms=1008.1'),5
FANOUT,K75,Exception('timeout_or_slo_miss: completed=44/75 errors=31 elapsed_ms=1028.1'),1
FANOUT,K75,Exception('timeout_or_slo_miss: completed=53/75 errors=22 elapsed_ms=1012.1'),2
FANOUT,K75,Exception('timeout_or_slo_miss: completed=44/75 errors=31 elapsed_ms=1013.9'),1
FANOUT,K75,Exception('timeout_or_slo_miss: completed=46/75 errors=29 elapsed_ms=1022.2'),1
FANOUT,K75,Exception('timeout_or_slo_miss: completed=53/75 errors=22 elapsed_ms=1005.9'),2
FANOUT,K75,Exception('timeout_or_slo_miss: completed=47/75 errors=28 elapsed_ms=1010.1'),2
FANOUT,K75,Exception('timeout_or_slo_miss: completed=42/75 errors=33 elapsed_ms=1020.1'),1
FANOUT,K75,Exception('timeout_or_slo_miss: completed=43/75 errors=32 elapsed_ms=1021.1'),1
FANOUT,K75,Exception('timeout_or_slo_miss: completed=45/75 errors=30 elapsed_ms=1019.7'),1
FANOUT,K75,Exception('timeout_or_slo_miss: completed=44/75 errors=31 elapsed_ms=1018.2'),2
FANOUT,K75,Exception('timeout_or_slo_miss: completed=46/75 errors=29 elapsed_ms=1037.2'),1
FANOUT,K75,Exception('timeout_or_slo_miss: completed=46/75 errors=29 elapsed_ms=1019.6'),2
FANOUT,K75,Exception('timeout_or_slo_miss: completed=50/75 errors=25 elapsed_ms=1010.1'),3
FANOUT,K75,Exception('timeout_or_slo_miss: completed=43/75 errors=32 elapsed_ms=1017.6'),1
FANOUT,K75,Exception('timeout_or_slo_miss: completed=50/75 errors=25 elapsed_ms=1012.2'),1
FANOUT,K75,Exception('timeout_or_slo_miss: completed=51/75 errors=24 elapsed_ms=1015.3'),1
FANOUT,K75,Exception('timeout_or_slo_miss: completed=50/75 errors=25 elapsed_ms=1008.8'),4
FANOUT,K75,Exception('timeout_or_slo_miss: completed=46/75 errors=29 elapsed_ms=1011.9'),4
FANOUT,K75,Exception('timeout_or_slo_miss: completed=50/75 errors=25 elapsed_ms=1014.7'),1
FANOUT,K75,Exception('timeout_or_slo_miss: completed=42/75 errors=33 elapsed_ms=1029.3'),1
FANOUT,K75,Exception('timeout_or_slo_miss: completed=44/75 errors=31 elapsed_ms=1017.0'),1
FANOUT,K75,Exception('timeout_or_slo_miss: completed=49/75 errors=26 elapsed_ms=1004.9'),1
FANOUT,K75,Exception('timeout_or_slo_miss: completed=45/75 errors=30 elapsed_ms=1014.2'),3
FANOUT,K75,Exception('timeout_or_slo_miss: completed=53/75 errors=22 elapsed_ms=1005.5'),1
FANOUT,K75,Exception('timeout_or_slo_miss: completed=46/75 errors=29 elapsed_ms=1010.5'),2
FANOUT,K75,Exception('timeout_or_slo_miss: completed=47/75 errors=28 elapsed_ms=1013.6'),2
FANOUT,K75,Exception('timeout_or_slo_miss: completed=48/75 errors=27 elapsed_ms=1012.8'),2
FANOUT,K75,Exception('timeout_or_slo_miss: completed=46/75 errors=29 elapsed_ms=1020.0'),1
FANOUT,K75,Exception('timeout_or_slo_miss: completed=54/75 errors=21 elapsed_ms=1008.6'),1
FANOUT,K75,Exception('timeout_or_slo_miss: completed=49/75 errors=26 elapsed_ms=1009.4'),3
FANOUT,K75,Exception('timeout_or_slo_miss: completed=50/75 errors=25 elapsed_ms=1004.3'),1
FANOUT,K75,Exception('timeout_or_slo_miss: completed=48/75 errors=27 elapsed_ms=1009.2'),1
FANOUT,K75,Exception('timeout_or_slo_miss: completed=42/75 errors=33 elapsed_ms=1019.6'),1
FANOUT,K75,Exception('timeout_or_slo_miss: completed=45/75 errors=30 elapsed_ms=1016.0'),4
FANOUT,K75,Exception('timeout_or_slo_miss: completed=49/75 errors=26 elapsed_ms=1004.8'),2
FANOUT,K75,Exception('timeout_or_slo_miss: completed=51/75 errors=24 elapsed_ms=1013.6'),2
FANOUT,K75,Exception('timeout_or_slo_miss: completed=42/75 errors=33 elapsed_ms=1021.7'),1
FANOUT,K75,Exception('timeout_or_slo_miss: completed=50/75 errors=25 elapsed_ms=1005.4'),3
FANOUT,K75,Exception('timeout_or_slo_miss: completed=54/75 errors=21 elapsed_ms=1004.6'),3
FANOUT,K75,Exception('timeout_or_slo_miss: completed=51/75 errors=24 elapsed_ms=1011.3'),4
FANOUT,K75,Exception('timeout_or_slo_miss: completed=42/75 errors=33 elapsed_ms=1029.1'),1
FANOUT,K75,Exception('timeout_or_slo_miss: completed=45/75 errors=30 elapsed_ms=1019.2'),1
FANOUT,K75,Exception('timeout_or_slo_miss: completed=50/75 errors=25 elapsed_ms=1016.5'),1
FANOUT,K75,Exception('timeout_or_slo_miss: completed=52/75 errors=23 elapsed_ms=1004.9'),7
FANOUT,K75,Exception('timeout_or_slo_miss: completed=50/75 errors=25 elapsed_ms=1014.1'),1
FANOUT,K75,Exception('timeout_or_slo_miss: completed=46/75 errors=29 elapsed_ms=1015.0'),2
FANOUT,K75,Exception('timeout_or_slo_miss: completed=46/75 errors=29 elapsed_ms=1021.5'),1
FANOUT,K75,Exception('timeout_or_slo_miss: completed=44/75 errors=31 elapsed_ms=1017.6'),1
FANOUT,K75,Exception('timeout_or_slo_miss: completed=45/75 errors=25 elapsed_ms=1624.5'),1
FANOUT,K75,Exception('timeout_or_slo_miss: completed=40/75 errors=35 elapsed_ms=1026.9'),1
FANOUT,K75,Exception('timeout_or_slo_miss: completed=47/75 errors=28 elapsed_ms=1020.1'),2
FANOUT,K75,Exception('timeout_or_slo_miss: completed=53/75 errors=22 elapsed_ms=1004.7'),1
FANOUT,K75,Exception('timeout_or_slo_miss: completed=53/75 errors=22 elapsed_ms=1012.9'),1
FANOUT,K75,Exception('timeout_or_slo_miss: completed=42/75 errors=33 elapsed_ms=1018.1'),2
FANOUT,K75,Exception('timeout_or_slo_miss: completed=47/75 errors=28 elapsed_ms=1008.8'),2
FANOUT,K75,Exception('timeout_or_slo_miss: completed=49/75 errors=26 elapsed_ms=1007.8'),2
FANOUT,K75,Exception('timeout_or_slo_miss: completed=44/75 errors=31 elapsed_ms=1018.7'),3
FANOUT,K75,Exception('timeout_or_slo_miss: completed=43/75 errors=32 elapsed_ms=1012.9'),1
FANOUT,K75,Exception('timeout_or_slo_miss: completed=46/75 errors=29 elapsed_ms=1012.8'),1
FANOUT,K75,Exception('timeout_or_slo_miss: completed=50/75 errors=25 elapsed_ms=1001.7'),1
FANOUT,K75,Exception('timeout_or_slo_miss: completed=40/75 errors=35 elapsed_ms=1025.2'),1
FANOUT,K75,Exception('timeout_or_slo_miss: completed=39/75 errors=20 elapsed_ms=8674.0'),1
FANOUT,K75,Exception('timeout_or_slo_miss: completed=50/75 errors=25 elapsed_ms=1005.8'),4
FANOUT,K75,Exception('timeout_or_slo_miss: completed=45/75 errors=30 elapsed_ms=1014.3'),2
FANOUT,K75,Exception('timeout_or_slo_miss: completed=49/75 errors=26 elapsed_ms=1015.4'),1
FANOUT,K75,Exception('timeout_or_slo_miss: completed=51/75 errors=24 elapsed_ms=1007.7'),5
FANOUT,K75,Exception('timeout_or_slo_miss: completed=50/75 errors=25 elapsed_ms=1010.8'),5
FANOUT,K75,Exception('timeout_or_slo_miss: completed=52/75 errors=23 elapsed_ms=1003.2'),7
FANOUT,K75,Exception('timeout_or_slo_miss: completed=51/75 errors=24 elapsed_ms=1014.2'),1
FANOUT,K75,Exception('timeout_or_slo_miss: completed=50/75 errors=25 elapsed_ms=1005.7'),5
FANOUT,K75,Exception('timeout_or_slo_miss: completed=46/75 errors=29 elapsed_ms=1008.4'),1
FANOUT,K75,Exception('timeout_or_slo_miss: completed=51/75 errors=24 elapsed_ms=1019.8'),1
FANOUT,K75,Exception('timeout_or_slo_miss: completed=50/75 errors=25 elapsed_ms=1010.2'),6
FANOUT,K75,Exception('timeout_or_slo_miss: completed=41/75 errors=34 elapsed_ms=1015.3'),1
FANOUT,K75,Exception('timeout_or_slo_miss: completed=45/75 errors=30 elapsed_ms=1011.8'),1
FANOUT,K75,Exception('timeout_or_slo_miss: completed=51/75 errors=24 elapsed_ms=1009.6'),1
FANOUT,K75,Exception('timeout_or_slo_miss: completed=44/75 errors=31 elapsed_ms=1017.8'),3
FANOUT,K75,Exception('timeout_or_slo_miss: completed=51/75 errors=24 elapsed_ms=1010.7'),3
FANOUT,K75,Exception('timeout_or_slo_miss: completed=51/75 errors=24 elapsed_ms=1012.0'),8
FANOUT,K75,Exception('timeout_or_slo_miss: completed=54/75 errors=21 elapsed_ms=1004.1'),1
FANOUT,K75,Exception('timeout_or_slo_miss: completed=48/75 errors=27 elapsed_ms=1009.0'),4
FANOUT,K75,Exception('timeout_or_slo_miss: completed=46/75 errors=29 elapsed_ms=1021.2'),1
FANOUT,K75,Exception('timeout_or_slo_miss: completed=53/75 errors=22 elapsed_ms=1009.2'),1
FANOUT,K75,Exception('timeout_or_slo_miss: completed=49/75 errors=26 elapsed_ms=1016.2'),2
FANOUT,K75,Exception('timeout_or_slo_miss: completed=53/75 errors=22 elapsed_ms=1006.1'),2
FANOUT,K75,Exception('timeout_or_slo_miss: completed=51/75 errors=24 elapsed_ms=1001.9'),1
FANOUT,K75,Exception('timeout_or_slo_miss: completed=51/75 errors=24 elapsed_ms=1013.0'),2
FANOUT,K75,Exception('timeout_or_slo_miss: completed=51/75 errors=24 elapsed_ms=1007.8'),6
FANOUT,K75,Exception('timeout_or_slo_miss: completed=52/75 errors=23 elapsed_ms=1002.0'),2
FANOUT,K75,Exception('timeout_or_slo_miss: completed=47/75 errors=28 elapsed_ms=1016.3'),1
FANOUT,K75,Exception('timeout_or_slo_miss: completed=50/75 errors=25 elapsed_ms=1014.8'),2
FANOUT,K75,Exception('timeout_or_slo_miss: completed=50/75 errors=25 elapsed_ms=1044.7'),1
FANOUT,K75,Exception('timeout_or_slo_miss: completed=42/75 errors=33 elapsed_ms=1058.2'),1
FANOUT,K75,Exception('timeout_or_slo_miss: completed=49/75 errors=26 elapsed_ms=1016.3'),1
FANOUT,K75,Exception('timeout_or_slo_miss: completed=43/75 errors=32 elapsed_ms=1011.4'),1
FANOUT,K75,Exception('timeout_or_slo_miss: completed=46/75 errors=29 elapsed_ms=1013.9'),3
FANOUT,K75,Exception('timeout_or_slo_miss: completed=51/75 errors=24 elapsed_ms=1011.7'),1
FANOUT,K75,Exception('timeout_or_slo_miss: completed=52/75 errors=23 elapsed_ms=1007.6'),6
FANOUT,K75,Exception('timeout_or_slo_miss: completed=52/75 errors=23 elapsed_ms=1008.1'),3
FANOUT,K75,Exception('timeout_or_slo_miss: completed=49/75 errors=26 elapsed_ms=1008.7'),1
FANOUT,K75,Exception('timeout_or_slo_miss: completed=42/75 errors=33 elapsed_ms=1023.0'),2
FANOUT,K75,Exception('timeout_or_slo_miss: completed=47/75 errors=28 elapsed_ms=1006.7'),1
FANOUT,K75,Exception('timeout_or_slo_miss: completed=50/75 errors=25 elapsed_ms=1010.9'),4
FANOUT,K75,Exception('timeout_or_slo_miss: completed=49/75 errors=26 elapsed_ms=1005.3'),1
FANOUT,K75,Exception('timeout_or_slo_miss: completed=43/75 errors=32 elapsed_ms=1013.9'),2
FANOUT,K75,Exception('timeout_or_slo_miss: completed=52/75 errors=23 elapsed_ms=1005.2'),2
FANOUT,K75,Exception('timeout_or_slo_miss: completed=54/75 errors=21 elapsed_ms=1001.8'),3
FANOUT,K75,Exception('timeout_or_slo_miss: completed=46/75 errors=29 elapsed_ms=1012.2'),2
FANOUT,K75,Exception('timeout_or_slo_miss: completed=41/75 errors=34 elapsed_ms=1039.0'),1
FANOUT,K75,Exception('timeout_or_slo_miss: completed=48/75 errors=27 elapsed_ms=1006.8'),1
FANOUT,K75,Exception('timeout_or_slo_miss: completed=51/75 errors=24 elapsed_ms=1010.6'),5
FANOUT,K75,Exception('timeout_or_slo_miss: completed=49/75 errors=26 elapsed_ms=1025.1'),1
FANOUT,K75,Exception('timeout_or_slo_miss: completed=49/75 errors=26 elapsed_ms=1006.6'),4
FANOUT,K75,Exception('timeout_or_slo_miss: completed=41/75 errors=34 elapsed_ms=1016.1'),1
FANOUT,K75,Exception('timeout_or_slo_miss: completed=51/75 errors=24 elapsed_ms=1014.5'),2
FANOUT,K75,Exception('timeout_or_slo_miss: completed=45/75 errors=30 elapsed_ms=1028.2'),1
FANOUT,K75,Exception('timeout_or_slo_miss: completed=49/75 errors=26 elapsed_ms=1023.8'),1
FANOUT,K75,Exception('timeout_or_slo_miss: completed=53/75 errors=22 elapsed_ms=1005.7'),2
FANOUT,K75,Exception('timeout_or_slo_miss: completed=51/75 errors=24 elapsed_ms=1006.6'),3
FANOUT,K75,Exception('timeout_or_slo_miss: completed=51/75 errors=24 elapsed_ms=1009.4'),3
FANOUT,K75,Exception('timeout_or_slo_miss: completed=47/75 errors=28 elapsed_ms=1011.5'),3
FANOUT,K75,Exception('timeout_or_slo_miss: completed=49/75 errors=26 elapsed_ms=1010.0'),2
FANOUT,K75,Exception('timeout_or_slo_miss: completed=50/75 errors=25 elapsed_ms=1004.5'),1
FANOUT,K75,Exception('timeout_or_slo_miss: completed=45/75 errors=30 elapsed_ms=1015.8'),2
FANOUT,K75,Exception('timeout_or_slo_miss: completed=51/75 errors=24 elapsed_ms=1007.3'),7
FANOUT,K75,Exception('timeout_or_slo_miss: completed=47/75 errors=28 elapsed_ms=1018.7'),1
FANOUT,K75,Exception('timeout_or_slo_miss: completed=44/75 errors=31 elapsed_ms=1015.1'),1
FANOUT,K75,Exception('timeout_or_slo_miss: completed=53/75 errors=22 elapsed_ms=1002.1'),4
FANOUT,K75,Exception('timeout_or_slo_miss: completed=43/75 errors=32 elapsed_ms=1026.9'),1
FANOUT,K75,Exception('timeout_or_slo_miss: completed=46/75 errors=29 elapsed_ms=1027.3'),1
FANOUT,K75,Exception('timeout_or_slo_miss: completed=46/75 errors=29 elapsed_ms=1007.4'),1
FANOUT,K75,Exception('timeout_or_slo_miss: completed=48/75 errors=27 elapsed_ms=1009.9'),2
FANOUT,K75,Exception('timeout_or_slo_miss: completed=49/75 errors=26 elapsed_ms=1018.3'),1
FANOUT,K75,Exception('subread_error: completed=61/75 errors=14'),11
FANOUT,K75,Exception('timeout_or_slo_miss: completed=51/75 errors=24 elapsed_ms=1005.7'),3
FANOUT,K75,Exception('timeout_or_slo_miss: completed=48/75 errors=27 elapsed_ms=1003.9'),1
FANOUT,K75,Exception('timeout_or_slo_miss: completed=52/75 errors=23 elapsed_ms=1009.1'),2
FANOUT,K75,Exception('timeout_or_slo_miss: completed=50/75 errors=25 elapsed_ms=1027.3'),1
FANOUT,K75,Exception('timeout_or_slo_miss: completed=49/75 errors=26 elapsed_ms=1012.5'),3
FANOUT,K75,Exception('timeout_or_slo_miss: completed=49/75 errors=26 elapsed_ms=1010.9'),3
FANOUT,K75,Exception('timeout_or_slo_miss: completed=44/75 errors=31 elapsed_ms=1017.4'),1
FANOUT,K75,Exception('timeout_or_slo_miss: completed=48/75 errors=27 elapsed_ms=1011.2'),3
FANOUT,K75,Exception('timeout_or_slo_miss: completed=51/75 errors=24 elapsed_ms=1038.8'),1
FANOUT,K75,Exception('timeout_or_slo_miss: completed=50/75 errors=25 elapsed_ms=1010.7'),4
FANOUT,K75,Exception('timeout_or_slo_miss: completed=47/75 errors=28 elapsed_ms=1014.9'),2
FANOUT,K75,Exception('timeout_or_slo_miss: completed=47/75 errors=28 elapsed_ms=1015.2'),1
FANOUT,K75,Exception('timeout_or_slo_miss: completed=46/75 errors=29 elapsed_ms=1014.0'),1
FANOUT,K75,Exception('timeout_or_slo_miss: completed=46/75 errors=29 elapsed_ms=1016.1'),2
FANOUT,K75,Exception('timeout_or_slo_miss: completed=51/75 errors=24 elapsed_ms=1009.1'),4
FANOUT,K75,Exception('timeout_or_slo_miss: completed=43/75 errors=32 elapsed_ms=1023.1'),1
FANOUT,K75,Exception('subread_error: completed=59/75 errors=16'),25
FANOUT,K75,Exception('timeout_or_slo_miss: completed=47/75 errors=28 elapsed_ms=1018.4'),1
FANOUT,K75,Exception('timeout_or_slo_miss: completed=44/75 errors=31 elapsed_ms=1019.1'),1
FANOUT,K75,Exception('timeout_or_slo_miss: completed=45/75 errors=30 elapsed_ms=1022.8'),1
FANOUT,K75,Exception('timeout_or_slo_miss: completed=53/75 errors=22 elapsed_ms=1034.0'),1
FANOUT,K75,Exception('timeout_or_slo_miss: completed=51/75 errors=24 elapsed_ms=1005.4'),4
FANOUT,K75,Exception('timeout_or_slo_miss: completed=46/75 errors=29 elapsed_ms=1015.3'),3
FANOUT,K75,Exception('timeout_or_slo_miss: completed=43/75 errors=32 elapsed_ms=1023.4'),1
FANOUT,K75,Exception('timeout_or_slo_miss: completed=51/75 errors=18 elapsed_ms=7789.3'),1
FANOUT,K75,Exception('timeout_or_slo_miss: completed=46/75 errors=29 elapsed_ms=1006.8'),1
FANOUT,K75,Exception('timeout_or_slo_miss: completed=48/75 errors=27 elapsed_ms=1008.5'),3
FANOUT,K75,Exception('timeout_or_slo_miss: completed=47/75 errors=28 elapsed_ms=1012.0'),4
FANOUT,K75,Exception('timeout_or_slo_miss: completed=51/75 errors=24 elapsed_ms=1008.0'),9
FANOUT,K75,Exception('timeout_or_slo_miss: completed=43/75 errors=32 elapsed_ms=1020.2'),2
FANOUT,K75,Exception('timeout_or_slo_miss: completed=44/75 errors=31 elapsed_ms=1016.0'),2
FANOUT,K75,Exception('timeout_or_slo_miss: completed=48/75 errors=12 elapsed_ms=2882.7'),1
FANOUT,K75,Exception('timeout_or_slo_miss: completed=51/75 errors=24 elapsed_ms=1009.3'),4
FANOUT,K75,Exception('timeout_or_slo_miss: completed=52/75 errors=23 elapsed_ms=1003.9'),1
FANOUT,K75,Exception('timeout_or_slo_miss: completed=50/75 errors=25 elapsed_ms=1008.5'),6
FANOUT,K75,Exception('timeout_or_slo_miss: completed=51/75 errors=24 elapsed_ms=1002.3'),1
FANOUT,K75,Exception('timeout_or_slo_miss: completed=44/75 errors=31 elapsed_ms=1052.6'),1
FANOUT,K75,Exception('timeout_or_slo_miss: completed=52/75 errors=23 elapsed_ms=1006.2'),2
FANOUT,K75,Exception('timeout_or_slo_miss: completed=47/75 errors=28 elapsed_ms=1019.7'),1
FANOUT,K75,Exception('timeout_or_slo_miss: completed=46/75 errors=29 elapsed_ms=1035.6'),1
FANOUT,K75,Exception('timeout_or_slo_miss: completed=46/75 errors=29 elapsed_ms=1013.2'),2
FANOUT,K75,Exception('timeout_or_slo_miss: completed=52/75 errors=23 elapsed_ms=1008.5'),3
FANOUT,K75,Exception('timeout_or_slo_miss: completed=53/75 errors=22 elapsed_ms=1006.7'),5
FANOUT,K75,Exception('timeout_or_slo_miss: completed=43/75 errors=32 elapsed_ms=1024.8'),1
FANOUT,K75,Exception('timeout_or_slo_miss: completed=52/75 errors=23 elapsed_ms=1009.9'),4
FANOUT,K75,Exception('timeout_or_slo_miss: completed=53/75 errors=22 elapsed_ms=1012.3'),2
FANOUT,K75,Exception('timeout_or_slo_miss: completed=47/75 errors=28 elapsed_ms=1026.8'),1
FANOUT,K75,Exception('timeout_or_slo_miss: completed=49/75 errors=26 elapsed_ms=1014.7'),5
FANOUT,K75,Exception('timeout_or_slo_miss: completed=45/75 errors=30 elapsed_ms=1014.0'),3
FANOUT,K75,Exception('timeout_or_slo_miss: completed=46/75 errors=29 elapsed_ms=1013.3'),1
FANOUT,K75,Exception('timeout_or_slo_miss: completed=39/75 errors=36 elapsed_ms=1027.2'),1
FANOUT,K75,Exception('timeout_or_slo_miss: completed=46/75 errors=29 elapsed_ms=1012.9'),2
FANOUT,K75,Exception('timeout_or_slo_miss: completed=45/75 errors=30 elapsed_ms=1011.3'),1
FANOUT,K75,Exception('timeout_or_slo_miss: completed=52/75 errors=23 elapsed_ms=1006.4'),4
FANOUT,K75,Exception('timeout_or_slo_miss: completed=50/75 errors=25 elapsed_ms=1007.2'),5
FANOUT,K75,Exception('timeout_or_slo_miss: completed=54/75 errors=21 elapsed_ms=1004.5'),5
FANOUT,K75,Exception('timeout_or_slo_miss: completed=52/75 errors=23 elapsed_ms=1004.4'),2
FANOUT,K75,Exception('timeout_or_slo_miss: completed=51/75 errors=24 elapsed_ms=1015.2'),1
FANOUT,K75,Exception('timeout_or_slo_miss: completed=42/75 errors=33 elapsed_ms=1016.2'),2
FANOUT,K75,Exception('timeout_or_slo_miss: completed=54/75 errors=21 elapsed_ms=1009.6'),1
FANOUT,K75,Exception('timeout_or_slo_miss: completed=46/75 errors=29 elapsed_ms=1011.2'),1
FANOUT,K75,Exception('timeout_or_slo_miss: completed=44/75 errors=31 elapsed_ms=1015.6'),3
FANOUT,K75,Exception('timeout_or_slo_miss: completed=52/75 errors=23 elapsed_ms=1012.5'),1
FANOUT,K75,Exception('timeout_or_slo_miss: completed=47/75 errors=28 elapsed_ms=1018.2'),2
FANOUT,K75,Exception('timeout_or_slo_miss: completed=46/75 errors=29 elapsed_ms=1016.0'),1
FANOUT,K75,Exception('timeout_or_slo_miss: completed=47/75 errors=28 elapsed_ms=1016.2'),3
FANOUT,K75,Exception('timeout_or_slo_miss: completed=53/75 errors=22 elapsed_ms=1004.6'),2
FANOUT,K75,Exception('timeout_or_slo_miss: completed=49/75 errors=26 elapsed_ms=1012.6'),1
FANOUT,K75,Exception('timeout_or_slo_miss: completed=48/75 errors=27 elapsed_ms=1016.8'),3
FANOUT,K75,Exception('timeout_or_slo_miss: completed=53/75 errors=22 elapsed_ms=1009.6'),1
FANOUT,K75,Exception('timeout_or_slo_miss: completed=48/75 errors=27 elapsed_ms=1042.9'),1
FANOUT,K75,Exception('timeout_or_slo_miss: completed=43/75 errors=32 elapsed_ms=1017.4'),1
FANOUT,K75,Exception('timeout_or_slo_miss: completed=46/75 errors=29 elapsed_ms=1014.4'),1
FANOUT,K75,Exception('timeout_or_slo_miss: completed=53/75 errors=22 elapsed_ms=1089.6'),1
FANOUT,K75,Exception('timeout_or_slo_miss: completed=54/75 errors=4 elapsed_ms=2340.1'),1
FANOUT,K75,Exception('timeout_or_slo_miss: completed=41/75 errors=34 elapsed_ms=1017.6'),2
FANOUT,K75,Exception('timeout_or_slo_miss: completed=45/75 errors=30 elapsed_ms=1044.4'),1
FANOUT,K75,Exception('timeout_or_slo_miss: completed=51/75 errors=24 elapsed_ms=1010.1'),5
FANOUT,K75,Exception('timeout_or_slo_miss: completed=45/75 errors=30 elapsed_ms=1014.9'),3
FANOUT,K75,Exception('timeout_or_slo_miss: completed=47/75 errors=28 elapsed_ms=1008.9'),2
FANOUT,K75,Exception('timeout_or_slo_miss: completed=45/75 errors=29 elapsed_ms=1512.7'),1
FANOUT,K75,Exception('timeout_or_slo_miss: completed=52/75 errors=23 elapsed_ms=1041.8'),1
FANOUT,K75,Exception('timeout_or_slo_miss: completed=49/75 errors=26 elapsed_ms=1014.2'),3
FANOUT,K75,Exception('timeout_or_slo_miss: completed=44/75 errors=31 elapsed_ms=1021.6'),1
FANOUT,K75,Exception('timeout_or_slo_miss: completed=49/75 errors=26 elapsed_ms=1008.0'),3
FANOUT,K75,Exception('timeout_or_slo_miss: completed=47/75 errors=28 elapsed_ms=1013.8'),4
FANOUT,K75,Exception('timeout_or_slo_miss: completed=52/75 errors=23 elapsed_ms=1005.6'),5
FANOUT,K75,Exception('timeout_or_slo_miss: completed=51/75 errors=24 elapsed_ms=1013.4'),1
FANOUT,K75,Exception('timeout_or_slo_miss: completed=45/75 errors=30 elapsed_ms=1014.8'),3
FANOUT,K75,Exception('timeout_or_slo_miss: completed=52/75 errors=23 elapsed_ms=1009.0'),2
FANOUT,K75,Exception('timeout_or_slo_miss: completed=54/75 errors=21 elapsed_ms=1003.0'),12
FANOUT,K75,Exception('timeout_or_slo_miss: completed=48/75 errors=27 elapsed_ms=1008.2'),1
FANOUT,K75,Exception('timeout_or_slo_miss: completed=42/75 errors=33 elapsed_ms=1027.5'),1
FANOUT,K75,Exception('timeout_or_slo_miss: completed=53/75 errors=22 elapsed_ms=1007.7'),3
FANOUT,K75,Exception('timeout_or_slo_miss: completed=48/75 errors=27 elapsed_ms=1006.6'),1
FANOUT,K75,Exception('timeout_or_slo_miss: completed=49/75 errors=26 elapsed_ms=1010.4'),5
FANOUT,K75,Exception('timeout_or_slo_miss: completed=33/75 errors=32 elapsed_ms=14828.6'),1
FANOUT,K75,Exception('timeout_or_slo_miss: completed=34/75 errors=41 elapsed_ms=1504.5'),1
FANOUT,K75,Exception('timeout_or_slo_miss: completed=49/75 errors=9 elapsed_ms=2692.1'),1
FANOUT,K75,Exception('timeout_or_slo_miss: completed=43/75 errors=32 elapsed_ms=1020.0'),1
FANOUT,K75,Exception('timeout_or_slo_miss: completed=53/75 errors=9 elapsed_ms=1614.0'),1
FANOUT,K75,Exception('timeout_or_slo_miss: completed=40/75 errors=35 elapsed_ms=1022.1'),1
FANOUT,K75,Exception('timeout_or_slo_miss: completed=49/75 errors=26 elapsed_ms=1012.4'),3
FANOUT,K75,Exception('timeout_or_slo_miss: completed=51/75 errors=24 elapsed_ms=1010.4'),2
FANOUT,K75,Exception('timeout_or_slo_miss: completed=48/75 errors=27 elapsed_ms=1010.4'),2
FANOUT,K75,Exception('timeout_or_slo_miss: completed=43/75 errors=32 elapsed_ms=1016.2'),1
FANOUT,K75,Exception('timeout_or_slo_miss: completed=52/75 errors=23 elapsed_ms=1007.5'),1
FANOUT,K75,Exception('timeout_or_slo_miss: completed=40/75 errors=35 elapsed_ms=1020.3'),1
FANOUT,K75,Exception('timeout_or_slo_miss: completed=45/75 errors=30 elapsed_ms=1698.3'),1
FANOUT,K75,Exception('timeout_or_slo_miss: completed=50/75 errors=25 elapsed_ms=1012.4'),4
FANOUT,K75,Exception('timeout_or_slo_miss: completed=52/75 errors=23 elapsed_ms=1003.8'),3
FANOUT,K75,Exception('timeout_or_slo_miss: completed=48/75 errors=27 elapsed_ms=1007.4'),1
FANOUT,K75,Exception('timeout_or_slo_miss: completed=52/75 errors=23 elapsed_ms=1003.4'),1
FANOUT,K75,Exception('timeout_or_slo_miss: completed=54/75 errors=21 elapsed_ms=1009.3'),2
FANOUT,K75,Exception('timeout_or_slo_miss: completed=47/75 errors=28 elapsed_ms=1009.5'),2
FANOUT,K75,Exception('timeout_or_slo_miss: completed=41/75 errors=34 elapsed_ms=1028.2'),1
FANOUT,K75,Exception('timeout_or_slo_miss: completed=43/75 errors=32 elapsed_ms=1022.3'),2
FANOUT,K75,Exception('timeout_or_slo_miss: completed=46/75 errors=29 elapsed_ms=1027.4'),1
FANOUT,K75,Exception('timeout_or_slo_miss: completed=45/75 errors=30 elapsed_ms=1017.9'),2
FANOUT,K75,Exception('timeout_or_slo_miss: completed=48/75 errors=27 elapsed_ms=1014.1'),2
FANOUT,K75,Exception('timeout_or_slo_miss: completed=51/75 errors=24 elapsed_ms=1012.9'),1
FANOUT,K75,Exception('timeout_or_slo_miss: completed=48/75 errors=27 elapsed_ms=1014.6'),4
FANOUT,K75,Exception('timeout_or_slo_miss: completed=37/75 errors=38 elapsed_ms=1031.6'),1
FANOUT,K75,Exception('timeout_or_slo_miss: completed=43/75 errors=32 elapsed_ms=1016.0'),1
FANOUT,K75,Exception('timeout_or_slo_miss: completed=43/75 errors=32 elapsed_ms=1015.0'),1
FANOUT,K75,Exception('subread_error: completed=63/75 errors=12'),3
FANOUT,K75,Exception('timeout_or_slo_miss: completed=51/75 errors=24 elapsed_ms=1009.2'),5
FANOUT,K75,Exception('timeout_or_slo_miss: completed=53/75 errors=22 elapsed_ms=1004.9'),2
FANOUT,K75,Exception('timeout_or_slo_miss: completed=43/75 errors=32 elapsed_ms=1018.4'),1
FANOUT,K75,Exception('timeout_or_slo_miss: completed=49/75 errors=26 elapsed_ms=1010.8'),3
FANOUT,K75,Exception('timeout_or_slo_miss: completed=50/75 errors=25 elapsed_ms=1012.3'),2
FANOUT,K75,Exception('timeout_or_slo_miss: completed=49/75 errors=26 elapsed_ms=1006.2'),3
FANOUT,K75,Exception('timeout_or_slo_miss: completed=49/75 errors=26 elapsed_ms=1009.1'),1
FANOUT,K75,Exception('timeout_or_slo_miss: completed=45/75 errors=30 elapsed_ms=1021.0'),2
FANOUT,K75,Exception('timeout_or_slo_miss: completed=46/75 errors=29 elapsed_ms=1018.3'),2
FANOUT,K75,Exception('timeout_or_slo_miss: completed=46/75 errors=29 elapsed_ms=1034.1'),1
FANOUT,K75,Exception('timeout_or_slo_miss: completed=53/75 errors=22 elapsed_ms=1016.2'),1
FANOUT,K75,Exception('timeout_or_slo_miss: completed=45/75 errors=30 elapsed_ms=1016.4'),1
FANOUT,K75,Exception('timeout_or_slo_miss: completed=48/75 errors=27 elapsed_ms=1014.9'),3
FANOUT,K75,Exception('timeout_or_slo_miss: completed=49/75 errors=26 elapsed_ms=1006.0'),1
FANOUT,K75,Exception('subread_error: completed=58/75 errors=17'),58
FANOUT,K75,Exception('timeout_or_slo_miss: completed=41/75 errors=34 elapsed_ms=1022.6'),1
FANOUT,K75,Exception('timeout_or_slo_miss: completed=51/75 errors=24 elapsed_ms=1006.7'),7
FANOUT,K75,Exception('timeout_or_slo_miss: completed=52/75 errors=23 elapsed_ms=1001.7'),1
FANOUT,K75,Exception('timeout_or_slo_miss: completed=48/75 errors=27 elapsed_ms=1017.9'),1
FANOUT,K75,Exception('timeout_or_slo_miss: completed=49/75 errors=26 elapsed_ms=1006.3'),3
FANOUT,K75,Exception('timeout_or_slo_miss: completed=47/75 errors=28 elapsed_ms=1017.9'),1
FANOUT,K75,Exception('timeout_or_slo_miss: completed=47/75 errors=28 elapsed_ms=1010.7'),1
FANOUT,K75,Exception('timeout_or_slo_miss: completed=50/75 errors=25 elapsed_ms=1018.5'),1
FANOUT,K75,Exception('timeout_or_slo_miss: completed=40/75 errors=30 elapsed_ms=2008.4'),1
FANOUT,K75,Exception('timeout_or_slo_miss: completed=52/75 errors=23 elapsed_ms=1003.1'),5
FANOUT,K75,Exception('timeout_or_slo_miss: completed=47/75 errors=28 elapsed_ms=1018.6'),1
FANOUT,K75,Exception('timeout_or_slo_miss: completed=33/75 errors=42 elapsed_ms=1504.1'),1
FANOUT,K75,Exception('timeout_or_slo_miss: completed=47/75 errors=28 elapsed_ms=1011.0'),2
FANOUT,K75,Exception('timeout_or_slo_miss: completed=44/75 errors=31 elapsed_ms=1019.2'),1
FANOUT,K75,Exception('timeout_or_slo_miss: completed=43/75 errors=32 elapsed_ms=1013.6'),1
FANOUT,K75,Exception('timeout_or_slo_miss: completed=52/75 errors=23 elapsed_ms=1002.2'),2
FANOUT,K75,Exception('timeout_or_slo_miss: completed=50/75 errors=25 elapsed_ms=1004.9'),5
FANOUT,K75,Exception('timeout_or_slo_miss: completed=49/75 errors=26 elapsed_ms=1011.7'),3
FANOUT,K75,Exception('timeout_or_slo_miss: completed=48/75 errors=27 elapsed_ms=1018.3'),1
FANOUT,K75,Exception('timeout_or_slo_miss: completed=48/75 errors=27 elapsed_ms=1005.2'),1
FANOUT,K75,Exception('timeout_or_slo_miss: completed=49/75 errors=26 elapsed_ms=1008.2'),3
FANOUT,K75,Exception('timeout_or_slo_miss: completed=50/75 errors=25 elapsed_ms=1002.4'),1
FANOUT,K75,Exception('timeout_or_slo_miss: completed=43/75 errors=32 elapsed_ms=1010.8'),2
FANOUT,K75,Exception('timeout_or_slo_miss: completed=47/75 errors=28 elapsed_ms=1015.3'),3
FANOUT,K75,Exception('timeout_or_slo_miss: completed=45/75 errors=30 elapsed_ms=1016.5'),1
FANOUT,K75,Exception('timeout_or_slo_miss: completed=51/75 errors=24 elapsed_ms=1004.9'),3
FANOUT,K75,Exception('timeout_or_slo_miss: completed=47/75 errors=28 elapsed_ms=1015.8'),2
FANOUT,K75,Exception('timeout_or_slo_miss: completed=49/75 errors=26 elapsed_ms=1007.7'),1
FANOUT,K75,Exception('timeout_or_slo_miss: completed=52/75 errors=23 elapsed_ms=1014.4'),1
FANOUT,K75,Exception('timeout_or_slo_miss: completed=51/75 errors=24 elapsed_ms=1002.1'),2
FANOUT,K75,Exception('timeout_or_slo_miss: completed=53/75 errors=22 elapsed_ms=1001.5'),3
FANOUT,K75,Exception('timeout_or_slo_miss: completed=55/75 errors=12 elapsed_ms=1631.4'),1
FANOUT,K75,Exception('timeout_or_slo_miss: completed=51/75 errors=24 elapsed_ms=1002.2'),1
FANOUT,K75,Exception('timeout_or_slo_miss: completed=43/75 errors=32 elapsed_ms=1014.2'),1
FANOUT,K75,Exception('timeout_or_slo_miss: completed=54/75 errors=21 elapsed_ms=1002.2'),12
FANOUT,K75,Exception('timeout_or_slo_miss: completed=49/75 errors=11 elapsed_ms=2909.0'),1
FANOUT,K75,Exception('timeout_or_slo_miss: completed=53/75 errors=22 elapsed_ms=1003.2'),3
FANOUT,K75,Exception('timeout_or_slo_miss: completed=50/75 errors=25 elapsed_ms=1007.0'),5
FANOUT,K75,Exception('timeout_or_slo_miss: completed=53/75 errors=22 elapsed_ms=1002.7'),8
FANOUT,K75,Exception('timeout_or_slo_miss: completed=52/75 errors=23 elapsed_ms=1005.1'),2
FANOUT,K75,Exception('timeout_or_slo_miss: completed=52/75 errors=23 elapsed_ms=1010.1'),3
FANOUT,K75,Exception('timeout_or_slo_miss: completed=49/75 errors=26 elapsed_ms=1017.7'),2
FANOUT,K75,Exception('timeout_or_slo_miss: completed=48/75 errors=27 elapsed_ms=1013.4'),3
FANOUT,K75,Exception('timeout_or_slo_miss: completed=49/75 errors=26 elapsed_ms=1021.9'),1
FANOUT,K75,Exception('timeout_or_slo_miss: completed=54/75 errors=21 elapsed_ms=1003.2'),6
FANOUT,K75,Exception('timeout_or_slo_miss: completed=43/75 errors=32 elapsed_ms=1032.8'),1
FANOUT,K75,Exception('timeout_or_slo_miss: completed=45/75 errors=30 elapsed_ms=1013.4'),3
FANOUT,K75,Exception('timeout_or_slo_miss: completed=45/75 errors=30 elapsed_ms=1047.7'),1
FANOUT,K75,Exception('timeout_or_slo_miss: completed=49/75 errors=26 elapsed_ms=1014.8'),2
FANOUT,K75,Exception('timeout_or_slo_miss: completed=48/75 errors=27 elapsed_ms=1019.6'),2
FANOUT,K75,Exception('timeout_or_slo_miss: completed=50/75 errors=25 elapsed_ms=1008.1'),3
FANOUT,K75,Exception('timeout_or_slo_miss: completed=49/75 errors=26 elapsed_ms=1010.2'),6
FANOUT,K75,Exception('timeout_or_slo_miss: completed=44/75 errors=31 elapsed_ms=1015.5'),1
FANOUT,K75,Exception('timeout_or_slo_miss: completed=49/75 errors=26 elapsed_ms=1007.2'),3
FANOUT,K75,Exception('timeout_or_slo_miss: completed=48/75 errors=27 elapsed_ms=1017.0'),1
FANOUT,K75,Exception('timeout_or_slo_miss: completed=49/75 errors=26 elapsed_ms=1007.6'),3
FANOUT,K75,Exception('timeout_or_slo_miss: completed=51/75 errors=24 elapsed_ms=1008.2'),2
FANOUT,K75,Exception('timeout_or_slo_miss: completed=54/75 errors=21 elapsed_ms=1004.9'),2
FANOUT,K75,Exception('timeout_or_slo_miss: completed=53/75 errors=22 elapsed_ms=1007.5'),2
FANOUT,K75,Exception('timeout_or_slo_miss: completed=43/75 errors=32 elapsed_ms=1029.4'),1
FANOUT,K75,Exception('timeout_or_slo_miss: completed=52/75 errors=23 elapsed_ms=1004.1'),1
FANOUT,K75,Exception('timeout_or_slo_miss: completed=47/75 errors=28 elapsed_ms=1016.1'),1
FANOUT,K75,Exception('timeout_or_slo_miss: completed=45/75 errors=30 elapsed_ms=1018.0'),1
FANOUT,K75,Exception('timeout_or_slo_miss: completed=45/75 errors=30 elapsed_ms=1021.1'),1
FANOUT,K75,Exception('timeout_or_slo_miss: completed=53/75 errors=22 elapsed_ms=1006.5'),1
FANOUT,K75,Exception('timeout_or_slo_miss: completed=42/75 errors=33 elapsed_ms=1020.7'),1
FANOUT,K75,Exception('timeout_or_slo_miss: completed=48/75 errors=27 elapsed_ms=1030.6'),1
FANOUT,K75,Exception('timeout_or_slo_miss: completed=50/75 errors=25 elapsed_ms=1011.0'),4
FANOUT,K75,Exception('timeout_or_slo_miss: completed=47/75 errors=28 elapsed_ms=1012.8'),1
FANOUT,K75,Exception('timeout_or_slo_miss: completed=48/75 errors=27 elapsed_ms=1006.0'),2
FANOUT,K75,Exception('timeout_or_slo_miss: completed=53/75 errors=22 elapsed_ms=1002.6'),9
FANOUT,K75,Exception('timeout_or_slo_miss: completed=40/75 errors=35 elapsed_ms=1909.2'),1
FANOUT,K75,Exception('timeout_or_slo_miss: completed=47/75 errors=28 elapsed_ms=1013.4'),3
FANOUT,K75,Exception('timeout_or_slo_miss: completed=49/75 errors=26 elapsed_ms=1011.1'),3
FANOUT,K75,Exception('timeout_or_slo_miss: completed=43/75 errors=32 elapsed_ms=1011.7'),1
FANOUT,K75,Exception('timeout_or_slo_miss: completed=50/75 errors=25 elapsed_ms=1003.3'),1
FANOUT,K75,Exception('timeout_or_slo_miss: completed=49/75 errors=26 elapsed_ms=1013.0'),3
FANOUT,K75,Exception('timeout_or_slo_miss: completed=49/75 errors=26 elapsed_ms=1012.3'),7
FANOUT,K75,Exception('timeout_or_slo_miss: completed=45/75 errors=30 elapsed_ms=1013.8'),1
FANOUT,K75,Exception('timeout_or_slo_miss: completed=44/75 errors=31 elapsed_ms=1020.0'),2
FANOUT,K75,Exception('timeout_or_slo_miss: completed=48/75 errors=27 elapsed_ms=1020.6'),1
FANOUT,K75,Exception('timeout_or_slo_miss: completed=44/75 errors=31 elapsed_ms=1013.5'),1
FANOUT,K75,Exception('timeout_or_slo_miss: completed=51/75 errors=24 elapsed_ms=1006.9'),3
FANOUT,K75,Exception('timeout_or_slo_miss: completed=43/75 errors=32 elapsed_ms=1043.6'),1
FANOUT,K75,Exception('timeout_or_slo_miss: completed=41/75 errors=34 elapsed_ms=1028.6'),1
FANOUT,K75,Exception('timeout_or_slo_miss: completed=50/75 errors=25 elapsed_ms=1012.7'),2
FANOUT,K75,Exception('timeout_or_slo_miss: completed=41/75 errors=34 elapsed_ms=1019.3'),1
FANOUT,K75,Exception('timeout_or_slo_miss: completed=45/75 errors=30 elapsed_ms=1016.8'),2
FANOUT,K75,Exception('timeout_or_slo_miss: completed=50/75 errors=25 elapsed_ms=1012.8'),2
FANOUT,K75,Exception('timeout_or_slo_miss: completed=48/75 errors=27 elapsed_ms=1012.1'),2
FANOUT,K75,Exception('timeout_or_slo_miss: completed=46/75 errors=29 elapsed_ms=1009.3'),2
FANOUT,K75,Exception('timeout_or_slo_miss: completed=41/75 errors=34 elapsed_ms=1016.7'),1
FANOUT,K75,Exception('timeout_or_slo_miss: completed=49/75 errors=26 elapsed_ms=1012.7'),1
FANOUT,K75,Exception('timeout_or_slo_miss: completed=49/75 errors=26 elapsed_ms=1005.9'),1
FANOUT,K75,Exception('timeout_or_slo_miss: completed=50/75 errors=24 elapsed_ms=1506.5'),1
FANOUT,K75,Exception('timeout_or_slo_miss: completed=46/75 errors=29 elapsed_ms=1023.5'),1
FANOUT,K75,Exception('timeout_or_slo_miss: completed=51/75 errors=24 elapsed_ms=1005.8'),3
FANOUT,K75,Exception('timeout_or_slo_miss: completed=46/75 errors=29 elapsed_ms=1017.4'),2
FANOUT,K75,Exception('timeout_or_slo_miss: completed=43/75 errors=32 elapsed_ms=1019.0'),1
FANOUT,K75,Exception('timeout_or_slo_miss: completed=49/75 errors=26 elapsed_ms=1008.4'),1
FANOUT,K75,Exception('timeout_or_slo_miss: completed=48/75 errors=27 elapsed_ms=1019.5'),1
FANOUT,K75,Exception('timeout_or_slo_miss: completed=54/75 errors=21 elapsed_ms=1002.8'),11
FANOUT,K75,Exception('timeout_or_slo_miss: completed=48/75 errors=27 elapsed_ms=1008.7'),2
FANOUT,K75,Exception('timeout_or_slo_miss: completed=47/75 errors=28 elapsed_ms=1005.4'),1
FANOUT,K75,Exception('timeout_or_slo_miss: completed=46/75 errors=29 elapsed_ms=1008.6'),1
FANOUT,K75,Exception('timeout_or_slo_miss: completed=44/75 errors=31 elapsed_ms=1012.5'),1
FANOUT,K75,Exception('timeout_or_slo_miss: completed=50/75 errors=25 elapsed_ms=1013.7'),2
FANOUT,K75,Exception('timeout_or_slo_miss: completed=42/75 errors=33 elapsed_ms=1017.0'),1
FANOUT,K75,Exception('timeout_or_slo_miss: completed=49/75 errors=26 elapsed_ms=1011.0'),5
FANOUT,K75,Exception('timeout_or_slo_miss: completed=50/75 errors=25 elapsed_ms=1011.3'),1
FANOUT,K75,Exception('timeout_or_slo_miss: completed=38/75 errors=37 elapsed_ms=1023.6'),1
FANOUT,K75,Exception('timeout_or_slo_miss: completed=51/75 errors=24 elapsed_ms=1009.9'),2
FANOUT,K75,Exception('timeout_or_slo_miss: completed=51/75 errors=24 elapsed_ms=1002.0'),1
FANOUT,K75,Exception('timeout_or_slo_miss: completed=49/75 errors=26 elapsed_ms=1004.5'),1
FANOUT,K75,Exception('timeout_or_slo_miss: completed=43/75 errors=32 elapsed_ms=1019.2'),2
FANOUT,K75,Exception('timeout_or_slo_miss: completed=48/75 errors=27 elapsed_ms=1030.8'),1
FANOUT,K75,Exception('timeout_or_slo_miss: completed=47/75 errors=28 elapsed_ms=1018.3'),1
FANOUT,K75,Exception('timeout_or_slo_miss: completed=45/75 errors=30 elapsed_ms=1030.1'),1
FANOUT,K75,Exception('timeout_or_slo_miss: completed=51/75 errors=24 elapsed_ms=1004.8'),3
FANOUT,K75,Exception('timeout_or_slo_miss: completed=50/75 errors=25 elapsed_ms=1014.6'),2
FANOUT,K75,Exception('timeout_or_slo_miss: completed=52/75 errors=23 elapsed_ms=1004.0'),5
FANOUT,K75,Exception('timeout_or_slo_miss: completed=50/75 errors=25 elapsed_ms=1014.2'),1
FANOUT,K75,Exception('timeout_or_slo_miss: completed=47/75 errors=28 elapsed_ms=1016.6'),3
FANOUT,K75,Exception('timeout_or_slo_miss: completed=48/75 errors=27 elapsed_ms=1012.9'),2
FANOUT,K75,Exception('timeout_or_slo_miss: completed=51/75 errors=24 elapsed_ms=1005.2'),9
FANOUT,K75,Exception('timeout_or_slo_miss: completed=53/75 errors=22 elapsed_ms=1010.4'),3
FANOUT,K75,Exception('timeout_or_slo_miss: completed=52/75 errors=23 elapsed_ms=1008.0'),6
FANOUT,K75,Exception('timeout_or_slo_miss: completed=51/75 errors=24 elapsed_ms=1006.4'),4
FANOUT,K75,Exception('timeout_or_slo_miss: completed=52/75 errors=23 elapsed_ms=1009.4'),3
FANOUT,K75,Exception('timeout_or_slo_miss: completed=51/75 errors=24 elapsed_ms=1010.8'),4
FANOUT,K75,Exception('timeout_or_slo_miss: completed=49/75 errors=26 elapsed_ms=1011.3'),6
FANOUT,K75,Exception('timeout_or_slo_miss: completed=51/75 errors=24 elapsed_ms=1008.9'),6
FANOUT,K75,Exception('timeout_or_slo_miss: completed=47/75 errors=28 elapsed_ms=1017.1'),2
FANOUT,K75,Exception('timeout_or_slo_miss: completed=48/75 errors=27 elapsed_ms=1014.3'),2
FANOUT,K75,Exception('timeout_or_slo_miss: completed=51/75 errors=24 elapsed_ms=1004.3'),4
FANOUT,K75,Exception('timeout_or_slo_miss: completed=44/75 errors=31 elapsed_ms=1018.5'),1
FANOUT,K75,Exception('timeout_or_slo_miss: completed=53/75 errors=22 elapsed_ms=1007.1'),1
FANOUT,K75,Exception('timeout_or_slo_miss: completed=46/75 errors=29 elapsed_ms=1015.9'),3
FANOUT,K75,Exception('timeout_or_slo_miss: completed=46/75 errors=29 elapsed_ms=1018.9'),1
FANOUT,K75,Exception('timeout_or_slo_miss: completed=50/75 errors=25 elapsed_ms=1014.0'),2
FANOUT,K75,Exception('timeout_or_slo_miss: completed=50/75 errors=25 elapsed_ms=1007.8'),10
FANOUT,K75,Exception('timeout_or_slo_miss: completed=46/75 errors=29 elapsed_ms=1016.2'),2
FANOUT,K75,Exception('timeout_or_slo_miss: completed=50/75 errors=25 elapsed_ms=1005.2'),2
FANOUT,K75,Exception('timeout_or_slo_miss: completed=36/75 errors=25 elapsed_ms=10157.9'),1
FANOUT,K75,Exception('timeout_or_slo_miss: completed=52/75 errors=23 elapsed_ms=1002.8'),11
FANOUT,K75,Exception('timeout_or_slo_miss: completed=50/75 errors=25 elapsed_ms=1005.0'),1
FANOUT,K75,Exception('timeout_or_slo_miss: completed=47/75 errors=28 elapsed_ms=1017.4'),2
FANOUT,K75,Exception('timeout_or_slo_miss: completed=54/75 errors=21 elapsed_ms=1005.1'),1
FANOUT,K75,Exception('timeout_or_slo_miss: completed=48/75 errors=27 elapsed_ms=1009.6'),2
FANOUT,K75,Exception('timeout_or_slo_miss: completed=47/75 errors=28 elapsed_ms=1017.0'),3
FANOUT,K75,Exception('timeout_or_slo_miss: completed=49/75 errors=26 elapsed_ms=1016.8'),1
FANOUT,K75,Exception('timeout_or_slo_miss: completed=45/75 errors=30 elapsed_ms=1012.5'),1
FANOUT,K75,Exception('timeout_or_slo_miss: completed=40/75 errors=35 elapsed_ms=1013.2'),1
FANOUT,K75,Exception('timeout_or_slo_miss: completed=45/75 errors=24 elapsed_ms=12646.2'),1
FANOUT,K75,Exception('timeout_or_slo_miss: completed=43/75 errors=32 elapsed_ms=1028.3'),1
FANOUT,K75,Exception('timeout_or_slo_miss: completed=52/75 errors=23 elapsed_ms=1009.2'),1
FANOUT,K75,Exception('timeout_or_slo_miss: completed=53/75 errors=22 elapsed_ms=1004.2'),1
FANOUT,K75,Exception('timeout_or_slo_miss: completed=46/75 errors=29 elapsed_ms=1007.3'),1
FANOUT,K75,Exception('timeout_or_slo_miss: completed=43/75 errors=32 elapsed_ms=1020.8'),1
FANOUT,K75,Exception('timeout_or_slo_miss: completed=51/75 errors=24 elapsed_ms=1009.5'),2
FANOUT,K75,Exception('timeout_or_slo_miss: completed=47/75 errors=28 elapsed_ms=1010.3'),2
FANOUT,K75,Exception('timeout_or_slo_miss: completed=49/75 errors=26 elapsed_ms=1018.7'),1
FANOUT,K75,Exception('timeout_or_slo_miss: completed=50/75 errors=25 elapsed_ms=1009.5'),5
FANOUT,K75,Exception('timeout_or_slo_miss: completed=43/75 errors=32 elapsed_ms=1012.8'),1
FANOUT,K75,Exception('timeout_or_slo_miss: completed=52/75 errors=23 elapsed_ms=1008.9'),1
FANOUT,K75,Exception('timeout_or_slo_miss: completed=50/75 errors=25 elapsed_ms=1005.6'),2
FANOUT,K75,Exception('timeout_or_slo_miss: completed=44/75 errors=31 elapsed_ms=1016.7'),1
FANOUT,K75,Exception('timeout_or_slo_miss: completed=50/75 errors=25 elapsed_ms=1016.0'),1
FANOUT,K75,Exception('timeout_or_slo_miss: completed=44/75 errors=31 elapsed_ms=1014.6'),2
FANOUT,K75,Exception('timeout_or_slo_miss: completed=38/75 errors=37 elapsed_ms=2042.7'),1
FANOUT,K75,Exception('timeout_or_slo_miss: completed=44/75 errors=31 elapsed_ms=1014.2'),1
FANOUT,K75,Exception('timeout_or_slo_miss: completed=41/75 errors=34 elapsed_ms=1021.5'),1
FANOUT,K75,Exception('timeout_or_slo_miss: completed=46/75 errors=29 elapsed_ms=1016.8'),1
FANOUT,K75,Exception('timeout_or_slo_miss: completed=50/75 errors=25 elapsed_ms=1008.0'),2
FANOUT,K75,Exception('timeout_or_slo_miss: completed=52/75 errors=23 elapsed_ms=1006.0'),4
FANOUT,K75,Exception('timeout_or_slo_miss: completed=54/75 errors=21 elapsed_ms=1002.6'),11
FANOUT,K75,Exception('timeout_or_slo_miss: completed=48/75 errors=27 elapsed_ms=1025.3'),1
FANOUT,K75,Exception('timeout_or_slo_miss: completed=41/75 errors=34 elapsed_ms=1017.0'),1
FANOUT,K75,Exception('timeout_or_slo_miss: completed=47/75 errors=28 elapsed_ms=1011.6'),2
FANOUT,K75,Exception('timeout_or_slo_miss: completed=47/75 errors=28 elapsed_ms=1013.3'),5
FANOUT,K75,Exception('timeout_or_slo_miss: completed=48/75 errors=27 elapsed_ms=1005.6'),1
FANOUT,K75,Exception('timeout_or_slo_miss: completed=45/75 errors=30 elapsed_ms=1016.7'),1
FANOUT,K75,Exception('timeout_or_slo_miss: completed=49/75 errors=26 elapsed_ms=1013.9'),2
FANOUT,K75,Exception('timeout_or_slo_miss: completed=43/75 errors=32 elapsed_ms=1018.6'),2
FANOUT,K75,Exception('timeout_or_slo_miss: completed=51/75 errors=24 elapsed_ms=1014.7'),1
FANOUT,K75,Exception('timeout_or_slo_miss: completed=45/75 errors=30 elapsed_ms=1014.5'),2
FANOUT,K75,Exception('timeout_or_slo_miss: completed=46/75 errors=29 elapsed_ms=1012.6'),3
FANOUT,K75,Exception('timeout_or_slo_miss: completed=47/75 errors=28 elapsed_ms=1014.0'),3
FANOUT,K75,Exception('timeout_or_slo_miss: completed=49/75 errors=26 elapsed_ms=1008.3'),4
FANOUT,K75,Exception('timeout_or_slo_miss: completed=52/75 errors=23 elapsed_ms=1011.5'),1
FANOUT,K75,Exception('timeout_or_slo_miss: completed=46/75 errors=29 elapsed_ms=1009.1'),1
FANOUT,K75,Exception('timeout_or_slo_miss: completed=50/75 errors=25 elapsed_ms=1014.5'),2
FANOUT,K75,Exception('timeout_or_slo_miss: completed=45/75 errors=30 elapsed_ms=1018.5'),2
FANOUT,K75,Exception('timeout_or_slo_miss: completed=48/75 errors=27 elapsed_ms=1017.1'),3
FANOUT,K75,Exception('timeout_or_slo_miss: completed=46/75 errors=29 elapsed_ms=1013.6'),7
FANOUT,K75,Exception('timeout_or_slo_miss: completed=48/75 errors=27 elapsed_ms=1004.8'),1
FANOUT,K75,Exception('timeout_or_slo_miss: completed=44/75 errors=31 elapsed_ms=1020.1'),1
FANOUT,K75,Exception('timeout_or_slo_miss: completed=46/75 errors=29 elapsed_ms=1017.0'),4
FANOUT,K75,Exception('timeout_or_slo_miss: completed=49/75 errors=26 elapsed_ms=1018.5'),2
FANOUT,K75,Exception('timeout_or_slo_miss: completed=45/75 errors=30 elapsed_ms=1013.0'),1
FANOUT,K75,Exception('timeout_or_slo_miss: completed=46/75 errors=29 elapsed_ms=1015.8'),5
FANOUT,K75,Exception('timeout_or_slo_miss: completed=50/75 errors=25 elapsed_ms=1012.0'),1
FANOUT,K75,Exception('timeout_or_slo_miss: completed=47/75 errors=28 elapsed_ms=1021.6'),1
FANOUT,K75,Exception('timeout_or_slo_miss: completed=50/75 errors=25 elapsed_ms=1005.5'),2
FANOUT,K75,Exception('timeout_or_slo_miss: completed=47/75 errors=28 elapsed_ms=1009.7'),1
FANOUT,K75,Exception('timeout_or_slo_miss: completed=48/75 errors=27 elapsed_ms=1011.3'),4
FANOUT,K75,Exception('timeout_or_slo_miss: completed=51/75 errors=24 elapsed_ms=1010.9'),2
FANOUT,K75,Exception('timeout_or_slo_miss: completed=48/75 errors=27 elapsed_ms=1021.4'),1
FANOUT,K75,Exception('timeout_or_slo_miss: completed=50/75 errors=25 elapsed_ms=1006.4'),2
FANOUT,K75,Exception('timeout_or_slo_miss: completed=46/75 errors=29 elapsed_ms=1012.5'),1
FANOUT,K75,Exception('timeout_or_slo_miss: completed=53/75 errors=22 elapsed_ms=1003.1'),5
FANOUT,K75,Exception('timeout_or_slo_miss: completed=51/75 errors=24 elapsed_ms=1008.8'),8
FANOUT,K75,Exception('timeout_or_slo_miss: completed=51/75 errors=24 elapsed_ms=1010.2'),3
FANOUT,K75,Exception('timeout_or_slo_miss: completed=50/75 errors=25 elapsed_ms=1002.6'),1
FANOUT,K75,Exception('timeout_or_slo_miss: completed=50/75 errors=25 elapsed_ms=1007.7'),5
FANOUT,K75,Exception('timeout_or_slo_miss: completed=46/75 errors=29 elapsed_ms=1012.1'),2
FANOUT,K75,Exception('timeout_or_slo_miss: completed=43/75 errors=32 elapsed_ms=1008.6'),1
FANOUT,K75,Exception('timeout_or_slo_miss: completed=48/75 errors=27 elapsed_ms=1015.2'),3
FANOUT,K75,Exception('timeout_or_slo_miss: completed=47/75 errors=28 elapsed_ms=1013.2'),7
FANOUT,K75,Exception('timeout_or_slo_miss: completed=46/75 errors=29 elapsed_ms=1014.5'),2
FANOUT,K75,Exception('timeout_or_slo_miss: completed=38/75 errors=37 elapsed_ms=1024.9'),1
FANOUT,K75,Exception('timeout_or_slo_miss: completed=47/75 errors=28 elapsed_ms=1007.4'),1
FANOUT,K75,Exception('timeout_or_slo_miss: completed=50/75 errors=25 elapsed_ms=1008.4'),5
FANOUT,K75,Exception('timeout_or_slo_miss: completed=52/75 errors=23 elapsed_ms=1007.4'),6
FANOUT,K75,Exception('timeout_or_slo_miss: completed=46/75 errors=29 elapsed_ms=1019.3'),1
FANOUT,K75,Exception('timeout_or_slo_miss: completed=43/75 errors=32 elapsed_ms=1017.9'),1
FANOUT,K75,Exception('timeout_or_slo_miss: completed=45/75 errors=30 elapsed_ms=1024.0'),1
FANOUT,K75,Exception('timeout_or_slo_miss: completed=47/75 errors=28 elapsed_ms=1011.1'),1
FANOUT,K75,Exception('timeout_or_slo_miss: completed=49/75 errors=26 elapsed_ms=1016.5'),1
FANOUT,K75,Exception('timeout_or_slo_miss: completed=49/75 errors=26 elapsed_ms=1016.6'),1
FANOUT,K75,Exception('timeout_or_slo_miss: completed=46/75 errors=29 elapsed_ms=1014.7'),2
FANOUT,K75,Exception('timeout_or_slo_miss: completed=49/75 errors=26 elapsed_ms=1008.8'),3
FANOUT,K75,Exception('timeout_or_slo_miss: completed=48/75 errors=27 elapsed_ms=1008.3'),1
FANOUT,K75,Exception('timeout_or_slo_miss: completed=52/75 errors=23 elapsed_ms=1018.7'),1
FANOUT,K75,Exception('timeout_or_slo_miss: completed=46/75 errors=29 elapsed_ms=1024.2'),1
FANOUT,K75,Exception('timeout_or_slo_miss: completed=48/75 errors=27 elapsed_ms=1014.8'),3
FANOUT,K75,Exception('timeout_or_slo_miss: completed=44/75 errors=31 elapsed_ms=1013.0'),1
FANOUT,K75,Exception('timeout_or_slo_miss: completed=48/75 errors=27 elapsed_ms=1013.3'),6
FANOUT,K75,Exception('timeout_or_slo_miss: completed=43/75 errors=32 elapsed_ms=1028.5'),1
FANOUT,K75,Exception('timeout_or_slo_miss: completed=43/75 errors=32 elapsed_ms=1022.9'),1
FANOUT,K75,Exception('timeout_or_slo_miss: completed=46/75 errors=29 elapsed_ms=1009.9'),1
FANOUT,K75,Exception('timeout_or_slo_miss: completed=52/75 errors=23 elapsed_ms=1003.0'),3
FANOUT,K75,Exception('timeout_or_slo_miss: completed=42/75 errors=33 elapsed_ms=1021.6'),1
FANOUT,K75,Exception('timeout_or_slo_miss: completed=49/75 errors=26 elapsed_ms=1151.9'),1
FANOUT,K75,Exception('timeout_or_slo_miss: completed=50/75 errors=25 elapsed_ms=1012.5'),2
FANOUT,K75,Exception('timeout_or_slo_miss: completed=50/75 errors=25 elapsed_ms=1009.1'),7
FANOUT,K75,Exception('timeout_or_slo_miss: completed=48/75 errors=27 elapsed_ms=1014.2'),2
FANOUT,K75,Exception('timeout_or_slo_miss: completed=47/75 errors=28 elapsed_ms=1019.9'),1
FANOUT,K75,Exception('timeout_or_slo_miss: completed=36/75 errors=39 elapsed_ms=1031.7'),1
FANOUT,K75,Exception('timeout_or_slo_miss: completed=48/75 errors=27 elapsed_ms=1009.8'),5
FANOUT,K75,Exception('timeout_or_slo_miss: completed=47/75 errors=28 elapsed_ms=1016.0'),3
FANOUT,K75,Exception('timeout_or_slo_miss: completed=49/75 errors=26 elapsed_ms=1007.3'),2
FANOUT,K75,Exception('timeout_or_slo_miss: completed=53/75 errors=22 elapsed_ms=1006.6'),4
FANOUT,K75,Exception('timeout_or_slo_miss: completed=52/75 errors=23 elapsed_ms=1011.1'),1
FANOUT,K75,Exception('timeout_or_slo_miss: completed=53/75 errors=22 elapsed_ms=1006.4'),2
FANOUT,K75,Exception('timeout_or_slo_miss: completed=43/75 errors=32 elapsed_ms=1066.2'),1
FANOUT,K75,Exception('timeout_or_slo_miss: completed=49/75 errors=26 elapsed_ms=1021.6'),1
FANOUT,K75,Exception('timeout_or_slo_miss: completed=46/75 errors=29 elapsed_ms=1012.7'),4
FANOUT,K75,Exception('timeout_or_slo_miss: completed=52/75 errors=23 elapsed_ms=1300.5'),1
FANOUT,K75,Exception('timeout_or_slo_miss: completed=49/75 errors=26 elapsed_ms=1009.5'),4
FANOUT,K75,Exception('timeout_or_slo_miss: completed=49/75 errors=26 elapsed_ms=1006.5'),1
FANOUT,K75,Exception('timeout_or_slo_miss: completed=51/75 errors=24 elapsed_ms=1012.4'),3
FANOUT,K75,Exception('timeout_or_slo_miss: completed=50/75 errors=25 elapsed_ms=1003.4'),1
FANOUT,K75,Exception('timeout_or_slo_miss: completed=53/75 errors=22 elapsed_ms=1002.4'),3
FANOUT,K75,Exception('timeout_or_slo_miss: completed=51/75 errors=24 elapsed_ms=1004.5'),5
FANOUT,K75,Exception('timeout_or_slo_miss: completed=50/75 errors=25 elapsed_ms=1009.6'),7
FANOUT,K75,Exception('timeout_or_slo_miss: completed=48/75 errors=27 elapsed_ms=1010.9'),5
FANOUT,K75,Exception('timeout_or_slo_miss: completed=46/75 errors=29 elapsed_ms=1024.3'),1
FANOUT,K75,Exception('timeout_or_slo_miss: completed=46/75 errors=29 elapsed_ms=1011.6'),5
FANOUT,K75,Exception('timeout_or_slo_miss: completed=34/75 errors=23 elapsed_ms=10851.1'),1
FANOUT,K75,Exception('timeout_or_slo_miss: completed=54/75 errors=21 elapsed_ms=1002.1'),7
FANOUT,K75,Exception('timeout_or_slo_miss: completed=50/75 errors=25 elapsed_ms=1015.7'),2
FANOUT,K75,Exception('timeout_or_slo_miss: completed=50/75 errors=25 elapsed_ms=1006.8'),7
FANOUT,K75,Exception('timeout_or_slo_miss: completed=50/75 errors=6 elapsed_ms=4745.9'),1
FANOUT,K75,Exception('timeout_or_slo_miss: completed=54/75 errors=21 elapsed_ms=1005.2'),1
FANOUT,K75,Exception('timeout_or_slo_miss: completed=47/75 errors=28 elapsed_ms=1014.5'),7
FANOUT,K75,Exception('timeout_or_slo_miss: completed=53/75 errors=22 elapsed_ms=1003.0'),8
FANOUT,K75,Exception('timeout_or_slo_miss: completed=47/75 errors=28 elapsed_ms=1011.4'),2
FANOUT,K75,Exception('timeout_or_slo_miss: completed=52/75 errors=23 elapsed_ms=1009.6'),1
FANOUT,K75,Exception('timeout_or_slo_miss: completed=52/75 errors=23 elapsed_ms=1007.8'),2
FANOUT,K75,Exception('timeout_or_slo_miss: completed=52/75 errors=23 elapsed_ms=1008.8'),3
FANOUT,K75,Exception('timeout_or_slo_miss: completed=43/75 errors=32 elapsed_ms=1013.4'),1
FANOUT,K75,Exception('timeout_or_slo_miss: completed=48/75 errors=27 elapsed_ms=1016.0'),2
FANOUT,K75,Exception('timeout_or_slo_miss: completed=50/75 errors=25 elapsed_ms=1007.6'),3
FANOUT,K75,Exception('timeout_or_slo_miss: completed=53/75 errors=22 elapsed_ms=1036.7'),1
FANOUT,K75,Exception('timeout_or_slo_miss: completed=48/75 errors=27 elapsed_ms=1010.2'),2
FANOUT,K75,Exception('timeout_or_slo_miss: completed=46/75 errors=29 elapsed_ms=1018.6'),1
FANOUT,K75,Exception('timeout_or_slo_miss: completed=51/75 errors=24 elapsed_ms=1031.5'),1
FANOUT,K75,Exception('timeout_or_slo_miss: completed=51/75 errors=24 elapsed_ms=1011.0'),2
FANOUT,K75,Exception('timeout_or_slo_miss: completed=49/75 errors=26 elapsed_ms=1019.5'),1
FANOUT,K75,Exception('timeout_or_slo_miss: completed=49/75 errors=26 elapsed_ms=1012.8'),5
FANOUT,K75,Exception('timeout_or_slo_miss: completed=48/75 errors=27 elapsed_ms=1013.8'),2
FANOUT,K75,Exception('timeout_or_slo_miss: completed=42/75 errors=33 elapsed_ms=1019.2'),1
FANOUT,K75,Exception('timeout_or_slo_miss: completed=46/75 errors=29 elapsed_ms=1012.3'),3
FANOUT,K75,Exception('timeout_or_slo_miss: completed=50/75 errors=15 elapsed_ms=1649.3'),1
FANOUT,K75,Exception('timeout_or_slo_miss: completed=46/75 errors=29 elapsed_ms=1016.9'),1
FANOUT,K75,Exception('timeout_or_slo_miss: completed=46/75 errors=29 elapsed_ms=1008.9'),1
FANOUT,K75,Exception('timeout_or_slo_miss: completed=44/75 errors=31 elapsed_ms=1021.3'),2
FANOUT,K75,Exception('timeout_or_slo_miss: completed=54/75 errors=21 elapsed_ms=1007.0'),1
FANOUT,K75,Exception('timeout_or_slo_miss: completed=42/75 errors=33 elapsed_ms=1018.9'),1
FANOUT,K75,Exception('timeout_or_slo_miss: completed=51/75 errors=24 elapsed_ms=1005.0'),3
FANOUT,K75,Exception('timeout_or_slo_miss: completed=46/75 errors=29 elapsed_ms=1019.7'),2
FANOUT,K75,Exception('timeout_or_slo_miss: completed=46/75 errors=29 elapsed_ms=1013.4'),2
FANOUT,K75,Exception('timeout_or_slo_miss: completed=48/75 errors=27 elapsed_ms=1007.5'),2
FANOUT,K75,Exception('timeout_or_slo_miss: completed=47/75 errors=28 elapsed_ms=1016.5'),2
FANOUT,K75,Exception('timeout_or_slo_miss: completed=47/75 errors=28 elapsed_ms=1013.0'),5
FANOUT,K75,Exception('subread_error: completed=56/75 errors=19'),122
FANOUT,K75,Exception('timeout_or_slo_miss: completed=41/75 errors=34 elapsed_ms=1018.0'),1
FANOUT,K75,Exception('timeout_or_slo_miss: completed=46/75 errors=29 elapsed_ms=1008.7'),2
FANOUT,K75,Exception('timeout_or_slo_miss: completed=54/75 errors=21 elapsed_ms=1001.5'),4
FANOUT,K75,Exception('timeout_or_slo_miss: completed=47/75 errors=28 elapsed_ms=1015.0'),3
FANOUT,K75,Exception('timeout_or_slo_miss: completed=44/75 errors=31 elapsed_ms=1022.9'),1
FANOUT,K75,Exception('timeout_or_slo_miss: completed=49/75 errors=26 elapsed_ms=1008.9'),4
FANOUT,K75,Exception('timeout_or_slo_miss: completed=46/75 errors=29 elapsed_ms=1014.3'),2
FANOUT,K75,Exception('timeout_or_slo_miss: completed=44/75 errors=31 elapsed_ms=1017.1'),3
FANOUT,K75,Exception('timeout_or_slo_miss: completed=47/75 errors=28 elapsed_ms=1023.0'),1
FANOUT,K75,Exception('timeout_or_slo_miss: completed=49/75 errors=26 elapsed_ms=1017.8'),1
FANOUT,K75,Exception('timeout_or_slo_miss: completed=50/75 errors=25 elapsed_ms=1004.7'),2
FANOUT,K75,Exception('timeout_or_slo_miss: completed=51/75 errors=24 elapsed_ms=1015.8'),2
FANOUT,K75,Exception('timeout_or_slo_miss: completed=52/75 errors=23 elapsed_ms=1003.6'),5
FANOUT,K75,Exception('timeout_or_slo_miss: completed=54/75 errors=21 elapsed_ms=1005.0'),3
FANOUT,K75,Exception('timeout_or_slo_miss: completed=53/75 errors=22 elapsed_ms=1007.4'),2
FANOUT,K75,Exception('timeout_or_slo_miss: completed=42/75 errors=33 elapsed_ms=1044.8'),1
FANOUT,K75,Exception('timeout_or_slo_miss: completed=53/75 errors=5 elapsed_ms=2184.8'),1
FANOUT,K75,Exception('timeout_or_slo_miss: completed=49/75 errors=26 elapsed_ms=1006.7'),3
FANOUT,K75,Exception('timeout_or_slo_miss: completed=43/75 errors=32 elapsed_ms=1015.5'),1
FANOUT,K75,Exception('timeout_or_slo_miss: completed=44/75 errors=31 elapsed_ms=1017.9'),1
FANOUT,K75,Exception('timeout_or_slo_miss: completed=49/75 errors=26 elapsed_ms=1014.6'),2
FANOUT,K75,Exception('timeout_or_slo_miss: completed=48/75 errors=13 elapsed_ms=4169.9'),1
FANOUT,K75,Exception('timeout_or_slo_miss: completed=50/75 errors=25 elapsed_ms=1004.2'),1
FANOUT,K75,Exception('timeout_or_slo_miss: completed=52/75 errors=23 elapsed_ms=1005.0'),4
FANOUT,K75,Exception('timeout_or_slo_miss: completed=52/75 errors=23 elapsed_ms=1002.5'),5
FANOUT,K75,Exception('timeout_or_slo_miss: completed=46/75 errors=29 elapsed_ms=1014.2'),4
FANOUT,K75,Exception('timeout_or_slo_miss: completed=47/75 errors=28 elapsed_ms=1007.9'),1
FANOUT,K75,Exception('timeout_or_slo_miss: completed=43/75 errors=32 elapsed_ms=1015.9'),4
FANOUT,K75,Exception('timeout_or_slo_miss: completed=47/75 errors=28 elapsed_ms=1012.4'),7
FANOUT,K75,Exception('timeout_or_slo_miss: completed=48/75 errors=27 elapsed_ms=1011.1'),4
FANOUT,K75,Exception('timeout_or_slo_miss: completed=53/75 errors=22 elapsed_ms=1005.1'),4
FANOUT,K75,Exception('timeout_or_slo_miss: completed=45/75 errors=30 elapsed_ms=1028.6'),1
FANOUT,K75,Exception('timeout_or_slo_miss: completed=42/75 errors=33 elapsed_ms=1021.1'),1
FANOUT,K75,Exception('timeout_or_slo_miss: completed=50/75 errors=25 elapsed_ms=1009.7'),6
FANOUT,K75,Exception('timeout_or_slo_miss: completed=47/75 errors=28 elapsed_ms=1009.2'),3
FANOUT,K75,Exception('timeout_or_slo_miss: completed=47/75 errors=28 elapsed_ms=1010.4'),1
FANOUT,K75,Exception('timeout_or_slo_miss: completed=45/75 errors=30 elapsed_ms=1017.8'),1
FANOUT,K75,Exception('timeout_or_slo_miss: completed=48/75 errors=27 elapsed_ms=1008.9'),3
FANOUT,K75,Exception('timeout_or_slo_miss: completed=52/75 errors=23 elapsed_ms=1002.4'),2
FANOUT,K75,Exception('timeout_or_slo_miss: completed=50/75 errors=25 elapsed_ms=1002.5'),3
FANOUT,K75,Exception('timeout_or_slo_miss: completed=50/75 errors=25 elapsed_ms=1013.4'),1
FANOUT,K75,Exception('timeout_or_slo_miss: completed=53/75 errors=22 elapsed_ms=1008.5'),2
FANOUT,K75,Exception('timeout_or_slo_miss: completed=50/75 errors=25 elapsed_ms=1008.7'),4
FANOUT,K75,Exception('timeout_or_slo_miss: completed=49/75 errors=26 elapsed_ms=1005.2'),1
FANOUT,K75,Exception('timeout_or_slo_miss: completed=54/75 errors=21 elapsed_ms=1005.9'),1
FANOUT,K75,Exception('timeout_or_slo_miss: completed=54/75 errors=21 elapsed_ms=1007.2'),4
FANOUT,K75,Exception('timeout_or_slo_miss: completed=51/75 errors=24 elapsed_ms=1014.1'),2
FANOUT,K75,Exception('timeout_or_slo_miss: completed=45/75 errors=30 elapsed_ms=1016.9'),3
FANOUT,K75,Exception('timeout_or_slo_miss: completed=52/75 errors=23 elapsed_ms=1006.6'),4
FANOUT,K75,Exception('timeout_or_slo_miss: completed=48/75 errors=27 elapsed_ms=1015.6'),1
FANOUT,K75,Exception('timeout_or_slo_miss: completed=52/75 errors=23 elapsed_ms=1011.2'),3
FANOUT,K75,Exception('timeout_or_slo_miss: completed=48/75 errors=27 elapsed_ms=1012.5'),3
FANOUT,K75,Exception('timeout_or_slo_miss: completed=44/75 errors=31 elapsed_ms=1020.2'),1
FANOUT,K75,Exception('timeout_or_slo_miss: completed=49/75 errors=26 elapsed_ms=1014.0'),1
FANOUT,K75,Exception('timeout_or_slo_miss: completed=42/75 errors=33 elapsed_ms=1014.8'),1
FANOUT,K75,Exception('timeout_or_slo_miss: completed=47/75 errors=28 elapsed_ms=1032.7'),1
FANOUT,K75,Exception('timeout_or_slo_miss: completed=51/75 errors=24 elapsed_ms=1017.3'),1
FANOUT,K75,Exception('timeout_or_slo_miss: completed=52/75 errors=23 elapsed_ms=1003.5'),1
FANOUT,K75,Exception('timeout_or_slo_miss: completed=49/75 errors=26 elapsed_ms=1009.0'),12
FANOUT,K75,Exception('timeout_or_slo_miss: completed=47/75 errors=28 elapsed_ms=1018.5'),2
FANOUT,K75,Exception('timeout_or_slo_miss: completed=45/75 errors=30 elapsed_ms=1017.5'),1
FANOUT,K75,Exception('timeout_or_slo_miss: completed=39/75 errors=34 elapsed_ms=1540.4'),1
FANOUT,K75,Exception('timeout_or_slo_miss: completed=45/75 errors=30 elapsed_ms=1015.6'),2
FANOUT,K75,Exception('timeout_or_slo_miss: completed=49/75 errors=26 elapsed_ms=1010.1'),5
FANOUT,K75,Exception('timeout_or_slo_miss: completed=47/75 errors=28 elapsed_ms=1020.4'),2
FANOUT,K75,Exception('timeout_or_slo_miss: completed=43/75 errors=32 elapsed_ms=1028.0'),1
FANOUT,K75,Exception('timeout_or_slo_miss: completed=39/75 errors=36 elapsed_ms=1022.5'),1
FANOUT,K75,Exception('timeout_or_slo_miss: completed=48/75 errors=27 elapsed_ms=1019.4'),1
FANOUT,K75,Exception('timeout_or_slo_miss: completed=49/75 errors=26 elapsed_ms=1013.2'),2
FANOUT,K75,Exception('timeout_or_slo_miss: completed=49/75 errors=26 elapsed_ms=1012.0'),5
FANOUT,K75,Exception('timeout_or_slo_miss: completed=45/75 errors=30 elapsed_ms=1152.3'),1
FANOUT,K75,Exception('timeout_or_slo_miss: completed=53/75 errors=22 elapsed_ms=1007.2'),1
FANOUT,K75,Exception('timeout_or_slo_miss: completed=43/75 errors=32 elapsed_ms=1014.1'),1
FANOUT,K75,Exception('timeout_or_slo_miss: completed=52/75 errors=23 elapsed_ms=1344.1'),1
FANOUT,K75,Exception('timeout_or_slo_miss: completed=48/75 errors=27 elapsed_ms=1015.3'),1
FANOUT,K75,Exception('timeout_or_slo_miss: completed=46/75 errors=29 elapsed_ms=1019.8'),1
FANOUT,K75,Exception('timeout_or_slo_miss: completed=51/75 errors=24 elapsed_ms=1013.1'),1
FANOUT,K75,Exception('timeout_or_slo_miss: completed=49/75 errors=26 elapsed_ms=1012.9'),4
FANOUT,K75,Exception('timeout_or_slo_miss: completed=46/75 errors=29 elapsed_ms=1012.0'),3
FANOUT,K75,Exception('timeout_or_slo_miss: completed=54/75 errors=21 elapsed_ms=1003.3'),6
FANOUT,K75,Exception('timeout_or_slo_miss: completed=49/75 errors=26 elapsed_ms=1013.1'),2
FANOUT,K75,Exception('timeout_or_slo_miss: completed=44/75 errors=31 elapsed_ms=1021.7'),2
FANOUT,K75,Exception('timeout_or_slo_miss: completed=50/75 errors=25 elapsed_ms=1011.5'),1
FANOUT,K75,Exception('timeout_or_slo_miss: completed=53/75 errors=22 elapsed_ms=1010.1'),1
FANOUT,K75,Exception('timeout_or_slo_miss: completed=43/75 errors=32 elapsed_ms=1016.6'),1
FANOUT,K75,Exception('timeout_or_slo_miss: completed=46/75 errors=29 elapsed_ms=1011.8'),1
FANOUT,K75,Exception('timeout_or_slo_miss: completed=49/75 errors=26 elapsed_ms=1016.0'),1
FANOUT,K75,Exception('timeout_or_slo_miss: completed=50/75 errors=25 elapsed_ms=1006.5'),3
FANOUT,K75,Exception('timeout_or_slo_miss: completed=54/75 errors=21 elapsed_ms=1004.4'),4
FANOUT,K75,Exception('timeout_or_slo_miss: completed=36/75 errors=39 elapsed_ms=1050.6'),1
FANOUT,K75,Exception('timeout_or_slo_miss: completed=43/75 errors=32 elapsed_ms=1019.1'),3
FANOUT,K75,Exception('timeout_or_slo_miss: completed=40/75 errors=35 elapsed_ms=1015.5'),1
FANOUT,K75,Exception('timeout_or_slo_miss: completed=44/75 errors=31 elapsed_ms=1020.4'),2
FANOUT,K75,Exception('timeout_or_slo_miss: completed=48/75 errors=27 elapsed_ms=1011.6'),3
FANOUT,K75,Exception('timeout_or_slo_miss: completed=44/75 errors=19 elapsed_ms=2541.2'),1
FANOUT,K75,Exception('timeout_or_slo_miss: completed=46/75 errors=29 elapsed_ms=1022.8'),1
FANOUT,K75,Exception('timeout_or_slo_miss: completed=47/75 errors=28 elapsed_ms=1009.4'),2
FANOUT,K75,Exception('timeout_or_slo_miss: completed=50/75 errors=25 elapsed_ms=1017.4'),1
FANOUT,K75,Exception('timeout_or_slo_miss: completed=43/75 errors=32 elapsed_ms=1017.5'),1
FANOUT,K75,Exception('timeout_or_slo_miss: completed=51/75 errors=24 elapsed_ms=1007.1'),8
FANOUT,K75,Exception('timeout_or_slo_miss: completed=44/75 errors=31 elapsed_ms=1016.5'),2
FANOUT,K75,Exception('timeout_or_slo_miss: completed=47/75 errors=28 elapsed_ms=1010.6'),3
FANOUT,K75,Exception('timeout_or_slo_miss: completed=45/75 errors=30 elapsed_ms=1016.1'),1
FANOUT,K75,Exception('timeout_or_slo_miss: completed=43/75 errors=32 elapsed_ms=1018.2'),1
FANOUT,K75,Exception('timeout_or_slo_miss: completed=44/75 errors=31 elapsed_ms=1020.8'),1
FANOUT,K75,Exception('timeout_or_slo_miss: completed=50/75 errors=25 elapsed_ms=1003.1'),1
FANOUT,K75,Exception('timeout_or_slo_miss: completed=44/75 errors=31 elapsed_ms=1018.8'),1
FANOUT,K75,Exception('timeout_or_slo_miss: completed=49/75 errors=26 elapsed_ms=1008.5'),3
FANOUT,K75,Exception('timeout_or_slo_miss: completed=47/75 errors=28 elapsed_ms=1016.7'),1
FANOUT,K75,Exception('timeout_or_slo_miss: completed=50/75 errors=25 elapsed_ms=1009.8'),2
FANOUT,K75,Exception('timeout_or_slo_miss: completed=47/75 errors=28 elapsed_ms=1015.6'),3
FANOUT,K75,Exception('timeout_or_slo_miss: completed=50/75 errors=25 elapsed_ms=1007.4'),3
FANOUT,K75,Exception('timeout_or_slo_miss: completed=54/75 errors=21 elapsed_ms=1005.7'),1
FANOUT,K75,Exception('timeout_or_slo_miss: completed=51/75 errors=24 elapsed_ms=1005.3'),3
FANOUT,K75,Exception('timeout_or_slo_miss: completed=45/75 errors=30 elapsed_ms=1012.7'),3
FANOUT,K75,Exception('timeout_or_slo_miss: completed=46/75 errors=29 elapsed_ms=1009.4'),1
FANOUT,K75,Exception('timeout_or_slo_miss: completed=46/75 errors=29 elapsed_ms=1013.1'),4
FANOUT,K75,Exception('timeout_or_slo_miss: completed=48/75 errors=27 elapsed_ms=1017.4'),1
FANOUT,K75,Exception('timeout_or_slo_miss: completed=43/75 errors=32 elapsed_ms=1020.5'),2
FANOUT,K75,Exception('timeout_or_slo_miss: completed=50/75 errors=25 elapsed_ms=1013.1'),2
FANOUT,K75,Exception('timeout_or_slo_miss: completed=47/75 errors=28 elapsed_ms=1012.1'),2
FANOUT,K75,Exception('timeout_or_slo_miss: completed=42/75 errors=33 elapsed_ms=1017.4'),4
FANOUT,K75,Exception('timeout_or_slo_miss: completed=49/75 errors=26 elapsed_ms=1012.1'),3
FANOUT,K75,Exception('timeout_or_slo_miss: completed=54/75 errors=21 elapsed_ms=1004.7'),1
FANOUT,K75,Exception('timeout_or_slo_miss: completed=45/75 errors=30 elapsed_ms=1020.0'),4
FANOUT,K75,Exception('timeout_or_slo_miss: completed=42/75 errors=33 elapsed_ms=1012.3'),1
FANOUT,K75,Exception('timeout_or_slo_miss: completed=47/75 errors=28 elapsed_ms=1014.6'),3
FANOUT,K75,Exception('timeout_or_slo_miss: completed=52/75 errors=23 elapsed_ms=1005.3'),6
FANOUT,K75,Exception('timeout_or_slo_miss: completed=52/75 errors=23 elapsed_ms=1009.3'),3
FANOUT,K75,Exception('timeout_or_slo_miss: completed=44/75 errors=31 elapsed_ms=1016.2'),1
FANOUT,K75,Exception('timeout_or_slo_miss: completed=52/75 errors=23 elapsed_ms=1014.0'),2
FANOUT,K75,Exception('timeout_or_slo_miss: completed=44/75 errors=13 elapsed_ms=6491.0'),1
FANOUT,K75,Exception('timeout_or_slo_miss: completed=51/75 errors=24 elapsed_ms=1004.6'),4
FANOUT,K75,Exception('timeout_or_slo_miss: completed=52/75 errors=23 elapsed_ms=1007.0'),7
FANOUT,K75,Exception('timeout_or_slo_miss: completed=52/75 errors=23 elapsed_ms=1003.7'),3
FANOUT,K75,Exception('timeout_or_slo_miss: completed=49/75 errors=26 elapsed_ms=1017.9'),1
FANOUT,K75,Exception('timeout_or_slo_miss: completed=49/75 errors=26 elapsed_ms=1015.9'),1
FANOUT,K75,Exception('timeout_or_slo_miss: completed=48/75 errors=27 elapsed_ms=1017.2'),2
FANOUT,K75,Exception('timeout_or_slo_miss: completed=48/75 errors=27 elapsed_ms=1006.9'),1
FANOUT,K75,Exception('timeout_or_slo_miss: completed=46/75 errors=29 elapsed_ms=1021.3'),1
FANOUT,K75,Exception('timeout_or_slo_miss: completed=49/75 errors=26 elapsed_ms=1019.6'),1
FANOUT,K75,Exception('timeout_or_slo_miss: completed=47/75 errors=28 elapsed_ms=1012.7'),2
FANOUT,K75,Exception('timeout_or_slo_miss: completed=52/75 errors=23 elapsed_ms=1008.3'),3
FANOUT,K75,Exception('timeout_or_slo_miss: completed=49/75 errors=26 elapsed_ms=1019.4'),1
FANOUT,K75,Exception('timeout_or_slo_miss: completed=46/75 errors=29 elapsed_ms=1011.7'),3
FANOUT,K75,Exception('timeout_or_slo_miss: completed=43/75 errors=32 elapsed_ms=1015.6'),1
FANOUT,K75,Exception('timeout_or_slo_miss: completed=41/75 errors=34 elapsed_ms=1027.4'),1
FANOUT,K75,Exception('timeout_or_slo_miss: completed=52/75 errors=23 elapsed_ms=1011.3'),2
FANOUT,K75,Exception('timeout_or_slo_miss: completed=47/75 errors=28 elapsed_ms=1009.9'),1
FANOUT,K75,Exception('timeout_or_slo_miss: completed=48/75 errors=27 elapsed_ms=1010.6'),1
FANOUT,K75,Exception('timeout_or_slo_miss: completed=53/75 errors=22 elapsed_ms=1011.9'),1
FANOUT,K75,Exception('timeout_or_slo_miss: completed=50/75 errors=25 elapsed_ms=1007.1'),4
FANOUT,K75,Exception('timeout_or_slo_miss: completed=43/75 errors=32 elapsed_ms=1016.5'),2
FANOUT,K75,Exception('timeout_or_slo_miss: completed=50/75 errors=25 elapsed_ms=1011.1'),1
FANOUT,K75,Exception('timeout_or_slo_miss: completed=47/75 errors=28 elapsed_ms=1012.3'),2
FANOUT,K75,Exception('timeout_or_slo_miss: completed=52/75 errors=23 elapsed_ms=1006.8'),4
FANOUT,K75,Exception('timeout_or_slo_miss: completed=48/75 errors=27 elapsed_ms=1026.1'),1
FANOUT,K75,Exception('timeout_or_slo_miss: completed=53/75 errors=22 elapsed_ms=1008.3'),2
FANOUT,K75,Exception('timeout_or_slo_miss: completed=53/75 errors=22 elapsed_ms=1018.9'),1
FANOUT,K75,Exception('timeout_or_slo_miss: completed=49/75 errors=26 elapsed_ms=1020.1'),1
FANOUT,K75,Exception('timeout_or_slo_miss: completed=49/75 errors=26 elapsed_ms=1015.5'),3
FANOUT,K75,Exception('timeout_or_slo_miss: completed=51/75 errors=24 elapsed_ms=1006.3'),7
FANOUT,K75,Exception('timeout_or_slo_miss: completed=52/75 errors=23 elapsed_ms=1010.2'),2
FANOUT,K75,Exception('timeout_or_slo_miss: completed=43/75 errors=32 elapsed_ms=1017.1'),1
FANOUT,K75,Exception('timeout_or_slo_miss: completed=45/75 errors=30 elapsed_ms=1013.9'),3
FANOUT,K75,Exception('timeout_or_slo_miss: completed=51/75 errors=24 elapsed_ms=1003.4'),4
FANOUT,K75,Exception('timeout_or_slo_miss: completed=42/75 errors=33 elapsed_ms=1022.4'),2
FANOUT,K75,Exception('timeout_or_slo_miss: completed=53/75 errors=22 elapsed_ms=1004.3'),4
FANOUT,K75,Exception('timeout_or_slo_miss: completed=46/75 errors=29 elapsed_ms=1006.3'),1
FANOUT,K75,Exception('timeout_or_slo_miss: completed=54/75 errors=21 elapsed_ms=1007.9'),2
FANOUT,K75,Exception('timeout_or_slo_miss: completed=35/75 errors=26 elapsed_ms=10216.3'),1
FANOUT,K75,Exception('timeout_or_slo_miss: completed=51/75 errors=24 elapsed_ms=1022.1'),1
FANOUT,K75,Exception('timeout_or_slo_miss: completed=44/75 errors=31 elapsed_ms=1015.9'),4
FANOUT,K75,Exception('timeout_or_slo_miss: completed=44/75 errors=31 elapsed_ms=1015.3'),4
FANOUT,K75,Exception('timeout_or_slo_miss: completed=54/75 errors=21 elapsed_ms=1006.1'),1
FANOUT,K75,Exception('timeout_or_slo_miss: completed=44/75 errors=31 elapsed_ms=1019.7'),1
FANOUT,K75,Exception('timeout_or_slo_miss: completed=43/75 errors=32 elapsed_ms=1013.5'),1
FANOUT,K75,Exception('timeout_or_slo_miss: completed=51/75 errors=24 elapsed_ms=1006.8'),6
FANOUT,K75,Exception('timeout_or_slo_miss: completed=49/75 errors=26 elapsed_ms=1018.2'),1
FANOUT,K75,Exception('timeout_or_slo_miss: completed=49/75 errors=26 elapsed_ms=1010.5'),4
FANOUT,K75,Exception('timeout_or_slo_miss: completed=54/75 errors=21 elapsed_ms=1006.3'),1
FANOUT,K75,Exception('timeout_or_slo_miss: completed=47/75 errors=28 elapsed_ms=1011.8'),1
FANOUT,K75,Exception('timeout_or_slo_miss: completed=46/75 errors=29 elapsed_ms=1011.4'),3
FANOUT,K75,Exception('timeout_or_slo_miss: completed=51/75 errors=24 elapsed_ms=1007.5'),3
FANOUT,K75,Exception('timeout_or_slo_miss: completed=53/75 errors=22 elapsed_ms=1009.0'),2
FANOUT,K75,Exception('timeout_or_slo_miss: completed=47/75 errors=28 elapsed_ms=1017.5'),2
FANOUT,K75,Exception('timeout_or_slo_miss: completed=50/75 errors=25 elapsed_ms=1013.2'),1
FANOUT,K75,Exception('timeout_or_slo_miss: completed=48/75 errors=27 elapsed_ms=1018.7'),1
FANOUT,K75,Exception('timeout_or_slo_miss: completed=50/75 errors=25 elapsed_ms=1018.0'),1
FANOUT,K75,Exception('timeout_or_slo_miss: completed=51/75 errors=24 elapsed_ms=1006.1'),5
FANOUT,K75,Exception('timeout_or_slo_miss: completed=54/75 errors=21 elapsed_ms=1001.7'),4
FANOUT,K75,Exception('timeout_or_slo_miss: completed=48/75 errors=27 elapsed_ms=1336.5'),1
FANOUT,K75,Exception('timeout_or_slo_miss: completed=46/75 errors=29 elapsed_ms=1010.0'),1
FANOUT,K75,Exception('timeout_or_slo_miss: completed=54/75 errors=21 elapsed_ms=1001.6'),2
FANOUT,K75,Exception('timeout_or_slo_miss: completed=45/75 errors=30 elapsed_ms=1010.5'),1
FANOUT,K75,Exception('timeout_or_slo_miss: completed=47/75 errors=28 elapsed_ms=1019.3'),4
FANOUT,K75,Exception('timeout_or_slo_miss: completed=41/75 errors=34 elapsed_ms=1023.2'),1
FANOUT,K75,Exception('timeout_or_slo_miss: completed=48/75 errors=27 elapsed_ms=1012.7'),1
FANOUT,K75,Exception('timeout_or_slo_miss: completed=54/75 errors=21 elapsed_ms=1002.3'),9
FANOUT,K75,Exception('timeout_or_slo_miss: completed=43/75 errors=32 elapsed_ms=1017.8'),4
FANOUT,K75,Exception('timeout_or_slo_miss: completed=53/75 errors=22 elapsed_ms=1009.7'),1
FANOUT,K75,Exception('timeout_or_slo_miss: completed=48/75 errors=27 elapsed_ms=1014.0'),1
FANOUT,K75,Exception('timeout_or_slo_miss: completed=53/75 errors=22 elapsed_ms=1007.9'),1
FANOUT,K75,Exception('timeout_or_slo_miss: completed=52/75 errors=23 elapsed_ms=1002.7'),6
FANOUT,K75,Exception('timeout_or_slo_miss: completed=52/75 errors=23 elapsed_ms=1007.9'),3
FANOUT,K75,Exception('timeout_or_slo_miss: completed=46/75 errors=29 elapsed_ms=1015.1'),1
FANOUT,K75,Exception('timeout_or_slo_miss: completed=52/75 errors=23 elapsed_ms=1005.7'),3
FANOUT,K75,Exception('timeout_or_slo_miss: completed=41/75 errors=34 elapsed_ms=1018.6'),2
FANOUT,K75,Exception('timeout_or_slo_miss: completed=45/75 errors=30 elapsed_ms=1021.8'),2
FANOUT,K75,Exception('timeout_or_slo_miss: completed=44/75 errors=31 elapsed_ms=1019.6'),1
FANOUT,K75,Exception('timeout_or_slo_miss: completed=52/75 errors=14 elapsed_ms=3599.1'),1
FANOUT,K75,Exception('timeout_or_slo_miss: completed=32/75 errors=23 elapsed_ms=11221.1'),1
FANOUT,K75,Exception('timeout_or_slo_miss: completed=44/75 errors=31 elapsed_ms=1019.4'),1
FANOUT,K75,Exception('timeout_or_slo_miss: completed=49/75 errors=26 elapsed_ms=1023.6'),1
FANOUT,K75,Exception('timeout_or_slo_miss: completed=50/75 errors=25 elapsed_ms=1009.4'),8
FANOUT,K75,Exception('timeout_or_slo_miss: completed=50/75 errors=25 elapsed_ms=1003.9'),1
FANOUT,K75,Exception('timeout_or_slo_miss: completed=51/75 errors=24 elapsed_ms=1005.5'),6
FANOUT,K75,Exception('timeout_or_slo_miss: completed=48/75 errors=27 elapsed_ms=1008.4'),3
FANOUT,K75,Exception('timeout_or_slo_miss: completed=47/75 errors=28 elapsed_ms=1014.1'),3
FANOUT,K75,Exception('timeout_or_slo_miss: completed=44/75 errors=31 elapsed_ms=1012.9'),1
FANOUT,K75,Exception('timeout_or_slo_miss: completed=50/75 errors=25 elapsed_ms=1012.1'),2
FANOUT,K75,Exception('timeout_or_slo_miss: completed=49/75 errors=26 elapsed_ms=1015.1'),1
FANOUT,K75,Exception('timeout_or_slo_miss: completed=49/75 errors=26 elapsed_ms=1022.4'),1
FANOUT,K75,Exception('timeout_or_slo_miss: completed=43/75 errors=32 elapsed_ms=1017.0'),1
FANOUT,K75,Exception('timeout_or_slo_miss: completed=54/75 errors=21 elapsed_ms=1010.4'),1
FANOUT,K75,Exception('timeout_or_slo_miss: completed=53/75 errors=22 elapsed_ms=1006.8'),2
FANOUT,K75,Exception('timeout_or_slo_miss: completed=52/75 errors=23 elapsed_ms=1006.7'),4
FANOUT,K75,Exception('timeout_or_slo_miss: completed=52/75 errors=23 elapsed_ms=1004.3'),2
FANOUT,K75,Exception('timeout_or_slo_miss: completed=40/75 errors=35 elapsed_ms=1016.2'),1
FANOUT,K75,Exception('timeout_or_slo_miss: completed=53/75 errors=22 elapsed_ms=1009.1'),1
FANOUT,K75,Exception('timeout_or_slo_miss: completed=51/75 errors=24 elapsed_ms=1006.5'),2
FANOUT,K75,Exception('timeout_or_slo_miss: completed=54/75 errors=21 elapsed_ms=1009.5'),1
FANOUT,K75,Exception('timeout_or_slo_miss: completed=49/75 errors=26 elapsed_ms=1006.8'),3
FANOUT,K75,Exception('timeout_or_slo_miss: completed=49/75 errors=26 elapsed_ms=1011.9'),5
FANOUT,K75,Exception('timeout_or_slo_miss: completed=44/75 errors=31 elapsed_ms=1012.8'),2
FANOUT,K75,Exception('timeout_or_slo_miss: completed=44/75 errors=31 elapsed_ms=1024.7'),1
FANOUT,K75,Exception('timeout_or_slo_miss: completed=52/75 errors=23 elapsed_ms=1007.2'),3
FANOUT,K75,Exception('timeout_or_slo_miss: completed=52/75 errors=23 elapsed_ms=1010.0'),3
FANOUT,K75,Exception('timeout_or_slo_miss: completed=51/75 errors=24 elapsed_ms=1013.9'),3
FANOUT,K75,Exception('timeout_or_slo_miss: completed=54/75 errors=21 elapsed_ms=1006.4'),2
FANOUT,K75,Exception('timeout_or_slo_miss: completed=47/75 errors=28 elapsed_ms=1027.9'),1
FANOUT,K75,Exception('timeout_or_slo_miss: completed=46/75 errors=29 elapsed_ms=1013.7'),2
FANOUT,K75,Exception('timeout_or_slo_miss: completed=42/75 errors=33 elapsed_ms=1017.8'),3
FANOUT,K75,Exception('timeout_or_slo_miss: completed=48/75 errors=27 elapsed_ms=1012.6'),4
FANOUT,K75,Exception('timeout_or_slo_miss: completed=43/75 errors=32 elapsed_ms=1025.1'),1
FANOUT,K75,Exception('timeout_or_slo_miss: completed=43/75 errors=32 elapsed_ms=1020.7'),1
FANOUT,K75,Exception('timeout_or_slo_miss: completed=52/75 errors=23 elapsed_ms=1008.7'),4
FANOUT,K75,Exception('timeout_or_slo_miss: completed=51/75 errors=24 elapsed_ms=1007.4'),1
FANOUT,K75,Exception('timeout_or_slo_miss: completed=54/75 errors=21 elapsed_ms=1009.4'),1
FANOUT,K75,Exception('timeout_or_slo_miss: completed=45/75 errors=30 elapsed_ms=1017.2'),1
FANOUT,K75,Exception('timeout_or_slo_miss: completed=42/75 errors=33 elapsed_ms=1018.6'),1
FANOUT,K75,Exception('timeout_or_slo_miss: completed=46/75 errors=29 elapsed_ms=1013.8'),1
FANOUT,K75,Exception('timeout_or_slo_miss: completed=51/75 errors=24 elapsed_ms=1010.3'),3
FANOUT,K75,Exception('timeout_or_slo_miss: completed=50/75 errors=25 elapsed_ms=1003.5'),1
FANOUT,K75,Exception('timeout_or_slo_miss: completed=52/75 errors=23 elapsed_ms=1010.4'),2
FANOUT,K75,Exception('timeout_or_slo_miss: completed=46/75 errors=29 elapsed_ms=1009.8'),4
FANOUT,K75,Exception('timeout_or_slo_miss: completed=50/75 errors=25 elapsed_ms=1019.9'),1
FANOUT,K75,Exception('timeout_or_slo_miss: completed=44/75 errors=31 elapsed_ms=1016.6'),2
FANOUT,K75,Exception('timeout_or_slo_miss: completed=54/75 errors=21 elapsed_ms=1002.7'),5
FANOUT,K75,Exception('timeout_or_slo_miss: completed=52/75 errors=23 elapsed_ms=1004.5'),4
FANOUT,K75,Exception('subread_error: completed=60/75 errors=15'),11
FANOUT,K75,Exception('timeout_or_slo_miss: completed=54/75 errors=21 elapsed_ms=1002.0'),3
FANOUT,K75,Exception('timeout_or_slo_miss: completed=49/75 errors=26 elapsed_ms=1009.3'),6
FANOUT,K75,Exception('timeout_or_slo_miss: completed=50/75 errors=25 elapsed_ms=1152.2'),1
FANOUT,K75,Exception('timeout_or_slo_miss: completed=50/75 errors=25 elapsed_ms=1010.4'),5
FANOUT,K75,Exception('timeout_or_slo_miss: completed=48/75 errors=27 elapsed_ms=1013.2'),4
FANOUT,K75,Exception('timeout_or_slo_miss: completed=46/75 errors=29 elapsed_ms=1018.2'),2
FANOUT,K75,Exception('timeout_or_slo_miss: completed=49/75 errors=26 elapsed_ms=1005.8'),1
FANOUT,K75,Exception('timeout_or_slo_miss: completed=44/75 errors=19 elapsed_ms=4813.4'),1
FANOUT,K75,Exception('timeout_or_slo_miss: completed=48/75 errors=27 elapsed_ms=1011.7'),6
FANOUT,K75,Exception('timeout_or_slo_miss: completed=41/75 errors=34 elapsed_ms=1032.6'),1
FANOUT,K75,Exception('timeout_or_slo_miss: completed=50/75 errors=25 elapsed_ms=1008.9'),6
FANOUT,K75,Exception('timeout_or_slo_miss: completed=42/75 errors=33 elapsed_ms=1014.6'),1
FANOUT,K75,Exception('timeout_or_slo_miss: completed=52/75 errors=23 elapsed_ms=1009.5'),4
FANOUT,K75,Exception('timeout_or_slo_miss: completed=46/75 errors=29 elapsed_ms=1013.5'),4
FANOUT,K75,Exception('timeout_or_slo_miss: completed=50/75 errors=25 elapsed_ms=1009.9'),5
FANOUT,K75,Exception('timeout_or_slo_miss: completed=46/75 errors=29 elapsed_ms=1013.0'),2
FANOUT,K75,Exception('timeout_or_slo_miss: completed=50/75 errors=25 elapsed_ms=1016.6'),1
FANOUT,K75,Exception('timeout_or_slo_miss: completed=50/75 errors=25 elapsed_ms=1010.3'),4
FANOUT,K75,Exception('timeout_or_slo_miss: completed=44/75 errors=31 elapsed_ms=1014.3'),1
FANOUT,K75,Exception('timeout_or_slo_miss: completed=43/75 errors=32 elapsed_ms=1027.7'),1
FANOUT,K75,Exception('timeout_or_slo_miss: completed=47/75 errors=28 elapsed_ms=1009.6'),3
FANOUT,K75,Exception('timeout_or_slo_miss: completed=44/75 errors=31 elapsed_ms=1014.0'),1
FANOUT,K75,Exception('timeout_or_slo_miss: completed=45/75 errors=30 elapsed_ms=1025.3'),1
FANOUT,K75,Exception('timeout_or_slo_miss: completed=54/75 errors=21 elapsed_ms=1006.0'),2
FANOUT,K75,Exception('timeout_or_slo_miss: completed=44/75 errors=31 elapsed_ms=1018.4'),2
FANOUT,K75,Exception('timeout_or_slo_miss: completed=44/75 errors=31 elapsed_ms=1016.4'),1
FANOUT,K75,Exception('timeout_or_slo_miss: completed=50/75 errors=25 elapsed_ms=1009.2'),6
FANOUT,K75,Exception('timeout_or_slo_miss: completed=46/75 errors=29 elapsed_ms=1010.4'),1
FANOUT,K75,Exception('timeout_or_slo_miss: completed=42/75 errors=33 elapsed_ms=1018.7'),2
FANOUT,K75,Exception('timeout_or_slo_miss: completed=53/75 errors=22 elapsed_ms=1001.8'),5
FANOUT,K75,Exception('timeout_or_slo_miss: completed=42/75 errors=33 elapsed_ms=1015.6'),1
FANOUT,K75,Exception('timeout_or_slo_miss: completed=54/75 errors=21 elapsed_ms=1020.1'),1
FANOUT,K75,Exception('timeout_or_slo_miss: completed=45/75 errors=30 elapsed_ms=1014.6'),3
FANOUT,K75,Exception('timeout_or_slo_miss: completed=45/75 errors=30 elapsed_ms=1022.9'),1
FANOUT,K75,Exception('timeout_or_slo_miss: completed=42/75 errors=33 elapsed_ms=1022.1'),1
FANOUT,K75,Exception('timeout_or_slo_miss: completed=49/75 errors=26 elapsed_ms=1009.9'),7
FANOUT,K75,Exception('timeout_or_slo_miss: completed=51/75 errors=24 elapsed_ms=1007.0'),2
FANOUT,K75,Exception('timeout_or_slo_miss: completed=51/75 errors=24 elapsed_ms=1038.0'),1
FANOUT,K75,Exception('timeout_or_slo_miss: completed=45/75 errors=30 elapsed_ms=1019.8'),1
FANOUT,K75,Exception('timeout_or_slo_miss: completed=52/75 errors=23 elapsed_ms=1011.8'),1
FANOUT,K75,Exception('timeout_or_slo_miss: completed=52/75 errors=23 elapsed_ms=1008.6'),2
FANOUT,K75,Exception('timeout_or_slo_miss: completed=48/75 errors=27 elapsed_ms=1007.0'),1
FANOUT,K75,Exception('timeout_or_slo_miss: completed=49/75 errors=26 elapsed_ms=1014.5'),4
FANOUT,K75,Exception('timeout_or_slo_miss: completed=50/75 errors=25 elapsed_ms=1013.5'),1
FANOUT,K75,Exception('timeout_or_slo_miss: completed=53/75 errors=22 elapsed_ms=1004.0'),3
FANOUT,K75,Exception('timeout_or_slo_miss: completed=50/75 errors=25 elapsed_ms=1004.4'),1
FANOUT,K75,Exception('timeout_or_slo_miss: completed=47/75 errors=28 elapsed_ms=1012.9'),2
FANOUT,K75,Exception('timeout_or_slo_miss: completed=43/75 errors=32 elapsed_ms=1019.7'),1
FANOUT,K75,Exception('timeout_or_slo_miss: completed=44/75 errors=31 elapsed_ms=1035.0'),1
FANOUT,K75,Exception('timeout_or_slo_miss: completed=54/75 errors=21 elapsed_ms=1002.5'),9
FANOUT,K75,Exception('timeout_or_slo_miss: completed=52/75 errors=23 elapsed_ms=1007.1'),7
FANOUT,K75,Exception('timeout_or_slo_miss: completed=54/75 errors=21 elapsed_ms=1003.8'),4
FANOUT,K75,Exception('timeout_or_slo_miss: completed=45/75 errors=30 elapsed_ms=1015.0'),3
FANOUT,K75,Exception('timeout_or_slo_miss: completed=46/75 errors=29 elapsed_ms=1034.9'),1
FANOUT,K75,Exception('timeout_or_slo_miss: completed=47/75 errors=28 elapsed_ms=1005.0'),1
FANOUT,K75,Exception('timeout_or_slo_miss: completed=52/75 errors=23 elapsed_ms=1004.2'),3
FANOUT,K75,Exception('timeout_or_slo_miss: completed=45/75 errors=30 elapsed_ms=1018.9'),1
FANOUT,K75,Exception('timeout_or_slo_miss: completed=45/75 errors=30 elapsed_ms=1011.4'),1
FANOUT,K75,Exception('timeout_or_slo_miss: completed=45/75 errors=30 elapsed_ms=1013.3'),2
FANOUT,K75,Exception('timeout_or_slo_miss: completed=45/75 errors=30 elapsed_ms=1020.6'),1
FANOUT,K75,Exception('timeout_or_slo_miss: completed=49/75 errors=26 elapsed_ms=1015.0'),1
FANOUT,K75,Exception('timeout_or_slo_miss: completed=48/75 errors=27 elapsed_ms=1020.4'),1
FANOUT,K75,Exception('timeout_or_slo_miss: completed=48/75 errors=27 elapsed_ms=1015.5'),4
FANOUT,K75,Exception('timeout_or_slo_miss: completed=43/75 errors=32 elapsed_ms=1021.9'),1
FANOUT,K75,Exception('timeout_or_slo_miss: completed=46/75 errors=29 elapsed_ms=1010.9'),2
FANOUT,K75,Exception('timeout_or_slo_miss: completed=41/75 errors=34 elapsed_ms=1022.1'),1
FANOUT,K75,Exception('timeout_or_slo_miss: completed=47/75 errors=28 elapsed_ms=1013.5'),5
FANOUT,K75,Exception('timeout_or_slo_miss: completed=48/75 errors=27 elapsed_ms=1013.5'),7
FANOUT,K75,Exception('timeout_or_slo_miss: completed=46/75 errors=29 elapsed_ms=1017.9'),4
FANOUT,K75,Exception('timeout_or_slo_miss: completed=46/75 errors=29 elapsed_ms=1015.6'),3
FANOUT,K75,Exception('timeout_or_slo_miss: completed=47/75 errors=28 elapsed_ms=1025.8'),1
FANOUT,K75,Exception('timeout_or_slo_miss: completed=48/75 errors=27 elapsed_ms=1012.0'),4
FANOUT,K75,Exception('timeout_or_slo_miss: completed=53/75 errors=22 elapsed_ms=1005.4'),5
FANOUT,K75,Exception('timeout_or_slo_miss: completed=47/75 errors=28 elapsed_ms=1009.8'),4
FANOUT,K75,Exception('timeout_or_slo_miss: completed=50/75 errors=25 elapsed_ms=1041.3'),1
FANOUT,K75,Exception('timeout_or_slo_miss: completed=48/75 errors=27 elapsed_ms=1012.4'),6
FANOUT,K75,Exception('timeout_or_slo_miss: completed=45/75 errors=30 elapsed_ms=1013.6'),1
FANOUT,K75,Exception('timeout_or_slo_miss: completed=52/75 errors=23 elapsed_ms=1006.9'),1
FANOUT,K75,Exception('timeout_or_slo_miss: completed=54/75 errors=21 elapsed_ms=1004.0'),1
FANOUT,K75,Exception('timeout_or_slo_miss: completed=39/75 errors=36 elapsed_ms=1019.1'),1
FANOUT,K75,Exception('timeout_or_slo_miss: completed=47/75 errors=28 elapsed_ms=1011.7'),4
FANOUT,K75,Exception('timeout_or_slo_miss: completed=42/75 errors=33 elapsed_ms=1017.3'),1
FANOUT,K75,Exception('timeout_or_slo_miss: completed=50/75 errors=25 elapsed_ms=1011.8'),5
FANOUT,K75,Exception('timeout_or_slo_miss: completed=46/75 errors=29 elapsed_ms=1010.7'),2
FANOUT,K75,Exception('timeout_or_slo_miss: completed=39/75 errors=17 elapsed_ms=8296.7'),1
FANOUT,K75,Exception('timeout_or_slo_miss: completed=52/75 errors=23 elapsed_ms=1008.4'),2
FANOUT,K75,Exception('timeout_or_slo_miss: completed=50/75 errors=25 elapsed_ms=1006.1'),2
FANOUT,K75,Exception('timeout_or_slo_miss: completed=54/75 errors=21 elapsed_ms=1002.9'),5
FANOUT,K75,Exception('timeout_or_slo_miss: completed=46/75 errors=19 elapsed_ms=11987.5'),1
FANOUT,K75,Exception('timeout_or_slo_miss: completed=44/75 errors=31 elapsed_ms=1011.8'),1
FANOUT,K75,Exception('timeout_or_slo_miss: completed=46/75 errors=29 elapsed_ms=1014.8'),1
FANOUT,K75,Exception('timeout_or_slo_miss: completed=42/75 errors=33 elapsed_ms=1014.7'),1
FANOUT,K75,Exception('timeout_or_slo_miss: completed=45/75 errors=30 elapsed_ms=1032.6'),1
FANOUT,K75,Exception('timeout_or_slo_miss: completed=50/75 errors=25 elapsed_ms=1007.3'),4
FANOUT,K75,Exception('timeout_or_slo_miss: completed=47/75 errors=28 elapsed_ms=1018.8'),1
FANOUT,K75,Exception('timeout_or_slo_miss: completed=42/75 errors=33 elapsed_ms=1019.4'),2
FANOUT,K75,Exception('timeout_or_slo_miss: completed=45/75 errors=30 elapsed_ms=1022.2'),1
FANOUT,K75,Exception('timeout_or_slo_miss: completed=42/75 errors=33 elapsed_ms=1025.0'),1
FANOUT,K75,Exception('timeout_or_slo_miss: completed=51/75 errors=24 elapsed_ms=1006.2'),9
FANOUT,K75,Exception('timeout_or_slo_miss: completed=44/75 errors=31 elapsed_ms=1014.4'),2
FANOUT,K75,Exception('timeout_or_slo_miss: completed=52/75 errors=23 elapsed_ms=1010.7'),1
FANOUT,K75,Exception('timeout_or_slo_miss: completed=44/75 errors=31 elapsed_ms=1012.4'),1
FANOUT,K75,Exception('timeout_or_slo_miss: completed=51/75 errors=24 elapsed_ms=1003.3'),1
FANOUT,K75,Exception('timeout_or_slo_miss: completed=45/75 errors=30 elapsed_ms=1012.6'),1
FANOUT,K75,Exception('timeout_or_slo_miss: completed=52/75 errors=23 elapsed_ms=1010.6'),1
FANOUT,K75,Exception('timeout_or_slo_miss: completed=45/75 errors=30 elapsed_ms=1028.3'),1
FANOUT,K75,Exception('timeout_or_slo_miss: completed=43/75 errors=32 elapsed_ms=1023.5'),1
FANOUT,K75,Exception('timeout_or_slo_miss: completed=48/75 errors=27 elapsed_ms=1008.8'),3
FANOUT,K75,Exception('timeout_or_slo_miss: completed=42/75 errors=33 elapsed_ms=1013.9'),1
FANOUT,K75,Exception('timeout_or_slo_miss: completed=42/75 errors=20 elapsed_ms=2584.6'),1
FANOUT,K75,Exception('timeout_or_slo_miss: completed=49/75 errors=26 elapsed_ms=1006.1'),2
FANOUT,K75,Exception('timeout_or_slo_miss: completed=47/75 errors=28 elapsed_ms=1013.7'),1
FANOUT,K75,Exception('timeout_or_slo_miss: completed=47/75 errors=28 elapsed_ms=1006.9'),1
FANOUT,K75,Exception('timeout_or_slo_miss: completed=53/75 errors=22 elapsed_ms=1005.0'),1
FANOUT,K75,Exception('timeout_or_slo_miss: completed=53/75 errors=22 elapsed_ms=1002.5'),9
FANOUT,K75,Exception('timeout_or_slo_miss: completed=50/75 errors=25 elapsed_ms=1017.1'),2
FANOUT,K75,Exception('timeout_or_slo_miss: completed=48/75 errors=27 elapsed_ms=1010.0'),3
FANOUT,K75,Exception('timeout_or_slo_miss: completed=54/75 errors=21 elapsed_ms=1035.4'),1
FANOUT,K75,Exception('timeout_or_slo_miss: completed=48/75 errors=27 elapsed_ms=1007.1'),1
FANOUT,K75,Exception('timeout_or_slo_miss: completed=46/75 errors=29 elapsed_ms=1006.6'),2
FANOUT,K75,Exception('timeout_or_slo_miss: completed=44/75 errors=31 elapsed_ms=1023.4'),1
FANOUT,K75,Exception('timeout_or_slo_miss: completed=46/75 errors=29 elapsed_ms=1010.6'),3
FANOUT,K75,Exception('timeout_or_slo_miss: completed=45/75 errors=30 elapsed_ms=1023.8'),1
FANOUT,K75,Exception('timeout_or_slo_miss: completed=51/75 errors=24 elapsed_ms=1011.9'),3
FANOUT,K75,Exception('timeout_or_slo_miss: completed=50/75 errors=25 elapsed_ms=1008.2'),3
FANOUT,K75,Exception('timeout_or_slo_miss: completed=50/75 errors=25 elapsed_ms=1013.6'),3
FANOUT,K75,Exception('timeout_or_slo_miss: completed=52/75 errors=23 elapsed_ms=1005.8'),3
FANOUT,K75,Exception('timeout_or_slo_miss: completed=47/75 errors=28 elapsed_ms=1015.9'),5
FANOUT,K75,Exception('timeout_or_slo_miss: completed=47/75 errors=28 elapsed_ms=1012.2'),2
FANOUT,K75,Exception('timeout_or_slo_miss: completed=45/75 errors=30 elapsed_ms=1013.1'),1
FANOUT,K75,Exception('timeout_or_slo_miss: completed=52/75 errors=23 elapsed_ms=1010.9'),1
FANOUT,K75,Exception('timeout_or_slo_miss: completed=48/75 errors=27 elapsed_ms=1007.6'),2
FANOUT,K75,Exception('timeout_or_slo_miss: completed=52/75 errors=23 elapsed_ms=1013.0'),1
FANOUT,K75,Exception('timeout_or_slo_miss: completed=45/75 errors=30 elapsed_ms=1012.2'),2
FANOUT,K75,Exception('timeout_or_slo_miss: completed=51/75 errors=24 elapsed_ms=1002.9'),1
FANOUT,K75,Exception('timeout_or_slo_miss: completed=51/75 errors=24 elapsed_ms=1007.2'),2
FANOUT,K75,Exception('timeout_or_slo_miss: completed=54/75 errors=21 elapsed_ms=1005.4'),1
FANOUT,K75,Exception('timeout_or_slo_miss: completed=44/75 errors=31 elapsed_ms=1016.8'),3
FANOUT,K75,Exception('timeout_or_slo_miss: completed=48/75 errors=27 elapsed_ms=1009.1'),4
FANOUT,K75,Exception('timeout_or_slo_miss: completed=50/75 errors=25 elapsed_ms=1016.7'),1
FANOUT,K75,Exception('timeout_or_slo_miss: completed=50/75 errors=25 elapsed_ms=1009.3'),5
FANOUT,K75,Exception('timeout_or_slo_miss: completed=48/75 errors=27 elapsed_ms=1016.6'),3
FANOUT,K75,Exception('timeout_or_slo_miss: completed=48/75 errors=27 elapsed_ms=1017.3'),3
FANOUT,K75,Exception('timeout_or_slo_miss: completed=49/75 errors=26 elapsed_ms=1015.3'),4
FANOUT,K75,Exception('timeout_or_slo_miss: completed=49/75 errors=26 elapsed_ms=1011.8'),3
FANOUT,K75,Exception('timeout_or_slo_miss: completed=54/75 errors=21 elapsed_ms=1006.8'),1
FANOUT,K75,Exception('timeout_or_slo_miss: completed=52/75 errors=23 elapsed_ms=1005.9'),3
FANOUT,K75,Exception('timeout_or_slo_miss: completed=44/75 errors=31 elapsed_ms=1022.2'),1
FANOUT,K75,Exception('timeout_or_slo_miss: completed=51/75 errors=24 elapsed_ms=1008.4'),5
FANOUT,K75,Exception('timeout_or_slo_miss: completed=45/75 errors=30 elapsed_ms=1021.2'),1
FANOUT,K75,Exception('timeout_or_slo_miss: completed=54/75 errors=21 elapsed_ms=1007.1'),1
FANOUT,K75,Exception('timeout_or_slo_miss: completed=42/75 errors=33 elapsed_ms=1025.3'),1
FANOUT,K75,Exception('timeout_or_slo_miss: completed=48/75 errors=27 elapsed_ms=1017.8'),2
FANOUT,K75,Exception('timeout_or_slo_miss: completed=48/75 errors=27 elapsed_ms=1013.6'),3
FANOUT,K75,Exception('timeout_or_slo_miss: completed=42/75 errors=33 elapsed_ms=1015.8'),1
FANOUT,K75,Exception('timeout_or_slo_miss: completed=47/75 errors=28 elapsed_ms=1010.0'),2
FANOUT,K75,Exception('timeout_or_slo_miss: completed=53/75 errors=22 elapsed_ms=1005.2'),3
FANOUT,K75,Exception('timeout_or_slo_miss: completed=43/75 errors=32 elapsed_ms=1016.7'),1
FANOUT,K75,Exception('subread_error: completed=57/75 errors=18'),86
FANOUT,K75,Exception('timeout_or_slo_miss: completed=52/75 errors=23 elapsed_ms=1009.7'),3
FANOUT,K75,Exception('timeout_or_slo_miss: completed=50/75 errors=25 elapsed_ms=1011.2'),4
FANOUT,K75,Exception('timeout_or_slo_miss: completed=42/75 errors=33 elapsed_ms=1016.8'),1
FANOUT,K75,Exception('timeout_or_slo_miss: completed=46/75 errors=29 elapsed_ms=1015.2'),1
FANOUT,K75,Exception('timeout_or_slo_miss: completed=47/75 errors=28 elapsed_ms=1011.9'),6
FANOUT,K75,Exception('timeout_or_slo_miss: completed=34/75 errors=41 elapsed_ms=1504.6'),1
FANOUT,K75,Exception('timeout_or_slo_miss: completed=40/75 errors=35 elapsed_ms=1023.4'),1
FANOUT,K75,Exception('timeout_or_slo_miss: completed=50/75 errors=25 elapsed_ms=1006.2'),2
FANOUT,K75,Exception('timeout_or_slo_miss: completed=52/75 errors=23 elapsed_ms=1011.4'),2
FANOUT,K75,Exception('timeout_or_slo_miss: completed=48/75 errors=27 elapsed_ms=1011.5'),5
FANOUT,K75,Exception('timeout_or_slo_miss: completed=53/75 errors=22 elapsed_ms=1008.1'),1
FANOUT,K75,Exception('timeout_or_slo_miss: completed=51/75 errors=24 elapsed_ms=1011.8'),2
FANOUT,K75,Exception('timeout_or_slo_miss: completed=52/75 errors=23 elapsed_ms=1010.3'),1
FANOUT,K75,Exception('timeout_or_slo_miss: completed=53/75 errors=22 elapsed_ms=1016.9'),1
FANOUT,K75,Exception('timeout_or_slo_miss: completed=45/75 errors=30 elapsed_ms=1016.6'),1
FANOUT,K75,Exception('timeout_or_slo_miss: completed=54/75 errors=21 elapsed_ms=1001.4'),2
FANOUT,K75,Exception('timeout_or_slo_miss: completed=50/75 errors=25 elapsed_ms=1011.6'),6
FANOUT,K75,Exception('timeout_or_slo_miss: completed=54/75 errors=21 elapsed_ms=1003.5'),9
FANOUT,K75,Exception('timeout_or_slo_miss: completed=46/75 errors=29 elapsed_ms=1019.5'),1
FANOUT,K75,Exception('timeout_or_slo_miss: completed=53/75 errors=22 elapsed_ms=1002.0'),5
FANOUT,K75,Exception('timeout_or_slo_miss: completed=48/75 errors=27 elapsed_ms=1023.3'),1
FANOUT,K75,Exception('timeout_or_slo_miss: completed=54/75 errors=21 elapsed_ms=1002.4'),10
FANOUT,K75,Exception('timeout_or_slo_miss: completed=44/75 errors=31 elapsed_ms=1017.5'),1
FANOUT,K75,Exception('timeout_or_slo_miss: completed=48/75 errors=27 elapsed_ms=1010.1'),3
FANOUT,K75,Exception('subread_error: completed=55/75 errors=20'),154
FANOUT,K75,Exception('timeout_or_slo_miss: completed=47/75 errors=28 elapsed_ms=1018.1'),1
FANOUT,K75,Exception('timeout_or_slo_miss: completed=49/75 errors=26 elapsed_ms=1007.9'),5
FANOUT,K75,Exception('timeout_or_slo_miss: completed=47/75 errors=28 elapsed_ms=1017.2'),1
FANOUT,K75,Exception('timeout_or_slo_miss: completed=52/75 errors=23 elapsed_ms=1006.5'),2
FANOUT,K75,Exception('timeout_or_slo_miss: completed=45/75 errors=30 elapsed_ms=1019.3'),1
FANOUT,K75,Exception('timeout_or_slo_miss: completed=46/75 errors=29 elapsed_ms=1016.4'),1
FANOUT,K75,Exception('timeout_or_slo_miss: completed=44/75 errors=31 elapsed_ms=1037.9'),1
FANOUT,K75,Exception('timeout_or_slo_miss: completed=48/75 errors=17 elapsed_ms=2443.1'),1
FANOUT,K75,Exception('timeout_or_slo_miss: completed=52/75 errors=23 elapsed_ms=1002.3'),3
FANOUT,K75,Exception('timeout_or_slo_miss: completed=49/75 errors=26 elapsed_ms=1014.1'),3
FANOUT,K75,Exception('timeout_or_slo_miss: completed=54/75 errors=21 elapsed_ms=1003.6'),4
FANOUT,K75,Exception('timeout_or_slo_miss: completed=48/75 errors=27 elapsed_ms=1013.7'),1
FANOUT,K75,Exception('timeout_or_slo_miss: completed=47/75 errors=28 elapsed_ms=1024.7'),1
FANOUT,K75,Exception('timeout_or_slo_miss: completed=43/75 errors=32 elapsed_ms=1026.8'),1
FANOUT,K75,Exception('timeout_or_slo_miss: completed=45/75 errors=30 elapsed_ms=1018.6'),2
FANOUT,K75,Exception('timeout_or_slo_miss: completed=52/75 errors=23 elapsed_ms=1005.5'),3
FANOUT,K75,Exception('timeout_or_slo_miss: completed=52/75 errors=23 elapsed_ms=1006.3'),3
FANOUT,K75,Exception('timeout_or_slo_miss: completed=45/75 errors=30 elapsed_ms=1011.0'),3
FANOUT,K75,Exception('timeout_or_slo_miss: completed=48/75 errors=27 elapsed_ms=1021.2'),1
FANOUT,K75,Exception('timeout_or_slo_miss: completed=45/75 errors=15 elapsed_ms=3849.8'),1
FANOUT,K75,Exception('timeout_or_slo_miss: completed=47/75 errors=28 elapsed_ms=1008.6'),2
FANOUT,K75,Exception('timeout_or_slo_miss: completed=55/75 errors=20 elapsed_ms=1220.6'),1
FANOUT,K75,Exception('timeout_or_slo_miss: completed=50/75 errors=25 elapsed_ms=1006.7'),4
FANOUT,K75,Exception('timeout_or_slo_miss: completed=50/75 errors=25 elapsed_ms=1011.4'),1
FANOUT,K75,Exception('timeout_or_slo_miss: completed=53/75 errors=22 elapsed_ms=1002.9'),9
FANOUT,K75,Exception('timeout_or_slo_miss: completed=51/75 errors=24 elapsed_ms=1015.5'),1
FANOUT,K75,Exception('timeout_or_slo_miss: completed=52/75 errors=23 elapsed_ms=1012.3'),1
FANOUT,K75,Exception('timeout_or_slo_miss: completed=47/75 errors=28 elapsed_ms=1008.3'),1
FANOUT,K75,Exception('timeout_or_slo_miss: completed=47/75 errors=28 elapsed_ms=1021.8'),1
FANOUT,K75,Exception('timeout_or_slo_miss: completed=45/75 errors=30 elapsed_ms=1015.2'),2
FANOUT,K75,Exception('timeout_or_slo_miss: completed=48/75 errors=27 elapsed_ms=1016.7'),3
FANOUT,K75,Exception('timeout_or_slo_miss: completed=50/75 errors=25 elapsed_ms=1267.6'),1
FANOUT,K75,Exception('timeout_or_slo_miss: completed=49/75 errors=26 elapsed_ms=1010.3'),6
FANOUT,K75,Exception('timeout_or_slo_miss: completed=52/75 errors=23 elapsed_ms=1007.3'),4
FANOUT,K75,Exception('timeout_or_slo_miss: completed=54/75 errors=21 elapsed_ms=1010.0'),1
FANOUT,K75,Exception('timeout_or_slo_miss: completed=43/75 errors=32 elapsed_ms=1019.9'),1
FANOUT,K75,Exception('timeout_or_slo_miss: completed=48/75 errors=27 elapsed_ms=1009.3'),3
FANOUT,K75,Exception('timeout_or_slo_miss: completed=43/75 errors=32 elapsed_ms=1026.2'),1
FANOUT,K75,Exception('timeout_or_slo_miss: completed=44/75 errors=31 elapsed_ms=1015.0'),3
FANOUT,K75,Exception('timeout_or_slo_miss: completed=47/75 errors=28 elapsed_ms=1011.2'),3
FANOUT,K75,Exception('timeout_or_slo_miss: completed=51/75 errors=24 elapsed_ms=1007.9'),2
FANOUT,K75,Exception('timeout_or_slo_miss: completed=52/75 errors=23 elapsed_ms=1016.5'),1
FANOUT,K75,Exception('timeout_or_slo_miss: completed=53/75 errors=22 elapsed_ms=1008.4'),2
FANOUT,K75,Exception('timeout_or_slo_miss: completed=44/75 errors=31 elapsed_ms=1035.4'),1
FANOUT,K75,Exception('timeout_or_slo_miss: completed=54/75 errors=21 elapsed_ms=1003.1'),6
FANOUT,K75,Exception('timeout_or_slo_miss: completed=45/75 errors=30 elapsed_ms=1018.1'),5
FANOUT,K75,Exception('timeout_or_slo_miss: completed=44/75 errors=31 elapsed_ms=1041.7'),1
FANOUT,K75,Exception('timeout_or_slo_miss: completed=50/75 errors=25 elapsed_ms=1008.6'),4
FANOUT,K75,Exception('timeout_or_slo_miss: completed=42/75 errors=33 elapsed_ms=1015.9'),1
FANOUT,K75,Exception('timeout_or_slo_miss: completed=53/75 errors=22 elapsed_ms=1002.2'),7
FANOUT,K75,Exception('timeout_or_slo_miss: completed=44/75 errors=31 elapsed_ms=1015.4'),1
FANOUT,K75,Exception('timeout_or_slo_miss: completed=46/75 errors=29 elapsed_ms=1025.4'),1
FANOUT,K75,Exception('timeout_or_slo_miss: completed=42/75 errors=33 elapsed_ms=1027.1'),1
FANOUT,K75,Exception('timeout_or_slo_miss: completed=42/75 errors=33 elapsed_ms=1014.1'),1
FANOUT,K75,Exception('timeout_or_slo_miss: completed=49/75 errors=26 elapsed_ms=1004.4'),1
FANOUT,K75,Exception('timeout_or_slo_miss: completed=46/75 errors=29 elapsed_ms=1101.8'),1
FANOUT,K75,Exception('timeout_or_slo_miss: completed=40/75 errors=35 elapsed_ms=1025.8'),1
FANOUT,K75,Exception('timeout_or_slo_miss: completed=49/75 errors=26 elapsed_ms=1009.2'),2
FANOUT,K75,Exception('timeout_or_slo_miss: completed=47/75 errors=28 elapsed_ms=1084.7'),1
FANOUT,K75,Exception('timeout_or_slo_miss: completed=48/75 errors=27 elapsed_ms=1010.5'),1
FANOUT,K75,Exception('timeout_or_slo_miss: completed=50/75 errors=25 elapsed_ms=1014.9'),1
FANOUT,K75,Exception('timeout_or_slo_miss: completed=47/75 errors=28 elapsed_ms=1010.2'),1
FANOUT,K75,Exception('timeout_or_slo_miss: completed=53/75 errors=22 elapsed_ms=1002.8'),11
FANOUT,K75,Exception('timeout_or_slo_miss: completed=52/75 errors=23 elapsed_ms=1003.3'),1
FANOUT,K75,Exception('timeout_or_slo_miss: completed=41/75 errors=34 elapsed_ms=1021.0'),1
FANOUT,K75,Exception('timeout_or_slo_miss: completed=52/75 errors=23 elapsed_ms=1002.9'),5
FANOUT,K75,Exception('timeout_or_slo_miss: completed=47/75 errors=28 elapsed_ms=1013.9'),2
FANOUT,K75,Exception('timeout_or_slo_miss: completed=48/75 errors=27 elapsed_ms=1011.4'),3
FANOUT,K75,Exception('timeout_or_slo_miss: completed=50/75 errors=25 elapsed_ms=1010.0'),1
FANOUT,K75,Exception('timeout_or_slo_miss: completed=44/75 errors=31 elapsed_ms=1023.9'),1
FANOUT,K75,Exception('timeout_or_slo_miss: completed=44/75 errors=31 elapsed_ms=1014.5'),1
FANOUT,K75,Exception('timeout_or_slo_miss: completed=50/75 errors=25 elapsed_ms=1015.0'),2
FANOUT,K75,Exception('timeout_or_slo_miss: completed=44/75 errors=31 elapsed_ms=1025.7'),1
FANOUT,K75,Exception('timeout_or_slo_miss: completed=43/75 errors=32 elapsed_ms=1013.8'),1
FANOUT,K75,Exception('timeout_or_slo_miss: completed=47/75 errors=28 elapsed_ms=1015.5'),3
FANOUT,K75,Exception('timeout_or_slo_miss: completed=39/75 errors=36 elapsed_ms=1018.3'),1
FANOUT,K75,Exception('timeout_or_slo_miss: completed=47/75 errors=28 elapsed_ms=1052.8'),1
FANOUT,K75,Exception('timeout_or_slo_miss: completed=48/75 errors=27 elapsed_ms=1011.0'),1
FANOUT,K75,Exception('timeout_or_slo_miss: completed=49/75 errors=26 elapsed_ms=1018.1'),1
FANOUT,K75,Exception('timeout_or_slo_miss: completed=47/75 errors=28 elapsed_ms=1011.3'),5
FANOUT,K75,Exception('timeout_or_slo_miss: completed=48/75 errors=27 elapsed_ms=1011.8'),2
FANOUT,K75,Exception('timeout_or_slo_miss: completed=43/75 errors=32 elapsed_ms=1018.7'),1
FANOUT,K75,Exception('timeout_or_slo_miss: completed=53/75 errors=22 elapsed_ms=1001.9'),5
FANOUT,K75,Exception('timeout_or_slo_miss: completed=70/75 errors=0 elapsed_ms=1327.3'),1
FANOUT,K75,Exception('timeout_or_slo_miss: completed=46/75 errors=29 elapsed_ms=1014.9'),4
FANOUT,K75,Exception('timeout_or_slo_miss: completed=49/75 errors=26 elapsed_ms=1010.7'),2
FANOUT,K75,Exception('timeout_or_slo_miss: completed=41/75 errors=34 elapsed_ms=1020.8'),1
FANOUT,K75,Exception('timeout_or_slo_miss: completed=44/75 errors=31 elapsed_ms=1017.7'),1
FANOUT,K75,Exception('timeout_or_slo_miss: completed=48/75 errors=27 elapsed_ms=1013.1'),4
FANOUT,K75,Exception('timeout_or_slo_miss: completed=49/75 errors=26 elapsed_ms=1015.6'),2
FANOUT,K75,Exception('timeout_or_slo_miss: completed=49/75 errors=26 elapsed_ms=1009.7'),2
FANOUT,K75,Exception('timeout_or_slo_miss: completed=50/75 errors=25 elapsed_ms=1022.5'),1
FANOUT,K75,Exception('timeout_or_slo_miss: completed=50/75 errors=25 elapsed_ms=1021.3'),1
FANOUT,K75,Exception('timeout_or_slo_miss: completed=51/75 errors=24 elapsed_ms=1010.5'),3
FANOUT,K75,Exception('timeout_or_slo_miss: completed=48/75 errors=27 elapsed_ms=1016.2'),3
FANOUT,K75,Exception('timeout_or_slo_miss: completed=52/75 errors=23 elapsed_ms=1011.0'),1
FANOUT,K75,Exception('timeout_or_slo_miss: completed=53/75 errors=22 elapsed_ms=1001.6'),4
FANOUT,K75,Exception('timeout_or_slo_miss: completed=45/75 errors=30 elapsed_ms=1015.1'),1
FANOUT,K75,Exception('timeout_or_slo_miss: completed=42/75 errors=33 elapsed_ms=1018.4'),1
FANOUT,K75,Exception('timeout_or_slo_miss: completed=51/75 errors=24 elapsed_ms=1012.5'),2
FANOUT,K75,Exception('timeout_or_slo_miss: completed=53/75 errors=22 elapsed_ms=1003.6'),3
FANOUT,K75,Exception('timeout_or_slo_miss: completed=47/75 errors=28 elapsed_ms=1015.4'),3
FANOUT,K75,Exception('timeout_or_slo_miss: completed=43/75 errors=32 elapsed_ms=1016.1'),1
FANOUT,K75,Exception('timeout_or_slo_miss: completed=40/75 errors=35 elapsed_ms=1020.2'),1
FANOUT,K75,Exception('timeout_or_slo_miss: completed=53/75 errors=22 elapsed_ms=1005.8'),2
FANOUT,K75,Exception('timeout_or_slo_miss: completed=53/75 errors=22 elapsed_ms=1008.0'),2
FANOUT,K75,Exception('timeout_or_slo_miss: completed=48/75 errors=27 elapsed_ms=1009.5'),5
FANOUT,K75,Exception('timeout_or_slo_miss: completed=38/75 errors=18 elapsed_ms=11137.2'),1
FANOUT,K75,Exception('timeout_or_slo_miss: completed=52/75 errors=23 elapsed_ms=1007.7'),7
FANOUT,K75,Exception('timeout_or_slo_miss: completed=52/75 errors=23 elapsed_ms=1004.7'),3
FANOUT,K75,Exception('timeout_or_slo_miss: completed=50/75 errors=25 elapsed_ms=1013.8'),4
FANOUT,K75,Exception('timeout_or_slo_miss: completed=51/75 errors=24 elapsed_ms=1004.4'),1
FANOUT,K75,Exception('timeout_or_slo_miss: completed=54/75 errors=21 elapsed_ms=1003.9'),4
FANOUT,K75,Exception('timeout_or_slo_miss: completed=44/75 errors=31 elapsed_ms=1014.7'),2
FANOUT,K75,Exception('timeout_or_slo_miss: completed=53/75 errors=22 elapsed_ms=1011.3'),1
FANOUT,K75,Exception('timeout_or_slo_miss: completed=53/75 errors=22 elapsed_ms=1008.2'),3
