Timestamp,User Count,Type,Name,Requests/s,Failures/s,50%,66%,75%,80%,90%,95%,98%,99%,99.9%,99.99%,100%,Total Request Count,Total Failure Count,Total Median Response Time,Total Average Response Time,Total Min Response Time,Total Max Response Time,Total Average Content Size
1774126158,0,,Aggregated,0.000000,0.000000,N/A,N/A,N/A,N/A,N/A,N/A,N/A,N/A,N/A,N/A,N/A,0,0,0,0.0,0,0,0
1774126159,10,,Aggregated,0.000000,0.000000,N/A,N/A,N/A,N/A,N/A,N/A,N/A,N/A,N/A,N/A,N/A,0,0,0,0.0,0,0,0
1774126160,10,,Aggregated,0.000000,0.000000,N/A,N/A,N/A,N/A,N/A,N/A,N/A,N/A,N/A,N/A,N/A,0,0,0,0.0,0,0,0
1774126161,10,,Aggregated,0.000000,0.000000,N/A,N/A,N/A,N/A,N/A,N/A,N/A,N/A,N/A,N/A,N/A,0,0,0,0.0,0,0,0
1774126162,10,,Aggregated,0.000000,0.000000,N/A,N/A,N/A,N/A,N/A,N/A,N/A,N/A,N/A,N/A,N/A,0,0,0,0.0,0,0,0
1774126163,10,,Aggregated,0.000000,0.000000,N/A,N/A,N/A,N/A,N/A,N/A,N/A,N/A,N/A,N/A,N/A,0,0,0,0.0,0,0,0
1774126164,10,,Aggregated,0.000000,0.000000,N/A,N/A,N/A,N/A,N/A,N/A,N/A,N/A,N/A,N/A,N/A,0,0,0,0.0,0,0,0
1774126165,10,,Aggregated,0.000000,0.000000,N/A,N/A,N/A,N/A,N/A,N/A,N/A,N/A,N/A,N/A,N/A,0,0,0,0.0,0,0,0
1774126166,10,,Aggregated,0.000000,0.000000,N/A,N/A,N/A,N/A,N/A,N/A,N/A,N/A,N/A,N/A,N/A,0,0,0,0.0,0,0,0
1774126167,10,,Aggregated,0.000000,0.000000,N/A,N/A,N/A,N/A,N/A,N/A,N/A,N/A,N/A,N/A,N/A,0,0,0,0.0,0,0,0
1774126168,10,,Aggregated,0.000000,0.000000,N/A,N/A,N/A,N/A,N/A,N/A,N/A,N/A,N/A,N/A,N/A,0,0,0,0.0,0,0,0
1774126169,10,,Aggregated,0.000000,0.000000,N/A,N/A,N/A,N/A,N/A,N/A,N/A,N/A,N/A,N/A,N/A,0,0,0,0.0,0,0,0
1774126170,10,,Aggregated,0.000000,0.000000,N/A,N/A,N/A,N/A,N/A,N/A,N/A,N/A,N/A,N/A,N/A,0,0,0,0.0,0,0,0
1774126171,10,,Aggregated,0.000000,0.000000,N/A,N/A,N/A,N/A,N/A,N/A,N/A,N/A,N/A,N/A,N/A,0,0,0,0.0,0,0,0
1774126172,10,,Aggregated,0.000000,0.000000,N/A,N/A,N/A,N/A,N/A,N/A,N/A,N/A,N/A,N/A,N/A,0,0,0,0.0,0,0,0
1774126173,10,,Aggregated,0.000000,0.000000,15000,15000,15000,15000,15000,15000,15000,15000,15000,15000,15000,4,4,14370.280768999692,14473.08605174976,14370.280768999692,14573.407666999628,0.0
1774126174,10,,Aggregated,0.000000,0.000000,15000,15000,15000,15000,15000,15000,15000,15000,15000,15000,15000,4,4,14370.280768999692,14473.08605174976,14370.280768999692,14573.407666999628,0.0
1774126175,10,,Aggregated,0.000000,0.000000,15000,15000,15000,15000,15000,15000,15000,15000,15000,15000,15000,4,4,14370.280768999692,14473.08605174976,14370.280768999692,14573.407666999628,0.0
1774126176,10,,Aggregated,0.000000,0.000000,15000,15000,15000,15000,15000,15000,15000,15000,15000,15000,15000,4,4,14370.280768999692,14473.08605174976,14370.280768999692,14573.407666999628,0.0
1774126177,10,,Aggregated,0.400000,0.400000,15000,15000,15000,18000,18000,18000,18000,18000,18000,18000,18000,5,5,15000.0,15253.87520219974,14370.280768999692,18377.03180399967,0.0
1774126178,10,,Aggregated,0.400000,0.400000,15000,15000,18000,18000,20000,20000,20000,20000,20000,20000,20000,6,6,15000.0,16030.976042666525,14370.280768999692,19916.480245000457,0.0
1774126179,10,,Aggregated,0.400000,0.400000,15000,18000,20000,20000,20000,20000,20000,20000,20000,20000,20000,7,7,15000.0,16623.52019299994,14370.280768999692,20178.78509500042,0.0
1774126180,10,,Aggregated,0.500000,0.500000,20000,20000,21000,21000,21000,21000,21000,21000,21000,21000,21000,10,10,18000.0,18022.808740999968,14370.280768999692,21427.157361000354,0.0
1774126181,10,,Aggregated,0.500000,0.500000,20000,20000,21000,21000,21000,21000,21000,21000,21000,21000,21000,10,10,18000.0,18022.808740999968,14370.280768999692,21427.157361000354,0.0
1774126182,10,,Aggregated,0.500000,0.500000,20000,20000,21000,21000,21000,21000,21000,21000,21000,21000,21000,10,10,18000.0,18022.808740999968,14370.280768999692,21427.157361000354,0.0
1774126183,10,,Aggregated,0.500000,0.500000,20000,20000,21000,21000,21000,21000,21000,21000,21000,21000,21000,10,10,18000.0,18022.808740999968,14370.280768999692,21427.157361000354,0.0
1774126184,10,,Aggregated,0.500000,0.500000,20000,20000,21000,21000,21000,21000,21000,21000,21000,21000,21000,10,10,18000.0,18022.808740999968,14370.280768999692,21427.157361000354,0.0
1774126185,10,,Aggregated,0.500000,0.500000,20000,20000,21000,21000,21000,21000,21000,21000,21000,21000,21000,10,10,18000.0,18022.808740999968,14370.280768999692,21427.157361000354,0.0
1774126186,10,,Aggregated,0.500000,0.500000,20000,20000,21000,21000,21000,21000,21000,21000,21000,21000,21000,10,10,18000.0,18022.808740999968,14370.280768999692,21427.157361000354,0.0
1774126187,10,,Aggregated,0.500000,0.500000,20000,20000,21000,21000,21000,21000,21000,21000,21000,21000,21000,10,10,18000.0,18022.808740999968,14370.280768999692,21427.157361000354,0.0
1774126188,10,,Aggregated,0.500000,0.500000,20000,20000,21000,21000,21000,21000,21000,21000,21000,21000,21000,10,10,18000.0,18022.808740999968,14370.280768999692,21427.157361000354,0.0
1774126189,10,,Aggregated,0.500000,0.500000,20000,20000,21000,21000,21000,21000,21000,21000,21000,21000,21000,10,10,18000.0,18022.808740999968,14370.280768999692,21427.157361000354,0.0
1774126190,10,,Aggregated,0.500000,0.500000,20000,20000,21000,21000,21000,21000,21000,21000,21000,21000,21000,10,10,18000.0,18022.808740999968,14370.280768999692,21427.157361000354,0.0
1774126191,10,,Aggregated,0.300000,0.300000,18000,20000,21000,21000,21000,21000,21000,21000,21000,21000,21000,11,11,18000.0,18021.783620727296,14370.280768999692,21427.157361000354,0.0
1774126192,10,,Aggregated,0.000000,0.000000,18000,20000,21000,21000,21000,21000,21000,21000,21000,21000,21000,12,12,18000.0,17768.84543675002,14370.280768999692,21427.157361000354,0.0
1774126193,10,,Aggregated,0.000000,0.000000,19000,20000,20000,21000,21000,21000,21000,21000,21000,21000,21000,14,14,18000.0,18027.206928571428,14370.280768999692,21427.157361000354,0.0
1774126194,10,,Aggregated,0.000000,0.000000,19000,20000,20000,21000,21000,21000,21000,21000,21000,21000,21000,14,14,18000.0,18027.206928571428,14370.280768999692,21427.157361000354,0.0
1774126195,10,,Aggregated,0.100000,0.100000,19000,20000,21000,21000,21000,22000,22000,22000,22000,22000,22000,16,16,18000.0,18135.60641150002,14370.280768999692,21563.816005999797,0.0
1774126196,10,,Aggregated,0.100000,0.100000,19000,20000,21000,21000,21000,22000,22000,22000,22000,22000,22000,16,16,18000.0,18135.60641150002,14370.280768999692,21563.816005999797,0.0
1774126197,10,,Aggregated,0.100000,0.100000,19000,20000,21000,21000,21000,22000,22000,22000,22000,22000,22000,16,16,18000.0,18135.60641150002,14370.280768999692,21563.816005999797,0.0
1774126198,10,,Aggregated,0.600000,0.600000,18000,20000,20000,21000,21000,22000,22000,22000,22000,22000,22000,17,17,18000.0,18095.73768623533,14370.280768999692,21563.816005999797,0.0
1774126199,10,,Aggregated,0.600000,0.600000,19000,20000,20000,21000,21000,22000,22000,22000,22000,22000,22000,18,18,18000.0,18216.32923600004,14370.280768999692,21563.816005999797,0.0
1774126200,10,,Aggregated,0.600000,0.600000,19000,20000,20000,21000,21000,22000,22000,22000,22000,22000,22000,20,20,19000.0,18345.481115450002,14370.280768999692,21563.816005999797,0.0
1774126201,10,,Aggregated,0.600000,0.600000,19000,20000,20000,21000,21000,22000,22000,22000,22000,22000,22000,20,20,19000.0,18345.481115450002,14370.280768999692,21563.816005999797,0.0
1774126202,10,,Aggregated,0.600000,0.600000,19000,20000,20000,21000,21000,22000,22000,22000,22000,22000,22000,20,20,19000.0,18345.481115450002,14370.280768999692,21563.816005999797,0.0
1774126203,10,,Aggregated,1.000000,1.000000,19000,20000,20000,20000,21000,21000,22000,22000,22000,22000,22000,21,21,19000.0,17866.603380380962,8289.048679000189,21563.816005999797,0.0
1774126204,10,,Aggregated,1.000000,1.000000,19000,20000,20000,20000,21000,21000,22000,22000,22000,22000,22000,21,21,19000.0,17866.603380380962,8289.048679000189,21563.816005999797,0.0
1774126205,10,,Aggregated,1.000000,1.000000,19000,20000,20000,20000,21000,21000,22000,22000,22000,22000,22000,21,21,19000.0,17866.603380380962,8289.048679000189,21563.816005999797,0.0
1774126206,10,,Aggregated,1.000000,1.000000,19000,20000,20000,20000,21000,21000,22000,22000,22000,22000,22000,21,21,19000.0,17866.603380380962,8289.048679000189,21563.816005999797,0.0
1774126207,10,,Aggregated,0.500000,0.500000,19000,20000,20000,20000,21000,21000,22000,22000,22000,22000,22000,22,22,18000.0,17727.766190045466,8289.048679000189,21563.816005999797,0.0
1774126208,10,,Aggregated,0.500000,0.500000,18000,20000,20000,20000,21000,21000,22000,22000,22000,22000,22000,24,24,18000.0,17455.422039416702,8289.048679000189,21563.816005999797,0.0
1774126209,10,,Aggregated,0.500000,0.500000,18000,20000,20000,20000,21000,21000,22000,22000,22000,22000,22000,25,25,18000.0,17398.062111760042,8289.048679000189,21563.816005999797,0.0
1774126210,10,,Aggregated,0.600000,0.600000,17000,19000,20000,20000,21000,21000,22000,22000,22000,22000,22000,27,27,17000.0,16809.77351044445,6597.221543999694,21563.816005999797,0.0
1774126211,10,,Aggregated,0.800000,0.800000,16000,19000,20000,20000,21000,21000,22000,22000,22000,22000,22000,29,29,16000.0,15830.456512931016,2233.2632009993176,21563.816005999797,0.0
1774126212,10,,Aggregated,0.500000,0.500000,16000,19000,20000,20000,21000,21000,22000,22000,22000,22000,22000,31,31,16000.0,15804.698621064477,2233.2632009993176,21563.816005999797,0.0
1774126213,10,,Aggregated,0.700000,0.700000,16000,18000,20000,20000,21000,21000,22000,22000,22000,22000,22000,36,36,15000.0,14351.395289222206,1303.8742540002204,21563.816005999797,0.0
1774126214,10,,Aggregated,1.000000,1.000000,15000,18000,19000,20000,21000,21000,22000,22000,22000,22000,22000,38,38,15000.0,14076.728819710508,1303.8742540002204,21563.816005999797,0.0
1774126215,10,,Aggregated,1.300000,1.300000,15000,17000,19000,20000,20000,21000,22000,22000,22000,22000,22000,42,42,15000.0,12936.92010442856,1303.8742540002204,21563.816005999797,0.0
1774126216,10,,Aggregated,1.500000,1.500000,15000,17000,19000,20000,20000,21000,22000,22000,22000,22000,22000,44,44,15000.0,12509.88549524998,1303.8742540002204,21563.816005999797,0.0
1774126217,10,,Aggregated,1.800000,1.800000,14000,16000,18000,19000,20000,21000,22000,22000,22000,22000,22000,49,49,14000.0,11448.670211857141,1259.6791639998628,21563.816005999797,0.0
1774126218,10,,Aggregated,2.100000,2.100000,14000,16000,18000,19000,20000,21000,21000,22000,22000,22000,22000,51,51,14000.0,11162.475907549036,1259.6791639998628,21563.816005999797,0.0
1774126219,10,,Aggregated,2.600000,2.600000,12000,15000,17000,19000,20000,21000,21000,22000,22000,22000,22000,57,57,12000.0,10180.82454815791,1259.6791639998628,21563.816005999797,0.0
1774126220,10,,Aggregated,2.700000,2.700000,5900,15000,16000,18000,20000,21000,21000,22000,22000,22000,22000,63,63,5900.0,9407.533644111141,1023.3359010007916,21563.816005999797,0.0
1774126221,10,,Aggregated,3.000000,3.000000,4900,14000,16000,18000,20000,21000,21000,22000,22000,22000,22000,68,68,4500.0,8850.478099147078,1023.3359010007916,21563.816005999797,0.0
1774126222,10,,Aggregated,3.400000,3.400000,4100,14000,15000,17000,20000,21000,21000,22000,22000,22000,22000,74,74,3800.0,8246.945413418942,1023.3359010007916,21563.816005999797,0.0
1774126223,10,,Aggregated,3.800000,3.800000,3500,12000,15000,16000,20000,21000,21000,22000,22000,22000,22000,80,80,3000.0,7731.708304600031,1023.3359010007916,21563.816005999797,0.0
1774126224,10,,Aggregated,4.100000,4.100000,2600,12000,15000,16000,20000,20000,21000,22000,22000,22000,22000,85,85,2600.0,7354.002980764741,1023.3359010007916,21563.816005999797,0.0
1774126225,10,,Aggregated,4.300000,4.300000,2100,5900,14000,15000,19000,20000,21000,22000,22000,22000,22000,93,93,2100.0,6846.872843569923,1023.3359010007916,21563.816005999797,0.0
1774126226,10,,Aggregated,4.600000,4.600000,2000,5600,14000,15000,19000,20000,21000,22000,22000,22000,22000,97,97,2000.0,6614.063455247444,1023.3359010007916,21563.816005999797,0.0
1774126227,10,,Aggregated,4.800000,4.800000,2000,4500,14000,15000,19000,20000,21000,21000,22000,22000,22000,102,102,2000.0,6351.537811882376,1023.3359010007916,21563.816005999797,0.0
1774126228,10,,Aggregated,5.100000,5.100000,1900,3800,12000,15000,19000,20000,21000,21000,22000,22000,22000,110,110,1900.0,5991.719237000024,1023.3359010007916,21563.816005999797,0.0
1774126229,10,,Aggregated,5.300000,5.300000,1900,3600,12000,15000,19000,20000,21000,21000,22000,22000,22000,114,114,1800.0,5825.286515964944,1023.3359010007916,21563.816005999797,0.0
1774126230,10,,Aggregated,5.500000,5.500000,1800,2800,6600,14000,18000,20000,21000,21000,22000,22000,22000,121,121,1800.0,5577.017783454576,1023.3359010007916,21563.816005999797,0.0
1774126231,10,,Aggregated,5.600000,5.600000,1500,2400,5900,14000,18000,20000,21000,21000,22000,22000,22000,127,127,1500.0,5370.655596181131,1019.3620499994722,21563.816005999797,0.0
1774126232,10,,Aggregated,5.800000,5.800000,1500,2400,5600,13000,18000,20000,21000,21000,22000,22000,22000,132,132,1500.0,5222.810813984866,1019.3620499994722,21563.816005999797,0.0
1774126233,10,,Aggregated,5.800000,5.800000,1500,2200,4500,12000,18000,20000,21000,21000,22000,22000,22000,138,138,1500.0,5046.465424956537,1019.3620499994722,21563.816005999797,0.0
1774126234,10,,Aggregated,5.700000,5.700000,1500,2000,4100,8300,17000,20000,21000,21000,22000,22000,22000,146,146,1500.0,4846.82774927398,1019.3620499994722,21563.816005999797,0.0
1774126235,10,,Aggregated,6.000000,6.000000,1500,2000,3800,8300,17000,20000,21000,21000,22000,22000,22000,150,150,1500.0,4754.130053426673,1019.3620499994722,21563.816005999797,0.0
1774126236,10,,Aggregated,5.700000,5.700000,1500,2000,3600,5900,16000,20000,21000,21000,22000,22000,22000,156,156,1500.0,4615.857795301301,1016.6670919998069,21563.816005999797,0.0
1774126237,10,,Aggregated,6.100000,6.100000,1400,2000,3000,5600,16000,20000,21000,21000,22000,22000,22000,163,163,1400.0,4475.449643214727,1016.6670919998069,21563.816005999797,0.0
1774126238,10,,Aggregated,5.900000,5.900000,1400,2000,2800,4900,16000,20000,21000,21000,22000,22000,22000,168,168,1400.0,4387.191685583337,1016.6670919998069,21563.816005999797,0.0
1774126239,10,,Aggregated,5.800000,5.800000,1300,2000,2600,4500,16000,20000,21000,21000,22000,22000,22000,175,175,1300.0,4266.063863988579,1016.6670919998069,21563.816005999797,0.0
1774126240,10,,Aggregated,6.100000,6.100000,1300,1900,2400,4100,15000,19000,21000,21000,22000,22000,22000,181,181,1300.0,4167.530080651935,1016.6670919998069,21563.816005999797,0.0
1774126241,10,,Aggregated,5.800000,5.800000,1300,1900,2300,3800,15000,19000,21000,21000,22000,22000,22000,186,186,1300.0,4087.2202563387095,1016.6670919998069,21563.816005999797,0.0
1774126242,10,,Aggregated,6.000000,6.000000,1300,1900,2200,3600,15000,19000,21000,21000,22000,22000,22000,193,193,1300.0,3985.0504985388666,1007.6039180003136,21563.816005999797,0.0
1774126243,10,,Aggregated,6.000000,6.000000,1300,1800,2200,3500,15000,19000,21000,21000,22000,22000,22000,199,199,1300.0,3907.095777678395,1007.6039180003136,21563.816005999797,0.0
1774126244,10,,Aggregated,6.000000,6.000000,1300,1800,2200,3000,15000,19000,20000,21000,22000,22000,22000,205,205,1300.0,3834.0750920682954,1007.6039180003136,21563.816005999797,0.0
1774126245,10,,Aggregated,5.800000,5.800000,1300,1800,2200,2600,15000,19000,20000,21000,22000,22000,22000,212,212,1300.0,3748.9677388962295,1007.6039180003136,21563.816005999797,0.0
1774126246,10,,Aggregated,6.200000,6.200000,1300,1800,2100,2600,15000,19000,20000,21000,22000,22000,22000,216,216,1300.0,3703.204772023156,1007.6039180003136,21563.816005999797,0.0
1774126247,10,,Aggregated,5.700000,5.700000,1300,1600,2100,2400,15000,19000,20000,21000,22000,22000,22000,223,223,1300.0,3624.6979470224273,1007.6039180003136,21563.816005999797,0.0
1774126248,10,,Aggregated,6.000000,6.000000,1300,1500,2000,2400,14000,19000,20000,21000,22000,22000,22000,231,231,1300.0,3548.700488766245,1007.6039180003136,21563.816005999797,0.0
1774126249,10,,Aggregated,6.100000,6.100000,1300,1500,2000,2400,14000,19000,20000,21000,22000,22000,22000,235,235,1300.0,3509.0325427574644,1007.6039180003136,21563.816005999797,0.0
1774126250,10,,Aggregated,5.800000,5.800000,1300,1500,2000,2200,14000,18000,20000,21000,22000,22000,22000,241,241,1300.0,3456.5659250954545,1007.6039180003136,21563.816005999797,0.0
1774126251,10,,Aggregated,6.200000,6.200000,1300,1500,2000,2200,14000,18000,20000,21000,22000,22000,22000,248,248,1300.0,3395.91893310083,1007.6039180003136,21563.816005999797,0.0
1774126252,10,,Aggregated,5.900000,5.900000,1300,1500,2000,2200,14000,18000,20000,21000,22000,22000,22000,252,252,1300.0,3360.7004504127253,1007.6039180003136,21563.816005999797,0.0
1774126253,10,,Aggregated,5.900000,5.900000,1300,1500,2000,2200,14000,18000,20000,21000,22000,22000,22000,259,259,1300.0,3311.5600395367032,1007.6039180003136,21563.816005999797,0.0
1774126254,10,,Aggregated,6.000000,6.000000,1300,1500,2000,2200,13000,18000,20000,21000,22000,22000,22000,264,264,1300.0,3271.094148136383,1007.6039180003136,21563.816005999797,0.0
1774126255,10,,Aggregated,6.000000,6.000000,1300,1500,2000,2200,13000,18000,20000,21000,22000,22000,22000,270,270,1300.0,3225.7805346555783,1007.6039180003136,21563.816005999797,0.0
1774126256,10,,Aggregated,5.900000,5.900000,1300,1500,2000,2200,12000,18000,20000,21000,22000,22000,22000,278,278,1300.0,3175.2176852626126,1007.6039180003136,21563.816005999797,0.0
1774126257,10,,Aggregated,6.100000,6.100000,1300,1500,2000,2200,12000,17000,20000,21000,22000,22000,22000,282,282,1300.0,3147.169623985839,1007.6039180003136,21563.816005999797,0.0
1774126258,10,,Aggregated,6.100000,6.100000,1300,1500,1900,2200,12000,17000,20000,21000,22000,22000,22000,289,289,1300.0,3102.7743948823686,1007.6039180003136,21563.816005999797,0.0
1774126259,10,,Aggregated,5.900000,5.900000,1300,1500,1900,2200,8300,17000,20000,21000,22000,22000,22000,296,296,1300.0,3061.600018466238,1007.6039180003136,21563.816005999797,0.0
1774126260,10,,Aggregated,5.900000,5.900000,1300,1500,1900,2200,8300,17000,20000,21000,22000,22000,22000,300,300,1300.0,3037.1424848433535,1007.6039180003136,21563.816005999797,0.0
1774126261,10,,Aggregated,6.000000,6.000000,1300,1500,1900,2100,6600,16000,20000,21000,22000,22000,22000,308,308,1300.0,2996.2909556169034,1007.6039180003136,21563.816005999797,0.0
1774126262,10,,Aggregated,6.100000,6.100000,1300,1500,1900,2100,5900,16000,20000,21000,22000,22000,22000,311,311,1300.0,2979.1179381897286,1007.6039180003136,21563.816005999797,0.0
1774126263,10,,Aggregated,5.900000,5.900000,1300,1500,1900,2100,5900,16000,20000,21000,22000,22000,22000,319,319,1300.0,2938.5363352163176,1007.6039180003136,21563.816005999797,0.0
1774126264,10,,Aggregated,6.100000,6.100000,1300,1500,1900,2000,5600,16000,20000,21000,22000,22000,22000,326,326,1300.0,2906.358961515353,1007.6039180003136,21563.816005999797,0.0
1774126265,10,,Aggregated,5.900000,5.900000,1300,1500,1900,2000,5600,16000,20000,21000,22000,22000,22000,330,330,1300.0,2888.3629193000193,1007.6039180003136,21563.816005999797,0.0
1774126266,10,,Aggregated,6.000000,6.000000,1300,1500,1800,2000,4900,16000,20000,21000,22000,22000,22000,338,338,1300.0,2853.735469183451,1007.6039180003136,21563.816005999797,0.0
1774126267,10,,Aggregated,6.100000,6.100000,1300,1500,1800,2000,4500,16000,20000,21000,22000,22000,22000,341,341,1300.0,2838.602030214099,1007.6039180003136,21563.816005999797,0.0
1774126268,10,,Aggregated,5.700000,5.700000,1300,1500,1800,2000,4500,16000,20000,21000,22000,22000,22000,348,348,1300.0,2809.405102525894,1007.6039180003136,21563.816005999797,0.0
1774126269,10,,Aggregated,6.000000,6.000000,1300,1500,1800,2000,4400,16000,20000,21000,22000,22000,22000,354,354,1300.0,2786.9052740819534,1007.6039180003136,21563.816005999797,0.0
1774126270,10,,Aggregated,6.100000,6.100000,1300,1500,1800,2000,4400,16000,20000,21000,22000,22000,22000,360,360,1300.0,2763.859529788923,1007.6039180003136,21563.816005999797,0.0
1774126271,10,,Aggregated,5.700000,5.700000,1300,1400,1800,2000,4100,15000,20000,21000,22000,22000,22000,366,366,1300.0,2737.407438489106,1007.6039180003136,21563.816005999797,0.0
1774126272,10,,Aggregated,5.900000,5.900000,1300,1400,1800,2000,3800,15000,20000,21000,22000,22000,22000,372,372,1300.0,2716.3884190403573,1007.6039180003136,21563.816005999797,0.0
1774126273,10,,Aggregated,6.000000,6.000000,1300,1400,1800,2000,3800,15000,20000,21000,22000,22000,22000,377,377,1300.0,2697.2078671804084,1007.6039180003136,21563.816005999797,0.0
1774126274,10,,Aggregated,5.800000,5.800000,1300,1400,1800,2000,3600,15000,20000,21000,22000,22000,22000,385,385,1300.0,2670.9673643532797,1007.6039180003136,21563.816005999797,0.0
1774126275,10,,Aggregated,6.100000,6.100000,1300,1400,1700,2000,3500,15000,20000,21000,22000,22000,22000,391,391,1300.0,2649.618055163718,1007.6039180003136,21563.816005999797,0.0
1774126276,10,,Aggregated,5.800000,5.800000,1300,1400,1700,2000,3500,15000,20000,21000,22000,22000,22000,396,396,1300.0,2631.831311911652,1007.6039180003136,21563.816005999797,0.0
1774126277,10,,Aggregated,6.000000,6.000000,1300,1400,1600,2000,3000,15000,20000,20000,22000,22000,22000,404,404,1300.0,2605.786013081719,1007.6039180003136,21563.816005999797,0.0
1774126278,10,,Aggregated,6.100000,6.100000,1300,1400,1500,2000,3000,15000,20000,20000,22000,22000,22000,407,407,1300.0,2594.800278909123,1007.6039180003136,21563.816005999797,0.0
1774126279,10,,Aggregated,5.800000,5.800000,1300,1400,1500,2000,2800,15000,20000,20000,22000,22000,22000,414,414,1300.0,2573.6483502609003,1007.6039180003136,21563.816005999797,0.0
1774126280,10,,Aggregated,6.100000,6.100000,1300,1400,1500,2000,2800,15000,20000,20000,22000,22000,22000,419,419,1300.0,2560.2629452816573,1007.6039180003136,21563.816005999797,0.0
1774126281,10,,Aggregated,6.000000,6.000000,1300,1400,1500,2000,2700,15000,20000,20000,22000,22000,22000,425,425,1300.0,2541.0690048847364,1007.6039180003136,21563.816005999797,0.0
1774126282,10,,Aggregated,5.800000,5.800000,1300,1400,1500,2000,2700,15000,20000,20000,22000,22000,22000,433,433,1300.0,2522.741006648994,1007.6039180003136,21563.816005999797,0.0
1774126283,10,,Aggregated,6.000000,6.000000,1300,1400,1500,1900,2700,15000,20000,20000,22000,22000,22000,437,437,1300.0,2510.619402219714,1007.6039180003136,21563.816005999797,0.0
1774126284,10,,Aggregated,5.900000,5.900000,1300,1400,1500,1900,2600,15000,20000,20000,22000,22000,22000,443,443,1300.0,2495.369036638861,1007.6039180003136,21563.816005999797,0.0
1774126285,10,,Aggregated,5.900000,5.900000,1300,1400,1500,1900,2600,15000,20000,20000,22000,22000,22000,449,449,1300.0,2480.195793897586,1007.6039180003136,21563.816005999797,0.0
1774126286,10,,Aggregated,5.900000,5.900000,1300,1400,1500,1900,2600,15000,19000,20000,22000,22000,22000,455,455,1300.0,2465.455165556079,1007.6039180003136,21563.816005999797,0.0
1774126287,10,,Aggregated,5.700000,5.700000,1300,1400,1500,1900,2600,15000,19000,20000,22000,22000,22000,460,460,1300.0,2451.6448448239476,1007.6039180003136,21563.816005999797,0.0
1774126288,10,,Aggregated,5.900000,5.900000,1300,1400,1500,1900,2500,14000,19000,20000,22000,22000,22000,466,466,1200.0,2437.1810752768592,1007.6039180003136,21563.816005999797,0.0
1774126289,10,,Aggregated,6.000000,6.000000,1200,1400,1500,1900,2500,14000,19000,20000,22000,22000,22000,473,473,1200.0,2421.7157505433725,1007.6039180003136,21563.816005999797,0.0
1774126290,10,,Aggregated,5.500000,5.500000,1300,1400,1500,1900,2500,14000,19000,20000,22000,22000,22000,479,479,1300.0,2409.8310174321796,1007.6039180003136,21563.816005999797,0.0
1774126291,10,,Aggregated,5.800000,5.800000,1300,1400,1500,1900,2400,14000,19000,20000,22000,22000,22000,485,485,1300.0,2397.5264330144623,1007.6039180003136,21563.816005999797,0.0
1774126292,10,,Aggregated,6.000000,6.000000,1200,1400,1500,1900,2400,14000,19000,20000,22000,22000,22000,490,490,1200.0,2385.2289551469685,1007.6039180003136,21563.816005999797,0.0
1774126293,10,,Aggregated,5.800000,5.800000,1200,1400,1500,1900,2400,14000,19000,20000,22000,22000,22000,496,496,1200.0,2373.1224126149464,1007.6039180003136,21563.816005999797,0.0
1774126294,10,,Aggregated,5.900000,5.900000,1200,1400,1500,1900,2400,14000,19000,20000,22000,22000,22000,503,503,1200.0,2358.0047462326306,1007.6039180003136,21563.816005999797,0.0
1774126295,10,,Aggregated,5.800000,5.800000,1200,1400,1500,1900,2400,14000,19000,20000,22000,22000,22000,508,508,1200.0,2348.1810978897884,1007.6039180003136,21563.816005999797,0.0
1774126296,10,,Aggregated,5.900000,5.900000,1200,1400,1500,1900,2400,14000,19000,20000,22000,22000,22000,515,515,1200.0,2334.4540806524537,1007.6039180003136,21563.816005999797,0.0
1774126297,10,,Aggregated,5.900000,5.900000,1200,1400,1500,1900,2400,14000,19000,20000,22000,22000,22000,520,520,1200.0,2322.7151251192577,1007.6039180003136,21563.816005999797,0.0
1774126298,10,,Aggregated,5.900000,5.900000,1200,1400,1500,1800,2300,13000,19000,20000,22000,22000,22000,528,528,1200.0,2309.172799265179,1007.6039180003136,21563.816005999797,0.0
1774126299,10,,Aggregated,5.900000,5.900000,1200,1400,1500,1800,2300,13000,19000,20000,22000,22000,22000,531,531,1200.0,2303.533950742023,1007.6039180003136,21563.816005999797,0.0
1774126301,10,,Aggregated,6.000000,6.000000,1200,1400,1500,1800,2300,13000,19000,20000,22000,22000,22000,540,540,1200.0,2288.344860216693,1007.6039180003136,21563.816005999797,0.0
1774126302,10,,Aggregated,6.200000,6.200000,1200,1400,1500,1800,2300,12000,19000,20000,22000,22000,22000,544,544,1200.0,2281.009024963263,1007.6039180003136,21563.816005999797,0.0
1774126303,10,,Aggregated,5.700000,5.700000,1200,1400,1500,1800,2300,12000,19000,20000,22000,22000,22000,549,549,1200.0,2272.3799762459294,1007.6039180003136,21563.816005999797,0.0
1774126304,10,,Aggregated,6.100000,6.100000,1200,1400,1500,1800,2300,12000,19000,20000,22000,22000,22000,557,557,1200.0,2259.263249253169,1007.6039180003136,21563.816005999797,0.0
1774126305,10,,Aggregated,5.900000,5.900000,1200,1300,1500,1800,2300,12000,19000,20000,22000,22000,22000,562,562,1200.0,2249.384009455543,1007.6039180003136,21563.816005999797,0.0
1774126306,10,,Aggregated,6.100000,6.100000,1200,1300,1500,1800,2300,12000,19000,20000,22000,22000,22000,569,569,1200.0,2239.929082502663,1007.6039180003136,21563.816005999797,0.0
1774126307,10,,Aggregated,6.100000,6.100000,1200,1300,1500,1800,2300,12000,19000,20000,22000,22000,22000,575,575,1200.0,2228.591558006981,1007.6039180003136,21563.816005999797,0.0
1774126308,10,,Aggregated,5.900000,5.900000,1200,1300,1500,1800,2300,12000,19000,20000,22000,22000,22000,579,579,1200.0,2221.7640190155676,1007.6039180003136,21563.816005999797,0.0
1774126309,10,,Aggregated,6.000000,6.000000,1200,1300,1500,1800,2300,8300,19000,20000,22000,22000,22000,587,587,1200.0,2211.9309936780496,1007.6039180003136,21563.816005999797,0.0
1774126310,10,,Aggregated,5.900000,5.900000,1200,1300,1500,1800,2300,8300,19000,20000,22000,22000,22000,592,592,1200.0,2203.5883507179315,1007.6039180003136,21563.816005999797,0.0
1774126311,10,,Aggregated,5.900000,5.900000,1200,1300,1500,1800,2300,8300,19000,20000,22000,22000,22000,598,598,1200.0,2196.85367968899,1007.6039180003136,21563.816005999797,0.0
1774126312,10,,Aggregated,5.800000,5.800000,1200,1300,1500,1800,2300,6600,18000,20000,22000,22000,22000,604,604,1200.0,2188.0179687434033,1007.6039180003136,21563.816005999797,0.0
1774126313,10,,Aggregated,6.000000,6.000000,1200,1300,1500,1800,2300,6600,18000,20000,22000,22000,22000,609,609,1200.0,2179.465178415461,1007.6039180003136,21563.816005999797,0.0
1774126314,10,,Aggregated,6.000000,6.000000,1200,1300,1500,1800,2300,6600,18000,20000,22000,22000,22000,617,617,1200.0,2170.740714859022,1007.6039180003136,21563.816005999797,0.0
1774126315,10,,Aggregated,6.000000,6.000000,1200,1300,1500,1800,2300,5900,18000,20000,22000,22000,22000,622,622,1200.0,2162.5660824566176,1007.6039180003136,21563.816005999797,0.0
1774126316,10,,Aggregated,6.000000,6.000000,1200,1300,1500,1800,2300,5900,18000,20000,22000,22000,22000,627,627,1200.0,2155.582738558237,1007.6039180003136,21563.816005999797,0.0
1774126317,10,,Aggregated,5.900000,5.900000,1200,1300,1500,1800,2300,5900,18000,20000,22000,22000,22000,635,635,1200.0,2145.910598541753,1007.6039180003136,21563.816005999797,0.0
1774126318,10,,Aggregated,5.900000,5.900000,1200,1300,1500,1800,2300,5600,18000,20000,22000,22000,22000,641,641,1200.0,2138.8050115086007,1007.6039180003136,21563.816005999797,0.0
1774126319,10,,Aggregated,6.000000,6.000000,1200,1300,1500,1800,2300,5600,18000,20000,22000,22000,22000,645,645,1200.0,2132.875890730255,1007.6039180003136,21563.816005999797,0.0
1774126320,10,,Aggregated,6.000000,6.000000,1200,1300,1500,1800,2300,5600,18000,20000,22000,22000,22000,654,654,1200.0,2122.7076057767804,1007.6039180003136,21563.816005999797,0.0
1774126321,10,,Aggregated,5.800000,5.800000,1200,1300,1500,1700,2300,5600,18000,20000,22000,22000,22000,656,656,1200.0,2120.529396905509,1007.6039180003136,21563.816005999797,0.0
1774126322,10,,Aggregated,5.800000,5.800000,1200,1300,1500,1700,2300,4900,18000,20000,22000,22000,22000,663,663,1200.0,2113.181779226265,1007.6039180003136,21563.816005999797,0.0
1774126323,10,,Aggregated,5.700000,5.700000,1200,1300,1500,1700,2300,4900,18000,20000,22000,22000,22000,670,670,1200.0,2105.1980623268882,1007.6039180003136,21563.816005999797,0.0
1774126324,10,,Aggregated,5.900000,5.900000,1200,1300,1500,1700,2300,4900,18000,20000,22000,22000,22000,675,675,1200.0,2098.0943944859473,1007.6039180003136,21563.816005999797,0.0
1774126325,10,,Aggregated,6.000000,6.000000,1200,1300,1500,1700,2300,4500,18000,20000,22000,22000,22000,682,682,1200.0,2092.0226786055923,1007.6039180003136,21563.816005999797,0.0
1774126326,10,,Aggregated,5.800000,5.800000,1200,1300,1500,1700,2300,4500,18000,20000,22000,22000,22000,687,687,1200.0,2085.0252181659594,1007.6039180003136,21563.816005999797,0.0
1774126327,10,,Aggregated,6.000000,6.000000,1200,1300,1500,1700,2200,4500,18000,20000,22000,22000,22000,693,693,1200.0,2077.7912370894855,1007.6039180003136,21563.816005999797,0.0
1774126328,10,,Aggregated,6.000000,6.000000,1200,1300,1500,1700,2300,4500,18000,20000,22000,22000,22000,699,699,1200.0,2072.321779329062,1007.6039180003136,21563.816005999797,0.0
1774126329,10,,Aggregated,5.600000,5.600000,1200,1300,1500,1600,2200,4400,17000,20000,22000,22000,22000,705,705,1200.0,2065.36671004825,1007.6039180003136,21563.816005999797,0.0
1774126330,10,,Aggregated,5.900000,5.900000,1200,1300,1500,1500,2200,4400,17000,20000,22000,22000,22000,711,711,1200.0,2058.9608428453084,1001.7516419993626,21563.816005999797,0.0
1774126331,10,,Aggregated,6.000000,6.000000,1200,1300,1500,1500,2300,4400,17000,20000,22000,22000,22000,718,718,1200.0,2053.1272172381814,1001.7516419993626,21563.816005999797,0.0
1774126332,10,,Aggregated,5.600000,5.600000,1200,1300,1500,1500,2200,4100,17000,20000,22000,22000,22000,724,724,1200.0,2046.6309522472552,1001.7516419993626,21563.816005999797,0.0
1774126333,10,,Aggregated,6.200000,6.200000,1200,1300,1500,1500,2200,4100,17000,20000,22000,22000,22000,729,729,1200.0,2041.5686890151069,1001.7516419993626,21563.816005999797,0.0
1774126334,10,,Aggregated,5.900000,5.900000,1200,1300,1500,1500,2200,4100,17000,20000,22000,22000,22000,735,735,1200.0,2034.9884326122635,1001.7516419993626,21563.816005999797,0.0
1774126335,10,,Aggregated,5.900000,5.900000,1200,1300,1500,1500,2200,3800,17000,20000,22000,22000,22000,741,741,1200.0,2029.3515163657403,1001.7516419993626,21563.816005999797,0.0
1774126336,10,,Aggregated,5.900000,5.900000,1200,1300,1500,1500,2200,3800,17000,20000,22000,22000,22000,745,745,1200.0,2025.0234236617632,1001.7516419993626,21563.816005999797,0.0
1774126337,10,,Aggregated,5.900000,5.900000,1200,1300,1500,1500,2200,3800,16000,20000,22000,22000,22000,753,753,1200.0,2019.9074496135634,1001.7516419993626,21563.816005999797,0.0
1774126338,10,,Aggregated,5.900000,5.900000,1200,1300,1500,1500,2200,3800,16000,20000,22000,22000,22000,760,760,1200.0,2011.9463993723862,1001.7516419993626,21563.816005999797,0.0
1774126339,10,,Aggregated,6.100000,6.100000,1200,1300,1500,1500,2200,3600,16000,20000,22000,22000,22000,764,764,1200.0,2009.9179308167713,1001.7516419993626,21563.816005999797,0.0
1774126340,10,,Aggregated,5.800000,5.800000,1200,1300,1500,1500,2200,3600,16000,20000,22000,22000,22000,771,771,1200.0,2002.7510983917161,1001.7516419993626,21563.816005999797,0.0
1774126341,10,,Aggregated,5.900000,5.900000,1200,1300,1500,1500,2200,3600,16000,20000,22000,22000,22000,777,777,1200.0,1996.206204413145,1001.7516419993626,21563.816005999797,0.0
1774126342,10,,Aggregated,6.000000,6.000000,1200,1300,1500,1500,2200,3500,16000,20000,22000,22000,22000,782,782,1200.0,1993.9789865818586,1001.7516419993626,21563.816005999797,0.0
1774126343,10,,Aggregated,5.700000,5.700000,1200,1300,1500,1500,2200,3500,16000,20000,22000,22000,22000,788,788,1200.0,1987.638975932758,1001.7516419993626,21563.816005999797,0.0
1774126344,10,,Aggregated,5.900000,5.900000,1200,1300,1500,1500,2200,3500,16000,20000,22000,22000,22000,796,796,1200.0,1981.903714261325,1001.7516419993626,21563.816005999797,0.0
1774126345,10,,Aggregated,5.900000,5.900000,1200,1300,1500,1500,2200,3500,16000,20000,22000,22000,22000,798,798,1200.0,1979.9015725764596,1001.7516419993626,21563.816005999797,0.0
1774126346,10,,Aggregated,5.900000,5.900000,1200,1300,1500,1500,2200,3000,16000,20000,22000,22000,22000,807,807,1200.0,1972.290670691466,1001.7516419993626,21563.816005999797,0.0
1774126347,10,,Aggregated,5.900000,5.900000,1200,1300,1500,1500,2200,3000,16000,20000,22000,22000,22000,813,813,1200.0,1967.3916099065355,1001.7516419993626,21563.816005999797,0.0
1774126348,10,,Aggregated,5.900000,5.900000,1200,1300,1500,1500,2200,3000,16000,20000,22000,22000,22000,817,817,1200.0,1964.4571899730881,1001.7516419993626,21563.816005999797,0.0
1774126349,10,,Aggregated,6.100000,6.100000,1200,1300,1500,1500,2200,2800,16000,20000,22000,22000,22000,825,825,1200.0,1959.3918978800164,1001.7516419993626,21563.816005999797,0.0
1774126350,10,,Aggregated,5.800000,5.800000,1200,1300,1500,1500,2200,2800,16000,20000,22000,22000,22000,830,830,1200.0,1954.786636133751,1001.7516419993626,21563.816005999797,0.0
1774126351,10,,Aggregated,6.100000,6.100000,1200,1300,1500,1500,2200,2800,16000,20000,22000,22000,22000,835,835,1200.0,1951.5938538263651,1001.7516419993626,21563.816005999797,0.0
1774126352,10,,Aggregated,6.100000,6.100000,1200,1300,1500,1500,2200,2800,16000,20000,22000,22000,22000,841,841,1200.0,1948.067279533906,1001.7516419993626,21563.816005999797,0.0
1774126353,10,,Aggregated,6.000000,6.000000,1200,1300,1500,1500,2200,2800,16000,20000,22000,22000,22000,849,849,1200.0,1942.163022144892,1001.7516419993626,21563.816005999797,0.0
1774126354,10,,Aggregated,6.000000,6.000000,1200,1300,1500,1500,2200,2800,16000,20000,22000,22000,22000,855,855,1200.0,1938.6629214035238,1001.7516419993626,21563.816005999797,0.0
1774126355,10,,Aggregated,5.800000,5.800000,1200,1300,1500,1500,2200,2800,16000,20000,22000,22000,22000,859,859,1200.0,1935.9201051979207,1001.7516419993626,21563.816005999797,0.0
1774126356,10,,Aggregated,5.800000,5.800000,1200,1300,1500,1500,2200,2700,16000,20000,22000,22000,22000,865,865,1200.0,1931.501195421981,1001.7516419993626,21563.816005999797,0.0
1774126357,10,,Aggregated,6.000000,6.000000,1200,1300,1500,1500,2200,2700,16000,20000,22000,22000,22000,873,873,1200.0,1927.1142820733262,1001.7516419993626,21563.816005999797,0.0
1774126358,10,,Aggregated,6.000000,6.000000,1200,1300,1500,1500,2200,2700,16000,20000,22000,22000,22000,875,875,1200.0,1926.2034296194452,1001.7516419993626,21563.816005999797,0.0
1774126359,10,,Aggregated,5.600000,5.600000,1200,1300,1500,1500,2200,2700,16000,20000,22000,22000,22000,883,883,1200.0,1920.0721387089613,1001.7516419993626,21563.816005999797,0.0
1774126360,10,,Aggregated,6.000000,6.000000,1200,1300,1500,1500,2200,2700,16000,20000,22000,22000,22000,892,892,1200.0,1915.4243627477729,1001.7516419993626,21563.816005999797,0.0
1774126361,10,,Aggregated,6.000000,6.000000,1200,1300,1500,1500,2200,2700,16000,20000,22000,22000,22000,893,893,1200.0,1914.5479014277873,1001.7516419993626,21563.816005999797,0.0
1774126362,10,,Aggregated,5.700000,5.700000,1200,1300,1500,1500,2200,2700,15000,19000,22000,22000,22000,901,901,1200.0,1909.0424662164428,1001.7516419993626,21563.816005999797,0.0
1774126363,10,,Aggregated,5.900000,5.900000,1200,1300,1500,1500,2200,2700,15000,19000,22000,22000,22000,907,907,1200.0,1907.1861330485283,1001.7516419993626,21563.816005999797,0.0
1774126364,10,,Aggregated,5.900000,5.900000,1200,1300,1500,1500,2200,2700,15000,19000,22000,22000,22000,911,911,1200.0,1904.178246682782,1001.7516419993626,21563.816005999797,0.0
1774126365,10,,Aggregated,5.800000,5.800000,1200,1300,1500,1500,2200,2700,15000,19000,22000,22000,22000,920,920,1200.0,1898.6165786804497,812.5130290000016,21563.816005999797,0.0
1774126366,10,,Aggregated,6.000000,6.000000,1200,1300,1500,1500,2200,2700,15000,19000,22000,22000,22000,927,927,1200.0,1893.5214023214814,812.5130290000016,21563.816005999797,0.0
1774126367,10,,Aggregated,6.000000,6.000000,1200,1300,1500,1500,2200,2700,15000,19000,22000,22000,22000,931,931,1200.0,1891.9996816520022,812.5130290000016,21563.816005999797,0.0
1774126368,10,,Aggregated,5.800000,5.800000,1200,1300,1500,1500,2200,2700,15000,19000,22000,22000,22000,939,939,1200.0,1886.391188440909,812.5130290000016,21563.816005999797,0.0
1774126369,10,,Aggregated,6.000000,6.000000,1200,1300,1500,1500,2200,2600,15000,19000,22000,22000,22000,942,942,1200.0,1884.3577501804814,812.5130290000016,21563.816005999797,0.0
1774126370,10,,Aggregated,6.000000,6.000000,1200,1300,1500,1500,2200,2600,15000,19000,22000,22000,22000,949,949,1200.0,1881.3020871770423,812.5130290000016,21563.816005999797,0.0
1774126371,10,,Aggregated,5.700000,5.700000,1200,1300,1500,1500,2200,2600,15000,19000,22000,22000,22000,957,957,1200.0,1875.3848049906087,812.5130290000016,21563.816005999797,0.0
1774126372,10,,Aggregated,6.300000,6.300000,1200,1300,1500,1500,2200,2600,15000,19000,22000,22000,22000,959,959,1200.0,1876.213181185623,812.5130290000016,21563.816005999797,0.0
1774126373,10,,Aggregated,6.000000,6.000000,1200,1300,1500,1500,2200,2600,15000,19000,22000,22000,22000,967,967,1200.0,1871.4879966256585,812.5130290000016,21563.816005999797,0.0
1774126374,10,,Aggregated,5.900000,5.900000,1200,1300,1500,1500,2200,2600,15000,19000,22000,22000,22000,974,974,1200.0,1866.8509551899501,812.5130290000016,21563.816005999797,0.0
1774126375,10,,Aggregated,6.300000,6.300000,1200,1300,1500,1500,2200,2600,15000,19000,22000,22000,22000,977,977,1200.0,1866.8173428884468,812.5130290000016,21563.816005999797,0.0
1774126376,10,,Aggregated,5.700000,5.700000,1200,1300,1500,1500,2200,2600,15000,19000,22000,22000,22000,984,984,1200.0,1862.3583946920867,812.5130290000016,21563.816005999797,0.0
1774126377,10,,Aggregated,5.800000,5.800000,1200,1300,1500,1500,2100,2600,15000,19000,22000,22000,22000,992,992,1200.0,1858.739658217756,812.5130290000016,21563.816005999797,0.0
1774126378,10,,Aggregated,5.900000,5.900000,1200,1300,1500,1500,2100,2600,15000,19000,22000,22000,22000,997,997,1200.0,1855.3601331785485,812.5130290000016,21563.816005999797,0.0
1774126379,10,,Aggregated,5.800000,5.800000,1200,1300,1500,1500,2100,2600,15000,19000,21000,22000,22000,1002,1002,1200.0,1852.8774925479172,812.5130290000016,21563.816005999797,0.0
1774126380,10,,Aggregated,5.600000,5.600000,1200,1300,1500,1500,2100,2600,15000,19000,21000,22000,22000,1009,1009,1200.0,1849.5712254172568,812.5130290000016,21563.816005999797,0.0
1774126381,10,,Aggregated,6.000000,6.000000,1200,1300,1500,1500,2100,2600,15000,19000,21000,22000,22000,1014,1014,1200.0,1846.5995229437988,812.5130290000016,21563.816005999797,0.0
1774126382,10,,Aggregated,5.800000,5.800000,1200,1300,1500,1500,2100,2600,15000,19000,21000,22000,22000,1020,1020,1200.0,1844.86009807158,812.5130290000016,21563.816005999797,0.0
1774126383,10,,Aggregated,5.700000,5.700000,1200,1300,1500,1500,2100,2500,15000,19000,21000,22000,22000,1027,1027,1200.0,1840.9534630993282,812.5130290000016,21563.816005999797,0.0
1774126384,10,,Aggregated,6.100000,6.100000,1200,1300,1500,1500,2100,2500,15000,19000,21000,22000,22000,1030,1030,1200.0,1839.9191192252522,812.5130290000016,21563.816005999797,0.0
1774126385,10,,Aggregated,5.600000,5.600000,1200,1300,1500,1500,2100,2500,15000,19000,21000,22000,22000,1038,1038,1200.0,1835.9194431281412,812.5130290000016,21563.816005999797,0.0
1774126386,10,,Aggregated,6.000000,6.000000,1200,1300,1500,1500,2100,2500,15000,19000,21000,22000,22000,1044,1044,1200.0,1832.3747127222334,812.5130290000016,21563.816005999797,0.0
1774126387,10,,Aggregated,6.100000,6.100000,1200,1300,1500,1500,2100,2500,15000,19000,21000,22000,22000,1048,1048,1200.0,1832.0010574799735,812.5130290000016,21563.816005999797,0.0
1774126388,10,,Aggregated,5.600000,5.600000,1200,1300,1500,1500,2100,2500,15000,19000,21000,22000,22000,1056,1056,1200.0,1827.6263602878887,812.5130290000016,21563.816005999797,0.0
1774126389,10,,Aggregated,6.000000,6.000000,1200,1300,1500,1500,2100,2500,15000,19000,21000,22000,22000,1063,1063,1200.0,1824.2598908447885,812.5130290000016,21563.816005999797,0.0
1774126390,10,,Aggregated,5.800000,5.800000,1200,1300,1500,1500,2100,2500,15000,19000,21000,22000,22000,1066,1066,1200.0,1823.59457441183,812.5130290000016,21563.816005999797,0.0
1774126391,10,,Aggregated,5.700000,5.700000,1200,1300,1500,1500,2100,2500,15000,19000,21000,22000,22000,1074,1074,1200.0,1818.4318639907,812.5130290000016,21563.816005999797,0.0
1774126392,10,,Aggregated,5.800000,5.800000,1200,1300,1500,1500,2100,2500,15000,19000,21000,22000,22000,1081,1081,1200.0,1816.4546550009366,812.5130290000016,21563.816005999797,0.0
1774126393,10,,Aggregated,6.000000,6.000000,1200,1300,1500,1500,2100,2500,15000,19000,21000,22000,22000,1084,1084,1200.0,1814.9347264428159,812.5130290000016,21563.816005999797,0.0
1774126394,10,,Aggregated,5.700000,5.700000,1200,1300,1500,1500,2100,2500,15000,19000,21000,22000,22000,1093,1093,1200.0,1810.3670367108978,812.5130290000016,21563.816005999797,0.0
1774126395,10,,Aggregated,6.000000,6.000000,1200,1300,1500,1500,2100,2500,15000,19000,21000,22000,22000,1097,1097,1200.0,1808.5939440392078,812.5130290000016,21563.816005999797,0.0
1774126396,10,,Aggregated,5.900000,5.900000,1200,1300,1500,1500,2100,2500,15000,19000,21000,22000,22000,1103,1103,1200.0,1806.0970181876805,812.5130290000016,21563.816005999797,0.0
1774126397,10,,Aggregated,5.700000,5.700000,1200,1300,1500,1500,2100,2500,15000,19000,21000,22000,22000,1111,1111,1200.0,1803.6756344689575,812.5130290000016,21563.816005999797,0.0
1774126398,10,,Aggregated,6.300000,6.300000,1200,1300,1500,1500,2100,2500,15000,19000,21000,22000,22000,1114,1114,1200.0,1803.0225155009082,812.5130290000016,21563.816005999797,0.0
1774126399,10,,Aggregated,5.600000,5.600000,1200,1300,1500,1500,2100,2500,15000,19000,21000,22000,22000,1120,1120,1200.0,1799.9419964267956,812.5130290000016,21563.816005999797,0.0
1774126400,10,,Aggregated,6.000000,6.000000,1200,1300,1500,1500,2100,2500,15000,19000,21000,22000,22000,1127,1127,1200.0,1797.245299737367,812.5130290000016,21563.816005999797,0.0
1774126401,10,,Aggregated,6.100000,6.100000,1200,1300,1500,1500,2100,2500,15000,19000,21000,22000,22000,1132,1132,1200.0,1795.836377633404,812.5130290000016,21563.816005999797,0.0
1774126402,10,,Aggregated,5.700000,5.700000,1200,1300,1500,1500,2100,2500,15000,19000,21000,22000,22000,1137,1137,1200.0,1794.0228069850623,812.5130290000016,21563.816005999797,0.0
1774126403,10,,Aggregated,5.800000,5.800000,1200,1300,1500,1500,2100,2500,15000,19000,21000,22000,22000,1143,1143,1200.0,1791.6490872493587,812.5130290000016,21563.816005999797,0.0
1774126404,10,,Aggregated,5.800000,5.800000,1200,1300,1500,1500,2100,2500,15000,19000,21000,22000,22000,1150,1150,1200.0,1788.3661453330574,812.5130290000016,21563.816005999797,0.0
1774126405,10,,Aggregated,5.900000,5.900000,1200,1300,1500,1500,2100,2500,14000,19000,21000,22000,22000,1157,1157,1200.0,1786.5179194943967,812.5130290000016,21563.816005999797,0.0
1774126406,10,,Aggregated,5.900000,5.900000,1200,1300,1500,1500,2100,2400,14000,19000,21000,22000,22000,1161,1161,1200.0,1784.8761624918332,812.5130290000016,21563.816005999797,0.0
1774126407,10,,Aggregated,5.700000,5.700000,1200,1300,1500,1500,2100,2400,14000,19000,21000,22000,22000,1167,1167,1200.0,1782.0448191833918,812.5130290000016,21563.816005999797,0.0
1774126408,10,,Aggregated,5.700000,5.700000,1200,1300,1500,1500,2100,2400,14000,19000,21000,22000,22000,1173,1173,1200.0,1780.3561051227784,812.5130290000016,21563.816005999797,0.0
1774126409,10,,Aggregated,5.900000,5.900000,1200,1300,1500,1500,2100,2400,14000,19000,21000,22000,22000,1179,1179,1200.0,1777.5441866505669,812.5130290000016,21563.816005999797,0.0
1774126410,10,,Aggregated,6.000000,6.000000,1200,1300,1500,1500,2100,2400,14000,19000,21000,22000,22000,1187,1187,1200.0,1775.41386759395,812.5130290000016,21563.816005999797,0.0
1774126411,10,,Aggregated,5.800000,5.800000,1200,1300,1500,1500,2100,2400,14000,19000,21000,22000,22000,1190,1190,1200.0,1774.1244696991748,812.5130290000016,21563.816005999797,0.0
1774126412,10,,Aggregated,5.800000,5.800000,1200,1300,1500,1500,2100,2400,14000,19000,21000,22000,22000,1198,1198,1200.0,1771.6280261594475,812.5130290000016,21563.816005999797,0.0
1774126413,10,,Aggregated,6.100000,6.100000,1200,1300,1500,1500,2100,2400,14000,18000,21000,22000,22000,1202,1202,1200.0,1770.6247870158227,812.5130290000016,21563.816005999797,0.0
1774126414,10,,Aggregated,5.700000,5.700000,1200,1300,1500,1500,2100,2400,14000,18000,21000,22000,22000,1208,1208,1200.0,1768.1615363286585,812.5130290000016,21563.816005999797,0.0
1774126415,10,,Aggregated,5.700000,5.700000,1200,1300,1500,1500,2100,2400,14000,18000,21000,22000,22000,1215,1215,1200.0,1765.903369852691,812.5130290000016,21563.816005999797,0.0
1774126416,10,,Aggregated,5.900000,5.900000,1200,1300,1500,1500,2100,2400,14000,18000,21000,22000,22000,1220,1220,1200.0,1764.6456893098525,812.5130290000016,21563.816005999797,0.0
1774126417,10,,Aggregated,5.800000,5.800000,1200,1300,1500,1500,2100,2400,14000,18000,21000,22000,22000,1227,1227,1200.0,1761.49787257948,812.5130290000016,21563.816005999797,0.0
1774126418,10,,Aggregated,5.800000,5.800000,1200,1300,1500,1500,2100,2400,14000,18000,21000,22000,22000,1233,1233,1200.0,1759.5982898288908,812.5130290000016,21563.816005999797,0.0
1774126419,10,,Aggregated,6.100000,6.100000,1200,1300,1500,1500,2100,2400,14000,18000,21000,22000,22000,1239,1239,1200.0,1757.963391642473,812.5130290000016,21563.816005999797,0.0
1774126420,10,,Aggregated,5.600000,5.600000,1200,1300,1500,1500,2100,2400,14000,18000,21000,22000,22000,1245,1245,1200.0,1756.768457786365,812.5130290000016,21563.816005999797,0.0
1774126421,10,,Aggregated,6.000000,6.000000,1200,1300,1500,1500,2100,2400,14000,18000,21000,22000,22000,1249,1249,1200.0,1754.8635124259592,812.5130290000016,21563.816005999797,0.0
1774126422,10,,Aggregated,5.900000,5.900000,1200,1300,1500,1500,2100,2400,14000,18000,21000,22000,22000,1256,1256,1200.0,1752.3387146234281,812.5130290000016,21563.816005999797,0.0
1774126423,10,,Aggregated,5.600000,5.600000,1200,1300,1500,1500,2100,2400,14000,18000,21000,22000,22000,1263,1263,1200.0,1750.6604459976445,812.5130290000016,21563.816005999797,0.0
1774126424,10,,Aggregated,6.200000,6.200000,1200,1300,1500,1500,2100,2400,14000,18000,21000,22000,22000,1268,1268,1200.0,1749.4271267476522,812.5130290000016,21563.816005999797,0.0
1774126425,10,,Aggregated,5.800000,5.800000,1200,1300,1500,1500,2100,2400,14000,18000,21000,22000,22000,1273,1273,1200.0,1747.1738003409455,812.5130290000016,21563.816005999797,0.0
1774126426,10,,Aggregated,5.800000,5.800000,1200,1300,1500,1500,2100,2400,14000,18000,21000,22000,22000,1280,1280,1200.0,1745.0648736648618,812.5130290000016,21563.816005999797,0.0
1774126427,10,,Aggregated,6.000000,6.000000,1200,1300,1500,1500,2100,2400,14000,18000,21000,22000,22000,1286,1286,1200.0,1743.3633076703136,812.5130290000016,21563.816005999797,0.0
1774126428,10,,Aggregated,5.700000,5.700000,1200,1300,1500,1500,2100,2400,14000,18000,21000,22000,22000,1290,1290,1200.0,1742.2017236434287,812.5130290000016,21563.816005999797,0.0
1774126429,10,,Aggregated,5.700000,5.700000,1200,1300,1500,1500,2100,2400,14000,18000,21000,22000,22000,1297,1297,1200.0,1741.356488376271,812.5130290000016,21563.816005999797,0.0
1774126430,10,,Aggregated,5.900000,5.900000,1200,1300,1500,1500,2100,2400,13000,18000,21000,22000,22000,1304,1304,1200.0,1738.804564416429,812.5130290000016,21563.816005999797,0.0
1774126431,10,,Aggregated,5.500000,5.500000,1200,1300,1500,1500,2100,2400,13000,18000,21000,22000,22000,1308,1308,1200.0,1737.835034412096,812.5130290000016,21563.816005999797,0.0
1774126432,10,,Aggregated,5.800000,5.800000,1200,1300,1500,1500,2100,2400,13000,18000,21000,22000,22000,1314,1314,1200.0,1736.1542247070186,812.5130290000016,21563.816005999797,0.0
1774126433,10,,Aggregated,5.900000,5.900000,1200,1300,1500,1500,2100,2400,13000,18000,21000,22000,22000,1322,1322,1200.0,1733.38039865508,812.5130290000016,21563.816005999797,0.0
1774126434,10,,Aggregated,5.700000,5.700000,1200,1300,1500,1500,2100,2400,13000,18000,21000,22000,22000,1326,1326,1200.0,1732.4229946696953,812.5130290000016,21563.816005999797,0.0
1774126436,10,,Aggregated,5.800000,5.800000,1200,1300,1500,1500,2100,2400,13000,18000,21000,22000,22000,1333,1333,1200.0,1729.6929899264935,812.5130290000016,21563.816005999797,0.0
1774126437,10,,Aggregated,5.900000,5.900000,1200,1300,1500,1500,2100,2400,13000,18000,21000,22000,22000,1339,1339,1200.0,1727.7352178603553,812.5130290000016,21563.816005999797,0.0
1774126438,10,,Aggregated,5.700000,5.700000,1200,1300,1500,1500,2100,2400,13000,18000,21000,22000,22000,1344,1344,1200.0,1726.7337171845377,812.5130290000016,21563.816005999797,0.0
1774126439,10,,Aggregated,6.000000,6.000000,1200,1300,1500,1500,2100,2400,12000,18000,21000,22000,22000,1351,1351,1200.0,1725.1112230340618,812.5130290000016,21563.816005999797,0.0
1774126440,10,,Aggregated,5.900000,5.900000,1200,1300,1500,1500,2100,2400,12000,18000,21000,22000,22000,1358,1358,1200.0,1723.0919054933859,812.5130290000016,21563.816005999797,0.0
1774126441,10,,Aggregated,6.100000,6.100000,1200,1300,1500,1500,2100,2400,12000,18000,21000,22000,22000,1362,1362,1200.0,1721.6158534669735,812.5130290000016,21563.816005999797,0.0
1774126442,10,,Aggregated,6.100000,6.100000,1200,1300,1500,1500,2100,2400,12000,18000,21000,22000,22000,1368,1368,1200.0,1719.8693735906566,812.5130290000016,21563.816005999797,0.0
1774126443,10,,Aggregated,5.700000,5.700000,1200,1300,1500,1500,2100,2400,12000,18000,21000,22000,22000,1376,1376,1200.0,1717.7615933532093,812.5130290000016,21563.816005999797,0.0
1774126444,10,,Aggregated,5.700000,5.700000,1200,1300,1500,1500,2100,2400,12000,18000,21000,22000,22000,1379,1379,1200.0,1717.210636428582,812.5130290000016,21563.816005999797,0.0
1774126445,10,,Aggregated,5.900000,5.900000,1200,1300,1500,1500,2100,2400,12000,18000,21000,22000,22000,1387,1387,1200.0,1715.209704030289,812.5130290000016,21563.816005999797,0.0
1774126446,10,,Aggregated,5.700000,5.700000,1200,1300,1500,1500,2100,2400,12000,18000,21000,22000,22000,1392,1392,1200.0,1713.2136952615012,812.5130290000016,21563.816005999797,0.0
1774126447,10,,Aggregated,5.700000,5.700000,1200,1300,1500,1500,2100,2400,12000,18000,21000,22000,22000,1397,1397,1200.0,1712.5826008861923,812.5130290000016,21563.816005999797,0.0
1774126448,10,,Aggregated,5.800000,5.800000,1200,1300,1500,1500,2100,2400,12000,17000,21000,22000,22000,1406,1406,1200.0,1710.0199895220542,812.5130290000016,21563.816005999797,0.0
1774126449,10,,Aggregated,5.800000,5.800000,1200,1300,1500,1500,2100,2400,12000,17000,21000,22000,22000,1409,1409,1200.0,1709.532604530168,812.5130290000016,21563.816005999797,0.0
1774126450,10,,Aggregated,5.800000,5.800000,1200,1300,1500,1500,2100,2400,12000,17000,21000,22000,22000,1416,1416,1200.0,1707.5996002443549,812.5130290000016,21563.816005999797,0.0
1774126451,10,,Aggregated,6.000000,6.000000,1200,1300,1500,1500,2100,2300,12000,17000,21000,22000,22000,1423,1423,1200.0,1705.5519407020427,812.5130290000016,21563.816005999797,0.0
1774126452,10,,Aggregated,5.800000,5.800000,1200,1300,1500,1500,2100,2300,12000,17000,21000,22000,22000,1425,1425,1200.0,1704.8657105663196,812.5130290000016,21563.816005999797,0.0
1774126453,10,,Aggregated,6.200000,6.200000,1200,1300,1500,1500,2100,2300,12000,17000,21000,22000,22000,1435,1435,1200.0,1702.7354328843255,812.5130290000016,21563.816005999797,0.0
1774126454,10,,Aggregated,5.700000,5.700000,1200,1300,1500,1500,2100,2300,12000,17000,21000,22000,22000,1441,1441,1200.0,1700.4923390471927,812.5130290000016,21563.816005999797,0.0
1774126455,10,,Aggregated,5.700000,5.700000,1200,1300,1500,1500,2100,2300,12000,17000,21000,22000,22000,1445,1445,1200.0,1699.8695380719755,812.5130290000016,21563.816005999797,0.0
1774126456,10,,Aggregated,6.000000,6.000000,1200,1300,1500,1500,2100,2300,8300,17000,21000,22000,22000,1453,1453,1200.0,1698.0644478245054,812.5130290000016,21563.816005999797,0.0
1774126457,10,,Aggregated,5.800000,5.800000,1200,1300,1500,1500,2100,2300,8300,17000,21000,22000,22000,1458,1458,1200.0,1696.970738637179,812.5130290000016,21563.816005999797,0.0
1774126458,10,,Aggregated,6.100000,6.100000,1200,1300,1500,1500,2100,2300,8300,17000,21000,22000,22000,1464,1464,1200.0,1695.7435712623026,812.5130290000016,21563.816005999797,0.0
1774126459,10,,Aggregated,5.900000,5.900000,1200,1300,1500,1500,2100,2300,8300,17000,21000,22000,22000,1470,1470,1200.0,1693.4500649034096,812.5130290000016,21563.816005999797,0.0
1774126460,10,,Aggregated,5.900000,5.900000,1200,1300,1500,1500,2100,2300,8300,17000,21000,22000,22000,1477,1477,1200.0,1692.0120759614172,812.5130290000016,21563.816005999797,0.0
1774126461,10,,Aggregated,6.000000,6.000000,1200,1300,1500,1500,2100,2300,8300,17000,21000,22000,22000,1481,1481,1200.0,1691.3817050702316,812.5130290000016,21563.816005999797,0.0
1774126462,10,,Aggregated,5.900000,5.900000,1200,1300,1500,1500,2100,2300,8300,17000,21000,22000,22000,1487,1487,1200.0,1690.1557640665844,812.5130290000016,21563.816005999797,0.0
1774126463,10,,Aggregated,5.700000,5.700000,1200,1300,1500,1500,2100,2300,8300,17000,21000,22000,22000,1494,1494,1200.0,1687.9654315943833,812.5130290000016,21563.816005999797,0.0
1774126464,10,,Aggregated,6.000000,6.000000,1200,1300,1500,1500,2100,2300,8300,17000,21000,22000,22000,1499,1499,1200.0,1686.8967022328277,812.5130290000016,21563.816005999797,0.0
1774126465,10,,Aggregated,5.900000,5.900000,1200,1300,1500,1500,2100,2300,6600,16000,21000,22000,22000,1505,1505,1200.0,1685.6104148079805,812.5130290000016,21563.816005999797,0.0
1774126466,10,,Aggregated,5.900000,5.900000,1200,1300,1500,1500,2100,2300,6600,16000,21000,22000,22000,1511,1511,1200.0,1683.8961760562606,812.5130290000016,21563.816005999797,0.0
1774126467,10,,Aggregated,5.900000,5.900000,1200,1300,1500,1500,2100,2300,6600,16000,21000,22000,22000,1519,1519,1200.0,1682.2794711599772,812.5130290000016,21563.816005999797,0.0
1774126468,10,,Aggregated,5.900000,5.900000,1200,1300,1500,1500,2100,2300,6600,16000,21000,22000,22000,1524,1524,1200.0,1681.4013008418676,812.5130290000016,21563.816005999797,0.0
1774126469,10,,Aggregated,6.000000,6.000000,1200,1300,1500,1500,2100,2300,6600,16000,21000,22000,22000,1529,1529,1200.0,1680.0874742432993,812.5130290000016,21563.816005999797,0.0
1774126470,10,,Aggregated,5.900000,5.900000,1200,1300,1500,1500,2100,2300,6600,16000,21000,22000,22000,1536,1536,1200.0,1678.4745637825536,812.5130290000016,21563.816005999797,0.0
1774126471,10,,Aggregated,5.900000,5.900000,1200,1300,1500,1500,2100,2300,6600,16000,21000,22000,22000,1541,1541,1200.0,1677.580602268657,812.5130290000016,21563.816005999797,0.0
1774126472,10,,Aggregated,5.900000,5.900000,1200,1300,1500,1500,2100,2300,6600,16000,21000,22000,22000,1547,1547,1200.0,1676.265698210731,812.5130290000016,21563.816005999797,0.0
1774126473,10,,Aggregated,5.900000,5.900000,1200,1300,1500,1500,2100,2300,5900,16000,21000,22000,22000,1553,1553,1200.0,1674.2799360128806,812.5130290000016,21563.816005999797,0.0
1774126474,10,,Aggregated,6.200000,6.200000,1200,1300,1500,1500,2100,2300,5900,16000,21000,22000,22000,1560,1560,1200.0,1673.2628821538483,812.5130290000016,21563.816005999797,0.0
1774126475,10,,Aggregated,5.700000,5.700000,1200,1300,1500,1500,2100,2300,5900,16000,21000,22000,22000,1565,1565,1200.0,1671.6797248517591,812.5130290000016,21563.816005999797,0.0
1774126476,10,,Aggregated,6.200000,6.200000,1200,1300,1500,1500,2100,2300,5900,16000,21000,22000,22000,1570,1570,1200.0,1670.7957258210213,812.5130290000016,21563.816005999797,0.0
1774126477,10,,Aggregated,6.000000,6.000000,1200,1300,1500,1500,2100,2300,5900,16000,21000,22000,22000,1578,1578,1200.0,1669.5459083124229,812.5130290000016,21563.816005999797,0.0
1774126478,10,,Aggregated,5.800000,5.800000,1200,1300,1500,1500,2100,2300,5900,16000,21000,22000,22000,1582,1582,1200.0,1668.911219367259,812.5130290000016,21563.816005999797,0.0
1774126479,10,,Aggregated,6.000000,6.000000,1200,1300,1500,1500,2100,2300,5900,16000,21000,22000,22000,1589,1589,1200.0,1667.8606399402158,812.5130290000016,21563.816005999797,0.0
1774126480,10,,Aggregated,5.900000,5.900000,1200,1300,1500,1500,2100,2300,5900,16000,21000,22000,22000,1594,1594,1200.0,1666.6153883726504,812.5130290000016,21563.816005999797,0.0
1774126481,10,,Aggregated,5.800000,5.800000,1200,1300,1500,1500,2100,2300,5900,16000,21000,22000,22000,1600,1600,1200.0,1665.687165109378,812.5130290000016,21563.816005999797,0.0
1774126482,10,,Aggregated,5.800000,5.800000,1200,1300,1500,1500,2100,2300,5600,16000,21000,22000,22000,1606,1606,1200.0,1664.5976932490694,812.5130290000016,21563.816005999797,0.0
1774126483,10,,Aggregated,6.000000,6.000000,1200,1300,1500,1500,2100,2300,5600,16000,21000,22000,22000,1612,1612,1200.0,1663.32232579591,812.5130290000016,21563.816005999797,0.0
1774126484,10,,Aggregated,5.600000,5.600000,1200,1300,1500,1500,2100,2300,5600,16000,21000,22000,22000,1618,1618,1200.0,1661.415654378868,812.5130290000016,21563.816005999797,0.0
1774126485,10,,Aggregated,5.900000,5.900000,1200,1300,1500,1500,2100,2300,5600,16000,21000,22000,22000,1626,1626,1200.0,1660.1779329710994,812.5130290000016,21563.816005999797,0.0
1774126486,10,,Aggregated,5.700000,5.700000,1200,1300,1500,1500,2100,2300,5600,16000,21000,22000,22000,1629,1629,1200.0,1659.407519589937,812.5130290000016,21563.816005999797,0.0
1774126487,10,,Aggregated,5.600000,5.600000,1200,1300,1500,1500,2100,2300,5600,16000,21000,22000,22000,1637,1637,1200.0,1658.0635068924912,812.5130290000016,21563.816005999797,0.0
1774126488,10,,Aggregated,5.900000,5.900000,1200,1300,1500,1500,2100,2300,5600,16000,21000,22000,22000,1644,1644,1200.0,1656.7789471830936,812.5130290000016,21563.816005999797,0.0
1774126489,10,,Aggregated,5.900000,5.900000,1200,1300,1500,1500,2100,2300,5600,16000,21000,22000,22000,1646,1646,1200.0,1656.1880557241846,812.5130290000016,21563.816005999797,0.0
1774126490,10,,Aggregated,5.700000,5.700000,1200,1300,1500,1500,2100,2300,4900,16000,21000,22000,22000,1655,1655,1200.0,1654.9446919661677,812.5130290000016,21563.816005999797,0.0
1774126491,10,,Aggregated,5.900000,5.900000,1200,1300,1500,1500,2100,2300,4900,16000,21000,22000,22000,1661,1661,1200.0,1653.1983283889283,812.5130290000016,21563.816005999797,0.0
1774126492,10,,Aggregated,6.200000,6.200000,1200,1300,1500,1500,2100,2300,4900,16000,21000,22000,22000,1665,1665,1200.0,1652.5679542985051,812.5130290000016,21563.816005999797,0.0
1774126493,10,,Aggregated,5.700000,5.700000,1200,1300,1500,1500,2100,2300,4900,16000,21000,22000,22000,1674,1674,1200.0,1651.3455673632093,812.5130290000016,21563.816005999797,0.0
1774126494,10,,Aggregated,6.100000,6.100000,1200,1300,1500,1500,2100,2300,4900,16000,21000,22000,22000,1675,1675,1200.0,1651.530565894336,812.5130290000016,21563.816005999797,0.0
1774126495,10,,Aggregated,5.800000,5.800000,1200,1300,1500,1500,2100,2300,4900,16000,21000,22000,22000,1684,1684,1200.0,1649.9682698960894,812.5130290000016,21563.816005999797,0.0
1774126496,10,,Aggregated,5.900000,5.900000,1200,1300,1500,1500,2100,2300,4900,16000,21000,22000,22000,1693,1693,1200.0,1647.9548528210362,812.5130290000016,21563.816005999797,0.0
1774126497,10,,Aggregated,5.900000,5.900000,1200,1300,1500,1500,2100,2300,4900,16000,21000,22000,22000,1693,1693,1200.0,1647.9548528210362,812.5130290000016,21563.816005999797,0.0
1774126498,10,,Aggregated,5.600000,5.600000,1200,1300,1500,1500,2100,2300,4500,16000,21000,22000,22000,1702,1702,1200.0,1646.6664418302091,812.5130290000016,21563.816005999797,0.0
1774126499,10,,Aggregated,5.800000,5.800000,1200,1300,1500,1500,2100,2300,4500,16000,21000,22000,22000,1710,1710,1200.0,1644.615286911703,812.5130290000016,21563.816005999797,0.0
1774126500,10,,Aggregated,5.900000,5.900000,1200,1300,1500,1500,2100,2300,4500,16000,21000,22000,22000,1712,1712,1200.0,1644.5745289889092,812.5130290000016,21563.816005999797,0.0
1774126501,10,,Aggregated,5.800000,5.800000,1200,1300,1500,1500,2100,2300,4500,16000,21000,22000,22000,1721,1721,1200.0,1642.4445563376028,812.5130290000016,21563.816005999797,0.0
1774126502,10,,Aggregated,5.800000,5.800000,1200,1300,1500,1500,2100,2300,4500,16000,21000,22000,22000,1728,1728,1200.0,1640.6114976695671,812.5130290000016,21563.816005999797,0.0
1774126503,10,,Aggregated,6.200000,6.200000,1200,1300,1500,1500,2100,2300,4500,16000,21000,22000,22000,1732,1732,1200.0,1640.880372850468,812.5130290000016,21563.816005999797,0.0
1774126504,10,,Aggregated,5.700000,5.700000,1200,1300,1500,1500,2100,2300,4500,16000,21000,22000,22000,1738,1738,1200.0,1639.0866905402831,812.5130290000016,21563.816005999797,0.0
1774126505,10,,Aggregated,6.200000,6.200000,1200,1300,1500,1500,2100,2300,4500,16000,21000,22000,22000,1746,1746,1200.0,1637.4791675933645,812.5130290000016,21563.816005999797,0.0
1774126506,10,,Aggregated,6.300000,6.300000,1200,1300,1500,1500,2100,2300,4400,16000,21000,22000,22000,1751,1751,1200.0,1636.9061753917824,812.5130290000016,21563.816005999797,0.0
1774126507,10,,Aggregated,5.800000,5.800000,1200,1300,1500,1500,2100,2300,4400,16000,21000,22000,22000,1757,1757,1200.0,1635.9639989647187,812.5130290000016,21563.816005999797,0.0
1774126508,10,,Aggregated,6.400000,6.400000,1200,1300,1500,1500,2100,2300,4400,16000,21000,22000,22000,1765,1765,1200.0,1634.2443728889564,812.5130290000016,21563.816005999797,0.0
1774126509,10,,Aggregated,6.000000,6.000000,1200,1300,1500,1500,2100,2300,4400,16000,21000,22000,22000,1769,1769,1200.0,1633.047860712272,812.5130290000016,21563.816005999797,0.0
1774126510,10,,Aggregated,6.200000,6.200000,1200,1300,1500,1500,2100,2300,4400,16000,21000,22000,22000,1776,1776,1200.0,1632.4890900489938,812.5130290000016,21563.816005999797,0.0
1774126511,10,,Aggregated,6.300000,6.300000,1200,1300,1500,1500,2100,2300,4400,16000,21000,22000,22000,1781,1781,1200.0,1631.4423289562108,812.5130290000016,21563.816005999797,0.0
1774126512,10,,Aggregated,5.900000,5.900000,1200,1300,1500,1500,2100,2300,4400,16000,21000,22000,22000,1786,1786,1200.0,1630.12931291266,812.5130290000016,21563.816005999797,0.0
1774126513,10,,Aggregated,5.900000,5.900000,1200,1300,1500,1500,2100,2300,4400,16000,21000,22000,22000,1794,1794,1200.0,1629.55487357916,812.5130290000016,21563.816005999797,0.0
1774126514,10,,Aggregated,6.200000,6.200000,1200,1300,1500,1500,2100,2300,4400,16000,21000,22000,22000,1799,1799,1200.0,1628.417003928301,812.5130290000016,21563.816005999797,0.0
1774126515,10,,Aggregated,5.700000,5.700000,1200,1300,1500,1500,2100,2300,4100,15000,21000,22000,22000,1806,1806,1200.0,1627.9045112220442,812.5130290000016,21563.816005999797,0.0
1774126516,10,,Aggregated,5.900000,5.900000,1200,1300,1500,1500,2100,2300,4100,15000,21000,22000,22000,1811,1811,1200.0,1626.6591490927726,812.5130290000016,21563.816005999797,0.0
1774126517,10,,Aggregated,6.000000,6.000000,1200,1300,1400,1500,2100,2300,4100,15000,21000,22000,22000,1815,1815,1200.0,1625.649798603863,812.5130290000016,21563.816005999797,0.0
1774126518,10,,Aggregated,5.800000,5.800000,1200,1300,1500,1500,2100,2300,4100,15000,21000,22000,22000,1823,1823,1200.0,1625.1921547131185,812.5130290000016,21563.816005999797,0.0
1774126519,10,,Aggregated,5.900000,5.900000,1200,1300,1500,1500,2100,2300,4100,15000,21000,22000,22000,1829,1829,1200.0,1623.8614073395363,812.5130290000016,21563.816005999797,0.0
1774126520,10,,Aggregated,5.800000,5.800000,1200,1300,1500,1500,2100,2300,4100,15000,21000,22000,22000,1835,1835,1200.0,1623.3607394855653,812.5130290000016,21563.816005999797,0.0
1774126521,10,,Aggregated,5.800000,5.800000,1200,1300,1500,1500,2100,2300,4100,15000,21000,22000,22000,1840,1840,1200.0,1622.2638261885927,812.5130290000016,21563.816005999797,0.0
1774126522,10,,Aggregated,5.900000,5.900000,1200,1300,1400,1500,2100,2300,4100,15000,21000,22000,22000,1846,1846,1200.0,1621.2914185482173,812.5130290000016,21563.816005999797,0.0
1774126523,10,,Aggregated,5.800000,5.800000,1200,1300,1500,1500,2100,2300,3800,15000,21000,22000,22000,1852,1852,1200.0,1620.8129174222493,812.5130290000016,21563.816005999797,0.0
1774126524,10,,Aggregated,5.800000,5.800000,1200,1300,1500,1500,2100,2300,3800,15000,21000,22000,22000,1857,1857,1200.0,1619.551405941845,812.5130290000016,21563.816005999797,0.0
1774126525,10,,Aggregated,6.000000,6.000000,1200,1300,1500,1500,2100,2300,3800,15000,21000,22000,22000,1865,1865,1200.0,1618.804204372657,812.5130290000016,21563.816005999797,0.0
1774126526,10,,Aggregated,5.600000,5.600000,1200,1300,1400,1500,2100,2300,3800,15000,21000,22000,22000,1869,1869,1200.0,1617.9917814044968,812.5130290000016,21563.816005999797,0.0
1774126527,10,,Aggregated,5.800000,5.800000,1200,1300,1500,1500,2100,2300,3800,15000,21000,22000,22000,1876,1876,1200.0,1616.7700401220702,812.5130290000016,21563.816005999797,0.0
1774126528,10,,Aggregated,5.900000,5.900000,1200,1300,1400,1500,2100,2300,3800,15000,21000,22000,22000,1882,1882,1200.0,1615.8439081386844,812.5130290000016,21563.816005999797,0.0
1774126530,10,,Aggregated,5.800000,5.800000,1200,1300,1400,1500,2100,2300,3800,15000,21000,22000,22000,1887,1887,1200.0,1614.7798503857994,812.5130290000016,21563.816005999797,0.0
1774126531,10,,Aggregated,5.900000,5.900000,1200,1300,1400,1500,2100,2300,3800,15000,21000,22000,22000,1894,1894,1200.0,1614.5110008315771,812.5130290000016,21563.816005999797,0.0
1774126532,10,,Aggregated,5.800000,5.800000,1200,1300,1400,1500,2100,2300,3600,15000,21000,22000,22000,1901,1901,1200.0,1613.2600909858002,812.5130290000016,21563.816005999797,0.0
1774126533,10,,Aggregated,5.800000,5.800000,1200,1300,1400,1500,2100,2300,3600,15000,21000,22000,22000,1904,1904,1200.0,1612.6706251192256,812.5130290000016,21563.816005999797,0.0
1774126534,10,,Aggregated,5.900000,5.900000,1200,1300,1400,1500,2100,2300,3600,15000,21000,22000,22000,1911,1911,1200.0,1611.6908623291483,812.5130290000016,21563.816005999797,0.0
1774126535,10,,Aggregated,6.000000,6.000000,1200,1300,1400,1500,2100,2300,3600,15000,21000,22000,22000,1918,1918,1200.0,1610.4476087732037,812.5130290000016,21563.816005999797,0.0
1774126536,10,,Aggregated,5.900000,5.900000,1200,1300,1400,1500,2100,2300,3600,15000,21000,22000,22000,1924,1924,1200.0,1609.7550138373201,812.5130290000016,21563.816005999797,0.0
1774126537,10,,Aggregated,5.900000,5.900000,1200,1300,1400,1500,2100,2300,3600,15000,21000,22000,22000,1930,1930,1200.0,1608.9051847787584,812.5130290000016,21563.816005999797,0.0
1774126538,10,,Aggregated,5.800000,5.800000,1200,1300,1400,1500,2100,2300,3600,15000,21000,22000,22000,1934,1934,1200.0,1608.033382925544,812.5130290000016,21563.816005999797,0.0
1774126539,10,,Aggregated,5.800000,5.800000,1200,1300,1500,1500,2100,2300,3600,15000,21000,22000,22000,1942,1942,1200.0,1607.7320332178197,812.5130290000016,21563.816005999797,0.0
1774126540,10,,Aggregated,6.000000,6.000000,1200,1300,1500,1500,2100,2300,3600,15000,21000,22000,22000,1948,1948,1200.0,1606.4993661247454,812.5130290000016,21563.816005999797,0.0
1774126541,10,,Aggregated,6.000000,6.000000,1200,1300,1500,1500,2100,2300,3500,15000,21000,22000,22000,1952,1952,1200.0,1606.2581824851459,812.5130290000016,21563.816005999797,0.0
1774126542,10,,Aggregated,6.000000,6.000000,1200,1300,1500,1500,2100,2300,3500,15000,21000,22000,22000,1958,1958,1200.0,1605.7829917717072,812.5130290000016,21563.816005999797,0.0
1774126543,10,,Aggregated,5.700000,5.700000,1200,1300,1500,1500,2100,2300,3500,15000,21000,22000,22000,1965,1965,1200.0,1604.650983513998,812.5130290000016,21563.816005999797,0.0
1774126544,10,,Aggregated,5.700000,5.700000,1200,1300,1500,1500,2100,2300,3500,15000,21000,22000,22000,1971,1971,1200.0,1604.103409525116,812.5130290000016,21563.816005999797,0.0
1774126545,10,,Aggregated,5.700000,5.700000,1200,1300,1500,1500,2100,2300,3500,15000,21000,22000,22000,1976,1976,1200.0,1603.0649690617429,812.5130290000016,21563.816005999797,0.0
1774126546,10,,Aggregated,5.900000,5.900000,1200,1300,1500,1500,2100,2300,3500,15000,21000,22000,22000,1984,1984,1200.0,1602.2478753644193,812.5130290000016,21563.816005999797,0.0
1774126547,10,,Aggregated,5.800000,5.800000,1200,1300,1500,1500,2100,2300,3500,15000,21000,22000,22000,1989,1989,1200.0,1601.1668351186563,812.5130290000016,21563.816005999797,0.0
1774126548,10,,Aggregated,6.100000,6.100000,1200,1300,1500,1500,2100,2300,3500,15000,21000,22000,22000,1995,1995,1200.0,1600.4511431654157,812.5130290000016,21563.816005999797,0.0
1774126549,10,,Aggregated,6.100000,6.100000,1200,1300,1500,1500,2100,2300,3500,15000,21000,22000,22000,2000,2000,1200.0,1599.9722859055028,812.5130290000016,21563.816005999797,0.0
1774126550,10,,Aggregated,6.100000,6.100000,1200,1300,1500,1500,2100,2300,3000,15000,21000,22000,22000,2006,2006,1200.0,1598.8318766036916,812.5130290000016,21563.816005999797,0.0
1774126551,10,,Aggregated,5.800000,5.800000,1200,1300,1500,1500,2100,2300,3000,15000,21000,22000,22000,2013,2013,1200.0,1598.430480937905,812.5130290000016,21563.816005999797,0.0
1774126552,10,,Aggregated,5.700000,5.700000,1200,1300,1500,1500,2100,2300,3000,15000,21000,22000,22000,2018,2018,1200.0,1597.3792882561975,812.5130290000016,21563.816005999797,0.0
1774126553,10,,Aggregated,6.000000,6.000000,1200,1300,1500,1500,2100,2300,3000,15000,21000,22000,22000,2025,2025,1200.0,1596.4684764750643,812.5130290000016,21563.816005999797,0.0
1774126554,10,,Aggregated,5.900000,5.900000,1200,1300,1500,1500,2100,2300,3000,15000,21000,22000,22000,2031,2031,1200.0,1596.1398741112769,812.5130290000016,21563.816005999797,0.0
1774126555,10,,Aggregated,6.000000,6.000000,1200,1300,1500,1500,2100,2300,3000,15000,21000,22000,22000,2037,2037,1200.0,1595.2880947049591,812.5130290000016,21563.816005999797,0.0
1774126556,10,,Aggregated,5.800000,5.800000,1200,1300,1500,1500,2100,2300,3000,15000,21000,22000,22000,2042,2042,1200.0,1594.4534416748302,812.5130290000016,21563.816005999797,0.0
1774126557,10,,Aggregated,5.900000,5.900000,1200,1300,1500,1500,2100,2300,3000,15000,21000,22000,22000,2049,2049,1200.0,1593.6585417755027,812.5130290000016,21563.816005999797,0.0
1774126558,10,,Aggregated,5.700000,5.700000,1200,1300,1500,1500,2100,2300,2800,15000,21000,22000,22000,2054,2054,1200.0,1593.2529864089627,812.5130290000016,21563.816005999797,0.0
1774126559,10,,Aggregated,5.800000,5.800000,1200,1300,1500,1500,2100,2300,2800,15000,21000,22000,22000,2060,2060,1200.0,1592.5992064228196,812.5130290000016,21563.816005999797,0.0
1774126560,10,,Aggregated,5.700000,5.700000,1200,1300,1500,1500,2100,2300,2800,15000,21000,22000,22000,2068,2068,1200.0,1591.6438797969113,812.5130290000016,21563.816005999797,0.0
1774126561,10,,Aggregated,5.800000,5.800000,1200,1300,1500,1500,2100,2300,2800,15000,21000,22000,22000,2070,2070,1200.0,1591.2168556797167,812.5130290000016,21563.816005999797,0.0
1774126562,10,,Aggregated,5.900000,5.900000,1200,1300,1500,1500,2100,2300,2800,15000,21000,22000,22000,2079,2079,1200.0,1590.5628977075587,812.5130290000016,21563.816005999797,0.0
1774126563,10,,Aggregated,5.800000,5.800000,1200,1300,1500,1500,2100,2300,2800,15000,21000,22000,22000,2085,2085,1200.0,1589.612897132861,812.5130290000016,21563.816005999797,0.0
1774126564,10,,Aggregated,6.000000,6.000000,1200,1300,1500,1500,2100,2300,2800,15000,21000,22000,22000,2089,2089,1200.0,1589.205244434185,812.5130290000016,21563.816005999797,0.0
1774126565,10,,Aggregated,5.700000,5.700000,1200,1300,1500,1500,2100,2300,2800,15000,21000,22000,22000,2096,2096,1200.0,1588.1963605825435,812.5130290000016,21563.816005999797,0.0
1774126566,10,,Aggregated,5.900000,5.900000,1200,1300,1400,1500,2100,2300,2800,15000,21000,22000,22000,2101,2101,1200.0,1587.5020311742085,812.5130290000016,21563.816005999797,0.0
1774126567,10,,Aggregated,6.000000,6.000000,1200,1300,1500,1500,2100,2300,2800,15000,21000,22000,22000,2108,2108,1200.0,1587.4272231152825,812.5130290000016,21563.816005999797,0.0
1774126568,10,,Aggregated,5.700000,5.700000,1200,1300,1500,1500,2100,2300,2800,15000,21000,22000,22000,2114,2114,1200.0,1586.5023851807075,812.5130290000016,21563.816005999797,0.0
1774126569,10,,Aggregated,6.000000,6.000000,1200,1300,1500,1500,2100,2300,2800,15000,21000,22000,22000,2118,2118,1200.0,1586.564393084993,812.5130290000016,21563.816005999797,0.0
1774126570,10,,Aggregated,5.900000,5.900000,1200,1300,1500,1500,2100,2300,2800,15000,21000,22000,22000,2124,2124,1200.0,1585.6905309515141,812.5130290000016,21563.816005999797,0.0
1774126571,10,,Aggregated,5.700000,5.700000,1200,1300,1500,1500,2100,2300,2800,15000,21000,22000,22000,2131,2131,1200.0,1584.5338940347335,812.5130290000016,21563.816005999797,0.0
1774126572,10,,Aggregated,5.900000,5.900000,1200,1300,1500,1500,2100,2300,2800,15000,21000,22000,22000,2136,2136,1200.0,1584.5464084981365,812.5130290000016,21563.816005999797,0.0
1774126573,10,,Aggregated,5.700000,5.700000,1200,1300,1500,1500,2100,2300,2800,15000,21000,22000,22000,2143,2143,1200.0,1583.4757510555378,812.5130290000016,21563.816005999797,0.0
1774126574,10,,Aggregated,5.700000,5.700000,1200,1300,1500,1500,2100,2300,2800,15000,21000,22000,22000,2151,2151,1200.0,1582.486081300798,812.5130290000016,21563.816005999797,0.0
1774126575,10,,Aggregated,6.100000,6.100000,1200,1300,1500,1500,2100,2300,2800,15000,21000,22000,22000,2153,2153,1200.0,1582.1621577250428,812.5130290000016,21563.816005999797,0.0
1774126576,10,,Aggregated,5.900000,5.900000,1200,1300,1500,1500,2100,2300,2800,15000,21000,22000,22000,2161,2161,1200.0,1581.4261097218966,812.5130290000016,21563.816005999797,0.0
1774126577,10,,Aggregated,5.700000,5.700000,1200,1300,1500,1500,2100,2300,2800,15000,21000,22000,22000,2169,2169,1200.0,1580.4939707879303,812.5130290000016,21563.816005999797,0.0
1774126578,10,,Aggregated,6.100000,6.100000,1200,1300,1500,1500,2100,2300,2800,15000,21000,22000,22000,2172,2172,1200.0,1580.2227059585744,812.5130290000016,21563.816005999797,0.0
1774126579,10,,Aggregated,5.700000,5.700000,1200,1300,1500,1500,2100,2300,2800,15000,21000,22000,22000,2179,2179,1200.0,1579.6573575094203,812.5130290000016,21563.816005999797,0.0
1774126580,10,,Aggregated,5.900000,5.900000,1200,1300,1500,1500,2100,2300,2800,15000,21000,22000,22000,2187,2187,1200.0,1578.4720703722105,812.5130290000016,21563.816005999797,0.0
1774126581,10,,Aggregated,6.100000,6.100000,1200,1300,1500,1500,2100,2300,2800,15000,21000,22000,22000,2190,2190,1200.0,1578.0733889155367,812.5130290000016,21563.816005999797,0.0
1774126582,10,,Aggregated,5.800000,5.800000,1200,1300,1500,1500,2100,2300,2800,15000,21000,22000,22000,2197,2197,1200.0,1577.5056486122091,812.5130290000016,21563.816005999797,0.0
1774126583,10,,Aggregated,6.200000,6.200000,1200,1300,1500,1500,2100,2200,2700,15000,21000,22000,22000,2201,2201,1200.0,1577.1374475874698,812.5130290000016,21563.816005999797,0.0
1774126584,10,,Aggregated,6.000000,6.000000,1200,1300,1500,1500,2100,2200,2700,15000,21000,22000,22000,2209,2209,1200.0,1576.2789911027694,812.5130290000016,21563.816005999797,0.0
1774126585,10,,Aggregated,5.900000,5.900000,1200,1300,1500,1500,2100,2200,2700,15000,21000,22000,22000,2216,2216,1200.0,1575.466942929611,812.5130290000016,21563.816005999797,0.0
1774126586,10,,Aggregated,6.000000,6.000000,1200,1300,1500,1500,2100,2200,2700,15000,21000,22000,22000,2220,2220,1200.0,1574.725653899557,812.5130290000016,21563.816005999797,0.0
1774126587,10,,Aggregated,5.800000,5.800000,1200,1300,1500,1500,2100,2200,2700,15000,21000,22000,22000,2228,2228,1200.0,1574.5511742271167,812.5130290000016,21563.816005999797,0.0
1774126588,10,,Aggregated,5.900000,5.900000,1200,1300,1500,1500,2100,2200,2700,15000,21000,22000,22000,2234,2234,1200.0,1573.5401304780744,812.5130290000016,21563.816005999797,0.0
1774126589,10,,Aggregated,5.800000,5.800000,1200,1300,1500,1500,2100,2200,2700,15000,21000,22000,22000,2239,2239,1200.0,1573.0662969111286,812.5130290000016,21563.816005999797,0.0
1774126590,10,,Aggregated,6.100000,6.100000,1200,1300,1500,1500,2100,2200,2700,15000,21000,22000,22000,2246,2246,1200.0,1572.4365639572657,812.5130290000016,21563.816005999797,0.0
1774126591,10,,Aggregated,6.000000,6.000000,1200,1300,1500,1500,2100,2200,2700,15000,21000,22000,22000,2250,2250,1200.0,1571.911604575564,812.5130290000016,21563.816005999797,0.0
1774126592,10,,Aggregated,5.900000,5.900000,1200,1300,1500,1500,2100,2200,2700,15000,21000,22000,22000,2257,2257,1200.0,1571.0192092064774,812.5130290000016,21563.816005999797,0.0
1774126593,10,,Aggregated,5.800000,5.800000,1200,1300,1500,1500,2100,2200,2700,15000,21000,22000,22000,2263,2263,1200.0,1570.698599353078,812.5130290000016,21563.816005999797,0.0
1774126594,10,,Aggregated,6.100000,6.100000,1200,1300,1500,1500,2100,2200,2700,15000,21000,22000,22000,2269,2269,1200.0,1570.1750845456213,812.5130290000016,21563.816005999797,0.0
1774126595,10,,Aggregated,5.900000,5.900000,1200,1300,1500,1500,2100,2200,2700,15000,21000,22000,22000,2275,2275,1200.0,1569.5834716109957,812.5130290000016,21563.816005999797,0.0
1774126596,10,,Aggregated,5.900000,5.900000,1200,1300,1400,1500,2100,2200,2700,15000,21000,22000,22000,2281,2281,1200.0,1568.7606253730903,812.5130290000016,21563.816005999797,0.0
1774126597,10,,Aggregated,5.900000,5.900000,1200,1300,1500,1500,2100,2200,2700,15000,21000,22000,22000,2287,2287,1200.0,1568.209066858775,812.5130290000016,21563.816005999797,0.0
1774126598,10,,Aggregated,5.800000,5.800000,1200,1300,1400,1500,2100,2200,2700,15000,21000,22000,22000,2295,2295,1200.0,1566.8778351298554,812.5130290000016,21563.816005999797,0.0
1774126599,10,,Aggregated,6.200000,6.200000,1200,1300,1400,1500,2100,2200,2700,15000,21000,22000,22000,2299,2299,1200.0,1566.7162661422442,812.5130290000016,21563.816005999797,0.0
1774126600,10,,Aggregated,5.700000,5.700000,1200,1300,1400,1500,2100,2200,2700,14000,21000,22000,22000,2305,2305,1200.0,1566.4117128182293,812.5130290000016,21563.816005999797,0.0
1774126601,10,,Aggregated,5.900000,5.900000,1200,1300,1400,1500,2100,2200,2700,14000,21000,22000,22000,2312,2312,1200.0,1565.64618365442,812.5130290000016,21563.816005999797,0.0
1774126602,10,,Aggregated,6.000000,6.000000,1200,1300,1400,1500,2100,2200,2700,14000,21000,22000,22000,2316,2316,1200.0,1564.9452329801472,812.5130290000016,21563.816005999797,0.0
1774126603,10,,Aggregated,5.900000,5.900000,1200,1300,1500,1500,2100,2200,2700,14000,21000,22000,22000,2322,2322,1200.0,1564.918111872534,812.5130290000016,21563.816005999797,0.0
1774126604,10,,Aggregated,5.800000,5.800000,1200,1300,1400,1500,2100,2200,2700,14000,21000,22000,22000,2329,2329,1200.0,1564.176199893527,812.5130290000016,21563.816005999797,0.0
1774126605,10,,Aggregated,5.900000,5.900000,1200,1300,1400,1500,2100,2200,2700,14000,21000,22000,22000,2335,2335,1200.0,1563.7674331344874,812.5130290000016,21563.816005999797,0.0
1774126606,10,,Aggregated,5.800000,5.800000,1200,1300,1400,1500,2100,2200,2700,14000,21000,22000,22000,2341,2341,1200.0,1563.2272060384566,812.5130290000016,21563.816005999797,0.0
1774126607,10,,Aggregated,6.000000,6.000000,1200,1300,1400,1500,2100,2200,2700,14000,21000,22000,22000,2346,2346,1200.0,1562.5342438145901,812.5130290000016,21563.816005999797,0.0
1774126609,10,,Aggregated,6.000000,6.000000,1200,1300,1500,1500,2100,2200,2700,14000,21000,22000,22000,2353,2353,1200.0,1562.4884426608705,812.5130290000016,21563.816005999797,0.0
1774126610,10,,Aggregated,5.800000,5.800000,1200,1300,1400,1500,2100,2200,2700,14000,21000,22000,22000,2359,2359,1200.0,1561.473092323878,812.5130290000016,21563.816005999797,0.0
1774126611,10,,Aggregated,5.900000,5.900000,1200,1300,1500,1500,2100,2200,2700,14000,21000,22000,22000,2364,2364,1200.0,1561.0068870465427,812.5130290000016,21563.816005999797,0.0
1774126612,10,,Aggregated,5.900000,5.900000,1200,1300,1500,1500,2100,2200,2700,14000,21000,22000,22000,2371,2371,1200.0,1560.8162751370842,812.5130290000016,21563.816005999797,0.0
1774126613,10,,Aggregated,5.900000,5.900000,1200,1300,1400,1500,2100,2200,2700,14000,21000,22000,22000,2376,2376,1200.0,1560.1475079642366,812.5130290000016,21563.816005999797,0.0
1774126614,10,,Aggregated,5.900000,5.900000,1200,1300,1400,1500,2100,2200,2700,14000,21000,22000,22000,2383,2383,1200.0,1559.6675228976198,812.5130290000016,21563.816005999797,0.0
1774126615,10,,Aggregated,5.700000,5.700000,1200,1300,1400,1500,2100,2200,2700,14000,21000,22000,22000,2389,2389,1200.0,1558.589844271675,812.5130290000016,21563.816005999797,0.0
1774126616,10,,Aggregated,6.000000,6.000000,1200,1300,1400,1500,2100,2200,2700,14000,21000,22000,22000,2395,2395,1200.0,1558.287955441766,812.5130290000016,21563.816005999797,0.0
1774126617,10,,Aggregated,6.000000,6.000000,1200,1300,1400,1500,2100,2200,2700,14000,21000,22000,22000,2400,2400,1200.0,1557.930746357929,812.5130290000016,21563.816005999797,0.0
1774126618,10,,Aggregated,5.800000,5.800000,1200,1300,1400,1500,2100,2200,2700,14000,21000,22000,22000,2407,2407,1200.0,1556.9185370249386,812.5130290000016,21563.816005999797,0.0
1774126619,10,,Aggregated,5.800000,5.800000,1200,1300,1400,1500,2100,2200,2700,14000,21000,22000,22000,2412,2412,1200.0,1556.4659585692482,812.5130290000016,21563.816005999797,0.0
1774126620,10,,Aggregated,6.000000,6.000000,1200,1300,1400,1500,2100,2200,2700,14000,21000,22000,22000,2419,2419,1200.0,1555.7872923518091,812.5130290000016,21563.816005999797,0.0
1774126621,10,,Aggregated,5.900000,5.900000,1200,1300,1400,1500,2100,2200,2700,14000,21000,22000,22000,2426,2426,1200.0,1555.1282089880565,812.5130290000016,21563.816005999797,0.0
1774126622,10,,Aggregated,5.900000,5.900000,1200,1300,1400,1500,2100,2200,2700,14000,21000,22000,22000,2429,2429,1200.0,1555.2295418106312,812.5130290000016,21563.816005999797,0.0
1774126623,10,,Aggregated,5.900000,5.900000,1200,1300,1400,1500,2100,2200,2700,14000,21000,22000,22000,2437,2437,1200.0,1554.5546460894632,812.5130290000016,21563.816005999797,0.0
1774126624,10,,Aggregated,5.800000,5.800000,1200,1300,1400,1500,2100,2200,2700,14000,21000,22000,22000,2445,2445,1200.0,1553.9360961697425,812.5130290000016,21563.816005999797,0.0
1774126625,10,,Aggregated,6.100000,6.100000,1200,1300,1400,1500,2100,2200,2700,14000,21000,22000,22000,2448,2448,1200.0,1553.817191093145,812.5130290000016,21563.816005999797,0.0
1774126626,10,,Aggregated,5.800000,5.800000,1200,1300,1400,1500,2100,2200,2700,14000,21000,22000,22000,2455,2455,1200.0,1552.785251214671,812.5130290000016,21563.816005999797,0.0
1774126627,10,,Aggregated,5.700000,5.700000,1200,1300,1400,1500,2100,2200,2700,14000,21000,22000,22000,2461,2461,1200.0,1552.3386740040705,812.5130290000016,21563.816005999797,0.0
1774126628,10,,Aggregated,6.000000,6.000000,1200,1300,1400,1500,2100,2200,2700,14000,21000,22000,22000,2466,2466,1200.0,1552.1868741930325,812.5130290000016,21563.816005999797,0.0
1774126629,10,,Aggregated,5.900000,5.900000,1200,1300,1400,1500,2100,2200,2700,14000,21000,22000,22000,2473,2473,1200.0,1551.1249643809201,812.5130290000016,21563.816005999797,0.0
1774126630,10,,Aggregated,5.900000,5.900000,1200,1300,1400,1500,2100,2200,2700,14000,21000,22000,22000,2478,2478,1200.0,1551.2134907098534,812.5130290000016,21563.816005999797,0.0
1774126631,10,,Aggregated,6.000000,6.000000,1200,1300,1400,1500,2100,2200,2700,14000,21000,22000,22000,2484,2484,1200.0,1550.3887344758516,812.5130290000016,21563.816005999797,0.0
1774126632,10,,Aggregated,5.800000,5.800000,1200,1300,1400,1500,2100,2200,2700,14000,21000,22000,22000,2493,2493,1200.0,1549.699511034904,812.5130290000016,21563.816005999797,0.0
1774126633,10,,Aggregated,5.900000,5.900000,1200,1300,1400,1500,2100,2200,2700,14000,21000,22000,22000,2497,2497,1200.0,1548.9797890464608,812.5130290000016,21563.816005999797,0.0
1774126634,10,,Aggregated,6.300000,6.300000,1200,1300,1400,1500,2100,2200,2600,14000,21000,22000,22000,2503,2503,1200.0,1548.6358458146283,812.5130290000016,21563.816005999797,0.0
1774126635,10,,Aggregated,5.800000,5.800000,1200,1300,1400,1500,2100,2200,2600,14000,21000,22000,22000,2510,2510,1200.0,1547.9289004613588,812.5130290000016,21563.816005999797,0.0
1774126636,10,,Aggregated,5.900000,5.900000,1200,1300,1400,1500,2100,2200,2600,14000,21000,22000,22000,2516,2516,1200.0,1547.0366440365717,812.5130290000016,21563.816005999797,0.0
1774126637,10,,Aggregated,6.200000,6.200000,1200,1300,1400,1500,2100,2200,2600,14000,21000,22000,22000,2522,2522,1200.0,1547.0077085404498,812.5130290000016,21563.816005999797,0.0
1774126638,10,,Aggregated,5.800000,5.800000,1200,1300,1400,1500,2100,2200,2600,14000,21000,22000,22000,2528,2528,1200.0,1546.0943697369519,812.5130290000016,21563.816005999797,0.0
1774126639,10,,Aggregated,6.100000,6.100000,1200,1300,1400,1500,2100,2200,2600,14000,21000,22000,22000,2534,2534,1200.0,1545.9140854708035,812.5130290000016,21563.816005999797,0.0
1774126640,10,,Aggregated,6.100000,6.100000,1200,1300,1400,1500,2100,2200,2600,14000,21000,22000,22000,2538,2538,1200.0,1545.5494393286128,812.5130290000016,21563.816005999797,0.0
1774126641,10,,Aggregated,5.900000,5.900000,1200,1300,1400,1500,2000,2200,2600,14000,21000,22000,22000,2546,2546,1200.0,1544.8013968264013,812.5130290000016,21563.816005999797,0.0
1774126642,10,,Aggregated,6.100000,6.100000,1200,1300,1400,1500,2000,2200,2600,14000,21000,22000,22000,2551,2551,1200.0,1544.4715514731542,812.5130290000016,21563.816005999797,0.0
1774126643,10,,Aggregated,6.200000,6.200000,1200,1300,1400,1500,2000,2200,2600,14000,21000,22000,22000,2556,2556,1200.0,1543.8458271694117,812.5130290000016,21563.816005999797,0.0
1774126644,10,,Aggregated,5.600000,5.600000,1200,1300,1400,1500,2000,2200,2600,14000,21000,22000,22000,2564,2564,1200.0,1543.1976780725486,812.5130290000016,21563.816005999797,0.0
1774126645,10,,Aggregated,6.000000,6.000000,1200,1300,1400,1500,2100,2200,2600,14000,21000,22000,22000,2569,2569,1200.0,1543.008761673809,812.5130290000016,21563.816005999797,0.0
1774126646,10,,Aggregated,5.900000,5.900000,1200,1300,1400,1500,2100,2200,2600,14000,21000,22000,22000,2575,2575,1200.0,1542.5796112796183,812.5130290000016,21563.816005999797,0.0
1774126647,10,,Aggregated,5.700000,5.700000,1200,1300,1400,1500,2000,2200,2600,14000,21000,22000,22000,2582,2582,1200.0,1541.5162706587978,812.5130290000016,21563.816005999797,0.0
1774126648,10,,Aggregated,6.200000,6.200000,1200,1300,1400,1500,2100,2200,2600,14000,21000,22000,22000,2588,2588,1200.0,1541.6037522983052,812.5130290000016,21563.816005999797,0.0
1774126649,10,,Aggregated,6.200000,6.200000,1200,1300,1400,1500,2000,2200,2600,14000,21000,22000,22000,2592,2592,1200.0,1541.234001647767,812.5130290000016,21563.816005999797,0.0
1774126650,10,,Aggregated,5.700000,5.700000,1200,1300,1400,1500,2000,2200,2600,14000,21000,22000,22000,2599,2599,1200.0,1540.1627983951569,812.5130290000016,21563.816005999797,0.0
1774126651,10,,Aggregated,6.100000,6.100000,1200,1300,1400,1500,2100,2200,2600,13000,21000,22000,22000,2603,2603,1200.0,1540.6908468090714,812.5130290000016,21563.816005999797,0.0
1774126652,10,,Aggregated,5.700000,5.700000,1200,1300,1400,1500,2100,2200,2600,13000,21000,22000,22000,2610,2610,1200.0,1539.9353031873618,812.5130290000016,21563.816005999797,0.0
1774126653,10,,Aggregated,5.700000,5.700000,1200,1300,1400,1500,2100,2200,2600,13000,21000,22000,22000,2619,2619,1200.0,1539.316079063771,812.5130290000016,21563.816005999797,0.0
1774126654,10,,Aggregated,6.000000,6.000000,1200,1300,1400,1500,2000,2200,2600,13000,21000,22000,22000,2621,2621,1200.0,1539.0771391396474,812.5130290000016,21563.816005999797,0.0
1774126655,10,,Aggregated,5.700000,5.700000,1200,1300,1400,1500,2100,2200,2600,13000,21000,22000,22000,2629,2629,1200.0,1538.7340426728856,812.5130290000016,21563.816005999797,0.0
1774126656,10,,Aggregated,6.100000,6.100000,1200,1300,1400,1500,2000,2200,2600,13000,21000,22000,22000,2633,2633,1200.0,1538.4741489889911,812.5130290000016,21563.816005999797,0.0
1774126657,10,,Aggregated,5.800000,5.800000,1200,1300,1400,1500,2000,2200,2600,13000,21000,22000,22000,2640,2640,1200.0,1537.9998486113698,812.5130290000016,21563.816005999797,0.0
1774126658,10,,Aggregated,5.600000,5.600000,1200,1300,1400,1500,2000,2200,2600,13000,21000,22000,22000,2647,2647,1200.0,1537.5080435141724,812.5130290000016,21563.816005999797,0.0
1774126659,10,,Aggregated,5.800000,5.800000,1200,1300,1400,1500,2000,2200,2600,13000,21000,22000,22000,2652,2652,1200.0,1536.938984423083,812.5130290000016,21563.816005999797,0.0
1774126660,10,,Aggregated,5.900000,5.900000,1200,1300,1400,1500,2000,2200,2600,13000,21000,22000,22000,2657,2657,1200.0,1536.8035361689942,812.5130290000016,21563.816005999797,0.0
1774126661,10,,Aggregated,5.500000,5.500000,1200,1300,1400,1500,2000,2200,2600,13000,21000,22000,22000,2663,2663,1200.0,1536.6197038280197,812.5130290000016,21563.816005999797,0.0
1774126662,10,,Aggregated,6.000000,6.000000,1200,1300,1400,1500,2100,2200,2600,13000,21000,22000,22000,2670,2670,1200.0,1536.186569507873,812.5130290000016,21563.816005999797,0.0
1774126663,10,,Aggregated,5.700000,5.700000,1200,1300,1400,1500,2000,2200,2600,13000,21000,22000,22000,2675,2675,1200.0,1535.5235381458026,812.5130290000016,21563.816005999797,0.0
1774126664,10,,Aggregated,5.800000,5.800000,1200,1300,1400,1500,2000,2200,2600,13000,21000,22000,22000,2682,2682,1200.0,1535.326561469807,812.5130290000016,21563.816005999797,0.0
1774126665,10,,Aggregated,5.800000,5.800000,1200,1300,1400,1500,2000,2200,2600,13000,21000,22000,22000,2687,2687,1200.0,1534.806133231865,812.5130290000016,21563.816005999797,0.0
1774126666,10,,Aggregated,5.600000,5.600000,1200,1300,1400,1500,2000,2200,2600,13000,21000,22000,22000,2694,2694,1200.0,1534.4681118377948,812.5130290000016,21563.816005999797,0.0
1774126667,10,,Aggregated,6.000000,6.000000,1200,1300,1400,1500,2000,2200,2600,12000,21000,22000,22000,2701,2701,1200.0,1533.7227378430287,812.5130290000016,21563.816005999797,0.0
1774126668,10,,Aggregated,5.800000,5.800000,1200,1300,1400,1500,2000,2200,2600,12000,21000,22000,22000,2705,2705,1200.0,1533.1866414281046,812.5130290000016,21563.816005999797,0.0
1774126669,10,,Aggregated,5.900000,5.900000,1200,1300,1400,1500,2000,2200,2600,12000,21000,22000,22000,2711,2711,1200.0,1533.3378010051733,812.5130290000016,21563.816005999797,0.0
1774126670,10,,Aggregated,5.900000,5.900000,1200,1300,1400,1500,2000,2200,2600,12000,21000,22000,22000,2719,2719,1200.0,1532.5177843780903,812.5130290000016,21563.816005999797,0.0
1774126671,10,,Aggregated,5.800000,5.800000,1200,1300,1400,1500,2000,2200,2600,12000,21000,22000,22000,2724,2724,1200.0,1532.0675516145475,812.5130290000016,21563.816005999797,0.0
1774126672,10,,Aggregated,5.700000,5.700000,1200,1300,1400,1500,2000,2200,2600,12000,21000,22000,22000,2729,2729,1200.0,1531.8791087416737,812.5130290000016,21563.816005999797,0.0
1774126673,10,,Aggregated,6.000000,6.000000,1200,1300,1400,1500,2000,2200,2600,12000,21000,22000,22000,2736,2736,1200.0,1531.3194469755229,812.5130290000016,21563.816005999797,0.0
1774126674,10,,Aggregated,6.100000,6.100000,1200,1300,1400,1500,2000,2200,2600,12000,21000,22000,22000,2743,2743,1200.0,1530.8706538589258,812.5130290000016,21563.816005999797,0.0
1774126676,10,,Aggregated,5.900000,5.900000,1200,1300,1400,1500,2000,2200,2600,12000,21000,22000,22000,2747,2747,1200.0,1530.6612349166483,812.5130290000016,21563.816005999797,0.0
1774126677,10,,Aggregated,6.000000,6.000000,1200,1300,1400,1500,2000,2200,2600,12000,21000,22000,22000,2755,2755,1200.0,1530.3686429840402,812.5130290000016,21563.816005999797,0.0
1774126678,10,,Aggregated,6.000000,6.000000,1200,1300,1400,1500,2000,2200,2600,12000,21000,22000,22000,2759,2759,1200.0,1529.7354916922914,812.5130290000016,21563.816005999797,0.0
1774126679,10,,Aggregated,6.000000,6.000000,1200,1300,1400,1500,2000,2200,2600,12000,21000,22000,22000,2768,2768,1200.0,1529.0043369281193,812.5130290000016,21563.816005999797,0.0
1774126680,10,,Aggregated,6.000000,6.000000,1200,1300,1400,1500,2000,2200,2600,12000,21000,22000,22000,2773,2773,1200.0,1528.580367348732,812.5130290000016,21563.816005999797,0.0
1774126681,10,,Aggregated,6.100000,6.100000,1200,1300,1400,1500,2000,2200,2600,12000,21000,22000,22000,2778,2778,1200.0,1528.2284525586865,812.5130290000016,21563.816005999797,0.0
1774126682,10,,Aggregated,6.100000,6.100000,1200,1300,1400,1500,2000,2200,2600,12000,21000,22000,22000,2785,2785,1200.0,1527.8799364129386,812.5130290000016,21563.816005999797,0.0
1774126683,10,,Aggregated,5.800000,5.800000,1200,1300,1400,1500,2000,2200,2600,12000,21000,22000,22000,2792,2792,1200.0,1527.0520284559577,812.5130290000016,21563.816005999797,0.0
1774126684,10,,Aggregated,5.900000,5.900000,1200,1300,1400,1500,2000,2200,2600,12000,21000,22000,22000,2796,2796,1200.0,1526.7934886362784,812.5130290000016,21563.816005999797,0.0
1774126685,10,,Aggregated,6.000000,6.000000,1200,1300,1400,1500,2000,2200,2600,12000,21000,22000,22000,2804,2804,1200.0,1526.2374413380992,812.5130290000016,21563.816005999797,0.0
1774126686,10,,Aggregated,6.000000,6.000000,1200,1300,1400,1500,2000,2200,2600,12000,21000,22000,22000,2809,2809,1200.0,1526.0157580979098,812.5130290000016,21563.816005999797,0.0
1774126687,10,,Aggregated,5.900000,5.900000,1200,1300,1400,1500,2000,2200,2600,12000,21000,22000,22000,2814,2814,1200.0,1525.7539069953896,812.5130290000016,21563.816005999797,0.0
1774126688,10,,Aggregated,6.000000,6.000000,1200,1300,1400,1500,2000,2200,2600,12000,21000,22000,22000,2821,2821,1200.0,1525.5206061552738,812.5130290000016,21563.816005999797,0.0
1774126689,10,,Aggregated,6.200000,6.200000,1200,1300,1400,1500,2000,2200,2600,12000,21000,22000,22000,2826,2826,1200.0,1525.0339081511063,812.5130290000016,21563.816005999797,0.0
1774126690,10,,Aggregated,5.900000,5.900000,1200,1300,1400,1500,2000,2200,2600,12000,21000,22000,22000,2832,2832,1200.0,1524.8354090063647,812.5130290000016,21563.816005999797,0.0
1774126691,10,,Aggregated,6.000000,6.000000,1200,1300,1400,1500,2000,2200,2600,12000,21000,22000,22000,2839,2839,1200.0,1524.5104072243835,812.5130290000016,21563.816005999797,0.0
1774126692,10,,Aggregated,5.900000,5.900000,1200,1300,1400,1500,2000,2200,2600,12000,21000,22000,22000,2846,2846,1200.0,1523.9419263408386,812.5130290000016,21563.816005999797,0.0
1774126693,10,,Aggregated,6.100000,6.100000,1200,1300,1400,1500,2000,2200,2600,12000,21000,22000,22000,2851,2851,1200.0,1523.7310199568662,812.5130290000016,21563.816005999797,0.0
1774126694,10,,Aggregated,5.800000,5.800000,1200,1300,1400,1500,2000,2200,2600,12000,21000,22000,22000,2856,2856,1200.0,1523.3873736204566,812.5130290000016,21563.816005999797,0.0
1774126695,10,,Aggregated,5.900000,5.900000,1200,1300,1400,1500,2000,2200,2600,12000,21000,22000,22000,2863,2863,1200.0,1523.2965011198123,812.5130290000016,21563.816005999797,0.0
1774126696,10,,Aggregated,6.000000,6.000000,1200,1300,1400,1500,2000,2200,2600,12000,21000,22000,22000,2868,2868,1200.0,1522.6775538573986,812.5130290000016,21563.816005999797,0.0
1774126697,10,,Aggregated,5.700000,5.700000,1200,1300,1400,1500,2000,2200,2600,12000,21000,22000,22000,2875,2875,1200.0,1522.1746608093977,812.5130290000016,21563.816005999797,0.0
1774126698,10,,Aggregated,5.800000,5.800000,1200,1300,1400,1500,2000,2200,2600,12000,21000,22000,22000,2881,2881,1200.0,1521.759716125311,812.5130290000016,21563.816005999797,0.0
1774126699,10,,Aggregated,5.900000,5.900000,1200,1300,1400,1500,2000,2200,2600,12000,21000,22000,22000,2886,2886,1200.0,1521.2467229528838,812.5130290000016,21563.816005999797,0.0
1774126700,10,,Aggregated,5.900000,5.900000,1200,1300,1400,1500,2000,2200,2600,12000,21000,22000,22000,2892,2892,1200.0,1521.2174569723454,812.5130290000016,21563.816005999797,0.0
1774126701,10,,Aggregated,5.800000,5.800000,1200,1300,1400,1500,2000,2200,2600,12000,21000,22000,22000,2900,2900,1200.0,1520.1300031534565,812.5130290000016,21563.816005999797,0.0
1774126702,10,,Aggregated,6.000000,6.000000,1200,1300,1400,1500,2000,2200,2600,8300,21000,22000,22000,2905,2905,1200.0,1519.9222579645527,812.5130290000016,21563.816005999797,0.0
1774126703,10,,Aggregated,6.000000,6.000000,1200,1300,1400,1500,2000,2200,2600,8300,21000,22000,22000,2910,2910,1200.0,1519.8741372426214,812.5130290000016,21563.816005999797,0.0
1774126704,10,,Aggregated,5.900000,5.900000,1200,1300,1400,1500,2000,2200,2600,8300,21000,22000,22000,2918,2918,1200.0,1518.9455376970623,812.5130290000016,21563.816005999797,0.0
1774126705,10,,Aggregated,6.200000,6.200000,1200,1300,1400,1500,2000,2200,2600,8300,21000,22000,22000,2923,2923,1200.0,1518.706310585025,812.5130290000016,21563.816005999797,0.0
1774126706,10,,Aggregated,6.200000,6.200000,1200,1300,1400,1500,2000,2200,2600,8300,21000,22000,22000,2928,2928,1200.0,1518.516217128766,812.5130290000016,21563.816005999797,0.0
1774126707,10,,Aggregated,6.000000,6.000000,1200,1300,1400,1500,2000,2200,2600,8300,21000,22000,22000,2937,2937,1200.0,1517.9288045655505,812.5130290000016,21563.816005999797,0.0
1774126708,10,,Aggregated,6.100000,6.100000,1200,1300,1400,1500,2000,2200,2600,8300,21000,22000,22000,2941,2941,1200.0,1517.8096581608381,812.5130290000016,21563.816005999797,0.0
1774126709,10,,Aggregated,5.900000,5.900000,1200,1300,1400,1500,2000,2200,2600,8300,21000,22000,22000,2948,2948,1200.0,1517.2203159854228,812.5130290000016,21563.816005999797,0.0
1774126710,10,,Aggregated,5.900000,5.900000,1200,1300,1400,1500,2000,2200,2600,8300,21000,22000,22000,2953,2953,1200.0,1516.6140136142992,812.5130290000016,21563.816005999797,0.0
1774126711,10,,Aggregated,6.200000,6.200000,1200,1300,1400,1500,2000,2200,2600,8300,21000,22000,22000,2957,2957,1200.0,1516.732420425101,812.5130290000016,21563.816005999797,0.0
1774126712,10,,Aggregated,5.800000,5.800000,1200,1300,1400,1500,2000,2200,2600,8300,21000,22000,22000,2966,2966,1200.0,1516.248585141951,812.5130290000016,21563.816005999797,0.0
1774126713,10,,Aggregated,5.900000,5.900000,1200,1300,1400,1500,2000,2200,2600,8300,21000,22000,22000,2973,2973,1200.0,1515.7670782176342,812.5130290000016,21563.816005999797,0.0
1774126714,10,,Aggregated,6.000000,6.000000,1200,1300,1400,1500,2000,2200,2600,8300,21000,22000,22000,2976,2976,1200.0,1515.87872083435,812.5130290000016,21563.816005999797,0.0
1774126715,10,,Aggregated,5.600000,5.600000,1200,1300,1400,1500,2000,2200,2600,8300,21000,22000,22000,2983,2983,1200.0,1515.209545199136,812.5130290000016,21563.816005999797,0.0
1774126716,10,,Aggregated,5.900000,5.900000,1200,1300,1400,1500,2000,2200,2600,8300,21000,22000,22000,2989,2989,1200.0,1515.3705469374459,812.5130290000016,21563.816005999797,0.0
1774126717,10,,Aggregated,6.000000,6.000000,1200,1300,1400,1500,2000,2200,2600,8300,21000,22000,22000,2994,2994,1200.0,1514.8710109322067,812.5130290000016,21563.816005999797,0.0
1774126718,10,,Aggregated,5.500000,5.500000,1200,1300,1400,1500,2000,2200,2600,6600,21000,22000,22000,3002,3002,1200.0,1514.3782928234605,812.5130290000016,21563.816005999797,0.0
1774126719,10,,Aggregated,6.000000,6.000000,1200,1300,1400,1500,2000,2200,2600,6600,21000,22000,22000,3007,3007,1200.0,1514.2557345567104,812.5130290000016,21563.816005999797,0.0
1774126720,10,,Aggregated,5.800000,5.800000,1200,1300,1400,1500,2000,2200,2600,6600,21000,22000,22000,3012,3012,1200.0,1513.7919757881905,812.5130290000016,21563.816005999797,0.0
1774126721,10,,Aggregated,5.700000,5.700000,1200,1300,1400,1500,2000,2200,2600,6600,21000,22000,22000,3019,3019,1200.0,1513.8042499635737,812.5130290000016,21563.816005999797,0.0
1774126722,10,,Aggregated,5.900000,5.900000,1200,1300,1400,1500,2000,2200,2600,6600,21000,22000,22000,3025,3025,1200.0,1513.0163060393488,812.5130290000016,21563.816005999797,0.0
1774126723,10,,Aggregated,5.900000,5.900000,1200,1300,1400,1500,2000,2200,2600,6600,21000,22000,22000,3031,3031,1200.0,1512.704418756196,812.5130290000016,21563.816005999797,0.0
1774126724,10,,Aggregated,5.900000,5.900000,1200,1300,1400,1500,2000,2200,2600,6600,21000,22000,22000,3036,3036,1200.0,1512.764262642632,812.5130290000016,21563.816005999797,0.0
1774126725,10,,Aggregated,6.000000,6.000000,1200,1300,1400,1500,2000,2200,2600,6600,21000,22000,22000,3043,3043,1200.0,1511.9850032931417,812.5130290000016,21563.816005999797,0.0
1774126726,10,,Aggregated,5.900000,5.900000,1200,1300,1400,1500,2000,2200,2600,6600,21000,22000,22000,3049,3049,1200.0,1511.9741329957458,812.5130290000016,21563.816005999797,0.0
1774126727,10,,Aggregated,5.800000,5.800000,1200,1300,1400,1500,2000,2200,2600,6600,21000,22000,22000,3054,3054,1200.0,1511.4292996719146,812.5130290000016,21563.816005999797,0.0
1774126728,10,,Aggregated,6.200000,6.200000,1200,1300,1400,1500,2000,2200,2600,6600,21000,22000,22000,3061,3061,1200.0,1510.9216848033413,812.5130290000016,21563.816005999797,0.0
1774126729,10,,Aggregated,5.900000,5.900000,1200,1300,1400,1500,2000,2200,2600,6600,21000,22000,22000,3068,3068,1200.0,1510.5981842835808,812.5130290000016,21563.816005999797,0.0
1774126730,10,,Aggregated,6.000000,6.000000,1200,1300,1400,1500,2000,2200,2600,6600,21000,22000,22000,3072,3072,1200.0,1510.1701974371829,812.5130290000016,21563.816005999797,0.0
1774126731,10,,Aggregated,5.900000,5.900000,1200,1300,1400,1500,2000,2200,2600,6600,21000,22000,22000,3080,3080,1200.0,1510.0850032993599,812.5130290000016,21563.816005999797,0.0
1774126732,10,,Aggregated,6.000000,6.000000,1200,1300,1400,1500,2000,2200,2600,6600,21000,22000,22000,3086,3086,1200.0,1509.393676451079,812.5130290000016,21563.816005999797,0.0
1774126733,10,,Aggregated,5.900000,5.900000,1200,1300,1400,1500,2000,2200,2600,6600,21000,22000,22000,3090,3090,1200.0,1509.3408401540553,812.5130290000016,21563.816005999797,0.0
1774126734,10,,Aggregated,5.900000,5.900000,1200,1300,1400,1500,2000,2200,2600,6600,21000,22000,22000,3097,3097,1200.0,1509.1050584091158,812.5130290000016,21563.816005999797,0.0
1774126735,10,,Aggregated,6.000000,6.000000,1200,1300,1400,1500,2000,2200,2600,5900,21000,22000,22000,3105,3105,1200.0,1508.5086039713462,812.5130290000016,21563.816005999797,0.0
1774126736,10,,Aggregated,5.900000,5.900000,1200,1300,1400,1500,2000,2200,2600,5900,21000,22000,22000,3108,3108,1200.0,1508.1833094108852,812.5130290000016,21563.816005999797,0.0
1774126738,10,,Aggregated,5.900000,5.900000,1200,1300,1400,1500,2000,2200,2600,5900,21000,22000,22000,3116,3116,1200.0,1508.1436518363387,812.5130290000016,21563.816005999797,0.0
1774126739,10,,Aggregated,6.000000,6.000000,1200,1300,1400,1500,2000,2200,2600,5900,21000,22000,22000,3122,3122,1200.0,1507.4516733068633,812.5130290000016,21563.816005999797,0.0
1774126740,10,,Aggregated,6.000000,6.000000,1200,1300,1400,1500,2000,2200,2600,5900,21000,22000,22000,3126,3126,1200.0,1507.2251285502325,812.5130290000016,21563.816005999797,0.0
1774126741,10,,Aggregated,6.000000,6.000000,1200,1300,1400,1500,2000,2200,2600,5900,21000,22000,22000,3134,3134,1200.0,1507.0689387463387,812.5130290000016,21563.816005999797,0.0
1774126742,10,,Aggregated,6.000000,6.000000,1200,1300,1400,1500,2000,2200,2600,5900,21000,22000,22000,3139,3139,1200.0,1506.6033799044358,812.5130290000016,21563.816005999797,0.0
1774126743,10,,Aggregated,6.000000,6.000000,1200,1300,1400,1500,2000,2200,2600,5900,21000,22000,22000,3146,3146,1200.0,1506.7058654510577,812.5130290000016,21563.816005999797,0.0
1774126744,10,,Aggregated,6.000000,6.000000,1200,1300,1400,1500,2000,2200,2500,5900,21000,22000,22000,3151,3151,1200.0,1506.2257507496115,812.5130290000016,21563.816005999797,0.0
1774126745,10,,Aggregated,5.800000,5.800000,1200,1300,1400,1500,2000,2200,2500,5900,21000,22000,22000,3156,3156,1200.0,1505.9399542975366,812.5130290000016,21563.816005999797,0.0
1774126746,10,,Aggregated,5.900000,5.900000,1200,1300,1400,1500,2000,2200,2500,5900,21000,22000,22000,3164,3164,1200.0,1505.775444869161,812.5130290000016,21563.816005999797,0.0
1774126747,10,,Aggregated,5.900000,5.900000,1200,1300,1400,1500,2000,2200,2500,5900,21000,22000,22000,3168,3168,1200.0,1505.280032776523,812.5130290000016,21563.816005999797,0.0
1774126748,10,,Aggregated,5.700000,5.700000,1200,1300,1400,1500,2000,2200,2500,5900,21000,22000,22000,3175,3175,1200.0,1505.008780251976,812.5130290000016,21563.816005999797,0.0
1774126749,10,,Aggregated,6.000000,6.000000,1200,1300,1400,1500,2000,2200,2500,5900,21000,22000,22000,3181,3181,1200.0,1504.7186423769326,812.5130290000016,21563.816005999797,0.0
1774126750,10,,Aggregated,5.800000,5.800000,1200,1300,1400,1500,2000,2200,2500,5900,21000,22000,22000,3187,3187,1200.0,1504.4003308064082,812.5130290000016,21563.816005999797,0.0
1774126751,10,,Aggregated,5.800000,5.800000,1200,1300,1400,1500,2000,2200,2500,5900,21000,22000,22000,3195,3195,1200.0,1504.054397042574,812.5130290000016,21563.816005999797,0.0
1774126752,10,,Aggregated,6.100000,6.100000,1200,1300,1400,1500,2000,2200,2500,5900,21000,22000,22000,3199,3199,1200.0,1503.861737457338,812.5130290000016,21563.816005999797,0.0
1774126753,10,,Aggregated,6.100000,6.100000,1200,1300,1400,1500,2000,2200,2500,5600,21000,22000,22000,3205,3205,1200.0,1503.3775825298053,812.5130290000016,21563.816005999797,0.0
1774126754,10,,Aggregated,5.900000,5.900000,1200,1300,1400,1500,2000,2200,2500,5600,21000,22000,22000,3212,3212,1200.0,1503.2069920828221,812.5130290000016,21563.816005999797,0.0
