Method,Name,Error,Occurrences
FANOUT,K100,Exception('timeout_or_slo_miss: completed=73/100 errors=20 elapsed_ms=1666.2'),1
FANOUT,K100,Exception('timeout_or_slo_miss: completed=67/100 errors=33 elapsed_ms=1169.6'),1
FANOUT,K100,Exception('timeout_or_slo_miss: completed=65/100 errors=35 elapsed_ms=1265.1'),1
FANOUT,K100,Exception('timeout_or_slo_miss: completed=63/100 errors=37 elapsed_ms=1235.6'),1
FANOUT,K100,Exception('timeout_or_slo_miss: completed=73/100 errors=27 elapsed_ms=1018.9'),1
FANOUT,K100,Exception('timeout_or_slo_miss: completed=66/100 errors=34 elapsed_ms=1167.0'),1
FANOUT,K100,Exception('timeout_or_slo_miss: completed=70/100 errors=30 elapsed_ms=1094.7'),1
FANOUT,K100,Exception('timeout_or_slo_miss: completed=67/100 errors=26 elapsed_ms=2012.0'),1
FANOUT,K100,Exception('timeout_or_slo_miss: completed=63/100 errors=37 elapsed_ms=1332.3'),1
FANOUT,K100,Exception('timeout_or_slo_miss: completed=55/100 errors=35 elapsed_ms=2758.5'),1
FANOUT,K100,Exception('timeout_or_slo_miss: completed=66/100 errors=34 elapsed_ms=1217.1'),1
FANOUT,K100,Exception('timeout_or_slo_miss: completed=69/100 errors=31 elapsed_ms=1158.7'),1
FANOUT,K100,Exception('timeout_or_slo_miss: completed=72/100 errors=28 elapsed_ms=1042.7'),1
FANOUT,K100,Exception('timeout_or_slo_miss: completed=75/100 errors=25 elapsed_ms=1009.5'),1
FANOUT,K100,Exception('timeout_or_slo_miss: completed=65/100 errors=35 elapsed_ms=1159.6'),1
FANOUT,K100,Exception('timeout_or_slo_miss: completed=65/100 errors=35 elapsed_ms=1153.3'),1
FANOUT,K100,Exception('timeout_or_slo_miss: completed=65/100 errors=35 elapsed_ms=1196.0'),1
FANOUT,K100,Exception('timeout_or_slo_miss: completed=63/100 errors=37 elapsed_ms=1243.4'),1
FANOUT,K100,Exception('timeout_or_slo_miss: completed=72/100 errors=28 elapsed_ms=1125.4'),1
FANOUT,K100,Exception('timeout_or_slo_miss: completed=68/100 errors=22 elapsed_ms=2163.6'),1
FANOUT,K100,Exception('timeout_or_slo_miss: completed=67/100 errors=33 elapsed_ms=1199.8'),1
FANOUT,K100,Exception('timeout_or_slo_miss: completed=60/100 errors=40 elapsed_ms=1508.4'),1
FANOUT,K100,Exception('timeout_or_slo_miss: completed=65/100 errors=35 elapsed_ms=1268.2'),1
FANOUT,K100,Exception('timeout_or_slo_miss: completed=68/100 errors=32 elapsed_ms=1157.8'),1
FANOUT,K100,Exception('timeout_or_slo_miss: completed=67/100 errors=33 elapsed_ms=1123.0'),1
FANOUT,K100,Exception('timeout_or_slo_miss: completed=56/100 errors=44 elapsed_ms=1519.7'),1
FANOUT,K100,Exception('timeout_or_slo_miss: completed=61/100 errors=39 elapsed_ms=1426.3'),1
FANOUT,K100,Exception('timeout_or_slo_miss: completed=69/100 errors=31 elapsed_ms=1123.2'),1
FANOUT,K100,Exception('timeout_or_slo_miss: completed=64/100 errors=36 elapsed_ms=1230.0'),1
FANOUT,K100,Exception('timeout_or_slo_miss: completed=69/100 errors=31 elapsed_ms=1182.5'),1
FANOUT,K100,Exception('timeout_or_slo_miss: completed=70/100 errors=30 elapsed_ms=1123.9'),1
FANOUT,K100,Exception('timeout_or_slo_miss: completed=70/100 errors=30 elapsed_ms=1183.0'),1
FANOUT,K100,Exception('timeout_or_slo_miss: completed=68/100 errors=32 elapsed_ms=1231.8'),1
FANOUT,K100,Exception('timeout_or_slo_miss: completed=60/100 errors=40 elapsed_ms=1452.4'),1
FANOUT,K100,Exception('timeout_or_slo_miss: completed=64/100 errors=36 elapsed_ms=1211.9'),1
FANOUT,K100,Exception('timeout_or_slo_miss: completed=71/100 errors=29 elapsed_ms=1089.3'),1
FANOUT,K100,Exception('timeout_or_slo_miss: completed=67/100 errors=33 elapsed_ms=1139.0'),1
FANOUT,K100,Exception('timeout_or_slo_miss: completed=69/100 errors=31 elapsed_ms=1156.3'),1
FANOUT,K100,Exception('timeout_or_slo_miss: completed=60/100 errors=40 elapsed_ms=1507.6'),1
FANOUT,K100,Exception('timeout_or_slo_miss: completed=71/100 errors=19 elapsed_ms=2113.0'),1
FANOUT,K100,Exception('timeout_or_slo_miss: completed=72/100 errors=28 elapsed_ms=1123.6'),2
FANOUT,K100,Exception('timeout_or_slo_miss: completed=73/100 errors=27 elapsed_ms=1153.4'),1
FANOUT,K100,Exception('timeout_or_slo_miss: completed=70/100 errors=30 elapsed_ms=1146.0'),1
FANOUT,K100,Exception('timeout_or_slo_miss: completed=59/100 errors=41 elapsed_ms=1506.6'),1
FANOUT,K100,Exception('timeout_or_slo_miss: completed=67/100 errors=33 elapsed_ms=1146.5'),1
FANOUT,K100,Exception('timeout_or_slo_miss: completed=67/100 errors=33 elapsed_ms=1163.4'),1
FANOUT,K100,Exception('timeout_or_slo_miss: completed=66/100 errors=34 elapsed_ms=1137.1'),1
FANOUT,K100,Exception('timeout_or_slo_miss: completed=60/100 errors=40 elapsed_ms=1385.9'),1
FANOUT,K100,Exception('timeout_or_slo_miss: completed=69/100 errors=31 elapsed_ms=1155.0'),1
FANOUT,K100,Exception('timeout_or_slo_miss: completed=75/100 errors=25 elapsed_ms=1008.7'),1
FANOUT,K100,Exception('timeout_or_slo_miss: completed=61/100 errors=39 elapsed_ms=1297.2'),1
FANOUT,K100,Exception('timeout_or_slo_miss: completed=63/100 errors=37 elapsed_ms=1340.0'),1
FANOUT,K100,Exception('timeout_or_slo_miss: completed=63/100 errors=37 elapsed_ms=1475.1'),1
FANOUT,K100,Exception('timeout_or_slo_miss: completed=70/100 errors=30 elapsed_ms=1127.0'),1
FANOUT,K100,Exception('timeout_or_slo_miss: completed=70/100 errors=30 elapsed_ms=1177.4'),1
FANOUT,K100,Exception('timeout_or_slo_miss: completed=66/100 errors=34 elapsed_ms=1278.1'),1
FANOUT,K100,Exception('timeout_or_slo_miss: completed=65/100 errors=35 elapsed_ms=1230.3'),1
FANOUT,K100,Exception('timeout_or_slo_miss: completed=70/100 errors=30 elapsed_ms=1129.1'),1
FANOUT,K100,Exception('timeout_or_slo_miss: completed=67/100 errors=23 elapsed_ms=2140.0'),1
FANOUT,K100,Exception('timeout_or_slo_miss: completed=68/100 errors=25 elapsed_ms=1918.3'),1
FANOUT,K100,Exception('timeout_or_slo_miss: completed=65/100 errors=35 elapsed_ms=1207.5'),1
FANOUT,K100,Exception('timeout_or_slo_miss: completed=67/100 errors=33 elapsed_ms=1140.9'),1
FANOUT,K100,Exception('timeout_or_slo_miss: completed=70/100 errors=30 elapsed_ms=1160.9'),1
FANOUT,K100,Exception('timeout_or_slo_miss: completed=63/100 errors=37 elapsed_ms=1273.5'),1
FANOUT,K100,Exception('timeout_or_slo_miss: completed=69/100 errors=31 elapsed_ms=1156.9'),1
FANOUT,K100,Exception('timeout_or_slo_miss: completed=67/100 errors=33 elapsed_ms=1240.5'),1
FANOUT,K100,Exception('timeout_or_slo_miss: completed=66/100 errors=34 elapsed_ms=1213.4'),1
FANOUT,K100,Exception('timeout_or_slo_miss: completed=60/100 errors=40 elapsed_ms=1381.5'),1
FANOUT,K100,Exception('timeout_or_slo_miss: completed=63/100 errors=37 elapsed_ms=1358.8'),1
FANOUT,K100,Exception('timeout_or_slo_miss: completed=72/100 errors=28 elapsed_ms=1018.9'),1
FANOUT,K100,Exception('timeout_or_slo_miss: completed=63/100 errors=37 elapsed_ms=1284.4'),2
FANOUT,K100,Exception('timeout_or_slo_miss: completed=60/100 errors=40 elapsed_ms=1504.2'),3
FANOUT,K100,Exception('timeout_or_slo_miss: completed=67/100 errors=33 elapsed_ms=1174.2'),1
FANOUT,K100,Exception('timeout_or_slo_miss: completed=68/100 errors=32 elapsed_ms=1171.2'),1
FANOUT,K100,Exception('timeout_or_slo_miss: completed=68/100 errors=32 elapsed_ms=1137.2'),1
FANOUT,K100,Exception('timeout_or_slo_miss: completed=69/100 errors=31 elapsed_ms=1108.4'),1
FANOUT,K100,Exception('timeout_or_slo_miss: completed=71/100 errors=29 elapsed_ms=1108.8'),1
FANOUT,K100,Exception('timeout_or_slo_miss: completed=73/100 errors=27 elapsed_ms=1131.0'),1
FANOUT,K100,Exception('timeout_or_slo_miss: completed=72/100 errors=28 elapsed_ms=1109.3'),1
FANOUT,K100,Exception('timeout_or_slo_miss: completed=60/100 errors=40 elapsed_ms=1497.0'),1
FANOUT,K100,Exception('timeout_or_slo_miss: completed=60/100 errors=40 elapsed_ms=1503.4'),2
FANOUT,K100,Exception('timeout_or_slo_miss: completed=64/100 errors=36 elapsed_ms=1203.8'),1
FANOUT,K100,Exception('timeout_or_slo_miss: completed=64/100 errors=36 elapsed_ms=1174.7'),1
FANOUT,K100,Exception('timeout_or_slo_miss: completed=64/100 errors=36 elapsed_ms=1260.7'),1
FANOUT,K100,Exception('timeout_or_slo_miss: completed=62/100 errors=31 elapsed_ms=2153.9'),1
FANOUT,K100,Exception('timeout_or_slo_miss: completed=64/100 errors=29 elapsed_ms=2022.5'),1
FANOUT,K100,Exception('timeout_or_slo_miss: completed=73/100 errors=27 elapsed_ms=1085.6'),1
FANOUT,K100,Exception('timeout_or_slo_miss: completed=67/100 errors=33 elapsed_ms=1184.3'),1
FANOUT,K100,Exception('timeout_or_slo_miss: completed=78/100 errors=15 elapsed_ms=1644.6'),1
FANOUT,K100,Exception('timeout_or_slo_miss: completed=63/100 errors=37 elapsed_ms=1361.4'),1
FANOUT,K100,Exception('timeout_or_slo_miss: completed=64/100 errors=36 elapsed_ms=1307.9'),1
FANOUT,K100,Exception('timeout_or_slo_miss: completed=71/100 errors=29 elapsed_ms=1166.6'),1
FANOUT,K100,Exception('timeout_or_slo_miss: completed=66/100 errors=34 elapsed_ms=1145.6'),1
FANOUT,K100,Exception('timeout_or_slo_miss: completed=62/100 errors=38 elapsed_ms=1279.4'),1
FANOUT,K100,Exception('timeout_or_slo_miss: completed=64/100 errors=36 elapsed_ms=1182.6'),1
FANOUT,K100,Exception('timeout_or_slo_miss: completed=73/100 errors=27 elapsed_ms=1114.1'),2
FANOUT,K100,Exception('timeout_or_slo_miss: completed=67/100 errors=23 elapsed_ms=2210.8'),1
FANOUT,K100,Exception('timeout_or_slo_miss: completed=72/100 errors=28 elapsed_ms=1026.0'),1
FANOUT,K100,Exception('timeout_or_slo_miss: completed=76/100 errors=24 elapsed_ms=1007.5'),1
FANOUT,K100,Exception('timeout_or_slo_miss: completed=68/100 errors=25 elapsed_ms=2019.5'),1
FANOUT,K100,Exception('timeout_or_slo_miss: completed=71/100 errors=29 elapsed_ms=1140.4'),1
FANOUT,K100,Exception('timeout_or_slo_miss: completed=68/100 errors=32 elapsed_ms=1203.0'),1
FANOUT,K100,Exception('timeout_or_slo_miss: completed=72/100 errors=28 elapsed_ms=1018.4'),1
FANOUT,K100,Exception('timeout_or_slo_miss: completed=66/100 errors=34 elapsed_ms=1248.7'),1
FANOUT,K100,Exception('timeout_or_slo_miss: completed=64/100 errors=36 elapsed_ms=1264.5'),1
FANOUT,K100,Exception('timeout_or_slo_miss: completed=64/100 errors=36 elapsed_ms=1267.8'),2
FANOUT,K100,Exception('timeout_or_slo_miss: completed=71/100 errors=29 elapsed_ms=1025.7'),2
FANOUT,K100,Exception('timeout_or_slo_miss: completed=64/100 errors=36 elapsed_ms=1263.0'),1
FANOUT,K100,Exception('timeout_or_slo_miss: completed=68/100 errors=32 elapsed_ms=1215.3'),1
FANOUT,K100,Exception('timeout_or_slo_miss: completed=70/100 errors=30 elapsed_ms=1148.0'),1
FANOUT,K100,Exception('timeout_or_slo_miss: completed=58/100 errors=42 elapsed_ms=1507.7'),1
FANOUT,K100,Exception('timeout_or_slo_miss: completed=66/100 errors=34 elapsed_ms=1263.7'),1
FANOUT,K100,Exception('timeout_or_slo_miss: completed=71/100 errors=29 elapsed_ms=1127.6'),2
FANOUT,K100,Exception('timeout_or_slo_miss: completed=63/100 errors=37 elapsed_ms=1212.0'),1
FANOUT,K100,Exception('timeout_or_slo_miss: completed=74/100 errors=26 elapsed_ms=1015.0'),1
FANOUT,K100,Exception('timeout_or_slo_miss: completed=63/100 errors=37 elapsed_ms=1294.3'),2
FANOUT,K100,Exception('timeout_or_slo_miss: completed=68/100 errors=32 elapsed_ms=1144.1'),1
FANOUT,K100,Exception('timeout_or_slo_miss: completed=69/100 errors=31 elapsed_ms=1152.3'),1
FANOUT,K100,Exception('timeout_or_slo_miss: completed=67/100 errors=33 elapsed_ms=1315.7'),1
FANOUT,K100,Exception('timeout_or_slo_miss: completed=61/100 errors=32 elapsed_ms=2259.1'),1
FANOUT,K100,Exception('timeout_or_slo_miss: completed=73/100 errors=27 elapsed_ms=1125.2'),1
FANOUT,K100,Exception('timeout_or_slo_miss: completed=68/100 errors=25 elapsed_ms=1906.7'),1
FANOUT,K100,Exception('timeout_or_slo_miss: completed=77/100 errors=23 elapsed_ms=1081.8'),1
FANOUT,K100,Exception('timeout_or_slo_miss: completed=65/100 errors=28 elapsed_ms=2144.3'),1
FANOUT,K100,Exception('timeout_or_slo_miss: completed=65/100 errors=35 elapsed_ms=1151.7'),1
FANOUT,K100,Exception('timeout_or_slo_miss: completed=59/100 errors=41 elapsed_ms=1504.8'),1
FANOUT,K100,Exception('timeout_or_slo_miss: completed=62/100 errors=38 elapsed_ms=1139.2'),1
FANOUT,K100,Exception('timeout_or_slo_miss: completed=59/100 errors=41 elapsed_ms=1503.5'),1
FANOUT,K100,Exception('timeout_or_slo_miss: completed=65/100 errors=28 elapsed_ms=2028.6'),1
FANOUT,K100,Exception('timeout_or_slo_miss: completed=58/100 errors=42 elapsed_ms=1504.1'),2
FANOUT,K100,Exception('timeout_or_slo_miss: completed=66/100 errors=34 elapsed_ms=1255.9'),1
FANOUT,K100,Exception('timeout_or_slo_miss: completed=70/100 errors=30 elapsed_ms=1108.7'),1
FANOUT,K100,Exception('timeout_or_slo_miss: completed=70/100 errors=30 elapsed_ms=1105.3'),1
FANOUT,K100,Exception('timeout_or_slo_miss: completed=75/100 errors=25 elapsed_ms=1119.9'),1
FANOUT,K100,Exception('timeout_or_slo_miss: completed=63/100 errors=27 elapsed_ms=2418.3'),1
FANOUT,K100,Exception('timeout_or_slo_miss: completed=66/100 errors=34 elapsed_ms=1231.6'),1
FANOUT,K100,Exception('timeout_or_slo_miss: completed=64/100 errors=36 elapsed_ms=1216.4'),1
FANOUT,K100,Exception('timeout_or_slo_miss: completed=65/100 errors=25 elapsed_ms=2262.6'),1
FANOUT,K100,Exception('timeout_or_slo_miss: completed=61/100 errors=29 elapsed_ms=2337.6'),1
FANOUT,K100,Exception('timeout_or_slo_miss: completed=61/100 errors=29 elapsed_ms=2526.2'),1
FANOUT,K100,Exception('timeout_or_slo_miss: completed=70/100 errors=30 elapsed_ms=1317.4'),1
FANOUT,K100,Exception('timeout_or_slo_miss: completed=71/100 errors=29 elapsed_ms=1143.2'),1
FANOUT,K100,Exception('timeout_or_slo_miss: completed=71/100 errors=22 elapsed_ms=1804.6'),1
FANOUT,K100,Exception('timeout_or_slo_miss: completed=68/100 errors=32 elapsed_ms=1181.8'),1
FANOUT,K100,Exception('timeout_or_slo_miss: completed=60/100 errors=40 elapsed_ms=1466.1'),1
FANOUT,K100,Exception('timeout_or_slo_miss: completed=65/100 errors=35 elapsed_ms=1253.6'),1
FANOUT,K100,Exception('timeout_or_slo_miss: completed=67/100 errors=23 elapsed_ms=2214.5'),1
FANOUT,K100,Exception('timeout_or_slo_miss: completed=62/100 errors=38 elapsed_ms=1223.8'),1
FANOUT,K100,Exception('timeout_or_slo_miss: completed=63/100 errors=37 elapsed_ms=1333.3'),1
FANOUT,K100,Exception('timeout_or_slo_miss: completed=62/100 errors=31 elapsed_ms=2213.3'),1
FANOUT,K100,Exception('timeout_or_slo_miss: completed=71/100 errors=29 elapsed_ms=1024.4'),1
FANOUT,K100,Exception('timeout_or_slo_miss: completed=60/100 errors=40 elapsed_ms=1436.1'),1
FANOUT,K100,Exception('timeout_or_slo_miss: completed=63/100 errors=37 elapsed_ms=1265.2'),1
FANOUT,K100,Exception('timeout_or_slo_miss: completed=31/100 errors=53 elapsed_ms=19421.9'),1
FANOUT,K100,Exception('timeout_or_slo_miss: completed=63/100 errors=30 elapsed_ms=2138.4'),1
FANOUT,K100,Exception('timeout_or_slo_miss: completed=71/100 errors=29 elapsed_ms=1100.3'),1
FANOUT,K100,Exception('timeout_or_slo_miss: completed=64/100 errors=36 elapsed_ms=1225.2'),1
FANOUT,K100,Exception('timeout_or_slo_miss: completed=74/100 errors=26 elapsed_ms=1097.1'),1
FANOUT,K100,Exception('timeout_or_slo_miss: completed=70/100 errors=30 elapsed_ms=1159.3'),1
FANOUT,K100,Exception('timeout_or_slo_miss: completed=65/100 errors=35 elapsed_ms=1282.2'),1
FANOUT,K100,Exception('timeout_or_slo_miss: completed=71/100 errors=29 elapsed_ms=1238.0'),1
FANOUT,K100,Exception('timeout_or_slo_miss: completed=68/100 errors=25 elapsed_ms=2076.7'),1
FANOUT,K100,Exception('timeout_or_slo_miss: completed=64/100 errors=36 elapsed_ms=1229.6'),1
FANOUT,K100,Exception('timeout_or_slo_miss: completed=66/100 errors=34 elapsed_ms=1236.6'),1
FANOUT,K100,Exception('timeout_or_slo_miss: completed=70/100 errors=20 elapsed_ms=2140.5'),2
FANOUT,K100,Exception('timeout_or_slo_miss: completed=73/100 errors=27 elapsed_ms=1105.0'),1
FANOUT,K100,Exception('timeout_or_slo_miss: completed=63/100 errors=37 elapsed_ms=1316.7'),1
FANOUT,K100,Exception('timeout_or_slo_miss: completed=62/100 errors=38 elapsed_ms=1333.8'),1
FANOUT,K100,Exception('timeout_or_slo_miss: completed=66/100 errors=34 elapsed_ms=1218.2'),1
FANOUT,K100,Exception('timeout_or_slo_miss: completed=60/100 errors=40 elapsed_ms=1505.7'),1
FANOUT,K100,Exception('timeout_or_slo_miss: completed=66/100 errors=34 elapsed_ms=1251.9'),1
FANOUT,K100,Exception('timeout_or_slo_miss: completed=62/100 errors=38 elapsed_ms=1240.4'),1
FANOUT,K100,Exception('timeout_or_slo_miss: completed=71/100 errors=19 elapsed_ms=2023.5'),1
FANOUT,K100,Exception('timeout_or_slo_miss: completed=68/100 errors=32 elapsed_ms=1165.9'),1
FANOUT,K100,Exception('timeout_or_slo_miss: completed=70/100 errors=30 elapsed_ms=1114.1'),1
FANOUT,K100,Exception('timeout_or_slo_miss: completed=67/100 errors=33 elapsed_ms=1169.0'),1
FANOUT,K100,Exception('timeout_or_slo_miss: completed=71/100 errors=29 elapsed_ms=1226.8'),1
FANOUT,K100,Exception('timeout_or_slo_miss: completed=61/100 errors=39 elapsed_ms=1263.9'),1
FANOUT,K100,Exception('timeout_or_slo_miss: completed=69/100 errors=31 elapsed_ms=1143.8'),1
FANOUT,K100,Exception('timeout_or_slo_miss: completed=62/100 errors=38 elapsed_ms=1243.8'),1
FANOUT,K100,Exception('timeout_or_slo_miss: completed=63/100 errors=27 elapsed_ms=2419.5'),1
FANOUT,K100,Exception('timeout_or_slo_miss: completed=62/100 errors=38 elapsed_ms=1278.5'),1
FANOUT,K100,Exception('timeout_or_slo_miss: completed=71/100 errors=29 elapsed_ms=1117.8'),1
FANOUT,K100,Exception('timeout_or_slo_miss: completed=64/100 errors=36 elapsed_ms=1312.1'),1
FANOUT,K100,Exception('timeout_or_slo_miss: completed=70/100 errors=30 elapsed_ms=1140.7'),1
FANOUT,K100,Exception('timeout_or_slo_miss: completed=71/100 errors=29 elapsed_ms=1159.7'),1
FANOUT,K100,Exception('timeout_or_slo_miss: completed=66/100 errors=34 elapsed_ms=1232.3'),1
FANOUT,K100,Exception('timeout_or_slo_miss: completed=64/100 errors=36 elapsed_ms=1274.6'),1
FANOUT,K100,Exception('timeout_or_slo_miss: completed=60/100 errors=40 elapsed_ms=1442.8'),1
FANOUT,K100,Exception('timeout_or_slo_miss: completed=64/100 errors=36 elapsed_ms=1282.5'),1
FANOUT,K100,Exception('timeout_or_slo_miss: completed=68/100 errors=22 elapsed_ms=2110.5'),1
FANOUT,K100,Exception('timeout_or_slo_miss: completed=71/100 errors=29 elapsed_ms=1150.3'),1
FANOUT,K100,Exception('timeout_or_slo_miss: completed=69/100 errors=31 elapsed_ms=1137.8'),1
FANOUT,K100,Exception('timeout_or_slo_miss: completed=64/100 errors=36 elapsed_ms=1274.0'),1
FANOUT,K100,Exception('timeout_or_slo_miss: completed=75/100 errors=25 elapsed_ms=1013.3'),1
FANOUT,K100,Exception('timeout_or_slo_miss: completed=70/100 errors=30 elapsed_ms=1142.2'),1
FANOUT,K100,Exception('timeout_or_slo_miss: completed=61/100 errors=39 elapsed_ms=1505.6'),1
FANOUT,K100,Exception('timeout_or_slo_miss: completed=65/100 errors=35 elapsed_ms=1264.2'),1
FANOUT,K100,Exception('timeout_or_slo_miss: completed=65/100 errors=35 elapsed_ms=1147.9'),1
FANOUT,K100,Exception('timeout_or_slo_miss: completed=69/100 errors=31 elapsed_ms=1135.2'),1
FANOUT,K100,Exception('timeout_or_slo_miss: completed=56/100 errors=44 elapsed_ms=1510.8'),1
FANOUT,K100,Exception('timeout_or_slo_miss: completed=56/100 errors=44 elapsed_ms=1505.2'),1
FANOUT,K100,Exception('timeout_or_slo_miss: completed=63/100 errors=37 elapsed_ms=1215.2'),1
FANOUT,K100,Exception('timeout_or_slo_miss: completed=55/100 errors=45 elapsed_ms=1612.5'),1
FANOUT,K100,Exception('timeout_or_slo_miss: completed=64/100 errors=36 elapsed_ms=1244.0'),1
FANOUT,K100,Exception('timeout_or_slo_miss: completed=70/100 errors=30 elapsed_ms=1121.2'),2
FANOUT,K100,Exception('timeout_or_slo_miss: completed=74/100 errors=26 elapsed_ms=1142.1'),1
FANOUT,K100,Exception('timeout_or_slo_miss: completed=65/100 errors=35 elapsed_ms=1269.6'),1
FANOUT,K100,Exception('timeout_or_slo_miss: completed=67/100 errors=23 elapsed_ms=2103.4'),1
FANOUT,K100,Exception('timeout_or_slo_miss: completed=64/100 errors=36 elapsed_ms=1261.6'),1
FANOUT,K100,Exception('timeout_or_slo_miss: completed=66/100 errors=24 elapsed_ms=2238.1'),1
FANOUT,K100,Exception('timeout_or_slo_miss: completed=59/100 errors=41 elapsed_ms=1506.9'),1
FANOUT,K100,Exception('timeout_or_slo_miss: completed=65/100 errors=35 elapsed_ms=1304.8'),1
FANOUT,K100,Exception('timeout_or_slo_miss: completed=64/100 errors=29 elapsed_ms=2011.6'),1
FANOUT,K100,Exception('timeout_or_slo_miss: completed=64/100 errors=36 elapsed_ms=1185.9'),1
FANOUT,K100,Exception('timeout_or_slo_miss: completed=66/100 errors=34 elapsed_ms=1223.0'),2
FANOUT,K100,Exception('timeout_or_slo_miss: completed=68/100 errors=32 elapsed_ms=1215.5'),1
FANOUT,K100,Exception('timeout_or_slo_miss: completed=69/100 errors=31 elapsed_ms=1132.4'),2
FANOUT,K100,Exception('timeout_or_slo_miss: completed=70/100 errors=30 elapsed_ms=1130.4'),1
FANOUT,K100,Exception('timeout_or_slo_miss: completed=63/100 errors=37 elapsed_ms=1447.3'),1
FANOUT,K100,Exception('timeout_or_slo_miss: completed=63/100 errors=37 elapsed_ms=1362.7'),1
FANOUT,K100,Exception('timeout_or_slo_miss: completed=59/100 errors=41 elapsed_ms=1503.7'),3
FANOUT,K100,Exception('timeout_or_slo_miss: completed=70/100 errors=30 elapsed_ms=1124.1'),1
FANOUT,K100,Exception('timeout_or_slo_miss: completed=68/100 errors=32 elapsed_ms=1150.6'),1
FANOUT,K100,Exception('timeout_or_slo_miss: completed=63/100 errors=27 elapsed_ms=2408.2'),1
FANOUT,K100,Exception('timeout_or_slo_miss: completed=71/100 errors=22 elapsed_ms=1874.6'),1
FANOUT,K100,Exception('timeout_or_slo_miss: completed=72/100 errors=18 elapsed_ms=1979.9'),1
FANOUT,K100,Exception('timeout_or_slo_miss: completed=65/100 errors=35 elapsed_ms=1211.5'),1
FANOUT,K100,Exception('timeout_or_slo_miss: completed=80/100 errors=10 elapsed_ms=1783.2'),1
FANOUT,K100,Exception('timeout_or_slo_miss: completed=73/100 errors=27 elapsed_ms=1030.2'),1
FANOUT,K100,Exception('timeout_or_slo_miss: completed=76/100 errors=24 elapsed_ms=1089.7'),1
FANOUT,K100,Exception('timeout_or_slo_miss: completed=65/100 errors=25 elapsed_ms=2308.7'),1
FANOUT,K100,Exception('timeout_or_slo_miss: completed=63/100 errors=37 elapsed_ms=1403.5'),1
FANOUT,K100,Exception('timeout_or_slo_miss: completed=66/100 errors=34 elapsed_ms=1235.1'),2
FANOUT,K100,Exception('timeout_or_slo_miss: completed=70/100 errors=30 elapsed_ms=1138.4'),1
FANOUT,K100,Exception('timeout_or_slo_miss: completed=69/100 errors=31 elapsed_ms=1122.4'),1
FANOUT,K100,Exception('timeout_or_slo_miss: completed=71/100 errors=29 elapsed_ms=1120.1'),1
FANOUT,K100,Exception('timeout_or_slo_miss: completed=65/100 errors=35 elapsed_ms=1237.7'),1
FANOUT,K100,Exception('timeout_or_slo_miss: completed=64/100 errors=29 elapsed_ms=2083.5'),1
FANOUT,K100,Exception('timeout_or_slo_miss: completed=66/100 errors=34 elapsed_ms=1198.5'),1
FANOUT,K100,Exception('timeout_or_slo_miss: completed=71/100 errors=29 elapsed_ms=1187.3'),1
FANOUT,K100,Exception('timeout_or_slo_miss: completed=68/100 errors=32 elapsed_ms=1156.7'),1
FANOUT,K100,Exception('timeout_or_slo_miss: completed=63/100 errors=37 elapsed_ms=1283.8'),1
FANOUT,K100,Exception('timeout_or_slo_miss: completed=63/100 errors=37 elapsed_ms=1232.6'),1
FANOUT,K100,Exception('timeout_or_slo_miss: completed=69/100 errors=31 elapsed_ms=1197.8'),1
FANOUT,K100,Exception('timeout_or_slo_miss: completed=65/100 errors=35 elapsed_ms=1213.2'),1
FANOUT,K100,Exception('timeout_or_slo_miss: completed=68/100 errors=23 elapsed_ms=2986.1'),1
FANOUT,K100,Exception('timeout_or_slo_miss: completed=62/100 errors=38 elapsed_ms=1313.8'),1
FANOUT,K100,Exception('timeout_or_slo_miss: completed=66/100 errors=27 elapsed_ms=2021.7'),1
FANOUT,K100,Exception('timeout_or_slo_miss: completed=75/100 errors=25 elapsed_ms=1114.9'),1
FANOUT,K100,Exception('timeout_or_slo_miss: completed=70/100 errors=20 elapsed_ms=2114.5'),1
FANOUT,K100,Exception('timeout_or_slo_miss: completed=69/100 errors=31 elapsed_ms=1142.9'),1
FANOUT,K100,Exception('timeout_or_slo_miss: completed=63/100 errors=37 elapsed_ms=1338.5'),1
FANOUT,K100,Exception('timeout_or_slo_miss: completed=61/100 errors=39 elapsed_ms=1500.3'),1
FANOUT,K100,Exception('timeout_or_slo_miss: completed=59/100 errors=41 elapsed_ms=1507.0'),1
FANOUT,K100,Exception('timeout_or_slo_miss: completed=67/100 errors=33 elapsed_ms=1192.2'),1
FANOUT,K100,Exception('timeout_or_slo_miss: completed=62/100 errors=38 elapsed_ms=1327.6'),2
FANOUT,K100,Exception('timeout_or_slo_miss: completed=70/100 errors=30 elapsed_ms=1120.8'),1
FANOUT,K100,Exception('timeout_or_slo_miss: completed=64/100 errors=36 elapsed_ms=1161.0'),1
FANOUT,K100,Exception('timeout_or_slo_miss: completed=68/100 errors=32 elapsed_ms=1216.3'),1
FANOUT,K100,Exception('timeout_or_slo_miss: completed=71/100 errors=29 elapsed_ms=1095.4'),1
FANOUT,K100,Exception('timeout_or_slo_miss: completed=70/100 errors=30 elapsed_ms=1145.4'),2
FANOUT,K100,Exception('timeout_or_slo_miss: completed=63/100 errors=37 elapsed_ms=1401.2'),1
FANOUT,K100,Exception('timeout_or_slo_miss: completed=74/100 errors=26 elapsed_ms=1131.2'),1
FANOUT,K100,Exception('timeout_or_slo_miss: completed=68/100 errors=32 elapsed_ms=1170.6'),1
FANOUT,K100,Exception('timeout_or_slo_miss: completed=78/100 errors=22 elapsed_ms=1005.1'),1
FANOUT,K100,Exception('timeout_or_slo_miss: completed=69/100 errors=31 elapsed_ms=1115.6'),1
FANOUT,K100,Exception('timeout_or_slo_miss: completed=70/100 errors=30 elapsed_ms=1122.2'),1
FANOUT,K100,Exception('timeout_or_slo_miss: completed=68/100 errors=32 elapsed_ms=1216.1'),1
FANOUT,K100,Exception('timeout_or_slo_miss: completed=73/100 errors=17 elapsed_ms=1953.6'),1
FANOUT,K100,Exception('timeout_or_slo_miss: completed=64/100 errors=36 elapsed_ms=1214.1'),1
FANOUT,K100,Exception('timeout_or_slo_miss: completed=75/100 errors=18 elapsed_ms=1641.7'),1
FANOUT,K100,Exception('timeout_or_slo_miss: completed=73/100 errors=20 elapsed_ms=1679.4'),1
FANOUT,K100,Exception('timeout_or_slo_miss: completed=63/100 errors=37 elapsed_ms=1265.5'),1
FANOUT,K100,Exception('timeout_or_slo_miss: completed=60/100 errors=40 elapsed_ms=1515.1'),1
FANOUT,K100,Exception('timeout_or_slo_miss: completed=71/100 errors=29 elapsed_ms=1102.3'),1
FANOUT,K100,Exception('timeout_or_slo_miss: completed=72/100 errors=28 elapsed_ms=1154.7'),1
FANOUT,K100,Exception('timeout_or_slo_miss: completed=68/100 errors=32 elapsed_ms=1190.8'),1
FANOUT,K100,Exception('timeout_or_slo_miss: completed=73/100 errors=27 elapsed_ms=1013.3'),1
FANOUT,K100,Exception('timeout_or_slo_miss: completed=60/100 errors=40 elapsed_ms=1390.6'),1
FANOUT,K100,Exception('timeout_or_slo_miss: completed=67/100 errors=33 elapsed_ms=1169.9'),1
FANOUT,K100,Exception('timeout_or_slo_miss: completed=63/100 errors=37 elapsed_ms=1399.5'),1
FANOUT,K100,Exception('timeout_or_slo_miss: completed=70/100 errors=30 elapsed_ms=1123.2'),1
FANOUT,K100,Exception('timeout_or_slo_miss: completed=59/100 errors=41 elapsed_ms=1505.2'),1
FANOUT,K100,Exception('timeout_or_slo_miss: completed=63/100 errors=37 elapsed_ms=1212.4'),1
FANOUT,K100,Exception('timeout_or_slo_miss: completed=68/100 errors=32 elapsed_ms=1122.0'),1
FANOUT,K100,Exception('timeout_or_slo_miss: completed=67/100 errors=33 elapsed_ms=1126.1'),1
FANOUT,K100,Exception('timeout_or_slo_miss: completed=65/100 errors=35 elapsed_ms=1251.2'),1
FANOUT,K100,Exception('timeout_or_slo_miss: completed=61/100 errors=39 elapsed_ms=1366.4'),2
FANOUT,K100,Exception('timeout_or_slo_miss: completed=66/100 errors=34 elapsed_ms=1221.8'),1
FANOUT,K100,Exception('timeout_or_slo_miss: completed=72/100 errors=28 elapsed_ms=1112.4'),1
FANOUT,K100,Exception('timeout_or_slo_miss: completed=65/100 errors=35 elapsed_ms=1236.1'),1
FANOUT,K100,Exception('timeout_or_slo_miss: completed=72/100 errors=28 elapsed_ms=1195.2'),1
FANOUT,K100,Exception('timeout_or_slo_miss: completed=54/100 errors=46 elapsed_ms=1526.8'),1
FANOUT,K100,Exception('timeout_or_slo_miss: completed=65/100 errors=35 elapsed_ms=1226.4'),1
FANOUT,K100,Exception('timeout_or_slo_miss: completed=71/100 errors=29 elapsed_ms=1132.2'),1
FANOUT,K100,Exception('timeout_or_slo_miss: completed=66/100 errors=34 elapsed_ms=1219.5'),1
FANOUT,K100,Exception('timeout_or_slo_miss: completed=64/100 errors=36 elapsed_ms=1236.3'),1
FANOUT,K100,Exception('timeout_or_slo_miss: completed=71/100 errors=22 elapsed_ms=1869.8'),1
FANOUT,K100,Exception('timeout_or_slo_miss: completed=68/100 errors=22 elapsed_ms=2248.1'),1
FANOUT,K100,Exception('timeout_or_slo_miss: completed=71/100 errors=29 elapsed_ms=1145.0'),1
FANOUT,K100,Exception('timeout_or_slo_miss: completed=66/100 errors=34 elapsed_ms=1168.6'),1
FANOUT,K100,Exception('timeout_or_slo_miss: completed=69/100 errors=24 elapsed_ms=2003.4'),1
FANOUT,K100,Exception('timeout_or_slo_miss: completed=65/100 errors=35 elapsed_ms=1296.5'),1
FANOUT,K100,Exception('timeout_or_slo_miss: completed=62/100 errors=31 elapsed_ms=2162.7'),1
FANOUT,K100,Exception('timeout_or_slo_miss: completed=76/100 errors=24 elapsed_ms=1018.2'),1
FANOUT,K100,Exception('timeout_or_slo_miss: completed=74/100 errors=26 elapsed_ms=1110.7'),1
FANOUT,K100,Exception('timeout_or_slo_miss: completed=65/100 errors=35 elapsed_ms=1281.8'),1
FANOUT,K100,Exception('timeout_or_slo_miss: completed=65/100 errors=35 elapsed_ms=1296.0'),2
FANOUT,K100,Exception('timeout_or_slo_miss: completed=68/100 errors=32 elapsed_ms=1132.4'),1
FANOUT,K100,Exception('timeout_or_slo_miss: completed=71/100 errors=29 elapsed_ms=1123.2'),1
FANOUT,K100,Exception('timeout_or_slo_miss: completed=68/100 errors=22 elapsed_ms=2224.9'),1
FANOUT,K100,Exception('timeout_or_slo_miss: completed=71/100 errors=29 elapsed_ms=1113.6'),1
FANOUT,K100,Exception('timeout_or_slo_miss: completed=62/100 errors=38 elapsed_ms=1161.5'),1
FANOUT,K100,Exception('timeout_or_slo_miss: completed=60/100 errors=40 elapsed_ms=1491.5'),1
FANOUT,K100,Exception('timeout_or_slo_miss: completed=64/100 errors=36 elapsed_ms=1275.1'),1
FANOUT,K100,Exception('timeout_or_slo_miss: completed=73/100 errors=17 elapsed_ms=1842.4'),1
FANOUT,K100,Exception('timeout_or_slo_miss: completed=65/100 errors=35 elapsed_ms=1265.9'),1
FANOUT,K100,Exception('timeout_or_slo_miss: completed=60/100 errors=40 elapsed_ms=1390.7'),1
FANOUT,K100,Exception('timeout_or_slo_miss: completed=73/100 errors=27 elapsed_ms=1074.1'),1
FANOUT,K100,Exception('timeout_or_slo_miss: completed=77/100 errors=23 elapsed_ms=1008.9'),1
FANOUT,K100,Exception('timeout_or_slo_miss: completed=74/100 errors=26 elapsed_ms=1022.7'),1
FANOUT,K100,Exception('timeout_or_slo_miss: completed=66/100 errors=27 elapsed_ms=2032.5'),1
FANOUT,K100,Exception('timeout_or_slo_miss: completed=69/100 errors=31 elapsed_ms=1103.1'),2
FANOUT,K100,Exception('timeout_or_slo_miss: completed=61/100 errors=39 elapsed_ms=1432.7'),1
FANOUT,K100,Exception('timeout_or_slo_miss: completed=68/100 errors=32 elapsed_ms=1133.8'),1
FANOUT,K100,Exception('timeout_or_slo_miss: completed=66/100 errors=27 elapsed_ms=2128.4'),1
FANOUT,K100,Exception('timeout_or_slo_miss: completed=67/100 errors=33 elapsed_ms=1151.0'),1
FANOUT,K100,Exception('timeout_or_slo_miss: completed=64/100 errors=36 elapsed_ms=1339.7'),1
FANOUT,K100,Exception('timeout_or_slo_miss: completed=73/100 errors=27 elapsed_ms=1081.5'),1
FANOUT,K100,Exception('timeout_or_slo_miss: completed=70/100 errors=30 elapsed_ms=1144.5'),1
FANOUT,K100,Exception('timeout_or_slo_miss: completed=61/100 errors=29 elapsed_ms=2520.8'),1
FANOUT,K100,Exception('timeout_or_slo_miss: completed=66/100 errors=34 elapsed_ms=1206.0'),1
FANOUT,K100,Exception('timeout_or_slo_miss: completed=67/100 errors=33 elapsed_ms=1228.0'),1
FANOUT,K100,Exception('timeout_or_slo_miss: completed=63/100 errors=37 elapsed_ms=1343.6'),1
FANOUT,K100,Exception('timeout_or_slo_miss: completed=65/100 errors=35 elapsed_ms=1266.2'),1
FANOUT,K100,Exception('timeout_or_slo_miss: completed=61/100 errors=39 elapsed_ms=1357.2'),1
FANOUT,K100,Exception('timeout_or_slo_miss: completed=59/100 errors=41 elapsed_ms=1505.1'),2
FANOUT,K100,Exception('timeout_or_slo_miss: completed=67/100 errors=33 elapsed_ms=1150.4'),2
FANOUT,K100,Exception('timeout_or_slo_miss: completed=32/100 errors=59 elapsed_ms=21280.2'),1
FANOUT,K100,Exception('timeout_or_slo_miss: completed=62/100 errors=38 elapsed_ms=1310.2'),1
FANOUT,K100,Exception('timeout_or_slo_miss: completed=69/100 errors=31 elapsed_ms=1128.4'),2
FANOUT,K100,Exception('timeout_or_slo_miss: completed=67/100 errors=26 elapsed_ms=2132.5'),1
FANOUT,K100,Exception('timeout_or_slo_miss: completed=74/100 errors=26 elapsed_ms=1012.3'),1
FANOUT,K100,Exception('timeout_or_slo_miss: completed=72/100 errors=28 elapsed_ms=1152.5'),1
FANOUT,K100,Exception('timeout_or_slo_miss: completed=67/100 errors=33 elapsed_ms=1208.0'),1
FANOUT,K100,Exception('timeout_or_slo_miss: completed=65/100 errors=35 elapsed_ms=1317.4'),1
FANOUT,K100,Exception('timeout_or_slo_miss: completed=74/100 errors=26 elapsed_ms=1011.0'),1
FANOUT,K100,Exception('timeout_or_slo_miss: completed=66/100 errors=34 elapsed_ms=1136.2'),1
FANOUT,K100,Exception('timeout_or_slo_miss: completed=58/100 errors=42 elapsed_ms=1508.8'),1
FANOUT,K100,Exception('timeout_or_slo_miss: completed=71/100 errors=29 elapsed_ms=1114.9'),1
FANOUT,K100,Exception('timeout_or_slo_miss: completed=69/100 errors=31 elapsed_ms=1177.3'),1
FANOUT,K100,Exception('timeout_or_slo_miss: completed=65/100 errors=35 elapsed_ms=1261.8'),1
FANOUT,K100,Exception('timeout_or_slo_miss: completed=65/100 errors=35 elapsed_ms=1240.3'),1
FANOUT,K100,Exception('timeout_or_slo_miss: completed=63/100 errors=37 elapsed_ms=1303.8'),1
FANOUT,K100,Exception('timeout_or_slo_miss: completed=70/100 errors=30 elapsed_ms=1171.7'),1
FANOUT,K100,Exception('timeout_or_slo_miss: completed=66/100 errors=34 elapsed_ms=1139.7'),1
FANOUT,K100,Exception('timeout_or_slo_miss: completed=62/100 errors=38 elapsed_ms=1357.9'),1
FANOUT,K100,Exception('timeout_or_slo_miss: completed=68/100 errors=25 elapsed_ms=1984.2'),1
FANOUT,K100,Exception('timeout_or_slo_miss: completed=71/100 errors=19 elapsed_ms=1896.8'),1
FANOUT,K100,Exception('timeout_or_slo_miss: completed=61/100 errors=39 elapsed_ms=1325.2'),1
FANOUT,K100,Exception('timeout_or_slo_miss: completed=71/100 errors=29 elapsed_ms=1156.7'),1
FANOUT,K100,Exception('timeout_or_slo_miss: completed=70/100 errors=30 elapsed_ms=1168.1'),1
FANOUT,K100,Exception('timeout_or_slo_miss: completed=62/100 errors=23 elapsed_ms=4119.9'),1
FANOUT,K100,Exception('timeout_or_slo_miss: completed=65/100 errors=35 elapsed_ms=1242.0'),1
FANOUT,K100,Exception('timeout_or_slo_miss: completed=67/100 errors=33 elapsed_ms=1130.2'),1
FANOUT,K100,Exception('timeout_or_slo_miss: completed=66/100 errors=34 elapsed_ms=1133.5'),2
FANOUT,K100,Exception('timeout_or_slo_miss: completed=66/100 errors=34 elapsed_ms=1278.9'),1
FANOUT,K100,Exception('timeout_or_slo_miss: completed=66/100 errors=27 elapsed_ms=2080.8'),1
FANOUT,K100,Exception('timeout_or_slo_miss: completed=71/100 errors=29 elapsed_ms=1121.9'),1
FANOUT,K100,Exception('timeout_or_slo_miss: completed=67/100 errors=33 elapsed_ms=1151.6'),1
FANOUT,K100,Exception('timeout_or_slo_miss: completed=68/100 errors=32 elapsed_ms=1145.3'),1
FANOUT,K100,Exception('timeout_or_slo_miss: completed=76/100 errors=24 elapsed_ms=1019.4'),1
FANOUT,K100,Exception('timeout_or_slo_miss: completed=59/100 errors=41 elapsed_ms=1506.7'),1
FANOUT,K100,Exception('timeout_or_slo_miss: completed=68/100 errors=32 elapsed_ms=1241.3'),1
FANOUT,K100,Exception('timeout_or_slo_miss: completed=70/100 errors=23 elapsed_ms=1865.9'),1
FANOUT,K100,Exception('timeout_or_slo_miss: completed=64/100 errors=36 elapsed_ms=1281.4'),1
FANOUT,K100,Exception('timeout_or_slo_miss: completed=68/100 errors=32 elapsed_ms=1121.6'),1
FANOUT,K100,Exception('timeout_or_slo_miss: completed=71/100 errors=22 elapsed_ms=1909.5'),1
FANOUT,K100,Exception('timeout_or_slo_miss: completed=63/100 errors=37 elapsed_ms=1205.7'),1
FANOUT,K100,Exception('timeout_or_slo_miss: completed=69/100 errors=24 elapsed_ms=1847.4'),1
FANOUT,K100,Exception('timeout_or_slo_miss: completed=69/100 errors=31 elapsed_ms=1161.6'),1
FANOUT,K100,Exception('timeout_or_slo_miss: completed=70/100 errors=30 elapsed_ms=1021.1'),1
FANOUT,K100,Exception('timeout_or_slo_miss: completed=63/100 errors=37 elapsed_ms=1306.3'),1
FANOUT,K100,Exception('timeout_or_slo_miss: completed=72/100 errors=28 elapsed_ms=1039.8'),1
FANOUT,K100,Exception('timeout_or_slo_miss: completed=66/100 errors=34 elapsed_ms=1211.6'),1
FANOUT,K100,Exception('timeout_or_slo_miss: completed=72/100 errors=28 elapsed_ms=1170.2'),1
FANOUT,K100,Exception('timeout_or_slo_miss: completed=67/100 errors=33 elapsed_ms=1128.4'),1
FANOUT,K100,Exception('timeout_or_slo_miss: completed=73/100 errors=27 elapsed_ms=1084.3'),1
FANOUT,K100,Exception('timeout_or_slo_miss: completed=63/100 errors=37 elapsed_ms=1264.9'),1
FANOUT,K100,Exception('timeout_or_slo_miss: completed=70/100 errors=30 elapsed_ms=1149.0'),1
FANOUT,K100,Exception('timeout_or_slo_miss: completed=65/100 errors=35 elapsed_ms=1232.2'),1
FANOUT,K100,Exception('timeout_or_slo_miss: completed=67/100 errors=33 elapsed_ms=1234.3'),1
FANOUT,K100,Exception('timeout_or_slo_miss: completed=59/100 errors=41 elapsed_ms=1502.9'),2
FANOUT,K100,Exception('timeout_or_slo_miss: completed=62/100 errors=38 elapsed_ms=1357.6'),2
FANOUT,K100,Exception('timeout_or_slo_miss: completed=65/100 errors=35 elapsed_ms=1279.7'),1
FANOUT,K100,Exception('timeout_or_slo_miss: completed=68/100 errors=32 elapsed_ms=1180.3'),1
FANOUT,K100,Exception('timeout_or_slo_miss: completed=56/100 errors=44 elapsed_ms=1873.8'),1
FANOUT,K100,Exception('timeout_or_slo_miss: completed=61/100 errors=39 elapsed_ms=1504.9'),1
FANOUT,K100,Exception('timeout_or_slo_miss: completed=66/100 errors=34 elapsed_ms=1140.4'),1
FANOUT,K100,Exception('timeout_or_slo_miss: completed=63/100 errors=37 elapsed_ms=1206.9'),1
FANOUT,K100,Exception('timeout_or_slo_miss: completed=69/100 errors=31 elapsed_ms=1153.1'),1
FANOUT,K100,Exception('timeout_or_slo_miss: completed=73/100 errors=27 elapsed_ms=1014.8'),1
FANOUT,K100,Exception('timeout_or_slo_miss: completed=68/100 errors=32 elapsed_ms=1196.6'),1
FANOUT,K100,Exception('timeout_or_slo_miss: completed=66/100 errors=34 elapsed_ms=1174.2'),1
FANOUT,K100,Exception('timeout_or_slo_miss: completed=63/100 errors=37 elapsed_ms=1260.2'),1
FANOUT,K100,Exception('timeout_or_slo_miss: completed=66/100 errors=34 elapsed_ms=1229.6'),1
FANOUT,K100,Exception('timeout_or_slo_miss: completed=61/100 errors=29 elapsed_ms=2383.7'),1
FANOUT,K100,Exception('timeout_or_slo_miss: completed=54/100 errors=46 elapsed_ms=1512.5'),1
FANOUT,K100,Exception('timeout_or_slo_miss: completed=64/100 errors=36 elapsed_ms=1295.7'),1
FANOUT,K100,Exception('timeout_or_slo_miss: completed=72/100 errors=28 elapsed_ms=1140.3'),1
FANOUT,K100,Exception('timeout_or_slo_miss: completed=68/100 errors=25 elapsed_ms=1879.3'),1
FANOUT,K100,Exception('timeout_or_slo_miss: completed=75/100 errors=25 elapsed_ms=1097.1'),1
FANOUT,K100,Exception('timeout_or_slo_miss: completed=75/100 errors=25 elapsed_ms=1087.1'),1
FANOUT,K100,Exception('timeout_or_slo_miss: completed=64/100 errors=36 elapsed_ms=1172.2'),1
FANOUT,K100,Exception('timeout_or_slo_miss: completed=74/100 errors=26 elapsed_ms=1009.9'),1
FANOUT,K100,Exception('timeout_or_slo_miss: completed=72/100 errors=28 elapsed_ms=1147.5'),1
FANOUT,K100,Exception('timeout_or_slo_miss: completed=63/100 errors=27 elapsed_ms=2515.0'),1
FANOUT,K100,Exception('timeout_or_slo_miss: completed=64/100 errors=36 elapsed_ms=1151.9'),1
FANOUT,K100,Exception('timeout_or_slo_miss: completed=65/100 errors=28 elapsed_ms=2204.4'),1
FANOUT,K100,Exception('timeout_or_slo_miss: completed=66/100 errors=34 elapsed_ms=1203.6'),1
FANOUT,K100,Exception('timeout_or_slo_miss: completed=62/100 errors=38 elapsed_ms=1515.8'),1
FANOUT,K100,Exception('timeout_or_slo_miss: completed=63/100 errors=37 elapsed_ms=1461.6'),1
FANOUT,K100,Exception('timeout_or_slo_miss: completed=69/100 errors=31 elapsed_ms=1131.4'),2
FANOUT,K100,Exception('timeout_or_slo_miss: completed=73/100 errors=27 elapsed_ms=1028.9'),1
FANOUT,K100,Exception('timeout_or_slo_miss: completed=65/100 errors=35 elapsed_ms=1233.1'),1
FANOUT,K100,Exception('timeout_or_slo_miss: completed=56/100 errors=44 elapsed_ms=1509.2'),1
FANOUT,K100,Exception('timeout_or_slo_miss: completed=67/100 errors=33 elapsed_ms=1211.1'),1
FANOUT,K100,Exception('timeout_or_slo_miss: completed=69/100 errors=31 elapsed_ms=1149.3'),1
FANOUT,K100,Exception('timeout_or_slo_miss: completed=65/100 errors=35 elapsed_ms=1247.3'),2
FANOUT,K100,Exception('timeout_or_slo_miss: completed=63/100 errors=30 elapsed_ms=2150.8'),1
FANOUT,K100,Exception('timeout_or_slo_miss: completed=63/100 errors=37 elapsed_ms=1181.6'),2
FANOUT,K100,Exception('timeout_or_slo_miss: completed=60/100 errors=40 elapsed_ms=1381.1'),1
FANOUT,K100,Exception('timeout_or_slo_miss: completed=67/100 errors=33 elapsed_ms=1186.3'),1
FANOUT,K100,Exception('timeout_or_slo_miss: completed=65/100 errors=25 elapsed_ms=2267.3'),1
FANOUT,K100,Exception('timeout_or_slo_miss: completed=66/100 errors=24 elapsed_ms=2233.2'),1
FANOUT,K100,Exception('timeout_or_slo_miss: completed=76/100 errors=24 elapsed_ms=1021.0'),1
FANOUT,K100,Exception('timeout_or_slo_miss: completed=66/100 errors=34 elapsed_ms=1206.9'),1
FANOUT,K100,Exception('timeout_or_slo_miss: completed=59/100 errors=41 elapsed_ms=1505.0'),2
FANOUT,K100,Exception('timeout_or_slo_miss: completed=64/100 errors=36 elapsed_ms=1265.2'),1
FANOUT,K100,Exception('timeout_or_slo_miss: completed=67/100 errors=23 elapsed_ms=2190.5'),1
FANOUT,K100,Exception('timeout_or_slo_miss: completed=64/100 errors=29 elapsed_ms=2117.1'),1
FANOUT,K100,Exception('timeout_or_slo_miss: completed=61/100 errors=32 elapsed_ms=2292.3'),1
FANOUT,K100,Exception('timeout_or_slo_miss: completed=68/100 errors=32 elapsed_ms=1148.7'),1
FANOUT,K100,Exception('timeout_or_slo_miss: completed=70/100 errors=30 elapsed_ms=1141.0'),1
FANOUT,K100,Exception('timeout_or_slo_miss: completed=62/100 errors=38 elapsed_ms=1201.5'),1
FANOUT,K100,Exception('timeout_or_slo_miss: completed=79/100 errors=21 elapsed_ms=1006.5'),1
FANOUT,K100,Exception('timeout_or_slo_miss: completed=66/100 errors=27 elapsed_ms=2017.3'),1
FANOUT,K100,Exception('timeout_or_slo_miss: completed=59/100 errors=41 elapsed_ms=1505.5'),1
FANOUT,K100,Exception('timeout_or_slo_miss: completed=61/100 errors=39 elapsed_ms=1171.6'),1
FANOUT,K100,Exception('timeout_or_slo_miss: completed=73/100 errors=27 elapsed_ms=1112.5'),1
FANOUT,K100,Exception('timeout_or_slo_miss: completed=74/100 errors=26 elapsed_ms=1020.3'),1
FANOUT,K100,Exception('timeout_or_slo_miss: completed=71/100 errors=19 elapsed_ms=1958.8'),1
FANOUT,K100,Exception('timeout_or_slo_miss: completed=63/100 errors=37 elapsed_ms=1347.7'),1
FANOUT,K100,Exception('timeout_or_slo_miss: completed=64/100 errors=36 elapsed_ms=1283.4'),1
FANOUT,K100,Exception('timeout_or_slo_miss: completed=69/100 errors=31 elapsed_ms=1142.1'),3
FANOUT,K100,Exception('timeout_or_slo_miss: completed=51/100 errors=49 elapsed_ms=1526.9'),1
FANOUT,K100,Exception('timeout_or_slo_miss: completed=61/100 errors=39 elapsed_ms=1406.9'),1
FANOUT,K100,Exception('timeout_or_slo_miss: completed=61/100 errors=39 elapsed_ms=1352.4'),1
FANOUT,K100,Exception('timeout_or_slo_miss: completed=70/100 errors=30 elapsed_ms=1131.8'),1
FANOUT,K100,Exception('timeout_or_slo_miss: completed=61/100 errors=29 elapsed_ms=2414.5'),1
FANOUT,K100,Exception('timeout_or_slo_miss: completed=63/100 errors=30 elapsed_ms=2141.8'),2
FANOUT,K100,Exception('timeout_or_slo_miss: completed=65/100 errors=28 elapsed_ms=2107.0'),1
FANOUT,K100,Exception('timeout_or_slo_miss: completed=60/100 errors=40 elapsed_ms=1501.9'),1
FANOUT,K100,Exception('timeout_or_slo_miss: completed=57/100 errors=43 elapsed_ms=1508.9'),1
FANOUT,K100,Exception('timeout_or_slo_miss: completed=64/100 errors=36 elapsed_ms=1321.4'),1
FANOUT,K100,Exception('timeout_or_slo_miss: completed=67/100 errors=33 elapsed_ms=1167.5'),2
FANOUT,K100,Exception('timeout_or_slo_miss: completed=73/100 errors=27 elapsed_ms=1130.5'),1
FANOUT,K100,Exception('timeout_or_slo_miss: completed=67/100 errors=33 elapsed_ms=1244.2'),1
FANOUT,K100,Exception('timeout_or_slo_miss: completed=64/100 errors=36 elapsed_ms=1314.9'),1
FANOUT,K100,Exception('timeout_or_slo_miss: completed=56/100 errors=44 elapsed_ms=1506.3'),2
FANOUT,K100,Exception('timeout_or_slo_miss: completed=68/100 errors=32 elapsed_ms=1198.9'),1
FANOUT,K100,Exception('timeout_or_slo_miss: completed=64/100 errors=36 elapsed_ms=1260.0'),1
FANOUT,K100,Exception('timeout_or_slo_miss: completed=70/100 errors=30 elapsed_ms=1136.6'),1
FANOUT,K100,Exception('timeout_or_slo_miss: completed=65/100 errors=35 elapsed_ms=1204.1'),1
FANOUT,K100,Exception('timeout_or_slo_miss: completed=71/100 errors=19 elapsed_ms=2077.2'),1
FANOUT,K100,Exception('timeout_or_slo_miss: completed=70/100 errors=30 elapsed_ms=1144.8'),1
FANOUT,K100,Exception('timeout_or_slo_miss: completed=61/100 errors=39 elapsed_ms=1373.6'),1
FANOUT,K100,Exception('timeout_or_slo_miss: completed=73/100 errors=27 elapsed_ms=1108.3'),1
FANOUT,K100,Exception('timeout_or_slo_miss: completed=67/100 errors=33 elapsed_ms=1210.7'),1
FANOUT,K100,Exception('timeout_or_slo_miss: completed=68/100 errors=25 elapsed_ms=2000.3'),1
FANOUT,K100,Exception('timeout_or_slo_miss: completed=67/100 errors=33 elapsed_ms=1202.0'),1
FANOUT,K100,Exception('timeout_or_slo_miss: completed=60/100 errors=40 elapsed_ms=1483.9'),1
FANOUT,K100,Exception('timeout_or_slo_miss: completed=62/100 errors=38 elapsed_ms=1272.5'),1
FANOUT,K100,Exception('timeout_or_slo_miss: completed=70/100 errors=30 elapsed_ms=1132.2'),1
FANOUT,K100,Exception('timeout_or_slo_miss: completed=62/100 errors=38 elapsed_ms=1392.5'),1
FANOUT,K100,Exception('timeout_or_slo_miss: completed=73/100 errors=27 elapsed_ms=1118.7'),1
FANOUT,K100,Exception('timeout_or_slo_miss: completed=68/100 errors=25 elapsed_ms=2110.9'),1
FANOUT,K100,Exception('timeout_or_slo_miss: completed=76/100 errors=24 elapsed_ms=1011.7'),1
FANOUT,K100,Exception('timeout_or_slo_miss: completed=63/100 errors=37 elapsed_ms=1228.2'),1
FANOUT,K100,Exception('timeout_or_slo_miss: completed=60/100 errors=40 elapsed_ms=1370.2'),1
FANOUT,K100,Exception('timeout_or_slo_miss: completed=63/100 errors=37 elapsed_ms=1158.8'),1
FANOUT,K100,Exception('timeout_or_slo_miss: completed=66/100 errors=24 elapsed_ms=2150.5'),1
FANOUT,K100,Exception('timeout_or_slo_miss: completed=67/100 errors=33 elapsed_ms=1206.7'),1
FANOUT,K100,Exception('timeout_or_slo_miss: completed=77/100 errors=23 elapsed_ms=1019.0'),2
FANOUT,K100,Exception('timeout_or_slo_miss: completed=68/100 errors=32 elapsed_ms=1131.1'),1
FANOUT,K100,Exception('timeout_or_slo_miss: completed=63/100 errors=37 elapsed_ms=1244.0'),1
FANOUT,K100,Exception('timeout_or_slo_miss: completed=70/100 errors=30 elapsed_ms=1203.7'),1
FANOUT,K100,Exception('timeout_or_slo_miss: completed=58/100 errors=42 elapsed_ms=1507.1'),1
FANOUT,K100,Exception('timeout_or_slo_miss: completed=67/100 errors=33 elapsed_ms=1236.3'),1
FANOUT,K100,Exception('timeout_or_slo_miss: completed=66/100 errors=34 elapsed_ms=1140.5'),1
FANOUT,K100,Exception('timeout_or_slo_miss: completed=67/100 errors=33 elapsed_ms=1232.8'),1
FANOUT,K100,Exception('timeout_or_slo_miss: completed=75/100 errors=15 elapsed_ms=1839.1'),1
FANOUT,K100,Exception('timeout_or_slo_miss: completed=68/100 errors=32 elapsed_ms=1170.2'),2
FANOUT,K100,Exception('timeout_or_slo_miss: completed=67/100 errors=23 elapsed_ms=2288.3'),1
FANOUT,K100,Exception('timeout_or_slo_miss: completed=67/100 errors=33 elapsed_ms=1150.3'),1
FANOUT,K100,Exception('timeout_or_slo_miss: completed=66/100 errors=34 elapsed_ms=1187.7'),1
FANOUT,K100,Exception('timeout_or_slo_miss: completed=62/100 errors=38 elapsed_ms=1428.9'),1
FANOUT,K100,Exception('timeout_or_slo_miss: completed=60/100 errors=40 elapsed_ms=1478.8'),1
FANOUT,K100,Exception('timeout_or_slo_miss: completed=63/100 errors=37 elapsed_ms=1323.1'),1
FANOUT,K100,Exception('timeout_or_slo_miss: completed=73/100 errors=27 elapsed_ms=1121.8'),1
FANOUT,K100,Exception('timeout_or_slo_miss: completed=76/100 errors=24 elapsed_ms=1096.7'),1
FANOUT,K100,Exception('timeout_or_slo_miss: completed=68/100 errors=32 elapsed_ms=1204.2'),2
FANOUT,K100,Exception('timeout_or_slo_miss: completed=73/100 errors=17 elapsed_ms=1827.4'),1
FANOUT,K100,Exception('timeout_or_slo_miss: completed=68/100 errors=32 elapsed_ms=1210.1'),1
FANOUT,K100,Exception('timeout_or_slo_miss: completed=68/100 errors=32 elapsed_ms=1210.5'),1
FANOUT,K100,Exception('timeout_or_slo_miss: completed=57/100 errors=43 elapsed_ms=1510.6'),1
FANOUT,K100,Exception('timeout_or_slo_miss: completed=65/100 errors=35 elapsed_ms=1309.9'),1
FANOUT,K100,Exception('timeout_or_slo_miss: completed=59/100 errors=31 elapsed_ms=2585.3'),1
FANOUT,K100,Exception('timeout_or_slo_miss: completed=70/100 errors=30 elapsed_ms=1131.5'),1
FANOUT,K100,Exception('timeout_or_slo_miss: completed=64/100 errors=36 elapsed_ms=1257.5'),1
FANOUT,K100,Exception('timeout_or_slo_miss: completed=60/100 errors=40 elapsed_ms=1432.8'),1
FANOUT,K100,Exception('timeout_or_slo_miss: completed=63/100 errors=37 elapsed_ms=1238.4'),1
FANOUT,K100,Exception('timeout_or_slo_miss: completed=70/100 errors=30 elapsed_ms=1248.7'),1
FANOUT,K100,Exception('timeout_or_slo_miss: completed=61/100 errors=39 elapsed_ms=1359.3'),1
FANOUT,K100,Exception('timeout_or_slo_miss: completed=66/100 errors=34 elapsed_ms=1230.7'),1
FANOUT,K100,Exception('timeout_or_slo_miss: completed=69/100 errors=31 elapsed_ms=1154.4'),1
FANOUT,K100,Exception('timeout_or_slo_miss: completed=65/100 errors=35 elapsed_ms=1249.0'),1
FANOUT,K100,Exception('timeout_or_slo_miss: completed=67/100 errors=33 elapsed_ms=1166.9'),2
FANOUT,K100,Exception('timeout_or_slo_miss: completed=65/100 errors=35 elapsed_ms=1205.2'),1
FANOUT,K100,Exception('timeout_or_slo_miss: completed=68/100 errors=25 elapsed_ms=1929.4'),1
FANOUT,K100,Exception('timeout_or_slo_miss: completed=70/100 errors=30 elapsed_ms=1121.7'),1
FANOUT,K100,Exception('timeout_or_slo_miss: completed=65/100 errors=35 elapsed_ms=1269.1'),1
FANOUT,K100,Exception('timeout_or_slo_miss: completed=62/100 errors=38 elapsed_ms=1305.5'),1
FANOUT,K100,Exception('timeout_or_slo_miss: completed=66/100 errors=34 elapsed_ms=1191.3'),1
FANOUT,K100,Exception('timeout_or_slo_miss: completed=71/100 errors=29 elapsed_ms=1132.0'),1
FANOUT,K100,Exception('timeout_or_slo_miss: completed=68/100 errors=25 elapsed_ms=2012.7'),1
FANOUT,K100,Exception('timeout_or_slo_miss: completed=64/100 errors=36 elapsed_ms=1154.5'),1
FANOUT,K100,Exception('timeout_or_slo_miss: completed=69/100 errors=31 elapsed_ms=1154.5'),1
FANOUT,K100,Exception('timeout_or_slo_miss: completed=71/100 errors=29 elapsed_ms=1123.8'),1
FANOUT,K100,Exception('timeout_or_slo_miss: completed=67/100 errors=33 elapsed_ms=1191.6'),1
FANOUT,K100,Exception('timeout_or_slo_miss: completed=68/100 errors=32 elapsed_ms=1182.0'),1
FANOUT,K100,Exception('timeout_or_slo_miss: completed=66/100 errors=34 elapsed_ms=1211.9'),1
FANOUT,K100,Exception('timeout_or_slo_miss: completed=64/100 errors=36 elapsed_ms=1306.2'),1
FANOUT,K100,Exception('timeout_or_slo_miss: completed=70/100 errors=30 elapsed_ms=1185.9'),1
FANOUT,K100,Exception('timeout_or_slo_miss: completed=67/100 errors=33 elapsed_ms=1164.3'),1
FANOUT,K100,Exception('timeout_or_slo_miss: completed=65/100 errors=35 elapsed_ms=1221.1'),1
FANOUT,K100,Exception('timeout_or_slo_miss: completed=66/100 errors=34 elapsed_ms=1203.4'),1
FANOUT,K100,Exception('timeout_or_slo_miss: completed=64/100 errors=36 elapsed_ms=1180.2'),1
FANOUT,K100,Exception('timeout_or_slo_miss: completed=62/100 errors=38 elapsed_ms=1248.8'),1
FANOUT,K100,Exception('timeout_or_slo_miss: completed=66/100 errors=34 elapsed_ms=1212.2'),1
FANOUT,K100,Exception('timeout_or_slo_miss: completed=67/100 errors=33 elapsed_ms=1186.2'),1
FANOUT,K100,Exception('timeout_or_slo_miss: completed=63/100 errors=37 elapsed_ms=1286.2'),1
FANOUT,K100,Exception('timeout_or_slo_miss: completed=67/100 errors=18 elapsed_ms=4493.1'),1
FANOUT,K100,Exception('timeout_or_slo_miss: completed=66/100 errors=34 elapsed_ms=1236.3'),1
FANOUT,K100,Exception('timeout_or_slo_miss: completed=65/100 errors=35 elapsed_ms=1246.2'),1
FANOUT,K100,Exception('timeout_or_slo_miss: completed=58/100 errors=42 elapsed_ms=1503.5'),1
FANOUT,K100,Exception('timeout_or_slo_miss: completed=63/100 errors=37 elapsed_ms=1341.5'),1
FANOUT,K100,Exception('timeout_or_slo_miss: completed=71/100 errors=29 elapsed_ms=1182.4'),1
FANOUT,K100,Exception('timeout_or_slo_miss: completed=68/100 errors=32 elapsed_ms=1171.4'),1
FANOUT,K100,Exception('timeout_or_slo_miss: completed=68/100 errors=32 elapsed_ms=1127.8'),1
FANOUT,K100,Exception('timeout_or_slo_miss: completed=63/100 errors=37 elapsed_ms=1287.7'),1
FANOUT,K100,Exception('timeout_or_slo_miss: completed=69/100 errors=31 elapsed_ms=1026.6'),1
FANOUT,K100,Exception('timeout_or_slo_miss: completed=67/100 errors=33 elapsed_ms=1152.2'),1
FANOUT,K100,Exception('timeout_or_slo_miss: completed=67/100 errors=33 elapsed_ms=1177.2'),1
FANOUT,K100,Exception('timeout_or_slo_miss: completed=66/100 errors=34 elapsed_ms=1231.0'),2
FANOUT,K100,Exception('timeout_or_slo_miss: completed=67/100 errors=33 elapsed_ms=1216.8'),1
FANOUT,K100,Exception('timeout_or_slo_miss: completed=62/100 errors=38 elapsed_ms=1363.4'),1
FANOUT,K100,Exception('timeout_or_slo_miss: completed=64/100 errors=36 elapsed_ms=1338.4'),1
FANOUT,K100,Exception('timeout_or_slo_miss: completed=72/100 errors=28 elapsed_ms=1120.7'),2
FANOUT,K100,Exception('timeout_or_slo_miss: completed=66/100 errors=34 elapsed_ms=1160.8'),1
FANOUT,K100,Exception('timeout_or_slo_miss: completed=66/100 errors=27 elapsed_ms=2019.7'),1
FANOUT,K100,Exception('timeout_or_slo_miss: completed=73/100 errors=27 elapsed_ms=1123.6'),1
FANOUT,K100,Exception('timeout_or_slo_miss: completed=72/100 errors=28 elapsed_ms=1087.3'),1
FANOUT,K100,Exception('timeout_or_slo_miss: completed=74/100 errors=26 elapsed_ms=1137.7'),1
FANOUT,K100,Exception('timeout_or_slo_miss: completed=69/100 errors=31 elapsed_ms=1178.6'),1
FANOUT,K100,Exception('timeout_or_slo_miss: completed=61/100 errors=39 elapsed_ms=1323.3'),1
FANOUT,K100,Exception('timeout_or_slo_miss: completed=65/100 errors=35 elapsed_ms=1188.4'),1
FANOUT,K100,Exception('timeout_or_slo_miss: completed=61/100 errors=39 elapsed_ms=1400.8'),1
FANOUT,K100,Exception('timeout_or_slo_miss: completed=69/100 errors=31 elapsed_ms=1136.0'),1
FANOUT,K100,Exception('timeout_or_slo_miss: completed=64/100 errors=36 elapsed_ms=1264.1'),1
FANOUT,K100,Exception('timeout_or_slo_miss: completed=68/100 errors=32 elapsed_ms=1143.7'),2
FANOUT,K100,Exception('timeout_or_slo_miss: completed=72/100 errors=21 elapsed_ms=1722.0'),1
FANOUT,K100,Exception('timeout_or_slo_miss: completed=57/100 errors=43 elapsed_ms=1509.3'),1
FANOUT,K100,Exception('timeout_or_slo_miss: completed=63/100 errors=37 elapsed_ms=1157.6'),1
FANOUT,K100,Exception('timeout_or_slo_miss: completed=67/100 errors=33 elapsed_ms=1264.8'),1
FANOUT,K100,Exception('timeout_or_slo_miss: completed=76/100 errors=24 elapsed_ms=1013.4'),1
FANOUT,K100,Exception('timeout_or_slo_miss: completed=71/100 errors=29 elapsed_ms=1096.5'),1
FANOUT,K100,Exception('timeout_or_slo_miss: completed=64/100 errors=36 elapsed_ms=1181.0'),1
FANOUT,K100,Exception('timeout_or_slo_miss: completed=68/100 errors=22 elapsed_ms=2113.1'),1
FANOUT,K100,Exception('timeout_or_slo_miss: completed=62/100 errors=38 elapsed_ms=1294.6'),2
FANOUT,K100,Exception('timeout_or_slo_miss: completed=64/100 errors=36 elapsed_ms=1253.8'),1
FANOUT,K100,Exception('timeout_or_slo_miss: completed=70/100 errors=23 elapsed_ms=1848.5'),1
FANOUT,K100,Exception('timeout_or_slo_miss: completed=69/100 errors=31 elapsed_ms=1173.3'),1
FANOUT,K100,Exception('timeout_or_slo_miss: completed=70/100 errors=30 elapsed_ms=1168.8'),1
FANOUT,K100,Exception('timeout_or_slo_miss: completed=67/100 errors=33 elapsed_ms=1145.5'),2
FANOUT,K100,Exception('timeout_or_slo_miss: completed=30/100 errors=56 elapsed_ms=14370.3'),1
FANOUT,K100,Exception('timeout_or_slo_miss: completed=70/100 errors=30 elapsed_ms=1162.9'),1
FANOUT,K100,Exception('timeout_or_slo_miss: completed=67/100 errors=33 elapsed_ms=1144.4'),1
FANOUT,K100,Exception('timeout_or_slo_miss: completed=62/100 errors=38 elapsed_ms=1416.1'),2
FANOUT,K100,Exception('timeout_or_slo_miss: completed=57/100 errors=43 elapsed_ms=1507.4'),1
FANOUT,K100,Exception('timeout_or_slo_miss: completed=67/100 errors=33 elapsed_ms=1161.7'),2
FANOUT,K100,Exception('timeout_or_slo_miss: completed=74/100 errors=26 elapsed_ms=1033.8'),1
FANOUT,K100,Exception('timeout_or_slo_miss: completed=75/100 errors=25 elapsed_ms=1113.2'),1
FANOUT,K100,Exception('timeout_or_slo_miss: completed=72/100 errors=28 elapsed_ms=1127.2'),1
FANOUT,K100,Exception('timeout_or_slo_miss: completed=57/100 errors=43 elapsed_ms=1505.0'),1
FANOUT,K100,Exception('timeout_or_slo_miss: completed=63/100 errors=37 elapsed_ms=1282.1'),1
FANOUT,K100,Exception('timeout_or_slo_miss: completed=70/100 errors=30 elapsed_ms=1143.0'),1
FANOUT,K100,Exception('timeout_or_slo_miss: completed=71/100 errors=29 elapsed_ms=1150.8'),1
FANOUT,K100,Exception('timeout_or_slo_miss: completed=62/100 errors=38 elapsed_ms=1341.0'),1
FANOUT,K100,Exception('timeout_or_slo_miss: completed=68/100 errors=22 elapsed_ms=2128.6'),1
FANOUT,K100,Exception('timeout_or_slo_miss: completed=70/100 errors=30 elapsed_ms=1134.1'),1
FANOUT,K100,Exception('timeout_or_slo_miss: completed=73/100 errors=27 elapsed_ms=1014.0'),1
FANOUT,K100,Exception('timeout_or_slo_miss: completed=65/100 errors=35 elapsed_ms=1282.4'),1
FANOUT,K100,Exception('timeout_or_slo_miss: completed=68/100 errors=32 elapsed_ms=1187.2'),1
FANOUT,K100,Exception('timeout_or_slo_miss: completed=65/100 errors=35 elapsed_ms=1280.1'),1
FANOUT,K100,Exception('timeout_or_slo_miss: completed=62/100 errors=38 elapsed_ms=1428.0'),1
FANOUT,K100,Exception('timeout_or_slo_miss: completed=71/100 errors=29 elapsed_ms=1131.7'),1
FANOUT,K100,Exception('timeout_or_slo_miss: completed=67/100 errors=33 elapsed_ms=1149.8'),1
FANOUT,K100,Exception('timeout_or_slo_miss: completed=66/100 errors=34 elapsed_ms=1213.2'),1
FANOUT,K100,Exception('timeout_or_slo_miss: completed=64/100 errors=36 elapsed_ms=1238.9'),2
FANOUT,K100,Exception('timeout_or_slo_miss: completed=65/100 errors=35 elapsed_ms=1280.6'),1
FANOUT,K100,Exception('timeout_or_slo_miss: completed=61/100 errors=39 elapsed_ms=1451.8'),1
FANOUT,K100,Exception('timeout_or_slo_miss: completed=74/100 errors=26 elapsed_ms=1017.6'),1
FANOUT,K100,Exception('timeout_or_slo_miss: completed=66/100 errors=34 elapsed_ms=1204.5'),1
FANOUT,K100,Exception('timeout_or_slo_miss: completed=73/100 errors=27 elapsed_ms=1119.7'),1
FANOUT,K100,Exception('timeout_or_slo_miss: completed=62/100 errors=38 elapsed_ms=1351.7'),1
FANOUT,K100,Exception('timeout_or_slo_miss: completed=68/100 errors=32 elapsed_ms=1095.7'),1
FANOUT,K100,Exception('timeout_or_slo_miss: completed=67/100 errors=33 elapsed_ms=1249.1'),1
FANOUT,K100,Exception('timeout_or_slo_miss: completed=72/100 errors=28 elapsed_ms=1102.1'),1
FANOUT,K100,Exception('timeout_or_slo_miss: completed=63/100 errors=37 elapsed_ms=1283.4'),2
FANOUT,K100,Exception('timeout_or_slo_miss: completed=65/100 errors=35 elapsed_ms=1228.9'),1
FANOUT,K100,Exception('timeout_or_slo_miss: completed=68/100 errors=32 elapsed_ms=1125.1'),1
FANOUT,K100,Exception('timeout_or_slo_miss: completed=71/100 errors=29 elapsed_ms=1107.3'),1
FANOUT,K100,Exception('timeout_or_slo_miss: completed=68/100 errors=22 elapsed_ms=2135.8'),1
FANOUT,K100,Exception('timeout_or_slo_miss: completed=64/100 errors=26 elapsed_ms=2330.3'),1
FANOUT,K100,Exception('timeout_or_slo_miss: completed=65/100 errors=25 elapsed_ms=2265.8'),1
FANOUT,K100,Exception('timeout_or_slo_miss: completed=68/100 errors=32 elapsed_ms=1193.1'),1
FANOUT,K100,Exception('timeout_or_slo_miss: completed=69/100 errors=31 elapsed_ms=1199.7'),1
FANOUT,K100,Exception('timeout_or_slo_miss: completed=66/100 errors=34 elapsed_ms=1133.7'),1
FANOUT,K100,Exception('timeout_or_slo_miss: completed=72/100 errors=28 elapsed_ms=1085.5'),1
FANOUT,K100,Exception('timeout_or_slo_miss: completed=74/100 errors=26 elapsed_ms=1117.4'),1
FANOUT,K100,Exception('timeout_or_slo_miss: completed=59/100 errors=41 elapsed_ms=1504.4'),2
FANOUT,K100,Exception('timeout_or_slo_miss: completed=65/100 errors=35 elapsed_ms=1174.7'),1
FANOUT,K100,Exception('timeout_or_slo_miss: completed=60/100 errors=40 elapsed_ms=1424.9'),1
FANOUT,K100,Exception('timeout_or_slo_miss: completed=70/100 errors=30 elapsed_ms=1120.7'),1
FANOUT,K100,Exception('timeout_or_slo_miss: completed=59/100 errors=41 elapsed_ms=1503.6'),3
FANOUT,K100,Exception('timeout_or_slo_miss: completed=65/100 errors=35 elapsed_ms=1222.9'),1
FANOUT,K100,Exception('timeout_or_slo_miss: completed=65/100 errors=35 elapsed_ms=1215.9'),1
FANOUT,K100,Exception('timeout_or_slo_miss: completed=64/100 errors=36 elapsed_ms=1249.0'),1
FANOUT,K100,Exception('timeout_or_slo_miss: completed=60/100 errors=40 elapsed_ms=1332.7'),1
FANOUT,K100,Exception('timeout_or_slo_miss: completed=63/100 errors=37 elapsed_ms=1269.4'),1
FANOUT,K100,Exception('timeout_or_slo_miss: completed=66/100 errors=24 elapsed_ms=2267.4'),1
FANOUT,K100,Exception('timeout_or_slo_miss: completed=64/100 errors=36 elapsed_ms=1329.8'),1
FANOUT,K100,Exception('timeout_or_slo_miss: completed=62/100 errors=38 elapsed_ms=1334.8'),1
FANOUT,K100,Exception('timeout_or_slo_miss: completed=72/100 errors=28 elapsed_ms=1106.2'),1
FANOUT,K100,Exception('timeout_or_slo_miss: completed=66/100 errors=34 elapsed_ms=1264.5'),1
FANOUT,K100,Exception('timeout_or_slo_miss: completed=68/100 errors=32 elapsed_ms=1163.9'),2
FANOUT,K100,Exception('timeout_or_slo_miss: completed=61/100 errors=39 elapsed_ms=1469.9'),1
FANOUT,K100,Exception('timeout_or_slo_miss: completed=65/100 errors=35 elapsed_ms=1253.8'),1
FANOUT,K100,Exception('timeout_or_slo_miss: completed=72/100 errors=28 elapsed_ms=1167.8'),1
FANOUT,K100,Exception('timeout_or_slo_miss: completed=68/100 errors=32 elapsed_ms=1113.6'),1
FANOUT,K100,Exception('timeout_or_slo_miss: completed=69/100 errors=31 elapsed_ms=1113.4'),1
FANOUT,K100,Exception('timeout_or_slo_miss: completed=68/100 errors=32 elapsed_ms=1164.6'),1
FANOUT,K100,Exception('timeout_or_slo_miss: completed=65/100 errors=35 elapsed_ms=1186.2'),1
FANOUT,K100,Exception('timeout_or_slo_miss: completed=68/100 errors=32 elapsed_ms=1149.2'),1
FANOUT,K100,Exception('timeout_or_slo_miss: completed=67/100 errors=26 elapsed_ms=1913.6'),1
FANOUT,K100,Exception('timeout_or_slo_miss: completed=55/100 errors=45 elapsed_ms=1506.4'),1
FANOUT,K100,Exception('timeout_or_slo_miss: completed=65/100 errors=35 elapsed_ms=1223.8'),1
FANOUT,K100,Exception('timeout_or_slo_miss: completed=67/100 errors=23 elapsed_ms=2151.4'),1
FANOUT,K100,Exception('timeout_or_slo_miss: completed=77/100 errors=16 elapsed_ms=1657.5'),1
FANOUT,K100,Exception('timeout_or_slo_miss: completed=60/100 errors=40 elapsed_ms=1357.8'),1
FANOUT,K100,Exception('timeout_or_slo_miss: completed=72/100 errors=21 elapsed_ms=1760.6'),1
FANOUT,K100,Exception('timeout_or_slo_miss: completed=66/100 errors=34 elapsed_ms=1130.5'),1
FANOUT,K100,Exception('timeout_or_slo_miss: completed=65/100 errors=35 elapsed_ms=1217.0'),1
FANOUT,K100,Exception('timeout_or_slo_miss: completed=71/100 errors=29 elapsed_ms=1128.0'),2
FANOUT,K100,Exception('timeout_or_slo_miss: completed=72/100 errors=21 elapsed_ms=1847.6'),1
FANOUT,K100,Exception('timeout_or_slo_miss: completed=72/100 errors=28 elapsed_ms=1131.7'),1
FANOUT,K100,Exception('timeout_or_slo_miss: completed=69/100 errors=31 elapsed_ms=1115.8'),1
FANOUT,K100,Exception('timeout_or_slo_miss: completed=64/100 errors=36 elapsed_ms=1181.6'),1
FANOUT,K100,Exception('timeout_or_slo_miss: completed=68/100 errors=32 elapsed_ms=1303.9'),1
FANOUT,K100,Exception('timeout_or_slo_miss: completed=68/100 errors=32 elapsed_ms=1202.6'),1
FANOUT,K100,Exception('timeout_or_slo_miss: completed=70/100 errors=30 elapsed_ms=1142.6'),1
FANOUT,K100,Exception('timeout_or_slo_miss: completed=73/100 errors=27 elapsed_ms=1137.1'),1
FANOUT,K100,Exception('timeout_or_slo_miss: completed=66/100 errors=34 elapsed_ms=1164.2'),2
FANOUT,K100,Exception('timeout_or_slo_miss: completed=60/100 errors=40 elapsed_ms=1463.6'),1
FANOUT,K100,Exception('timeout_or_slo_miss: completed=70/100 errors=23 elapsed_ms=1923.8'),1
FANOUT,K100,Exception('timeout_or_slo_miss: completed=59/100 errors=31 elapsed_ms=2519.2'),1
FANOUT,K100,Exception('timeout_or_slo_miss: completed=54/100 errors=46 elapsed_ms=1509.6'),1
FANOUT,K100,Exception('timeout_or_slo_miss: completed=65/100 errors=35 elapsed_ms=1268.0'),1
FANOUT,K100,Exception('timeout_or_slo_miss: completed=59/100 errors=41 elapsed_ms=1532.0'),1
FANOUT,K100,Exception('timeout_or_slo_miss: completed=64/100 errors=26 elapsed_ms=2346.2'),1
FANOUT,K100,Exception('timeout_or_slo_miss: completed=62/100 errors=28 elapsed_ms=2624.9'),1
FANOUT,K100,Exception('timeout_or_slo_miss: completed=70/100 errors=20 elapsed_ms=2039.0'),1
FANOUT,K100,Exception('timeout_or_slo_miss: completed=70/100 errors=30 elapsed_ms=1119.5'),1
FANOUT,K100,Exception('timeout_or_slo_miss: completed=64/100 errors=26 elapsed_ms=2356.7'),1
FANOUT,K100,Exception('timeout_or_slo_miss: completed=69/100 errors=24 elapsed_ms=1991.2'),1
FANOUT,K100,Exception('timeout_or_slo_miss: completed=70/100 errors=23 elapsed_ms=1781.9'),1
FANOUT,K100,Exception('timeout_or_slo_miss: completed=75/100 errors=25 elapsed_ms=1017.0'),1
FANOUT,K100,Exception('timeout_or_slo_miss: completed=66/100 errors=24 elapsed_ms=2152.9'),1
FANOUT,K100,Exception('timeout_or_slo_miss: completed=65/100 errors=35 elapsed_ms=1249.5'),2
FANOUT,K100,Exception('timeout_or_slo_miss: completed=64/100 errors=36 elapsed_ms=1278.9'),1
FANOUT,K100,Exception('timeout_or_slo_miss: completed=66/100 errors=24 elapsed_ms=2291.5'),1
FANOUT,K100,Exception('timeout_or_slo_miss: completed=69/100 errors=31 elapsed_ms=1187.8'),1
FANOUT,K100,Exception('timeout_or_slo_miss: completed=59/100 errors=41 elapsed_ms=1502.6'),1
FANOUT,K100,Exception('timeout_or_slo_miss: completed=75/100 errors=25 elapsed_ms=1114.3'),1
FANOUT,K100,Exception('timeout_or_slo_miss: completed=71/100 errors=29 elapsed_ms=1167.8'),1
FANOUT,K100,Exception('timeout_or_slo_miss: completed=71/100 errors=29 elapsed_ms=1220.8'),1
FANOUT,K100,Exception('timeout_or_slo_miss: completed=63/100 errors=37 elapsed_ms=1338.1'),1
FANOUT,K100,Exception('timeout_or_slo_miss: completed=75/100 errors=25 elapsed_ms=1110.1'),1
FANOUT,K100,Exception('timeout_or_slo_miss: completed=59/100 errors=34 elapsed_ms=2292.7'),1
FANOUT,K100,Exception('timeout_or_slo_miss: completed=72/100 errors=28 elapsed_ms=1208.5'),1
FANOUT,K100,Exception('timeout_or_slo_miss: completed=71/100 errors=29 elapsed_ms=1100.6'),1
FANOUT,K100,Exception('timeout_or_slo_miss: completed=61/100 errors=39 elapsed_ms=1437.5'),1
FANOUT,K100,Exception('timeout_or_slo_miss: completed=67/100 errors=33 elapsed_ms=1183.0'),1
FANOUT,K100,Exception('timeout_or_slo_miss: completed=69/100 errors=31 elapsed_ms=1133.8'),1
FANOUT,K100,Exception('timeout_or_slo_miss: completed=69/100 errors=31 elapsed_ms=1175.6'),1
FANOUT,K100,Exception('timeout_or_slo_miss: completed=64/100 errors=26 elapsed_ms=2224.1'),1
FANOUT,K100,Exception('timeout_or_slo_miss: completed=62/100 errors=38 elapsed_ms=1295.6'),1
FANOUT,K100,Exception('timeout_or_slo_miss: completed=30/100 errors=58 elapsed_ms=19477.6'),1
FANOUT,K100,Exception('timeout_or_slo_miss: completed=72/100 errors=28 elapsed_ms=1123.9'),1
FANOUT,K100,Exception('timeout_or_slo_miss: completed=72/100 errors=28 elapsed_ms=1131.9'),1
FANOUT,K100,Exception('timeout_or_slo_miss: completed=62/100 errors=38 elapsed_ms=1503.4'),1
FANOUT,K100,Exception('timeout_or_slo_miss: completed=70/100 errors=30 elapsed_ms=1152.6'),1
FANOUT,K100,Exception('timeout_or_slo_miss: completed=76/100 errors=24 elapsed_ms=1038.4'),1
FANOUT,K100,Exception('timeout_or_slo_miss: completed=66/100 errors=34 elapsed_ms=1180.6'),1
FANOUT,K100,Exception('timeout_or_slo_miss: completed=71/100 errors=19 elapsed_ms=2110.1'),1
FANOUT,K100,Exception('timeout_or_slo_miss: completed=65/100 errors=35 elapsed_ms=1163.7'),2
FANOUT,K100,Exception('timeout_or_slo_miss: completed=70/100 errors=30 elapsed_ms=1133.6'),1
FANOUT,K100,Exception('timeout_or_slo_miss: completed=70/100 errors=30 elapsed_ms=1159.2'),1
FANOUT,K100,Exception('timeout_or_slo_miss: completed=76/100 errors=24 elapsed_ms=1017.6'),1
FANOUT,K100,Exception('timeout_or_slo_miss: completed=54/100 errors=46 elapsed_ms=1511.9'),2
FANOUT,K100,Exception('timeout_or_slo_miss: completed=67/100 errors=33 elapsed_ms=1181.0'),1
FANOUT,K100,Exception('timeout_or_slo_miss: completed=66/100 errors=34 elapsed_ms=1294.2'),1
FANOUT,K100,Exception('timeout_or_slo_miss: completed=63/100 errors=37 elapsed_ms=1300.3'),1
FANOUT,K100,Exception('timeout_or_slo_miss: completed=63/100 errors=37 elapsed_ms=1259.2'),1
FANOUT,K100,Exception('timeout_or_slo_miss: completed=66/100 errors=34 elapsed_ms=1192.6'),1
FANOUT,K100,Exception('timeout_or_slo_miss: completed=71/100 errors=29 elapsed_ms=1150.1'),2
FANOUT,K100,Exception('timeout_or_slo_miss: completed=73/100 errors=27 elapsed_ms=1147.2'),1
FANOUT,K100,Exception('timeout_or_slo_miss: completed=67/100 errors=23 elapsed_ms=2205.3'),1
FANOUT,K100,Exception('timeout_or_slo_miss: completed=68/100 errors=32 elapsed_ms=1216.0'),1
FANOUT,K100,Exception('timeout_or_slo_miss: completed=68/100 errors=22 elapsed_ms=2174.7'),1
FANOUT,K100,Exception('timeout_or_slo_miss: completed=65/100 errors=35 elapsed_ms=1172.4'),1
FANOUT,K100,Exception('timeout_or_slo_miss: completed=73/100 errors=27 elapsed_ms=1070.3'),1
FANOUT,K100,Exception('timeout_or_slo_miss: completed=68/100 errors=32 elapsed_ms=1122.6'),1
FANOUT,K100,Exception('timeout_or_slo_miss: completed=71/100 errors=29 elapsed_ms=1223.6'),1
FANOUT,K100,Exception('timeout_or_slo_miss: completed=70/100 errors=30 elapsed_ms=1157.1'),1
FANOUT,K100,Exception('timeout_or_slo_miss: completed=63/100 errors=37 elapsed_ms=1314.4'),1
FANOUT,K100,Exception('timeout_or_slo_miss: completed=71/100 errors=29 elapsed_ms=1169.8'),1
FANOUT,K100,Exception('timeout_or_slo_miss: completed=70/100 errors=30 elapsed_ms=1135.3'),1
FANOUT,K100,Exception('timeout_or_slo_miss: completed=65/100 errors=35 elapsed_ms=1252.6'),1
FANOUT,K100,Exception('timeout_or_slo_miss: completed=67/100 errors=23 elapsed_ms=2144.4'),1
FANOUT,K100,Exception('timeout_or_slo_miss: completed=43/100 errors=42 elapsed_ms=17457.8'),1
FANOUT,K100,Exception('timeout_or_slo_miss: completed=67/100 errors=33 elapsed_ms=1170.3'),1
FANOUT,K100,Exception('timeout_or_slo_miss: completed=56/100 errors=44 elapsed_ms=1511.2'),1
FANOUT,K100,Exception('timeout_or_slo_miss: completed=72/100 errors=28 elapsed_ms=1143.3'),1
FANOUT,K100,Exception('timeout_or_slo_miss: completed=71/100 errors=29 elapsed_ms=1128.8'),1
FANOUT,K100,Exception('timeout_or_slo_miss: completed=68/100 errors=32 elapsed_ms=1149.0'),1
FANOUT,K100,Exception('timeout_or_slo_miss: completed=65/100 errors=35 elapsed_ms=1330.0'),1
FANOUT,K100,Exception('timeout_or_slo_miss: completed=73/100 errors=27 elapsed_ms=1025.2'),1
FANOUT,K100,Exception('timeout_or_slo_miss: completed=63/100 errors=37 elapsed_ms=1252.0'),1
FANOUT,K100,Exception('timeout_or_slo_miss: completed=69/100 errors=31 elapsed_ms=1156.7'),1
FANOUT,K100,Exception('timeout_or_slo_miss: completed=64/100 errors=36 elapsed_ms=1246.2'),1
FANOUT,K100,Exception('timeout_or_slo_miss: completed=64/100 errors=36 elapsed_ms=1166.6'),1
FANOUT,K100,Exception('timeout_or_slo_miss: completed=70/100 errors=30 elapsed_ms=1146.4'),1
FANOUT,K100,Exception('timeout_or_slo_miss: completed=66/100 errors=34 elapsed_ms=1221.6'),1
FANOUT,K100,Exception('timeout_or_slo_miss: completed=69/100 errors=31 elapsed_ms=1116.8'),1
FANOUT,K100,Exception('timeout_or_slo_miss: completed=62/100 errors=38 elapsed_ms=1285.5'),1
FANOUT,K100,Exception('timeout_or_slo_miss: completed=59/100 errors=41 elapsed_ms=1513.1'),1
FANOUT,K100,Exception('timeout_or_slo_miss: completed=71/100 errors=29 elapsed_ms=1109.2'),2
FANOUT,K100,Exception('timeout_or_slo_miss: completed=58/100 errors=42 elapsed_ms=1505.9'),1
FANOUT,K100,Exception('timeout_or_slo_miss: completed=63/100 errors=37 elapsed_ms=1282.2'),1
FANOUT,K100,Exception('timeout_or_slo_miss: completed=69/100 errors=21 elapsed_ms=2119.4'),1
FANOUT,K100,Exception('timeout_or_slo_miss: completed=63/100 errors=37 elapsed_ms=1279.0'),2
FANOUT,K100,Exception('timeout_or_slo_miss: completed=74/100 errors=26 elapsed_ms=1016.0'),1
FANOUT,K100,Exception('timeout_or_slo_miss: completed=58/100 errors=42 elapsed_ms=1505.5'),1
FANOUT,K100,Exception('timeout_or_slo_miss: completed=63/100 errors=37 elapsed_ms=1358.6'),1
FANOUT,K100,Exception('timeout_or_slo_miss: completed=64/100 errors=36 elapsed_ms=1301.0'),1
FANOUT,K100,Exception('timeout_or_slo_miss: completed=70/100 errors=23 elapsed_ms=2010.0'),1
FANOUT,K100,Exception('timeout_or_slo_miss: completed=64/100 errors=36 elapsed_ms=1228.6'),1
FANOUT,K100,Exception('timeout_or_slo_miss: completed=66/100 errors=34 elapsed_ms=1143.0'),1
FANOUT,K100,Exception('timeout_or_slo_miss: completed=68/100 errors=32 elapsed_ms=1110.5'),2
FANOUT,K100,Exception('timeout_or_slo_miss: completed=50/100 errors=50 elapsed_ms=1597.9'),1
FANOUT,K100,Exception('timeout_or_slo_miss: completed=61/100 errors=39 elapsed_ms=1434.7'),1
FANOUT,K100,Exception('timeout_or_slo_miss: completed=61/100 errors=39 elapsed_ms=1506.2'),1
FANOUT,K100,Exception('timeout_or_slo_miss: completed=63/100 errors=30 elapsed_ms=2111.7'),1
FANOUT,K100,Exception('timeout_or_slo_miss: completed=71/100 errors=29 elapsed_ms=1151.5'),1
FANOUT,K100,Exception('timeout_or_slo_miss: completed=70/100 errors=30 elapsed_ms=1111.0'),1
FANOUT,K100,Exception('timeout_or_slo_miss: completed=70/100 errors=30 elapsed_ms=1149.2'),1
FANOUT,K100,Exception('timeout_or_slo_miss: completed=64/100 errors=29 elapsed_ms=2112.6'),1
FANOUT,K100,Exception('timeout_or_slo_miss: completed=68/100 errors=32 elapsed_ms=1143.6'),2
FANOUT,K100,Exception('timeout_or_slo_miss: completed=68/100 errors=25 elapsed_ms=2082.9'),1
FANOUT,K100,Exception('timeout_or_slo_miss: completed=67/100 errors=23 elapsed_ms=2223.3'),1
FANOUT,K100,Exception('timeout_or_slo_miss: completed=59/100 errors=41 elapsed_ms=1507.9'),1
FANOUT,K100,Exception('timeout_or_slo_miss: completed=56/100 errors=44 elapsed_ms=1509.6'),1
FANOUT,K100,Exception('timeout_or_slo_miss: completed=68/100 errors=32 elapsed_ms=1230.1'),1
FANOUT,K100,Exception('timeout_or_slo_miss: completed=70/100 errors=30 elapsed_ms=1132.9'),1
FANOUT,K100,Exception('timeout_or_slo_miss: completed=58/100 errors=42 elapsed_ms=1508.7'),1
FANOUT,K100,Exception('timeout_or_slo_miss: completed=73/100 errors=20 elapsed_ms=1792.3'),1
FANOUT,K100,Exception('timeout_or_slo_miss: completed=69/100 errors=31 elapsed_ms=1102.4'),1
FANOUT,K100,Exception('timeout_or_slo_miss: completed=68/100 errors=32 elapsed_ms=1156.3'),1
FANOUT,K100,Exception('timeout_or_slo_miss: completed=62/100 errors=38 elapsed_ms=1218.4'),1
FANOUT,K100,Exception('timeout_or_slo_miss: completed=72/100 errors=28 elapsed_ms=1184.2'),1
FANOUT,K100,Exception('timeout_or_slo_miss: completed=71/100 errors=29 elapsed_ms=1099.0'),1
FANOUT,K100,Exception('timeout_or_slo_miss: completed=65/100 errors=28 elapsed_ms=2015.1'),2
FANOUT,K100,Exception('timeout_or_slo_miss: completed=66/100 errors=34 elapsed_ms=1299.0'),1
FANOUT,K100,Exception('timeout_or_slo_miss: completed=71/100 errors=29 elapsed_ms=1172.6'),1
FANOUT,K100,Exception('timeout_or_slo_miss: completed=67/100 errors=33 elapsed_ms=1189.5'),1
FANOUT,K100,Exception('timeout_or_slo_miss: completed=72/100 errors=28 elapsed_ms=1107.8'),1
FANOUT,K100,Exception('timeout_or_slo_miss: completed=69/100 errors=31 elapsed_ms=1131.5'),1
FANOUT,K100,Exception('timeout_or_slo_miss: completed=71/100 errors=29 elapsed_ms=1152.1'),1
FANOUT,K100,Exception('timeout_or_slo_miss: completed=67/100 errors=33 elapsed_ms=1162.0'),1
FANOUT,K100,Exception('timeout_or_slo_miss: completed=65/100 errors=25 elapsed_ms=2186.0'),1
FANOUT,K100,Exception('timeout_or_slo_miss: completed=68/100 errors=32 elapsed_ms=1179.6'),1
FANOUT,K100,Exception('timeout_or_slo_miss: completed=65/100 errors=35 elapsed_ms=1300.9'),1
FANOUT,K100,Exception('timeout_or_slo_miss: completed=65/100 errors=35 elapsed_ms=1228.1'),1
FANOUT,K100,Exception('timeout_or_slo_miss: completed=66/100 errors=34 elapsed_ms=1201.5'),2
FANOUT,K100,Exception('timeout_or_slo_miss: completed=67/100 errors=33 elapsed_ms=1120.0'),1
FANOUT,K100,Exception('timeout_or_slo_miss: completed=74/100 errors=26 elapsed_ms=1065.2'),1
FANOUT,K100,Exception('timeout_or_slo_miss: completed=69/100 errors=31 elapsed_ms=1194.5'),1
FANOUT,K100,Exception('timeout_or_slo_miss: completed=65/100 errors=35 elapsed_ms=1150.0'),1
FANOUT,K100,Exception('timeout_or_slo_miss: completed=68/100 errors=32 elapsed_ms=1215.7'),1
FANOUT,K100,Exception('timeout_or_slo_miss: completed=71/100 errors=29 elapsed_ms=1238.3'),1
FANOUT,K100,Exception('timeout_or_slo_miss: completed=65/100 errors=35 elapsed_ms=1271.3'),2
FANOUT,K100,Exception('timeout_or_slo_miss: completed=75/100 errors=15 elapsed_ms=1838.8'),1
FANOUT,K100,Exception('timeout_or_slo_miss: completed=65/100 errors=35 elapsed_ms=1305.6'),1
FANOUT,K100,Exception('timeout_or_slo_miss: completed=68/100 errors=22 elapsed_ms=2094.1'),1
FANOUT,K100,Exception('timeout_or_slo_miss: completed=55/100 errors=45 elapsed_ms=1506.3'),1
FANOUT,K100,Exception('timeout_or_slo_miss: completed=64/100 errors=36 elapsed_ms=1284.2'),1
FANOUT,K100,Exception('timeout_or_slo_miss: completed=69/100 errors=31 elapsed_ms=1164.3'),1
FANOUT,K100,Exception('timeout_or_slo_miss: completed=63/100 errors=37 elapsed_ms=1222.3'),1
FANOUT,K100,Exception('timeout_or_slo_miss: completed=63/100 errors=37 elapsed_ms=1233.3'),1
FANOUT,K100,Exception('timeout_or_slo_miss: completed=64/100 errors=36 elapsed_ms=1218.8'),1
FANOUT,K100,Exception('timeout_or_slo_miss: completed=63/100 errors=37 elapsed_ms=1241.1'),1
FANOUT,K100,Exception('timeout_or_slo_miss: completed=65/100 errors=35 elapsed_ms=1107.8'),1
FANOUT,K100,Exception('timeout_or_slo_miss: completed=68/100 errors=32 elapsed_ms=1143.2'),2
FANOUT,K100,Exception('timeout_or_slo_miss: completed=65/100 errors=35 elapsed_ms=1245.7'),1
FANOUT,K100,Exception('timeout_or_slo_miss: completed=64/100 errors=26 elapsed_ms=2287.3'),1
FANOUT,K100,Exception('timeout_or_slo_miss: completed=68/100 errors=25 elapsed_ms=2009.4'),1
FANOUT,K100,Exception('timeout_or_slo_miss: completed=61/100 errors=32 elapsed_ms=2204.8'),1
FANOUT,K100,Exception('timeout_or_slo_miss: completed=54/100 errors=46 elapsed_ms=1506.9'),1
FANOUT,K100,Exception('timeout_or_slo_miss: completed=62/100 errors=38 elapsed_ms=1338.5'),1
FANOUT,K100,Exception('timeout_or_slo_miss: completed=61/100 errors=39 elapsed_ms=1438.6'),1
FANOUT,K100,Exception('timeout_or_slo_miss: completed=71/100 errors=29 elapsed_ms=1142.8'),1
FANOUT,K100,Exception('timeout_or_slo_miss: completed=67/100 errors=23 elapsed_ms=2253.7'),1
FANOUT,K100,Exception('timeout_or_slo_miss: completed=75/100 errors=25 elapsed_ms=1012.7'),1
FANOUT,K100,Exception('timeout_or_slo_miss: completed=75/100 errors=25 elapsed_ms=1179.7'),1
FANOUT,K100,Exception('timeout_or_slo_miss: completed=77/100 errors=23 elapsed_ms=1018.7'),1
FANOUT,K100,Exception('timeout_or_slo_miss: completed=66/100 errors=27 elapsed_ms=2026.6'),1
FANOUT,K100,Exception('timeout_or_slo_miss: completed=60/100 errors=40 elapsed_ms=1408.9'),1
FANOUT,K100,Exception('timeout_or_slo_miss: completed=68/100 errors=32 elapsed_ms=1187.4'),1
FANOUT,K100,Exception('timeout_or_slo_miss: completed=69/100 errors=31 elapsed_ms=1153.9'),2
FANOUT,K100,Exception('timeout_or_slo_miss: completed=66/100 errors=34 elapsed_ms=1191.6'),1
FANOUT,K100,Exception('timeout_or_slo_miss: completed=71/100 errors=29 elapsed_ms=1167.7'),1
FANOUT,K100,Exception('timeout_or_slo_miss: completed=70/100 errors=30 elapsed_ms=1131.0'),1
FANOUT,K100,Exception('timeout_or_slo_miss: completed=69/100 errors=24 elapsed_ms=2027.3'),1
FANOUT,K100,Exception('timeout_or_slo_miss: completed=72/100 errors=28 elapsed_ms=1122.9'),1
FANOUT,K100,Exception('timeout_or_slo_miss: completed=66/100 errors=34 elapsed_ms=1199.3'),2
FANOUT,K100,Exception('timeout_or_slo_miss: completed=71/100 errors=29 elapsed_ms=1114.3'),1
FANOUT,K100,Exception('timeout_or_slo_miss: completed=69/100 errors=31 elapsed_ms=1212.6'),1
FANOUT,K100,Exception('timeout_or_slo_miss: completed=59/100 errors=41 elapsed_ms=1503.3'),3
FANOUT,K100,Exception('timeout_or_slo_miss: completed=66/100 errors=27 elapsed_ms=2121.2'),1
FANOUT,K100,Exception('timeout_or_slo_miss: completed=70/100 errors=30 elapsed_ms=1119.2'),1
FANOUT,K100,Exception('timeout_or_slo_miss: completed=66/100 errors=34 elapsed_ms=1162.7'),2
FANOUT,K100,Exception('timeout_or_slo_miss: completed=63/100 errors=30 elapsed_ms=2132.0'),1
FANOUT,K100,Exception('timeout_or_slo_miss: completed=61/100 errors=39 elapsed_ms=1358.6'),1
FANOUT,K100,Exception('timeout_or_slo_miss: completed=67/100 errors=33 elapsed_ms=1156.6'),2
FANOUT,K100,Exception('timeout_or_slo_miss: completed=71/100 errors=29 elapsed_ms=1086.1'),1
FANOUT,K100,Exception('timeout_or_slo_miss: completed=58/100 errors=42 elapsed_ms=1502.9'),1
FANOUT,K100,Exception('timeout_or_slo_miss: completed=64/100 errors=36 elapsed_ms=1397.2'),1
FANOUT,K100,Exception('timeout_or_slo_miss: completed=69/100 errors=31 elapsed_ms=1136.9'),1
FANOUT,K100,Exception('timeout_or_slo_miss: completed=70/100 errors=23 elapsed_ms=1871.3'),1
FANOUT,K100,Exception('timeout_or_slo_miss: completed=54/100 errors=36 elapsed_ms=2683.3'),1
FANOUT,K100,Exception('timeout_or_slo_miss: completed=72/100 errors=28 elapsed_ms=1141.2'),1
FANOUT,K100,Exception('timeout_or_slo_miss: completed=72/100 errors=28 elapsed_ms=1129.1'),1
FANOUT,K100,Exception('timeout_or_slo_miss: completed=63/100 errors=37 elapsed_ms=1998.0'),1
FANOUT,K100,Exception('timeout_or_slo_miss: completed=67/100 errors=23 elapsed_ms=2211.1'),1
FANOUT,K100,Exception('timeout_or_slo_miss: completed=62/100 errors=31 elapsed_ms=2130.1'),1
FANOUT,K100,Exception('timeout_or_slo_miss: completed=73/100 errors=27 elapsed_ms=1143.9'),1
FANOUT,K100,Exception('timeout_or_slo_miss: completed=76/100 errors=17 elapsed_ms=1728.6'),1
FANOUT,K100,Exception('timeout_or_slo_miss: completed=75/100 errors=25 elapsed_ms=1029.0'),1
FANOUT,K100,Exception('timeout_or_slo_miss: completed=67/100 errors=23 elapsed_ms=2107.7'),1
FANOUT,K100,Exception('timeout_or_slo_miss: completed=64/100 errors=36 elapsed_ms=1171.3'),1
FANOUT,K100,Exception('timeout_or_slo_miss: completed=72/100 errors=28 elapsed_ms=1112.7'),1
FANOUT,K100,Exception('timeout_or_slo_miss: completed=64/100 errors=36 elapsed_ms=1242.3'),1
FANOUT,K100,Exception('timeout_or_slo_miss: completed=61/100 errors=39 elapsed_ms=1392.9'),1
FANOUT,K100,Exception('timeout_or_slo_miss: completed=69/100 errors=31 elapsed_ms=1164.9'),1
FANOUT,K100,Exception('timeout_or_slo_miss: completed=56/100 errors=44 elapsed_ms=1514.3'),1
FANOUT,K100,Exception('timeout_or_slo_miss: completed=67/100 errors=33 elapsed_ms=1190.2'),1
FANOUT,K100,Exception('timeout_or_slo_miss: completed=66/100 errors=34 elapsed_ms=1139.4'),1
FANOUT,K100,Exception('timeout_or_slo_miss: completed=66/100 errors=34 elapsed_ms=1174.5'),1
FANOUT,K100,Exception('timeout_or_slo_miss: completed=65/100 errors=35 elapsed_ms=1206.4'),2
FANOUT,K100,Exception('timeout_or_slo_miss: completed=70/100 errors=30 elapsed_ms=1077.2'),1
FANOUT,K100,Exception('timeout_or_slo_miss: completed=66/100 errors=34 elapsed_ms=1191.2'),1
FANOUT,K100,Exception('timeout_or_slo_miss: completed=58/100 errors=42 elapsed_ms=1502.8'),1
FANOUT,K100,Exception('timeout_or_slo_miss: completed=62/100 errors=38 elapsed_ms=1275.6'),1
FANOUT,K100,Exception('timeout_or_slo_miss: completed=61/100 errors=39 elapsed_ms=1350.7'),1
FANOUT,K100,Exception('timeout_or_slo_miss: completed=70/100 errors=30 elapsed_ms=1124.9'),1
FANOUT,K100,Exception('timeout_or_slo_miss: completed=64/100 errors=36 elapsed_ms=1211.8'),1
FANOUT,K100,Exception('timeout_or_slo_miss: completed=68/100 errors=32 elapsed_ms=1179.0'),1
FANOUT,K100,Exception('timeout_or_slo_miss: completed=73/100 errors=27 elapsed_ms=1108.6'),1
FANOUT,K100,Exception('timeout_or_slo_miss: completed=67/100 errors=23 elapsed_ms=2422.2'),1
FANOUT,K100,Exception('timeout_or_slo_miss: completed=64/100 errors=36 elapsed_ms=1241.3'),1
FANOUT,K100,Exception('timeout_or_slo_miss: completed=52/100 errors=48 elapsed_ms=1514.5'),1
FANOUT,K100,Exception('timeout_or_slo_miss: completed=72/100 errors=21 elapsed_ms=1802.1'),1
FANOUT,K100,Exception('timeout_or_slo_miss: completed=72/100 errors=28 elapsed_ms=1114.5'),1
FANOUT,K100,Exception('timeout_or_slo_miss: completed=68/100 errors=32 elapsed_ms=1213.7'),1
FANOUT,K100,Exception('timeout_or_slo_miss: completed=62/100 errors=38 elapsed_ms=1321.1'),1
FANOUT,K100,Exception('timeout_or_slo_miss: completed=65/100 errors=35 elapsed_ms=1232.8'),1
FANOUT,K100,Exception('timeout_or_slo_miss: completed=63/100 errors=37 elapsed_ms=1234.1'),1
FANOUT,K100,Exception('timeout_or_slo_miss: completed=66/100 errors=34 elapsed_ms=1170.1'),1
FANOUT,K100,Exception('timeout_or_slo_miss: completed=69/100 errors=31 elapsed_ms=1147.0'),1
FANOUT,K100,Exception('timeout_or_slo_miss: completed=59/100 errors=31 elapsed_ms=2649.4'),1
FANOUT,K100,Exception('timeout_or_slo_miss: completed=70/100 errors=30 elapsed_ms=1131.7'),1
FANOUT,K100,Exception('timeout_or_slo_miss: completed=62/100 errors=38 elapsed_ms=1360.0'),1
FANOUT,K100,Exception('timeout_or_slo_miss: completed=71/100 errors=29 elapsed_ms=1108.1'),1
FANOUT,K100,Exception('timeout_or_slo_miss: completed=64/100 errors=29 elapsed_ms=2139.4'),1
FANOUT,K100,Exception('timeout_or_slo_miss: completed=61/100 errors=26 elapsed_ms=4384.2'),1
FANOUT,K100,Exception('timeout_or_slo_miss: completed=67/100 errors=33 elapsed_ms=1227.5'),1
FANOUT,K100,Exception('timeout_or_slo_miss: completed=64/100 errors=36 elapsed_ms=1289.8'),1
FANOUT,K100,Exception('timeout_or_slo_miss: completed=77/100 errors=13 elapsed_ms=1852.2'),1
FANOUT,K100,Exception('timeout_or_slo_miss: completed=66/100 errors=27 elapsed_ms=2195.7'),1
FANOUT,K100,Exception('timeout_or_slo_miss: completed=65/100 errors=35 elapsed_ms=1214.3'),1
FANOUT,K100,Exception('timeout_or_slo_miss: completed=57/100 errors=43 elapsed_ms=1505.4'),1
FANOUT,K100,Exception('timeout_or_slo_miss: completed=60/100 errors=40 elapsed_ms=1339.6'),1
FANOUT,K100,Exception('timeout_or_slo_miss: completed=66/100 errors=24 elapsed_ms=2207.8'),1
FANOUT,K100,Exception('timeout_or_slo_miss: completed=64/100 errors=36 elapsed_ms=1240.7'),1
FANOUT,K100,Exception('timeout_or_slo_miss: completed=67/100 errors=33 elapsed_ms=1135.9'),3
FANOUT,K100,Exception('timeout_or_slo_miss: completed=64/100 errors=36 elapsed_ms=1258.6'),2
FANOUT,K100,Exception('timeout_or_slo_miss: completed=78/100 errors=15 elapsed_ms=1645.5'),1
FANOUT,K100,Exception('timeout_or_slo_miss: completed=64/100 errors=36 elapsed_ms=1244.2'),1
FANOUT,K100,Exception('timeout_or_slo_miss: completed=73/100 errors=27 elapsed_ms=1138.1'),1
FANOUT,K100,Exception('timeout_or_slo_miss: completed=65/100 errors=28 elapsed_ms=2011.5'),1
FANOUT,K100,Exception('timeout_or_slo_miss: completed=72/100 errors=28 elapsed_ms=1082.0'),1
FANOUT,K100,Exception('timeout_or_slo_miss: completed=65/100 errors=35 elapsed_ms=1270.5'),1
FANOUT,K100,Exception('timeout_or_slo_miss: completed=72/100 errors=28 elapsed_ms=1134.5'),1
FANOUT,K100,Exception('timeout_or_slo_miss: completed=72/100 errors=28 elapsed_ms=1116.1'),1
FANOUT,K100,Exception('timeout_or_slo_miss: completed=74/100 errors=26 elapsed_ms=1026.1'),1
FANOUT,K100,Exception('timeout_or_slo_miss: completed=64/100 errors=26 elapsed_ms=2259.4'),1
FANOUT,K100,Exception('timeout_or_slo_miss: completed=70/100 errors=30 elapsed_ms=1158.5'),1
FANOUT,K100,Exception('timeout_or_slo_miss: completed=66/100 errors=34 elapsed_ms=1150.3'),1
FANOUT,K100,Exception('timeout_or_slo_miss: completed=75/100 errors=25 elapsed_ms=1007.7'),1
FANOUT,K100,Exception('timeout_or_slo_miss: completed=74/100 errors=26 elapsed_ms=1102.5'),1
FANOUT,K100,Exception('timeout_or_slo_miss: completed=68/100 errors=32 elapsed_ms=1162.7'),1
FANOUT,K100,Exception('timeout_or_slo_miss: completed=62/100 errors=38 elapsed_ms=1281.3'),1
FANOUT,K100,Exception('timeout_or_slo_miss: completed=62/100 errors=38 elapsed_ms=1386.5'),1
FANOUT,K100,Exception('timeout_or_slo_miss: completed=67/100 errors=33 elapsed_ms=1147.8'),1
FANOUT,K100,Exception('timeout_or_slo_miss: completed=64/100 errors=36 elapsed_ms=1282.2'),1
FANOUT,K100,Exception('timeout_or_slo_miss: completed=69/100 errors=21 elapsed_ms=2175.7'),1
FANOUT,K100,Exception('timeout_or_slo_miss: completed=67/100 errors=33 elapsed_ms=1144.1'),1
FANOUT,K100,Exception('timeout_or_slo_miss: completed=64/100 errors=36 elapsed_ms=1289.2'),1
FANOUT,K100,Exception('timeout_or_slo_miss: completed=53/100 errors=37 elapsed_ms=2632.3'),1
FANOUT,K100,Exception('timeout_or_slo_miss: completed=62/100 errors=38 elapsed_ms=1336.1'),1
FANOUT,K100,Exception('timeout_or_slo_miss: completed=62/100 errors=38 elapsed_ms=1429.6'),1
FANOUT,K100,Exception('timeout_or_slo_miss: completed=72/100 errors=28 elapsed_ms=1105.1'),1
FANOUT,K100,Exception('timeout_or_slo_miss: completed=71/100 errors=29 elapsed_ms=1132.8'),1
FANOUT,K100,Exception('timeout_or_slo_miss: completed=72/100 errors=28 elapsed_ms=1131.5'),1
FANOUT,K100,Exception('timeout_or_slo_miss: completed=70/100 errors=30 elapsed_ms=1101.8'),1
FANOUT,K100,Exception('timeout_or_slo_miss: completed=63/100 errors=37 elapsed_ms=1205.4'),1
FANOUT,K100,Exception('timeout_or_slo_miss: completed=64/100 errors=36 elapsed_ms=1235.0'),1
FANOUT,K100,Exception('timeout_or_slo_miss: completed=70/100 errors=30 elapsed_ms=1213.7'),2
FANOUT,K100,Exception('timeout_or_slo_miss: completed=62/100 errors=38 elapsed_ms=1234.5'),1
FANOUT,K100,Exception('timeout_or_slo_miss: completed=67/100 errors=26 elapsed_ms=2108.2'),1
FANOUT,K100,Exception('timeout_or_slo_miss: completed=65/100 errors=35 elapsed_ms=1189.3'),1
FANOUT,K100,Exception('timeout_or_slo_miss: completed=72/100 errors=28 elapsed_ms=1124.8'),1
FANOUT,K100,Exception('timeout_or_slo_miss: completed=70/100 errors=30 elapsed_ms=1130.2'),1
FANOUT,K100,Exception('timeout_or_slo_miss: completed=63/100 errors=30 elapsed_ms=2028.6'),1
FANOUT,K100,Exception('timeout_or_slo_miss: completed=63/100 errors=30 elapsed_ms=2121.7'),1
FANOUT,K100,Exception('timeout_or_slo_miss: completed=68/100 errors=32 elapsed_ms=1135.3'),1
FANOUT,K100,Exception('timeout_or_slo_miss: completed=77/100 errors=16 elapsed_ms=1641.1'),1
FANOUT,K100,Exception('timeout_or_slo_miss: completed=62/100 errors=38 elapsed_ms=1258.2'),1
FANOUT,K100,Exception('timeout_or_slo_miss: completed=72/100 errors=28 elapsed_ms=1216.7'),1
FANOUT,K100,Exception('timeout_or_slo_miss: completed=70/100 errors=30 elapsed_ms=1019.6'),1
FANOUT,K100,Exception('timeout_or_slo_miss: completed=58/100 errors=42 elapsed_ms=1507.5'),1
FANOUT,K100,Exception('timeout_or_slo_miss: completed=73/100 errors=27 elapsed_ms=1116.9'),1
FANOUT,K100,Exception('timeout_or_slo_miss: completed=60/100 errors=40 elapsed_ms=1333.6'),1
FANOUT,K100,Exception('timeout_or_slo_miss: completed=65/100 errors=31 elapsed_ms=2233.3'),1
FANOUT,K100,Exception('timeout_or_slo_miss: completed=64/100 errors=29 elapsed_ms=2157.7'),1
FANOUT,K100,Exception('timeout_or_slo_miss: completed=75/100 errors=25 elapsed_ms=1093.6'),1
FANOUT,K100,Exception('timeout_or_slo_miss: completed=61/100 errors=39 elapsed_ms=1182.1'),1
FANOUT,K100,Exception('timeout_or_slo_miss: completed=57/100 errors=43 elapsed_ms=1509.0'),1
FANOUT,K100,Exception('timeout_or_slo_miss: completed=63/100 errors=37 elapsed_ms=1251.9'),1
FANOUT,K100,Exception('timeout_or_slo_miss: completed=71/100 errors=29 elapsed_ms=1115.7'),2
FANOUT,K100,Exception('timeout_or_slo_miss: completed=62/100 errors=38 elapsed_ms=1294.3'),1
FANOUT,K100,Exception('timeout_or_slo_miss: completed=71/100 errors=29 elapsed_ms=1215.2'),1
FANOUT,K100,Exception('timeout_or_slo_miss: completed=59/100 errors=41 elapsed_ms=1507.6'),1
FANOUT,K100,Exception('timeout_or_slo_miss: completed=61/100 errors=39 elapsed_ms=1367.4'),1
FANOUT,K100,Exception('timeout_or_slo_miss: completed=69/100 errors=31 elapsed_ms=1162.1'),1
FANOUT,K100,Exception('timeout_or_slo_miss: completed=64/100 errors=36 elapsed_ms=1262.2'),1
FANOUT,K100,Exception('timeout_or_slo_miss: completed=67/100 errors=26 elapsed_ms=2104.6'),1
FANOUT,K100,Exception('timeout_or_slo_miss: completed=70/100 errors=30 elapsed_ms=1150.8'),1
FANOUT,K100,Exception('timeout_or_slo_miss: completed=65/100 errors=35 elapsed_ms=1169.3'),1
FANOUT,K100,Exception('timeout_or_slo_miss: completed=64/100 errors=36 elapsed_ms=1301.8'),1
FANOUT,K100,Exception('timeout_or_slo_miss: completed=65/100 errors=35 elapsed_ms=1239.5'),1
FANOUT,K100,Exception('timeout_or_slo_miss: completed=59/100 errors=41 elapsed_ms=1503.4'),5
FANOUT,K100,Exception('timeout_or_slo_miss: completed=67/100 errors=33 elapsed_ms=1208.3'),1
FANOUT,K100,Exception('timeout_or_slo_miss: completed=67/100 errors=33 elapsed_ms=1200.7'),1
FANOUT,K100,Exception('timeout_or_slo_miss: completed=60/100 errors=30 elapsed_ms=2515.8'),1
FANOUT,K100,Exception('timeout_or_slo_miss: completed=65/100 errors=35 elapsed_ms=1329.6'),1
FANOUT,K100,Exception('timeout_or_slo_miss: completed=80/100 errors=20 elapsed_ms=1002.8'),1
FANOUT,K100,Exception('timeout_or_slo_miss: completed=59/100 errors=41 elapsed_ms=1504.7'),1
FANOUT,K100,Exception('timeout_or_slo_miss: completed=65/100 errors=28 elapsed_ms=2010.5'),1
FANOUT,K100,Exception('timeout_or_slo_miss: completed=68/100 errors=25 elapsed_ms=2104.4'),1
FANOUT,K100,Exception('timeout_or_slo_miss: completed=67/100 errors=33 elapsed_ms=1217.9'),2
FANOUT,K100,Exception('timeout_or_slo_miss: completed=66/100 errors=34 elapsed_ms=1135.1'),1
FANOUT,K100,Exception('timeout_or_slo_miss: completed=67/100 errors=33 elapsed_ms=1215.7'),1
FANOUT,K100,Exception('timeout_or_slo_miss: completed=67/100 errors=33 elapsed_ms=1149.4'),1
FANOUT,K100,Exception('timeout_or_slo_miss: completed=65/100 errors=35 elapsed_ms=1284.5'),1
FANOUT,K100,Exception('timeout_or_slo_miss: completed=66/100 errors=34 elapsed_ms=1282.6'),1
FANOUT,K100,Exception('timeout_or_slo_miss: completed=62/100 errors=31 elapsed_ms=2222.5'),1
FANOUT,K100,Exception('timeout_or_slo_miss: completed=73/100 errors=27 elapsed_ms=1272.4'),1
FANOUT,K100,Exception('timeout_or_slo_miss: completed=66/100 errors=34 elapsed_ms=1351.5'),1
FANOUT,K100,Exception('timeout_or_slo_miss: completed=67/100 errors=33 elapsed_ms=1167.4'),2
FANOUT,K100,Exception('timeout_or_slo_miss: completed=74/100 errors=26 elapsed_ms=1113.9'),1
FANOUT,K100,Exception('timeout_or_slo_miss: completed=63/100 errors=37 elapsed_ms=1304.8'),1
FANOUT,K100,Exception('timeout_or_slo_miss: completed=72/100 errors=28 elapsed_ms=1142.7'),1
FANOUT,K100,Exception('timeout_or_slo_miss: completed=71/100 errors=29 elapsed_ms=1089.7'),1
FANOUT,K100,Exception('timeout_or_slo_miss: completed=55/100 errors=45 elapsed_ms=1514.6'),1
FANOUT,K100,Exception('timeout_or_slo_miss: completed=70/100 errors=30 elapsed_ms=1170.9'),1
FANOUT,K100,Exception('timeout_or_slo_miss: completed=64/100 errors=36 elapsed_ms=1296.9'),1
FANOUT,K100,Exception('timeout_or_slo_miss: completed=60/100 errors=30 elapsed_ms=2530.5'),1
FANOUT,K100,Exception('timeout_or_slo_miss: completed=69/100 errors=31 elapsed_ms=1127.0'),1
FANOUT,K100,Exception('timeout_or_slo_miss: completed=67/100 errors=33 elapsed_ms=1148.2'),1
FANOUT,K100,Exception('timeout_or_slo_miss: completed=63/100 errors=37 elapsed_ms=1234.4'),1
FANOUT,K100,Exception('timeout_or_slo_miss: completed=64/100 errors=36 elapsed_ms=1224.6'),1
FANOUT,K100,Exception('timeout_or_slo_miss: completed=67/100 errors=33 elapsed_ms=1188.9'),1
FANOUT,K100,Exception('timeout_or_slo_miss: completed=66/100 errors=34 elapsed_ms=1243.3'),1
FANOUT,K100,Exception('timeout_or_slo_miss: completed=68/100 errors=32 elapsed_ms=1195.6'),1
FANOUT,K100,Exception('timeout_or_slo_miss: completed=63/100 errors=37 elapsed_ms=1292.2'),1
FANOUT,K100,Exception('timeout_or_slo_miss: completed=66/100 errors=34 elapsed_ms=1155.1'),1
FANOUT,K100,Exception('timeout_or_slo_miss: completed=64/100 errors=36 elapsed_ms=1185.6'),1
FANOUT,K100,Exception('timeout_or_slo_miss: completed=65/100 errors=35 elapsed_ms=1247.2'),1
FANOUT,K100,Exception('timeout_or_slo_miss: completed=61/100 errors=39 elapsed_ms=1337.3'),1
FANOUT,K100,Exception('timeout_or_slo_miss: completed=62/100 errors=38 elapsed_ms=1290.4'),1
FANOUT,K100,Exception('timeout_or_slo_miss: completed=66/100 errors=34 elapsed_ms=1189.3'),1
FANOUT,K100,Exception('timeout_or_slo_miss: completed=73/100 errors=27 elapsed_ms=1134.5'),1
FANOUT,K100,Exception('timeout_or_slo_miss: completed=69/100 errors=31 elapsed_ms=1157.4'),1
FANOUT,K100,Exception('timeout_or_slo_miss: completed=64/100 errors=36 elapsed_ms=1332.8'),1
FANOUT,K100,Exception('timeout_or_slo_miss: completed=74/100 errors=26 elapsed_ms=1013.1'),1
FANOUT,K100,Exception('timeout_or_slo_miss: completed=70/100 errors=23 elapsed_ms=1862.3'),1
FANOUT,K100,Exception('timeout_or_slo_miss: completed=71/100 errors=29 elapsed_ms=1011.1'),1
FANOUT,K100,Exception('timeout_or_slo_miss: completed=70/100 errors=30 elapsed_ms=1132.5'),1
FANOUT,K100,Exception('timeout_or_slo_miss: completed=64/100 errors=36 elapsed_ms=1354.8'),1
FANOUT,K100,Exception('timeout_or_slo_miss: completed=61/100 errors=39 elapsed_ms=1148.9'),1
FANOUT,K100,Exception('timeout_or_slo_miss: completed=68/100 errors=32 elapsed_ms=1136.7'),1
FANOUT,K100,Exception('timeout_or_slo_miss: completed=59/100 errors=41 elapsed_ms=1502.4'),1
FANOUT,K100,Exception('timeout_or_slo_miss: completed=71/100 errors=29 elapsed_ms=1103.7'),1
FANOUT,K100,Exception('timeout_or_slo_miss: completed=66/100 errors=34 elapsed_ms=1201.9'),1
FANOUT,K100,Exception('timeout_or_slo_miss: completed=71/100 errors=29 elapsed_ms=1099.9'),1
FANOUT,K100,Exception('timeout_or_slo_miss: completed=69/100 errors=31 elapsed_ms=1250.3'),2
FANOUT,K100,Exception('timeout_or_slo_miss: completed=61/100 errors=39 elapsed_ms=1203.1'),1
FANOUT,K100,Exception('timeout_or_slo_miss: completed=57/100 errors=43 elapsed_ms=1507.3'),1
FANOUT,K100,Exception('timeout_or_slo_miss: completed=69/100 errors=31 elapsed_ms=1133.3'),1
FANOUT,K100,Exception('timeout_or_slo_miss: completed=62/100 errors=38 elapsed_ms=1267.0'),1
FANOUT,K100,Exception('timeout_or_slo_miss: completed=58/100 errors=42 elapsed_ms=1504.6'),1
FANOUT,K100,Exception('timeout_or_slo_miss: completed=67/100 errors=33 elapsed_ms=1122.6'),1
FANOUT,K100,Exception('timeout_or_slo_miss: completed=56/100 errors=44 elapsed_ms=1507.5'),1
FANOUT,K100,Exception('timeout_or_slo_miss: completed=78/100 errors=22 elapsed_ms=1016.7'),1
FANOUT,K100,Exception('timeout_or_slo_miss: completed=65/100 errors=35 elapsed_ms=1251.7'),1
FANOUT,K100,Exception('timeout_or_slo_miss: completed=68/100 errors=32 elapsed_ms=1114.5'),1
FANOUT,K100,Exception('timeout_or_slo_miss: completed=68/100 errors=32 elapsed_ms=1161.2'),1
FANOUT,K100,Exception('timeout_or_slo_miss: completed=63/100 errors=37 elapsed_ms=1267.1'),1
FANOUT,K100,Exception('timeout_or_slo_miss: completed=64/100 errors=36 elapsed_ms=1258.1'),1
FANOUT,K100,Exception('timeout_or_slo_miss: completed=68/100 errors=32 elapsed_ms=1128.5'),1
FANOUT,K100,Exception('timeout_or_slo_miss: completed=67/100 errors=33 elapsed_ms=1177.1'),1
FANOUT,K100,Exception('timeout_or_slo_miss: completed=67/100 errors=33 elapsed_ms=1196.7'),1
FANOUT,K100,Exception('timeout_or_slo_miss: completed=70/100 errors=30 elapsed_ms=1145.0'),1
FANOUT,K100,Exception('timeout_or_slo_miss: completed=70/100 errors=30 elapsed_ms=1106.5'),1
FANOUT,K100,Exception('timeout_or_slo_miss: completed=62/100 errors=38 elapsed_ms=1424.0'),1
FANOUT,K100,Exception('timeout_or_slo_miss: completed=67/100 errors=33 elapsed_ms=1155.2'),1
FANOUT,K100,Exception('timeout_or_slo_miss: completed=62/100 errors=38 elapsed_ms=1376.3'),1
FANOUT,K100,Exception('timeout_or_slo_miss: completed=55/100 errors=45 elapsed_ms=1518.6'),1
FANOUT,K100,Exception('timeout_or_slo_miss: completed=70/100 errors=30 elapsed_ms=1139.0'),2
FANOUT,K100,Exception('timeout_or_slo_miss: completed=62/100 errors=28 elapsed_ms=2358.7'),1
FANOUT,K100,Exception('timeout_or_slo_miss: completed=71/100 errors=29 elapsed_ms=1109.8'),1
FANOUT,K100,Exception('timeout_or_slo_miss: completed=60/100 errors=40 elapsed_ms=1460.9'),1
FANOUT,K100,Exception('timeout_or_slo_miss: completed=62/100 errors=31 elapsed_ms=2156.5'),1
FANOUT,K100,Exception('timeout_or_slo_miss: completed=66/100 errors=27 elapsed_ms=2066.8'),1
FANOUT,K100,Exception('timeout_or_slo_miss: completed=61/100 errors=32 elapsed_ms=2147.9'),1
FANOUT,K100,Exception('timeout_or_slo_miss: completed=61/100 errors=39 elapsed_ms=1336.5'),1
FANOUT,K100,Exception('timeout_or_slo_miss: completed=67/100 errors=33 elapsed_ms=1140.7'),1
FANOUT,K100,Exception('timeout_or_slo_miss: completed=64/100 errors=36 elapsed_ms=1207.6'),1
FANOUT,K100,Exception('timeout_or_slo_miss: completed=60/100 errors=40 elapsed_ms=1294.4'),1
FANOUT,K100,Exception('timeout_or_slo_miss: completed=61/100 errors=39 elapsed_ms=1390.3'),1
FANOUT,K100,Exception('timeout_or_slo_miss: completed=66/100 errors=34 elapsed_ms=1226.8'),1
FANOUT,K100,Exception('timeout_or_slo_miss: completed=65/100 errors=28 elapsed_ms=2078.5'),1
FANOUT,K100,Exception('timeout_or_slo_miss: completed=60/100 errors=40 elapsed_ms=1453.8'),1
FANOUT,K100,Exception('timeout_or_slo_miss: completed=67/100 errors=33 elapsed_ms=1207.7'),1
FANOUT,K100,Exception('timeout_or_slo_miss: completed=66/100 errors=34 elapsed_ms=1261.3'),1
FANOUT,K100,Exception('timeout_or_slo_miss: completed=68/100 errors=32 elapsed_ms=1167.8'),1
FANOUT,K100,Exception('timeout_or_slo_miss: completed=72/100 errors=28 elapsed_ms=1145.0'),2
FANOUT,K100,Exception('timeout_or_slo_miss: completed=62/100 errors=38 elapsed_ms=1300.9'),1
FANOUT,K100,Exception('timeout_or_slo_miss: completed=69/100 errors=31 elapsed_ms=1135.4'),1
FANOUT,K100,Exception('timeout_or_slo_miss: completed=69/100 errors=31 elapsed_ms=1023.4'),1
FANOUT,K100,Exception('timeout_or_slo_miss: completed=68/100 errors=32 elapsed_ms=1147.5'),1
FANOUT,K100,Exception('timeout_or_slo_miss: completed=63/100 errors=37 elapsed_ms=1162.2'),1
FANOUT,K100,Exception('timeout_or_slo_miss: completed=69/100 errors=31 elapsed_ms=1106.4'),1
FANOUT,K100,Exception('timeout_or_slo_miss: completed=67/100 errors=33 elapsed_ms=1274.9'),1
FANOUT,K100,Exception('timeout_or_slo_miss: completed=66/100 errors=34 elapsed_ms=1178.4'),1
FANOUT,K100,Exception('timeout_or_slo_miss: completed=70/100 errors=30 elapsed_ms=1166.4'),1
FANOUT,K100,Exception('timeout_or_slo_miss: completed=69/100 errors=31 elapsed_ms=1100.6'),1
FANOUT,K100,Exception('timeout_or_slo_miss: completed=68/100 errors=22 elapsed_ms=2202.8'),1
FANOUT,K100,Exception('timeout_or_slo_miss: completed=62/100 errors=38 elapsed_ms=1227.9'),1
FANOUT,K100,Exception('timeout_or_slo_miss: completed=78/100 errors=22 elapsed_ms=1007.7'),1
FANOUT,K100,Exception('timeout_or_slo_miss: completed=67/100 errors=33 elapsed_ms=1171.1'),1
FANOUT,K100,Exception('timeout_or_slo_miss: completed=70/100 errors=30 elapsed_ms=1227.6'),1
FANOUT,K100,Exception('timeout_or_slo_miss: completed=69/100 errors=31 elapsed_ms=1125.5'),2
FANOUT,K100,Exception('timeout_or_slo_miss: completed=70/100 errors=20 elapsed_ms=2018.7'),1
FANOUT,K100,Exception('timeout_or_slo_miss: completed=68/100 errors=32 elapsed_ms=1238.3'),1
FANOUT,K100,Exception('timeout_or_slo_miss: completed=61/100 errors=39 elapsed_ms=1354.0'),1
FANOUT,K100,Exception('timeout_or_slo_miss: completed=65/100 errors=35 elapsed_ms=1334.0'),1
FANOUT,K100,Exception('timeout_or_slo_miss: completed=70/100 errors=30 elapsed_ms=1019.5'),1
FANOUT,K100,Exception('timeout_or_slo_miss: completed=63/100 errors=37 elapsed_ms=1264.4'),1
FANOUT,K100,Exception('timeout_or_slo_miss: completed=65/100 errors=35 elapsed_ms=1209.5'),1
FANOUT,K100,Exception('timeout_or_slo_miss: completed=58/100 errors=32 elapsed_ms=2655.3'),1
FANOUT,K100,Exception('timeout_or_slo_miss: completed=61/100 errors=29 elapsed_ms=2587.0'),1
FANOUT,K100,Exception('timeout_or_slo_miss: completed=67/100 errors=33 elapsed_ms=1109.3'),1
FANOUT,K100,Exception('timeout_or_slo_miss: completed=66/100 errors=34 elapsed_ms=1151.7'),1
FANOUT,K100,Exception('timeout_or_slo_miss: completed=70/100 errors=30 elapsed_ms=1082.0'),1
FANOUT,K100,Exception('timeout_or_slo_miss: completed=60/100 errors=33 elapsed_ms=2238.7'),1
FANOUT,K100,Exception('timeout_or_slo_miss: completed=67/100 errors=33 elapsed_ms=1152.0'),1
FANOUT,K100,Exception('timeout_or_slo_miss: completed=66/100 errors=34 elapsed_ms=1191.0'),1
FANOUT,K100,Exception('timeout_or_slo_miss: completed=63/100 errors=37 elapsed_ms=1266.3'),1
FANOUT,K100,Exception('timeout_or_slo_miss: completed=67/100 errors=33 elapsed_ms=1185.4'),1
FANOUT,K100,Exception('timeout_or_slo_miss: completed=70/100 errors=30 elapsed_ms=1165.4'),1
FANOUT,K100,Exception('timeout_or_slo_miss: completed=74/100 errors=26 elapsed_ms=1118.2'),1
FANOUT,K100,Exception('timeout_or_slo_miss: completed=63/100 errors=27 elapsed_ms=2297.3'),1
FANOUT,K100,Exception('timeout_or_slo_miss: completed=63/100 errors=37 elapsed_ms=1228.4'),1
FANOUT,K100,Exception('timeout_or_slo_miss: completed=69/100 errors=31 elapsed_ms=1119.5'),1
FANOUT,K100,Exception('timeout_or_slo_miss: completed=63/100 errors=37 elapsed_ms=1374.4'),1
FANOUT,K100,Exception('timeout_or_slo_miss: completed=67/100 errors=33 elapsed_ms=1129.7'),1
FANOUT,K100,Exception('timeout_or_slo_miss: completed=69/100 errors=31 elapsed_ms=1206.6'),1
FANOUT,K100,Exception('timeout_or_slo_miss: completed=66/100 errors=34 elapsed_ms=1147.9'),2
FANOUT,K100,Exception('timeout_or_slo_miss: completed=67/100 errors=33 elapsed_ms=1141.8'),1
FANOUT,K100,Exception('timeout_or_slo_miss: completed=74/100 errors=26 elapsed_ms=1104.3'),1
FANOUT,K100,Exception('timeout_or_slo_miss: completed=63/100 errors=37 elapsed_ms=1240.3'),1
FANOUT,K100,Exception('timeout_or_slo_miss: completed=66/100 errors=17 elapsed_ms=5889.9'),1
FANOUT,K100,Exception('timeout_or_slo_miss: completed=69/100 errors=24 elapsed_ms=1952.9'),1
FANOUT,K100,Exception('timeout_or_slo_miss: completed=70/100 errors=20 elapsed_ms=2125.2'),1
FANOUT,K100,Exception('timeout_or_slo_miss: completed=72/100 errors=28 elapsed_ms=1128.3'),1
FANOUT,K100,Exception('timeout_or_slo_miss: completed=64/100 errors=36 elapsed_ms=1305.1'),1
FANOUT,K100,Exception('timeout_or_slo_miss: completed=70/100 errors=30 elapsed_ms=1147.3'),1
FANOUT,K100,Exception('timeout_or_slo_miss: completed=70/100 errors=30 elapsed_ms=1181.1'),1
FANOUT,K100,Exception('timeout_or_slo_miss: completed=73/100 errors=27 elapsed_ms=1098.5'),1
FANOUT,K100,Exception('timeout_or_slo_miss: completed=61/100 errors=39 elapsed_ms=1344.4'),1
FANOUT,K100,Exception('timeout_or_slo_miss: completed=73/100 errors=27 elapsed_ms=1140.9'),1
FANOUT,K100,Exception('timeout_or_slo_miss: completed=75/100 errors=25 elapsed_ms=1113.9'),1
FANOUT,K100,Exception('timeout_or_slo_miss: completed=72/100 errors=28 elapsed_ms=1154.1'),1
FANOUT,K100,Exception('timeout_or_slo_miss: completed=63/100 errors=27 elapsed_ms=2278.0'),1
FANOUT,K100,Exception('timeout_or_slo_miss: completed=71/100 errors=29 elapsed_ms=1122.9'),1
FANOUT,K100,Exception('timeout_or_slo_miss: completed=62/100 errors=31 elapsed_ms=2146.0'),1
FANOUT,K100,Exception('timeout_or_slo_miss: completed=66/100 errors=34 elapsed_ms=1206.5'),1
FANOUT,K100,Exception('timeout_or_slo_miss: completed=71/100 errors=29 elapsed_ms=1121.3'),2
FANOUT,K100,Exception('timeout_or_slo_miss: completed=72/100 errors=28 elapsed_ms=1048.3'),1
FANOUT,K100,Exception('timeout_or_slo_miss: completed=69/100 errors=31 elapsed_ms=1123.9'),2
FANOUT,K100,Exception('timeout_or_slo_miss: completed=66/100 errors=34 elapsed_ms=1343.3'),1
FANOUT,K100,Exception('timeout_or_slo_miss: completed=67/100 errors=26 elapsed_ms=2129.9'),1
FANOUT,K100,Exception('timeout_or_slo_miss: completed=75/100 errors=15 elapsed_ms=1824.8'),1
FANOUT,K100,Exception('timeout_or_slo_miss: completed=71/100 errors=29 elapsed_ms=1097.2'),1
FANOUT,K100,Exception('timeout_or_slo_miss: completed=72/100 errors=28 elapsed_ms=1114.9'),1
FANOUT,K100,Exception('timeout_or_slo_miss: completed=69/100 errors=24 elapsed_ms=1948.0'),1
FANOUT,K100,Exception('timeout_or_slo_miss: completed=75/100 errors=25 elapsed_ms=1075.4'),1
FANOUT,K100,Exception('timeout_or_slo_miss: completed=66/100 errors=34 elapsed_ms=1166.1'),1
FANOUT,K100,Exception('timeout_or_slo_miss: completed=66/100 errors=34 elapsed_ms=1185.6'),1
FANOUT,K100,Exception('timeout_or_slo_miss: completed=66/100 errors=24 elapsed_ms=2587.9'),1
FANOUT,K100,Exception('timeout_or_slo_miss: completed=64/100 errors=36 elapsed_ms=1501.5'),1
FANOUT,K100,Exception('timeout_or_slo_miss: completed=70/100 errors=30 elapsed_ms=1114.2'),1
FANOUT,K100,Exception('timeout_or_slo_miss: completed=72/100 errors=28 elapsed_ms=1118.8'),2
FANOUT,K100,Exception('timeout_or_slo_miss: completed=66/100 errors=34 elapsed_ms=1097.0'),1
FANOUT,K100,Exception('timeout_or_slo_miss: completed=68/100 errors=32 elapsed_ms=1138.9'),1
FANOUT,K100,Exception('timeout_or_slo_miss: completed=71/100 errors=22 elapsed_ms=1832.5'),1
FANOUT,K100,Exception('timeout_or_slo_miss: completed=61/100 errors=32 elapsed_ms=2219.3'),1
FANOUT,K100,Exception('timeout_or_slo_miss: completed=51/100 errors=49 elapsed_ms=1523.6'),1
FANOUT,K100,Exception('timeout_or_slo_miss: completed=64/100 errors=36 elapsed_ms=1292.5'),1
FANOUT,K100,Exception('timeout_or_slo_miss: completed=80/100 errors=20 elapsed_ms=1002.4'),1
FANOUT,K100,Exception('timeout_or_slo_miss: completed=73/100 errors=27 elapsed_ms=1098.9'),1
FANOUT,K100,Exception('timeout_or_slo_miss: completed=68/100 errors=32 elapsed_ms=1155.6'),1
FANOUT,K100,Exception('timeout_or_slo_miss: completed=58/100 errors=42 elapsed_ms=1506.5'),1
FANOUT,K100,Exception('timeout_or_slo_miss: completed=64/100 errors=36 elapsed_ms=1198.5'),1
FANOUT,K100,Exception('timeout_or_slo_miss: completed=63/100 errors=37 elapsed_ms=1345.5'),1
FANOUT,K100,Exception('timeout_or_slo_miss: completed=69/100 errors=27 elapsed_ms=1929.2'),1
FANOUT,K100,Exception('timeout_or_slo_miss: completed=66/100 errors=34 elapsed_ms=1252.2'),1
FANOUT,K100,Exception('timeout_or_slo_miss: completed=69/100 errors=31 elapsed_ms=1126.4'),1
FANOUT,K100,Exception('timeout_or_slo_miss: completed=64/100 errors=36 elapsed_ms=1225.6'),1
FANOUT,K100,Exception('timeout_or_slo_miss: completed=68/100 errors=32 elapsed_ms=1199.0'),1
FANOUT,K100,Exception('timeout_or_slo_miss: completed=69/100 errors=31 elapsed_ms=1112.0'),1
FANOUT,K100,Exception('timeout_or_slo_miss: completed=66/100 errors=24 elapsed_ms=2322.7'),1
FANOUT,K100,Exception('timeout_or_slo_miss: completed=42/100 errors=41 elapsed_ms=16225.0'),1
FANOUT,K100,Exception('timeout_or_slo_miss: completed=63/100 errors=37 elapsed_ms=1305.2'),1
FANOUT,K100,Exception('timeout_or_slo_miss: completed=69/100 errors=24 elapsed_ms=1826.1'),1
FANOUT,K100,Exception('timeout_or_slo_miss: completed=68/100 errors=32 elapsed_ms=1246.8'),1
FANOUT,K100,Exception('timeout_or_slo_miss: completed=59/100 errors=41 elapsed_ms=1506.0'),1
FANOUT,K100,Exception('timeout_or_slo_miss: completed=73/100 errors=27 elapsed_ms=1221.2'),1
FANOUT,K100,Exception('timeout_or_slo_miss: completed=64/100 errors=36 elapsed_ms=1383.0'),1
FANOUT,K100,Exception('timeout_or_slo_miss: completed=68/100 errors=32 elapsed_ms=1088.7'),1
FANOUT,K100,Exception('timeout_or_slo_miss: completed=58/100 errors=42 elapsed_ms=1505.0'),2
FANOUT,K100,Exception('timeout_or_slo_miss: completed=71/100 errors=29 elapsed_ms=1113.4'),1
FANOUT,K100,Exception('timeout_or_slo_miss: completed=68/100 errors=32 elapsed_ms=1240.0'),1
FANOUT,K100,Exception('timeout_or_slo_miss: completed=65/100 errors=25 elapsed_ms=2250.0'),1
FANOUT,K100,Exception('timeout_or_slo_miss: completed=64/100 errors=36 elapsed_ms=1183.7'),1
FANOUT,K100,Exception('timeout_or_slo_miss: completed=76/100 errors=24 elapsed_ms=1016.3'),1
FANOUT,K100,Exception('timeout_or_slo_miss: completed=67/100 errors=33 elapsed_ms=1213.4'),1
FANOUT,K100,Exception('timeout_or_slo_miss: completed=39/100 errors=42 elapsed_ms=18377.0'),1
FANOUT,K100,Exception('timeout_or_slo_miss: completed=64/100 errors=36 elapsed_ms=1249.3'),1
FANOUT,K100,Exception('timeout_or_slo_miss: completed=64/100 errors=36 elapsed_ms=1326.2'),1
FANOUT,K100,Exception('timeout_or_slo_miss: completed=62/100 errors=38 elapsed_ms=1291.1'),1
FANOUT,K100,Exception('timeout_or_slo_miss: completed=71/100 errors=19 elapsed_ms=1899.7'),1
FANOUT,K100,Exception('timeout_or_slo_miss: completed=69/100 errors=31 elapsed_ms=1158.2'),1
FANOUT,K100,Exception('timeout_or_slo_miss: completed=67/100 errors=33 elapsed_ms=1135.6'),1
FANOUT,K100,Exception('timeout_or_slo_miss: completed=72/100 errors=28 elapsed_ms=1056.4'),1
FANOUT,K100,Exception('timeout_or_slo_miss: completed=60/100 errors=40 elapsed_ms=1417.4'),1
FANOUT,K100,Exception('timeout_or_slo_miss: completed=65/100 errors=35 elapsed_ms=1150.8'),1
FANOUT,K100,Exception('timeout_or_slo_miss: completed=71/100 errors=19 elapsed_ms=2012.6'),1
FANOUT,K100,Exception('timeout_or_slo_miss: completed=67/100 errors=33 elapsed_ms=1233.2'),1
FANOUT,K100,Exception('timeout_or_slo_miss: completed=70/100 errors=30 elapsed_ms=1156.2'),1
FANOUT,K100,Exception('timeout_or_slo_miss: completed=60/100 errors=40 elapsed_ms=1470.2'),1
FANOUT,K100,Exception('timeout_or_slo_miss: completed=72/100 errors=28 elapsed_ms=1073.1'),1
FANOUT,K100,Exception('timeout_or_slo_miss: completed=68/100 errors=32 elapsed_ms=1163.3'),2
FANOUT,K100,Exception('timeout_or_slo_miss: completed=71/100 errors=22 elapsed_ms=1844.2'),1
FANOUT,K100,Exception('timeout_or_slo_miss: completed=69/100 errors=31 elapsed_ms=1221.9'),1
FANOUT,K100,Exception('timeout_or_slo_miss: completed=65/100 errors=35 elapsed_ms=1235.3'),1
FANOUT,K100,Exception('timeout_or_slo_miss: completed=75/100 errors=25 elapsed_ms=1092.5'),1
FANOUT,K100,Exception('timeout_or_slo_miss: completed=64/100 errors=36 elapsed_ms=1237.6'),1
FANOUT,K100,Exception('timeout_or_slo_miss: completed=67/100 errors=33 elapsed_ms=1225.4'),1
FANOUT,K100,Exception('timeout_or_slo_miss: completed=63/100 errors=37 elapsed_ms=1194.1'),1
FANOUT,K100,Exception('timeout_or_slo_miss: completed=74/100 errors=26 elapsed_ms=1058.3'),1
FANOUT,K100,Exception('timeout_or_slo_miss: completed=70/100 errors=20 elapsed_ms=2137.8'),1
FANOUT,K100,Exception('timeout_or_slo_miss: completed=64/100 errors=36 elapsed_ms=1235.3'),1
FANOUT,K100,Exception('timeout_or_slo_miss: completed=66/100 errors=34 elapsed_ms=1198.4'),1
FANOUT,K100,Exception('timeout_or_slo_miss: completed=67/100 errors=33 elapsed_ms=1252.6'),1
FANOUT,K100,Exception('timeout_or_slo_miss: completed=61/100 errors=39 elapsed_ms=1374.3'),1
FANOUT,K100,Exception('timeout_or_slo_miss: completed=64/100 errors=26 elapsed_ms=2381.6'),1
FANOUT,K100,Exception('timeout_or_slo_miss: completed=62/100 errors=38 elapsed_ms=1306.0'),1
FANOUT,K100,Exception('timeout_or_slo_miss: completed=65/100 errors=35 elapsed_ms=1167.8'),1
FANOUT,K100,Exception('timeout_or_slo_miss: completed=51/100 errors=35 elapsed_ms=14812.2'),1
FANOUT,K100,Exception('timeout_or_slo_miss: completed=64/100 errors=36 elapsed_ms=1252.5'),1
FANOUT,K100,Exception('timeout_or_slo_miss: completed=68/100 errors=15 elapsed_ms=4907.7'),1
FANOUT,K100,Exception('timeout_or_slo_miss: completed=66/100 errors=34 elapsed_ms=1238.3'),1
FANOUT,K100,Exception('timeout_or_slo_miss: completed=61/100 errors=39 elapsed_ms=1457.2'),1
FANOUT,K100,Exception('timeout_or_slo_miss: completed=60/100 errors=40 elapsed_ms=1506.1'),1
FANOUT,K100,Exception('timeout_or_slo_miss: completed=68/100 errors=32 elapsed_ms=1169.4'),1
FANOUT,K100,Exception('timeout_or_slo_miss: completed=63/100 errors=37 elapsed_ms=1400.6'),1
FANOUT,K100,Exception('timeout_or_slo_miss: completed=72/100 errors=21 elapsed_ms=1759.9'),1
FANOUT,K100,Exception('timeout_or_slo_miss: completed=71/100 errors=29 elapsed_ms=1163.2'),1
FANOUT,K100,Exception('timeout_or_slo_miss: completed=58/100 errors=42 elapsed_ms=1502.2'),1
FANOUT,K100,Exception('timeout_or_slo_miss: completed=59/100 errors=31 elapsed_ms=2681.6'),1
FANOUT,K100,Exception('timeout_or_slo_miss: completed=70/100 errors=30 elapsed_ms=1121.0'),2
FANOUT,K100,Exception('timeout_or_slo_miss: completed=73/100 errors=27 elapsed_ms=1074.5'),1
FANOUT,K100,Exception('timeout_or_slo_miss: completed=54/100 errors=46 elapsed_ms=1515.0'),1
FANOUT,K100,Exception('timeout_or_slo_miss: completed=69/100 errors=31 elapsed_ms=1153.0'),2
FANOUT,K100,Exception('timeout_or_slo_miss: completed=66/100 errors=34 elapsed_ms=1238.7'),1
FANOUT,K100,Exception('timeout_or_slo_miss: completed=63/100 errors=37 elapsed_ms=1341.0'),1
FANOUT,K100,Exception('timeout_or_slo_miss: completed=65/100 errors=35 elapsed_ms=1187.9'),2
FANOUT,K100,Exception('timeout_or_slo_miss: completed=64/100 errors=26 elapsed_ms=2390.9'),1
FANOUT,K100,Exception('timeout_or_slo_miss: completed=70/100 errors=30 elapsed_ms=1156.9'),1
FANOUT,K100,Exception('timeout_or_slo_miss: completed=79/100 errors=21 elapsed_ms=1013.4'),1
FANOUT,K100,Exception('timeout_or_slo_miss: completed=63/100 errors=37 elapsed_ms=1402.2'),1
FANOUT,K100,Exception('timeout_or_slo_miss: completed=71/100 errors=29 elapsed_ms=1145.3'),1
FANOUT,K100,Exception('timeout_or_slo_miss: completed=63/100 errors=37 elapsed_ms=1250.9'),1
FANOUT,K100,Exception('timeout_or_slo_miss: completed=71/100 errors=22 elapsed_ms=1721.5'),1
FANOUT,K100,Exception('timeout_or_slo_miss: completed=62/100 errors=38 elapsed_ms=1313.0'),1
FANOUT,K100,Exception('timeout_or_slo_miss: completed=59/100 errors=41 elapsed_ms=1531.7'),1
FANOUT,K100,Exception('timeout_or_slo_miss: completed=67/100 errors=33 elapsed_ms=1250.4'),1
FANOUT,K100,Exception('timeout_or_slo_miss: completed=72/100 errors=28 elapsed_ms=1070.4'),1
FANOUT,K100,Exception('timeout_or_slo_miss: completed=54/100 errors=46 elapsed_ms=1505.0'),1
FANOUT,K100,Exception('timeout_or_slo_miss: completed=63/100 errors=37 elapsed_ms=1298.6'),1
FANOUT,K100,Exception('timeout_or_slo_miss: completed=73/100 errors=27 elapsed_ms=1089.5'),1
FANOUT,K100,Exception('timeout_or_slo_miss: completed=61/100 errors=39 elapsed_ms=1391.4'),1
FANOUT,K100,Exception('timeout_or_slo_miss: completed=74/100 errors=26 elapsed_ms=1068.1'),1
FANOUT,K100,Exception('timeout_or_slo_miss: completed=67/100 errors=33 elapsed_ms=1148.6'),1
FANOUT,K100,Exception('timeout_or_slo_miss: completed=65/100 errors=35 elapsed_ms=1181.4'),1
FANOUT,K100,Exception('timeout_or_slo_miss: completed=68/100 errors=32 elapsed_ms=1199.8'),1
FANOUT,K100,Exception('timeout_or_slo_miss: completed=68/100 errors=32 elapsed_ms=1142.3'),2
FANOUT,K100,Exception('timeout_or_slo_miss: completed=66/100 errors=34 elapsed_ms=1262.7'),1
FANOUT,K100,Exception('timeout_or_slo_miss: completed=62/100 errors=38 elapsed_ms=1433.2'),1
FANOUT,K100,Exception('timeout_or_slo_miss: completed=62/100 errors=24 elapsed_ms=6597.2'),1
FANOUT,K100,Exception('timeout_or_slo_miss: completed=69/100 errors=31 elapsed_ms=1144.1'),1
FANOUT,K100,Exception('timeout_or_slo_miss: completed=63/100 errors=37 elapsed_ms=1306.8'),1
FANOUT,K100,Exception('timeout_or_slo_miss: completed=69/100 errors=31 elapsed_ms=1213.1'),1
FANOUT,K100,Exception('timeout_or_slo_miss: completed=61/100 errors=39 elapsed_ms=1456.4'),1
FANOUT,K100,Exception('timeout_or_slo_miss: completed=64/100 errors=36 elapsed_ms=1271.0'),1
FANOUT,K100,Exception('timeout_or_slo_miss: completed=75/100 errors=25 elapsed_ms=1125.7'),1
FANOUT,K100,Exception('timeout_or_slo_miss: completed=61/100 errors=39 elapsed_ms=1407.0'),1
FANOUT,K100,Exception('timeout_or_slo_miss: completed=71/100 errors=29 elapsed_ms=1129.6'),1
FANOUT,K100,Exception('timeout_or_slo_miss: completed=71/100 errors=19 elapsed_ms=1785.2'),1
FANOUT,K100,Exception('timeout_or_slo_miss: completed=62/100 errors=38 elapsed_ms=1348.1'),1
FANOUT,K100,Exception('timeout_or_slo_miss: completed=71/100 errors=29 elapsed_ms=1128.7'),1
FANOUT,K100,Exception('timeout_or_slo_miss: completed=78/100 errors=22 elapsed_ms=1010.3'),1
FANOUT,K100,Exception('timeout_or_slo_miss: completed=68/100 errors=32 elapsed_ms=1121.7'),1
FANOUT,K100,Exception('timeout_or_slo_miss: completed=67/100 errors=33 elapsed_ms=1169.8'),1
FANOUT,K100,Exception('timeout_or_slo_miss: completed=60/100 errors=40 elapsed_ms=1504.0'),2
FANOUT,K100,Exception('timeout_or_slo_miss: completed=60/100 errors=33 elapsed_ms=2194.9'),1
FANOUT,K100,Exception('timeout_or_slo_miss: completed=70/100 errors=30 elapsed_ms=1022.1'),1
FANOUT,K100,Exception('timeout_or_slo_miss: completed=67/100 errors=33 elapsed_ms=1130.4'),1
FANOUT,K100,Exception('timeout_or_slo_miss: completed=68/100 errors=32 elapsed_ms=1209.3'),1
FANOUT,K100,Exception('timeout_or_slo_miss: completed=57/100 errors=36 elapsed_ms=2256.9'),1
FANOUT,K100,Exception('timeout_or_slo_miss: completed=68/100 errors=25 elapsed_ms=1992.1'),1
FANOUT,K100,Exception('timeout_or_slo_miss: completed=59/100 errors=34 elapsed_ms=2154.3'),1
FANOUT,K100,Exception('timeout_or_slo_miss: completed=69/100 errors=31 elapsed_ms=1171.0'),1
FANOUT,K100,Exception('timeout_or_slo_miss: completed=63/100 errors=37 elapsed_ms=1233.2'),1
FANOUT,K100,Exception('timeout_or_slo_miss: completed=69/100 errors=31 elapsed_ms=1265.4'),1
FANOUT,K100,Exception('timeout_or_slo_miss: completed=66/100 errors=34 elapsed_ms=1219.6'),1
FANOUT,K100,Exception('timeout_or_slo_miss: completed=66/100 errors=34 elapsed_ms=1233.1'),1
FANOUT,K100,Exception('timeout_or_slo_miss: completed=70/100 errors=30 elapsed_ms=1111.7'),1
FANOUT,K100,Exception('timeout_or_slo_miss: completed=66/100 errors=34 elapsed_ms=1171.7'),1
FANOUT,K100,Exception('timeout_or_slo_miss: completed=63/100 errors=37 elapsed_ms=1269.1'),1
FANOUT,K100,Exception('timeout_or_slo_miss: completed=61/100 errors=39 elapsed_ms=1463.3'),1
FANOUT,K100,Exception('timeout_or_slo_miss: completed=57/100 errors=36 elapsed_ms=2241.3'),1
FANOUT,K100,Exception('timeout_or_slo_miss: completed=73/100 errors=27 elapsed_ms=1103.5'),1
FANOUT,K100,Exception('timeout_or_slo_miss: completed=78/100 errors=22 elapsed_ms=1017.9'),1
FANOUT,K100,Exception('timeout_or_slo_miss: completed=64/100 errors=36 elapsed_ms=1262.6'),1
FANOUT,K100,Exception('timeout_or_slo_miss: completed=70/100 errors=30 elapsed_ms=1142.7'),1
FANOUT,K100,Exception('timeout_or_slo_miss: completed=74/100 errors=26 elapsed_ms=1091.5'),1
FANOUT,K100,Exception('timeout_or_slo_miss: completed=63/100 errors=37 elapsed_ms=1326.4'),1
FANOUT,K100,Exception('timeout_or_slo_miss: completed=67/100 errors=26 elapsed_ms=2048.0'),1
FANOUT,K100,Exception('timeout_or_slo_miss: completed=65/100 errors=35 elapsed_ms=1277.8'),1
FANOUT,K100,Exception('timeout_or_slo_miss: completed=66/100 errors=34 elapsed_ms=1142.2'),1
FANOUT,K100,Exception('timeout_or_slo_miss: completed=64/100 errors=36 elapsed_ms=1275.5'),1
FANOUT,K100,Exception('timeout_or_slo_miss: completed=68/100 errors=32 elapsed_ms=1176.0'),1
FANOUT,K100,Exception('timeout_or_slo_miss: completed=63/100 errors=37 elapsed_ms=1420.1'),1
FANOUT,K100,Exception('timeout_or_slo_miss: completed=69/100 errors=31 elapsed_ms=1224.0'),1
FANOUT,K100,Exception('timeout_or_slo_miss: completed=59/100 errors=41 elapsed_ms=1505.7'),1
FANOUT,K100,Exception('timeout_or_slo_miss: completed=67/100 errors=33 elapsed_ms=1165.6'),1
FANOUT,K100,Exception('timeout_or_slo_miss: completed=56/100 errors=43 elapsed_ms=2063.2'),1
FANOUT,K100,Exception('timeout_or_slo_miss: completed=72/100 errors=28 elapsed_ms=1134.8'),1
FANOUT,K100,Exception('timeout_or_slo_miss: completed=69/100 errors=31 elapsed_ms=1190.7'),1
FANOUT,K100,Exception('timeout_or_slo_miss: completed=73/100 errors=27 elapsed_ms=1111.3'),1
FANOUT,K100,Exception('timeout_or_slo_miss: completed=64/100 errors=36 elapsed_ms=1292.7'),1
FANOUT,K100,Exception('timeout_or_slo_miss: completed=64/100 errors=36 elapsed_ms=1505.8'),1
FANOUT,K100,Exception('timeout_or_slo_miss: completed=67/100 errors=26 elapsed_ms=2128.4'),1
FANOUT,K100,Exception('timeout_or_slo_miss: completed=71/100 errors=29 elapsed_ms=1046.3'),1
FANOUT,K100,Exception('timeout_or_slo_miss: completed=68/100 errors=32 elapsed_ms=1169.6'),1
FANOUT,K100,Exception('timeout_or_slo_miss: completed=65/100 errors=35 elapsed_ms=1227.5'),1
FANOUT,K100,Exception('timeout_or_slo_miss: completed=69/100 errors=31 elapsed_ms=1127.1'),1
FANOUT,K100,Exception('timeout_or_slo_miss: completed=72/100 errors=28 elapsed_ms=1146.9'),1
FANOUT,K100,Exception('timeout_or_slo_miss: completed=61/100 errors=39 elapsed_ms=1401.4'),1
FANOUT,K100,Exception('timeout_or_slo_miss: completed=62/100 errors=38 elapsed_ms=1244.4'),1
FANOUT,K100,Exception('timeout_or_slo_miss: completed=75/100 errors=25 elapsed_ms=1010.7'),1
FANOUT,K100,Exception('timeout_or_slo_miss: completed=64/100 errors=36 elapsed_ms=1208.3'),1
FANOUT,K100,Exception('timeout_or_slo_miss: completed=78/100 errors=22 elapsed_ms=1017.4'),1
FANOUT,K100,Exception('timeout_or_slo_miss: completed=63/100 errors=37 elapsed_ms=1353.7'),1
FANOUT,K100,Exception('timeout_or_slo_miss: completed=69/100 errors=31 elapsed_ms=1156.1'),1
FANOUT,K100,Exception('timeout_or_slo_miss: completed=63/100 errors=37 elapsed_ms=1380.2'),1
FANOUT,K100,Exception('timeout_or_slo_miss: completed=67/100 errors=33 elapsed_ms=1139.9'),1
FANOUT,K100,Exception('timeout_or_slo_miss: completed=65/100 errors=35 elapsed_ms=1253.7'),1
FANOUT,K100,Exception('timeout_or_slo_miss: completed=66/100 errors=34 elapsed_ms=1188.7'),1
FANOUT,K100,Exception('timeout_or_slo_miss: completed=67/100 errors=33 elapsed_ms=1141.3'),1
FANOUT,K100,Exception('timeout_or_slo_miss: completed=78/100 errors=22 elapsed_ms=1010.0'),1
FANOUT,K100,Exception('timeout_or_slo_miss: completed=64/100 errors=36 elapsed_ms=1336.2'),1
FANOUT,K100,Exception('timeout_or_slo_miss: completed=67/100 errors=33 elapsed_ms=1230.2'),1
FANOUT,K100,Exception('timeout_or_slo_miss: completed=67/100 errors=33 elapsed_ms=1156.0'),1
FANOUT,K100,Exception('timeout_or_slo_miss: completed=68/100 errors=32 elapsed_ms=1148.6'),1
FANOUT,K100,Exception('timeout_or_slo_miss: completed=65/100 errors=35 elapsed_ms=1225.6'),1
FANOUT,K100,Exception('timeout_or_slo_miss: completed=66/100 errors=34 elapsed_ms=1183.0'),1
FANOUT,K100,Exception('timeout_or_slo_miss: completed=70/100 errors=30 elapsed_ms=1158.7'),1
FANOUT,K100,Exception('timeout_or_slo_miss: completed=70/100 errors=30 elapsed_ms=1136.8'),1
FANOUT,K100,Exception('timeout_or_slo_miss: completed=67/100 errors=33 elapsed_ms=1216.7'),1
FANOUT,K100,Exception('timeout_or_slo_miss: completed=69/100 errors=31 elapsed_ms=1159.2'),1
FANOUT,K100,Exception('timeout_or_slo_miss: completed=66/100 errors=34 elapsed_ms=1213.7'),1
FANOUT,K100,Exception('timeout_or_slo_miss: completed=68/100 errors=32 elapsed_ms=1147.8'),1
FANOUT,K100,Exception('timeout_or_slo_miss: completed=66/100 errors=34 elapsed_ms=1204.0'),1
FANOUT,K100,Exception('timeout_or_slo_miss: completed=47/100 errors=42 elapsed_ms=8289.0'),1
FANOUT,K100,Exception('timeout_or_slo_miss: completed=70/100 errors=30 elapsed_ms=1149.1'),1
FANOUT,K100,Exception('timeout_or_slo_miss: completed=71/100 errors=29 elapsed_ms=1118.8'),1
FANOUT,K100,Exception('timeout_or_slo_miss: completed=60/100 errors=40 elapsed_ms=1452.7'),1
FANOUT,K100,Exception('timeout_or_slo_miss: completed=72/100 errors=21 elapsed_ms=1793.8'),1
FANOUT,K100,Exception('timeout_or_slo_miss: completed=61/100 errors=39 elapsed_ms=1254.0'),1
FANOUT,K100,Exception('timeout_or_slo_miss: completed=53/100 errors=30 elapsed_ms=13013.6'),1
FANOUT,K100,Exception('timeout_or_slo_miss: completed=71/100 errors=29 elapsed_ms=1137.3'),1
FANOUT,K100,Exception('timeout_or_slo_miss: completed=69/100 errors=31 elapsed_ms=1180.5'),2
FANOUT,K100,Exception('timeout_or_slo_miss: completed=65/100 errors=35 elapsed_ms=1220.4'),1
FANOUT,K100,Exception('timeout_or_slo_miss: completed=60/100 errors=40 elapsed_ms=1503.8'),1
FANOUT,K100,Exception('timeout_or_slo_miss: completed=29/100 errors=61 elapsed_ms=21156.1'),1
FANOUT,K100,Exception('timeout_or_slo_miss: completed=54/100 errors=46 elapsed_ms=1508.9'),1
FANOUT,K100,Exception('timeout_or_slo_miss: completed=71/100 errors=29 elapsed_ms=1113.9'),1
FANOUT,K100,Exception('timeout_or_slo_miss: completed=68/100 errors=22 elapsed_ms=2093.5'),1
FANOUT,K100,Exception('timeout_or_slo_miss: completed=70/100 errors=30 elapsed_ms=1135.8'),1
FANOUT,K100,Exception('timeout_or_slo_miss: completed=74/100 errors=26 elapsed_ms=1104.4'),1
FANOUT,K100,Exception('timeout_or_slo_miss: completed=74/100 errors=26 elapsed_ms=1118.9'),1
FANOUT,K100,Exception('timeout_or_slo_miss: completed=60/100 errors=40 elapsed_ms=1388.1'),1
FANOUT,K100,Exception('timeout_or_slo_miss: completed=66/100 errors=34 elapsed_ms=1199.8'),1
FANOUT,K100,Exception('timeout_or_slo_miss: completed=66/100 errors=24 elapsed_ms=2354.5'),1
FANOUT,K100,Exception('timeout_or_slo_miss: completed=63/100 errors=27 elapsed_ms=2440.6'),1
FANOUT,K100,Exception('timeout_or_slo_miss: completed=76/100 errors=24 elapsed_ms=1008.1'),1
FANOUT,K100,Exception('timeout_or_slo_miss: completed=73/100 errors=27 elapsed_ms=1102.8'),1
FANOUT,K100,Exception('timeout_or_slo_miss: completed=67/100 errors=33 elapsed_ms=1178.6'),1
FANOUT,K100,Exception('timeout_or_slo_miss: completed=67/100 errors=33 elapsed_ms=1158.5'),1
FANOUT,K100,Exception('timeout_or_slo_miss: completed=67/100 errors=33 elapsed_ms=1206.9'),2
FANOUT,K100,Exception('timeout_or_slo_miss: completed=60/100 errors=40 elapsed_ms=1503.6'),4
FANOUT,K100,Exception('timeout_or_slo_miss: completed=64/100 errors=36 elapsed_ms=1267.2'),1
FANOUT,K100,Exception('timeout_or_slo_miss: completed=64/100 errors=36 elapsed_ms=1276.3'),1
FANOUT,K100,Exception('timeout_or_slo_miss: completed=71/100 errors=29 elapsed_ms=1132.7'),1
FANOUT,K100,Exception('timeout_or_slo_miss: completed=71/100 errors=29 elapsed_ms=1125.9'),1
FANOUT,K100,Exception('timeout_or_slo_miss: completed=60/100 errors=40 elapsed_ms=1285.4'),1
FANOUT,K100,Exception('timeout_or_slo_miss: completed=58/100 errors=42 elapsed_ms=1506.7'),2
FANOUT,K100,Exception('timeout_or_slo_miss: completed=70/100 errors=30 elapsed_ms=1121.5'),1
FANOUT,K100,Exception('timeout_or_slo_miss: completed=68/100 errors=32 elapsed_ms=1151.3'),1
FANOUT,K100,Exception('timeout_or_slo_miss: completed=71/100 errors=29 elapsed_ms=1116.9'),1
FANOUT,K100,Exception('timeout_or_slo_miss: completed=66/100 errors=34 elapsed_ms=1245.0'),1
FANOUT,K100,Exception('timeout_or_slo_miss: completed=77/100 errors=23 elapsed_ms=1011.3'),1
FANOUT,K100,Exception('timeout_or_slo_miss: completed=63/100 errors=37 elapsed_ms=1288.2'),1
FANOUT,K100,Exception('timeout_or_slo_miss: completed=67/100 errors=33 elapsed_ms=1108.0'),1
FANOUT,K100,Exception('timeout_or_slo_miss: completed=69/100 errors=31 elapsed_ms=1119.3'),1
FANOUT,K100,Exception('timeout_or_slo_miss: completed=56/100 errors=44 elapsed_ms=1509.9'),1
FANOUT,K100,Exception('timeout_or_slo_miss: completed=69/100 errors=21 elapsed_ms=2105.5'),1
FANOUT,K100,Exception('timeout_or_slo_miss: completed=62/100 errors=38 elapsed_ms=1450.9'),1
FANOUT,K100,Exception('timeout_or_slo_miss: completed=71/100 errors=29 elapsed_ms=1140.0'),1
FANOUT,K100,Exception('timeout_or_slo_miss: completed=75/100 errors=25 elapsed_ms=1009.3'),1
FANOUT,K100,Exception('timeout_or_slo_miss: completed=65/100 errors=35 elapsed_ms=1193.3'),1
FANOUT,K100,Exception('timeout_or_slo_miss: completed=65/100 errors=35 elapsed_ms=1300.8'),1
FANOUT,K100,Exception('timeout_or_slo_miss: completed=60/100 errors=40 elapsed_ms=1503.2'),1
FANOUT,K100,Exception('timeout_or_slo_miss: completed=67/100 errors=33 elapsed_ms=1190.0'),1
FANOUT,K100,Exception('timeout_or_slo_miss: completed=53/100 errors=34 elapsed_ms=14986.5'),1
FANOUT,K100,Exception('timeout_or_slo_miss: completed=63/100 errors=27 elapsed_ms=2325.8'),1
FANOUT,K100,Exception('timeout_or_slo_miss: completed=72/100 errors=28 elapsed_ms=1132.6'),1
FANOUT,K100,Exception('timeout_or_slo_miss: completed=74/100 errors=26 elapsed_ms=1118.6'),1
FANOUT,K100,Exception('timeout_or_slo_miss: completed=66/100 errors=34 elapsed_ms=1190.3'),1
FANOUT,K100,Exception('timeout_or_slo_miss: completed=62/100 errors=38 elapsed_ms=1502.6'),1
FANOUT,K100,Exception('timeout_or_slo_miss: completed=64/100 errors=36 elapsed_ms=1164.0'),1
FANOUT,K100,Exception('timeout_or_slo_miss: completed=73/100 errors=27 elapsed_ms=1029.8'),1
FANOUT,K100,Exception('timeout_or_slo_miss: completed=65/100 errors=35 elapsed_ms=1266.5'),1
FANOUT,K100,Exception('timeout_or_slo_miss: completed=71/100 errors=29 elapsed_ms=1112.5'),1
FANOUT,K100,Exception('timeout_or_slo_miss: completed=74/100 errors=26 elapsed_ms=1136.3'),2
FANOUT,K100,Exception('timeout_or_slo_miss: completed=61/100 errors=39 elapsed_ms=1505.7'),1
FANOUT,K100,Exception('timeout_or_slo_miss: completed=64/100 errors=36 elapsed_ms=1224.0'),1
FANOUT,K100,Exception('timeout_or_slo_miss: completed=63/100 errors=37 elapsed_ms=1317.9'),1
FANOUT,K100,Exception('timeout_or_slo_miss: completed=66/100 errors=34 elapsed_ms=1246.3'),1
FANOUT,K100,Exception('timeout_or_slo_miss: completed=67/100 errors=33 elapsed_ms=1166.7'),1
FANOUT,K100,Exception('timeout_or_slo_miss: completed=69/100 errors=31 elapsed_ms=1122.1'),2
FANOUT,K100,Exception('timeout_or_slo_miss: completed=69/100 errors=31 elapsed_ms=1110.7'),1
FANOUT,K100,Exception('timeout_or_slo_miss: completed=74/100 errors=26 elapsed_ms=1007.1'),1
FANOUT,K100,Exception('timeout_or_slo_miss: completed=69/100 errors=31 elapsed_ms=1175.9'),1
FANOUT,K100,Exception('timeout_or_slo_miss: completed=53/100 errors=47 elapsed_ms=1553.0'),1
FANOUT,K100,Exception('timeout_or_slo_miss: completed=71/100 errors=22 elapsed_ms=1780.3'),1
FANOUT,K100,Exception('timeout_or_slo_miss: completed=63/100 errors=37 elapsed_ms=1425.1'),1
FANOUT,K100,Exception('timeout_or_slo_miss: completed=78/100 errors=22 elapsed_ms=1103.7'),1
FANOUT,K100,Exception('timeout_or_slo_miss: completed=71/100 errors=22 elapsed_ms=1769.0'),1
FANOUT,K100,Exception('timeout_or_slo_miss: completed=79/100 errors=21 elapsed_ms=1005.1'),1
FANOUT,K100,Exception('timeout_or_slo_miss: completed=70/100 errors=30 elapsed_ms=1098.3'),1
FANOUT,K100,Exception('timeout_or_slo_miss: completed=70/100 errors=30 elapsed_ms=1125.5'),1
FANOUT,K100,Exception('timeout_or_slo_miss: completed=63/100 errors=37 elapsed_ms=1266.6'),1
FANOUT,K100,Exception('timeout_or_slo_miss: completed=64/100 errors=36 elapsed_ms=1297.1'),1
FANOUT,K100,Exception('timeout_or_slo_miss: completed=67/100 errors=33 elapsed_ms=1186.9'),1
FANOUT,K100,Exception('timeout_or_slo_miss: completed=78/100 errors=22 elapsed_ms=1008.3'),1
FANOUT,K100,Exception('timeout_or_slo_miss: completed=71/100 errors=29 elapsed_ms=1099.3'),1
FANOUT,K100,Exception('timeout_or_slo_miss: completed=68/100 errors=25 elapsed_ms=1942.7'),1
FANOUT,K100,Exception('timeout_or_slo_miss: completed=66/100 errors=34 elapsed_ms=1206.4'),1
FANOUT,K100,Exception('timeout_or_slo_miss: completed=69/100 errors=31 elapsed_ms=1238.1'),1
FANOUT,K100,Exception('timeout_or_slo_miss: completed=59/100 errors=31 elapsed_ms=2672.1'),1
FANOUT,K100,Exception('timeout_or_slo_miss: completed=72/100 errors=28 elapsed_ms=1110.4'),1
FANOUT,K100,Exception('timeout_or_slo_miss: completed=74/100 errors=16 elapsed_ms=1800.2'),1
FANOUT,K100,Exception('timeout_or_slo_miss: completed=67/100 errors=33 elapsed_ms=1281.9'),1
FANOUT,K100,Exception('timeout_or_slo_miss: completed=70/100 errors=20 elapsed_ms=2083.3'),1
FANOUT,K100,Exception('timeout_or_slo_miss: completed=75/100 errors=25 elapsed_ms=1082.1'),1
FANOUT,K100,Exception('timeout_or_slo_miss: completed=68/100 errors=32 elapsed_ms=1225.8'),1
FANOUT,K100,Exception('timeout_or_slo_miss: completed=64/100 errors=36 elapsed_ms=1252.9'),1
FANOUT,K100,Exception('timeout_or_slo_miss: completed=68/100 errors=32 elapsed_ms=1131.8'),1
FANOUT,K100,Exception('timeout_or_slo_miss: completed=68/100 errors=32 elapsed_ms=1142.9'),1
FANOUT,K100,Exception('timeout_or_slo_miss: completed=68/100 errors=32 elapsed_ms=1136.0'),1
FANOUT,K100,Exception('timeout_or_slo_miss: completed=74/100 errors=26 elapsed_ms=1150.9'),1
FANOUT,K100,Exception('timeout_or_slo_miss: completed=70/100 errors=30 elapsed_ms=1169.3'),1
FANOUT,K100,Exception('timeout_or_slo_miss: completed=75/100 errors=25 elapsed_ms=1008.6'),1
FANOUT,K100,Exception('timeout_or_slo_miss: completed=66/100 errors=34 elapsed_ms=1250.9'),1
FANOUT,K100,Exception('timeout_or_slo_miss: completed=70/100 errors=30 elapsed_ms=1132.0'),1
FANOUT,K100,Exception('timeout_or_slo_miss: completed=64/100 errors=36 elapsed_ms=1279.6'),1
FANOUT,K100,Exception('timeout_or_slo_miss: completed=53/100 errors=47 elapsed_ms=1509.2'),1
FANOUT,K100,Exception('timeout_or_slo_miss: completed=75/100 errors=25 elapsed_ms=1115.4'),1
FANOUT,K100,Exception('timeout_or_slo_miss: completed=72/100 errors=28 elapsed_ms=1013.1'),1
FANOUT,K100,Exception('timeout_or_slo_miss: completed=65/100 errors=35 elapsed_ms=1182.1'),1
FANOUT,K100,Exception('timeout_or_slo_miss: completed=65/100 errors=35 elapsed_ms=1171.9'),1
FANOUT,K100,Exception('timeout_or_slo_miss: completed=76/100 errors=24 elapsed_ms=1028.1'),1
FANOUT,K100,Exception('timeout_or_slo_miss: completed=71/100 errors=29 elapsed_ms=1130.0'),1
FANOUT,K100,Exception('timeout_or_slo_miss: completed=68/100 errors=32 elapsed_ms=1142.1'),1
FANOUT,K100,Exception('timeout_or_slo_miss: completed=65/100 errors=25 elapsed_ms=2175.2'),1
FANOUT,K100,Exception('timeout_or_slo_miss: completed=69/100 errors=31 elapsed_ms=1137.3'),1
FANOUT,K100,Exception('timeout_or_slo_miss: completed=55/100 errors=35 elapsed_ms=2794.4'),1
FANOUT,K100,Exception('timeout_or_slo_miss: completed=66/100 errors=34 elapsed_ms=1152.5'),1
FANOUT,K100,Exception('timeout_or_slo_miss: completed=63/100 errors=37 elapsed_ms=1296.9'),1
FANOUT,K100,Exception('timeout_or_slo_miss: completed=64/100 errors=36 elapsed_ms=1239.1'),1
FANOUT,K100,Exception('timeout_or_slo_miss: completed=64/100 errors=36 elapsed_ms=1281.7'),1
FANOUT,K100,Exception('timeout_or_slo_miss: completed=73/100 errors=27 elapsed_ms=1107.3'),1
FANOUT,K100,Exception('timeout_or_slo_miss: completed=65/100 errors=28 elapsed_ms=2021.9'),1
FANOUT,K100,Exception('timeout_or_slo_miss: completed=61/100 errors=39 elapsed_ms=1393.0'),1
FANOUT,K100,Exception('timeout_or_slo_miss: completed=66/100 errors=34 elapsed_ms=1168.9'),1
FANOUT,K100,Exception('timeout_or_slo_miss: completed=65/100 errors=35 elapsed_ms=1170.4'),1
FANOUT,K100,Exception('timeout_or_slo_miss: completed=64/100 errors=36 elapsed_ms=1244.8'),1
FANOUT,K100,Exception('timeout_or_slo_miss: completed=74/100 errors=26 elapsed_ms=1074.3'),1
FANOUT,K100,Exception('timeout_or_slo_miss: completed=75/100 errors=18 elapsed_ms=1775.6'),1
FANOUT,K100,Exception('timeout_or_slo_miss: completed=67/100 errors=33 elapsed_ms=1177.0'),1
FANOUT,K100,Exception('timeout_or_slo_miss: completed=67/100 errors=33 elapsed_ms=1165.5'),3
FANOUT,K100,Exception('timeout_or_slo_miss: completed=71/100 errors=29 elapsed_ms=1133.3'),1
FANOUT,K100,Exception('timeout_or_slo_miss: completed=65/100 errors=35 elapsed_ms=1150.2'),1
FANOUT,K100,Exception('timeout_or_slo_miss: completed=67/100 errors=33 elapsed_ms=1172.8'),1
FANOUT,K100,Exception('timeout_or_slo_miss: completed=65/100 errors=35 elapsed_ms=1184.2'),1
FANOUT,K100,Exception('timeout_or_slo_miss: completed=34/100 errors=52 elapsed_ms=19732.9'),1
FANOUT,K100,Exception('timeout_or_slo_miss: completed=69/100 errors=31 elapsed_ms=1179.0'),1
FANOUT,K100,Exception('timeout_or_slo_miss: completed=63/100 errors=37 elapsed_ms=1307.0'),1
FANOUT,K100,Exception('timeout_or_slo_miss: completed=74/100 errors=26 elapsed_ms=1109.9'),1
FANOUT,K100,Exception('timeout_or_slo_miss: completed=60/100 errors=40 elapsed_ms=1464.0'),1
FANOUT,K100,Exception('timeout_or_slo_miss: completed=70/100 errors=30 elapsed_ms=1131.1'),1
FANOUT,K100,Exception('timeout_or_slo_miss: completed=64/100 errors=36 elapsed_ms=1384.1'),1
FANOUT,K100,Exception('timeout_or_slo_miss: completed=66/100 errors=34 elapsed_ms=1321.0'),1
FANOUT,K100,Exception('timeout_or_slo_miss: completed=64/100 errors=36 elapsed_ms=1246.5'),1
FANOUT,K100,Exception('timeout_or_slo_miss: completed=74/100 errors=26 elapsed_ms=1099.0'),1
FANOUT,K100,Exception('timeout_or_slo_miss: completed=68/100 errors=32 elapsed_ms=1133.2'),1
FANOUT,K100,Exception('timeout_or_slo_miss: completed=61/100 errors=39 elapsed_ms=1478.3'),1
FANOUT,K100,Exception('timeout_or_slo_miss: completed=71/100 errors=29 elapsed_ms=1135.9'),1
FANOUT,K100,Exception('timeout_or_slo_miss: completed=67/100 errors=26 elapsed_ms=2116.9'),1
FANOUT,K100,Exception('timeout_or_slo_miss: completed=70/100 errors=30 elapsed_ms=1129.3'),1
FANOUT,K100,Exception('timeout_or_slo_miss: completed=74/100 errors=26 elapsed_ms=1108.0'),1
FANOUT,K100,Exception('timeout_or_slo_miss: completed=64/100 errors=36 elapsed_ms=1252.8'),1
FANOUT,K100,Exception('timeout_or_slo_miss: completed=60/100 errors=40 elapsed_ms=1504.7'),1
FANOUT,K100,Exception('timeout_or_slo_miss: completed=68/100 errors=32 elapsed_ms=1151.9'),1
FANOUT,K100,Exception('timeout_or_slo_miss: completed=64/100 errors=36 elapsed_ms=1161.9'),1
FANOUT,K100,Exception('timeout_or_slo_miss: completed=70/100 errors=30 elapsed_ms=1095.4'),1
FANOUT,K100,Exception('timeout_or_slo_miss: completed=68/100 errors=32 elapsed_ms=1138.5'),1
FANOUT,K100,Exception('timeout_or_slo_miss: completed=63/100 errors=37 elapsed_ms=1284.0'),1
FANOUT,K100,Exception('timeout_or_slo_miss: completed=61/100 errors=39 elapsed_ms=1500.5'),1
FANOUT,K100,Exception('timeout_or_slo_miss: completed=73/100 errors=27 elapsed_ms=1120.6'),2
FANOUT,K100,Exception('timeout_or_slo_miss: completed=63/100 errors=37 elapsed_ms=1457.8'),1
FANOUT,K100,Exception('timeout_or_slo_miss: completed=68/100 errors=32 elapsed_ms=1149.8'),1
FANOUT,K100,Exception('timeout_or_slo_miss: completed=68/100 errors=32 elapsed_ms=1125.5'),1
FANOUT,K100,Exception('timeout_or_slo_miss: completed=64/100 errors=36 elapsed_ms=1232.4'),1
FANOUT,K100,Exception('timeout_or_slo_miss: completed=65/100 errors=28 elapsed_ms=2119.3'),1
FANOUT,K100,Exception('timeout_or_slo_miss: completed=61/100 errors=39 elapsed_ms=1325.3'),1
FANOUT,K100,Exception('timeout_or_slo_miss: completed=60/100 errors=40 elapsed_ms=1502.8'),1
FANOUT,K100,Exception('timeout_or_slo_miss: completed=65/100 errors=35 elapsed_ms=1233.0'),1
FANOUT,K100,Exception('timeout_or_slo_miss: completed=77/100 errors=23 elapsed_ms=1020.5'),1
FANOUT,K100,Exception('timeout_or_slo_miss: completed=60/100 errors=40 elapsed_ms=1505.0'),1
FANOUT,K100,Exception('timeout_or_slo_miss: completed=63/100 errors=30 elapsed_ms=2158.0'),1
FANOUT,K100,Exception('timeout_or_slo_miss: completed=66/100 errors=34 elapsed_ms=1244.6'),1
FANOUT,K100,Exception('timeout_or_slo_miss: completed=65/100 errors=35 elapsed_ms=1234.2'),1
FANOUT,K100,Exception('timeout_or_slo_miss: completed=71/100 errors=29 elapsed_ms=1018.7'),1
FANOUT,K100,Exception('timeout_or_slo_miss: completed=73/100 errors=27 elapsed_ms=1133.5'),1
FANOUT,K100,Exception('timeout_or_slo_miss: completed=64/100 errors=36 elapsed_ms=1160.0'),1
FANOUT,K100,Exception('timeout_or_slo_miss: completed=59/100 errors=41 elapsed_ms=1506.5'),1
FANOUT,K100,Exception('timeout_or_slo_miss: completed=74/100 errors=26 elapsed_ms=1093.1'),1
FANOUT,K100,Exception('timeout_or_slo_miss: completed=71/100 errors=19 elapsed_ms=2107.6'),1
FANOUT,K100,Exception('timeout_or_slo_miss: completed=68/100 errors=32 elapsed_ms=1128.4'),1
FANOUT,K100,Exception('timeout_or_slo_miss: completed=72/100 errors=28 elapsed_ms=1128.9'),1
FANOUT,K100,Exception('timeout_or_slo_miss: completed=65/100 errors=35 elapsed_ms=1181.3'),1
FANOUT,K100,Exception('timeout_or_slo_miss: completed=68/100 errors=32 elapsed_ms=1154.6'),1
FANOUT,K100,Exception('timeout_or_slo_miss: completed=68/100 errors=22 elapsed_ms=2143.3'),1
FANOUT,K100,Exception('timeout_or_slo_miss: completed=76/100 errors=24 elapsed_ms=1010.2'),1
FANOUT,K100,Exception('timeout_or_slo_miss: completed=64/100 errors=36 elapsed_ms=1280.6'),1
FANOUT,K100,Exception('timeout_or_slo_miss: completed=78/100 errors=12 elapsed_ms=1852.7'),1
FANOUT,K100,Exception('timeout_or_slo_miss: completed=68/100 errors=32 elapsed_ms=1107.5'),1
FANOUT,K100,Exception('timeout_or_slo_miss: completed=62/100 errors=38 elapsed_ms=1503.2'),1
FANOUT,K100,Exception('timeout_or_slo_miss: completed=72/100 errors=28 elapsed_ms=1127.3'),1
FANOUT,K100,Exception('timeout_or_slo_miss: completed=68/100 errors=32 elapsed_ms=1167.9'),1
FANOUT,K100,Exception('timeout_or_slo_miss: completed=62/100 errors=28 elapsed_ms=2382.9'),1
FANOUT,K100,Exception('timeout_or_slo_miss: completed=55/100 errors=45 elapsed_ms=1520.8'),1
FANOUT,K100,Exception('timeout_or_slo_miss: completed=66/100 errors=34 elapsed_ms=1148.8'),1
FANOUT,K100,Exception('timeout_or_slo_miss: completed=67/100 errors=33 elapsed_ms=1154.4'),1
FANOUT,K100,Exception('timeout_or_slo_miss: completed=67/100 errors=33 elapsed_ms=1236.8'),1
FANOUT,K100,Exception('timeout_or_slo_miss: completed=62/100 errors=38 elapsed_ms=1288.5'),1
FANOUT,K100,Exception('timeout_or_slo_miss: completed=67/100 errors=33 elapsed_ms=1228.9'),1
FANOUT,K100,Exception('timeout_or_slo_miss: completed=69/100 errors=31 elapsed_ms=1165.7'),1
FANOUT,K100,Exception('timeout_or_slo_miss: completed=68/100 errors=32 elapsed_ms=1202.1'),1
FANOUT,K100,Exception('timeout_or_slo_miss: completed=68/100 errors=32 elapsed_ms=1168.0'),1
FANOUT,K100,Exception('timeout_or_slo_miss: completed=68/100 errors=32 elapsed_ms=1110.6'),1
FANOUT,K100,Exception('timeout_or_slo_miss: completed=64/100 errors=36 elapsed_ms=1263.5'),1
FANOUT,K100,Exception('timeout_or_slo_miss: completed=60/100 errors=40 elapsed_ms=1508.0'),1
FANOUT,K100,Exception('timeout_or_slo_miss: completed=64/100 errors=36 elapsed_ms=1308.2'),1
FANOUT,K100,Exception('timeout_or_slo_miss: completed=70/100 errors=30 elapsed_ms=1144.9'),1
FANOUT,K100,Exception('timeout_or_slo_miss: completed=66/100 errors=34 elapsed_ms=1238.8'),1
FANOUT,K100,Exception('timeout_or_slo_miss: completed=70/100 errors=30 elapsed_ms=1127.3'),1
FANOUT,K100,Exception('timeout_or_slo_miss: completed=75/100 errors=25 elapsed_ms=1049.7'),1
FANOUT,K100,Exception('timeout_or_slo_miss: completed=73/100 errors=27 elapsed_ms=1134.6'),1
FANOUT,K100,Exception('timeout_or_slo_miss: completed=73/100 errors=27 elapsed_ms=1111.2'),1
FANOUT,K100,Exception('timeout_or_slo_miss: completed=61/100 errors=39 elapsed_ms=1239.4'),1
FANOUT,K100,Exception('timeout_or_slo_miss: completed=71/100 errors=29 elapsed_ms=1146.4'),1
FANOUT,K100,Exception('timeout_or_slo_miss: completed=66/100 errors=34 elapsed_ms=1163.3'),1
FANOUT,K100,Exception('timeout_or_slo_miss: completed=74/100 errors=26 elapsed_ms=1010.8'),1
FANOUT,K100,Exception('timeout_or_slo_miss: completed=64/100 errors=36 elapsed_ms=1209.4'),1
FANOUT,K100,Exception('timeout_or_slo_miss: completed=57/100 errors=24 elapsed_ms=14635.2'),1
FANOUT,K100,Exception('timeout_or_slo_miss: completed=71/100 errors=29 elapsed_ms=1153.9'),1
FANOUT,K100,Exception('timeout_or_slo_miss: completed=68/100 errors=32 elapsed_ms=1150.1'),1
FANOUT,K100,Exception('timeout_or_slo_miss: completed=65/100 errors=28 elapsed_ms=2009.6'),1
FANOUT,K100,Exception('timeout_or_slo_miss: completed=67/100 errors=33 elapsed_ms=1157.5'),1
FANOUT,K100,Exception('timeout_or_slo_miss: completed=62/100 errors=38 elapsed_ms=1296.8'),1
FANOUT,K100,Exception('timeout_or_slo_miss: completed=76/100 errors=24 elapsed_ms=1022.8'),1
FANOUT,K100,Exception('timeout_or_slo_miss: completed=67/100 errors=33 elapsed_ms=1185.7'),2
FANOUT,K100,Exception('timeout_or_slo_miss: completed=66/100 errors=34 elapsed_ms=1159.0'),1
FANOUT,K100,Exception('timeout_or_slo_miss: completed=70/100 errors=30 elapsed_ms=1162.4'),1
FANOUT,K100,Exception('timeout_or_slo_miss: completed=67/100 errors=33 elapsed_ms=1124.1'),2
FANOUT,K100,Exception('timeout_or_slo_miss: completed=64/100 errors=36 elapsed_ms=1155.2'),1
FANOUT,K100,Exception('timeout_or_slo_miss: completed=63/100 errors=37 elapsed_ms=1337.6'),1
FANOUT,K100,Exception('timeout_or_slo_miss: completed=66/100 errors=34 elapsed_ms=1204.4'),1
FANOUT,K100,Exception('timeout_or_slo_miss: completed=67/100 errors=33 elapsed_ms=1248.5'),1
FANOUT,K100,Exception('timeout_or_slo_miss: completed=65/100 errors=35 elapsed_ms=1240.0'),1
FANOUT,K100,Exception('timeout_or_slo_miss: completed=66/100 errors=34 elapsed_ms=1229.3'),1
FANOUT,K100,Exception('timeout_or_slo_miss: completed=57/100 errors=43 elapsed_ms=1506.8'),1
FANOUT,K100,Exception('timeout_or_slo_miss: completed=64/100 errors=36 elapsed_ms=1282.6'),1
FANOUT,K100,Exception('timeout_or_slo_miss: completed=64/100 errors=36 elapsed_ms=1289.9'),1
FANOUT,K100,Exception('timeout_or_slo_miss: completed=69/100 errors=31 elapsed_ms=1140.6'),1
FANOUT,K100,Exception('timeout_or_slo_miss: completed=74/100 errors=26 elapsed_ms=1112.2'),2
FANOUT,K100,Exception('timeout_or_slo_miss: completed=64/100 errors=36 elapsed_ms=1228.5'),1
FANOUT,K100,Exception('timeout_or_slo_miss: completed=70/100 errors=30 elapsed_ms=1141.2'),1
FANOUT,K100,Exception('timeout_or_slo_miss: completed=63/100 errors=37 elapsed_ms=1278.1'),1
FANOUT,K100,Exception('timeout_or_slo_miss: completed=71/100 errors=22 elapsed_ms=1972.7'),1
FANOUT,K100,Exception('timeout_or_slo_miss: completed=61/100 errors=39 elapsed_ms=1510.2'),1
FANOUT,K100,Exception('timeout_or_slo_miss: completed=74/100 errors=26 elapsed_ms=1023.3'),1
FANOUT,K100,Exception('timeout_or_slo_miss: completed=70/100 errors=23 elapsed_ms=1789.5'),1
FANOUT,K100,Exception('timeout_or_slo_miss: completed=72/100 errors=28 elapsed_ms=1192.3'),1
FANOUT,K100,Exception('timeout_or_slo_miss: completed=64/100 errors=36 elapsed_ms=1243.3'),1
FANOUT,K100,Exception('timeout_or_slo_miss: completed=69/100 errors=31 elapsed_ms=1112.5'),1
FANOUT,K100,Exception('timeout_or_slo_miss: completed=63/100 errors=37 elapsed_ms=1255.6'),1
FANOUT,K100,Exception('timeout_or_slo_miss: completed=57/100 errors=43 elapsed_ms=1520.0'),1
FANOUT,K100,Exception('timeout_or_slo_miss: completed=67/100 errors=33 elapsed_ms=1256.9'),1
FANOUT,K100,Exception('timeout_or_slo_miss: completed=77/100 errors=23 elapsed_ms=1111.3'),1
FANOUT,K100,Exception('timeout_or_slo_miss: completed=65/100 errors=35 elapsed_ms=1199.2'),1
FANOUT,K100,Exception('timeout_or_slo_miss: completed=70/100 errors=23 elapsed_ms=1961.2'),1
FANOUT,K100,Exception('timeout_or_slo_miss: completed=69/100 errors=24 elapsed_ms=1870.9'),1
FANOUT,K100,Exception('timeout_or_slo_miss: completed=65/100 errors=35 elapsed_ms=1315.9'),1
FANOUT,K100,Exception('timeout_or_slo_miss: completed=67/100 errors=33 elapsed_ms=1251.9'),1
FANOUT,K100,Exception('timeout_or_slo_miss: completed=66/100 errors=34 elapsed_ms=1154.2'),1
FANOUT,K100,Exception('timeout_or_slo_miss: completed=74/100 errors=26 elapsed_ms=1029.9'),1
FANOUT,K100,Exception('timeout_or_slo_miss: completed=64/100 errors=36 elapsed_ms=1254.5'),1
FANOUT,K100,Exception('timeout_or_slo_miss: completed=69/100 errors=31 elapsed_ms=1125.8'),1
FANOUT,K100,Exception('timeout_or_slo_miss: completed=65/100 errors=35 elapsed_ms=1251.3'),1
FANOUT,K100,Exception('timeout_or_slo_miss: completed=61/100 errors=39 elapsed_ms=1399.8'),1
FANOUT,K100,Exception('timeout_or_slo_miss: completed=64/100 errors=36 elapsed_ms=1256.8'),1
FANOUT,K100,Exception('timeout_or_slo_miss: completed=57/100 errors=36 elapsed_ms=2293.7'),1
FANOUT,K100,Exception('timeout_or_slo_miss: completed=62/100 errors=38 elapsed_ms=1404.5'),1
FANOUT,K100,Exception('timeout_or_slo_miss: completed=64/100 errors=36 elapsed_ms=1183.5'),1
FANOUT,K100,Exception('timeout_or_slo_miss: completed=65/100 errors=35 elapsed_ms=1263.7'),1
FANOUT,K100,Exception('timeout_or_slo_miss: completed=71/100 errors=29 elapsed_ms=1114.2'),1
FANOUT,K100,Exception('timeout_or_slo_miss: completed=65/100 errors=35 elapsed_ms=1289.3'),1
FANOUT,K100,Exception('timeout_or_slo_miss: completed=66/100 errors=34 elapsed_ms=1149.2'),1
FANOUT,K100,Exception('timeout_or_slo_miss: completed=33/100 errors=51 elapsed_ms=14573.4'),1
FANOUT,K100,Exception('timeout_or_slo_miss: completed=71/100 errors=29 elapsed_ms=1162.2'),1
FANOUT,K100,Exception('timeout_or_slo_miss: completed=66/100 errors=27 elapsed_ms=2021.1'),1
FANOUT,K100,Exception('timeout_or_slo_miss: completed=61/100 errors=39 elapsed_ms=1350.4'),1
FANOUT,K100,Exception('timeout_or_slo_miss: completed=72/100 errors=28 elapsed_ms=1163.9'),1
FANOUT,K100,Exception('timeout_or_slo_miss: completed=67/100 errors=33 elapsed_ms=1148.3'),1
FANOUT,K100,Exception('timeout_or_slo_miss: completed=70/100 errors=30 elapsed_ms=1086.2'),1
FANOUT,K100,Exception('timeout_or_slo_miss: completed=67/100 errors=33 elapsed_ms=1157.9'),2
FANOUT,K100,Exception('timeout_or_slo_miss: completed=63/100 errors=37 elapsed_ms=1339.4'),1
FANOUT,K100,Exception('timeout_or_slo_miss: completed=63/100 errors=37 elapsed_ms=1400.3'),1
FANOUT,K100,Exception('timeout_or_slo_miss: completed=66/100 errors=34 elapsed_ms=1166.5'),1
FANOUT,K100,Exception('timeout_or_slo_miss: completed=64/100 errors=36 elapsed_ms=1439.1'),1
FANOUT,K100,Exception('timeout_or_slo_miss: completed=65/100 errors=35 elapsed_ms=1159.8'),1
FANOUT,K100,Exception('timeout_or_slo_miss: completed=70/100 errors=30 elapsed_ms=1129.9'),1
FANOUT,K100,Exception('timeout_or_slo_miss: completed=69/100 errors=31 elapsed_ms=1130.8'),1
FANOUT,K100,Exception('timeout_or_slo_miss: completed=65/100 errors=35 elapsed_ms=1203.9'),1
FANOUT,K100,Exception('timeout_or_slo_miss: completed=62/100 errors=31 elapsed_ms=2277.3'),1
FANOUT,K100,Exception('timeout_or_slo_miss: completed=58/100 errors=42 elapsed_ms=1507.0'),1
FANOUT,K100,Exception('timeout_or_slo_miss: completed=72/100 errors=28 elapsed_ms=1108.1'),1
FANOUT,K100,Exception('timeout_or_slo_miss: completed=71/100 errors=29 elapsed_ms=1134.0'),1
FANOUT,K100,Exception('timeout_or_slo_miss: completed=72/100 errors=28 elapsed_ms=1125.3'),1
FANOUT,K100,Exception('timeout_or_slo_miss: completed=69/100 errors=31 elapsed_ms=1116.0'),1
FANOUT,K100,Exception('timeout_or_slo_miss: completed=73/100 errors=27 elapsed_ms=1028.8'),1
FANOUT,K100,Exception('timeout_or_slo_miss: completed=68/100 errors=32 elapsed_ms=1172.7'),1
FANOUT,K100,Exception('timeout_or_slo_miss: completed=63/100 errors=37 elapsed_ms=1218.9'),1
FANOUT,K100,Exception('timeout_or_slo_miss: completed=68/100 errors=25 elapsed_ms=1884.0'),1
FANOUT,K100,Exception('timeout_or_slo_miss: completed=70/100 errors=30 elapsed_ms=1172.8'),1
FANOUT,K100,Exception('timeout_or_slo_miss: completed=63/100 errors=37 elapsed_ms=1245.9'),1
FANOUT,K100,Exception('timeout_or_slo_miss: completed=70/100 errors=30 elapsed_ms=1134.5'),2
FANOUT,K100,Exception('timeout_or_slo_miss: completed=68/100 errors=32 elapsed_ms=1159.8'),1
FANOUT,K100,Exception('timeout_or_slo_miss: completed=67/100 errors=33 elapsed_ms=1182.2'),1
FANOUT,K100,Exception('timeout_or_slo_miss: completed=72/100 errors=28 elapsed_ms=1143.2'),1
FANOUT,K100,Exception('timeout_or_slo_miss: completed=67/100 errors=33 elapsed_ms=1149.6'),1
FANOUT,K100,Exception('timeout_or_slo_miss: completed=60/100 errors=30 elapsed_ms=2520.0'),1
FANOUT,K100,Exception('timeout_or_slo_miss: completed=66/100 errors=34 elapsed_ms=1292.8'),1
FANOUT,K100,Exception('timeout_or_slo_miss: completed=74/100 errors=26 elapsed_ms=1116.1'),1
FANOUT,K100,Exception('timeout_or_slo_miss: completed=63/100 errors=37 elapsed_ms=1299.6'),1
FANOUT,K100,Exception('timeout_or_slo_miss: completed=71/100 errors=22 elapsed_ms=1891.0'),1
FANOUT,K100,Exception('timeout_or_slo_miss: completed=63/100 errors=37 elapsed_ms=1403.8'),1
FANOUT,K100,Exception('timeout_or_slo_miss: completed=65/100 errors=35 elapsed_ms=1187.4'),1
FANOUT,K100,Exception('timeout_or_slo_miss: completed=64/100 errors=36 elapsed_ms=1175.5'),1
FANOUT,K100,Exception('timeout_or_slo_miss: completed=63/100 errors=37 elapsed_ms=1249.2'),1
FANOUT,K100,Exception('timeout_or_slo_miss: completed=62/100 errors=38 elapsed_ms=1382.9'),1
FANOUT,K100,Exception('timeout_or_slo_miss: completed=68/100 errors=32 elapsed_ms=1237.6'),1
FANOUT,K100,Exception('timeout_or_slo_miss: completed=76/100 errors=24 elapsed_ms=1011.0'),1
FANOUT,K100,Exception('timeout_or_slo_miss: completed=62/100 errors=38 elapsed_ms=1445.0'),1
FANOUT,K100,Exception('timeout_or_slo_miss: completed=71/100 errors=29 elapsed_ms=1022.3'),1
FANOUT,K100,Exception('timeout_or_slo_miss: completed=64/100 errors=36 elapsed_ms=1287.8'),1
FANOUT,K100,Exception('timeout_or_slo_miss: completed=69/100 errors=24 elapsed_ms=2018.4'),1
FANOUT,K100,Exception('timeout_or_slo_miss: completed=70/100 errors=30 elapsed_ms=1122.9'),2
FANOUT,K100,Exception('timeout_or_slo_miss: completed=66/100 errors=34 elapsed_ms=1304.8'),1
FANOUT,K100,Exception('timeout_or_slo_miss: completed=69/100 errors=31 elapsed_ms=1142.4'),2
FANOUT,K100,Exception('timeout_or_slo_miss: completed=71/100 errors=29 elapsed_ms=1146.3'),1
FANOUT,K100,Exception('timeout_or_slo_miss: completed=64/100 errors=36 elapsed_ms=1225.0'),1
FANOUT,K100,Exception('timeout_or_slo_miss: completed=71/100 errors=29 elapsed_ms=1138.7'),1
FANOUT,K100,Exception('timeout_or_slo_miss: completed=66/100 errors=34 elapsed_ms=1183.7'),1
FANOUT,K100,Exception('timeout_or_slo_miss: completed=67/100 errors=33 elapsed_ms=1170.4'),1
FANOUT,K100,Exception('timeout_or_slo_miss: completed=67/100 errors=33 elapsed_ms=1270.5'),1
FANOUT,K100,Exception('timeout_or_slo_miss: completed=72/100 errors=28 elapsed_ms=1133.7'),1
FANOUT,K100,Exception('timeout_or_slo_miss: completed=66/100 errors=34 elapsed_ms=1166.9'),1
FANOUT,K100,Exception('timeout_or_slo_miss: completed=61/100 errors=39 elapsed_ms=1367.8'),1
FANOUT,K100,Exception('timeout_or_slo_miss: completed=70/100 errors=30 elapsed_ms=1142.3'),1
FANOUT,K100,Exception('timeout_or_slo_miss: completed=60/100 errors=40 elapsed_ms=1413.6'),1
FANOUT,K100,Exception('timeout_or_slo_miss: completed=61/100 errors=39 elapsed_ms=1423.4'),1
FANOUT,K100,Exception('timeout_or_slo_miss: completed=71/100 errors=29 elapsed_ms=1199.8'),1
FANOUT,K100,Exception('timeout_or_slo_miss: completed=63/100 errors=37 elapsed_ms=1217.5'),1
FANOUT,K100,Exception('timeout_or_slo_miss: completed=60/100 errors=40 elapsed_ms=1361.2'),1
FANOUT,K100,Exception('timeout_or_slo_miss: completed=66/100 errors=34 elapsed_ms=1253.2'),1
FANOUT,K100,Exception('timeout_or_slo_miss: completed=73/100 errors=27 elapsed_ms=1104.1'),1
FANOUT,K100,Exception('timeout_or_slo_miss: completed=69/100 errors=31 elapsed_ms=1028.6'),1
FANOUT,K100,Exception('timeout_or_slo_miss: completed=69/100 errors=31 elapsed_ms=1147.7'),1
FANOUT,K100,Exception('timeout_or_slo_miss: completed=65/100 errors=35 elapsed_ms=1230.5'),1
FANOUT,K100,Exception('timeout_or_slo_miss: completed=70/100 errors=23 elapsed_ms=1898.9'),1
FANOUT,K100,Exception('timeout_or_slo_miss: completed=61/100 errors=39 elapsed_ms=1312.6'),1
FANOUT,K100,Exception('timeout_or_slo_miss: completed=75/100 errors=25 elapsed_ms=1020.0'),1
FANOUT,K100,Exception('timeout_or_slo_miss: completed=55/100 errors=45 elapsed_ms=1506.9'),1
FANOUT,K100,Exception('timeout_or_slo_miss: completed=65/100 errors=35 elapsed_ms=1271.0'),1
FANOUT,K100,Exception('timeout_or_slo_miss: completed=62/100 errors=38 elapsed_ms=1446.3'),1
FANOUT,K100,Exception('timeout_or_slo_miss: completed=20/100 errors=62 elapsed_ms=21563.8'),1
FANOUT,K100,Exception('timeout_or_slo_miss: completed=62/100 errors=38 elapsed_ms=1273.1'),1
FANOUT,K100,Exception('timeout_or_slo_miss: completed=63/100 errors=37 elapsed_ms=1341.7'),1
FANOUT,K100,Exception('timeout_or_slo_miss: completed=71/100 errors=29 elapsed_ms=1147.6'),1
FANOUT,K100,Exception('timeout_or_slo_miss: completed=76/100 errors=24 elapsed_ms=1015.5'),1
FANOUT,K100,Exception('timeout_or_slo_miss: completed=64/100 errors=36 elapsed_ms=1260.3'),1
FANOUT,K100,Exception('timeout_or_slo_miss: completed=63/100 errors=30 elapsed_ms=2135.8'),1
FANOUT,K100,Exception('timeout_or_slo_miss: completed=30/100 errors=53 elapsed_ms=14545.9'),1
FANOUT,K100,Exception('timeout_or_slo_miss: completed=66/100 errors=34 elapsed_ms=1145.1'),1
FANOUT,K100,Exception('timeout_or_slo_miss: completed=49/100 errors=34 elapsed_ms=11907.8'),1
FANOUT,K100,Exception('timeout_or_slo_miss: completed=59/100 errors=41 elapsed_ms=1502.7'),1
FANOUT,K100,Exception('timeout_or_slo_miss: completed=70/100 errors=30 elapsed_ms=1127.1'),1
FANOUT,K100,Exception('timeout_or_slo_miss: completed=68/100 errors=32 elapsed_ms=1223.0'),1
FANOUT,K100,Exception('timeout_or_slo_miss: completed=64/100 errors=36 elapsed_ms=1232.5'),1
FANOUT,K100,Exception('timeout_or_slo_miss: completed=65/100 errors=35 elapsed_ms=1250.8'),1
FANOUT,K100,Exception('timeout_or_slo_miss: completed=72/100 errors=18 elapsed_ms=2089.2'),1
FANOUT,K100,Exception('timeout_or_slo_miss: completed=69/100 errors=21 elapsed_ms=2142.3'),1
FANOUT,K100,Exception('timeout_or_slo_miss: completed=71/100 errors=29 elapsed_ms=1139.6'),1
FANOUT,K100,Exception('timeout_or_slo_miss: completed=62/100 errors=38 elapsed_ms=1378.5'),1
FANOUT,K100,Exception('timeout_or_slo_miss: completed=70/100 errors=30 elapsed_ms=1026.7'),1
FANOUT,K100,Exception('timeout_or_slo_miss: completed=67/100 errors=33 elapsed_ms=1231.0'),2
FANOUT,K100,Exception('timeout_or_slo_miss: completed=65/100 errors=35 elapsed_ms=1262.1'),1
FANOUT,K100,Exception('timeout_or_slo_miss: completed=74/100 errors=26 elapsed_ms=1011.9'),1
FANOUT,K100,Exception('timeout_or_slo_miss: completed=62/100 errors=38 elapsed_ms=1319.5'),1
FANOUT,K100,Exception('timeout_or_slo_miss: completed=70/100 errors=30 elapsed_ms=1201.8'),1
FANOUT,K100,Exception('timeout_or_slo_miss: completed=66/100 errors=34 elapsed_ms=1288.8'),1
FANOUT,K100,Exception('timeout_or_slo_miss: completed=65/100 errors=35 elapsed_ms=1215.7'),1
FANOUT,K100,Exception('timeout_or_slo_miss: completed=70/100 errors=30 elapsed_ms=1139.3'),1
FANOUT,K100,Exception('timeout_or_slo_miss: completed=56/100 errors=44 elapsed_ms=1951.8'),1
FANOUT,K100,Exception('timeout_or_slo_miss: completed=76/100 errors=17 elapsed_ms=1754.0'),1
FANOUT,K100,Exception('timeout_or_slo_miss: completed=70/100 errors=30 elapsed_ms=1128.8'),1
FANOUT,K100,Exception('timeout_or_slo_miss: completed=62/100 errors=38 elapsed_ms=1273.4'),1
FANOUT,K100,Exception('timeout_or_slo_miss: completed=71/100 errors=22 elapsed_ms=1803.7'),1
FANOUT,K100,Exception('timeout_or_slo_miss: completed=62/100 errors=31 elapsed_ms=2230.0'),1
FANOUT,K100,Exception('timeout_or_slo_miss: completed=61/100 errors=39 elapsed_ms=1417.5'),1
FANOUT,K100,Exception('timeout_or_slo_miss: completed=74/100 errors=26 elapsed_ms=1128.3'),1
FANOUT,K100,Exception('timeout_or_slo_miss: completed=75/100 errors=25 elapsed_ms=1017.1'),1
FANOUT,K100,Exception('timeout_or_slo_miss: completed=72/100 errors=28 elapsed_ms=1040.0'),1
FANOUT,K100,Exception('timeout_or_slo_miss: completed=67/100 errors=33 elapsed_ms=1175.2'),1
FANOUT,K100,Exception('timeout_or_slo_miss: completed=73/100 errors=27 elapsed_ms=1018.4'),1
FANOUT,K100,Exception('timeout_or_slo_miss: completed=64/100 errors=29 elapsed_ms=2069.6'),1
FANOUT,K100,Exception('timeout_or_slo_miss: completed=69/100 errors=31 elapsed_ms=1188.7'),1
FANOUT,K100,Exception('timeout_or_slo_miss: completed=67/100 errors=33 elapsed_ms=1231.3'),1
FANOUT,K100,Exception('timeout_or_slo_miss: completed=66/100 errors=34 elapsed_ms=1142.3'),1
FANOUT,K100,Exception('timeout_or_slo_miss: completed=60/100 errors=40 elapsed_ms=1504.3'),3
FANOUT,K100,Exception('timeout_or_slo_miss: completed=68/100 errors=32 elapsed_ms=1196.9'),1
FANOUT,K100,Exception('timeout_or_slo_miss: completed=68/100 errors=32 elapsed_ms=1224.4'),1
FANOUT,K100,Exception('timeout_or_slo_miss: completed=69/100 errors=31 elapsed_ms=1141.2'),1
FANOUT,K100,Exception('timeout_or_slo_miss: completed=70/100 errors=30 elapsed_ms=1145.1'),1
FANOUT,K100,Exception('timeout_or_slo_miss: completed=70/100 errors=30 elapsed_ms=1124.8'),1
FANOUT,K100,Exception('timeout_or_slo_miss: completed=70/100 errors=30 elapsed_ms=1148.7'),1
FANOUT,K100,Exception('timeout_or_slo_miss: completed=64/100 errors=36 elapsed_ms=1271.9'),2
FANOUT,K100,Exception('timeout_or_slo_miss: completed=66/100 errors=20 elapsed_ms=3630.2'),1
FANOUT,K100,Exception('timeout_or_slo_miss: completed=74/100 errors=26 elapsed_ms=1042.7'),1
FANOUT,K100,Exception('timeout_or_slo_miss: completed=64/100 errors=36 elapsed_ms=1259.5'),1
FANOUT,K100,Exception('timeout_or_slo_miss: completed=65/100 errors=35 elapsed_ms=1222.4'),1
FANOUT,K100,Exception('timeout_or_slo_miss: completed=61/100 errors=39 elapsed_ms=1272.3'),1
FANOUT,K100,Exception('timeout_or_slo_miss: completed=66/100 errors=34 elapsed_ms=1178.6'),1
FANOUT,K100,Exception('timeout_or_slo_miss: completed=68/100 errors=32 elapsed_ms=1178.0'),1
FANOUT,K100,Exception('timeout_or_slo_miss: completed=71/100 errors=29 elapsed_ms=1132.3'),1
FANOUT,K100,Exception('timeout_or_slo_miss: completed=54/100 errors=46 elapsed_ms=1514.3'),1
FANOUT,K100,Exception('timeout_or_slo_miss: completed=70/100 errors=30 elapsed_ms=1071.1'),1
FANOUT,K100,Exception('timeout_or_slo_miss: completed=70/100 errors=30 elapsed_ms=1125.9'),1
FANOUT,K100,Exception('timeout_or_slo_miss: completed=71/100 errors=29 elapsed_ms=1103.8'),1
FANOUT,K100,Exception('timeout_or_slo_miss: completed=61/100 errors=39 elapsed_ms=1400.9'),1
FANOUT,K100,Exception('timeout_or_slo_miss: completed=65/100 errors=35 elapsed_ms=1209.7'),1
FANOUT,K100,Exception('timeout_or_slo_miss: completed=77/100 errors=23 elapsed_ms=1013.1'),1
FANOUT,K100,Exception('timeout_or_slo_miss: completed=60/100 errors=40 elapsed_ms=1502.5'),1
FANOUT,K100,Exception('timeout_or_slo_miss: completed=65/100 errors=35 elapsed_ms=1350.4'),1
FANOUT,K100,Exception('timeout_or_slo_miss: completed=64/100 errors=36 elapsed_ms=1210.1'),1
FANOUT,K100,Exception('timeout_or_slo_miss: completed=70/100 errors=30 elapsed_ms=1135.6'),1
FANOUT,K100,Exception('timeout_or_slo_miss: completed=66/100 errors=24 elapsed_ms=2192.2'),1
FANOUT,K100,Exception('timeout_or_slo_miss: completed=59/100 errors=41 elapsed_ms=1504.1'),1
FANOUT,K100,Exception('timeout_or_slo_miss: completed=67/100 errors=33 elapsed_ms=1188.0'),1
FANOUT,K100,Exception('timeout_or_slo_miss: completed=77/100 errors=23 elapsed_ms=1002.8'),1
FANOUT,K100,Exception('timeout_or_slo_miss: completed=70/100 errors=30 elapsed_ms=1147.8'),1
FANOUT,K100,Exception('timeout_or_slo_miss: completed=67/100 errors=33 elapsed_ms=1257.3'),1
FANOUT,K100,Exception('timeout_or_slo_miss: completed=72/100 errors=18 elapsed_ms=2039.0'),1
FANOUT,K100,Exception('timeout_or_slo_miss: completed=56/100 errors=44 elapsed_ms=1528.5'),1
FANOUT,K100,Exception('timeout_or_slo_miss: completed=68/100 errors=32 elapsed_ms=1144.3'),1
FANOUT,K100,Exception('timeout_or_slo_miss: completed=70/100 errors=30 elapsed_ms=1118.9'),1
FANOUT,K100,Exception('timeout_or_slo_miss: completed=69/100 errors=31 elapsed_ms=1109.0'),1
FANOUT,K100,Exception('timeout_or_slo_miss: completed=68/100 errors=32 elapsed_ms=1128.8'),1
FANOUT,K100,Exception('timeout_or_slo_miss: completed=72/100 errors=28 elapsed_ms=1144.8'),1
FANOUT,K100,Exception('timeout_or_slo_miss: completed=68/100 errors=32 elapsed_ms=1158.9'),2
FANOUT,K100,Exception('timeout_or_slo_miss: completed=66/100 errors=34 elapsed_ms=1216.5'),1
FANOUT,K100,Exception('timeout_or_slo_miss: completed=63/100 errors=37 elapsed_ms=1311.0'),1
FANOUT,K100,Exception('timeout_or_slo_miss: completed=62/100 errors=38 elapsed_ms=1316.1'),1
FANOUT,K100,Exception('timeout_or_slo_miss: completed=66/100 errors=34 elapsed_ms=1277.7'),1
FANOUT,K100,Exception('timeout_or_slo_miss: completed=67/100 errors=33 elapsed_ms=1168.6'),1
FANOUT,K100,Exception('timeout_or_slo_miss: completed=62/100 errors=31 elapsed_ms=2142.3'),1
FANOUT,K100,Exception('timeout_or_slo_miss: completed=71/100 errors=29 elapsed_ms=1125.7'),2
FANOUT,K100,Exception('timeout_or_slo_miss: completed=67/100 errors=33 elapsed_ms=1159.1'),1
FANOUT,K100,Exception('timeout_or_slo_miss: completed=68/100 errors=25 elapsed_ms=2011.8'),1
FANOUT,K100,Exception('timeout_or_slo_miss: completed=63/100 errors=37 elapsed_ms=1367.5'),1
FANOUT,K100,Exception('timeout_or_slo_miss: completed=67/100 errors=23 elapsed_ms=2287.4'),1
FANOUT,K100,Exception('timeout_or_slo_miss: completed=61/100 errors=39 elapsed_ms=1316.4'),1
FANOUT,K100,Exception('timeout_or_slo_miss: completed=70/100 errors=30 elapsed_ms=1128.3'),1
FANOUT,K100,Exception('timeout_or_slo_miss: completed=65/100 errors=35 elapsed_ms=1233.2'),1
FANOUT,K100,Exception('timeout_or_slo_miss: completed=65/100 errors=35 elapsed_ms=1215.0'),1
FANOUT,K100,Exception('timeout_or_slo_miss: completed=71/100 errors=29 elapsed_ms=1119.7'),1
FANOUT,K100,Exception('timeout_or_slo_miss: completed=60/100 errors=40 elapsed_ms=1403.0'),1
FANOUT,K100,Exception('timeout_or_slo_miss: completed=64/100 errors=36 elapsed_ms=1168.6'),1
FANOUT,K100,Exception('timeout_or_slo_miss: completed=73/100 errors=27 elapsed_ms=1078.4'),1
FANOUT,K100,Exception('timeout_or_slo_miss: completed=68/100 errors=32 elapsed_ms=1165.2'),1
FANOUT,K100,Exception('timeout_or_slo_miss: completed=64/100 errors=36 elapsed_ms=1233.5'),1
FANOUT,K100,Exception('timeout_or_slo_miss: completed=74/100 errors=26 elapsed_ms=1027.5'),1
FANOUT,K100,Exception('timeout_or_slo_miss: completed=63/100 errors=37 elapsed_ms=1282.3'),1
FANOUT,K100,Exception('timeout_or_slo_miss: completed=66/100 errors=34 elapsed_ms=1252.8'),1
FANOUT,K100,Exception('timeout_or_slo_miss: completed=70/100 errors=23 elapsed_ms=1928.4'),1
FANOUT,K100,Exception('timeout_or_slo_miss: completed=61/100 errors=39 elapsed_ms=1292.8'),1
FANOUT,K100,Exception('timeout_or_slo_miss: completed=72/100 errors=28 elapsed_ms=1107.2'),1
FANOUT,K100,Exception('timeout_or_slo_miss: completed=70/100 errors=30 elapsed_ms=1139.1'),1
FANOUT,K100,Exception('timeout_or_slo_miss: completed=70/100 errors=30 elapsed_ms=1150.2'),1
FANOUT,K100,Exception('timeout_or_slo_miss: completed=62/100 errors=38 elapsed_ms=1390.8'),1
FANOUT,K100,Exception('timeout_or_slo_miss: completed=64/100 errors=36 elapsed_ms=1232.0'),1
FANOUT,K100,Exception('timeout_or_slo_miss: completed=72/100 errors=28 elapsed_ms=1155.5'),1
FANOUT,K100,Exception('timeout_or_slo_miss: completed=61/100 errors=39 elapsed_ms=1503.4'),1
FANOUT,K100,Exception('timeout_or_slo_miss: completed=65/100 errors=35 elapsed_ms=1258.4'),1
FANOUT,K100,Exception('timeout_or_slo_miss: completed=67/100 errors=33 elapsed_ms=1178.9'),1
FANOUT,K100,Exception('timeout_or_slo_miss: completed=62/100 errors=38 elapsed_ms=1307.3'),1
FANOUT,K100,Exception('timeout_or_slo_miss: completed=70/100 errors=30 elapsed_ms=1149.7'),1
FANOUT,K100,Exception('timeout_or_slo_miss: completed=70/100 errors=30 elapsed_ms=1164.8'),1
FANOUT,K100,Exception('timeout_or_slo_miss: completed=76/100 errors=24 elapsed_ms=1013.8'),1
FANOUT,K100,Exception('timeout_or_slo_miss: completed=63/100 errors=37 elapsed_ms=1226.1'),1
FANOUT,K100,Exception('timeout_or_slo_miss: completed=65/100 errors=35 elapsed_ms=1165.6'),1
FANOUT,K100,Exception('timeout_or_slo_miss: completed=73/100 errors=27 elapsed_ms=1116.6'),1
FANOUT,K100,Exception('timeout_or_slo_miss: completed=57/100 errors=43 elapsed_ms=1507.7'),1
FANOUT,K100,Exception('timeout_or_slo_miss: completed=69/100 errors=31 elapsed_ms=1151.1'),1
FANOUT,K100,Exception('timeout_or_slo_miss: completed=67/100 errors=33 elapsed_ms=1192.7'),1
FANOUT,K100,Exception('timeout_or_slo_miss: completed=74/100 errors=26 elapsed_ms=1012.4'),1
FANOUT,K100,Exception('timeout_or_slo_miss: completed=72/100 errors=28 elapsed_ms=1152.1'),1
FANOUT,K100,Exception('timeout_or_slo_miss: completed=67/100 errors=16 elapsed_ms=5626.3'),1
FANOUT,K100,Exception('timeout_or_slo_miss: completed=65/100 errors=25 elapsed_ms=2298.7'),1
FANOUT,K100,Exception('timeout_or_slo_miss: completed=61/100 errors=32 elapsed_ms=2291.2'),1
FANOUT,K100,Exception('timeout_or_slo_miss: completed=81/100 errors=19 elapsed_ms=1007.6'),1
FANOUT,K100,Exception('timeout_or_slo_miss: completed=69/100 errors=31 elapsed_ms=1139.4'),2
FANOUT,K100,Exception('timeout_or_slo_miss: completed=66/100 errors=34 elapsed_ms=1135.0'),1
FANOUT,K100,Exception('timeout_or_slo_miss: completed=71/100 errors=29 elapsed_ms=1103.3'),1
FANOUT,K100,Exception('timeout_or_slo_miss: completed=75/100 errors=25 elapsed_ms=1125.4'),1
FANOUT,K100,Exception('timeout_or_slo_miss: completed=65/100 errors=35 elapsed_ms=1177.2'),1
FANOUT,K100,Exception('timeout_or_slo_miss: completed=73/100 errors=27 elapsed_ms=1131.5'),1
FANOUT,K100,Exception('timeout_or_slo_miss: completed=74/100 errors=26 elapsed_ms=1027.8'),1
FANOUT,K100,Exception('timeout_or_slo_miss: completed=69/100 errors=31 elapsed_ms=1147.4'),1
FANOUT,K100,Exception('timeout_or_slo_miss: completed=66/100 errors=34 elapsed_ms=1229.4'),1
FANOUT,K100,Exception('timeout_or_slo_miss: completed=63/100 errors=37 elapsed_ms=1275.8'),2
FANOUT,K100,Exception('timeout_or_slo_miss: completed=69/100 errors=31 elapsed_ms=1189.2'),1
FANOUT,K100,Exception('timeout_or_slo_miss: completed=67/100 errors=33 elapsed_ms=1165.3'),2
FANOUT,K100,Exception('timeout_or_slo_miss: completed=71/100 errors=22 elapsed_ms=1807.8'),1
FANOUT,K100,Exception('timeout_or_slo_miss: completed=60/100 errors=40 elapsed_ms=1497.2'),1
FANOUT,K100,Exception('timeout_or_slo_miss: completed=65/100 errors=35 elapsed_ms=1271.4'),1
FANOUT,K100,Exception('timeout_or_slo_miss: completed=70/100 errors=30 elapsed_ms=1136.0'),1
FANOUT,K100,Exception('timeout_or_slo_miss: completed=65/100 errors=35 elapsed_ms=1216.9'),1
FANOUT,K100,Exception('timeout_or_slo_miss: completed=64/100 errors=36 elapsed_ms=1226.7'),1
FANOUT,K100,Exception('timeout_or_slo_miss: completed=69/100 errors=31 elapsed_ms=1164.6'),3
FANOUT,K100,Exception('timeout_or_slo_miss: completed=64/100 errors=29 elapsed_ms=2165.7'),1
FANOUT,K100,Exception('timeout_or_slo_miss: completed=63/100 errors=37 elapsed_ms=1381.6'),1
FANOUT,K100,Exception('timeout_or_slo_miss: completed=71/100 errors=29 elapsed_ms=1139.3'),1
FANOUT,K100,Exception('timeout_or_slo_miss: completed=70/100 errors=30 elapsed_ms=1016.1'),1
FANOUT,K100,Exception('timeout_or_slo_miss: completed=63/100 errors=37 elapsed_ms=1293.3'),1
FANOUT,K100,Exception('timeout_or_slo_miss: completed=67/100 errors=23 elapsed_ms=2207.6'),1
FANOUT,K100,Exception('timeout_or_slo_miss: completed=68/100 errors=32 elapsed_ms=1145.8'),2
FANOUT,K100,Exception('timeout_or_slo_miss: completed=67/100 errors=33 elapsed_ms=1207.4'),1
FANOUT,K100,Exception('timeout_or_slo_miss: completed=61/100 errors=39 elapsed_ms=1411.8'),1
FANOUT,K100,Exception('timeout_or_slo_miss: completed=66/100 errors=27 elapsed_ms=2012.2'),1
FANOUT,K100,Exception('timeout_or_slo_miss: completed=67/100 errors=26 elapsed_ms=2095.2'),1
FANOUT,K100,Exception('timeout_or_slo_miss: completed=63/100 errors=37 elapsed_ms=1234.5'),1
FANOUT,K100,Exception('timeout_or_slo_miss: completed=69/100 errors=24 elapsed_ms=1938.7'),1
FANOUT,K100,Exception('timeout_or_slo_miss: completed=76/100 errors=14 elapsed_ms=1915.0'),1
FANOUT,K100,Exception('timeout_or_slo_miss: completed=66/100 errors=34 elapsed_ms=1249.4'),1
FANOUT,K100,Exception('timeout_or_slo_miss: completed=65/100 errors=28 elapsed_ms=2145.4'),1
FANOUT,K100,Exception('timeout_or_slo_miss: completed=71/100 errors=29 elapsed_ms=1168.4'),1
FANOUT,K100,Exception('timeout_or_slo_miss: completed=66/100 errors=24 elapsed_ms=2253.8'),1
FANOUT,K100,Exception('timeout_or_slo_miss: completed=64/100 errors=26 elapsed_ms=2352.6'),1
FANOUT,K100,Exception('timeout_or_slo_miss: completed=63/100 errors=37 elapsed_ms=1323.8'),1
FANOUT,K100,Exception('timeout_or_slo_miss: completed=70/100 errors=30 elapsed_ms=1109.4'),1
FANOUT,K100,Exception('timeout_or_slo_miss: completed=70/100 errors=30 elapsed_ms=1113.0'),1
FANOUT,K100,Exception('timeout_or_slo_miss: completed=67/100 errors=33 elapsed_ms=1224.9'),1
FANOUT,K100,Exception('timeout_or_slo_miss: completed=62/100 errors=31 elapsed_ms=2244.9'),1
FANOUT,K100,Exception('timeout_or_slo_miss: completed=73/100 errors=27 elapsed_ms=1094.2'),1
FANOUT,K100,Exception('timeout_or_slo_miss: completed=58/100 errors=42 elapsed_ms=1504.5'),1
FANOUT,K100,Exception('timeout_or_slo_miss: completed=67/100 errors=33 elapsed_ms=1206.3'),1
FANOUT,K100,Exception('timeout_or_slo_miss: completed=62/100 errors=38 elapsed_ms=1345.5'),1
FANOUT,K100,Exception('timeout_or_slo_miss: completed=61/100 errors=39 elapsed_ms=1476.2'),1
FANOUT,K100,Exception('timeout_or_slo_miss: completed=68/100 errors=32 elapsed_ms=1132.9'),2
FANOUT,K100,Exception('timeout_or_slo_miss: completed=65/100 errors=35 elapsed_ms=1278.5'),1
FANOUT,K100,Exception('timeout_or_slo_miss: completed=65/100 errors=35 elapsed_ms=1262.6'),1
FANOUT,K100,Exception('timeout_or_slo_miss: completed=68/100 errors=32 elapsed_ms=1170.9'),2
FANOUT,K100,Exception('timeout_or_slo_miss: completed=67/100 errors=23 elapsed_ms=2243.2'),1
FANOUT,K100,Exception('timeout_or_slo_miss: completed=64/100 errors=36 elapsed_ms=1238.5'),1
FANOUT,K100,Exception('timeout_or_slo_miss: completed=71/100 errors=22 elapsed_ms=1822.2'),1
FANOUT,K100,Exception('timeout_or_slo_miss: completed=74/100 errors=26 elapsed_ms=1015.8'),1
FANOUT,K100,Exception('timeout_or_slo_miss: completed=61/100 errors=39 elapsed_ms=1504.3'),1
FANOUT,K100,Exception('timeout_or_slo_miss: completed=63/100 errors=37 elapsed_ms=1194.5'),1
FANOUT,K100,Exception('timeout_or_slo_miss: completed=64/100 errors=36 elapsed_ms=1361.0'),1
FANOUT,K100,Exception('timeout_or_slo_miss: completed=68/100 errors=32 elapsed_ms=1130.8'),1
FANOUT,K100,Exception('timeout_or_slo_miss: completed=69/100 errors=21 elapsed_ms=2135.3'),1
FANOUT,K100,Exception('timeout_or_slo_miss: completed=64/100 errors=36 elapsed_ms=1304.2'),1
FANOUT,K100,Exception('timeout_or_slo_miss: completed=71/100 errors=29 elapsed_ms=1132.6'),1
FANOUT,K100,Exception('timeout_or_slo_miss: completed=65/100 errors=35 elapsed_ms=1249.1'),2
FANOUT,K100,Exception('timeout_or_slo_miss: completed=68/100 errors=32 elapsed_ms=1159.7'),1
FANOUT,K100,Exception('timeout_or_slo_miss: completed=63/100 errors=37 elapsed_ms=1388.5'),1
FANOUT,K100,Exception('timeout_or_slo_miss: completed=68/100 errors=32 elapsed_ms=1126.4'),1
FANOUT,K100,Exception('timeout_or_slo_miss: completed=64/100 errors=36 elapsed_ms=1211.6'),1
FANOUT,K100,Exception('timeout_or_slo_miss: completed=67/100 errors=33 elapsed_ms=1174.5'),1
FANOUT,K100,Exception('timeout_or_slo_miss: completed=62/100 errors=38 elapsed_ms=1290.6'),1
FANOUT,K100,Exception('timeout_or_slo_miss: completed=72/100 errors=28 elapsed_ms=1137.3'),1
FANOUT,K100,Exception('timeout_or_slo_miss: completed=74/100 errors=26 elapsed_ms=1117.0'),1
FANOUT,K100,Exception('timeout_or_slo_miss: completed=66/100 errors=34 elapsed_ms=1244.1'),1
FANOUT,K100,Exception('timeout_or_slo_miss: completed=62/100 errors=31 elapsed_ms=2148.2'),1
FANOUT,K100,Exception('timeout_or_slo_miss: completed=63/100 errors=37 elapsed_ms=1362.9'),1
FANOUT,K100,Exception('timeout_or_slo_miss: completed=76/100 errors=24 elapsed_ms=1021.9'),1
FANOUT,K100,Exception('timeout_or_slo_miss: completed=63/100 errors=37 elapsed_ms=1283.2'),1
FANOUT,K100,Exception('timeout_or_slo_miss: completed=61/100 errors=39 elapsed_ms=1412.5'),1
FANOUT,K100,Exception('timeout_or_slo_miss: completed=58/100 errors=32 elapsed_ms=2614.4'),1
FANOUT,K100,Exception('timeout_or_slo_miss: completed=62/100 errors=31 elapsed_ms=2183.2'),1
FANOUT,K100,Exception('timeout_or_slo_miss: completed=68/100 errors=22 elapsed_ms=2135.9'),1
FANOUT,K100,Exception('timeout_or_slo_miss: completed=64/100 errors=36 elapsed_ms=1238.6'),1
FANOUT,K100,Exception('timeout_or_slo_miss: completed=66/100 errors=34 elapsed_ms=1166.0'),2
FANOUT,K100,Exception('timeout_or_slo_miss: completed=71/100 errors=29 elapsed_ms=1128.2'),1
FANOUT,K100,Exception('timeout_or_slo_miss: completed=65/100 errors=28 elapsed_ms=2097.3'),1
FANOUT,K100,Exception('timeout_or_slo_miss: completed=67/100 errors=26 elapsed_ms=2084.8'),1
FANOUT,K100,Exception('timeout_or_slo_miss: completed=72/100 errors=28 elapsed_ms=1077.7'),1
FANOUT,K100,Exception('timeout_or_slo_miss: completed=57/100 errors=43 elapsed_ms=1505.1'),2
FANOUT,K100,Exception('timeout_or_slo_miss: completed=77/100 errors=23 elapsed_ms=1005.6'),1
FANOUT,K100,Exception('timeout_or_slo_miss: completed=69/100 errors=31 elapsed_ms=1173.9'),1
FANOUT,K100,Exception('timeout_or_slo_miss: completed=63/100 errors=37 elapsed_ms=1280.0'),1
FANOUT,K100,Exception('timeout_or_slo_miss: completed=70/100 errors=30 elapsed_ms=1167.4'),1
FANOUT,K100,Exception('timeout_or_slo_miss: completed=68/100 errors=32 elapsed_ms=1102.7'),2
FANOUT,K100,Exception('timeout_or_slo_miss: completed=68/100 errors=32 elapsed_ms=1202.5'),1
FANOUT,K100,Exception('timeout_or_slo_miss: completed=62/100 errors=28 elapsed_ms=2596.0'),1
FANOUT,K100,Exception('timeout_or_slo_miss: completed=63/100 errors=37 elapsed_ms=1276.4'),1
FANOUT,K100,Exception('timeout_or_slo_miss: completed=68/100 errors=32 elapsed_ms=1138.3'),1
FANOUT,K100,Exception('timeout_or_slo_miss: completed=71/100 errors=19 elapsed_ms=2063.5'),1
FANOUT,K100,Exception('timeout_or_slo_miss: completed=63/100 errors=30 elapsed_ms=2150.5'),1
FANOUT,K100,Exception('timeout_or_slo_miss: completed=62/100 errors=38 elapsed_ms=1264.6'),1
FANOUT,K100,Exception('timeout_or_slo_miss: completed=73/100 errors=27 elapsed_ms=1126.9'),1
FANOUT,K100,Exception('timeout_or_slo_miss: completed=64/100 errors=26 elapsed_ms=2274.9'),1
FANOUT,K100,Exception('timeout_or_slo_miss: completed=67/100 errors=33 elapsed_ms=1261.4'),1
FANOUT,K100,Exception('timeout_or_slo_miss: completed=33/100 errors=53 elapsed_ms=20266.4'),1
FANOUT,K100,Exception('timeout_or_slo_miss: completed=66/100 errors=34 elapsed_ms=1295.9'),1
FANOUT,K100,Exception('timeout_or_slo_miss: completed=64/100 errors=36 elapsed_ms=1160.4'),1
FANOUT,K100,Exception('timeout_or_slo_miss: completed=71/100 errors=29 elapsed_ms=1115.5'),1
FANOUT,K100,Exception('timeout_or_slo_miss: completed=65/100 errors=35 elapsed_ms=1270.8'),1
FANOUT,K100,Exception('timeout_or_slo_miss: completed=50/100 errors=50 elapsed_ms=1624.6'),1
FANOUT,K100,Exception('timeout_or_slo_miss: completed=72/100 errors=28 elapsed_ms=1008.5'),1
FANOUT,K100,Exception('timeout_or_slo_miss: completed=60/100 errors=40 elapsed_ms=1503.9'),2
FANOUT,K100,Exception('timeout_or_slo_miss: completed=70/100 errors=30 elapsed_ms=1087.3'),1
FANOUT,K100,Exception('timeout_or_slo_miss: completed=73/100 errors=27 elapsed_ms=1145.0'),1
FANOUT,K100,Exception('timeout_or_slo_miss: completed=69/100 errors=31 elapsed_ms=1161.4'),1
FANOUT,K100,Exception('timeout_or_slo_miss: completed=60/100 errors=40 elapsed_ms=1440.2'),1
FANOUT,K100,Exception('timeout_or_slo_miss: completed=68/100 errors=25 elapsed_ms=2017.2'),1
FANOUT,K100,Exception('timeout_or_slo_miss: completed=68/100 errors=32 elapsed_ms=1137.0'),1
FANOUT,K100,Exception('timeout_or_slo_miss: completed=64/100 errors=26 elapsed_ms=2206.3'),1
FANOUT,K100,Exception('timeout_or_slo_miss: completed=72/100 errors=28 elapsed_ms=1117.7'),1
FANOUT,K100,Exception('timeout_or_slo_miss: completed=66/100 errors=34 elapsed_ms=1188.4'),2
FANOUT,K100,Exception('timeout_or_slo_miss: completed=69/100 errors=31 elapsed_ms=1193.4'),1
FANOUT,K100,Exception('timeout_or_slo_miss: completed=68/100 errors=32 elapsed_ms=1155.1'),1
FANOUT,K100,Exception('timeout_or_slo_miss: completed=62/100 errors=38 elapsed_ms=1242.3'),1
FANOUT,K100,Exception('timeout_or_slo_miss: completed=67/100 errors=33 elapsed_ms=1143.4'),1
FANOUT,K100,Exception('timeout_or_slo_miss: completed=61/100 errors=39 elapsed_ms=1414.8'),1
FANOUT,K100,Exception('timeout_or_slo_miss: completed=70/100 errors=30 elapsed_ms=1112.1'),1
FANOUT,K100,Exception('timeout_or_slo_miss: completed=77/100 errors=23 elapsed_ms=1020.3'),1
FANOUT,K100,Exception('timeout_or_slo_miss: completed=63/100 errors=37 elapsed_ms=1220.0'),1
FANOUT,K100,Exception('timeout_or_slo_miss: completed=63/100 errors=37 elapsed_ms=1242.7'),1
FANOUT,K100,Exception('timeout_or_slo_miss: completed=64/100 errors=29 elapsed_ms=2166.7'),1
FANOUT,K100,Exception('timeout_or_slo_miss: completed=74/100 errors=26 elapsed_ms=1122.4'),2
FANOUT,K100,Exception('timeout_or_slo_miss: completed=71/100 errors=29 elapsed_ms=1152.6'),1
FANOUT,K100,Exception('timeout_or_slo_miss: completed=68/100 errors=32 elapsed_ms=1147.1'),1
FANOUT,K100,Exception('timeout_or_slo_miss: completed=65/100 errors=35 elapsed_ms=1209.8'),1
FANOUT,K100,Exception('timeout_or_slo_miss: completed=65/100 errors=35 elapsed_ms=1244.7'),1
FANOUT,K100,Exception('timeout_or_slo_miss: completed=64/100 errors=36 elapsed_ms=1257.2'),1
FANOUT,K100,Exception('timeout_or_slo_miss: completed=58/100 errors=42 elapsed_ms=1504.3'),1
FANOUT,K100,Exception('timeout_or_slo_miss: completed=66/100 errors=34 elapsed_ms=1158.5'),1
FANOUT,K100,Exception('timeout_or_slo_miss: completed=64/100 errors=36 elapsed_ms=1216.3'),1
FANOUT,K100,Exception('timeout_or_slo_miss: completed=62/100 errors=38 elapsed_ms=1427.7'),1
FANOUT,K100,Exception('timeout_or_slo_miss: completed=57/100 errors=43 elapsed_ms=1508.5'),1
FANOUT,K100,Exception('timeout_or_slo_miss: completed=72/100 errors=28 elapsed_ms=1067.2'),1
FANOUT,K100,Exception('timeout_or_slo_miss: completed=67/100 errors=33 elapsed_ms=1161.0'),1
FANOUT,K100,Exception('timeout_or_slo_miss: completed=69/100 errors=31 elapsed_ms=1094.2'),1
FANOUT,K100,Exception('timeout_or_slo_miss: completed=64/100 errors=36 elapsed_ms=1236.4'),1
FANOUT,K100,Exception('timeout_or_slo_miss: completed=68/100 errors=32 elapsed_ms=1224.5'),1
FANOUT,K100,Exception('timeout_or_slo_miss: completed=64/100 errors=36 elapsed_ms=1243.7'),1
FANOUT,K100,Exception('timeout_or_slo_miss: completed=67/100 errors=26 elapsed_ms=2110.1'),1
FANOUT,K100,Exception('timeout_or_slo_miss: completed=74/100 errors=26 elapsed_ms=1013.5'),1
FANOUT,K100,Exception('timeout_or_slo_miss: completed=61/100 errors=39 elapsed_ms=1368.8'),1
FANOUT,K100,Exception('timeout_or_slo_miss: completed=54/100 errors=29 elapsed_ms=13583.2'),1
FANOUT,K100,Exception('timeout_or_slo_miss: completed=63/100 errors=37 elapsed_ms=1269.6'),1
FANOUT,K100,Exception('timeout_or_slo_miss: completed=65/100 errors=35 elapsed_ms=1159.7'),1
FANOUT,K100,Exception('timeout_or_slo_miss: completed=71/100 errors=29 elapsed_ms=1129.1'),1
FANOUT,K100,Exception('timeout_or_slo_miss: completed=68/100 errors=25 elapsed_ms=1902.5'),1
FANOUT,K100,Exception('timeout_or_slo_miss: completed=58/100 errors=42 elapsed_ms=1503.4'),2
FANOUT,K100,Exception('timeout_or_slo_miss: completed=61/100 errors=39 elapsed_ms=1503.5'),1
FANOUT,K100,Exception('timeout_or_slo_miss: completed=71/100 errors=29 elapsed_ms=1126.9'),1
FANOUT,K100,Exception('timeout_or_slo_miss: completed=59/100 errors=41 elapsed_ms=1503.9'),5
FANOUT,K100,Exception('timeout_or_slo_miss: completed=66/100 errors=34 elapsed_ms=1260.2'),1
FANOUT,K100,Exception('timeout_or_slo_miss: completed=63/100 errors=37 elapsed_ms=1290.8'),1
FANOUT,K100,Exception('timeout_or_slo_miss: completed=70/100 errors=23 elapsed_ms=1983.9'),1
FANOUT,K100,Exception('timeout_or_slo_miss: completed=61/100 errors=29 elapsed_ms=2548.0'),1
FANOUT,K100,Exception('timeout_or_slo_miss: completed=70/100 errors=30 elapsed_ms=1144.6'),1
FANOUT,K100,Exception('timeout_or_slo_miss: completed=62/100 errors=31 elapsed_ms=2136.2'),1
FANOUT,K100,Exception('timeout_or_slo_miss: completed=60/100 errors=40 elapsed_ms=1342.9'),1
FANOUT,K100,Exception('timeout_or_slo_miss: completed=79/100 errors=21 elapsed_ms=1002.5'),1
FANOUT,K100,Exception('timeout_or_slo_miss: completed=73/100 errors=27 elapsed_ms=1143.3'),1
FANOUT,K100,Exception('timeout_or_slo_miss: completed=58/100 errors=42 elapsed_ms=1504.2'),1
FANOUT,K100,Exception('timeout_or_slo_miss: completed=64/100 errors=26 elapsed_ms=2333.8'),1
FANOUT,K100,Exception('timeout_or_slo_miss: completed=65/100 errors=35 elapsed_ms=1171.5'),1
FANOUT,K100,Exception('timeout_or_slo_miss: completed=66/100 errors=34 elapsed_ms=1232.5'),1
FANOUT,K100,Exception('timeout_or_slo_miss: completed=62/100 errors=28 elapsed_ms=2455.1'),1
FANOUT,K100,Exception('timeout_or_slo_miss: completed=58/100 errors=42 elapsed_ms=1504.9'),3
FANOUT,K100,Exception('timeout_or_slo_miss: completed=70/100 errors=30 elapsed_ms=1126.7'),2
FANOUT,K100,Exception('timeout_or_slo_miss: completed=66/100 errors=34 elapsed_ms=1207.2'),1
FANOUT,K100,Exception('timeout_or_slo_miss: completed=63/100 errors=27 elapsed_ms=2355.7'),1
FANOUT,K100,Exception('timeout_or_slo_miss: completed=59/100 errors=41 elapsed_ms=1513.5'),1
FANOUT,K100,Exception('timeout_or_slo_miss: completed=68/100 errors=32 elapsed_ms=1148.0'),1
FANOUT,K100,Exception('timeout_or_slo_miss: completed=69/100 errors=31 elapsed_ms=1213.8'),1
FANOUT,K100,Exception('timeout_or_slo_miss: completed=69/100 errors=31 elapsed_ms=1023.2'),1
FANOUT,K100,Exception('timeout_or_slo_miss: completed=72/100 errors=28 elapsed_ms=1097.8'),1
FANOUT,K100,Exception('timeout_or_slo_miss: completed=64/100 errors=36 elapsed_ms=1359.1'),1
FANOUT,K100,Exception('timeout_or_slo_miss: completed=64/100 errors=36 elapsed_ms=1211.1'),1
FANOUT,K100,Exception('timeout_or_slo_miss: completed=63/100 errors=37 elapsed_ms=1217.8'),1
FANOUT,K100,Exception('timeout_or_slo_miss: completed=70/100 errors=30 elapsed_ms=1154.1'),1
FANOUT,K100,Exception('timeout_or_slo_miss: completed=69/100 errors=31 elapsed_ms=1226.5'),1
FANOUT,K100,Exception('timeout_or_slo_miss: completed=62/100 errors=38 elapsed_ms=1241.9'),1
FANOUT,K100,Exception('timeout_or_slo_miss: completed=64/100 errors=36 elapsed_ms=1242.9'),1
FANOUT,K100,Exception('timeout_or_slo_miss: completed=63/100 errors=37 elapsed_ms=1458.0'),1
FANOUT,K100,Exception('timeout_or_slo_miss: completed=61/100 errors=39 elapsed_ms=1355.0'),1
FANOUT,K100,Exception('timeout_or_slo_miss: completed=66/100 errors=34 elapsed_ms=1184.3'),1
FANOUT,K100,Exception('timeout_or_slo_miss: completed=69/100 errors=31 elapsed_ms=1102.5'),1
FANOUT,K100,Exception('timeout_or_slo_miss: completed=67/100 errors=33 elapsed_ms=1140.5'),1
FANOUT,K100,Exception('timeout_or_slo_miss: completed=67/100 errors=33 elapsed_ms=1263.6'),1
FANOUT,K100,Exception('timeout_or_slo_miss: completed=63/100 errors=37 elapsed_ms=1251.5'),1
FANOUT,K100,Exception('timeout_or_slo_miss: completed=61/100 errors=32 elapsed_ms=2142.3'),1
FANOUT,K100,Exception('timeout_or_slo_miss: completed=71/100 errors=29 elapsed_ms=1162.3'),1
FANOUT,K100,Exception('timeout_or_slo_miss: completed=70/100 errors=30 elapsed_ms=1103.4'),1
FANOUT,K100,Exception('timeout_or_slo_miss: completed=61/100 errors=39 elapsed_ms=1402.2'),1
FANOUT,K100,Exception('timeout_or_slo_miss: completed=65/100 errors=34 elapsed_ms=1980.9'),1
FANOUT,K100,Exception('timeout_or_slo_miss: completed=68/100 errors=32 elapsed_ms=1206.6'),1
FANOUT,K100,Exception('timeout_or_slo_miss: completed=67/100 errors=33 elapsed_ms=1214.6'),1
FANOUT,K100,Exception('timeout_or_slo_miss: completed=63/100 errors=37 elapsed_ms=1227.7'),1
FANOUT,K100,Exception('timeout_or_slo_miss: completed=68/100 errors=25 elapsed_ms=1947.7'),1
FANOUT,K100,Exception('timeout_or_slo_miss: completed=58/100 errors=42 elapsed_ms=1892.0'),1
FANOUT,K100,Exception('timeout_or_slo_miss: completed=65/100 errors=35 elapsed_ms=1368.6'),1
FANOUT,K100,Exception('timeout_or_slo_miss: completed=74/100 errors=16 elapsed_ms=1858.8'),1
FANOUT,K100,Exception('timeout_or_slo_miss: completed=60/100 errors=40 elapsed_ms=1450.2'),1
FANOUT,K100,Exception('timeout_or_slo_miss: completed=74/100 errors=26 elapsed_ms=1122.3'),1
FANOUT,K100,Exception('timeout_or_slo_miss: completed=74/100 errors=26 elapsed_ms=1018.9'),1
FANOUT,K100,Exception('timeout_or_slo_miss: completed=58/100 errors=42 elapsed_ms=1503.8'),1
FANOUT,K100,Exception('timeout_or_slo_miss: completed=60/100 errors=40 elapsed_ms=1418.3'),1
FANOUT,K100,Exception('timeout_or_slo_miss: completed=64/100 errors=36 elapsed_ms=1213.4'),1
FANOUT,K100,Exception('timeout_or_slo_miss: completed=72/100 errors=28 elapsed_ms=1153.3'),1
FANOUT,K100,Exception('timeout_or_slo_miss: completed=72/100 errors=28 elapsed_ms=1126.0'),1
FANOUT,K100,Exception('timeout_or_slo_miss: completed=65/100 errors=35 elapsed_ms=1261.7'),1
FANOUT,K100,Exception('timeout_or_slo_miss: completed=77/100 errors=23 elapsed_ms=1013.8'),1
FANOUT,K100,Exception('timeout_or_slo_miss: completed=65/100 errors=35 elapsed_ms=1185.4'),1
FANOUT,K100,Exception('timeout_or_slo_miss: completed=70/100 errors=30 elapsed_ms=1180.5'),2
FANOUT,K100,Exception('timeout_or_slo_miss: completed=74/100 errors=19 elapsed_ms=1823.8'),1
FANOUT,K100,Exception('timeout_or_slo_miss: completed=65/100 errors=35 elapsed_ms=1294.0'),1
FANOUT,K100,Exception('timeout_or_slo_miss: completed=66/100 errors=34 elapsed_ms=1176.6'),1
FANOUT,K100,Exception('timeout_or_slo_miss: completed=61/100 errors=39 elapsed_ms=1507.5'),1
FANOUT,K100,Exception('timeout_or_slo_miss: completed=65/100 errors=35 elapsed_ms=1204.3'),1
FANOUT,K100,Exception('timeout_or_slo_miss: completed=70/100 errors=30 elapsed_ms=1151.3'),1
FANOUT,K100,Exception('timeout_or_slo_miss: completed=68/100 errors=25 elapsed_ms=2007.3'),1
FANOUT,K100,Exception('timeout_or_slo_miss: completed=66/100 errors=34 elapsed_ms=1214.8'),1
FANOUT,K100,Exception('timeout_or_slo_miss: completed=69/100 errors=31 elapsed_ms=1233.2'),1
FANOUT,K100,Exception('timeout_or_slo_miss: completed=64/100 errors=29 elapsed_ms=2151.1'),1
FANOUT,K100,Exception('timeout_or_slo_miss: completed=66/100 errors=34 elapsed_ms=1230.5'),1
FANOUT,K100,Exception('timeout_or_slo_miss: completed=71/100 errors=29 elapsed_ms=1118.7'),1
FANOUT,K100,Exception('timeout_or_slo_miss: completed=65/100 errors=35 elapsed_ms=1177.4'),1
FANOUT,K100,Exception('timeout_or_slo_miss: completed=68/100 errors=32 elapsed_ms=1211.6'),1
FANOUT,K100,Exception('timeout_or_slo_miss: completed=61/100 errors=39 elapsed_ms=1503.3'),1
FANOUT,K100,Exception('timeout_or_slo_miss: completed=69/100 errors=31 elapsed_ms=1113.8'),1
FANOUT,K100,Exception('timeout_or_slo_miss: completed=32/100 errors=50 elapsed_ms=18011.5'),1
FANOUT,K100,Exception('timeout_or_slo_miss: completed=70/100 errors=30 elapsed_ms=1112.5'),1
FANOUT,K100,Exception('timeout_or_slo_miss: completed=71/100 errors=29 elapsed_ms=1155.5'),1
FANOUT,K100,Exception('timeout_or_slo_miss: completed=69/100 errors=31 elapsed_ms=1175.1'),1
FANOUT,K100,Exception('timeout_or_slo_miss: completed=71/100 errors=29 elapsed_ms=1018.4'),1
FANOUT,K100,Exception('timeout_or_slo_miss: completed=60/100 errors=40 elapsed_ms=1382.2'),1
FANOUT,K100,Exception('timeout_or_slo_miss: completed=73/100 errors=27 elapsed_ms=1134.2'),1
FANOUT,K100,Exception('timeout_or_slo_miss: completed=34/100 errors=48 elapsed_ms=19916.5'),1
FANOUT,K100,Exception('timeout_or_slo_miss: completed=55/100 errors=45 elapsed_ms=1513.4'),1
FANOUT,K100,Exception('timeout_or_slo_miss: completed=68/100 errors=32 elapsed_ms=1141.0'),1
FANOUT,K100,Exception('timeout_or_slo_miss: completed=67/100 errors=26 elapsed_ms=2064.5'),1
FANOUT,K100,Exception('timeout_or_slo_miss: completed=62/100 errors=38 elapsed_ms=1300.3'),1
FANOUT,K100,Exception('timeout_or_slo_miss: completed=68/100 errors=32 elapsed_ms=1144.2'),1
FANOUT,K100,Exception('timeout_or_slo_miss: completed=70/100 errors=30 elapsed_ms=1019.4'),1
FANOUT,K100,Exception('timeout_or_slo_miss: completed=73/100 errors=27 elapsed_ms=1121.7'),2
FANOUT,K100,Exception('timeout_or_slo_miss: completed=69/100 errors=31 elapsed_ms=1103.0'),1
FANOUT,K100,Exception('timeout_or_slo_miss: completed=64/100 errors=36 elapsed_ms=1302.2'),1
FANOUT,K100,Exception('timeout_or_slo_miss: completed=81/100 errors=19 elapsed_ms=1013.7'),1
FANOUT,K100,Exception('timeout_or_slo_miss: completed=60/100 errors=40 elapsed_ms=1503.7'),1
FANOUT,K100,Exception('timeout_or_slo_miss: completed=71/100 errors=29 elapsed_ms=1170.9'),1
FANOUT,K100,Exception('timeout_or_slo_miss: completed=70/100 errors=30 elapsed_ms=1149.9'),1
FANOUT,K100,Exception('timeout_or_slo_miss: completed=68/100 errors=32 elapsed_ms=1021.4'),1
FANOUT,K100,Exception('timeout_or_slo_miss: completed=61/100 errors=39 elapsed_ms=1503.9'),1
FANOUT,K100,Exception('timeout_or_slo_miss: completed=63/100 errors=37 elapsed_ms=1230.1'),1
FANOUT,K100,Exception('timeout_or_slo_miss: completed=67/100 errors=33 elapsed_ms=1171.7'),1
FANOUT,K100,Exception('timeout_or_slo_miss: completed=59/100 errors=41 elapsed_ms=1517.7'),1
FANOUT,K100,Exception('timeout_or_slo_miss: completed=72/100 errors=28 elapsed_ms=1132.0'),1
FANOUT,K100,Exception('timeout_or_slo_miss: completed=70/100 errors=30 elapsed_ms=1134.7'),1
FANOUT,K100,Exception('timeout_or_slo_miss: completed=60/100 errors=40 elapsed_ms=1395.3'),1
FANOUT,K100,Exception('timeout_or_slo_miss: completed=69/100 errors=31 elapsed_ms=1163.8'),1
FANOUT,K100,Exception('timeout_or_slo_miss: completed=69/100 errors=31 elapsed_ms=1150.4'),1
FANOUT,K100,Exception('timeout_or_slo_miss: completed=70/100 errors=30 elapsed_ms=1151.1'),1
FANOUT,K100,Exception('timeout_or_slo_miss: completed=65/100 errors=35 elapsed_ms=1177.7'),1
FANOUT,K100,Exception('timeout_or_slo_miss: completed=68/100 errors=32 elapsed_ms=1101.1'),1
FANOUT,K100,Exception('timeout_or_slo_miss: completed=66/100 errors=34 elapsed_ms=1256.1'),1
FANOUT,K100,Exception('timeout_or_slo_miss: completed=59/100 errors=34 elapsed_ms=2199.3'),1
FANOUT,K100,Exception('timeout_or_slo_miss: completed=74/100 errors=26 elapsed_ms=1102.8'),1
FANOUT,K100,Exception('timeout_or_slo_miss: completed=60/100 errors=40 elapsed_ms=1470.0'),2
FANOUT,K100,Exception('timeout_or_slo_miss: completed=61/100 errors=39 elapsed_ms=1446.6'),1
FANOUT,K100,Exception('timeout_or_slo_miss: completed=63/100 errors=37 elapsed_ms=1315.8'),1
FANOUT,K100,Exception('timeout_or_slo_miss: completed=50/100 errors=50 elapsed_ms=1621.7'),1
FANOUT,K100,Exception('timeout_or_slo_miss: completed=69/100 errors=31 elapsed_ms=1144.8'),1
FANOUT,K100,Exception('timeout_or_slo_miss: completed=59/100 errors=41 elapsed_ms=1508.4'),1
FANOUT,K100,Exception('timeout_or_slo_miss: completed=70/100 errors=30 elapsed_ms=1096.6'),1
FANOUT,K100,Exception('timeout_or_slo_miss: completed=62/100 errors=38 elapsed_ms=1332.2'),1
FANOUT,K100,Exception('timeout_or_slo_miss: completed=68/100 errors=32 elapsed_ms=1135.6'),1
FANOUT,K100,Exception('timeout_or_slo_miss: completed=57/100 errors=43 elapsed_ms=1504.7'),1
FANOUT,K100,Exception('timeout_or_slo_miss: completed=60/100 errors=40 elapsed_ms=1504.4'),3
FANOUT,K100,Exception('timeout_or_slo_miss: completed=79/100 errors=21 elapsed_ms=1007.2'),1
FANOUT,K100,Exception('timeout_or_slo_miss: completed=69/100 errors=31 elapsed_ms=1183.5'),1
FANOUT,K100,Exception('timeout_or_slo_miss: completed=65/100 errors=28 elapsed_ms=2096.1'),1
FANOUT,K100,Exception('timeout_or_slo_miss: completed=30/100 errors=61 elapsed_ms=19538.1'),1
FANOUT,K100,Exception('timeout_or_slo_miss: completed=67/100 errors=33 elapsed_ms=1184.9'),1
FANOUT,K100,Exception('timeout_or_slo_miss: completed=66/100 errors=34 elapsed_ms=1155.5'),1
FANOUT,K100,Exception('timeout_or_slo_miss: completed=70/100 errors=30 elapsed_ms=1128.4'),1
FANOUT,K100,Exception('timeout_or_slo_miss: completed=70/100 errors=20 elapsed_ms=2037.9'),1
FANOUT,K100,Exception('timeout_or_slo_miss: completed=63/100 errors=37 elapsed_ms=1284.5'),1
FANOUT,K100,Exception('timeout_or_slo_miss: completed=78/100 errors=22 elapsed_ms=1094.5'),1
FANOUT,K100,Exception('timeout_or_slo_miss: completed=71/100 errors=29 elapsed_ms=1195.7'),1
FANOUT,K100,Exception('timeout_or_slo_miss: completed=66/100 errors=34 elapsed_ms=1145.8'),1
FANOUT,K100,Exception('timeout_or_slo_miss: completed=67/100 errors=32 elapsed_ms=1770.9'),1
FANOUT,K100,Exception('timeout_or_slo_miss: completed=64/100 errors=36 elapsed_ms=1208.5'),1
FANOUT,K100,Exception('timeout_or_slo_miss: completed=62/100 errors=38 elapsed_ms=1253.4'),1
FANOUT,K100,Exception('timeout_or_slo_miss: completed=73/100 errors=27 elapsed_ms=1116.7'),1
FANOUT,K100,Exception('timeout_or_slo_miss: completed=67/100 errors=33 elapsed_ms=1130.7'),1
FANOUT,K100,Exception('timeout_or_slo_miss: completed=66/100 errors=34 elapsed_ms=1149.4'),1
FANOUT,K100,Exception('timeout_or_slo_miss: completed=64/100 errors=36 elapsed_ms=1174.3'),1
FANOUT,K100,Exception('timeout_or_slo_miss: completed=64/100 errors=36 elapsed_ms=1252.4'),1
FANOUT,K100,Exception('timeout_or_slo_miss: completed=67/100 errors=33 elapsed_ms=1173.7'),1
FANOUT,K100,Exception('timeout_or_slo_miss: completed=66/100 errors=34 elapsed_ms=1138.9'),1
FANOUT,K100,Exception('timeout_or_slo_miss: completed=68/100 errors=32 elapsed_ms=1244.1'),1
FANOUT,K100,Exception('timeout_or_slo_miss: completed=65/100 errors=28 elapsed_ms=2130.0'),1
FANOUT,K100,Exception('timeout_or_slo_miss: completed=69/100 errors=31 elapsed_ms=1122.6'),1
FANOUT,K100,Exception('timeout_or_slo_miss: completed=71/100 errors=22 elapsed_ms=1941.7'),1
FANOUT,K100,Exception('timeout_or_slo_miss: completed=71/100 errors=29 elapsed_ms=1158.7'),1
FANOUT,K100,Exception('timeout_or_slo_miss: completed=61/100 errors=39 elapsed_ms=1291.6'),1
FANOUT,K100,Exception('timeout_or_slo_miss: completed=64/100 errors=36 elapsed_ms=1210.7'),1
FANOUT,K100,Exception('timeout_or_slo_miss: completed=74/100 errors=26 elapsed_ms=1117.6'),1
FANOUT,K100,Exception('timeout_or_slo_miss: completed=72/100 errors=28 elapsed_ms=1149.9'),1
FANOUT,K100,Exception('timeout_or_slo_miss: completed=66/100 errors=34 elapsed_ms=1158.4'),1
FANOUT,K100,Exception('timeout_or_slo_miss: completed=70/100 errors=30 elapsed_ms=1151.5'),1
FANOUT,K100,Exception('timeout_or_slo_miss: completed=68/100 errors=32 elapsed_ms=1222.0'),2
FANOUT,K100,Exception('timeout_or_slo_miss: completed=61/100 errors=39 elapsed_ms=1448.6'),1
FANOUT,K100,Exception('timeout_or_slo_miss: completed=51/100 errors=49 elapsed_ms=1512.3'),1
FANOUT,K100,Exception('timeout_or_slo_miss: completed=72/100 errors=28 elapsed_ms=1108.9'),1
FANOUT,K100,Exception('timeout_or_slo_miss: completed=66/100 errors=34 elapsed_ms=1124.0'),1
FANOUT,K100,Exception('timeout_or_slo_miss: completed=69/100 errors=31 elapsed_ms=1162.0'),2
FANOUT,K100,Exception('timeout_or_slo_miss: completed=59/100 errors=41 elapsed_ms=1510.2'),1
FANOUT,K100,Exception('timeout_or_slo_miss: completed=64/100 errors=36 elapsed_ms=1333.1'),1
FANOUT,K100,Exception('timeout_or_slo_miss: completed=66/100 errors=34 elapsed_ms=1270.4'),1
FANOUT,K100,Exception('timeout_or_slo_miss: completed=42/100 errors=45 elapsed_ms=15905.7'),1
FANOUT,K100,Exception('timeout_or_slo_miss: completed=67/100 errors=33 elapsed_ms=1165.2'),1
FANOUT,K100,Exception('timeout_or_slo_miss: completed=61/100 errors=39 elapsed_ms=1395.9'),1
FANOUT,K100,Exception('timeout_or_slo_miss: completed=58/100 errors=42 elapsed_ms=1507.3'),1
FANOUT,K100,Exception('timeout_or_slo_miss: completed=68/100 errors=32 elapsed_ms=1267.8'),1
FANOUT,K100,Exception('timeout_or_slo_miss: completed=64/100 errors=36 elapsed_ms=1175.1'),1
FANOUT,K100,Exception('timeout_or_slo_miss: completed=66/100 errors=34 elapsed_ms=1260.1'),1
FANOUT,K100,Exception('timeout_or_slo_miss: completed=68/100 errors=32 elapsed_ms=1178.5'),1
FANOUT,K100,Exception('timeout_or_slo_miss: completed=65/100 errors=35 elapsed_ms=1224.4'),1
FANOUT,K100,Exception('timeout_or_slo_miss: completed=68/100 errors=32 elapsed_ms=1208.1'),1
FANOUT,K100,Exception('timeout_or_slo_miss: completed=72/100 errors=28 elapsed_ms=1010.3'),1
FANOUT,K100,Exception('timeout_or_slo_miss: completed=68/100 errors=32 elapsed_ms=1174.7'),1
FANOUT,K100,Exception('timeout_or_slo_miss: completed=74/100 errors=26 elapsed_ms=1081.9'),1
FANOUT,K100,Exception('timeout_or_slo_miss: completed=68/100 errors=32 elapsed_ms=1161.6'),2
FANOUT,K100,Exception('timeout_or_slo_miss: completed=65/100 errors=35 elapsed_ms=1337.4'),1
FANOUT,K100,Exception('timeout_or_slo_miss: completed=72/100 errors=28 elapsed_ms=1093.2'),1
FANOUT,K100,Exception('timeout_or_slo_miss: completed=58/100 errors=35 elapsed_ms=2294.9'),1
FANOUT,K100,Exception('timeout_or_slo_miss: completed=68/100 errors=32 elapsed_ms=1192.6'),1
FANOUT,K100,Exception('timeout_or_slo_miss: completed=64/100 errors=36 elapsed_ms=1274.5'),1
FANOUT,K100,Exception('timeout_or_slo_miss: completed=58/100 errors=42 elapsed_ms=1502.6'),1
FANOUT,K100,Exception('timeout_or_slo_miss: completed=69/100 errors=21 elapsed_ms=2150.1'),1
FANOUT,K100,Exception('timeout_or_slo_miss: completed=68/100 errors=32 elapsed_ms=1186.1'),1
FANOUT,K100,Exception('timeout_or_slo_miss: completed=62/100 errors=38 elapsed_ms=1367.7'),1
FANOUT,K100,Exception('timeout_or_slo_miss: completed=69/100 errors=31 elapsed_ms=1174.2'),1
FANOUT,K100,Exception('timeout_or_slo_miss: completed=68/100 errors=32 elapsed_ms=1262.1'),1
FANOUT,K100,Exception('timeout_or_slo_miss: completed=68/100 errors=32 elapsed_ms=1150.4'),1
FANOUT,K100,Exception('timeout_or_slo_miss: completed=67/100 errors=33 elapsed_ms=1109.4'),1
FANOUT,K100,Exception('timeout_or_slo_miss: completed=67/100 errors=33 elapsed_ms=1219.8'),1
FANOUT,K100,Exception('timeout_or_slo_miss: completed=69/100 errors=31 elapsed_ms=1189.8'),1
FANOUT,K100,Exception('timeout_or_slo_miss: completed=55/100 errors=29 elapsed_ms=12315.1'),1
FANOUT,K100,Exception('timeout_or_slo_miss: completed=64/100 errors=36 elapsed_ms=1293.6'),1
FANOUT,K100,Exception('timeout_or_slo_miss: completed=71/100 errors=29 elapsed_ms=1131.8'),2
FANOUT,K100,Exception('timeout_or_slo_miss: completed=70/100 errors=30 elapsed_ms=1132.6'),1
FANOUT,K100,Exception('timeout_or_slo_miss: completed=66/100 errors=34 elapsed_ms=1243.2'),1
FANOUT,K100,Exception('timeout_or_slo_miss: completed=65/100 errors=35 elapsed_ms=1229.3'),1
FANOUT,K100,Exception('timeout_or_slo_miss: completed=61/100 errors=39 elapsed_ms=1335.3'),1
FANOUT,K100,Exception('timeout_or_slo_miss: completed=66/100 errors=34 elapsed_ms=1313.5'),1
FANOUT,K100,Exception('timeout_or_slo_miss: completed=69/100 errors=21 elapsed_ms=2143.6'),1
FANOUT,K100,Exception('timeout_or_slo_miss: completed=69/100 errors=31 elapsed_ms=1141.1'),1
FANOUT,K100,Exception('timeout_or_slo_miss: completed=64/100 errors=29 elapsed_ms=2198.4'),1
FANOUT,K100,Exception('timeout_or_slo_miss: completed=62/100 errors=38 elapsed_ms=1309.3'),1
FANOUT,K100,Exception('timeout_or_slo_miss: completed=69/100 errors=31 elapsed_ms=1157.8'),2
FANOUT,K100,Exception('timeout_or_slo_miss: completed=64/100 errors=36 elapsed_ms=1302.5'),1
FANOUT,K100,Exception('timeout_or_slo_miss: completed=67/100 errors=33 elapsed_ms=1216.2'),2
FANOUT,K100,Exception('timeout_or_slo_miss: completed=66/100 errors=34 elapsed_ms=1239.0'),1
FANOUT,K100,Exception('timeout_or_slo_miss: completed=72/100 errors=28 elapsed_ms=1132.3'),2
FANOUT,K100,Exception('timeout_or_slo_miss: completed=69/100 errors=24 elapsed_ms=2014.2'),1
FANOUT,K100,Exception('timeout_or_slo_miss: completed=69/100 errors=21 elapsed_ms=2123.5'),1
FANOUT,K100,Exception('timeout_or_slo_miss: completed=36/100 errors=47 elapsed_ms=20178.8'),1
FANOUT,K100,Exception('timeout_or_slo_miss: completed=59/100 errors=41 elapsed_ms=1507.2'),1
FANOUT,K100,Exception('timeout_or_slo_miss: completed=68/100 errors=32 elapsed_ms=1167.5'),1
FANOUT,K100,Exception('timeout_or_slo_miss: completed=74/100 errors=26 elapsed_ms=1020.7'),1
FANOUT,K100,Exception('timeout_or_slo_miss: completed=78/100 errors=22 elapsed_ms=1010.6'),1
FANOUT,K100,Exception('timeout_or_slo_miss: completed=72/100 errors=28 elapsed_ms=1115.8'),1
FANOUT,K100,Exception('timeout_or_slo_miss: completed=66/100 errors=34 elapsed_ms=1161.7'),1
FANOUT,K100,Exception('timeout_or_slo_miss: completed=61/100 errors=39 elapsed_ms=1243.5'),1
FANOUT,K100,Exception('timeout_or_slo_miss: completed=60/100 errors=40 elapsed_ms=1313.9'),1
FANOUT,K100,Exception('timeout_or_slo_miss: completed=67/100 errors=33 elapsed_ms=1248.8'),1
FANOUT,K100,Exception('timeout_or_slo_miss: completed=76/100 errors=24 elapsed_ms=1011.1'),1
FANOUT,K100,Exception('timeout_or_slo_miss: completed=61/100 errors=32 elapsed_ms=2155.7'),1
FANOUT,K100,Exception('timeout_or_slo_miss: completed=72/100 errors=18 elapsed_ms=1857.8'),1
FANOUT,K100,Exception('timeout_or_slo_miss: completed=62/100 errors=38 elapsed_ms=1314.7'),1
FANOUT,K100,Exception('timeout_or_slo_miss: completed=63/100 errors=37 elapsed_ms=1283.0'),1
FANOUT,K100,Exception('timeout_or_slo_miss: completed=70/100 errors=30 elapsed_ms=1132.1'),1
FANOUT,K100,Exception('timeout_or_slo_miss: completed=68/100 errors=32 elapsed_ms=1112.7'),1
FANOUT,K100,Exception('timeout_or_slo_miss: completed=72/100 errors=28 elapsed_ms=1079.0'),1
FANOUT,K100,Exception('timeout_or_slo_miss: completed=65/100 errors=35 elapsed_ms=1263.9'),1
FANOUT,K100,Exception('timeout_or_slo_miss: completed=60/100 errors=40 elapsed_ms=1511.7'),1
FANOUT,K100,Exception('timeout_or_slo_miss: completed=64/100 errors=36 elapsed_ms=1241.4'),1
FANOUT,K100,Exception('timeout_or_slo_miss: completed=59/100 errors=34 elapsed_ms=2315.2'),1
FANOUT,K100,Exception('timeout_or_slo_miss: completed=67/100 errors=33 elapsed_ms=1160.0'),1
FANOUT,K100,Exception('timeout_or_slo_miss: completed=66/100 errors=34 elapsed_ms=1232.0'),1
FANOUT,K100,Exception('timeout_or_slo_miss: completed=72/100 errors=28 elapsed_ms=1121.8'),1
FANOUT,K100,Exception('timeout_or_slo_miss: completed=62/100 errors=38 elapsed_ms=1331.0'),1
FANOUT,K100,Exception('timeout_or_slo_miss: completed=69/100 errors=31 elapsed_ms=1119.6'),1
FANOUT,K100,Exception('timeout_or_slo_miss: completed=71/100 errors=29 elapsed_ms=1145.5'),1
FANOUT,K100,Exception('timeout_or_slo_miss: completed=74/100 errors=26 elapsed_ms=1131.1'),1
FANOUT,K100,Exception('timeout_or_slo_miss: completed=63/100 errors=30 elapsed_ms=2099.2'),1
FANOUT,K100,Exception('timeout_or_slo_miss: completed=63/100 errors=37 elapsed_ms=1397.7'),1
FANOUT,K100,Exception('timeout_or_slo_miss: completed=60/100 errors=40 elapsed_ms=1534.8'),1
FANOUT,K100,Exception('timeout_or_slo_miss: completed=67/100 errors=33 elapsed_ms=1166.0'),1
FANOUT,K100,Exception('timeout_or_slo_miss: completed=71/100 errors=22 elapsed_ms=1935.1'),1
FANOUT,K100,Exception('timeout_or_slo_miss: completed=62/100 errors=31 elapsed_ms=2238.1'),1
FANOUT,K100,Exception('timeout_or_slo_miss: completed=78/100 errors=22 elapsed_ms=1014.7'),1
FANOUT,K100,Exception('timeout_or_slo_miss: completed=69/100 errors=31 elapsed_ms=1172.0'),2
FANOUT,K100,Exception('timeout_or_slo_miss: completed=70/100 errors=30 elapsed_ms=1195.0'),1
FANOUT,K100,Exception('timeout_or_slo_miss: completed=63/100 errors=37 elapsed_ms=1139.5'),1
FANOUT,K100,Exception('timeout_or_slo_miss: completed=62/100 errors=28 elapsed_ms=2566.0'),1
FANOUT,K100,Exception('timeout_or_slo_miss: completed=63/100 errors=37 elapsed_ms=1331.0'),1
FANOUT,K100,Exception('timeout_or_slo_miss: completed=69/100 errors=31 elapsed_ms=1160.6'),1
FANOUT,K100,Exception('timeout_or_slo_miss: completed=65/100 errors=35 elapsed_ms=1182.2'),1
FANOUT,K100,Exception('timeout_or_slo_miss: completed=64/100 errors=36 elapsed_ms=1302.1'),1
FANOUT,K100,Exception('timeout_or_slo_miss: completed=65/100 errors=35 elapsed_ms=1307.0'),1
FANOUT,K100,Exception('timeout_or_slo_miss: completed=61/100 errors=32 elapsed_ms=2270.4'),1
FANOUT,K100,Exception('timeout_or_slo_miss: completed=64/100 errors=36 elapsed_ms=1208.0'),1
FANOUT,K100,Exception('timeout_or_slo_miss: completed=61/100 errors=39 elapsed_ms=1350.6'),1
FANOUT,K100,Exception('timeout_or_slo_miss: completed=65/100 errors=25 elapsed_ms=2224.2'),1
FANOUT,K100,Exception('timeout_or_slo_miss: completed=69/100 errors=31 elapsed_ms=1158.5'),1
FANOUT,K100,Exception('timeout_or_slo_miss: completed=66/100 errors=34 elapsed_ms=1147.3'),1
FANOUT,K100,Exception('timeout_or_slo_miss: completed=62/100 errors=38 elapsed_ms=1218.1'),1
FANOUT,K100,Exception('timeout_or_slo_miss: completed=72/100 errors=28 elapsed_ms=1174.8'),1
FANOUT,K100,Exception('timeout_or_slo_miss: completed=69/100 errors=31 elapsed_ms=1155.9'),1
FANOUT,K100,Exception('timeout_or_slo_miss: completed=67/100 errors=26 elapsed_ms=2018.4'),1
FANOUT,K100,Exception('timeout_or_slo_miss: completed=61/100 errors=39 elapsed_ms=1333.9'),1
FANOUT,K100,Exception('timeout_or_slo_miss: completed=69/100 errors=31 elapsed_ms=1188.9'),1
FANOUT,K100,Exception('timeout_or_slo_miss: completed=72/100 errors=28 elapsed_ms=1036.2'),1
FANOUT,K100,Exception('timeout_or_slo_miss: completed=71/100 errors=29 elapsed_ms=1110.2'),1
FANOUT,K100,Exception('timeout_or_slo_miss: completed=67/100 errors=33 elapsed_ms=1128.1'),1
FANOUT,K100,Exception('timeout_or_slo_miss: completed=63/100 errors=37 elapsed_ms=1250.1'),1
FANOUT,K100,Exception('timeout_or_slo_miss: completed=63/100 errors=27 elapsed_ms=2522.0'),1
FANOUT,K100,Exception('timeout_or_slo_miss: completed=70/100 errors=30 elapsed_ms=1165.0'),1
FANOUT,K100,Exception('timeout_or_slo_miss: completed=60/100 errors=33 elapsed_ms=2240.2'),1
FANOUT,K100,Exception('timeout_or_slo_miss: completed=68/100 errors=25 elapsed_ms=1934.2'),1
FANOUT,K100,Exception('timeout_or_slo_miss: completed=66/100 errors=34 elapsed_ms=1277.9'),1
FANOUT,K100,Exception('timeout_or_slo_miss: completed=68/100 errors=32 elapsed_ms=1144.8'),1
FANOUT,K100,Exception('timeout_or_slo_miss: completed=66/100 errors=34 elapsed_ms=1156.5'),1
FANOUT,K100,Exception('timeout_or_slo_miss: completed=67/100 errors=26 elapsed_ms=2014.9'),1
FANOUT,K100,Exception('timeout_or_slo_miss: completed=70/100 errors=30 elapsed_ms=1164.0'),1
FANOUT,K100,Exception('timeout_or_slo_miss: completed=70/100 errors=30 elapsed_ms=1113.4'),1
FANOUT,K100,Exception('timeout_or_slo_miss: completed=69/100 errors=31 elapsed_ms=1138.1'),1
FANOUT,K100,Exception('timeout_or_slo_miss: completed=75/100 errors=25 elapsed_ms=1014.7'),1
FANOUT,K100,Exception('timeout_or_slo_miss: completed=65/100 errors=35 elapsed_ms=1136.3'),1
FANOUT,K100,Exception('timeout_or_slo_miss: completed=78/100 errors=22 elapsed_ms=1012.6'),1
FANOUT,K100,Exception('timeout_or_slo_miss: completed=65/100 errors=35 elapsed_ms=1154.4'),1
FANOUT,K100,Exception('timeout_or_slo_miss: completed=63/100 errors=37 elapsed_ms=1151.3'),1
FANOUT,K100,Exception('timeout_or_slo_miss: completed=76/100 errors=24 elapsed_ms=1115.9'),1
FANOUT,K100,Exception('timeout_or_slo_miss: completed=70/100 errors=30 elapsed_ms=1143.5'),1
FANOUT,K100,Exception('timeout_or_slo_miss: completed=65/100 errors=28 elapsed_ms=2129.6'),1
FANOUT,K100,Exception('timeout_or_slo_miss: completed=62/100 errors=31 elapsed_ms=2222.2'),1
FANOUT,K100,Exception('timeout_or_slo_miss: completed=75/100 errors=25 elapsed_ms=1090.8'),1
FANOUT,K100,Exception('timeout_or_slo_miss: completed=70/100 errors=30 elapsed_ms=1258.8'),1
FANOUT,K100,Exception('timeout_or_slo_miss: completed=61/100 errors=39 elapsed_ms=1504.8'),1
FANOUT,K100,Exception('timeout_or_slo_miss: completed=70/100 errors=30 elapsed_ms=1170.2'),1
FANOUT,K100,Exception('timeout_or_slo_miss: completed=67/100 errors=33 elapsed_ms=1282.9'),1
FANOUT,K100,Exception('timeout_or_slo_miss: completed=66/100 errors=34 elapsed_ms=1182.6'),1
FANOUT,K100,Exception('timeout_or_slo_miss: completed=73/100 errors=27 elapsed_ms=1082.7'),1
FANOUT,K100,Exception('timeout_or_slo_miss: completed=78/100 errors=22 elapsed_ms=1005.2'),1
FANOUT,K100,Exception('timeout_or_slo_miss: completed=74/100 errors=19 elapsed_ms=1735.6'),1
FANOUT,K100,Exception('timeout_or_slo_miss: completed=73/100 errors=20 elapsed_ms=1763.8'),1
FANOUT,K100,Exception('timeout_or_slo_miss: completed=63/100 errors=37 elapsed_ms=1382.1'),1
FANOUT,K100,Exception('timeout_or_slo_miss: completed=61/100 errors=39 elapsed_ms=1324.4'),1
FANOUT,K100,Exception('timeout_or_slo_miss: completed=66/100 errors=24 elapsed_ms=2294.0'),1
FANOUT,K100,Exception('timeout_or_slo_miss: completed=66/100 errors=34 elapsed_ms=1306.1'),1
FANOUT,K100,Exception('timeout_or_slo_miss: completed=67/100 errors=33 elapsed_ms=1122.4'),1
FANOUT,K100,Exception('timeout_or_slo_miss: completed=64/100 errors=36 elapsed_ms=1293.2'),1
FANOUT,K100,Exception('timeout_or_slo_miss: completed=72/100 errors=28 elapsed_ms=1215.7'),1
FANOUT,K100,Exception('timeout_or_slo_miss: completed=62/100 errors=38 elapsed_ms=1289.9'),1
FANOUT,K100,Exception('timeout_or_slo_miss: completed=61/100 errors=39 elapsed_ms=1317.4'),1
FANOUT,K100,Exception('timeout_or_slo_miss: completed=66/100 errors=34 elapsed_ms=1224.5'),1
FANOUT,K100,Exception('timeout_or_slo_miss: completed=59/100 errors=34 elapsed_ms=2242.2'),1
FANOUT,K100,Exception('timeout_or_slo_miss: completed=66/100 errors=34 elapsed_ms=1147.8'),1
FANOUT,K100,Exception('timeout_or_slo_miss: completed=58/100 errors=42 elapsed_ms=1509.0'),1
FANOUT,K100,Exception('timeout_or_slo_miss: completed=67/100 errors=23 elapsed_ms=2161.4'),1
FANOUT,K100,Exception('timeout_or_slo_miss: completed=67/100 errors=33 elapsed_ms=1151.7'),1
FANOUT,K100,Exception('timeout_or_slo_miss: completed=67/100 errors=33 elapsed_ms=1126.0'),1
FANOUT,K100,Exception('timeout_or_slo_miss: completed=70/100 errors=30 elapsed_ms=1193.0'),1
FANOUT,K100,Exception('timeout_or_slo_miss: completed=73/100 errors=27 elapsed_ms=1109.7'),1
FANOUT,K100,Exception('timeout_or_slo_miss: completed=57/100 errors=43 elapsed_ms=1509.2'),1
FANOUT,K100,Exception('timeout_or_slo_miss: completed=62/100 errors=38 elapsed_ms=1335.0'),1
FANOUT,K100,Exception('timeout_or_slo_miss: completed=63/100 errors=37 elapsed_ms=1261.8'),1
FANOUT,K100,Exception('timeout_or_slo_miss: completed=64/100 errors=36 elapsed_ms=1218.6'),1
FANOUT,K100,Exception('timeout_or_slo_miss: completed=69/100 errors=31 elapsed_ms=1124.0'),1
FANOUT,K100,Exception('timeout_or_slo_miss: completed=71/100 errors=29 elapsed_ms=1070.8'),1
FANOUT,K100,Exception('timeout_or_slo_miss: completed=79/100 errors=21 elapsed_ms=1009.0'),1
FANOUT,K100,Exception('timeout_or_slo_miss: completed=73/100 errors=17 elapsed_ms=1786.1'),1
FANOUT,K100,Exception('timeout_or_slo_miss: completed=37/100 errors=49 elapsed_ms=18954.7'),1
FANOUT,K100,Exception('timeout_or_slo_miss: completed=68/100 errors=32 elapsed_ms=1186.2'),1
FANOUT,K100,Exception('timeout_or_slo_miss: completed=64/100 errors=26 elapsed_ms=2335.5'),1
FANOUT,K100,Exception('timeout_or_slo_miss: completed=64/100 errors=26 elapsed_ms=2340.9'),1
FANOUT,K100,Exception('subread_error: completed=81/100 errors=19'),1
FANOUT,K100,Exception('timeout_or_slo_miss: completed=68/100 errors=32 elapsed_ms=1124.0'),1
FANOUT,K100,Exception('timeout_or_slo_miss: completed=67/100 errors=33 elapsed_ms=1139.2'),1
FANOUT,K100,Exception('timeout_or_slo_miss: completed=70/100 errors=30 elapsed_ms=1135.4'),1
FANOUT,K100,Exception('timeout_or_slo_miss: completed=64/100 errors=36 elapsed_ms=1248.7'),1
FANOUT,K100,Exception('timeout_or_slo_miss: completed=72/100 errors=28 elapsed_ms=1126.6'),1
FANOUT,K100,Exception('timeout_or_slo_miss: completed=60/100 errors=40 elapsed_ms=1402.7'),1
FANOUT,K100,Exception('timeout_or_slo_miss: completed=64/100 errors=36 elapsed_ms=1294.3'),1
FANOUT,K100,Exception('timeout_or_slo_miss: completed=64/100 errors=36 elapsed_ms=1216.8'),1
FANOUT,K100,Exception('timeout_or_slo_miss: completed=73/100 errors=27 elapsed_ms=1136.1'),1
FANOUT,K100,Exception('timeout_or_slo_miss: completed=62/100 errors=38 elapsed_ms=1336.3'),1
FANOUT,K100,Exception('timeout_or_slo_miss: completed=72/100 errors=11 elapsed_ms=3808.3'),1
FANOUT,K100,Exception('timeout_or_slo_miss: completed=71/100 errors=22 elapsed_ms=1825.3'),1
FANOUT,K100,Exception('timeout_or_slo_miss: completed=69/100 errors=31 elapsed_ms=1169.7'),1
FANOUT,K100,Exception('timeout_or_slo_miss: completed=70/100 errors=30 elapsed_ms=1120.3'),1
FANOUT,K100,Exception('timeout_or_slo_miss: completed=68/100 errors=22 elapsed_ms=2226.9'),1
FANOUT,K100,Exception('timeout_or_slo_miss: completed=70/100 errors=30 elapsed_ms=1097.6'),1
FANOUT,K100,Exception('timeout_or_slo_miss: completed=66/100 errors=34 elapsed_ms=1243.9'),1
FANOUT,K100,Exception('timeout_or_slo_miss: completed=62/100 errors=38 elapsed_ms=1260.8'),1
FANOUT,K100,Exception('timeout_or_slo_miss: completed=61/100 errors=39 elapsed_ms=1316.8'),1
FANOUT,K100,Exception('timeout_or_slo_miss: completed=70/100 errors=30 elapsed_ms=1157.5'),1
FANOUT,K100,Exception('timeout_or_slo_miss: completed=65/100 errors=35 elapsed_ms=1285.8'),1
FANOUT,K100,Exception('timeout_or_slo_miss: completed=60/100 errors=40 elapsed_ms=1501.0'),1
FANOUT,K100,Exception('timeout_or_slo_miss: completed=69/100 errors=21 elapsed_ms=2017.9'),1
FANOUT,K100,Exception('timeout_or_slo_miss: completed=62/100 errors=38 elapsed_ms=1292.1'),1
FANOUT,K100,Exception('timeout_or_slo_miss: completed=69/100 errors=31 elapsed_ms=1160.3'),2
FANOUT,K100,Exception('timeout_or_slo_miss: completed=67/100 errors=33 elapsed_ms=1163.1'),1
FANOUT,K100,Exception('timeout_or_slo_miss: completed=68/100 errors=32 elapsed_ms=1155.4'),1
FANOUT,K100,Exception('timeout_or_slo_miss: completed=67/100 errors=33 elapsed_ms=1221.8'),1
FANOUT,K100,Exception('timeout_or_slo_miss: completed=72/100 errors=28 elapsed_ms=1158.6'),1
FANOUT,K100,Exception('timeout_or_slo_miss: completed=70/100 errors=30 elapsed_ms=1135.7'),1
FANOUT,K100,Exception('timeout_or_slo_miss: completed=69/100 errors=31 elapsed_ms=1080.7'),1
FANOUT,K100,Exception('timeout_or_slo_miss: completed=73/100 errors=27 elapsed_ms=1104.8'),2
FANOUT,K100,Exception('timeout_or_slo_miss: completed=65/100 errors=35 elapsed_ms=1180.3'),1
FANOUT,K100,Exception('timeout_or_slo_miss: completed=72/100 errors=28 elapsed_ms=1101.7'),1
FANOUT,K100,Exception('timeout_or_slo_miss: completed=65/100 errors=35 elapsed_ms=1256.2'),1
FANOUT,K100,Exception('timeout_or_slo_miss: completed=60/100 errors=40 elapsed_ms=1349.2'),1
FANOUT,K100,Exception('timeout_or_slo_miss: completed=73/100 errors=27 elapsed_ms=1118.8'),1
FANOUT,K100,Exception('timeout_or_slo_miss: completed=61/100 errors=39 elapsed_ms=1393.9'),1
FANOUT,K100,Exception('timeout_or_slo_miss: completed=70/100 errors=30 elapsed_ms=1117.2'),1
FANOUT,K100,Exception('timeout_or_slo_miss: completed=70/100 errors=30 elapsed_ms=1153.7'),1
FANOUT,K100,Exception('timeout_or_slo_miss: completed=71/100 errors=19 elapsed_ms=2116.0'),1
FANOUT,K100,Exception('timeout_or_slo_miss: completed=69/100 errors=31 elapsed_ms=1243.0'),1
FANOUT,K100,Exception('timeout_or_slo_miss: completed=62/100 errors=38 elapsed_ms=1240.0'),1
FANOUT,K100,Exception('timeout_or_slo_miss: completed=69/100 errors=31 elapsed_ms=1205.0'),1
FANOUT,K100,Exception('timeout_or_slo_miss: completed=70/100 errors=30 elapsed_ms=1116.9'),2
FANOUT,K100,Exception('timeout_or_slo_miss: completed=62/100 errors=38 elapsed_ms=1394.0'),1
FANOUT,K100,Exception('timeout_or_slo_miss: completed=63/100 errors=30 elapsed_ms=2155.5'),1
FANOUT,K100,Exception('timeout_or_slo_miss: completed=65/100 errors=35 elapsed_ms=1291.9'),1
FANOUT,K100,Exception('timeout_or_slo_miss: completed=63/100 errors=27 elapsed_ms=2369.4'),1
FANOUT,K100,Exception('timeout_or_slo_miss: completed=70/100 errors=30 elapsed_ms=1111.2'),1
FANOUT,K100,Exception('timeout_or_slo_miss: completed=66/100 errors=34 elapsed_ms=1156.8'),1
FANOUT,K100,Exception('timeout_or_slo_miss: completed=70/100 errors=30 elapsed_ms=1013.9'),1
FANOUT,K100,Exception('timeout_or_slo_miss: completed=71/100 errors=29 elapsed_ms=1136.6'),2
FANOUT,K100,Exception('timeout_or_slo_miss: completed=67/100 errors=33 elapsed_ms=1146.9'),1
FANOUT,K100,Exception('timeout_or_slo_miss: completed=67/100 errors=26 elapsed_ms=1946.7'),1
FANOUT,K100,Exception('timeout_or_slo_miss: completed=59/100 errors=41 elapsed_ms=1503.2'),4
FANOUT,K100,Exception('timeout_or_slo_miss: completed=69/100 errors=31 elapsed_ms=1151.9'),1
FANOUT,K100,Exception('timeout_or_slo_miss: completed=69/100 errors=31 elapsed_ms=1178.8'),1
FANOUT,K100,Exception('timeout_or_slo_miss: completed=68/100 errors=25 elapsed_ms=2006.1'),1
FANOUT,K100,Exception('timeout_or_slo_miss: completed=68/100 errors=22 elapsed_ms=2096.6'),1
FANOUT,K100,Exception('timeout_or_slo_miss: completed=68/100 errors=32 elapsed_ms=1137.3'),1
FANOUT,K100,Exception('timeout_or_slo_miss: completed=65/100 errors=35 elapsed_ms=1239.9'),1
FANOUT,K100,Exception('timeout_or_slo_miss: completed=68/100 errors=32 elapsed_ms=1174.2'),1
FANOUT,K100,Exception('timeout_or_slo_miss: completed=65/100 errors=35 elapsed_ms=1178.5'),2
FANOUT,K100,Exception('timeout_or_slo_miss: completed=66/100 errors=27 elapsed_ms=2020.6'),1
FANOUT,K100,Exception('timeout_or_slo_miss: completed=69/100 errors=31 elapsed_ms=1154.9'),2
FANOUT,K100,Exception('timeout_or_slo_miss: completed=65/100 errors=35 elapsed_ms=1174.1'),1
FANOUT,K100,Exception('timeout_or_slo_miss: completed=66/100 errors=34 elapsed_ms=1116.8'),1
FANOUT,K100,Exception('timeout_or_slo_miss: completed=68/100 errors=32 elapsed_ms=1182.7'),1
FANOUT,K100,Exception('timeout_or_slo_miss: completed=64/100 errors=36 elapsed_ms=1265.9'),1
FANOUT,K100,Exception('timeout_or_slo_miss: completed=54/100 errors=46 elapsed_ms=1515.4'),1
FANOUT,K100,Exception('timeout_or_slo_miss: completed=65/100 errors=35 elapsed_ms=1274.6'),1
FANOUT,K100,Exception('timeout_or_slo_miss: completed=66/100 errors=34 elapsed_ms=1156.1'),1
FANOUT,K100,Exception('timeout_or_slo_miss: completed=77/100 errors=23 elapsed_ms=1017.8'),1
FANOUT,K100,Exception('timeout_or_slo_miss: completed=66/100 errors=34 elapsed_ms=1272.4'),1
FANOUT,K100,Exception('timeout_or_slo_miss: completed=65/100 errors=35 elapsed_ms=1210.9'),2
FANOUT,K100,Exception('timeout_or_slo_miss: completed=61/100 errors=39 elapsed_ms=1359.5'),1
FANOUT,K100,Exception('timeout_or_slo_miss: completed=61/100 errors=32 elapsed_ms=2147.0'),1
FANOUT,K100,Exception('timeout_or_slo_miss: completed=64/100 errors=36 elapsed_ms=1230.9'),1
FANOUT,K100,Exception('timeout_or_slo_miss: completed=64/100 errors=36 elapsed_ms=1195.1'),1
FANOUT,K100,Exception('timeout_or_slo_miss: completed=74/100 errors=26 elapsed_ms=1106.8'),1
FANOUT,K100,Exception('timeout_or_slo_miss: completed=66/100 errors=27 elapsed_ms=2140.3'),1
FANOUT,K100,Exception('timeout_or_slo_miss: completed=67/100 errors=33 elapsed_ms=1129.3'),1
FANOUT,K100,Exception('timeout_or_slo_miss: completed=68/100 errors=32 elapsed_ms=1146.7'),1
FANOUT,K100,Exception('timeout_or_slo_miss: completed=70/100 errors=30 elapsed_ms=1208.2'),1
FANOUT,K100,Exception('timeout_or_slo_miss: completed=69/100 errors=31 elapsed_ms=1283.2'),1
FANOUT,K100,Exception('timeout_or_slo_miss: completed=72/100 errors=28 elapsed_ms=1132.9'),1
FANOUT,K100,Exception('timeout_or_slo_miss: completed=67/100 errors=23 elapsed_ms=2160.8'),1
FANOUT,K100,Exception('timeout_or_slo_miss: completed=69/100 errors=31 elapsed_ms=1159.6'),1
FANOUT,K100,Exception('timeout_or_slo_miss: completed=61/100 errors=39 elapsed_ms=1438.9'),1
FANOUT,K100,Exception('timeout_or_slo_miss: completed=72/100 errors=28 elapsed_ms=1094.3'),1
FANOUT,K100,Exception('timeout_or_slo_miss: completed=63/100 errors=37 elapsed_ms=1237.9'),1
FANOUT,K100,Exception('timeout_or_slo_miss: completed=62/100 errors=38 elapsed_ms=1368.1'),1
FANOUT,K100,Exception('timeout_or_slo_miss: completed=58/100 errors=42 elapsed_ms=1505.2'),1
FANOUT,K100,Exception('timeout_or_slo_miss: completed=64/100 errors=36 elapsed_ms=1207.4'),1
FANOUT,K100,Exception('timeout_or_slo_miss: completed=66/100 errors=24 elapsed_ms=2253.7'),1
FANOUT,K100,Exception('timeout_or_slo_miss: completed=65/100 errors=35 elapsed_ms=1203.1'),1
FANOUT,K100,Exception('timeout_or_slo_miss: completed=66/100 errors=34 elapsed_ms=1159.1'),1
FANOUT,K100,Exception('timeout_or_slo_miss: completed=67/100 errors=33 elapsed_ms=1181.3'),1
FANOUT,K100,Exception('timeout_or_slo_miss: completed=61/100 errors=39 elapsed_ms=1469.7'),1
FANOUT,K100,Exception('timeout_or_slo_miss: completed=64/100 errors=26 elapsed_ms=2389.6'),1
FANOUT,K100,Exception('timeout_or_slo_miss: completed=66/100 errors=27 elapsed_ms=2033.3'),1
FANOUT,K100,Exception('timeout_or_slo_miss: completed=61/100 errors=39 elapsed_ms=1301.9'),1
FANOUT,K100,Exception('timeout_or_slo_miss: completed=75/100 errors=25 elapsed_ms=1045.1'),1
FANOUT,K100,Exception('timeout_or_slo_miss: completed=72/100 errors=28 elapsed_ms=1116.0'),1
FANOUT,K100,Exception('timeout_or_slo_miss: completed=67/100 errors=21 elapsed_ms=2792.3'),1
FANOUT,K100,Exception('timeout_or_slo_miss: completed=72/100 errors=28 elapsed_ms=1143.7'),1
FANOUT,K100,Exception('timeout_or_slo_miss: completed=66/100 errors=24 elapsed_ms=2165.7'),1
FANOUT,K100,Exception('timeout_or_slo_miss: completed=61/100 errors=39 elapsed_ms=1208.4'),1
FANOUT,K100,Exception('timeout_or_slo_miss: completed=66/100 errors=34 elapsed_ms=1267.4'),1
FANOUT,K100,Exception('timeout_or_slo_miss: completed=63/100 errors=37 elapsed_ms=1272.2'),1
FANOUT,K100,Exception('timeout_or_slo_miss: completed=66/100 errors=24 elapsed_ms=2233.3'),1
FANOUT,K100,Exception('timeout_or_slo_miss: completed=75/100 errors=25 elapsed_ms=1022.4'),1
FANOUT,K100,Exception('timeout_or_slo_miss: completed=67/100 errors=33 elapsed_ms=1163.7'),1
FANOUT,K100,Exception('timeout_or_slo_miss: completed=62/100 errors=31 elapsed_ms=2209.6'),1
FANOUT,K100,Exception('timeout_or_slo_miss: completed=69/100 errors=31 elapsed_ms=1190.3'),1
FANOUT,K100,Exception('timeout_or_slo_miss: completed=67/100 errors=33 elapsed_ms=1194.9'),1
FANOUT,K100,Exception('timeout_or_slo_miss: completed=62/100 errors=38 elapsed_ms=1454.2'),1
FANOUT,K100,Exception('timeout_or_slo_miss: completed=72/100 errors=28 elapsed_ms=1124.6'),2
FANOUT,K100,Exception('timeout_or_slo_miss: completed=73/100 errors=27 elapsed_ms=1111.4'),1
FANOUT,K100,Exception('timeout_or_slo_miss: completed=62/100 errors=38 elapsed_ms=1451.8'),1
FANOUT,K100,Exception('timeout_or_slo_miss: completed=65/100 errors=35 elapsed_ms=1265.5'),1
FANOUT,K100,Exception('timeout_or_slo_miss: completed=52/100 errors=48 elapsed_ms=1513.4'),1
FANOUT,K100,Exception('timeout_or_slo_miss: completed=63/100 errors=37 elapsed_ms=1291.1'),1
FANOUT,K100,Exception('timeout_or_slo_miss: completed=71/100 errors=29 elapsed_ms=1013.5'),1
FANOUT,K100,Exception('timeout_or_slo_miss: completed=69/100 errors=31 elapsed_ms=1174.9'),1
FANOUT,K100,Exception('timeout_or_slo_miss: completed=71/100 errors=22 elapsed_ms=1931.1'),1
FANOUT,K100,Exception('timeout_or_slo_miss: completed=67/100 errors=33 elapsed_ms=1198.0'),1
FANOUT,K100,Exception('timeout_or_slo_miss: completed=63/100 errors=37 elapsed_ms=1227.6'),1
FANOUT,K100,Exception('timeout_or_slo_miss: completed=69/100 errors=31 elapsed_ms=1131.2'),1
FANOUT,K100,Exception('timeout_or_slo_miss: completed=57/100 errors=43 elapsed_ms=1504.4'),1
FANOUT,K100,Exception('timeout_or_slo_miss: completed=67/100 errors=33 elapsed_ms=1167.2'),1
FANOUT,K100,Exception('timeout_or_slo_miss: completed=60/100 errors=40 elapsed_ms=1505.2'),1
FANOUT,K100,Exception('timeout_or_slo_miss: completed=73/100 errors=27 elapsed_ms=1094.8'),1
FANOUT,K100,Exception('timeout_or_slo_miss: completed=63/100 errors=37 elapsed_ms=1287.2'),1
FANOUT,K100,Exception('timeout_or_slo_miss: completed=65/100 errors=35 elapsed_ms=1167.2'),1
FANOUT,K100,Exception('timeout_or_slo_miss: completed=66/100 errors=34 elapsed_ms=1226.3'),1
FANOUT,K100,Exception('timeout_or_slo_miss: completed=63/100 errors=37 elapsed_ms=1319.5'),1
FANOUT,K100,Exception('timeout_or_slo_miss: completed=63/100 errors=37 elapsed_ms=1339.6'),1
FANOUT,K100,Exception('timeout_or_slo_miss: completed=71/100 errors=29 elapsed_ms=1159.2'),1
FANOUT,K100,Exception('timeout_or_slo_miss: completed=67/100 errors=33 elapsed_ms=1236.5'),1
FANOUT,K100,Exception('timeout_or_slo_miss: completed=59/100 errors=41 elapsed_ms=1504.0'),3
FANOUT,K100,Exception('timeout_or_slo_miss: completed=69/100 errors=31 elapsed_ms=1130.4'),1
FANOUT,K100,Exception('timeout_or_slo_miss: completed=59/100 errors=31 elapsed_ms=2516.6'),1
FANOUT,K100,Exception('timeout_or_slo_miss: completed=67/100 errors=33 elapsed_ms=1174.8'),1
FANOUT,K100,Exception('timeout_or_slo_miss: completed=66/100 errors=34 elapsed_ms=1196.1'),1
FANOUT,K100,Exception('timeout_or_slo_miss: completed=67/100 errors=33 elapsed_ms=1180.7'),1
FANOUT,K100,Exception('timeout_or_slo_miss: completed=63/100 errors=37 elapsed_ms=1264.3'),1
FANOUT,K100,Exception('timeout_or_slo_miss: completed=68/100 errors=32 elapsed_ms=1145.9'),2
FANOUT,K100,Exception('timeout_or_slo_miss: completed=71/100 errors=29 elapsed_ms=1220.7'),1
FANOUT,K100,Exception('timeout_or_slo_miss: completed=69/100 errors=31 elapsed_ms=1139.6'),1
FANOUT,K100,Exception('timeout_or_slo_miss: completed=72/100 errors=28 elapsed_ms=1140.4'),1
FANOUT,K100,Exception('timeout_or_slo_miss: completed=61/100 errors=29 elapsed_ms=2450.8'),1
FANOUT,K100,Exception('timeout_or_slo_miss: completed=64/100 errors=36 elapsed_ms=1328.9'),1
FANOUT,K100,Exception('timeout_or_slo_miss: completed=58/100 errors=42 elapsed_ms=1506.9'),1
FANOUT,K100,Exception('timeout_or_slo_miss: completed=67/100 errors=33 elapsed_ms=1107.4'),1
FANOUT,K100,Exception('timeout_or_slo_miss: completed=61/100 errors=39 elapsed_ms=1258.3'),1
FANOUT,K100,Exception('timeout_or_slo_miss: completed=70/100 errors=30 elapsed_ms=1148.4'),1
FANOUT,K100,Exception('timeout_or_slo_miss: completed=61/100 errors=39 elapsed_ms=1306.3'),1
FANOUT,K100,Exception('timeout_or_slo_miss: completed=65/100 errors=25 elapsed_ms=2250.1'),1
FANOUT,K100,Exception('timeout_or_slo_miss: completed=69/100 errors=31 elapsed_ms=1157.1'),1
FANOUT,K100,Exception('timeout_or_slo_miss: completed=71/100 errors=29 elapsed_ms=1154.9'),1
FANOUT,K100,Exception('timeout_or_slo_miss: completed=65/100 errors=28 elapsed_ms=2109.7'),1
FANOUT,K100,Exception('timeout_or_slo_miss: completed=72/100 errors=28 elapsed_ms=1130.9'),2
FANOUT,K100,Exception('timeout_or_slo_miss: completed=67/100 errors=33 elapsed_ms=1198.2'),1
FANOUT,K100,Exception('timeout_or_slo_miss: completed=68/100 errors=32 elapsed_ms=1173.2'),1
FANOUT,K100,Exception('timeout_or_slo_miss: completed=62/100 errors=28 elapsed_ms=2521.6'),1
FANOUT,K100,Exception('timeout_or_slo_miss: completed=73/100 errors=27 elapsed_ms=1012.5'),1
FANOUT,K100,Exception('timeout_or_slo_miss: completed=65/100 errors=28 elapsed_ms=2023.3'),1
FANOUT,K100,Exception('timeout_or_slo_miss: completed=65/100 errors=25 elapsed_ms=2286.2'),1
FANOUT,K100,Exception('timeout_or_slo_miss: completed=65/100 errors=25 elapsed_ms=2321.9'),1
FANOUT,K100,Exception('timeout_or_slo_miss: completed=67/100 errors=33 elapsed_ms=1158.3'),1
FANOUT,K100,Exception('timeout_or_slo_miss: completed=65/100 errors=35 elapsed_ms=1296.1'),1
FANOUT,K100,Exception('timeout_or_slo_miss: completed=73/100 errors=27 elapsed_ms=1027.8'),1
FANOUT,K100,Exception('timeout_or_slo_miss: completed=65/100 errors=35 elapsed_ms=1264.6'),1
FANOUT,K100,Exception('timeout_or_slo_miss: completed=70/100 errors=30 elapsed_ms=1259.7'),1
FANOUT,K100,Exception('timeout_or_slo_miss: completed=58/100 errors=42 elapsed_ms=1507.2'),1
FANOUT,K100,Exception('timeout_or_slo_miss: completed=72/100 errors=28 elapsed_ms=1146.5'),2
FANOUT,K100,Exception('timeout_or_slo_miss: completed=67/100 errors=33 elapsed_ms=1207.1'),1
FANOUT,K100,Exception('timeout_or_slo_miss: completed=63/100 errors=37 elapsed_ms=1283.6'),1
FANOUT,K100,Exception('timeout_or_slo_miss: completed=72/100 errors=28 elapsed_ms=1014.8'),1
FANOUT,K100,Exception('timeout_or_slo_miss: completed=80/100 errors=20 elapsed_ms=1001.8'),1
FANOUT,K100,Exception('timeout_or_slo_miss: completed=74/100 errors=26 elapsed_ms=1117.3'),1
FANOUT,K100,Exception('timeout_or_slo_miss: completed=61/100 errors=29 elapsed_ms=2411.0'),1
FANOUT,K100,Exception('timeout_or_slo_miss: completed=69/100 errors=31 elapsed_ms=1150.8'),1
FANOUT,K100,Exception('timeout_or_slo_miss: completed=62/100 errors=31 elapsed_ms=2141.7'),1
FANOUT,K100,Exception('timeout_or_slo_miss: completed=72/100 errors=28 elapsed_ms=1064.8'),1
FANOUT,K100,Exception('timeout_or_slo_miss: completed=71/100 errors=29 elapsed_ms=1173.8'),1
FANOUT,K100,Exception('timeout_or_slo_miss: completed=69/100 errors=24 elapsed_ms=1762.3'),1
FANOUT,K100,Exception('timeout_or_slo_miss: completed=65/100 errors=35 elapsed_ms=1147.6'),1
FANOUT,K100,Exception('timeout_or_slo_miss: completed=63/100 errors=37 elapsed_ms=1209.7'),1
FANOUT,K100,Exception('timeout_or_slo_miss: completed=70/100 errors=30 elapsed_ms=1118.6'),1
FANOUT,K100,Exception('timeout_or_slo_miss: completed=65/100 errors=35 elapsed_ms=1223.3'),1
FANOUT,K100,Exception('timeout_or_slo_miss: completed=75/100 errors=25 elapsed_ms=1017.6'),1
FANOUT,K100,Exception('timeout_or_slo_miss: completed=71/100 errors=29 elapsed_ms=1115.0'),1
FANOUT,K100,Exception('timeout_or_slo_miss: completed=68/100 errors=25 elapsed_ms=2012.1'),1
FANOUT,K100,Exception('timeout_or_slo_miss: completed=63/100 errors=37 elapsed_ms=1179.0'),1
FANOUT,K100,Exception('timeout_or_slo_miss: completed=67/100 errors=33 elapsed_ms=1147.3'),2
FANOUT,K100,Exception('timeout_or_slo_miss: completed=59/100 errors=41 elapsed_ms=1505.6'),5
FANOUT,K100,Exception('timeout_or_slo_miss: completed=69/100 errors=31 elapsed_ms=1186.0'),1
FANOUT,K100,Exception('timeout_or_slo_miss: completed=57/100 errors=33 elapsed_ms=2734.8'),1
FANOUT,K100,Exception('timeout_or_slo_miss: completed=74/100 errors=26 elapsed_ms=1115.4'),1
FANOUT,K100,Exception('timeout_or_slo_miss: completed=70/100 errors=30 elapsed_ms=1099.7'),1
FANOUT,K100,Exception('timeout_or_slo_miss: completed=70/100 errors=30 elapsed_ms=1126.3'),1
FANOUT,K100,Exception('timeout_or_slo_miss: completed=61/100 errors=39 elapsed_ms=1502.5'),1
FANOUT,K100,Exception('timeout_or_slo_miss: completed=65/100 errors=35 elapsed_ms=1192.5'),1
FANOUT,K100,Exception('timeout_or_slo_miss: completed=67/100 errors=33 elapsed_ms=1243.9'),1
FANOUT,K100,Exception('timeout_or_slo_miss: completed=65/100 errors=35 elapsed_ms=1268.7'),1
FANOUT,K100,Exception('timeout_or_slo_miss: completed=66/100 errors=34 elapsed_ms=1130.6'),1
FANOUT,K100,Exception('timeout_or_slo_miss: completed=67/100 errors=33 elapsed_ms=1269.7'),1
FANOUT,K100,Exception('timeout_or_slo_miss: completed=64/100 errors=36 elapsed_ms=1319.4'),2
FANOUT,K100,Exception('timeout_or_slo_miss: completed=65/100 errors=35 elapsed_ms=1241.3'),1
FANOUT,K100,Exception('timeout_or_slo_miss: completed=61/100 errors=39 elapsed_ms=1360.1'),1
FANOUT,K100,Exception('timeout_or_slo_miss: completed=70/100 errors=30 elapsed_ms=1165.2'),1
FANOUT,K100,Exception('timeout_or_slo_miss: completed=68/100 errors=32 elapsed_ms=1166.8'),1
FANOUT,K100,Exception('timeout_or_slo_miss: completed=63/100 errors=37 elapsed_ms=1169.1'),1
FANOUT,K100,Exception('timeout_or_slo_miss: completed=67/100 errors=33 elapsed_ms=1311.7'),1
FANOUT,K100,Exception('timeout_or_slo_miss: completed=64/100 errors=36 elapsed_ms=1190.1'),1
FANOUT,K100,Exception('timeout_or_slo_miss: completed=59/100 errors=41 elapsed_ms=1509.9'),1
FANOUT,K100,Exception('timeout_or_slo_miss: completed=60/100 errors=40 elapsed_ms=1404.3'),1
FANOUT,K100,Exception('timeout_or_slo_miss: completed=67/100 errors=33 elapsed_ms=1143.8'),1
FANOUT,K100,Exception('timeout_or_slo_miss: completed=69/100 errors=24 elapsed_ms=1788.5'),1
FANOUT,K100,Exception('timeout_or_slo_miss: completed=62/100 errors=38 elapsed_ms=1246.3'),1
FANOUT,K100,Exception('timeout_or_slo_miss: completed=75/100 errors=15 elapsed_ms=1890.3'),1
FANOUT,K100,Exception('timeout_or_slo_miss: completed=65/100 errors=35 elapsed_ms=1232.7'),1
FANOUT,K100,Exception('timeout_or_slo_miss: completed=64/100 errors=36 elapsed_ms=1297.5'),1
FANOUT,K100,Exception('timeout_or_slo_miss: completed=67/100 errors=33 elapsed_ms=1156.5'),2
FANOUT,K100,Exception('timeout_or_slo_miss: completed=73/100 errors=27 elapsed_ms=1097.9'),1
FANOUT,K100,Exception('timeout_or_slo_miss: completed=67/100 errors=33 elapsed_ms=1162.9'),1
FANOUT,K100,Exception('timeout_or_slo_miss: completed=56/100 errors=44 elapsed_ms=1504.3'),1
FANOUT,K100,Exception('timeout_or_slo_miss: completed=64/100 errors=36 elapsed_ms=1207.2'),1
FANOUT,K100,Exception('timeout_or_slo_miss: completed=64/100 errors=36 elapsed_ms=1283.9'),1
FANOUT,K100,Exception('timeout_or_slo_miss: completed=75/100 errors=25 elapsed_ms=1012.9'),1
FANOUT,K100,Exception('timeout_or_slo_miss: completed=67/100 errors=33 elapsed_ms=1170.0'),1
FANOUT,K100,Exception('timeout_or_slo_miss: completed=70/100 errors=30 elapsed_ms=1018.7'),1
FANOUT,K100,Exception('timeout_or_slo_miss: completed=70/100 errors=30 elapsed_ms=1184.8'),1
FANOUT,K100,Exception('timeout_or_slo_miss: completed=64/100 errors=36 elapsed_ms=1226.2'),1
FANOUT,K100,Exception('timeout_or_slo_miss: completed=59/100 errors=41 elapsed_ms=1504.5'),3
FANOUT,K100,Exception('timeout_or_slo_miss: completed=64/100 errors=36 elapsed_ms=1263.4'),2
FANOUT,K100,Exception('timeout_or_slo_miss: completed=62/100 errors=38 elapsed_ms=1224.1'),1
FANOUT,K100,Exception('timeout_or_slo_miss: completed=68/100 errors=32 elapsed_ms=1170.8'),1
FANOUT,K100,Exception('timeout_or_slo_miss: completed=66/100 errors=34 elapsed_ms=1198.9'),1
FANOUT,K100,Exception('timeout_or_slo_miss: completed=73/100 errors=27 elapsed_ms=1127.8'),1
FANOUT,K100,Exception('timeout_or_slo_miss: completed=68/100 errors=32 elapsed_ms=1162.6'),1
FANOUT,K100,Exception('timeout_or_slo_miss: completed=74/100 errors=26 elapsed_ms=1098.9'),1
FANOUT,K100,Exception('timeout_or_slo_miss: completed=64/100 errors=36 elapsed_ms=1261.8'),1
FANOUT,K100,Exception('timeout_or_slo_miss: completed=70/100 errors=30 elapsed_ms=1191.9'),1
FANOUT,K100,Exception('timeout_or_slo_miss: completed=63/100 errors=37 elapsed_ms=1251.6'),2
FANOUT,K100,Exception('timeout_or_slo_miss: completed=67/100 errors=33 elapsed_ms=1218.6'),1
FANOUT,K100,Exception('timeout_or_slo_miss: completed=64/100 errors=36 elapsed_ms=1215.2'),1
FANOUT,K100,Exception('timeout_or_slo_miss: completed=58/100 errors=42 elapsed_ms=1508.3'),1
FANOUT,K100,Exception('timeout_or_slo_miss: completed=65/100 errors=35 elapsed_ms=1185.2'),1
FANOUT,K100,Exception('timeout_or_slo_miss: completed=70/100 errors=30 elapsed_ms=1118.5'),1
FANOUT,K100,Exception('timeout_or_slo_miss: completed=64/100 errors=26 elapsed_ms=2354.8'),1
FANOUT,K100,Exception('timeout_or_slo_miss: completed=65/100 errors=35 elapsed_ms=1195.5'),1
FANOUT,K100,Exception('timeout_or_slo_miss: completed=65/100 errors=28 elapsed_ms=2020.7'),1
FANOUT,K100,Exception('timeout_or_slo_miss: completed=66/100 errors=34 elapsed_ms=1123.6'),1
FANOUT,K100,Exception('timeout_or_slo_miss: completed=56/100 errors=44 elapsed_ms=1529.1'),1
FANOUT,K100,Exception('timeout_or_slo_miss: completed=75/100 errors=25 elapsed_ms=1020.5'),1
FANOUT,K100,Exception('timeout_or_slo_miss: completed=72/100 errors=28 elapsed_ms=1125.7'),1
FANOUT,K100,Exception('timeout_or_slo_miss: completed=67/100 errors=33 elapsed_ms=1192.9'),1
FANOUT,K100,Exception('timeout_or_slo_miss: completed=69/100 errors=31 elapsed_ms=1125.0'),1
FANOUT,K100,Exception('timeout_or_slo_miss: completed=66/100 errors=24 elapsed_ms=2280.1'),1
FANOUT,K100,Exception('timeout_or_slo_miss: completed=68/100 errors=22 elapsed_ms=2121.8'),1
FANOUT,K100,Exception('timeout_or_slo_miss: completed=61/100 errors=39 elapsed_ms=1390.7'),1
FANOUT,K100,Exception('timeout_or_slo_miss: completed=69/100 errors=24 elapsed_ms=2011.6'),1
FANOUT,K100,Exception('timeout_or_slo_miss: completed=63/100 errors=37 elapsed_ms=1277.1'),1
FANOUT,K100,Exception('timeout_or_slo_miss: completed=63/100 errors=37 elapsed_ms=1334.1'),1
FANOUT,K100,Exception('timeout_or_slo_miss: completed=73/100 errors=27 elapsed_ms=1065.8'),1
FANOUT,K100,Exception('timeout_or_slo_miss: completed=72/100 errors=28 elapsed_ms=1165.7'),1
FANOUT,K100,Exception('timeout_or_slo_miss: completed=53/100 errors=47 elapsed_ms=1512.8'),1
FANOUT,K100,Exception('timeout_or_slo_miss: completed=64/100 errors=36 elapsed_ms=1272.9'),1
FANOUT,K100,Exception('timeout_or_slo_miss: completed=63/100 errors=37 elapsed_ms=1302.6'),1
FANOUT,K100,Exception('timeout_or_slo_miss: completed=65/100 errors=35 elapsed_ms=1254.9'),1
FANOUT,K100,Exception('timeout_or_slo_miss: completed=69/100 errors=24 elapsed_ms=1965.2'),1
FANOUT,K100,Exception('timeout_or_slo_miss: completed=70/100 errors=30 elapsed_ms=1112.4'),1
FANOUT,K100,Exception('timeout_or_slo_miss: completed=72/100 errors=28 elapsed_ms=1139.6'),1
FANOUT,K100,Exception('timeout_or_slo_miss: completed=74/100 errors=26 elapsed_ms=1118.5'),1
FANOUT,K100,Exception('timeout_or_slo_miss: completed=66/100 errors=34 elapsed_ms=1224.1'),1
FANOUT,K100,Exception('timeout_or_slo_miss: completed=60/100 errors=40 elapsed_ms=1364.6'),1
FANOUT,K100,Exception('timeout_or_slo_miss: completed=67/100 errors=33 elapsed_ms=1171.4'),1
FANOUT,K100,Exception('timeout_or_slo_miss: completed=70/100 errors=23 elapsed_ms=1780.9'),1
FANOUT,K100,Exception('timeout_or_slo_miss: completed=67/100 errors=33 elapsed_ms=1271.3'),1
FANOUT,K100,Exception('timeout_or_slo_miss: completed=72/100 errors=28 elapsed_ms=1077.8'),1
FANOUT,K100,Exception('timeout_or_slo_miss: completed=67/100 errors=33 elapsed_ms=1201.5'),1
FANOUT,K100,Exception('timeout_or_slo_miss: completed=68/100 errors=32 elapsed_ms=1165.1'),1
FANOUT,K100,Exception('timeout_or_slo_miss: completed=68/100 errors=32 elapsed_ms=1159.4'),1
FANOUT,K100,Exception('timeout_or_slo_miss: completed=67/100 errors=26 elapsed_ms=2034.5'),1
FANOUT,K100,Exception('timeout_or_slo_miss: completed=57/100 errors=33 elapsed_ms=2727.3'),1
FANOUT,K100,Exception('timeout_or_slo_miss: completed=68/100 errors=32 elapsed_ms=1193.6'),1
FANOUT,K100,Exception('timeout_or_slo_miss: completed=74/100 errors=26 elapsed_ms=1119.5'),1
FANOUT,K100,Exception('timeout_or_slo_miss: completed=64/100 errors=36 elapsed_ms=1236.6'),1
FANOUT,K100,Exception('timeout_or_slo_miss: completed=72/100 errors=28 elapsed_ms=1117.2'),2
FANOUT,K100,Exception('timeout_or_slo_miss: completed=58/100 errors=42 elapsed_ms=1508.0'),1
FANOUT,K100,Exception('timeout_or_slo_miss: completed=75/100 errors=25 elapsed_ms=1009.1'),1
FANOUT,K100,Exception('timeout_or_slo_miss: completed=64/100 errors=36 elapsed_ms=1238.4'),1
FANOUT,K100,Exception('timeout_or_slo_miss: completed=78/100 errors=12 elapsed_ms=1640.5'),1
FANOUT,K100,Exception('timeout_or_slo_miss: completed=66/100 errors=34 elapsed_ms=1181.5'),1
FANOUT,K100,Exception('timeout_or_slo_miss: completed=69/100 errors=31 elapsed_ms=1103.2'),1
FANOUT,K100,Exception('timeout_or_slo_miss: completed=69/100 errors=31 elapsed_ms=1136.8'),1
FANOUT,K100,Exception('timeout_or_slo_miss: completed=62/100 errors=38 elapsed_ms=1284.4'),1
FANOUT,K100,Exception('timeout_or_slo_miss: completed=73/100 errors=27 elapsed_ms=1133.6'),1
FANOUT,K100,Exception('timeout_or_slo_miss: completed=67/100 errors=33 elapsed_ms=1262.7'),1
FANOUT,K100,Exception('timeout_or_slo_miss: completed=59/100 errors=41 elapsed_ms=1503.8'),1
FANOUT,K100,Exception('timeout_or_slo_miss: completed=58/100 errors=42 elapsed_ms=1506.2'),1
FANOUT,K100,Exception('timeout_or_slo_miss: completed=66/100 errors=24 elapsed_ms=2156.7'),1
FANOUT,K100,Exception('timeout_or_slo_miss: completed=69/100 errors=21 elapsed_ms=2105.0'),1
FANOUT,K100,Exception('timeout_or_slo_miss: completed=67/100 errors=33 elapsed_ms=1194.3'),1
FANOUT,K100,Exception('timeout_or_slo_miss: completed=66/100 errors=34 elapsed_ms=1208.5'),1
FANOUT,K100,Exception('timeout_or_slo_miss: completed=57/100 errors=43 elapsed_ms=1506.1'),1
FANOUT,K100,Exception('timeout_or_slo_miss: completed=61/100 errors=39 elapsed_ms=1497.7'),1
FANOUT,K100,Exception('timeout_or_slo_miss: completed=71/100 errors=29 elapsed_ms=1117.1'),1
FANOUT,K100,Exception('timeout_or_slo_miss: completed=66/100 errors=34 elapsed_ms=1260.5'),1
FANOUT,K100,Exception('timeout_or_slo_miss: completed=71/100 errors=29 elapsed_ms=1192.7'),1
FANOUT,K100,Exception('timeout_or_slo_miss: completed=69/100 errors=31 elapsed_ms=1119.7'),1
FANOUT,K100,Exception('timeout_or_slo_miss: completed=58/100 errors=32 elapsed_ms=2583.1'),1
FANOUT,K100,Exception('timeout_or_slo_miss: completed=70/100 errors=30 elapsed_ms=1165.9'),1
FANOUT,K100,Exception('timeout_or_slo_miss: completed=61/100 errors=39 elapsed_ms=1504.1'),1
FANOUT,K100,Exception('timeout_or_slo_miss: completed=68/100 errors=22 elapsed_ms=2140.7'),1
FANOUT,K100,Exception('timeout_or_slo_miss: completed=77/100 errors=23 elapsed_ms=1097.8'),1
FANOUT,K100,Exception('timeout_or_slo_miss: completed=68/100 errors=32 elapsed_ms=1225.0'),1
FANOUT,K100,Exception('timeout_or_slo_miss: completed=64/100 errors=36 elapsed_ms=1255.3'),1
FANOUT,K100,Exception('timeout_or_slo_miss: completed=66/100 errors=34 elapsed_ms=1136.8'),1
FANOUT,K100,Exception('timeout_or_slo_miss: completed=61/100 errors=32 elapsed_ms=2226.8'),1
FANOUT,K100,Exception('timeout_or_slo_miss: completed=68/100 errors=32 elapsed_ms=1113.1'),1
FANOUT,K100,Exception('timeout_or_slo_miss: completed=72/100 errors=28 elapsed_ms=1125.2'),1
FANOUT,K100,Exception('timeout_or_slo_miss: completed=71/100 errors=29 elapsed_ms=1136.1'),1
FANOUT,K100,Exception('timeout_or_slo_miss: completed=61/100 errors=39 elapsed_ms=1378.6'),1
FANOUT,K100,Exception('timeout_or_slo_miss: completed=66/100 errors=34 elapsed_ms=1223.4'),2
FANOUT,K100,Exception('timeout_or_slo_miss: completed=71/100 errors=29 elapsed_ms=1102.1'),1
FANOUT,K100,Exception('timeout_or_slo_miss: completed=65/100 errors=35 elapsed_ms=1246.8'),2
FANOUT,K100,Exception('timeout_or_slo_miss: completed=58/100 errors=42 elapsed_ms=1510.2'),1
FANOUT,K100,Exception('timeout_or_slo_miss: completed=63/100 errors=37 elapsed_ms=1363.1'),1
FANOUT,K100,Exception('timeout_or_slo_miss: completed=64/100 errors=36 elapsed_ms=1201.5'),1
FANOUT,K100,Exception('timeout_or_slo_miss: completed=64/100 errors=29 elapsed_ms=2116.4'),1
FANOUT,K100,Exception('timeout_or_slo_miss: completed=75/100 errors=25 elapsed_ms=1013.5'),1
FANOUT,K100,Exception('timeout_or_slo_miss: completed=66/100 errors=34 elapsed_ms=1198.0'),1
FANOUT,K100,Exception('timeout_or_slo_miss: completed=58/100 errors=42 elapsed_ms=1510.9'),1
FANOUT,K100,Exception('timeout_or_slo_miss: completed=70/100 errors=30 elapsed_ms=1191.5'),1
FANOUT,K100,Exception('timeout_or_slo_miss: completed=27/100 errors=58 elapsed_ms=21427.2'),1
FANOUT,K100,Exception('timeout_or_slo_miss: completed=61/100 errors=39 elapsed_ms=1503.2'),2
FANOUT,K100,Exception('timeout_or_slo_miss: completed=65/100 errors=35 elapsed_ms=1277.7'),1
FANOUT,K100,Exception('timeout_or_slo_miss: completed=60/100 errors=40 elapsed_ms=1503.0'),2
FANOUT,K100,Exception('timeout_or_slo_miss: completed=77/100 errors=23 elapsed_ms=1007.3'),1
FANOUT,K100,Exception('timeout_or_slo_miss: completed=73/100 errors=27 elapsed_ms=1020.9'),1
FANOUT,K100,Exception('timeout_or_slo_miss: completed=68/100 errors=32 elapsed_ms=1190.3'),1
FANOUT,K100,Exception('timeout_or_slo_miss: completed=69/100 errors=21 elapsed_ms=2157.6'),1
FANOUT,K100,Exception('timeout_or_slo_miss: completed=74/100 errors=26 elapsed_ms=1126.8'),1
FANOUT,K100,Exception('timeout_or_slo_miss: completed=65/100 errors=35 elapsed_ms=1231.6'),1
FANOUT,K100,Exception('timeout_or_slo_miss: completed=66/100 errors=34 elapsed_ms=1543.5'),1
FANOUT,K100,Exception('timeout_or_slo_miss: completed=57/100 errors=43 elapsed_ms=1506.7'),2
FANOUT,K100,Exception('timeout_or_slo_miss: completed=64/100 errors=36 elapsed_ms=1283.6'),2
FANOUT,K100,Exception('timeout_or_slo_miss: completed=65/100 errors=35 elapsed_ms=1202.1'),1
FANOUT,K100,Exception('timeout_or_slo_miss: completed=56/100 errors=44 elapsed_ms=1511.0'),1
FANOUT,K100,Exception('timeout_or_slo_miss: completed=74/100 errors=26 elapsed_ms=1112.3'),1
FANOUT,K100,Exception('timeout_or_slo_miss: completed=77/100 errors=16 elapsed_ms=1727.2'),1
FANOUT,K100,Exception('timeout_or_slo_miss: completed=71/100 errors=19 elapsed_ms=2017.2'),1
FANOUT,K100,Exception('timeout_or_slo_miss: completed=77/100 errors=23 elapsed_ms=1107.1'),1
FANOUT,K100,Exception('timeout_or_slo_miss: completed=62/100 errors=28 elapsed_ms=2448.4'),1
FANOUT,K100,Exception('timeout_or_slo_miss: completed=55/100 errors=35 elapsed_ms=2767.7'),1
FANOUT,K100,Exception('timeout_or_slo_miss: completed=67/100 errors=33 elapsed_ms=1174.7'),1
FANOUT,K100,Exception('timeout_or_slo_miss: completed=69/100 errors=31 elapsed_ms=1142.8'),1
FANOUT,K100,Exception('timeout_or_slo_miss: completed=62/100 errors=38 elapsed_ms=1292.6'),1
FANOUT,K100,Exception('timeout_or_slo_miss: completed=66/100 errors=34 elapsed_ms=1216.1'),1
FANOUT,K100,Exception('timeout_or_slo_miss: completed=66/100 errors=34 elapsed_ms=1130.1'),1
FANOUT,K100,Exception('timeout_or_slo_miss: completed=71/100 errors=29 elapsed_ms=1094.3'),1
FANOUT,K100,Exception('timeout_or_slo_miss: completed=69/100 errors=24 elapsed_ms=1875.0'),1
FANOUT,K100,Exception('timeout_or_slo_miss: completed=70/100 errors=23 elapsed_ms=1923.7'),1
FANOUT,K100,Exception('timeout_or_slo_miss: completed=65/100 errors=35 elapsed_ms=1254.3'),2
FANOUT,K100,Exception('timeout_or_slo_miss: completed=62/100 errors=38 elapsed_ms=1189.5'),1
FANOUT,K100,Exception('timeout_or_slo_miss: completed=65/100 errors=35 elapsed_ms=1238.1'),1
FANOUT,K100,Exception('timeout_or_slo_miss: completed=67/100 errors=33 elapsed_ms=1148.9'),1
FANOUT,K100,Exception('timeout_or_slo_miss: completed=65/100 errors=35 elapsed_ms=1179.9'),1
FANOUT,K100,Exception('timeout_or_slo_miss: completed=70/100 errors=30 elapsed_ms=1150.1'),1
FANOUT,K100,Exception('timeout_or_slo_miss: completed=77/100 errors=23 elapsed_ms=1027.6'),1
FANOUT,K100,Exception('timeout_or_slo_miss: completed=77/100 errors=23 elapsed_ms=1006.4'),1
FANOUT,K100,Exception('timeout_or_slo_miss: completed=69/100 errors=31 elapsed_ms=1163.7'),1
FANOUT,K100,Exception('timeout_or_slo_miss: completed=73/100 errors=27 elapsed_ms=1129.8'),1
FANOUT,K100,Exception('timeout_or_slo_miss: completed=63/100 errors=37 elapsed_ms=1272.5'),2
FANOUT,K100,Exception('timeout_or_slo_miss: completed=70/100 errors=23 elapsed_ms=1764.4'),1
FANOUT,K100,Exception('timeout_or_slo_miss: completed=61/100 errors=39 elapsed_ms=1399.7'),1
FANOUT,K100,Exception('timeout_or_slo_miss: completed=68/100 errors=32 elapsed_ms=1146.9'),2
FANOUT,K100,Exception('timeout_or_slo_miss: completed=75/100 errors=25 elapsed_ms=1021.8'),1
FANOUT,K100,Exception('timeout_or_slo_miss: completed=67/100 errors=33 elapsed_ms=1141.6'),2
FANOUT,K100,Exception('timeout_or_slo_miss: completed=73/100 errors=27 elapsed_ms=1020.3'),1
FANOUT,K100,Exception('timeout_or_slo_miss: completed=68/100 errors=32 elapsed_ms=1211.0'),1
FANOUT,K100,Exception('timeout_or_slo_miss: completed=65/100 errors=35 elapsed_ms=1145.4'),1
FANOUT,K100,Exception('timeout_or_slo_miss: completed=65/100 errors=35 elapsed_ms=1197.8'),1
FANOUT,K100,Exception('timeout_or_slo_miss: completed=68/100 errors=32 elapsed_ms=1165.7'),1
FANOUT,K100,Exception('timeout_or_slo_miss: completed=65/100 errors=35 elapsed_ms=1279.6'),2
FANOUT,K100,Exception('timeout_or_slo_miss: completed=70/100 errors=30 elapsed_ms=1137.4'),1
FANOUT,K100,Exception('timeout_or_slo_miss: completed=63/100 errors=37 elapsed_ms=1305.6'),1
FANOUT,K100,Exception('timeout_or_slo_miss: completed=64/100 errors=36 elapsed_ms=1236.8'),1
FANOUT,K100,Exception('timeout_or_slo_miss: completed=60/100 errors=40 elapsed_ms=1467.7'),1
FANOUT,K100,Exception('timeout_or_slo_miss: completed=72/100 errors=28 elapsed_ms=1015.7'),1
FANOUT,K100,Exception('timeout_or_slo_miss: completed=70/100 errors=30 elapsed_ms=1120.2'),1
FANOUT,K100,Exception('timeout_or_slo_miss: completed=73/100 errors=27 elapsed_ms=1132.9'),1
FANOUT,K100,Exception('timeout_or_slo_miss: completed=63/100 errors=30 elapsed_ms=2017.7'),1
FANOUT,K100,Exception('timeout_or_slo_miss: completed=69/100 errors=31 elapsed_ms=1122.0'),1
FANOUT,K100,Exception('timeout_or_slo_miss: completed=71/100 errors=22 elapsed_ms=1834.1'),1
FANOUT,K100,Exception('timeout_or_slo_miss: completed=72/100 errors=28 elapsed_ms=1123.8'),1
FANOUT,K100,Exception('timeout_or_slo_miss: completed=65/100 errors=35 elapsed_ms=1312.9'),1
FANOUT,K100,Exception('timeout_or_slo_miss: completed=70/100 errors=30 elapsed_ms=1157.7'),1
FANOUT,K100,Exception('timeout_or_slo_miss: completed=75/100 errors=25 elapsed_ms=1010.2'),1
FANOUT,K100,Exception('timeout_or_slo_miss: completed=68/100 errors=32 elapsed_ms=1112.1'),1
FANOUT,K100,Exception('timeout_or_slo_miss: completed=71/100 errors=29 elapsed_ms=1136.7'),1
FANOUT,K100,Exception('timeout_or_slo_miss: completed=78/100 errors=22 elapsed_ms=1012.2'),2
FANOUT,K100,Exception('timeout_or_slo_miss: completed=65/100 errors=35 elapsed_ms=1235.5'),1
FANOUT,K100,Exception('timeout_or_slo_miss: completed=67/100 errors=33 elapsed_ms=1182.4'),1
FANOUT,K100,Exception('timeout_or_slo_miss: completed=72/100 errors=28 elapsed_ms=1072.5'),1
FANOUT,K100,Exception('timeout_or_slo_miss: completed=62/100 errors=38 elapsed_ms=1234.8'),1
FANOUT,K100,Exception('timeout_or_slo_miss: completed=65/100 errors=35 elapsed_ms=1267.5'),1
FANOUT,K100,Exception('timeout_or_slo_miss: completed=70/100 errors=30 elapsed_ms=1157.6'),1
FANOUT,K100,Exception('timeout_or_slo_miss: completed=67/100 errors=33 elapsed_ms=1241.2'),1
FANOUT,K100,Exception('timeout_or_slo_miss: completed=71/100 errors=29 elapsed_ms=1164.4'),1
FANOUT,K100,Exception('timeout_or_slo_miss: completed=66/100 errors=34 elapsed_ms=1147.4'),1
FANOUT,K100,Exception('timeout_or_slo_miss: completed=64/100 errors=36 elapsed_ms=1311.9'),1
FANOUT,K100,Exception('timeout_or_slo_miss: completed=70/100 errors=30 elapsed_ms=1166.6'),1
FANOUT,K100,Exception('timeout_or_slo_miss: completed=56/100 errors=44 elapsed_ms=1535.4'),1
FANOUT,K100,Exception('timeout_or_slo_miss: completed=72/100 errors=28 elapsed_ms=1114.6'),1
FANOUT,K100,Exception('timeout_or_slo_miss: completed=67/100 errors=19 elapsed_ms=3475.6'),1
FANOUT,K100,Exception('timeout_or_slo_miss: completed=60/100 errors=40 elapsed_ms=1422.4'),1
FANOUT,K100,Exception('timeout_or_slo_miss: completed=59/100 errors=31 elapsed_ms=2663.9'),1
FANOUT,K100,Exception('timeout_or_slo_miss: completed=69/100 errors=31 elapsed_ms=1129.0'),1
FANOUT,K100,Exception('timeout_or_slo_miss: completed=65/100 errors=35 elapsed_ms=1156.3'),1
FANOUT,K100,Exception('timeout_or_slo_miss: completed=65/100 errors=35 elapsed_ms=1161.5'),1
FANOUT,K100,Exception('timeout_or_slo_miss: completed=74/100 errors=26 elapsed_ms=1131.7'),1
FANOUT,K100,Exception('timeout_or_slo_miss: completed=69/100 errors=31 elapsed_ms=1134.8'),1
FANOUT,K100,Exception('timeout_or_slo_miss: completed=60/100 errors=40 elapsed_ms=1365.2'),1
FANOUT,K100,Exception('timeout_or_slo_miss: completed=63/100 errors=37 elapsed_ms=1313.2'),1
FANOUT,K100,Exception('timeout_or_slo_miss: completed=64/100 errors=36 elapsed_ms=1214.3'),1
FANOUT,K100,Exception('timeout_or_slo_miss: completed=71/100 errors=19 elapsed_ms=2015.6'),1
FANOUT,K100,Exception('timeout_or_slo_miss: completed=65/100 errors=35 elapsed_ms=1193.7'),1
FANOUT,K100,Exception('timeout_or_slo_miss: completed=72/100 errors=21 elapsed_ms=1708.0'),1
FANOUT,K100,Exception('timeout_or_slo_miss: completed=65/100 errors=35 elapsed_ms=1255.7'),1
FANOUT,K100,Exception('timeout_or_slo_miss: completed=67/100 errors=33 elapsed_ms=1205.5'),1
FANOUT,K100,Exception('timeout_or_slo_miss: completed=62/100 errors=38 elapsed_ms=1800.3'),1
FANOUT,K100,Exception('timeout_or_slo_miss: completed=66/100 errors=34 elapsed_ms=1232.6'),1
FANOUT,K100,Exception('timeout_or_slo_miss: completed=65/100 errors=35 elapsed_ms=1263.2'),1
FANOUT,K100,Exception('timeout_or_slo_miss: completed=68/100 errors=32 elapsed_ms=1246.1'),1
FANOUT,K100,Exception('timeout_or_slo_miss: completed=70/100 errors=30 elapsed_ms=1160.3'),1
FANOUT,K100,Exception('timeout_or_slo_miss: completed=75/100 errors=25 elapsed_ms=1029.5'),1
FANOUT,K100,Exception('timeout_or_slo_miss: completed=64/100 errors=36 elapsed_ms=1259.6'),1
FANOUT,K100,Exception('timeout_or_slo_miss: completed=65/100 errors=35 elapsed_ms=1191.5'),1
FANOUT,K100,Exception('timeout_or_slo_miss: completed=68/100 errors=32 elapsed_ms=1150.7'),2
FANOUT,K100,Exception('timeout_or_slo_miss: completed=72/100 errors=28 elapsed_ms=1110.7'),1
FANOUT,K100,Exception('timeout_or_slo_miss: completed=63/100 errors=37 elapsed_ms=1266.5'),1
FANOUT,K100,Exception('timeout_or_slo_miss: completed=68/100 errors=32 elapsed_ms=1144.4'),1
FANOUT,K100,Exception('timeout_or_slo_miss: completed=69/100 errors=31 elapsed_ms=1214.3'),1
FANOUT,K100,Exception('timeout_or_slo_miss: completed=64/100 errors=26 elapsed_ms=2277.7'),1
FANOUT,K100,Exception('timeout_or_slo_miss: completed=77/100 errors=23 elapsed_ms=1013.5'),1
FANOUT,K100,Exception('timeout_or_slo_miss: completed=72/100 errors=28 elapsed_ms=1115.7'),1
FANOUT,K100,Exception('timeout_or_slo_miss: completed=69/100 errors=31 elapsed_ms=1018.2'),1
FANOUT,K100,Exception('timeout_or_slo_miss: completed=73/100 errors=27 elapsed_ms=1016.3'),1
FANOUT,K100,Exception('timeout_or_slo_miss: completed=65/100 errors=35 elapsed_ms=1281.1'),2
FANOUT,K100,Exception('timeout_or_slo_miss: completed=64/100 errors=36 elapsed_ms=1172.3'),1
FANOUT,K100,Exception('timeout_or_slo_miss: completed=66/100 errors=34 elapsed_ms=1200.8'),1
FANOUT,K100,Exception('timeout_or_slo_miss: completed=68/100 errors=25 elapsed_ms=2012.9'),1
FANOUT,K100,Exception('timeout_or_slo_miss: completed=72/100 errors=28 elapsed_ms=1088.0'),1
FANOUT,K100,Exception('timeout_or_slo_miss: completed=56/100 errors=44 elapsed_ms=1549.1'),1
FANOUT,K100,Exception('timeout_or_slo_miss: completed=63/100 errors=27 elapsed_ms=2246.0'),1
FANOUT,K100,Exception('timeout_or_slo_miss: completed=68/100 errors=32 elapsed_ms=1097.8'),1
FANOUT,K100,Exception('timeout_or_slo_miss: completed=72/100 errors=28 elapsed_ms=1145.8'),1
FANOUT,K100,Exception('timeout_or_slo_miss: completed=70/100 errors=30 elapsed_ms=1158.6'),1
FANOUT,K100,Exception('timeout_or_slo_miss: completed=63/100 errors=37 elapsed_ms=1292.4'),1
FANOUT,K100,Exception('timeout_or_slo_miss: completed=63/100 errors=37 elapsed_ms=1205.1'),1
FANOUT,K100,Exception('timeout_or_slo_miss: completed=68/100 errors=32 elapsed_ms=1110.0'),1
FANOUT,K100,Exception('timeout_or_slo_miss: completed=76/100 errors=24 elapsed_ms=1009.4'),1
FANOUT,K100,Exception('timeout_or_slo_miss: completed=55/100 errors=45 elapsed_ms=1507.1'),1
FANOUT,K100,Exception('timeout_or_slo_miss: completed=66/100 errors=34 elapsed_ms=1182.0'),2
FANOUT,K100,Exception('timeout_or_slo_miss: completed=73/100 errors=27 elapsed_ms=1108.9'),1
FANOUT,K100,Exception('timeout_or_slo_miss: completed=63/100 errors=37 elapsed_ms=1335.3'),1
FANOUT,K100,Exception('timeout_or_slo_miss: completed=69/100 errors=31 elapsed_ms=1144.3'),1
FANOUT,K100,Exception('timeout_or_slo_miss: completed=68/100 errors=22 elapsed_ms=2168.8'),1
FANOUT,K100,Exception('timeout_or_slo_miss: completed=68/100 errors=32 elapsed_ms=1177.6'),1
FANOUT,K100,Exception('timeout_or_slo_miss: completed=66/100 errors=34 elapsed_ms=1128.0'),1
FANOUT,K100,Exception('timeout_or_slo_miss: completed=67/100 errors=33 elapsed_ms=1159.7'),1
FANOUT,K100,Exception('timeout_or_slo_miss: completed=69/100 errors=31 elapsed_ms=1141.0'),1
FANOUT,K100,Exception('timeout_or_slo_miss: completed=73/100 errors=20 elapsed_ms=1755.8'),1
FANOUT,K100,Exception('timeout_or_slo_miss: completed=70/100 errors=30 elapsed_ms=1189.9'),1
FANOUT,K100,Exception('timeout_or_slo_miss: completed=68/100 errors=28 elapsed_ms=2394.7'),1
FANOUT,K100,Exception('timeout_or_slo_miss: completed=68/100 errors=32 elapsed_ms=1138.7'),1
FANOUT,K100,Exception('timeout_or_slo_miss: completed=62/100 errors=38 elapsed_ms=1437.8'),1
FANOUT,K100,Exception('timeout_or_slo_miss: completed=73/100 errors=27 elapsed_ms=1142.5'),1
FANOUT,K100,Exception('timeout_or_slo_miss: completed=67/100 errors=33 elapsed_ms=1204.5'),1
FANOUT,K100,Exception('timeout_or_slo_miss: completed=69/100 errors=31 elapsed_ms=1185.2'),1
FANOUT,K100,Exception('timeout_or_slo_miss: completed=72/100 errors=28 elapsed_ms=1095.4'),1
FANOUT,K100,Exception('timeout_or_slo_miss: completed=66/100 errors=34 elapsed_ms=1126.6'),1
FANOUT,K100,Exception('timeout_or_slo_miss: completed=56/100 errors=44 elapsed_ms=1513.1'),1
FANOUT,K100,Exception('timeout_or_slo_miss: completed=62/100 errors=38 elapsed_ms=1251.9'),1
FANOUT,K100,Exception('timeout_or_slo_miss: completed=65/100 errors=35 elapsed_ms=1279.0'),1
FANOUT,K100,Exception('timeout_or_slo_miss: completed=66/100 errors=34 elapsed_ms=1157.0'),1
FANOUT,K100,Exception('timeout_or_slo_miss: completed=63/100 errors=37 elapsed_ms=1274.0'),1
FANOUT,K100,Exception('timeout_or_slo_miss: completed=79/100 errors=21 elapsed_ms=1011.9'),1
FANOUT,K100,Exception('timeout_or_slo_miss: completed=74/100 errors=26 elapsed_ms=1012.6'),1
FANOUT,K100,Exception('timeout_or_slo_miss: completed=66/100 errors=34 elapsed_ms=1229.9'),1
FANOUT,K100,Exception('timeout_or_slo_miss: completed=71/100 errors=29 elapsed_ms=1156.0'),1
FANOUT,K100,Exception('timeout_or_slo_miss: completed=74/100 errors=26 elapsed_ms=1071.0'),1
FANOUT,K100,Exception('timeout_or_slo_miss: completed=74/100 errors=26 elapsed_ms=1133.3'),1
FANOUT,K100,Exception('timeout_or_slo_miss: completed=57/100 errors=43 elapsed_ms=1506.5'),2
FANOUT,K100,Exception('timeout_or_slo_miss: completed=70/100 errors=30 elapsed_ms=1097.8'),1
FANOUT,K100,Exception('timeout_or_slo_miss: completed=68/100 errors=32 elapsed_ms=1140.1'),1
FANOUT,K100,Exception('timeout_or_slo_miss: completed=68/100 errors=32 elapsed_ms=1152.4'),1
FANOUT,K100,Exception('timeout_or_slo_miss: completed=73/100 errors=27 elapsed_ms=1108.1'),1
FANOUT,K100,Exception('timeout_or_slo_miss: completed=70/100 errors=23 elapsed_ms=1809.7'),1
FANOUT,K100,Exception('timeout_or_slo_miss: completed=69/100 errors=31 elapsed_ms=1174.6'),1
FANOUT,K100,Exception('timeout_or_slo_miss: completed=70/100 errors=20 elapsed_ms=2112.7'),1
FANOUT,K100,Exception('timeout_or_slo_miss: completed=69/100 errors=31 elapsed_ms=1137.2'),1
FANOUT,K100,Exception('timeout_or_slo_miss: completed=67/100 errors=33 elapsed_ms=1185.9'),1
FANOUT,K100,Exception('timeout_or_slo_miss: completed=68/100 errors=32 elapsed_ms=1174.9'),1
FANOUT,K100,Exception('timeout_or_slo_miss: completed=67/100 errors=33 elapsed_ms=1229.8'),1
FANOUT,K100,Exception('timeout_or_slo_miss: completed=67/100 errors=33 elapsed_ms=1196.2'),1
FANOUT,K100,Exception('timeout_or_slo_miss: completed=68/100 errors=32 elapsed_ms=1226.8'),1
FANOUT,K100,Exception('timeout_or_slo_miss: completed=65/100 errors=28 elapsed_ms=2143.9'),1
FANOUT,K100,Exception('timeout_or_slo_miss: completed=65/100 errors=35 elapsed_ms=1286.2'),1
FANOUT,K100,Exception('timeout_or_slo_miss: completed=64/100 errors=36 elapsed_ms=1163.7'),1
FANOUT,K100,Exception('timeout_or_slo_miss: completed=62/100 errors=38 elapsed_ms=1236.1'),1
FANOUT,K100,Exception('timeout_or_slo_miss: completed=72/100 errors=28 elapsed_ms=1112.8'),1
FANOUT,K100,Exception('timeout_or_slo_miss: completed=68/100 errors=32 elapsed_ms=1197.8'),1
FANOUT,K100,Exception('timeout_or_slo_miss: completed=69/100 errors=31 elapsed_ms=1136.3'),1
FANOUT,K100,Exception('timeout_or_slo_miss: completed=69/100 errors=31 elapsed_ms=1206.8'),1
FANOUT,K100,Exception('timeout_or_slo_miss: completed=69/100 errors=31 elapsed_ms=1198.9'),1
FANOUT,K100,Exception('timeout_or_slo_miss: completed=69/100 errors=31 elapsed_ms=1165.2'),1
FANOUT,K100,Exception('timeout_or_slo_miss: completed=64/100 errors=36 elapsed_ms=1392.1'),1
FANOUT,K100,Exception('timeout_or_slo_miss: completed=66/100 errors=34 elapsed_ms=1161.3'),2
FANOUT,K100,Exception('timeout_or_slo_miss: completed=62/100 errors=38 elapsed_ms=1501.9'),1
FANOUT,K100,Exception('timeout_or_slo_miss: completed=62/100 errors=38 elapsed_ms=1264.3'),1
FANOUT,K100,Exception('timeout_or_slo_miss: completed=73/100 errors=27 elapsed_ms=1144.5'),1
FANOUT,K100,Exception('timeout_or_slo_miss: completed=66/100 errors=34 elapsed_ms=1221.1'),2
FANOUT,K100,Exception('timeout_or_slo_miss: completed=60/100 errors=30 elapsed_ms=2508.7'),1
FANOUT,K100,Exception('timeout_or_slo_miss: completed=64/100 errors=26 elapsed_ms=2323.4'),1
FANOUT,K100,Exception('timeout_or_slo_miss: completed=62/100 errors=38 elapsed_ms=1334.2'),1
FANOUT,K100,Exception('timeout_or_slo_miss: completed=68/100 errors=32 elapsed_ms=1164.7'),1
FANOUT,K100,Exception('timeout_or_slo_miss: completed=70/100 errors=23 elapsed_ms=1872.8'),1
FANOUT,K100,Exception('timeout_or_slo_miss: completed=66/100 errors=34 elapsed_ms=1165.4'),1
FANOUT,K100,Exception('timeout_or_slo_miss: completed=72/100 errors=28 elapsed_ms=1130.2'),2
FANOUT,K100,Exception('timeout_or_slo_miss: completed=61/100 errors=39 elapsed_ms=1182.5'),1
FANOUT,K100,Exception('timeout_or_slo_miss: completed=66/100 errors=34 elapsed_ms=1153.2'),1
FANOUT,K100,Exception('timeout_or_slo_miss: completed=73/100 errors=27 elapsed_ms=1104.5'),1
FANOUT,K100,Exception('timeout_or_slo_miss: completed=67/100 errors=33 elapsed_ms=1235.3'),1
FANOUT,K100,Exception('timeout_or_slo_miss: completed=64/100 errors=36 elapsed_ms=1280.2'),2
FANOUT,K100,Exception('timeout_or_slo_miss: completed=63/100 errors=37 elapsed_ms=1222.2'),1
FANOUT,K100,Exception('timeout_or_slo_miss: completed=65/100 errors=35 elapsed_ms=1185.0'),1
FANOUT,K100,Exception('timeout_or_slo_miss: completed=64/100 errors=36 elapsed_ms=1262.8'),1
FANOUT,K100,Exception('timeout_or_slo_miss: completed=72/100 errors=28 elapsed_ms=1106.4'),1
FANOUT,K100,Exception('timeout_or_slo_miss: completed=72/100 errors=28 elapsed_ms=1156.0'),1
FANOUT,K100,Exception('timeout_or_slo_miss: completed=72/100 errors=28 elapsed_ms=1132.1'),1
FANOUT,K100,Exception('timeout_or_slo_miss: completed=67/100 errors=23 elapsed_ms=2102.9'),1
FANOUT,K100,Exception('timeout_or_slo_miss: completed=73/100 errors=17 elapsed_ms=1793.1'),1
FANOUT,K100,Exception('timeout_or_slo_miss: completed=61/100 errors=39 elapsed_ms=1425.2'),1
FANOUT,K100,Exception('timeout_or_slo_miss: completed=70/100 errors=20 elapsed_ms=2019.1'),1
FANOUT,K100,Exception('timeout_or_slo_miss: completed=73/100 errors=27 elapsed_ms=1107.8'),1
FANOUT,K100,Exception('timeout_or_slo_miss: completed=66/100 errors=34 elapsed_ms=1153.7'),1
FANOUT,K100,Exception('timeout_or_slo_miss: completed=61/100 errors=39 elapsed_ms=1303.5'),1
FANOUT,K100,Exception('timeout_or_slo_miss: completed=65/100 errors=25 elapsed_ms=2267.0'),1
FANOUT,K100,Exception('timeout_or_slo_miss: completed=62/100 errors=28 elapsed_ms=2518.0'),1
FANOUT,K100,Exception('timeout_or_slo_miss: completed=68/100 errors=32 elapsed_ms=1113.5'),1
FANOUT,K100,Exception('timeout_or_slo_miss: completed=74/100 errors=26 elapsed_ms=1122.7'),1
FANOUT,K100,Exception('timeout_or_slo_miss: completed=67/100 errors=33 elapsed_ms=1211.6'),2
FANOUT,K100,Exception('timeout_or_slo_miss: completed=64/100 errors=36 elapsed_ms=1159.5'),1
FANOUT,K100,Exception('timeout_or_slo_miss: completed=33/100 errors=53 elapsed_ms=14402.7'),1
FANOUT,K100,Exception('timeout_or_slo_miss: completed=64/100 errors=36 elapsed_ms=1368.8'),1
FANOUT,K100,Exception('timeout_or_slo_miss: completed=63/100 errors=37 elapsed_ms=1332.2'),1
FANOUT,K100,Exception('timeout_or_slo_miss: completed=65/100 errors=35 elapsed_ms=1278.2'),1
FANOUT,K100,Exception('timeout_or_slo_miss: completed=69/100 errors=31 elapsed_ms=1110.5'),1
FANOUT,K100,Exception('timeout_or_slo_miss: completed=67/100 errors=33 elapsed_ms=1154.0'),1
FANOUT,K100,Exception('timeout_or_slo_miss: completed=62/100 errors=28 elapsed_ms=2490.5'),1
FANOUT,K100,Exception('timeout_or_slo_miss: completed=61/100 errors=29 elapsed_ms=2391.5'),1
FANOUT,K100,Exception('timeout_or_slo_miss: completed=68/100 errors=32 elapsed_ms=1187.6'),1
FANOUT,K100,Exception('timeout_or_slo_miss: completed=75/100 errors=25 elapsed_ms=1043.3'),1
FANOUT,K100,Exception('timeout_or_slo_miss: completed=62/100 errors=38 elapsed_ms=1348.0'),1
FANOUT,K100,Exception('timeout_or_slo_miss: completed=67/100 errors=33 elapsed_ms=1145.4'),1
FANOUT,K100,Exception('timeout_or_slo_miss: completed=68/100 errors=32 elapsed_ms=1235.0'),1
FANOUT,K100,Exception('timeout_or_slo_miss: completed=68/100 errors=32 elapsed_ms=1205.1'),1
FANOUT,K100,Exception('timeout_or_slo_miss: completed=70/100 errors=30 elapsed_ms=1153.5'),1
FANOUT,K100,Exception('timeout_or_slo_miss: completed=61/100 errors=39 elapsed_ms=1305.9'),1
FANOUT,K100,Exception('timeout_or_slo_miss: completed=66/100 errors=27 elapsed_ms=2017.1'),1
FANOUT,K100,Exception('timeout_or_slo_miss: completed=73/100 errors=27 elapsed_ms=1113.2'),1
FANOUT,K100,Exception('timeout_or_slo_miss: completed=66/100 errors=24 elapsed_ms=2260.9'),1
FANOUT,K100,Exception('timeout_or_slo_miss: completed=66/100 errors=34 elapsed_ms=1133.6'),1
FANOUT,K100,Exception('timeout_or_slo_miss: completed=60/100 errors=40 elapsed_ms=1421.1'),1
FANOUT,K100,Exception('timeout_or_slo_miss: completed=69/100 errors=31 elapsed_ms=1166.0'),1
FANOUT,K100,Exception('timeout_or_slo_miss: completed=65/100 errors=35 elapsed_ms=1297.4'),1
FANOUT,K100,Exception('timeout_or_slo_miss: completed=68/100 errors=32 elapsed_ms=1200.0'),1
FANOUT,K100,Exception('timeout_or_slo_miss: completed=71/100 errors=29 elapsed_ms=1122.1'),1
FANOUT,K100,Exception('timeout_or_slo_miss: completed=65/100 errors=35 elapsed_ms=1143.2'),1
FANOUT,K100,Exception('timeout_or_slo_miss: completed=63/100 errors=30 elapsed_ms=2164.8'),1
FANOUT,K100,Exception('timeout_or_slo_miss: completed=61/100 errors=39 elapsed_ms=1419.1'),1
FANOUT,K100,Exception('timeout_or_slo_miss: completed=69/100 errors=31 elapsed_ms=1231.8'),1
FANOUT,K100,Exception('timeout_or_slo_miss: completed=63/100 errors=37 elapsed_ms=1238.9'),1
FANOUT,K100,Exception('timeout_or_slo_miss: completed=70/100 errors=30 elapsed_ms=1134.6'),1
FANOUT,K100,Exception('timeout_or_slo_miss: completed=74/100 errors=16 elapsed_ms=1853.2'),1
FANOUT,K100,Exception('timeout_or_slo_miss: completed=68/100 errors=32 elapsed_ms=1134.3'),1
FANOUT,K100,Exception('timeout_or_slo_miss: completed=56/100 errors=34 elapsed_ms=2703.0'),1
FANOUT,K100,Exception('timeout_or_slo_miss: completed=68/100 errors=32 elapsed_ms=1184.6'),1
FANOUT,K100,Exception('timeout_or_slo_miss: completed=72/100 errors=21 elapsed_ms=1932.6'),1
FANOUT,K100,Exception('timeout_or_slo_miss: completed=58/100 errors=42 elapsed_ms=1505.3'),2
FANOUT,K100,Exception('timeout_or_slo_miss: completed=75/100 errors=25 elapsed_ms=1118.3'),1
FANOUT,K100,Exception('timeout_or_slo_miss: completed=61/100 errors=39 elapsed_ms=1292.4'),1
FANOUT,K100,Exception('timeout_or_slo_miss: completed=71/100 errors=29 elapsed_ms=1125.6'),1
FANOUT,K100,Exception('timeout_or_slo_miss: completed=68/100 errors=32 elapsed_ms=1128.2'),2
FANOUT,K100,Exception('timeout_or_slo_miss: completed=60/100 errors=40 elapsed_ms=1778.1'),1
FANOUT,K100,Exception('timeout_or_slo_miss: completed=76/100 errors=17 elapsed_ms=1738.3'),1
FANOUT,K100,Exception('timeout_or_slo_miss: completed=64/100 errors=36 elapsed_ms=1324.5'),1
FANOUT,K100,Exception('timeout_or_slo_miss: completed=65/100 errors=35 elapsed_ms=1239.3'),1
FANOUT,K100,Exception('timeout_or_slo_miss: completed=63/100 errors=37 elapsed_ms=1364.8'),1
FANOUT,K100,Exception('timeout_or_slo_miss: completed=66/100 errors=34 elapsed_ms=1246.0'),1
FANOUT,K100,Exception('timeout_or_slo_miss: completed=63/100 errors=37 elapsed_ms=1352.3'),1
FANOUT,K100,Exception('timeout_or_slo_miss: completed=65/100 errors=35 elapsed_ms=1130.0'),1
FANOUT,K100,Exception('timeout_or_slo_miss: completed=69/100 errors=31 elapsed_ms=1137.0'),1
FANOUT,K100,Exception('timeout_or_slo_miss: completed=62/100 errors=38 elapsed_ms=1259.2'),1
FANOUT,K100,Exception('timeout_or_slo_miss: completed=68/100 errors=32 elapsed_ms=1178.9'),1
FANOUT,K100,Exception('timeout_or_slo_miss: completed=73/100 errors=27 elapsed_ms=1019.4'),1
FANOUT,K100,Exception('timeout_or_slo_miss: completed=63/100 errors=37 elapsed_ms=1292.8'),1
FANOUT,K100,Exception('timeout_or_slo_miss: completed=65/100 errors=35 elapsed_ms=1184.1'),1
FANOUT,K100,Exception('timeout_or_slo_miss: completed=63/100 errors=37 elapsed_ms=1245.5'),1
FANOUT,K100,Exception('timeout_or_slo_miss: completed=64/100 errors=26 elapsed_ms=2400.8'),1
FANOUT,K100,Exception('timeout_or_slo_miss: completed=63/100 errors=37 elapsed_ms=1411.1'),1
FANOUT,K100,Exception('timeout_or_slo_miss: completed=65/100 errors=35 elapsed_ms=1261.4'),1
FANOUT,K100,Exception('timeout_or_slo_miss: completed=68/100 errors=32 elapsed_ms=1129.7'),1
FANOUT,K100,Exception('timeout_or_slo_miss: completed=64/100 errors=36 elapsed_ms=1220.6'),1
FANOUT,K100,Exception('timeout_or_slo_miss: completed=62/100 errors=38 elapsed_ms=1249.2'),1
FANOUT,K100,Exception('timeout_or_slo_miss: completed=69/100 errors=31 elapsed_ms=1118.8'),1
FANOUT,K100,Exception('timeout_or_slo_miss: completed=39/100 errors=43 elapsed_ms=16021.4'),1
FANOUT,K100,Exception('timeout_or_slo_miss: completed=71/100 errors=29 elapsed_ms=1099.7'),1
FANOUT,K100,Exception('timeout_or_slo_miss: completed=60/100 errors=40 elapsed_ms=1479.4'),1
FANOUT,K100,Exception('timeout_or_slo_miss: completed=68/100 errors=22 elapsed_ms=2227.6'),1
FANOUT,K100,Exception('timeout_or_slo_miss: completed=68/100 errors=32 elapsed_ms=1108.6'),1
FANOUT,K100,Exception('timeout_or_slo_miss: completed=72/100 errors=28 elapsed_ms=1107.3'),1
FANOUT,K100,Exception('timeout_or_slo_miss: completed=67/100 errors=33 elapsed_ms=1199.9'),1
FANOUT,K100,Exception('timeout_or_slo_miss: completed=67/100 errors=33 elapsed_ms=1161.3'),1
FANOUT,K100,Exception('timeout_or_slo_miss: completed=65/100 errors=35 elapsed_ms=1252.0'),1
FANOUT,K100,Exception('timeout_or_slo_miss: completed=60/100 errors=30 elapsed_ms=2535.1'),1
FANOUT,K100,Exception('timeout_or_slo_miss: completed=66/100 errors=24 elapsed_ms=2402.4'),1
FANOUT,K100,Exception('timeout_or_slo_miss: completed=68/100 errors=32 elapsed_ms=1166.1'),1
FANOUT,K100,Exception('timeout_or_slo_miss: completed=69/100 errors=31 elapsed_ms=1114.9'),1
FANOUT,K100,Exception('timeout_or_slo_miss: completed=68/100 errors=25 elapsed_ms=1919.6'),1
FANOUT,K100,Exception('timeout_or_slo_miss: completed=69/100 errors=31 elapsed_ms=1235.1'),1
FANOUT,K100,Exception('timeout_or_slo_miss: completed=63/100 errors=37 elapsed_ms=1337.1'),1
FANOUT,K100,Exception('timeout_or_slo_miss: completed=68/100 errors=25 elapsed_ms=2018.2'),1
FANOUT,K100,Exception('timeout_or_slo_miss: completed=76/100 errors=24 elapsed_ms=1056.4'),1
FANOUT,K100,Exception('timeout_or_slo_miss: completed=68/100 errors=32 elapsed_ms=1160.6'),1
FANOUT,K100,Exception('timeout_or_slo_miss: completed=65/100 errors=35 elapsed_ms=1202.7'),2
FANOUT,K100,Exception('timeout_or_slo_miss: completed=66/100 errors=34 elapsed_ms=1162.8'),1
FANOUT,K100,Exception('timeout_or_slo_miss: completed=72/100 errors=18 elapsed_ms=1984.8'),1
FANOUT,K100,Exception('timeout_or_slo_miss: completed=65/100 errors=35 elapsed_ms=1197.3'),1
FANOUT,K100,Exception('timeout_or_slo_miss: completed=62/100 errors=38 elapsed_ms=1421.7'),1
FANOUT,K100,Exception('timeout_or_slo_miss: completed=74/100 errors=26 elapsed_ms=1145.8'),1
FANOUT,K100,Exception('timeout_or_slo_miss: completed=62/100 errors=28 elapsed_ms=2428.0'),1
FANOUT,K100,Exception('timeout_or_slo_miss: completed=59/100 errors=41 elapsed_ms=1507.5'),1
FANOUT,K100,Exception('timeout_or_slo_miss: completed=66/100 errors=34 elapsed_ms=1226.9'),1
FANOUT,K100,Exception('timeout_or_slo_miss: completed=64/100 errors=36 elapsed_ms=1260.5'),1
FANOUT,K100,Exception('timeout_or_slo_miss: completed=64/100 errors=26 elapsed_ms=2357.4'),1
FANOUT,K100,Exception('timeout_or_slo_miss: completed=61/100 errors=39 elapsed_ms=1403.5'),1
FANOUT,K100,Exception('timeout_or_slo_miss: completed=68/100 errors=32 elapsed_ms=1127.0'),1
FANOUT,K100,Exception('timeout_or_slo_miss: completed=66/100 errors=34 elapsed_ms=1168.4'),1
FANOUT,K100,Exception('timeout_or_slo_miss: completed=66/100 errors=34 elapsed_ms=1131.9'),1
FANOUT,K100,Exception('timeout_or_slo_miss: completed=70/100 errors=30 elapsed_ms=1199.7'),1
FANOUT,K100,Exception('timeout_or_slo_miss: completed=73/100 errors=27 elapsed_ms=1121.5'),1
FANOUT,K100,Exception('timeout_or_slo_miss: completed=68/100 errors=32 elapsed_ms=1164.9'),1
FANOUT,K100,Exception('timeout_or_slo_miss: completed=69/100 errors=31 elapsed_ms=1127.3'),1
FANOUT,K100,Exception('timeout_or_slo_miss: completed=64/100 errors=36 elapsed_ms=1216.2'),1
FANOUT,K100,Exception('timeout_or_slo_miss: completed=71/100 errors=29 elapsed_ms=1104.7'),1
FANOUT,K100,Exception('timeout_or_slo_miss: completed=64/100 errors=36 elapsed_ms=1292.4'),1
FANOUT,K100,Exception('timeout_or_slo_miss: completed=69/100 errors=31 elapsed_ms=1035.8'),1
FANOUT,K100,Exception('timeout_or_slo_miss: completed=61/100 errors=39 elapsed_ms=1480.8'),1
FANOUT,K100,Exception('timeout_or_slo_miss: completed=68/100 errors=32 elapsed_ms=1164.5'),1
FANOUT,K100,Exception('timeout_or_slo_miss: completed=56/100 errors=44 elapsed_ms=1513.2'),1
FANOUT,K100,Exception('timeout_or_slo_miss: completed=69/100 errors=31 elapsed_ms=1098.4'),1
FANOUT,K100,Exception('timeout_or_slo_miss: completed=68/100 errors=32 elapsed_ms=1314.0'),1
FANOUT,K100,Exception('timeout_or_slo_miss: completed=68/100 errors=32 elapsed_ms=1184.4'),2
FANOUT,K100,Exception('timeout_or_slo_miss: completed=67/100 errors=33 elapsed_ms=1204.7'),1
FANOUT,K100,Exception('timeout_or_slo_miss: completed=63/100 errors=37 elapsed_ms=1476.1'),1
FANOUT,K100,Exception('timeout_or_slo_miss: completed=68/100 errors=32 elapsed_ms=1129.1'),1
