Method,Name,Error,Occurrences
FANOUT,K75,Exception('timeout_or_slo_miss: completed=42/75 errors=24 elapsed_ms=2090.2'),1
FANOUT,K75,Exception('timeout_or_slo_miss: completed=53/75 errors=22 elapsed_ms=1008.9'),3
FANOUT,K75,Exception('timeout_or_slo_miss: completed=48/75 errors=27 elapsed_ms=1021.1'),1
FANOUT,K75,Exception('timeout_or_slo_miss: completed=46/75 errors=29 elapsed_ms=1086.0'),1
FANOUT,K75,Exception('timeout_or_slo_miss: completed=53/75 errors=22 elapsed_ms=1003.5'),4
FANOUT,K75,Exception('timeout_or_slo_miss: completed=51/75 errors=24 elapsed_ms=1020.9'),1
FANOUT,K75,Exception('timeout_or_slo_miss: completed=48/75 errors=27 elapsed_ms=1009.7'),4
FANOUT,K75,Exception('timeout_or_slo_miss: completed=22/75 errors=53 elapsed_ms=1520.5'),1
FANOUT,K75,Exception('timeout_or_slo_miss: completed=48/75 errors=27 elapsed_ms=1097.5'),1
FANOUT,K75,Exception('timeout_or_slo_miss: completed=29/75 errors=46 elapsed_ms=1507.0'),1
FANOUT,K75,Exception('timeout_or_slo_miss: completed=44/75 errors=26 elapsed_ms=1719.9'),1
FANOUT,K75,Exception('timeout_or_slo_miss: completed=55/75 errors=11 elapsed_ms=1515.6'),1
FANOUT,K75,Exception('timeout_or_slo_miss: completed=23/75 errors=43 elapsed_ms=3004.6'),1
FANOUT,K75,Exception('timeout_or_slo_miss: completed=43/75 errors=32 elapsed_ms=1124.3'),2
FANOUT,K75,Exception('timeout_or_slo_miss: completed=20/75 errors=55 elapsed_ms=1507.7'),1
FANOUT,K75,Exception('timeout_or_slo_miss: completed=49/75 errors=21 elapsed_ms=1654.2'),1
FANOUT,K75,Exception('timeout_or_slo_miss: completed=53/75 errors=22 elapsed_ms=1002.3'),4
FANOUT,K75,Exception('timeout_or_slo_miss: completed=45/75 errors=30 elapsed_ms=1100.7'),1
FANOUT,K75,Exception('timeout_or_slo_miss: completed=52/75 errors=14 elapsed_ms=1596.7'),1
FANOUT,K75,Exception('timeout_or_slo_miss: completed=29/75 errors=46 elapsed_ms=1505.6'),1
FANOUT,K75,Exception('timeout_or_slo_miss: completed=50/75 errors=25 elapsed_ms=1104.9'),1
FANOUT,K75,Exception('timeout_or_slo_miss: completed=44/75 errors=31 elapsed_ms=1130.7'),1
FANOUT,K75,Exception('timeout_or_slo_miss: completed=53/75 errors=13 elapsed_ms=1510.7'),1
FANOUT,K75,Exception('timeout_or_slo_miss: completed=49/75 errors=26 elapsed_ms=1013.7'),3
FANOUT,K75,Exception('timeout_or_slo_miss: completed=29/75 errors=46 elapsed_ms=1504.4'),1
FANOUT,K75,Exception('timeout_or_slo_miss: completed=48/75 errors=27 elapsed_ms=1093.9'),1
FANOUT,K75,Exception('timeout_or_slo_miss: completed=49/75 errors=26 elapsed_ms=1017.1'),1
FANOUT,K75,Exception('timeout_or_slo_miss: completed=46/75 errors=20 elapsed_ms=1816.5'),1
FANOUT,K75,Exception('timeout_or_slo_miss: completed=45/75 errors=30 elapsed_ms=1100.2'),1
FANOUT,K75,Exception('timeout_or_slo_miss: completed=48/75 errors=22 elapsed_ms=1646.2'),1
FANOUT,K75,Exception('timeout_or_slo_miss: completed=47/75 errors=28 elapsed_ms=1006.1'),1
FANOUT,K75,Exception('timeout_or_slo_miss: completed=53/75 errors=17 elapsed_ms=1577.0'),1
FANOUT,K75,Exception('timeout_or_slo_miss: completed=44/75 errors=31 elapsed_ms=1143.9'),1
FANOUT,K75,Exception('timeout_or_slo_miss: completed=45/75 errors=30 elapsed_ms=1012.3'),2
FANOUT,K75,Exception('timeout_or_slo_miss: completed=54/75 errors=16 elapsed_ms=1601.7'),1
FANOUT,K75,Exception('timeout_or_slo_miss: completed=47/75 errors=28 elapsed_ms=1012.5'),1
FANOUT,K75,Exception('timeout_or_slo_miss: completed=39/75 errors=36 elapsed_ms=1179.1'),1
FANOUT,K75,Exception('timeout_or_slo_miss: completed=55/75 errors=15 elapsed_ms=1513.6'),1
FANOUT,K75,Exception('timeout_or_slo_miss: completed=27/75 errors=48 elapsed_ms=1511.4'),1
FANOUT,K75,Exception('timeout_or_slo_miss: completed=49/75 errors=26 elapsed_ms=1007.5'),3
FANOUT,K75,Exception('timeout_or_slo_miss: completed=47/75 errors=19 elapsed_ms=1774.4'),1
FANOUT,K75,Exception('timeout_or_slo_miss: completed=48/75 errors=27 elapsed_ms=1007.7'),1
FANOUT,K75,Exception('timeout_or_slo_miss: completed=43/75 errors=32 elapsed_ms=1177.8'),1
FANOUT,K75,Exception('timeout_or_slo_miss: completed=45/75 errors=30 elapsed_ms=1013.7'),1
FANOUT,K75,Exception('timeout_or_slo_miss: completed=50/75 errors=25 elapsed_ms=1006.6'),7
FANOUT,K75,Exception('timeout_or_slo_miss: completed=48/75 errors=22 elapsed_ms=1519.5'),1
FANOUT,K75,Exception('timeout_or_slo_miss: completed=51/75 errors=19 elapsed_ms=1517.0'),1
FANOUT,K75,Exception('timeout_or_slo_miss: completed=44/75 errors=31 elapsed_ms=1079.9'),1
FANOUT,K75,Exception('timeout_or_slo_miss: completed=52/75 errors=23 elapsed_ms=1012.0'),1
FANOUT,K75,Exception('timeout_or_slo_miss: completed=51/75 errors=24 elapsed_ms=1005.6'),2
FANOUT,K75,Exception('timeout_or_slo_miss: completed=48/75 errors=27 elapsed_ms=1015.9'),2
FANOUT,K75,Exception('timeout_or_slo_miss: completed=55/75 errors=20 elapsed_ms=1002.4'),3
FANOUT,K75,Exception('timeout_or_slo_miss: completed=48/75 errors=27 elapsed_ms=1005.4'),2
FANOUT,K75,Exception('timeout_or_slo_miss: completed=47/75 errors=28 elapsed_ms=1012.6'),1
FANOUT,K75,Exception('timeout_or_slo_miss: completed=52/75 errors=23 elapsed_ms=1027.5'),1
FANOUT,K75,Exception('timeout_or_slo_miss: completed=44/75 errors=22 elapsed_ms=2095.7'),1
FANOUT,K75,Exception('timeout_or_slo_miss: completed=48/75 errors=27 elapsed_ms=1004.3'),2
FANOUT,K75,Exception('timeout_or_slo_miss: completed=49/75 errors=26 elapsed_ms=1005.7'),3
FANOUT,K75,Exception('timeout_or_slo_miss: completed=50/75 errors=20 elapsed_ms=1517.5'),1
FANOUT,K75,Exception('timeout_or_slo_miss: completed=39/75 errors=36 elapsed_ms=1246.5'),1
FANOUT,K75,Exception('timeout_or_slo_miss: completed=57/75 errors=13 elapsed_ms=1256.9'),1
FANOUT,K75,Exception('timeout_or_slo_miss: completed=42/75 errors=33 elapsed_ms=1162.9'),1
FANOUT,K75,Exception('timeout_or_slo_miss: completed=53/75 errors=22 elapsed_ms=1004.1'),4
FANOUT,K75,Exception('timeout_or_slo_miss: completed=45/75 errors=30 elapsed_ms=1023.6'),1
FANOUT,K75,Exception('timeout_or_slo_miss: completed=49/75 errors=26 elapsed_ms=1006.4'),3
FANOUT,K75,Exception('timeout_or_slo_miss: completed=29/75 errors=46 elapsed_ms=1509.1'),1
FANOUT,K75,Exception('timeout_or_slo_miss: completed=48/75 errors=18 elapsed_ms=1753.9'),1
FANOUT,K75,Exception('timeout_or_slo_miss: completed=48/75 errors=18 elapsed_ms=1659.5'),1
FANOUT,K75,Exception('timeout_or_slo_miss: completed=44/75 errors=31 elapsed_ms=1124.8'),1
FANOUT,K75,Exception('timeout_or_slo_miss: completed=53/75 errors=22 elapsed_ms=1010.8'),1
FANOUT,K75,Exception('timeout_or_slo_miss: completed=47/75 errors=19 elapsed_ms=1805.0'),1
FANOUT,K75,Exception('timeout_or_slo_miss: completed=29/75 errors=46 elapsed_ms=1508.1'),1
FANOUT,K75,Exception('timeout_or_slo_miss: completed=56/75 errors=14 elapsed_ms=1513.4'),1
FANOUT,K75,Exception('timeout_or_slo_miss: completed=28/75 errors=47 elapsed_ms=1508.2'),1
FANOUT,K75,Exception('timeout_or_slo_miss: completed=47/75 errors=28 elapsed_ms=1014.4'),1
FANOUT,K75,Exception('timeout_or_slo_miss: completed=48/75 errors=27 elapsed_ms=1010.8'),7
FANOUT,K75,Exception('timeout_or_slo_miss: completed=52/75 errors=23 elapsed_ms=1015.2'),1
FANOUT,K75,Exception('timeout_or_slo_miss: completed=49/75 errors=26 elapsed_ms=1120.3'),1
FANOUT,K75,Exception('timeout_or_slo_miss: completed=54/75 errors=21 elapsed_ms=1001.3'),2
FANOUT,K75,Exception('timeout_or_slo_miss: completed=38/75 errors=37 elapsed_ms=1246.6'),1
FANOUT,K75,Exception('timeout_or_slo_miss: completed=54/75 errors=16 elapsed_ms=1506.3'),1
FANOUT,K75,Exception('timeout_or_slo_miss: completed=44/75 errors=26 elapsed_ms=1731.4'),1
FANOUT,K75,Exception('timeout_or_slo_miss: completed=46/75 errors=29 elapsed_ms=1140.1'),1
FANOUT,K75,Exception('timeout_or_slo_miss: completed=23/75 errors=52 elapsed_ms=1511.2'),2
FANOUT,K75,Exception('timeout_or_slo_miss: completed=45/75 errors=30 elapsed_ms=1092.8'),1
FANOUT,K75,Exception('timeout_or_slo_miss: completed=24/75 errors=51 elapsed_ms=1508.3'),2
FANOUT,K75,Exception('timeout_or_slo_miss: completed=48/75 errors=27 elapsed_ms=1087.7'),1
FANOUT,K75,Exception('timeout_or_slo_miss: completed=52/75 errors=23 elapsed_ms=1004.8'),4
FANOUT,K75,Exception('timeout_or_slo_miss: completed=49/75 errors=26 elapsed_ms=1136.7'),1
FANOUT,K75,Exception('timeout_or_slo_miss: completed=52/75 errors=14 elapsed_ms=1514.0'),1
FANOUT,K75,Exception('timeout_or_slo_miss: completed=47/75 errors=28 elapsed_ms=1135.2'),1
FANOUT,K75,Exception('timeout_or_slo_miss: completed=49/75 errors=26 elapsed_ms=1095.0'),1
FANOUT,K75,Exception('timeout_or_slo_miss: completed=45/75 errors=30 elapsed_ms=1101.3'),1
FANOUT,K75,Exception('timeout_or_slo_miss: completed=50/75 errors=25 elapsed_ms=1011.9'),1
FANOUT,K75,Exception('timeout_or_slo_miss: completed=49/75 errors=17 elapsed_ms=1690.9'),1
FANOUT,K75,Exception('timeout_or_slo_miss: completed=51/75 errors=15 elapsed_ms=1646.8'),1
FANOUT,K75,Exception('timeout_or_slo_miss: completed=57/75 errors=9 elapsed_ms=1520.8'),1
FANOUT,K75,Exception('timeout_or_slo_miss: completed=43/75 errors=32 elapsed_ms=1117.6'),1
FANOUT,K75,Exception('timeout_or_slo_miss: completed=54/75 errors=21 elapsed_ms=1001.9'),4
FANOUT,K75,Exception('timeout_or_slo_miss: completed=48/75 errors=27 elapsed_ms=1009.4'),2
FANOUT,K75,Exception('timeout_or_slo_miss: completed=48/75 errors=27 elapsed_ms=1011.9'),1
FANOUT,K75,Exception('timeout_or_slo_miss: completed=44/75 errors=31 elapsed_ms=1012.6'),1
FANOUT,K75,Exception('timeout_or_slo_miss: completed=58/75 errors=12 elapsed_ms=1468.8'),1
FANOUT,K75,Exception('timeout_or_slo_miss: completed=45/75 errors=30 elapsed_ms=1012.0'),1
FANOUT,K75,Exception('timeout_or_slo_miss: completed=43/75 errors=32 elapsed_ms=1125.6'),1
FANOUT,K75,Exception('timeout_or_slo_miss: completed=48/75 errors=27 elapsed_ms=1025.9'),1
FANOUT,K75,Exception('timeout_or_slo_miss: completed=48/75 errors=27 elapsed_ms=1010.3'),1
FANOUT,K75,Exception('timeout_or_slo_miss: completed=26/75 errors=49 elapsed_ms=1508.6'),1
FANOUT,K75,Exception('timeout_or_slo_miss: completed=24/75 errors=51 elapsed_ms=1507.6'),1
FANOUT,K75,Exception('timeout_or_slo_miss: completed=43/75 errors=27 elapsed_ms=1834.2'),1
FANOUT,K75,Exception('timeout_or_slo_miss: completed=46/75 errors=29 elapsed_ms=1007.9'),1
FANOUT,K75,Exception('timeout_or_slo_miss: completed=23/75 errors=52 elapsed_ms=1505.3'),1
FANOUT,K75,Exception('timeout_or_slo_miss: completed=50/75 errors=16 elapsed_ms=1621.5'),1
FANOUT,K75,Exception('timeout_or_slo_miss: completed=55/75 errors=20 elapsed_ms=1003.4'),2
FANOUT,K75,Exception('timeout_or_slo_miss: completed=52/75 errors=18 elapsed_ms=1513.9'),1
FANOUT,K75,Exception('timeout_or_slo_miss: completed=49/75 errors=26 elapsed_ms=1006.9'),3
FANOUT,K75,Exception('timeout_or_slo_miss: completed=55/75 errors=20 elapsed_ms=1003.0'),2
FANOUT,K75,Exception('timeout_or_slo_miss: completed=43/75 errors=27 elapsed_ms=1658.8'),1
FANOUT,K75,Exception('timeout_or_slo_miss: completed=54/75 errors=21 elapsed_ms=1003.7'),1
FANOUT,K75,Exception('timeout_or_slo_miss: completed=21/75 errors=54 elapsed_ms=1511.2'),1
FANOUT,K75,Exception('timeout_or_slo_miss: completed=53/75 errors=22 elapsed_ms=1011.0'),2
FANOUT,K75,Exception('timeout_or_slo_miss: completed=49/75 errors=26 elapsed_ms=1108.5'),2
FANOUT,K75,Exception('timeout_or_slo_miss: completed=42/75 errors=24 elapsed_ms=2012.4'),1
FANOUT,K75,Exception('timeout_or_slo_miss: completed=48/75 errors=27 elapsed_ms=1113.5'),1
FANOUT,K75,Exception('timeout_or_slo_miss: completed=57/75 errors=18 elapsed_ms=1001.5'),1
FANOUT,K75,Exception('timeout_or_slo_miss: completed=54/75 errors=9 elapsed_ms=1706.6'),1
FANOUT,K75,Exception('timeout_or_slo_miss: completed=42/75 errors=24 elapsed_ms=2017.6'),1
FANOUT,K75,Exception('timeout_or_slo_miss: completed=48/75 errors=27 elapsed_ms=1029.6'),1
FANOUT,K75,Exception('timeout_or_slo_miss: completed=23/75 errors=52 elapsed_ms=1509.0'),2
FANOUT,K75,Exception('timeout_or_slo_miss: completed=30/75 errors=45 elapsed_ms=1506.0'),1
FANOUT,K75,Exception('timeout_or_slo_miss: completed=40/75 errors=35 elapsed_ms=1131.8'),1
FANOUT,K75,Exception('timeout_or_slo_miss: completed=49/75 errors=26 elapsed_ms=1013.4'),1
FANOUT,K75,Exception('timeout_or_slo_miss: completed=42/75 errors=33 elapsed_ms=1141.0'),1
FANOUT,K75,Exception('timeout_or_slo_miss: completed=46/75 errors=29 elapsed_ms=1147.7'),1
FANOUT,K75,Exception('timeout_or_slo_miss: completed=47/75 errors=28 elapsed_ms=1008.5'),1
FANOUT,K75,Exception('timeout_or_slo_miss: completed=50/75 errors=25 elapsed_ms=1012.6'),1
FANOUT,K75,Exception('timeout_or_slo_miss: completed=51/75 errors=24 elapsed_ms=1030.1'),1
FANOUT,K75,Exception('timeout_or_slo_miss: completed=55/75 errors=20 elapsed_ms=1010.5'),1
FANOUT,K75,Exception('timeout_or_slo_miss: completed=47/75 errors=22 elapsed_ms=2006.5'),1
FANOUT,K75,Exception('timeout_or_slo_miss: completed=48/75 errors=15 elapsed_ms=1849.3'),1
FANOUT,K75,Exception('timeout_or_slo_miss: completed=56/75 errors=7 elapsed_ms=1533.0'),1
FANOUT,K75,Exception('timeout_or_slo_miss: completed=51/75 errors=24 elapsed_ms=1007.6'),5
FANOUT,K75,Exception('timeout_or_slo_miss: completed=51/75 errors=24 elapsed_ms=1006.0'),2
FANOUT,K75,Exception('timeout_or_slo_miss: completed=52/75 errors=23 elapsed_ms=1006.1'),4
FANOUT,K75,Exception('timeout_or_slo_miss: completed=48/75 errors=27 elapsed_ms=1096.4'),1
FANOUT,K75,Exception('timeout_or_slo_miss: completed=51/75 errors=24 elapsed_ms=1002.8'),4
FANOUT,K75,Exception('timeout_or_slo_miss: completed=45/75 errors=30 elapsed_ms=1017.6'),1
FANOUT,K75,Exception('timeout_or_slo_miss: completed=46/75 errors=29 elapsed_ms=1101.1'),1
FANOUT,K75,Exception('timeout_or_slo_miss: completed=41/75 errors=34 elapsed_ms=1141.2'),1
FANOUT,K75,Exception('timeout_or_slo_miss: completed=48/75 errors=27 elapsed_ms=1018.2'),1
FANOUT,K75,Exception('timeout_or_slo_miss: completed=41/75 errors=34 elapsed_ms=1135.2'),1
FANOUT,K75,Exception('timeout_or_slo_miss: completed=54/75 errors=21 elapsed_ms=1007.7'),1
FANOUT,K75,Exception('timeout_or_slo_miss: completed=45/75 errors=21 elapsed_ms=1828.6'),1
FANOUT,K75,Exception('timeout_or_slo_miss: completed=55/75 errors=20 elapsed_ms=1004.6'),1
FANOUT,K75,Exception('timeout_or_slo_miss: completed=54/75 errors=21 elapsed_ms=1004.2'),2
FANOUT,K75,Exception('timeout_or_slo_miss: completed=51/75 errors=24 elapsed_ms=1009.7'),3
FANOUT,K75,Exception('timeout_or_slo_miss: completed=53/75 errors=17 elapsed_ms=1620.0'),1
FANOUT,K75,Exception('timeout_or_slo_miss: completed=40/75 errors=30 elapsed_ms=2004.9'),1
FANOUT,K75,Exception('timeout_or_slo_miss: completed=47/75 errors=28 elapsed_ms=1127.1'),1
FANOUT,K75,Exception('timeout_or_slo_miss: completed=52/75 errors=23 elapsed_ms=1008.2'),4
FANOUT,K75,Exception('timeout_or_slo_miss: completed=47/75 errors=28 elapsed_ms=1008.2'),2
FANOUT,K75,Exception('timeout_or_slo_miss: completed=43/75 errors=32 elapsed_ms=1012.5'),1
FANOUT,K75,Exception('timeout_or_slo_miss: completed=47/75 errors=23 elapsed_ms=1657.0'),1
FANOUT,K75,Exception('timeout_or_slo_miss: completed=22/75 errors=53 elapsed_ms=1508.1'),2
FANOUT,K75,Exception('timeout_or_slo_miss: completed=51/75 errors=24 elapsed_ms=1003.1'),1
FANOUT,K75,Exception('timeout_or_slo_miss: completed=46/75 errors=24 elapsed_ms=1693.9'),1
FANOUT,K75,Exception('timeout_or_slo_miss: completed=24/75 errors=51 elapsed_ms=1508.7'),1
FANOUT,K75,Exception('timeout_or_slo_miss: completed=41/75 errors=34 elapsed_ms=1011.2'),1
FANOUT,K75,Exception('timeout_or_slo_miss: completed=50/75 errors=25 elapsed_ms=1010.6'),2
FANOUT,K75,Exception('timeout_or_slo_miss: completed=46/75 errors=29 elapsed_ms=1016.3'),1
FANOUT,K75,Exception('timeout_or_slo_miss: completed=48/75 errors=27 elapsed_ms=1007.9'),3
FANOUT,K75,Exception('timeout_or_slo_miss: completed=38/75 errors=20 elapsed_ms=9346.7'),1
FANOUT,K75,Exception('timeout_or_slo_miss: completed=50/75 errors=25 elapsed_ms=1079.6'),1
FANOUT,K75,Exception('timeout_or_slo_miss: completed=47/75 errors=28 elapsed_ms=1014.8'),1
FANOUT,K75,Exception('timeout_or_slo_miss: completed=54/75 errors=21 elapsed_ms=1006.2'),4
FANOUT,K75,Exception('timeout_or_slo_miss: completed=50/75 errors=25 elapsed_ms=1008.3'),1
FANOUT,K75,Exception('timeout_or_slo_miss: completed=50/75 errors=16 elapsed_ms=1620.5'),1
FANOUT,K75,Exception('timeout_or_slo_miss: completed=50/75 errors=16 elapsed_ms=1692.9'),1
FANOUT,K75,Exception('timeout_or_slo_miss: completed=48/75 errors=27 elapsed_ms=1110.3'),1
FANOUT,K75,Exception('timeout_or_slo_miss: completed=49/75 errors=26 elapsed_ms=1016.7'),1
FANOUT,K75,Exception('timeout_or_slo_miss: completed=46/75 errors=29 elapsed_ms=1101.4'),1
FANOUT,K75,Exception('timeout_or_slo_miss: completed=50/75 errors=20 elapsed_ms=1599.9'),1
FANOUT,K75,Exception('timeout_or_slo_miss: completed=43/75 errors=32 elapsed_ms=1133.0'),1
FANOUT,K75,Exception('timeout_or_slo_miss: completed=48/75 errors=27 elapsed_ms=1113.3'),1
FANOUT,K75,Exception('timeout_or_slo_miss: completed=48/75 errors=18 elapsed_ms=1768.9'),1
FANOUT,K75,Exception('timeout_or_slo_miss: completed=48/75 errors=27 elapsed_ms=1122.4'),1
FANOUT,K75,Exception('timeout_or_slo_miss: completed=52/75 errors=23 elapsed_ms=1002.1'),4
FANOUT,K75,Exception('timeout_or_slo_miss: completed=48/75 errors=27 elapsed_ms=1094.7'),1
FANOUT,K75,Exception('timeout_or_slo_miss: completed=52/75 errors=4 elapsed_ms=3608.2'),1
FANOUT,K75,Exception('timeout_or_slo_miss: completed=50/75 errors=16 elapsed_ms=1664.6'),1
FANOUT,K75,Exception('timeout_or_slo_miss: completed=44/75 errors=31 elapsed_ms=1119.8'),1
FANOUT,K75,Exception('timeout_or_slo_miss: completed=26/75 errors=49 elapsed_ms=1508.3'),2
FANOUT,K75,Exception('timeout_or_slo_miss: completed=55/75 errors=20 elapsed_ms=1009.5'),1
FANOUT,K75,Exception('timeout_or_slo_miss: completed=53/75 errors=22 elapsed_ms=1013.9'),2
FANOUT,K75,Exception('timeout_or_slo_miss: completed=21/75 errors=54 elapsed_ms=1508.7'),1
FANOUT,K75,Exception('timeout_or_slo_miss: completed=52/75 errors=23 elapsed_ms=1001.9'),1
FANOUT,K75,Exception('timeout_or_slo_miss: completed=41/75 errors=34 elapsed_ms=1140.5'),1
FANOUT,K75,Exception('timeout_or_slo_miss: completed=18/75 errors=57 elapsed_ms=1594.8'),1
FANOUT,K75,Exception('timeout_or_slo_miss: completed=53/75 errors=22 elapsed_ms=1006.3'),2
FANOUT,K75,Exception('timeout_or_slo_miss: completed=48/75 errors=18 elapsed_ms=1722.8'),1
FANOUT,K75,Exception('timeout_or_slo_miss: completed=53/75 errors=22 elapsed_ms=1007.8'),3
FANOUT,K75,Exception('timeout_or_slo_miss: completed=46/75 errors=20 elapsed_ms=1829.2'),1
FANOUT,K75,Exception('timeout_or_slo_miss: completed=45/75 errors=30 elapsed_ms=1016.3'),1
FANOUT,K75,Exception('timeout_or_slo_miss: completed=56/75 errors=10 elapsed_ms=1510.6'),1
FANOUT,K75,Exception('timeout_or_slo_miss: completed=47/75 errors=28 elapsed_ms=1028.2'),1
FANOUT,K75,Exception('timeout_or_slo_miss: completed=52/75 errors=23 elapsed_ms=1019.4'),1
FANOUT,K75,Exception('timeout_or_slo_miss: completed=51/75 errors=24 elapsed_ms=1008.7'),3
FANOUT,K75,Exception('timeout_or_slo_miss: completed=51/75 errors=15 elapsed_ms=1637.8'),1
FANOUT,K75,Exception('timeout_or_slo_miss: completed=47/75 errors=28 elapsed_ms=1008.7'),1
FANOUT,K75,Exception('timeout_or_slo_miss: completed=53/75 errors=13 elapsed_ms=1634.8'),1
FANOUT,K75,Exception('timeout_or_slo_miss: completed=48/75 errors=18 elapsed_ms=1762.7'),1
FANOUT,K75,Exception('timeout_or_slo_miss: completed=41/75 errors=20 elapsed_ms=9727.4'),1
FANOUT,K75,Exception('timeout_or_slo_miss: completed=47/75 errors=28 elapsed_ms=1026.3'),1
FANOUT,K75,Exception('timeout_or_slo_miss: completed=41/75 errors=34 elapsed_ms=1154.1'),1
FANOUT,K75,Exception('timeout_or_slo_miss: completed=49/75 errors=26 elapsed_ms=1063.6'),1
FANOUT,K75,Exception('timeout_or_slo_miss: completed=44/75 errors=31 elapsed_ms=1029.4'),1
FANOUT,K75,Exception('timeout_or_slo_miss: completed=46/75 errors=29 elapsed_ms=1020.4'),1
FANOUT,K75,Exception('timeout_or_slo_miss: completed=50/75 errors=25 elapsed_ms=1006.9'),6
FANOUT,K75,Exception('timeout_or_slo_miss: completed=48/75 errors=27 elapsed_ms=1006.3'),1
FANOUT,K75,Exception('timeout_or_slo_miss: completed=50/75 errors=25 elapsed_ms=1017.6'),1
FANOUT,K75,Exception('timeout_or_slo_miss: completed=56/75 errors=14 elapsed_ms=1500.3'),1
FANOUT,K75,Exception('timeout_or_slo_miss: completed=46/75 errors=29 elapsed_ms=1127.8'),1
FANOUT,K75,Exception('timeout_or_slo_miss: completed=53/75 errors=17 elapsed_ms=1615.3'),1
FANOUT,K75,Exception('timeout_or_slo_miss: completed=48/75 errors=27 elapsed_ms=1014.7'),1
FANOUT,K75,Exception('timeout_or_slo_miss: completed=53/75 errors=17 elapsed_ms=1617.5'),1
FANOUT,K75,Exception('timeout_or_slo_miss: completed=50/75 errors=20 elapsed_ms=1661.3'),1
FANOUT,K75,Exception('timeout_or_slo_miss: completed=57/75 errors=13 elapsed_ms=1496.1'),1
FANOUT,K75,Exception('timeout_or_slo_miss: completed=48/75 errors=27 elapsed_ms=1080.1'),1
FANOUT,K75,Exception('timeout_or_slo_miss: completed=44/75 errors=31 elapsed_ms=1012.7'),1
FANOUT,K75,Exception('timeout_or_slo_miss: completed=46/75 errors=29 elapsed_ms=1125.2'),1
FANOUT,K75,Exception('timeout_or_slo_miss: completed=54/75 errors=16 elapsed_ms=1509.3'),1
FANOUT,K75,Exception('timeout_or_slo_miss: completed=46/75 errors=29 elapsed_ms=1132.8'),1
FANOUT,K75,Exception('timeout_or_slo_miss: completed=36/75 errors=39 elapsed_ms=1171.6'),1
FANOUT,K75,Exception('timeout_or_slo_miss: completed=54/75 errors=12 elapsed_ms=1660.5'),1
FANOUT,K75,Exception('timeout_or_slo_miss: completed=49/75 errors=26 elapsed_ms=1007.0'),3
FANOUT,K75,Exception('timeout_or_slo_miss: completed=32/75 errors=43 elapsed_ms=1505.1'),1
FANOUT,K75,Exception('timeout_or_slo_miss: completed=44/75 errors=31 elapsed_ms=1115.5'),1
FANOUT,K75,Exception('timeout_or_slo_miss: completed=49/75 errors=26 elapsed_ms=1014.4'),4
FANOUT,K75,Exception('timeout_or_slo_miss: completed=44/75 errors=31 elapsed_ms=1095.7'),1
FANOUT,K75,Exception('timeout_or_slo_miss: completed=55/75 errors=20 elapsed_ms=1145.6'),1
FANOUT,K75,Exception('timeout_or_slo_miss: completed=24/75 errors=38 elapsed_ms=13911.8'),1
FANOUT,K75,Exception('timeout_or_slo_miss: completed=28/75 errors=35 elapsed_ms=14091.9'),1
FANOUT,K75,Exception('timeout_or_slo_miss: completed=51/75 errors=19 elapsed_ms=1518.0'),1
FANOUT,K75,Exception('timeout_or_slo_miss: completed=46/75 errors=24 elapsed_ms=1661.7'),1
FANOUT,K75,Exception('timeout_or_slo_miss: completed=25/75 errors=50 elapsed_ms=1510.1'),2
FANOUT,K75,Exception('timeout_or_slo_miss: completed=47/75 errors=28 elapsed_ms=1007.1'),1
FANOUT,K75,Exception('timeout_or_slo_miss: completed=51/75 errors=24 elapsed_ms=1054.1'),1
FANOUT,K75,Exception('timeout_or_slo_miss: completed=49/75 errors=26 elapsed_ms=1011.4'),3
FANOUT,K75,Exception('timeout_or_slo_miss: completed=47/75 errors=28 elapsed_ms=1021.0'),1
FANOUT,K75,Exception('timeout_or_slo_miss: completed=51/75 errors=19 elapsed_ms=1597.3'),1
FANOUT,K75,Exception('timeout_or_slo_miss: completed=50/75 errors=16 elapsed_ms=1656.4'),1
FANOUT,K75,Exception('timeout_or_slo_miss: completed=49/75 errors=21 elapsed_ms=1610.0'),1
FANOUT,K75,Exception('timeout_or_slo_miss: completed=42/75 errors=28 elapsed_ms=1740.1'),1
FANOUT,K75,Exception('timeout_or_slo_miss: completed=47/75 errors=28 elapsed_ms=1007.3'),1
FANOUT,K75,Exception('timeout_or_slo_miss: completed=53/75 errors=17 elapsed_ms=1511.3'),1
FANOUT,K75,Exception('timeout_or_slo_miss: completed=48/75 errors=18 elapsed_ms=1707.7'),1
FANOUT,K75,Exception('timeout_or_slo_miss: completed=53/75 errors=13 elapsed_ms=1618.0'),1
FANOUT,K75,Exception('timeout_or_slo_miss: completed=49/75 errors=26 elapsed_ms=1007.1'),1
FANOUT,K75,Exception('timeout_or_slo_miss: completed=50/75 errors=25 elapsed_ms=1007.9'),3
FANOUT,K75,Exception('timeout_or_slo_miss: completed=55/75 errors=20 elapsed_ms=1001.8'),1
FANOUT,K75,Exception('timeout_or_slo_miss: completed=51/75 errors=24 elapsed_ms=1004.2'),5
FANOUT,K75,Exception('timeout_or_slo_miss: completed=46/75 errors=29 elapsed_ms=1119.6'),1
FANOUT,K75,Exception('timeout_or_slo_miss: completed=53/75 errors=22 elapsed_ms=1013.2'),1
FANOUT,K75,Exception('timeout_or_slo_miss: completed=53/75 errors=22 elapsed_ms=1010.5'),1
FANOUT,K75,Exception('timeout_or_slo_miss: completed=51/75 errors=24 elapsed_ms=1005.1'),5
FANOUT,K75,Exception('timeout_or_slo_miss: completed=47/75 errors=16 elapsed_ms=2073.3'),1
FANOUT,K75,Exception('timeout_or_slo_miss: completed=45/75 errors=30 elapsed_ms=1077.4'),1
FANOUT,K75,Exception('timeout_or_slo_miss: completed=48/75 errors=27 elapsed_ms=1008.6'),2
FANOUT,K75,Exception('timeout_or_slo_miss: completed=55/75 errors=20 elapsed_ms=1007.9'),1
FANOUT,K75,Exception('timeout_or_slo_miss: completed=50/75 errors=16 elapsed_ms=1630.8'),1
FANOUT,K75,Exception('timeout_or_slo_miss: completed=46/75 errors=29 elapsed_ms=1017.5'),1
FANOUT,K75,Exception('timeout_or_slo_miss: completed=52/75 errors=23 elapsed_ms=1005.4'),4
FANOUT,K75,Exception('timeout_or_slo_miss: completed=51/75 errors=24 elapsed_ms=1136.2'),1
FANOUT,K75,Exception('timeout_or_slo_miss: completed=53/75 errors=22 elapsed_ms=1005.6'),2
FANOUT,K75,Exception('timeout_or_slo_miss: completed=47/75 errors=28 elapsed_ms=1116.7'),1
FANOUT,K75,Exception('timeout_or_slo_miss: completed=23/75 errors=52 elapsed_ms=1508.3'),1
FANOUT,K75,Exception('timeout_or_slo_miss: completed=53/75 errors=22 elapsed_ms=1018.4'),1
FANOUT,K75,Exception('timeout_or_slo_miss: completed=51/75 errors=15 elapsed_ms=1737.4'),1
FANOUT,K75,Exception('timeout_or_slo_miss: completed=51/75 errors=24 elapsed_ms=1079.1'),1
FANOUT,K75,Exception('timeout_or_slo_miss: completed=51/75 errors=24 elapsed_ms=1009.0'),3
FANOUT,K75,Exception('timeout_or_slo_miss: completed=44/75 errors=31 elapsed_ms=1012.3'),1
FANOUT,K75,Exception('timeout_or_slo_miss: completed=45/75 errors=30 elapsed_ms=1111.0'),1
FANOUT,K75,Exception('timeout_or_slo_miss: completed=44/75 errors=31 elapsed_ms=1096.7'),1
FANOUT,K75,Exception('timeout_or_slo_miss: completed=57/75 errors=0 elapsed_ms=1197.8'),1
FANOUT,K75,Exception('timeout_or_slo_miss: completed=47/75 errors=28 elapsed_ms=1124.5'),1
FANOUT,K75,Exception('timeout_or_slo_miss: completed=42/75 errors=33 elapsed_ms=1205.1'),1
FANOUT,K75,Exception('timeout_or_slo_miss: completed=50/75 errors=16 elapsed_ms=1630.6'),1
FANOUT,K75,Exception('timeout_or_slo_miss: completed=49/75 errors=26 elapsed_ms=1011.5'),2
FANOUT,K75,Exception('timeout_or_slo_miss: completed=49/75 errors=26 elapsed_ms=1008.6'),5
FANOUT,K75,Exception('timeout_or_slo_miss: completed=46/75 errors=29 elapsed_ms=1054.0'),1
FANOUT,K75,Exception('timeout_or_slo_miss: completed=44/75 errors=31 elapsed_ms=1013.3'),1
FANOUT,K75,Exception('timeout_or_slo_miss: completed=21/75 errors=54 elapsed_ms=1512.8'),1
FANOUT,K75,Exception('timeout_or_slo_miss: completed=49/75 errors=15 elapsed_ms=1742.5'),1
FANOUT,K75,Exception('timeout_or_slo_miss: completed=49/75 errors=26 elapsed_ms=1012.2'),3
FANOUT,K75,Exception('timeout_or_slo_miss: completed=49/75 errors=21 elapsed_ms=1561.4'),1
FANOUT,K75,Exception('timeout_or_slo_miss: completed=50/75 errors=20 elapsed_ms=1614.8'),1
FANOUT,K75,Exception('timeout_or_slo_miss: completed=43/75 errors=32 elapsed_ms=1094.3'),1
FANOUT,K75,Exception('timeout_or_slo_miss: completed=49/75 errors=14 elapsed_ms=1763.0'),1
FANOUT,K75,Exception('timeout_or_slo_miss: completed=51/75 errors=24 elapsed_ms=1003.6'),2
FANOUT,K75,Exception('timeout_or_slo_miss: completed=35/75 errors=35 elapsed_ms=6910.1'),1
FANOUT,K75,Exception('timeout_or_slo_miss: completed=53/75 errors=22 elapsed_ms=1003.3'),3
FANOUT,K75,Exception('timeout_or_slo_miss: completed=27/75 errors=48 elapsed_ms=1507.1'),1
FANOUT,K75,Exception('timeout_or_slo_miss: completed=55/75 errors=11 elapsed_ms=1593.8'),1
FANOUT,K75,Exception('timeout_or_slo_miss: completed=53/75 errors=22 elapsed_ms=1006.0'),2
FANOUT,K75,Exception('timeout_or_slo_miss: completed=25/75 errors=50 elapsed_ms=1507.1'),2
FANOUT,K75,Exception('timeout_or_slo_miss: completed=53/75 errors=22 elapsed_ms=1003.4'),4
FANOUT,K75,Exception('timeout_or_slo_miss: completed=47/75 errors=28 elapsed_ms=1132.8'),1
FANOUT,K75,Exception('timeout_or_slo_miss: completed=47/75 errors=28 elapsed_ms=1076.4'),1
FANOUT,K75,Exception('timeout_or_slo_miss: completed=55/75 errors=15 elapsed_ms=1521.8'),1
FANOUT,K75,Exception('timeout_or_slo_miss: completed=51/75 errors=24 elapsed_ms=1003.5'),1
FANOUT,K75,Exception('timeout_or_slo_miss: completed=48/75 errors=27 elapsed_ms=1022.7'),1
FANOUT,K75,Exception('timeout_or_slo_miss: completed=49/75 errors=17 elapsed_ms=1635.7'),1
FANOUT,K75,Exception('timeout_or_slo_miss: completed=48/75 errors=27 elapsed_ms=1080.7'),1
FANOUT,K75,Exception('timeout_or_slo_miss: completed=51/75 errors=24 elapsed_ms=1112.5'),1
FANOUT,K75,Exception('timeout_or_slo_miss: completed=45/75 errors=25 elapsed_ms=1680.0'),1
FANOUT,K75,Exception('timeout_or_slo_miss: completed=54/75 errors=21 elapsed_ms=1004.3'),1
FANOUT,K75,Exception('timeout_or_slo_miss: completed=21/75 errors=54 elapsed_ms=1508.9'),1
FANOUT,K75,Exception('timeout_or_slo_miss: completed=54/75 errors=16 elapsed_ms=1523.2'),1
FANOUT,K75,Exception('timeout_or_slo_miss: completed=51/75 errors=24 elapsed_ms=1008.6'),1
FANOUT,K75,Exception('timeout_or_slo_miss: completed=45/75 errors=30 elapsed_ms=1005.0'),1
FANOUT,K75,Exception('timeout_or_slo_miss: completed=47/75 errors=28 elapsed_ms=1117.0'),1
FANOUT,K75,Exception('timeout_or_slo_miss: completed=26/75 errors=49 elapsed_ms=1507.4'),3
FANOUT,K75,Exception('timeout_or_slo_miss: completed=43/75 errors=32 elapsed_ms=1012.3'),1
FANOUT,K75,Exception('timeout_or_slo_miss: completed=47/75 errors=19 elapsed_ms=1848.3'),1
FANOUT,K75,Exception('timeout_or_slo_miss: completed=55/75 errors=11 elapsed_ms=1519.0'),1
FANOUT,K75,Exception('timeout_or_slo_miss: completed=48/75 errors=27 elapsed_ms=1012.2'),2
FANOUT,K75,Exception('timeout_or_slo_miss: completed=52/75 errors=18 elapsed_ms=1518.3'),2
FANOUT,K75,Exception('timeout_or_slo_miss: completed=48/75 errors=22 elapsed_ms=1649.4'),1
FANOUT,K75,Exception('timeout_or_slo_miss: completed=51/75 errors=24 elapsed_ms=1013.8'),1
FANOUT,K75,Exception('timeout_or_slo_miss: completed=40/75 errors=35 elapsed_ms=1127.0'),1
FANOUT,K75,Exception('timeout_or_slo_miss: completed=48/75 errors=18 elapsed_ms=1795.5'),1
FANOUT,K75,Exception('timeout_or_slo_miss: completed=57/75 errors=18 elapsed_ms=1002.0'),1
FANOUT,K75,Exception('timeout_or_slo_miss: completed=47/75 errors=28 elapsed_ms=1015.1'),3
FANOUT,K75,Exception('timeout_or_slo_miss: completed=47/75 errors=19 elapsed_ms=1806.7'),1
FANOUT,K75,Exception('timeout_or_slo_miss: completed=56/75 errors=10 elapsed_ms=1524.1'),1
FANOUT,K75,Exception('timeout_or_slo_miss: completed=48/75 errors=27 elapsed_ms=1012.3'),3
FANOUT,K75,Exception('timeout_or_slo_miss: completed=49/75 errors=26 elapsed_ms=1025.2'),1
FANOUT,K75,Exception('timeout_or_slo_miss: completed=45/75 errors=30 elapsed_ms=1098.8'),1
FANOUT,K75,Exception('timeout_or_slo_miss: completed=49/75 errors=26 elapsed_ms=1082.4'),1
FANOUT,K75,Exception('timeout_or_slo_miss: completed=46/75 errors=24 elapsed_ms=1682.1'),1
FANOUT,K75,Exception('timeout_or_slo_miss: completed=52/75 errors=23 elapsed_ms=1004.6'),4
FANOUT,K75,Exception('timeout_or_slo_miss: completed=50/75 errors=25 elapsed_ms=1009.0'),3
FANOUT,K75,Exception('timeout_or_slo_miss: completed=53/75 errors=10 elapsed_ms=1676.1'),1
FANOUT,K75,Exception('timeout_or_slo_miss: completed=49/75 errors=26 elapsed_ms=1009.6'),2
FANOUT,K75,Exception('timeout_or_slo_miss: completed=48/75 errors=27 elapsed_ms=1125.8'),1
FANOUT,K75,Exception('timeout_or_slo_miss: completed=51/75 errors=24 elapsed_ms=1003.9'),1
FANOUT,K75,Exception('timeout_or_slo_miss: completed=52/75 errors=14 elapsed_ms=1580.6'),1
FANOUT,K75,Exception('timeout_or_slo_miss: completed=50/75 errors=16 elapsed_ms=1740.8'),1
FANOUT,K75,Exception('timeout_or_slo_miss: completed=48/75 errors=27 elapsed_ms=1015.7'),1
FANOUT,K75,Exception('timeout_or_slo_miss: completed=49/75 errors=26 elapsed_ms=1086.7'),1
FANOUT,K75,Exception('timeout_or_slo_miss: completed=26/75 errors=49 elapsed_ms=1509.8'),1
FANOUT,K75,Exception('timeout_or_slo_miss: completed=46/75 errors=29 elapsed_ms=1102.0'),1
FANOUT,K75,Exception('timeout_or_slo_miss: completed=54/75 errors=21 elapsed_ms=1007.3'),2
FANOUT,K75,Exception('timeout_or_slo_miss: completed=49/75 errors=26 elapsed_ms=1053.7'),1
FANOUT,K75,Exception('timeout_or_slo_miss: completed=50/75 errors=20 elapsed_ms=1547.0'),1
FANOUT,K75,Exception('timeout_or_slo_miss: completed=43/75 errors=32 elapsed_ms=1130.0'),1
FANOUT,K75,Exception('timeout_or_slo_miss: completed=49/75 errors=26 elapsed_ms=1009.8'),2
FANOUT,K75,Exception('timeout_or_slo_miss: completed=46/75 errors=29 elapsed_ms=1112.0'),1
FANOUT,K75,Exception('timeout_or_slo_miss: completed=45/75 errors=30 elapsed_ms=1101.0'),1
FANOUT,K75,Exception('timeout_or_slo_miss: completed=44/75 errors=31 elapsed_ms=1010.8'),1
FANOUT,K75,Exception('timeout_or_slo_miss: completed=45/75 errors=30 elapsed_ms=1130.1'),1
FANOUT,K75,Exception('timeout_or_slo_miss: completed=51/75 errors=24 elapsed_ms=1005.9'),7
FANOUT,K75,Exception('timeout_or_slo_miss: completed=46/75 errors=29 elapsed_ms=1107.6'),1
FANOUT,K75,Exception('timeout_or_slo_miss: completed=52/75 errors=14 elapsed_ms=1643.8'),1
FANOUT,K75,Exception('timeout_or_slo_miss: completed=53/75 errors=22 elapsed_ms=1001.3'),2
FANOUT,K75,Exception('timeout_or_slo_miss: completed=51/75 errors=24 elapsed_ms=1012.3'),1
FANOUT,K75,Exception('timeout_or_slo_miss: completed=50/75 errors=16 elapsed_ms=1805.1'),1
FANOUT,K75,Exception('timeout_or_slo_miss: completed=43/75 errors=32 elapsed_ms=1136.0'),1
FANOUT,K75,Exception('timeout_or_slo_miss: completed=44/75 errors=22 elapsed_ms=2008.5'),1
FANOUT,K75,Exception('timeout_or_slo_miss: completed=54/75 errors=16 elapsed_ms=1507.2'),1
FANOUT,K75,Exception('timeout_or_slo_miss: completed=53/75 errors=22 elapsed_ms=1011.5'),1
FANOUT,K75,Exception('timeout_or_slo_miss: completed=55/75 errors=20 elapsed_ms=1008.1'),1
FANOUT,K75,Exception('timeout_or_slo_miss: completed=53/75 errors=22 elapsed_ms=1004.5'),5
FANOUT,K75,Exception('timeout_or_slo_miss: completed=55/75 errors=20 elapsed_ms=1001.4'),1
FANOUT,K75,Exception('timeout_or_slo_miss: completed=47/75 errors=28 elapsed_ms=1115.3'),1
FANOUT,K75,Exception('timeout_or_slo_miss: completed=29/75 errors=46 elapsed_ms=1508.3'),2
FANOUT,K75,Exception('timeout_or_slo_miss: completed=52/75 errors=14 elapsed_ms=1619.0'),1
FANOUT,K75,Exception('timeout_or_slo_miss: completed=52/75 errors=23 elapsed_ms=1014.7'),1
FANOUT,K75,Exception('timeout_or_slo_miss: completed=48/75 errors=27 elapsed_ms=1090.4'),1
FANOUT,K75,Exception('timeout_or_slo_miss: completed=53/75 errors=22 elapsed_ms=1004.4'),8
FANOUT,K75,Exception('timeout_or_slo_miss: completed=48/75 errors=18 elapsed_ms=1758.4'),1
FANOUT,K75,Exception('timeout_or_slo_miss: completed=34/75 errors=26 elapsed_ms=8318.0'),1
FANOUT,K75,Exception('timeout_or_slo_miss: completed=51/75 errors=24 elapsed_ms=1011.6'),1
FANOUT,K75,Exception('timeout_or_slo_miss: completed=40/75 errors=21 elapsed_ms=3274.2'),1
FANOUT,K75,Exception('timeout_or_slo_miss: completed=54/75 errors=16 elapsed_ms=1514.8'),1
FANOUT,K75,Exception('timeout_or_slo_miss: completed=50/75 errors=25 elapsed_ms=1014.3'),1
FANOUT,K75,Exception('timeout_or_slo_miss: completed=43/75 errors=27 elapsed_ms=1738.3'),1
FANOUT,K75,Exception('timeout_or_slo_miss: completed=53/75 errors=22 elapsed_ms=1003.7'),5
FANOUT,K75,Exception('timeout_or_slo_miss: completed=45/75 errors=30 elapsed_ms=1115.3'),1
FANOUT,K75,Exception('timeout_or_slo_miss: completed=18/75 errors=57 elapsed_ms=1508.9'),1
FANOUT,K75,Exception('timeout_or_slo_miss: completed=51/75 errors=24 elapsed_ms=1011.1'),1
FANOUT,K75,Exception('timeout_or_slo_miss: completed=46/75 errors=24 elapsed_ms=1647.5'),1
FANOUT,K75,Exception('timeout_or_slo_miss: completed=49/75 errors=26 elapsed_ms=1083.8'),1
FANOUT,K75,Exception('timeout_or_slo_miss: completed=50/75 errors=16 elapsed_ms=1610.3'),1
FANOUT,K75,Exception('timeout_or_slo_miss: completed=48/75 errors=27 elapsed_ms=1096.1'),1
FANOUT,K75,Exception('timeout_or_slo_miss: completed=27/75 errors=40 elapsed_ms=14861.5'),1
FANOUT,K75,Exception('timeout_or_slo_miss: completed=44/75 errors=31 elapsed_ms=1113.7'),1
FANOUT,K75,Exception('timeout_or_slo_miss: completed=43/75 errors=32 elapsed_ms=1113.9'),1
FANOUT,K75,Exception('timeout_or_slo_miss: completed=54/75 errors=16 elapsed_ms=1513.5'),1
FANOUT,K75,Exception('timeout_or_slo_miss: completed=51/75 errors=24 elapsed_ms=1009.8'),1
FANOUT,K75,Exception('timeout_or_slo_miss: completed=30/75 errors=45 elapsed_ms=1504.7'),1
FANOUT,K75,Exception('timeout_or_slo_miss: completed=44/75 errors=22 elapsed_ms=2008.4'),1
FANOUT,K75,Exception('timeout_or_slo_miss: completed=47/75 errors=28 elapsed_ms=1014.3'),1
FANOUT,K75,Exception('timeout_or_slo_miss: completed=28/75 errors=47 elapsed_ms=1512.9'),1
FANOUT,K75,Exception('timeout_or_slo_miss: completed=52/75 errors=23 elapsed_ms=1064.1'),1
FANOUT,K75,Exception('timeout_or_slo_miss: completed=47/75 errors=28 elapsed_ms=1086.4'),1
FANOUT,K75,Exception('timeout_or_slo_miss: completed=23/75 errors=52 elapsed_ms=1507.4'),1
FANOUT,K75,Exception('timeout_or_slo_miss: completed=45/75 errors=30 elapsed_ms=1010.1'),1
FANOUT,K75,Exception('timeout_or_slo_miss: completed=49/75 errors=26 elapsed_ms=1020.3'),1
FANOUT,K75,Exception('timeout_or_slo_miss: completed=38/75 errors=37 elapsed_ms=1161.1'),1
FANOUT,K75,Exception('timeout_or_slo_miss: completed=54/75 errors=21 elapsed_ms=1015.2'),1
FANOUT,K75,Exception('timeout_or_slo_miss: completed=44/75 errors=31 elapsed_ms=1159.4'),1
FANOUT,K75,Exception('timeout_or_slo_miss: completed=45/75 errors=30 elapsed_ms=1090.5'),1
FANOUT,K75,Exception('timeout_or_slo_miss: completed=51/75 errors=24 elapsed_ms=1073.4'),1
FANOUT,K75,Exception('timeout_or_slo_miss: completed=47/75 errors=16 elapsed_ms=2126.3'),1
FANOUT,K75,Exception('timeout_or_slo_miss: completed=53/75 errors=22 elapsed_ms=1001.7'),1
FANOUT,K75,Exception('timeout_or_slo_miss: completed=22/75 errors=53 elapsed_ms=1619.5'),1
FANOUT,K75,Exception('timeout_or_slo_miss: completed=44/75 errors=22 elapsed_ms=1913.6'),1
FANOUT,K75,Exception('timeout_or_slo_miss: completed=44/75 errors=31 elapsed_ms=1089.5'),1
FANOUT,K75,Exception('timeout_or_slo_miss: completed=47/75 errors=19 elapsed_ms=1812.9'),1
FANOUT,K75,Exception('timeout_or_slo_miss: completed=49/75 errors=26 elapsed_ms=1005.5'),1
FANOUT,K75,Exception('timeout_or_slo_miss: completed=45/75 errors=30 elapsed_ms=1011.6'),2
FANOUT,K75,Exception('timeout_or_slo_miss: completed=53/75 errors=22 elapsed_ms=1003.8'),3
FANOUT,K75,Exception('timeout_or_slo_miss: completed=44/75 errors=19 elapsed_ms=2155.9'),1
FANOUT,K75,Exception('timeout_or_slo_miss: completed=46/75 errors=29 elapsed_ms=1110.4'),1
FANOUT,K75,Exception('timeout_or_slo_miss: completed=54/75 errors=21 elapsed_ms=1023.2'),1
FANOUT,K75,Exception('timeout_or_slo_miss: completed=53/75 errors=17 elapsed_ms=1514.1'),1
FANOUT,K75,Exception('timeout_or_slo_miss: completed=49/75 errors=21 elapsed_ms=1516.1'),1
FANOUT,K75,Exception('timeout_or_slo_miss: completed=43/75 errors=32 elapsed_ms=1131.9'),1
FANOUT,K75,Exception('timeout_or_slo_miss: completed=48/75 errors=27 elapsed_ms=1013.0'),2
FANOUT,K75,Exception('timeout_or_slo_miss: completed=48/75 errors=27 elapsed_ms=1102.7'),1
FANOUT,K75,Exception('timeout_or_slo_miss: completed=40/75 errors=35 elapsed_ms=1131.5'),1
FANOUT,K75,Exception('timeout_or_slo_miss: completed=49/75 errors=26 elapsed_ms=1184.2'),1
FANOUT,K75,Exception('timeout_or_slo_miss: completed=23/75 errors=36 elapsed_ms=13010.4'),1
FANOUT,K75,Exception('timeout_or_slo_miss: completed=47/75 errors=28 elapsed_ms=1088.0'),1
FANOUT,K75,Exception('timeout_or_slo_miss: completed=51/75 errors=12 elapsed_ms=1769.1'),1
FANOUT,K75,Exception('timeout_or_slo_miss: completed=30/75 errors=45 elapsed_ms=1503.1'),1
FANOUT,K75,Exception('timeout_or_slo_miss: completed=39/75 errors=36 elapsed_ms=1144.0'),1
FANOUT,K75,Exception('timeout_or_slo_miss: completed=51/75 errors=24 elapsed_ms=1008.3'),2
FANOUT,K75,Exception('timeout_or_slo_miss: completed=48/75 errors=27 elapsed_ms=1128.6'),1
FANOUT,K75,Exception('timeout_or_slo_miss: completed=55/75 errors=15 elapsed_ms=1512.2'),1
FANOUT,K75,Exception('timeout_or_slo_miss: completed=39/75 errors=26 elapsed_ms=7156.7'),1
FANOUT,K75,Exception('timeout_or_slo_miss: completed=40/75 errors=35 elapsed_ms=1127.1'),1
FANOUT,K75,Exception('timeout_or_slo_miss: completed=50/75 errors=25 elapsed_ms=1005.9'),4
FANOUT,K75,Exception('timeout_or_slo_miss: completed=48/75 errors=27 elapsed_ms=1097.6'),1
FANOUT,K75,Exception('timeout_or_slo_miss: completed=47/75 errors=28 elapsed_ms=1080.8'),1
FANOUT,K75,Exception('timeout_or_slo_miss: completed=26/75 errors=49 elapsed_ms=1508.8'),1
FANOUT,K75,Exception('timeout_or_slo_miss: completed=48/75 errors=18 elapsed_ms=1766.7'),1
FANOUT,K75,Exception('timeout_or_slo_miss: completed=21/75 errors=42 elapsed_ms=15622.9'),1
FANOUT,K75,Exception('timeout_or_slo_miss: completed=54/75 errors=12 elapsed_ms=1622.7'),1
FANOUT,K75,Exception('timeout_or_slo_miss: completed=31/75 errors=44 elapsed_ms=1504.9'),1
FANOUT,K75,Exception('timeout_or_slo_miss: completed=50/75 errors=25 elapsed_ms=1013.9'),2
FANOUT,K75,Exception('timeout_or_slo_miss: completed=52/75 errors=23 elapsed_ms=1022.2'),1
FANOUT,K75,Exception('timeout_or_slo_miss: completed=46/75 errors=29 elapsed_ms=1048.2'),1
FANOUT,K75,Exception('timeout_or_slo_miss: completed=50/75 errors=25 elapsed_ms=1092.4'),1
FANOUT,K75,Exception('timeout_or_slo_miss: completed=49/75 errors=26 elapsed_ms=1017.4'),1
FANOUT,K75,Exception('timeout_or_slo_miss: completed=24/75 errors=51 elapsed_ms=1599.0'),1
FANOUT,K75,Exception('timeout_or_slo_miss: completed=44/75 errors=31 elapsed_ms=1115.9'),2
FANOUT,K75,Exception('timeout_or_slo_miss: completed=42/75 errors=33 elapsed_ms=1103.8'),1
FANOUT,K75,Exception('timeout_or_slo_miss: completed=52/75 errors=4 elapsed_ms=4236.9'),1
FANOUT,K75,Exception('timeout_or_slo_miss: completed=42/75 errors=33 elapsed_ms=1134.3'),1
FANOUT,K75,Exception('timeout_or_slo_miss: completed=54/75 errors=21 elapsed_ms=1001.0'),1
FANOUT,K75,Exception('timeout_or_slo_miss: completed=29/75 errors=46 elapsed_ms=1506.8'),2
FANOUT,K75,Exception('subread_error: completed=62/75 errors=13'),3
FANOUT,K75,Exception('timeout_or_slo_miss: completed=54/75 errors=21 elapsed_ms=1006.5'),1
FANOUT,K75,Exception('timeout_or_slo_miss: completed=53/75 errors=22 elapsed_ms=1001.4'),1
FANOUT,K75,Exception('timeout_or_slo_miss: completed=44/75 errors=31 elapsed_ms=1117.0'),1
FANOUT,K75,Exception('timeout_or_slo_miss: completed=25/75 errors=50 elapsed_ms=1509.9'),1
FANOUT,K75,Exception('timeout_or_slo_miss: completed=56/75 errors=14 elapsed_ms=1498.1'),1
FANOUT,K75,Exception('timeout_or_slo_miss: completed=51/75 errors=24 elapsed_ms=1008.5'),2
FANOUT,K75,Exception('timeout_or_slo_miss: completed=47/75 errors=23 elapsed_ms=1652.7'),1
FANOUT,K75,Exception('timeout_or_slo_miss: completed=47/75 errors=28 elapsed_ms=1008.4'),1
FANOUT,K75,Exception('timeout_or_slo_miss: completed=20/75 errors=46 elapsed_ms=2697.0'),1
FANOUT,K75,Exception('timeout_or_slo_miss: completed=54/75 errors=21 elapsed_ms=1004.8'),3
FANOUT,K75,Exception('timeout_or_slo_miss: completed=45/75 errors=30 elapsed_ms=1011.1'),1
FANOUT,K75,Exception('timeout_or_slo_miss: completed=46/75 errors=29 elapsed_ms=1011.5'),3
FANOUT,K75,Exception('timeout_or_slo_miss: completed=50/75 errors=25 elapsed_ms=1005.3'),6
FANOUT,K75,Exception('timeout_or_slo_miss: completed=49/75 errors=26 elapsed_ms=1008.1'),2
FANOUT,K75,Exception('timeout_or_slo_miss: completed=49/75 errors=26 elapsed_ms=1062.7'),1
FANOUT,K75,Exception('timeout_or_slo_miss: completed=52/75 errors=18 elapsed_ms=1515.2'),1
FANOUT,K75,Exception('timeout_or_slo_miss: completed=54/75 errors=21 elapsed_ms=1013.3'),1
FANOUT,K75,Exception('timeout_or_slo_miss: completed=53/75 errors=22 elapsed_ms=1005.9'),3
FANOUT,K75,Exception('timeout_or_slo_miss: completed=44/75 errors=31 elapsed_ms=1138.9'),1
FANOUT,K75,Exception('timeout_or_slo_miss: completed=42/75 errors=21 elapsed_ms=2320.5'),1
FANOUT,K75,Exception('timeout_or_slo_miss: completed=46/75 errors=29 elapsed_ms=1008.0'),1
FANOUT,K75,Exception('timeout_or_slo_miss: completed=52/75 errors=18 elapsed_ms=1634.3'),1
FANOUT,K75,Exception('timeout_or_slo_miss: completed=51/75 errors=24 elapsed_ms=1017.1'),1
FANOUT,K75,Exception('timeout_or_slo_miss: completed=47/75 errors=28 elapsed_ms=1010.1'),3
FANOUT,K75,Exception('timeout_or_slo_miss: completed=46/75 errors=29 elapsed_ms=1022.3'),1
FANOUT,K75,Exception('timeout_or_slo_miss: completed=47/75 errors=28 elapsed_ms=1092.7'),3
FANOUT,K75,Exception('timeout_or_slo_miss: completed=15/75 errors=50 elapsed_ms=15225.0'),1
FANOUT,K75,Exception('timeout_or_slo_miss: completed=46/75 errors=29 elapsed_ms=1014.6'),1
FANOUT,K75,Exception('timeout_or_slo_miss: completed=44/75 errors=31 elapsed_ms=1133.8'),1
FANOUT,K75,Exception('timeout_or_slo_miss: completed=46/75 errors=29 elapsed_ms=1088.3'),1
FANOUT,K75,Exception('timeout_or_slo_miss: completed=53/75 errors=13 elapsed_ms=1522.3'),1
FANOUT,K75,Exception('timeout_or_slo_miss: completed=28/75 errors=47 elapsed_ms=1507.3'),1
FANOUT,K75,Exception('timeout_or_slo_miss: completed=48/75 errors=27 elapsed_ms=1063.4'),1
FANOUT,K75,Exception('timeout_or_slo_miss: completed=30/75 errors=45 elapsed_ms=1505.4'),2
FANOUT,K75,Exception('timeout_or_slo_miss: completed=47/75 errors=28 elapsed_ms=1094.8'),1
FANOUT,K75,Exception('timeout_or_slo_miss: completed=46/75 errors=24 elapsed_ms=1646.7'),1
FANOUT,K75,Exception('timeout_or_slo_miss: completed=46/75 errors=29 elapsed_ms=1015.7'),1
FANOUT,K75,Exception('timeout_or_slo_miss: completed=50/75 errors=25 elapsed_ms=1010.1'),2
FANOUT,K75,Exception('timeout_or_slo_miss: completed=22/75 errors=53 elapsed_ms=1599.4'),1
FANOUT,K75,Exception('timeout_or_slo_miss: completed=45/75 errors=30 elapsed_ms=1084.7'),1
FANOUT,K75,Exception('timeout_or_slo_miss: completed=54/75 errors=9 elapsed_ms=1817.8'),1
FANOUT,K75,Exception('timeout_or_slo_miss: completed=53/75 errors=13 elapsed_ms=1680.4'),1
FANOUT,K75,Exception('timeout_or_slo_miss: completed=45/75 errors=30 elapsed_ms=1110.2'),1
FANOUT,K75,Exception('timeout_or_slo_miss: completed=50/75 errors=16 elapsed_ms=1712.2'),1
FANOUT,K75,Exception('timeout_or_slo_miss: completed=46/75 errors=24 elapsed_ms=1529.5'),1
FANOUT,K75,Exception('timeout_or_slo_miss: completed=50/75 errors=25 elapsed_ms=1012.2'),1
FANOUT,K75,Exception('timeout_or_slo_miss: completed=49/75 errors=21 elapsed_ms=1663.5'),1
FANOUT,K75,Exception('timeout_or_slo_miss: completed=50/75 errors=25 elapsed_ms=1008.8'),3
FANOUT,K75,Exception('timeout_or_slo_miss: completed=46/75 errors=29 elapsed_ms=1011.9'),1
FANOUT,K75,Exception('timeout_or_slo_miss: completed=22/75 errors=53 elapsed_ms=1506.3'),1
FANOUT,K75,Exception('timeout_or_slo_miss: completed=21/75 errors=35 elapsed_ms=9414.9'),1
FANOUT,K75,Exception('timeout_or_slo_miss: completed=33/75 errors=42 elapsed_ms=1503.6'),1
FANOUT,K75,Exception('timeout_or_slo_miss: completed=23/75 errors=52 elapsed_ms=1508.5'),1
FANOUT,K75,Exception('timeout_or_slo_miss: completed=25/75 errors=50 elapsed_ms=1507.4'),1
FANOUT,K75,Exception('timeout_or_slo_miss: completed=49/75 errors=26 elapsed_ms=1004.9'),3
FANOUT,K75,Exception('timeout_or_slo_miss: completed=32/75 errors=43 elapsed_ms=1505.7'),1
FANOUT,K75,Exception('timeout_or_slo_miss: completed=53/75 errors=22 elapsed_ms=1005.5'),3
FANOUT,K75,Exception('timeout_or_slo_miss: completed=51/75 errors=24 elapsed_ms=1004.0'),5
FANOUT,K75,Exception('timeout_or_slo_miss: completed=57/75 errors=18 elapsed_ms=1008.1'),1
FANOUT,K75,Exception('timeout_or_slo_miss: completed=47/75 errors=23 elapsed_ms=1709.6'),1
FANOUT,K75,Exception('timeout_or_slo_miss: completed=46/75 errors=29 elapsed_ms=1010.5'),2
FANOUT,K75,Exception('timeout_or_slo_miss: completed=47/75 errors=28 elapsed_ms=1013.6'),1
FANOUT,K75,Exception('timeout_or_slo_miss: completed=28/75 errors=47 elapsed_ms=1505.4'),1
FANOUT,K75,Exception('timeout_or_slo_miss: completed=48/75 errors=27 elapsed_ms=1012.8'),1
FANOUT,K75,Exception('timeout_or_slo_miss: completed=50/75 errors=25 elapsed_ms=1091.6'),1
FANOUT,K75,Exception('timeout_or_slo_miss: completed=49/75 errors=26 elapsed_ms=1009.4'),3
FANOUT,K75,Exception('timeout_or_slo_miss: completed=46/75 errors=24 elapsed_ms=1682.6'),1
FANOUT,K75,Exception('timeout_or_slo_miss: completed=46/75 errors=29 elapsed_ms=1087.1'),1
FANOUT,K75,Exception('timeout_or_slo_miss: completed=48/75 errors=27 elapsed_ms=1098.2'),1
FANOUT,K75,Exception('timeout_or_slo_miss: completed=48/75 errors=27 elapsed_ms=1009.2'),1
FANOUT,K75,Exception('timeout_or_slo_miss: completed=23/75 errors=52 elapsed_ms=1508.1'),1
FANOUT,K75,Exception('timeout_or_slo_miss: completed=29/75 errors=46 elapsed_ms=1506.6'),1
FANOUT,K75,Exception('timeout_or_slo_miss: completed=45/75 errors=30 elapsed_ms=1091.9'),1
FANOUT,K75,Exception('timeout_or_slo_miss: completed=50/75 errors=25 elapsed_ms=1005.4'),3
FANOUT,K75,Exception('timeout_or_slo_miss: completed=49/75 errors=26 elapsed_ms=1023.4'),1
FANOUT,K75,Exception('timeout_or_slo_miss: completed=47/75 errors=28 elapsed_ms=1103.1'),1
FANOUT,K75,Exception('timeout_or_slo_miss: completed=45/75 errors=30 elapsed_ms=1099.5'),1
FANOUT,K75,Exception('timeout_or_slo_miss: completed=43/75 errors=32 elapsed_ms=1126.3'),1
FANOUT,K75,Exception('timeout_or_slo_miss: completed=23/75 errors=52 elapsed_ms=1507.9'),1
FANOUT,K75,Exception('timeout_or_slo_miss: completed=53/75 errors=13 elapsed_ms=1633.8'),1
FANOUT,K75,Exception('timeout_or_slo_miss: completed=53/75 errors=17 elapsed_ms=1614.9'),1
FANOUT,K75,Exception('timeout_or_slo_miss: completed=54/75 errors=21 elapsed_ms=1004.6'),4
FANOUT,K75,Exception('timeout_or_slo_miss: completed=51/75 errors=24 elapsed_ms=1011.3'),2
FANOUT,K75,Exception('timeout_or_slo_miss: completed=52/75 errors=18 elapsed_ms=1602.3'),1
FANOUT,K75,Exception('timeout_or_slo_miss: completed=46/75 errors=29 elapsed_ms=1124.8'),1
FANOUT,K75,Exception('timeout_or_slo_miss: completed=42/75 errors=33 elapsed_ms=1111.3'),1
FANOUT,K75,Exception('timeout_or_slo_miss: completed=27/75 errors=48 elapsed_ms=1505.8'),1
FANOUT,K75,Exception('timeout_or_slo_miss: completed=47/75 errors=27 elapsed_ms=5513.4'),1
FANOUT,K75,Exception('timeout_or_slo_miss: completed=57/75 errors=6 elapsed_ms=1265.4'),1
FANOUT,K75,Exception('timeout_or_slo_miss: completed=51/75 errors=24 elapsed_ms=1013.5'),1
FANOUT,K75,Exception('timeout_or_slo_miss: completed=22/75 errors=53 elapsed_ms=1600.8'),1
FANOUT,K75,Exception('timeout_or_slo_miss: completed=50/75 errors=25 elapsed_ms=1016.5'),1
FANOUT,K75,Exception('timeout_or_slo_miss: completed=52/75 errors=18 elapsed_ms=1594.4'),1
FANOUT,K75,Exception('timeout_or_slo_miss: completed=52/75 errors=23 elapsed_ms=1004.9'),3
FANOUT,K75,Exception('timeout_or_slo_miss: completed=43/75 errors=32 elapsed_ms=1112.4'),1
FANOUT,K75,Exception('timeout_or_slo_miss: completed=25/75 errors=50 elapsed_ms=1506.8'),3
FANOUT,K75,Exception('timeout_or_slo_miss: completed=45/75 errors=25 elapsed_ms=1702.2'),1
FANOUT,K75,Exception('timeout_or_slo_miss: completed=48/75 errors=22 elapsed_ms=1633.6'),1
FANOUT,K75,Exception('timeout_or_slo_miss: completed=47/75 errors=28 elapsed_ms=1035.9'),1
FANOUT,K75,Exception('timeout_or_slo_miss: completed=46/75 errors=29 elapsed_ms=1007.7'),2
FANOUT,K75,Exception('timeout_or_slo_miss: completed=43/75 errors=32 elapsed_ms=1085.9'),1
FANOUT,K75,Exception('timeout_or_slo_miss: completed=29/75 errors=46 elapsed_ms=1504.7'),1
FANOUT,K75,Exception('timeout_or_slo_miss: completed=44/75 errors=31 elapsed_ms=1098.6'),1
FANOUT,K75,Exception('timeout_or_slo_miss: completed=53/75 errors=22 elapsed_ms=1006.2'),1
FANOUT,K75,Exception('timeout_or_slo_miss: completed=48/75 errors=22 elapsed_ms=1587.9'),1
FANOUT,K75,Exception('timeout_or_slo_miss: completed=46/75 errors=29 elapsed_ms=1093.5'),1
FANOUT,K75,Exception('timeout_or_slo_miss: completed=45/75 errors=21 elapsed_ms=1764.0'),1
FANOUT,K75,Exception('timeout_or_slo_miss: completed=49/75 errors=26 elapsed_ms=1004.7'),3
FANOUT,K75,Exception('timeout_or_slo_miss: completed=54/75 errors=16 elapsed_ms=1505.8'),1
FANOUT,K75,Exception('timeout_or_slo_miss: completed=22/75 errors=53 elapsed_ms=1509.1'),1
FANOUT,K75,Exception('timeout_or_slo_miss: completed=53/75 errors=22 elapsed_ms=1004.7'),3
FANOUT,K75,Exception('timeout_or_slo_miss: completed=52/75 errors=18 elapsed_ms=1567.3'),1
FANOUT,K75,Exception('timeout_or_slo_miss: completed=56/75 errors=19 elapsed_ms=1002.1'),1
FANOUT,K75,Exception('timeout_or_slo_miss: completed=22/75 errors=53 elapsed_ms=1508.0'),1
FANOUT,K75,Exception('timeout_or_slo_miss: completed=49/75 errors=26 elapsed_ms=1016.9'),1
FANOUT,K75,Exception('timeout_or_slo_miss: completed=47/75 errors=28 elapsed_ms=1008.8'),3
FANOUT,K75,Exception('timeout_or_slo_miss: completed=49/75 errors=26 elapsed_ms=1007.8'),6
FANOUT,K75,Exception('timeout_or_slo_miss: completed=51/75 errors=24 elapsed_ms=1051.9'),1
FANOUT,K75,Exception('timeout_or_slo_miss: completed=23/75 errors=52 elapsed_ms=1509.6'),1
FANOUT,K75,Exception('timeout_or_slo_miss: completed=45/75 errors=30 elapsed_ms=1010.3'),1
FANOUT,K75,Exception('timeout_or_slo_miss: completed=47/75 errors=16 elapsed_ms=2102.6'),1
FANOUT,K75,Exception('timeout_or_slo_miss: completed=52/75 errors=18 elapsed_ms=1508.7'),1
FANOUT,K75,Exception('timeout_or_slo_miss: completed=18/75 errors=57 elapsed_ms=1596.8'),1
FANOUT,K75,Exception('timeout_or_slo_miss: completed=55/75 errors=20 elapsed_ms=1005.2'),1
FANOUT,K75,Exception('timeout_or_slo_miss: completed=28/75 errors=47 elapsed_ms=1506.5'),1
FANOUT,K75,Exception('timeout_or_slo_miss: completed=47/75 errors=28 elapsed_ms=1006.0'),2
FANOUT,K75,Exception('timeout_or_slo_miss: completed=47/75 errors=28 elapsed_ms=1013.1'),1
FANOUT,K75,Exception('timeout_or_slo_miss: completed=50/75 errors=25 elapsed_ms=1005.8'),1
FANOUT,K75,Exception('timeout_or_slo_miss: completed=41/75 errors=34 elapsed_ms=1146.6'),1
FANOUT,K75,Exception('timeout_or_slo_miss: completed=45/75 errors=25 elapsed_ms=1635.5'),1
FANOUT,K75,Exception('timeout_or_slo_miss: completed=44/75 errors=31 elapsed_ms=1118.1'),1
FANOUT,K75,Exception('timeout_or_slo_miss: completed=51/75 errors=24 elapsed_ms=1007.7'),6
FANOUT,K75,Exception('timeout_or_slo_miss: completed=44/75 errors=31 elapsed_ms=1153.3'),1
FANOUT,K75,Exception('timeout_or_slo_miss: completed=52/75 errors=14 elapsed_ms=1705.2'),1
FANOUT,K75,Exception('timeout_or_slo_miss: completed=50/75 errors=25 elapsed_ms=1010.8'),3
FANOUT,K75,Exception('timeout_or_slo_miss: completed=48/75 errors=27 elapsed_ms=1114.0'),1
FANOUT,K75,Exception('timeout_or_slo_miss: completed=55/75 errors=11 elapsed_ms=1608.0'),1
FANOUT,K75,Exception('timeout_or_slo_miss: completed=44/75 errors=31 elapsed_ms=1125.9'),1
FANOUT,K75,Exception('timeout_or_slo_miss: completed=48/75 errors=18 elapsed_ms=1695.5'),1
FANOUT,K75,Exception('timeout_or_slo_miss: completed=48/75 errors=27 elapsed_ms=1101.5'),1
FANOUT,K75,Exception('timeout_or_slo_miss: completed=45/75 errors=30 elapsed_ms=1103.8'),1
FANOUT,K75,Exception('timeout_or_slo_miss: completed=50/75 errors=25 elapsed_ms=1005.7'),4
FANOUT,K75,Exception('timeout_or_slo_miss: completed=50/75 errors=20 elapsed_ms=1613.5'),1
FANOUT,K75,Exception('timeout_or_slo_miss: completed=46/75 errors=29 elapsed_ms=1008.4'),3
FANOUT,K75,Exception('timeout_or_slo_miss: completed=47/75 errors=28 elapsed_ms=1103.3'),1
FANOUT,K75,Exception('timeout_or_slo_miss: completed=30/75 errors=45 elapsed_ms=1505.7'),2
FANOUT,K75,Exception('timeout_or_slo_miss: completed=52/75 errors=4 elapsed_ms=3272.3'),1
FANOUT,K75,Exception('timeout_or_slo_miss: completed=50/75 errors=25 elapsed_ms=1010.2'),3
FANOUT,K75,Exception('timeout_or_slo_miss: completed=50/75 errors=16 elapsed_ms=1656.8'),1
FANOUT,K75,Exception('timeout_or_slo_miss: completed=23/75 errors=52 elapsed_ms=1508.4'),1
FANOUT,K75,Exception('timeout_or_slo_miss: completed=48/75 errors=15 elapsed_ms=2025.7'),1
FANOUT,K75,Exception('timeout_or_slo_miss: completed=53/75 errors=13 elapsed_ms=1572.5'),1
FANOUT,K75,Exception('timeout_or_slo_miss: completed=48/75 errors=27 elapsed_ms=1072.0'),1
FANOUT,K75,Exception('timeout_or_slo_miss: completed=46/75 errors=29 elapsed_ms=1082.8'),1
FANOUT,K75,Exception('timeout_or_slo_miss: completed=51/75 errors=24 elapsed_ms=1009.6'),1
FANOUT,K75,Exception('timeout_or_slo_miss: completed=54/75 errors=21 elapsed_ms=1005.8'),1
FANOUT,K75,Exception('timeout_or_slo_miss: completed=51/75 errors=24 elapsed_ms=1010.7'),2
FANOUT,K75,Exception('timeout_or_slo_miss: completed=54/75 errors=12 elapsed_ms=1615.9'),1
FANOUT,K75,Exception('timeout_or_slo_miss: completed=54/75 errors=21 elapsed_ms=1008.3'),1
FANOUT,K75,Exception('timeout_or_slo_miss: completed=23/75 errors=52 elapsed_ms=1508.2'),1
FANOUT,K75,Exception('timeout_or_slo_miss: completed=54/75 errors=21 elapsed_ms=1004.1'),2
FANOUT,K75,Exception('timeout_or_slo_miss: completed=45/75 errors=21 elapsed_ms=1811.7'),1
FANOUT,K75,Exception('timeout_or_slo_miss: completed=45/75 errors=30 elapsed_ms=1107.0'),1
FANOUT,K75,Exception('timeout_or_slo_miss: completed=45/75 errors=21 elapsed_ms=1848.1'),1
FANOUT,K75,Exception('timeout_or_slo_miss: completed=45/75 errors=30 elapsed_ms=1135.4'),1
FANOUT,K75,Exception('timeout_or_slo_miss: completed=44/75 errors=31 elapsed_ms=1131.5'),1
FANOUT,K75,Exception('timeout_or_slo_miss: completed=43/75 errors=32 elapsed_ms=1132.9'),1
FANOUT,K75,Exception('timeout_or_slo_miss: completed=47/75 errors=28 elapsed_ms=1006.4'),1
FANOUT,K75,Exception('timeout_or_slo_miss: completed=48/75 errors=27 elapsed_ms=1009.0'),3
FANOUT,K75,Exception('timeout_or_slo_miss: completed=51/75 errors=15 elapsed_ms=1515.2'),1
FANOUT,K75,Exception('timeout_or_slo_miss: completed=22/75 errors=53 elapsed_ms=1510.2'),1
FANOUT,K75,Exception('timeout_or_slo_miss: completed=42/75 errors=33 elapsed_ms=1130.0'),1
FANOUT,K75,Exception('timeout_or_slo_miss: completed=46/75 errors=24 elapsed_ms=1649.6'),1
FANOUT,K75,Exception('timeout_or_slo_miss: completed=49/75 errors=26 elapsed_ms=1016.2'),2
FANOUT,K75,Exception('timeout_or_slo_miss: completed=53/75 errors=22 elapsed_ms=1006.1'),5
FANOUT,K75,Exception('timeout_or_slo_miss: completed=51/75 errors=24 elapsed_ms=1001.9'),1
FANOUT,K75,Exception('timeout_or_slo_miss: completed=48/75 errors=27 elapsed_ms=1017.5'),1
FANOUT,K75,Exception('timeout_or_slo_miss: completed=25/75 errors=50 elapsed_ms=1507.9'),2
FANOUT,K75,Exception('timeout_or_slo_miss: completed=40/75 errors=35 elapsed_ms=1116.6'),1
FANOUT,K75,Exception('timeout_or_slo_miss: completed=19/75 errors=56 elapsed_ms=1629.5'),1
FANOUT,K75,Exception('timeout_or_slo_miss: completed=46/75 errors=29 elapsed_ms=1081.9'),1
FANOUT,K75,Exception('timeout_or_slo_miss: completed=21/75 errors=54 elapsed_ms=1564.6'),1
FANOUT,K75,Exception('timeout_or_slo_miss: completed=51/75 errors=24 elapsed_ms=1007.8'),6
FANOUT,K75,Exception('timeout_or_slo_miss: completed=55/75 errors=20 elapsed_ms=1002.3'),4
FANOUT,K75,Exception('timeout_or_slo_miss: completed=44/75 errors=31 elapsed_ms=1062.3'),1
FANOUT,K75,Exception('timeout_or_slo_miss: completed=52/75 errors=23 elapsed_ms=1002.0'),1
FANOUT,K75,Exception('timeout_or_slo_miss: completed=26/75 errors=49 elapsed_ms=1507.9'),1
FANOUT,K75,Exception('timeout_or_slo_miss: completed=54/75 errors=12 elapsed_ms=1598.4'),1
FANOUT,K75,Exception('timeout_or_slo_miss: completed=50/75 errors=13 elapsed_ms=1910.8'),1
FANOUT,K75,Exception('timeout_or_slo_miss: completed=52/75 errors=23 elapsed_ms=1016.7'),1
FANOUT,K75,Exception('timeout_or_slo_miss: completed=48/75 errors=22 elapsed_ms=1614.2'),1
FANOUT,K75,Exception('timeout_or_slo_miss: completed=55/75 errors=20 elapsed_ms=1006.2'),1
FANOUT,K75,Exception('timeout_or_slo_miss: completed=24/75 errors=51 elapsed_ms=1509.9'),1
FANOUT,K75,Exception('timeout_or_slo_miss: completed=49/75 errors=17 elapsed_ms=1687.6'),1
FANOUT,K75,Exception('timeout_or_slo_miss: completed=45/75 errors=30 elapsed_ms=1127.6'),1
FANOUT,K75,Exception('timeout_or_slo_miss: completed=42/75 errors=33 elapsed_ms=1141.7'),1
FANOUT,K75,Exception('timeout_or_slo_miss: completed=18/75 errors=57 elapsed_ms=1576.9'),1
FANOUT,K75,Exception('timeout_or_slo_miss: completed=46/75 errors=29 elapsed_ms=1013.9'),1
FANOUT,K75,Exception('timeout_or_slo_miss: completed=46/75 errors=29 elapsed_ms=1005.4'),1
FANOUT,K75,Exception('timeout_or_slo_miss: completed=51/75 errors=24 elapsed_ms=1011.7'),1
FANOUT,K75,Exception('timeout_or_slo_miss: completed=27/75 errors=35 elapsed_ms=11135.3'),1
FANOUT,K75,Exception('timeout_or_slo_miss: completed=46/75 errors=29 elapsed_ms=1115.1'),1
FANOUT,K75,Exception('timeout_or_slo_miss: completed=52/75 errors=23 elapsed_ms=1007.6'),1
FANOUT,K75,Exception('timeout_or_slo_miss: completed=45/75 errors=30 elapsed_ms=1123.0'),2
FANOUT,K75,Exception('timeout_or_slo_miss: completed=54/75 errors=12 elapsed_ms=1616.8'),1
FANOUT,K75,Exception('timeout_or_slo_miss: completed=49/75 errors=21 elapsed_ms=2095.7'),1
FANOUT,K75,Exception('timeout_or_slo_miss: completed=51/75 errors=24 elapsed_ms=1015.1'),1
FANOUT,K75,Exception('timeout_or_slo_miss: completed=52/75 errors=23 elapsed_ms=1008.1'),1
FANOUT,K75,Exception('timeout_or_slo_miss: completed=44/75 errors=31 elapsed_ms=1097.1'),1
FANOUT,K75,Exception('timeout_or_slo_miss: completed=19/75 errors=56 elapsed_ms=1575.7'),1
FANOUT,K75,Exception('timeout_or_slo_miss: completed=48/75 errors=27 elapsed_ms=1114.7'),1
FANOUT,K75,Exception('timeout_or_slo_miss: completed=49/75 errors=26 elapsed_ms=1008.7'),5
FANOUT,K75,Exception('timeout_or_slo_miss: completed=47/75 errors=28 elapsed_ms=1006.7'),1
FANOUT,K75,Exception('timeout_or_slo_miss: completed=46/75 errors=29 elapsed_ms=1124.1'),1
FANOUT,K75,Exception('timeout_or_slo_miss: completed=50/75 errors=25 elapsed_ms=1010.9'),1
FANOUT,K75,Exception('timeout_or_slo_miss: completed=48/75 errors=27 elapsed_ms=1006.5'),1
FANOUT,K75,Exception('timeout_or_slo_miss: completed=45/75 errors=30 elapsed_ms=1104.4'),1
FANOUT,K75,Exception('timeout_or_slo_miss: completed=45/75 errors=30 elapsed_ms=1124.9'),1
FANOUT,K75,Exception('timeout_or_slo_miss: completed=25/75 errors=34 elapsed_ms=7169.3'),1
FANOUT,K75,Exception('timeout_or_slo_miss: completed=52/75 errors=23 elapsed_ms=1005.2'),5
FANOUT,K75,Exception('timeout_or_slo_miss: completed=54/75 errors=21 elapsed_ms=1001.8'),2
FANOUT,K75,Exception('timeout_or_slo_miss: completed=49/75 errors=21 elapsed_ms=1622.3'),1
FANOUT,K75,Exception('timeout_or_slo_miss: completed=46/75 errors=29 elapsed_ms=1012.2'),1
FANOUT,K75,Exception('timeout_or_slo_miss: completed=25/75 errors=50 elapsed_ms=1506.5'),1
FANOUT,K75,Exception('timeout_or_slo_miss: completed=57/75 errors=9 elapsed_ms=1571.4'),1
FANOUT,K75,Exception('timeout_or_slo_miss: completed=48/75 errors=27 elapsed_ms=1006.8'),1
FANOUT,K75,Exception('timeout_or_slo_miss: completed=51/75 errors=24 elapsed_ms=1010.6'),2
FANOUT,K75,Exception('timeout_or_slo_miss: completed=42/75 errors=33 elapsed_ms=1127.7'),1
FANOUT,K75,Exception('timeout_or_slo_miss: completed=48/75 errors=27 elapsed_ms=1087.3'),1
FANOUT,K75,Exception('timeout_or_slo_miss: completed=52/75 errors=18 elapsed_ms=1627.1'),1
FANOUT,K75,Exception('timeout_or_slo_miss: completed=18/75 errors=55 elapsed_ms=2505.7'),1
FANOUT,K75,Exception('timeout_or_slo_miss: completed=48/75 errors=27 elapsed_ms=1018.8'),2
FANOUT,K75,Exception('timeout_or_slo_miss: completed=49/75 errors=26 elapsed_ms=1115.6'),1
FANOUT,K75,Exception('timeout_or_slo_miss: completed=55/75 errors=20 elapsed_ms=1003.2'),1
FANOUT,K75,Exception('timeout_or_slo_miss: completed=36/75 errors=20 elapsed_ms=8908.8'),1
FANOUT,K75,Exception('timeout_or_slo_miss: completed=50/75 errors=20 elapsed_ms=1600.2'),1
FANOUT,K75,Exception('timeout_or_slo_miss: completed=42/75 errors=33 elapsed_ms=1141.4'),1
FANOUT,K75,Exception('timeout_or_slo_miss: completed=53/75 errors=17 elapsed_ms=1516.2'),1
FANOUT,K75,Exception('timeout_or_slo_miss: completed=53/75 errors=13 elapsed_ms=1635.2'),1
FANOUT,K75,Exception('timeout_or_slo_miss: completed=43/75 errors=32 elapsed_ms=1145.1'),1
FANOUT,K75,Exception('timeout_or_slo_miss: completed=53/75 errors=22 elapsed_ms=1005.7'),4
FANOUT,K75,Exception('timeout_or_slo_miss: completed=51/75 errors=24 elapsed_ms=1006.6'),1
FANOUT,K75,Exception('timeout_or_slo_miss: completed=51/75 errors=24 elapsed_ms=1009.4'),3
FANOUT,K75,Exception('timeout_or_slo_miss: completed=47/75 errors=28 elapsed_ms=1011.5'),3
FANOUT,K75,Exception('timeout_or_slo_miss: completed=44/75 errors=22 elapsed_ms=1801.1'),1
FANOUT,K75,Exception('timeout_or_slo_miss: completed=50/75 errors=25 elapsed_ms=1104.3'),1
FANOUT,K75,Exception('timeout_or_slo_miss: completed=23/75 errors=52 elapsed_ms=1507.2'),1
FANOUT,K75,Exception('timeout_or_slo_miss: completed=49/75 errors=26 elapsed_ms=1010.0'),5
FANOUT,K75,Exception('timeout_or_slo_miss: completed=50/75 errors=25 elapsed_ms=1004.5'),2
FANOUT,K75,Exception('timeout_or_slo_miss: completed=55/75 errors=20 elapsed_ms=1004.0'),1
FANOUT,K75,Exception('timeout_or_slo_miss: completed=55/75 errors=1 elapsed_ms=2249.0'),1
FANOUT,K75,Exception('timeout_or_slo_miss: completed=45/75 errors=30 elapsed_ms=1015.8'),1
FANOUT,K75,Exception('timeout_or_slo_miss: completed=16/75 errors=59 elapsed_ms=1665.8'),1
FANOUT,K75,Exception('timeout_or_slo_miss: completed=51/75 errors=24 elapsed_ms=1007.3'),5
FANOUT,K75,Exception('timeout_or_slo_miss: completed=47/75 errors=28 elapsed_ms=1018.7'),1
FANOUT,K75,Exception('timeout_or_slo_miss: completed=44/75 errors=31 elapsed_ms=1015.1'),1
FANOUT,K75,Exception('timeout_or_slo_miss: completed=48/75 errors=22 elapsed_ms=1656.9'),1
FANOUT,K75,Exception('timeout_or_slo_miss: completed=53/75 errors=22 elapsed_ms=1002.1'),1
FANOUT,K75,Exception('timeout_or_slo_miss: completed=45/75 errors=30 elapsed_ms=1123.5'),1
FANOUT,K75,Exception('timeout_or_slo_miss: completed=27/75 errors=35 elapsed_ms=13541.3'),1
FANOUT,K75,Exception('timeout_or_slo_miss: completed=44/75 errors=31 elapsed_ms=1079.5'),1
FANOUT,K75,Exception('timeout_or_slo_miss: completed=46/75 errors=29 elapsed_ms=1027.3'),1
FANOUT,K75,Exception('timeout_or_slo_miss: completed=48/75 errors=27 elapsed_ms=1009.9'),2
FANOUT,K75,Exception('subread_error: completed=61/75 errors=14'),7
FANOUT,K75,Exception('timeout_or_slo_miss: completed=51/75 errors=24 elapsed_ms=1005.7'),2
FANOUT,K75,Exception('timeout_or_slo_miss: completed=52/75 errors=23 elapsed_ms=1009.1'),1
FANOUT,K75,Exception('timeout_or_slo_miss: completed=47/75 errors=28 elapsed_ms=1131.4'),1
FANOUT,K75,Exception('timeout_or_slo_miss: completed=50/75 errors=25 elapsed_ms=1108.6'),1
FANOUT,K75,Exception('timeout_or_slo_miss: completed=49/75 errors=26 elapsed_ms=1010.9'),2
FANOUT,K75,Exception('timeout_or_slo_miss: completed=50/75 errors=16 elapsed_ms=1669.3'),1
FANOUT,K75,Exception('timeout_or_slo_miss: completed=48/75 errors=27 elapsed_ms=1007.3'),2
FANOUT,K75,Exception('timeout_or_slo_miss: completed=50/75 errors=25 elapsed_ms=1010.7'),2
FANOUT,K75,Exception('timeout_or_slo_miss: completed=45/75 errors=18 elapsed_ms=2558.4'),1
FANOUT,K75,Exception('timeout_or_slo_miss: completed=26/75 errors=49 elapsed_ms=1508.0'),2
FANOUT,K75,Exception('timeout_or_slo_miss: completed=46/75 errors=29 elapsed_ms=1014.0'),1
FANOUT,K75,Exception('timeout_or_slo_miss: completed=50/75 errors=20 elapsed_ms=1596.9'),1
FANOUT,K75,Exception('timeout_or_slo_miss: completed=46/75 errors=29 elapsed_ms=1016.1'),2
FANOUT,K75,Exception('timeout_or_slo_miss: completed=51/75 errors=24 elapsed_ms=1009.1'),1
FANOUT,K75,Exception('timeout_or_slo_miss: completed=51/75 errors=24 elapsed_ms=1004.7'),2
FANOUT,K75,Exception('subread_error: completed=59/75 errors=16'),17
FANOUT,K75,Exception('timeout_or_slo_miss: completed=36/75 errors=20 elapsed_ms=10708.3'),1
FANOUT,K75,Exception('timeout_or_slo_miss: completed=43/75 errors=32 elapsed_ms=1177.6'),1
FANOUT,K75,Exception('timeout_or_slo_miss: completed=45/75 errors=30 elapsed_ms=1098.4'),1
FANOUT,K75,Exception('timeout_or_slo_miss: completed=50/75 errors=13 elapsed_ms=1815.5'),1
FANOUT,K75,Exception('timeout_or_slo_miss: completed=52/75 errors=23 elapsed_ms=1093.2'),1
FANOUT,K75,Exception('timeout_or_slo_miss: completed=46/75 errors=29 elapsed_ms=1114.9'),1
FANOUT,K75,Exception('timeout_or_slo_miss: completed=45/75 errors=30 elapsed_ms=1022.8'),1
FANOUT,K75,Exception('timeout_or_slo_miss: completed=45/75 errors=30 elapsed_ms=1124.1'),1
FANOUT,K75,Exception('timeout_or_slo_miss: completed=45/75 errors=21 elapsed_ms=1873.3'),1
FANOUT,K75,Exception('timeout_or_slo_miss: completed=56/75 errors=10 elapsed_ms=1443.7'),1
FANOUT,K75,Exception('timeout_or_slo_miss: completed=50/75 errors=25 elapsed_ms=1037.7'),1
FANOUT,K75,Exception('timeout_or_slo_miss: completed=48/75 errors=27 elapsed_ms=1026.3'),1
FANOUT,K75,Exception('timeout_or_slo_miss: completed=25/75 errors=32 elapsed_ms=9078.4'),1
FANOUT,K75,Exception('timeout_or_slo_miss: completed=51/75 errors=24 elapsed_ms=1005.4'),6
FANOUT,K75,Exception('timeout_or_slo_miss: completed=23/75 errors=35 elapsed_ms=14190.0'),1
FANOUT,K75,Exception('timeout_or_slo_miss: completed=23/75 errors=52 elapsed_ms=1508.9'),2
FANOUT,K75,Exception('timeout_or_slo_miss: completed=51/75 errors=15 elapsed_ms=1721.3'),1
FANOUT,K75,Exception('timeout_or_slo_miss: completed=45/75 errors=30 elapsed_ms=1119.2'),1
FANOUT,K75,Exception('timeout_or_slo_miss: completed=51/75 errors=19 elapsed_ms=1606.6'),1
FANOUT,K75,Exception('timeout_or_slo_miss: completed=21/75 errors=54 elapsed_ms=1507.1'),1
FANOUT,K75,Exception('timeout_or_slo_miss: completed=30/75 errors=45 elapsed_ms=1503.2'),1
FANOUT,K75,Exception('timeout_or_slo_miss: completed=17/75 errors=40 elapsed_ms=11499.1'),1
FANOUT,K75,Exception('timeout_or_slo_miss: completed=43/75 errors=23 elapsed_ms=2017.4'),1
FANOUT,K75,Exception('timeout_or_slo_miss: completed=49/75 errors=17 elapsed_ms=1760.7'),1
FANOUT,K75,Exception('timeout_or_slo_miss: completed=31/75 errors=44 elapsed_ms=1502.8'),1
FANOUT,K75,Exception('timeout_or_slo_miss: completed=27/75 errors=48 elapsed_ms=1507.7'),1
FANOUT,K75,Exception('timeout_or_slo_miss: completed=46/75 errors=29 elapsed_ms=1006.8'),1
FANOUT,K75,Exception('timeout_or_slo_miss: completed=49/75 errors=21 elapsed_ms=1587.6'),1
FANOUT,K75,Exception('timeout_or_slo_miss: completed=48/75 errors=27 elapsed_ms=1008.5'),3
FANOUT,K75,Exception('timeout_or_slo_miss: completed=51/75 errors=12 elapsed_ms=1802.6'),1
FANOUT,K75,Exception('timeout_or_slo_miss: completed=45/75 errors=30 elapsed_ms=1115.6'),1
FANOUT,K75,Exception('timeout_or_slo_miss: completed=31/75 errors=44 elapsed_ms=1503.4'),1
FANOUT,K75,Exception('timeout_or_slo_miss: completed=51/75 errors=24 elapsed_ms=1008.0'),4
FANOUT,K75,Exception('timeout_or_slo_miss: completed=49/75 errors=26 elapsed_ms=1020.6'),1
FANOUT,K75,Exception('timeout_or_slo_miss: completed=47/75 errors=28 elapsed_ms=1099.9'),1
FANOUT,K75,Exception('timeout_or_slo_miss: completed=42/75 errors=33 elapsed_ms=1122.9'),1
FANOUT,K75,Exception('timeout_or_slo_miss: completed=44/75 errors=31 elapsed_ms=1016.0'),1
FANOUT,K75,Exception('timeout_or_slo_miss: completed=51/75 errors=24 elapsed_ms=1009.3'),3
FANOUT,K75,Exception('timeout_or_slo_miss: completed=52/75 errors=23 elapsed_ms=1003.9'),1
FANOUT,K75,Exception('timeout_or_slo_miss: completed=39/75 errors=36 elapsed_ms=1316.8'),1
FANOUT,K75,Exception('timeout_or_slo_miss: completed=54/75 errors=16 elapsed_ms=1507.9'),1
FANOUT,K75,Exception('timeout_or_slo_miss: completed=46/75 errors=29 elapsed_ms=1008.5'),1
FANOUT,K75,Exception('timeout_or_slo_miss: completed=50/75 errors=25 elapsed_ms=1008.5'),5
FANOUT,K75,Exception('timeout_or_slo_miss: completed=46/75 errors=29 elapsed_ms=1108.6'),1
FANOUT,K75,Exception('timeout_or_slo_miss: completed=51/75 errors=24 elapsed_ms=1004.1'),1
FANOUT,K75,Exception('timeout_or_slo_miss: completed=51/75 errors=24 elapsed_ms=1002.5'),2
FANOUT,K75,Exception('timeout_or_slo_miss: completed=51/75 errors=24 elapsed_ms=1002.3'),1
FANOUT,K75,Exception('timeout_or_slo_miss: completed=51/75 errors=24 elapsed_ms=1069.8'),1
FANOUT,K75,Exception('timeout_or_slo_miss: completed=52/75 errors=23 elapsed_ms=1006.2'),2
FANOUT,K75,Exception('timeout_or_slo_miss: completed=26/75 errors=49 elapsed_ms=1507.7'),1
FANOUT,K75,Exception('timeout_or_slo_miss: completed=44/75 errors=31 elapsed_ms=1075.8'),1
FANOUT,K75,Exception('timeout_or_slo_miss: completed=53/75 errors=22 elapsed_ms=1006.7'),3
FANOUT,K75,Exception('timeout_or_slo_miss: completed=52/75 errors=23 elapsed_ms=1009.9'),1
FANOUT,K75,Exception('timeout_or_slo_miss: completed=49/75 errors=26 elapsed_ms=1106.8'),1
FANOUT,K75,Exception('timeout_or_slo_miss: completed=48/75 errors=27 elapsed_ms=1101.7'),1
FANOUT,K75,Exception('timeout_or_slo_miss: completed=48/75 errors=27 elapsed_ms=1072.9'),1
FANOUT,K75,Exception('timeout_or_slo_miss: completed=45/75 errors=30 elapsed_ms=1014.0'),1
FANOUT,K75,Exception('timeout_or_slo_miss: completed=52/75 errors=14 elapsed_ms=1558.1'),1
FANOUT,K75,Exception('timeout_or_slo_miss: completed=48/75 errors=27 elapsed_ms=1100.5'),1
FANOUT,K75,Exception('timeout_or_slo_miss: completed=47/75 errors=28 elapsed_ms=1007.8'),3
FANOUT,K75,Exception('timeout_or_slo_miss: completed=46/75 errors=29 elapsed_ms=1012.9'),1
FANOUT,K75,Exception('timeout_or_slo_miss: completed=52/75 errors=14 elapsed_ms=1625.3'),1
FANOUT,K75,Exception('timeout_or_slo_miss: completed=27/75 errors=48 elapsed_ms=1507.9'),1
FANOUT,K75,Exception('timeout_or_slo_miss: completed=46/75 errors=29 elapsed_ms=1011.3'),1
FANOUT,K75,Exception('timeout_or_slo_miss: completed=49/75 errors=21 elapsed_ms=1598.7'),1
FANOUT,K75,Exception('timeout_or_slo_miss: completed=47/75 errors=28 elapsed_ms=1004.0'),1
FANOUT,K75,Exception('timeout_or_slo_miss: completed=52/75 errors=23 elapsed_ms=1006.4'),3
FANOUT,K75,Exception('timeout_or_slo_miss: completed=33/75 errors=42 elapsed_ms=1502.5'),1
FANOUT,K75,Exception('timeout_or_slo_miss: completed=60/75 errors=6 elapsed_ms=1207.0'),1
FANOUT,K75,Exception('timeout_or_slo_miss: completed=50/75 errors=25 elapsed_ms=1007.2'),4
FANOUT,K75,Exception('timeout_or_slo_miss: completed=50/75 errors=20 elapsed_ms=1515.7'),1
FANOUT,K75,Exception('timeout_or_slo_miss: completed=54/75 errors=21 elapsed_ms=1004.5'),3
FANOUT,K75,Exception('timeout_or_slo_miss: completed=52/75 errors=23 elapsed_ms=1004.4'),6
FANOUT,K75,Exception('timeout_or_slo_miss: completed=55/75 errors=15 elapsed_ms=1504.4'),1
FANOUT,K75,Exception('timeout_or_slo_miss: completed=55/75 errors=20 elapsed_ms=1011.4'),1
FANOUT,K75,Exception('timeout_or_slo_miss: completed=47/75 errors=28 elapsed_ms=1131.0'),1
FANOUT,K75,Exception('timeout_or_slo_miss: completed=47/75 errors=28 elapsed_ms=1006.2'),1
FANOUT,K75,Exception('timeout_or_slo_miss: completed=44/75 errors=22 elapsed_ms=2009.0'),1
FANOUT,K75,Exception('timeout_or_slo_miss: completed=51/75 errors=24 elapsed_ms=1043.9'),1
FANOUT,K75,Exception('timeout_or_slo_miss: completed=46/75 errors=29 elapsed_ms=1011.2'),1
FANOUT,K75,Exception('timeout_or_slo_miss: completed=49/75 errors=26 elapsed_ms=1101.9'),1
FANOUT,K75,Exception('timeout_or_slo_miss: completed=52/75 errors=23 elapsed_ms=1012.5'),2
FANOUT,K75,Exception('timeout_or_slo_miss: completed=16/75 errors=59 elapsed_ms=1649.2'),1
FANOUT,K75,Exception('timeout_or_slo_miss: completed=44/75 errors=31 elapsed_ms=1010.1'),1
FANOUT,K75,Exception('timeout_or_slo_miss: completed=48/75 errors=27 elapsed_ms=1019.3'),1
FANOUT,K75,Exception('timeout_or_slo_miss: completed=53/75 errors=22 elapsed_ms=1004.6'),1
FANOUT,K75,Exception('timeout_or_slo_miss: completed=51/75 errors=15 elapsed_ms=1647.5'),1
FANOUT,K75,Exception('timeout_or_slo_miss: completed=51/75 errors=19 elapsed_ms=1598.4'),1
FANOUT,K75,Exception('timeout_or_slo_miss: completed=23/75 errors=52 elapsed_ms=1509.5'),1
FANOUT,K75,Exception('timeout_or_slo_miss: completed=42/75 errors=33 elapsed_ms=1164.1'),1
FANOUT,K75,Exception('timeout_or_slo_miss: completed=46/75 errors=29 elapsed_ms=1008.2'),2
FANOUT,K75,Exception('timeout_or_slo_miss: completed=49/75 errors=26 elapsed_ms=1012.6'),1
FANOUT,K75,Exception('timeout_or_slo_miss: completed=46/75 errors=29 elapsed_ms=1027.8'),1
FANOUT,K75,Exception('timeout_or_slo_miss: completed=52/75 errors=18 elapsed_ms=1565.6'),1
FANOUT,K75,Exception('timeout_or_slo_miss: completed=46/75 errors=29 elapsed_ms=1122.3'),2
FANOUT,K75,Exception('timeout_or_slo_miss: completed=49/75 errors=26 elapsed_ms=1027.6'),1
FANOUT,K75,Exception('timeout_or_slo_miss: completed=57/75 errors=18 elapsed_ms=1002.9'),1
FANOUT,K75,Exception('timeout_or_slo_miss: completed=43/75 errors=32 elapsed_ms=1017.4'),1
FANOUT,K75,Exception('timeout_or_slo_miss: completed=51/75 errors=13 elapsed_ms=1638.5'),1
FANOUT,K75,Exception('timeout_or_slo_miss: completed=48/75 errors=27 elapsed_ms=1091.2'),1
FANOUT,K75,Exception('timeout_or_slo_miss: completed=20/75 errors=46 elapsed_ms=15682.7'),1
FANOUT,K75,Exception('timeout_or_slo_miss: completed=56/75 errors=19 elapsed_ms=1002.5'),1
FANOUT,K75,Exception('timeout_or_slo_miss: completed=46/75 errors=25 elapsed_ms=7739.9'),1
FANOUT,K75,Exception('timeout_or_slo_miss: completed=43/75 errors=32 elapsed_ms=1015.7'),1
FANOUT,K75,Exception('timeout_or_slo_miss: completed=20/75 errors=42 elapsed_ms=14562.0'),1
FANOUT,K75,Exception('timeout_or_slo_miss: completed=31/75 errors=35 elapsed_ms=2482.0'),1
FANOUT,K75,Exception('timeout_or_slo_miss: completed=51/75 errors=24 elapsed_ms=1010.1'),3
FANOUT,K75,Exception('timeout_or_slo_miss: completed=55/75 errors=14 elapsed_ms=2450.7'),1
FANOUT,K75,Exception('timeout_or_slo_miss: completed=46/75 errors=29 elapsed_ms=1096.2'),1
FANOUT,K75,Exception('timeout_or_slo_miss: completed=47/75 errors=28 elapsed_ms=1008.9'),2
FANOUT,K75,Exception('timeout_or_slo_miss: completed=44/75 errors=31 elapsed_ms=1216.6'),1
FANOUT,K75,Exception('timeout_or_slo_miss: completed=45/75 errors=30 elapsed_ms=1135.3'),1
FANOUT,K75,Exception('timeout_or_slo_miss: completed=49/75 errors=26 elapsed_ms=1011.6'),3
FANOUT,K75,Exception('timeout_or_slo_miss: completed=21/75 errors=54 elapsed_ms=1515.2'),1
FANOUT,K75,Exception('timeout_or_slo_miss: completed=54/75 errors=16 elapsed_ms=1509.1'),1
FANOUT,K75,Exception('timeout_or_slo_miss: completed=49/75 errors=26 elapsed_ms=1014.2'),1
FANOUT,K75,Exception('timeout_or_slo_miss: completed=55/75 errors=20 elapsed_ms=1004.9'),1
FANOUT,K75,Exception('timeout_or_slo_miss: completed=49/75 errors=26 elapsed_ms=1008.0'),3
FANOUT,K75,Exception('timeout_or_slo_miss: completed=47/75 errors=28 elapsed_ms=1020.0'),1
FANOUT,K75,Exception('timeout_or_slo_miss: completed=44/75 errors=31 elapsed_ms=1110.1'),1
FANOUT,K75,Exception('timeout_or_slo_miss: completed=43/75 errors=32 elapsed_ms=1009.8'),1
FANOUT,K75,Exception('timeout_or_slo_miss: completed=47/75 errors=28 elapsed_ms=1013.8'),2
FANOUT,K75,Exception('timeout_or_slo_miss: completed=52/75 errors=23 elapsed_ms=1005.6'),6
FANOUT,K75,Exception('timeout_or_slo_miss: completed=51/75 errors=24 elapsed_ms=1013.4'),1
FANOUT,K75,Exception('timeout_or_slo_miss: completed=45/75 errors=30 elapsed_ms=1014.8'),1
FANOUT,K75,Exception('timeout_or_slo_miss: completed=48/75 errors=27 elapsed_ms=1006.1'),1
FANOUT,K75,Exception('timeout_or_slo_miss: completed=45/75 errors=30 elapsed_ms=1115.7'),1
FANOUT,K75,Exception('timeout_or_slo_miss: completed=52/75 errors=23 elapsed_ms=1009.0'),3
FANOUT,K75,Exception('timeout_or_slo_miss: completed=50/75 errors=25 elapsed_ms=1105.3'),1
FANOUT,K75,Exception('timeout_or_slo_miss: completed=47/75 errors=28 elapsed_ms=1065.4'),1
FANOUT,K75,Exception('timeout_or_slo_miss: completed=54/75 errors=21 elapsed_ms=1003.0'),3
FANOUT,K75,Exception('timeout_or_slo_miss: completed=48/75 errors=27 elapsed_ms=1008.2'),4
FANOUT,K75,Exception('timeout_or_slo_miss: completed=49/75 errors=26 elapsed_ms=1005.6'),2
FANOUT,K75,Exception('timeout_or_slo_miss: completed=47/75 errors=23 elapsed_ms=1675.0'),1
FANOUT,K75,Exception('timeout_or_slo_miss: completed=53/75 errors=22 elapsed_ms=1007.7'),3
FANOUT,K75,Exception('timeout_or_slo_miss: completed=48/75 errors=27 elapsed_ms=1006.6'),3
FANOUT,K75,Exception('timeout_or_slo_miss: completed=49/75 errors=26 elapsed_ms=1010.4'),2
FANOUT,K75,Exception('timeout_or_slo_miss: completed=41/75 errors=34 elapsed_ms=1128.9'),1
FANOUT,K75,Exception('timeout_or_slo_miss: completed=47/75 errors=28 elapsed_ms=1115.7'),1
FANOUT,K75,Exception('timeout_or_slo_miss: completed=27/75 errors=48 elapsed_ms=1506.4'),1
FANOUT,K75,Exception('timeout_or_slo_miss: completed=27/75 errors=48 elapsed_ms=1506.3'),1
FANOUT,K75,Exception('timeout_or_slo_miss: completed=50/75 errors=16 elapsed_ms=1606.3'),1
FANOUT,K75,Exception('timeout_or_slo_miss: completed=48/75 errors=22 elapsed_ms=1692.9'),1
FANOUT,K75,Exception('timeout_or_slo_miss: completed=42/75 errors=24 elapsed_ms=2111.1'),1
FANOUT,K75,Exception('timeout_or_slo_miss: completed=50/75 errors=25 elapsed_ms=1016.1'),1
FANOUT,K75,Exception('timeout_or_slo_miss: completed=55/75 errors=15 elapsed_ms=1505.7'),1
FANOUT,K75,Exception('timeout_or_slo_miss: completed=22/75 errors=53 elapsed_ms=1510.4'),1
FANOUT,K75,Exception('timeout_or_slo_miss: completed=49/75 errors=26 elapsed_ms=1012.4'),2
FANOUT,K75,Exception('timeout_or_slo_miss: completed=20/75 errors=55 elapsed_ms=1510.2'),1
FANOUT,K75,Exception('timeout_or_slo_miss: completed=49/75 errors=26 elapsed_ms=1010.6'),2
FANOUT,K75,Exception('timeout_or_slo_miss: completed=51/75 errors=24 elapsed_ms=1010.4'),2
FANOUT,K75,Exception('timeout_or_slo_miss: completed=45/75 errors=30 elapsed_ms=1007.7'),1
FANOUT,K75,Exception('timeout_or_slo_miss: completed=48/75 errors=27 elapsed_ms=1010.4'),1
FANOUT,K75,Exception('timeout_or_slo_miss: completed=50/75 errors=20 elapsed_ms=1511.4'),1
FANOUT,K75,Exception('timeout_or_slo_miss: completed=52/75 errors=23 elapsed_ms=1007.5'),5
FANOUT,K75,Exception('timeout_or_slo_miss: completed=47/75 errors=28 elapsed_ms=1070.4'),1
FANOUT,K75,Exception('timeout_or_slo_miss: completed=52/75 errors=18 elapsed_ms=1511.9'),1
FANOUT,K75,Exception('timeout_or_slo_miss: completed=51/75 errors=24 elapsed_ms=1014.8'),1
FANOUT,K75,Exception('timeout_or_slo_miss: completed=52/75 errors=23 elapsed_ms=1003.8'),1
FANOUT,K75,Exception('timeout_or_slo_miss: completed=48/75 errors=27 elapsed_ms=1007.4'),5
FANOUT,K75,Exception('timeout_or_slo_miss: completed=52/75 errors=23 elapsed_ms=1003.4'),1
FANOUT,K75,Exception('timeout_or_slo_miss: completed=48/75 errors=27 elapsed_ms=1098.8'),1
FANOUT,K75,Exception('timeout_or_slo_miss: completed=47/75 errors=23 elapsed_ms=1606.8'),1
FANOUT,K75,Exception('timeout_or_slo_miss: completed=49/75 errors=21 elapsed_ms=1594.7'),1
FANOUT,K75,Exception('timeout_or_slo_miss: completed=54/75 errors=21 elapsed_ms=1007.4'),1
FANOUT,K75,Exception('timeout_or_slo_miss: completed=53/75 errors=22 elapsed_ms=1014.0'),1
FANOUT,K75,Exception('timeout_or_slo_miss: completed=47/75 errors=28 elapsed_ms=1009.5'),1
FANOUT,K75,Exception('timeout_or_slo_miss: completed=28/75 errors=47 elapsed_ms=1525.1'),1
FANOUT,K75,Exception('timeout_or_slo_miss: completed=45/75 errors=30 elapsed_ms=1087.9'),1
FANOUT,K75,Exception('timeout_or_slo_miss: completed=43/75 errors=32 elapsed_ms=1122.9'),1
FANOUT,K75,Exception('timeout_or_slo_miss: completed=44/75 errors=31 elapsed_ms=1132.9'),1
FANOUT,K75,Exception('timeout_or_slo_miss: completed=53/75 errors=13 elapsed_ms=1529.1'),1
FANOUT,K75,Exception('timeout_or_slo_miss: completed=41/75 errors=34 elapsed_ms=1110.1'),1
FANOUT,K75,Exception('timeout_or_slo_miss: completed=44/75 errors=26 elapsed_ms=1610.6'),1
FANOUT,K75,Exception('timeout_or_slo_miss: completed=48/75 errors=27 elapsed_ms=1014.1'),1
FANOUT,K75,Exception('timeout_or_slo_miss: completed=51/75 errors=24 elapsed_ms=1012.9'),1
FANOUT,K75,Exception('timeout_or_slo_miss: completed=48/75 errors=27 elapsed_ms=1115.0'),1
FANOUT,K75,Exception('timeout_or_slo_miss: completed=46/75 errors=29 elapsed_ms=1077.2'),1
FANOUT,K75,Exception('timeout_or_slo_miss: completed=53/75 errors=17 elapsed_ms=1521.6'),1
FANOUT,K75,Exception('subread_error: completed=63/75 errors=12'),1
FANOUT,K75,Exception('timeout_or_slo_miss: completed=48/75 errors=22 elapsed_ms=1515.2'),1
FANOUT,K75,Exception('timeout_or_slo_miss: completed=54/75 errors=21 elapsed_ms=1018.3'),1
FANOUT,K75,Exception('timeout_or_slo_miss: completed=48/75 errors=18 elapsed_ms=1761.7'),1
FANOUT,K75,Exception('timeout_or_slo_miss: completed=52/75 errors=18 elapsed_ms=1515.9'),1
FANOUT,K75,Exception('timeout_or_slo_miss: completed=51/75 errors=24 elapsed_ms=1009.2'),1
FANOUT,K75,Exception('timeout_or_slo_miss: completed=28/75 errors=39 elapsed_ms=4128.6'),1
FANOUT,K75,Exception('timeout_or_slo_miss: completed=26/75 errors=49 elapsed_ms=1510.0'),1
FANOUT,K75,Exception('timeout_or_slo_miss: completed=31/75 errors=44 elapsed_ms=1505.1'),1
FANOUT,K75,Exception('timeout_or_slo_miss: completed=50/75 errors=25 elapsed_ms=1010.5'),1
FANOUT,K75,Exception('timeout_or_slo_miss: completed=22/75 errors=53 elapsed_ms=1512.3'),2
FANOUT,K75,Exception('timeout_or_slo_miss: completed=53/75 errors=22 elapsed_ms=1004.9'),5
FANOUT,K75,Exception('timeout_or_slo_miss: completed=51/75 errors=15 elapsed_ms=1613.1'),1
FANOUT,K75,Exception('timeout_or_slo_miss: completed=49/75 errors=26 elapsed_ms=1017.0'),1
FANOUT,K75,Exception('timeout_or_slo_miss: completed=49/75 errors=26 elapsed_ms=1010.8'),2
FANOUT,K75,Exception('timeout_or_slo_miss: completed=21/75 errors=54 elapsed_ms=1507.3'),2
FANOUT,K75,Exception('timeout_or_slo_miss: completed=22/75 errors=53 elapsed_ms=1605.1'),1
FANOUT,K75,Exception('timeout_or_slo_miss: completed=50/75 errors=25 elapsed_ms=1012.3'),1
FANOUT,K75,Exception('timeout_or_slo_miss: completed=49/75 errors=26 elapsed_ms=1006.2'),3
FANOUT,K75,Exception('timeout_or_slo_miss: completed=44/75 errors=26 elapsed_ms=1715.8'),1
FANOUT,K75,Exception('timeout_or_slo_miss: completed=16/75 errors=42 elapsed_ms=14134.0'),1
FANOUT,K75,Exception('timeout_or_slo_miss: completed=49/75 errors=26 elapsed_ms=1009.1'),2
FANOUT,K75,Exception('timeout_or_slo_miss: completed=55/75 errors=20 elapsed_ms=1007.6'),1
FANOUT,K75,Exception('timeout_or_slo_miss: completed=46/75 errors=24 elapsed_ms=1699.1'),1
FANOUT,K75,Exception('timeout_or_slo_miss: completed=43/75 errors=32 elapsed_ms=1141.6'),1
FANOUT,K75,Exception('timeout_or_slo_miss: completed=52/75 errors=18 elapsed_ms=1606.1'),1
FANOUT,K75,Exception('timeout_or_slo_miss: completed=45/75 errors=30 elapsed_ms=1152.6'),1
FANOUT,K75,Exception('timeout_or_slo_miss: completed=45/75 errors=30 elapsed_ms=1121.8'),1
FANOUT,K75,Exception('timeout_or_slo_miss: completed=43/75 errors=23 elapsed_ms=2530.5'),1
FANOUT,K75,Exception('timeout_or_slo_miss: completed=44/75 errors=31 elapsed_ms=1101.7'),1
FANOUT,K75,Exception('timeout_or_slo_miss: completed=44/75 errors=31 elapsed_ms=1087.2'),2
FANOUT,K75,Exception('timeout_or_slo_miss: completed=48/75 errors=27 elapsed_ms=1014.9'),2
FANOUT,K75,Exception('timeout_or_slo_miss: completed=49/75 errors=26 elapsed_ms=1006.0'),2
FANOUT,K75,Exception('timeout_or_slo_miss: completed=49/75 errors=26 elapsed_ms=1116.8'),1
FANOUT,K75,Exception('subread_error: completed=58/75 errors=17'),33
FANOUT,K75,Exception('timeout_or_slo_miss: completed=38/75 errors=37 elapsed_ms=1192.5'),1
FANOUT,K75,Exception('timeout_or_slo_miss: completed=51/75 errors=24 elapsed_ms=1006.7'),3
FANOUT,K75,Exception('timeout_or_slo_miss: completed=47/75 errors=28 elapsed_ms=1010.9'),2
FANOUT,K75,Exception('timeout_or_slo_miss: completed=47/75 errors=23 elapsed_ms=1649.8'),1
FANOUT,K75,Exception('timeout_or_slo_miss: completed=43/75 errors=32 elapsed_ms=1120.2'),1
FANOUT,K75,Exception('timeout_or_slo_miss: completed=50/75 errors=25 elapsed_ms=1019.4'),1
FANOUT,K75,Exception('timeout_or_slo_miss: completed=51/75 errors=24 elapsed_ms=1095.2'),1
FANOUT,K75,Exception('timeout_or_slo_miss: completed=52/75 errors=23 elapsed_ms=1001.7'),2
FANOUT,K75,Exception('timeout_or_slo_miss: completed=44/75 errors=31 elapsed_ms=1106.9'),1
FANOUT,K75,Exception('timeout_or_slo_miss: completed=19/75 errors=56 elapsed_ms=1515.3'),1
FANOUT,K75,Exception('timeout_or_slo_miss: completed=26/75 errors=49 elapsed_ms=1507.1'),1
FANOUT,K75,Exception('timeout_or_slo_miss: completed=49/75 errors=26 elapsed_ms=1006.3'),5
FANOUT,K75,Exception('timeout_or_slo_miss: completed=44/75 errors=31 elapsed_ms=1137.2'),1
FANOUT,K75,Exception('timeout_or_slo_miss: completed=48/75 errors=18 elapsed_ms=1638.9'),1
FANOUT,K75,Exception('timeout_or_slo_miss: completed=21/75 errors=54 elapsed_ms=1515.6'),1
FANOUT,K75,Exception('timeout_or_slo_miss: completed=50/75 errors=25 elapsed_ms=1017.3'),1
FANOUT,K75,Exception('timeout_or_slo_miss: completed=44/75 errors=31 elapsed_ms=1140.7'),1
FANOUT,K75,Exception('timeout_or_slo_miss: completed=42/75 errors=33 elapsed_ms=1095.2'),1
FANOUT,K75,Exception('timeout_or_slo_miss: completed=46/75 errors=29 elapsed_ms=1078.7'),1
FANOUT,K75,Exception('timeout_or_slo_miss: completed=47/75 errors=28 elapsed_ms=1010.7'),3
FANOUT,K75,Exception('timeout_or_slo_miss: completed=50/75 errors=25 elapsed_ms=1018.5'),1
FANOUT,K75,Exception('timeout_or_slo_miss: completed=47/75 errors=19 elapsed_ms=1799.6'),1
FANOUT,K75,Exception('timeout_or_slo_miss: completed=47/75 errors=28 elapsed_ms=1130.6'),1
FANOUT,K75,Exception('timeout_or_slo_miss: completed=53/75 errors=22 elapsed_ms=1008.6'),2
FANOUT,K75,Exception('timeout_or_slo_miss: completed=28/75 errors=47 elapsed_ms=1505.8'),1
FANOUT,K75,Exception('timeout_or_slo_miss: completed=52/75 errors=23 elapsed_ms=1003.1'),4
FANOUT,K75,Exception('timeout_or_slo_miss: completed=47/75 errors=28 elapsed_ms=1106.2'),1
FANOUT,K75,Exception('timeout_or_slo_miss: completed=47/75 errors=28 elapsed_ms=1018.6'),2
FANOUT,K75,Exception('timeout_or_slo_miss: completed=47/75 errors=28 elapsed_ms=1011.0'),2
FANOUT,K75,Exception('timeout_or_slo_miss: completed=51/75 errors=6 elapsed_ms=4503.0'),1
FANOUT,K75,Exception('timeout_or_slo_miss: completed=47/75 errors=28 elapsed_ms=1092.0'),2
FANOUT,K75,Exception('timeout_or_slo_miss: completed=54/75 errors=12 elapsed_ms=1515.7'),1
FANOUT,K75,Exception('timeout_or_slo_miss: completed=43/75 errors=32 elapsed_ms=1013.6'),1
FANOUT,K75,Exception('timeout_or_slo_miss: completed=48/75 errors=27 elapsed_ms=1007.2'),3
FANOUT,K75,Exception('timeout_or_slo_miss: completed=44/75 errors=31 elapsed_ms=1028.4'),1
FANOUT,K75,Exception('timeout_or_slo_miss: completed=48/75 errors=27 elapsed_ms=1068.5'),1
FANOUT,K75,Exception('timeout_or_slo_miss: completed=43/75 errors=32 elapsed_ms=1132.3'),2
FANOUT,K75,Exception('timeout_or_slo_miss: completed=50/75 errors=25 elapsed_ms=1004.9'),3
FANOUT,K75,Exception('timeout_or_slo_miss: completed=49/75 errors=26 elapsed_ms=1011.7'),2
FANOUT,K75,Exception('timeout_or_slo_miss: completed=50/75 errors=20 elapsed_ms=1629.5'),1
FANOUT,K75,Exception('timeout_or_slo_miss: completed=48/75 errors=27 elapsed_ms=1018.3'),2
FANOUT,K75,Exception('timeout_or_slo_miss: completed=47/75 errors=28 elapsed_ms=1094.4'),2
FANOUT,K75,Exception('timeout_or_slo_miss: completed=48/75 errors=27 elapsed_ms=1005.2'),1
FANOUT,K75,Exception('timeout_or_slo_miss: completed=42/75 errors=33 elapsed_ms=1094.7'),1
FANOUT,K75,Exception('timeout_or_slo_miss: completed=49/75 errors=26 elapsed_ms=1008.2'),5
FANOUT,K75,Exception('timeout_or_slo_miss: completed=23/75 errors=52 elapsed_ms=1506.9'),1
FANOUT,K75,Exception('timeout_or_slo_miss: completed=50/75 errors=25 elapsed_ms=1002.4'),1
FANOUT,K75,Exception('timeout_or_slo_miss: completed=22/75 errors=53 elapsed_ms=1511.9'),1
FANOUT,K75,Exception('timeout_or_slo_miss: completed=46/75 errors=29 elapsed_ms=1036.3'),1
FANOUT,K75,Exception('timeout_or_slo_miss: completed=45/75 errors=30 elapsed_ms=1098.9'),1
FANOUT,K75,Exception('timeout_or_slo_miss: completed=23/75 errors=45 elapsed_ms=15253.4'),1
FANOUT,K75,Exception('timeout_or_slo_miss: completed=47/75 errors=23 elapsed_ms=1662.4'),1
FANOUT,K75,Exception('timeout_or_slo_miss: completed=51/75 errors=24 elapsed_ms=1004.9'),5
FANOUT,K75,Exception('timeout_or_slo_miss: completed=42/75 errors=33 elapsed_ms=1114.1'),1
FANOUT,K75,Exception('timeout_or_slo_miss: completed=54/75 errors=16 elapsed_ms=1605.2'),1
FANOUT,K75,Exception('timeout_or_slo_miss: completed=49/75 errors=26 elapsed_ms=1007.7'),1
FANOUT,K75,Exception('timeout_or_slo_miss: completed=45/75 errors=30 elapsed_ms=1031.8'),1
FANOUT,K75,Exception('timeout_or_slo_miss: completed=51/75 errors=24 elapsed_ms=1002.1'),1
FANOUT,K75,Exception('timeout_or_slo_miss: completed=54/75 errors=21 elapsed_ms=1008.9'),1
FANOUT,K75,Exception('timeout_or_slo_miss: completed=52/75 errors=18 elapsed_ms=1513.6'),1
FANOUT,K75,Exception('timeout_or_slo_miss: completed=46/75 errors=29 elapsed_ms=1118.6'),1
FANOUT,K75,Exception('timeout_or_slo_miss: completed=23/75 errors=52 elapsed_ms=1506.8'),1
FANOUT,K75,Exception('timeout_or_slo_miss: completed=45/75 errors=30 elapsed_ms=1074.6'),1
FANOUT,K75,Exception('timeout_or_slo_miss: completed=54/75 errors=21 elapsed_ms=1002.2'),6
FANOUT,K75,Exception('timeout_or_slo_miss: completed=52/75 errors=23 elapsed_ms=1012.6'),1
FANOUT,K75,Exception('timeout_or_slo_miss: completed=53/75 errors=22 elapsed_ms=1003.2'),4
FANOUT,K75,Exception('timeout_or_slo_miss: completed=50/75 errors=25 elapsed_ms=1007.0'),1
FANOUT,K75,Exception('timeout_or_slo_miss: completed=53/75 errors=22 elapsed_ms=1002.7'),4
FANOUT,K75,Exception('timeout_or_slo_miss: completed=48/75 errors=27 elapsed_ms=1020.8'),1
FANOUT,K75,Exception('timeout_or_slo_miss: completed=52/75 errors=23 elapsed_ms=1005.1'),3
FANOUT,K75,Exception('timeout_or_slo_miss: completed=28/75 errors=47 elapsed_ms=1505.2'),1
FANOUT,K75,Exception('timeout_or_slo_miss: completed=44/75 errors=31 elapsed_ms=1110.5'),1
FANOUT,K75,Exception('timeout_or_slo_miss: completed=48/75 errors=27 elapsed_ms=1130.4'),1
FANOUT,K75,Exception('timeout_or_slo_miss: completed=48/75 errors=22 elapsed_ms=1675.2'),1
FANOUT,K75,Exception('timeout_or_slo_miss: completed=48/75 errors=27 elapsed_ms=1013.4'),1
FANOUT,K75,Exception('timeout_or_slo_miss: completed=41/75 errors=25 elapsed_ms=2140.0'),1
FANOUT,K75,Exception('timeout_or_slo_miss: completed=48/75 errors=22 elapsed_ms=1630.5'),1
FANOUT,K75,Exception('timeout_or_slo_miss: completed=42/75 errors=33 elapsed_ms=1122.0'),1
FANOUT,K75,Exception('timeout_or_slo_miss: completed=54/75 errors=21 elapsed_ms=1003.2'),2
FANOUT,K75,Exception('timeout_or_slo_miss: completed=46/75 errors=29 elapsed_ms=1018.5'),2
FANOUT,K75,Exception('timeout_or_slo_miss: completed=49/75 errors=26 elapsed_ms=1014.8'),1
FANOUT,K75,Exception('timeout_or_slo_miss: completed=50/75 errors=25 elapsed_ms=1008.1'),2
FANOUT,K75,Exception('timeout_or_slo_miss: completed=49/75 errors=26 elapsed_ms=1010.2'),3
FANOUT,K75,Exception('timeout_or_slo_miss: completed=46/75 errors=20 elapsed_ms=1840.2'),1
FANOUT,K75,Exception('timeout_or_slo_miss: completed=29/75 errors=46 elapsed_ms=1515.6'),1
FANOUT,K75,Exception('timeout_or_slo_miss: completed=45/75 errors=18 elapsed_ms=2266.0'),1
FANOUT,K75,Exception('timeout_or_slo_miss: completed=46/75 errors=29 elapsed_ms=1118.2'),1
FANOUT,K75,Exception('timeout_or_slo_miss: completed=49/75 errors=26 elapsed_ms=1007.2'),3
FANOUT,K75,Exception('timeout_or_slo_miss: completed=54/75 errors=21 elapsed_ms=1023.1'),1
FANOUT,K75,Exception('timeout_or_slo_miss: completed=48/75 errors=18 elapsed_ms=1756.9'),1
FANOUT,K75,Exception('timeout_or_slo_miss: completed=51/75 errors=24 elapsed_ms=1017.5'),1
FANOUT,K75,Exception('timeout_or_slo_miss: completed=46/75 errors=24 elapsed_ms=1613.2'),1
FANOUT,K75,Exception('timeout_or_slo_miss: completed=48/75 errors=27 elapsed_ms=1014.4'),1
FANOUT,K75,Exception('timeout_or_slo_miss: completed=49/75 errors=26 elapsed_ms=1007.6'),2
FANOUT,K75,Exception('timeout_or_slo_miss: completed=23/75 errors=52 elapsed_ms=1511.6'),1
FANOUT,K75,Exception('timeout_or_slo_miss: completed=51/75 errors=24 elapsed_ms=1008.2'),3
FANOUT,K75,Exception('timeout_or_slo_miss: completed=45/75 errors=30 elapsed_ms=1106.0'),1
FANOUT,K75,Exception('timeout_or_slo_miss: completed=52/75 errors=14 elapsed_ms=1668.6'),1
FANOUT,K75,Exception('timeout_or_slo_miss: completed=29/75 errors=46 elapsed_ms=1505.9'),1
FANOUT,K75,Exception('timeout_or_slo_miss: completed=16/75 errors=59 elapsed_ms=1644.1'),1
FANOUT,K75,Exception('timeout_or_slo_miss: completed=45/75 errors=30 elapsed_ms=1118.1'),1
FANOUT,K75,Exception('timeout_or_slo_miss: completed=54/75 errors=21 elapsed_ms=1004.9'),2
FANOUT,K75,Exception('timeout_or_slo_miss: completed=51/75 errors=15 elapsed_ms=1633.4'),1
FANOUT,K75,Exception('timeout_or_slo_miss: completed=53/75 errors=22 elapsed_ms=1007.5'),3
FANOUT,K75,Exception('timeout_or_slo_miss: completed=18/75 errors=57 elapsed_ms=1622.2'),1
FANOUT,K75,Exception('timeout_or_slo_miss: completed=46/75 errors=29 elapsed_ms=1112.8'),1
FANOUT,K75,Exception('timeout_or_slo_miss: completed=49/75 errors=26 elapsed_ms=1090.4'),1
FANOUT,K75,Exception('timeout_or_slo_miss: completed=48/75 errors=27 elapsed_ms=1085.2'),1
FANOUT,K75,Exception('timeout_or_slo_miss: completed=50/75 errors=16 elapsed_ms=1691.1'),1
FANOUT,K75,Exception('timeout_or_slo_miss: completed=52/75 errors=23 elapsed_ms=1004.1'),1
FANOUT,K75,Exception('timeout_or_slo_miss: completed=53/75 errors=22 elapsed_ms=1013.4'),1
FANOUT,K75,Exception('timeout_or_slo_miss: completed=46/75 errors=29 elapsed_ms=1096.4'),1
FANOUT,K75,Exception('timeout_or_slo_miss: completed=45/75 errors=25 elapsed_ms=1774.2'),1
FANOUT,K75,Exception('timeout_or_slo_miss: completed=18/75 errors=57 elapsed_ms=1609.3'),1
FANOUT,K75,Exception('timeout_or_slo_miss: completed=49/75 errors=17 elapsed_ms=1649.4'),1
FANOUT,K75,Exception('timeout_or_slo_miss: completed=43/75 errors=32 elapsed_ms=1131.5'),1
FANOUT,K75,Exception('timeout_or_slo_miss: completed=53/75 errors=22 elapsed_ms=1006.5'),2
FANOUT,K75,Exception('timeout_or_slo_miss: completed=51/75 errors=24 elapsed_ms=1076.7'),1
FANOUT,K75,Exception('timeout_or_slo_miss: completed=52/75 errors=14 elapsed_ms=1682.6'),1
FANOUT,K75,Exception('timeout_or_slo_miss: completed=47/75 errors=23 elapsed_ms=1629.3'),1
FANOUT,K75,Exception('timeout_or_slo_miss: completed=56/75 errors=10 elapsed_ms=1589.5'),1
FANOUT,K75,Exception('timeout_or_slo_miss: completed=47/75 errors=28 elapsed_ms=1012.8'),2
FANOUT,K75,Exception('timeout_or_slo_miss: completed=53/75 errors=22 elapsed_ms=1002.6'),5
FANOUT,K75,Exception('timeout_or_slo_miss: completed=47/75 errors=28 elapsed_ms=1020.9'),1
FANOUT,K75,Exception('timeout_or_slo_miss: completed=47/75 errors=28 elapsed_ms=1013.4'),1
FANOUT,K75,Exception('timeout_or_slo_miss: completed=47/75 errors=28 elapsed_ms=1052.1'),1
FANOUT,K75,Exception('timeout_or_slo_miss: completed=49/75 errors=26 elapsed_ms=1011.1'),2
FANOUT,K75,Exception('timeout_or_slo_miss: completed=44/75 errors=31 elapsed_ms=1134.1'),1
FANOUT,K75,Exception('timeout_or_slo_miss: completed=19/75 errors=56 elapsed_ms=1619.0'),1
FANOUT,K75,Exception('timeout_or_slo_miss: completed=53/75 errors=22 elapsed_ms=1009.3'),1
FANOUT,K75,Exception('timeout_or_slo_miss: completed=46/75 errors=24 elapsed_ms=1667.7'),1
FANOUT,K75,Exception('timeout_or_slo_miss: completed=58/75 errors=12 elapsed_ms=1439.9'),1
FANOUT,K75,Exception('timeout_or_slo_miss: completed=52/75 errors=18 elapsed_ms=1599.3'),1
FANOUT,K75,Exception('timeout_or_slo_miss: completed=45/75 errors=30 elapsed_ms=1129.3'),1
FANOUT,K75,Exception('timeout_or_slo_miss: completed=50/75 errors=25 elapsed_ms=1003.3'),1
FANOUT,K75,Exception('timeout_or_slo_miss: completed=28/75 errors=47 elapsed_ms=1506.2'),1
FANOUT,K75,Exception('timeout_or_slo_miss: completed=45/75 errors=30 elapsed_ms=1013.8'),1
FANOUT,K75,Exception('timeout_or_slo_miss: completed=42/75 errors=28 elapsed_ms=1715.1'),1
FANOUT,K75,Exception('timeout_or_slo_miss: completed=50/75 errors=20 elapsed_ms=1515.5'),1
FANOUT,K75,Exception('timeout_or_slo_miss: completed=50/75 errors=25 elapsed_ms=1072.3'),1
FANOUT,K75,Exception('timeout_or_slo_miss: completed=56/75 errors=10 elapsed_ms=1514.5'),1
FANOUT,K75,Exception('timeout_or_slo_miss: completed=27/75 errors=48 elapsed_ms=1504.9'),1
FANOUT,K75,Exception('timeout_or_slo_miss: completed=44/75 errors=31 elapsed_ms=1100.3'),1
FANOUT,K75,Exception('timeout_or_slo_miss: completed=29/75 errors=46 elapsed_ms=1504.3'),1
FANOUT,K75,Exception('timeout_or_slo_miss: completed=44/75 errors=31 elapsed_ms=1013.5'),1
FANOUT,K75,Exception('timeout_or_slo_miss: completed=43/75 errors=32 elapsed_ms=1121.5'),1
FANOUT,K75,Exception('timeout_or_slo_miss: completed=51/75 errors=24 elapsed_ms=1006.9'),3
FANOUT,K75,Exception('timeout_or_slo_miss: completed=45/75 errors=30 elapsed_ms=1012.8'),1
FANOUT,K75,Exception('timeout_or_slo_miss: completed=51/75 errors=24 elapsed_ms=1049.4'),1
FANOUT,K75,Exception('timeout_or_slo_miss: completed=54/75 errors=12 elapsed_ms=1636.0'),1
FANOUT,K75,Exception('timeout_or_slo_miss: completed=50/75 errors=25 elapsed_ms=1012.7'),2
FANOUT,K75,Exception('timeout_or_slo_miss: completed=47/75 errors=28 elapsed_ms=1065.5'),1
FANOUT,K75,Exception('timeout_or_slo_miss: completed=47/75 errors=19 elapsed_ms=1814.8'),1
FANOUT,K75,Exception('timeout_or_slo_miss: completed=50/75 errors=25 elapsed_ms=1012.8'),1
FANOUT,K75,Exception('timeout_or_slo_miss: completed=50/75 errors=25 elapsed_ms=1118.2'),1
FANOUT,K75,Exception('timeout_or_slo_miss: completed=40/75 errors=35 elapsed_ms=1129.4'),1
FANOUT,K75,Exception('timeout_or_slo_miss: completed=25/75 errors=50 elapsed_ms=1507.6'),1
FANOUT,K75,Exception('timeout_or_slo_miss: completed=51/75 errors=19 elapsed_ms=1592.0'),1
FANOUT,K75,Exception('timeout_or_slo_miss: completed=50/75 errors=25 elapsed_ms=1005.1'),4
FANOUT,K75,Exception('timeout_or_slo_miss: completed=49/75 errors=26 elapsed_ms=1005.9'),1
FANOUT,K75,Exception('timeout_or_slo_miss: completed=51/75 errors=24 elapsed_ms=1005.8'),1
FANOUT,K75,Exception('timeout_or_slo_miss: completed=49/75 errors=26 elapsed_ms=1008.4'),4
FANOUT,K75,Exception('timeout_or_slo_miss: completed=47/75 errors=28 elapsed_ms=1076.8'),1
FANOUT,K75,Exception('timeout_or_slo_miss: completed=49/75 errors=17 elapsed_ms=1700.4'),1
FANOUT,K75,Exception('timeout_or_slo_miss: completed=48/75 errors=27 elapsed_ms=1008.1'),3
FANOUT,K75,Exception('timeout_or_slo_miss: completed=45/75 errors=30 elapsed_ms=1064.7'),1
FANOUT,K75,Exception('timeout_or_slo_miss: completed=54/75 errors=21 elapsed_ms=1002.8'),9
FANOUT,K75,Exception('timeout_or_slo_miss: completed=51/75 errors=24 elapsed_ms=1029.2'),1
FANOUT,K75,Exception('timeout_or_slo_miss: completed=48/75 errors=27 elapsed_ms=1076.8'),1
FANOUT,K75,Exception('timeout_or_slo_miss: completed=49/75 errors=26 elapsed_ms=1023.7'),1
FANOUT,K75,Exception('timeout_or_slo_miss: completed=58/75 errors=12 elapsed_ms=1449.9'),1
FANOUT,K75,Exception('timeout_or_slo_miss: completed=53/75 errors=22 elapsed_ms=1019.0'),1
FANOUT,K75,Exception('timeout_or_slo_miss: completed=46/75 errors=29 elapsed_ms=1008.6'),2
FANOUT,K75,Exception('timeout_or_slo_miss: completed=44/75 errors=31 elapsed_ms=1119.9'),1
FANOUT,K75,Exception('timeout_or_slo_miss: completed=50/75 errors=25 elapsed_ms=1035.4'),1
FANOUT,K75,Exception('timeout_or_slo_miss: completed=50/75 errors=25 elapsed_ms=1013.7'),2
FANOUT,K75,Exception('timeout_or_slo_miss: completed=49/75 errors=26 elapsed_ms=1011.0'),5
FANOUT,K75,Exception('timeout_or_slo_miss: completed=46/75 errors=24 elapsed_ms=1675.4'),1
FANOUT,K75,Exception('timeout_or_slo_miss: completed=33/75 errors=42 elapsed_ms=1502.7'),1
FANOUT,K75,Exception('timeout_or_slo_miss: completed=50/75 errors=25 elapsed_ms=1011.3'),2
FANOUT,K75,Exception('timeout_or_slo_miss: completed=52/75 errors=18 elapsed_ms=1597.3'),1
FANOUT,K75,Exception('timeout_or_slo_miss: completed=44/75 errors=31 elapsed_ms=1021.2'),1
FANOUT,K75,Exception('timeout_or_slo_miss: completed=46/75 errors=24 elapsed_ms=1671.5'),1
FANOUT,K75,Exception('timeout_or_slo_miss: completed=40/75 errors=28 elapsed_ms=6706.8'),1
FANOUT,K75,Exception('timeout_or_slo_miss: completed=57/75 errors=9 elapsed_ms=1224.8'),1
FANOUT,K75,Exception('timeout_or_slo_miss: completed=46/75 errors=17 elapsed_ms=2733.3'),1
FANOUT,K75,Exception('timeout_or_slo_miss: completed=48/75 errors=27 elapsed_ms=1074.1'),1
FANOUT,K75,Exception('timeout_or_slo_miss: completed=50/75 errors=20 elapsed_ms=1516.1'),1
FANOUT,K75,Exception('timeout_or_slo_miss: completed=51/75 errors=24 elapsed_ms=1004.8'),1
FANOUT,K75,Exception('timeout_or_slo_miss: completed=47/75 errors=23 elapsed_ms=1675.7'),1
FANOUT,K75,Exception('timeout_or_slo_miss: completed=56/75 errors=19 elapsed_ms=1001.9'),1
FANOUT,K75,Exception('timeout_or_slo_miss: completed=51/75 errors=24 elapsed_ms=1016.9'),1
FANOUT,K75,Exception('timeout_or_slo_miss: completed=46/75 errors=29 elapsed_ms=1095.9'),2
FANOUT,K75,Exception('timeout_or_slo_miss: completed=43/75 errors=32 elapsed_ms=1130.5'),1
FANOUT,K75,Exception('timeout_or_slo_miss: completed=52/75 errors=23 elapsed_ms=1004.0'),2
FANOUT,K75,Exception('timeout_or_slo_miss: completed=50/75 errors=25 elapsed_ms=1014.2'),1
FANOUT,K75,Exception('timeout_or_slo_miss: completed=45/75 errors=30 elapsed_ms=1129.4'),2
FANOUT,K75,Exception('timeout_or_slo_miss: completed=26/75 errors=49 elapsed_ms=1507.6'),1
FANOUT,K75,Exception('timeout_or_slo_miss: completed=44/75 errors=26 elapsed_ms=1652.2'),1
FANOUT,K75,Exception('timeout_or_slo_miss: completed=49/75 errors=21 elapsed_ms=1671.1'),1
FANOUT,K75,Exception('timeout_or_slo_miss: completed=49/75 errors=17 elapsed_ms=2442.8'),1
FANOUT,K75,Exception('timeout_or_slo_miss: completed=51/75 errors=24 elapsed_ms=1005.2'),3
FANOUT,K75,Exception('timeout_or_slo_miss: completed=48/75 errors=27 elapsed_ms=1025.5'),1
FANOUT,K75,Exception('timeout_or_slo_miss: completed=53/75 errors=22 elapsed_ms=1010.4'),1
FANOUT,K75,Exception('timeout_or_slo_miss: completed=51/75 errors=24 elapsed_ms=1006.4'),1
FANOUT,K75,Exception('timeout_or_slo_miss: completed=52/75 errors=23 elapsed_ms=1009.4'),1
FANOUT,K75,Exception('timeout_or_slo_miss: completed=47/75 errors=23 elapsed_ms=1665.2'),1
FANOUT,K75,Exception('timeout_or_slo_miss: completed=51/75 errors=24 elapsed_ms=1010.8'),2
FANOUT,K75,Exception('timeout_or_slo_miss: completed=49/75 errors=26 elapsed_ms=1011.3'),2
FANOUT,K75,Exception('timeout_or_slo_miss: completed=50/75 errors=16 elapsed_ms=1670.6'),1
FANOUT,K75,Exception('timeout_or_slo_miss: completed=51/75 errors=24 elapsed_ms=1008.9'),2
FANOUT,K75,Exception('timeout_or_slo_miss: completed=32/75 errors=43 elapsed_ms=1503.3'),1
FANOUT,K75,Exception('timeout_or_slo_miss: completed=46/75 errors=29 elapsed_ms=1110.7'),1
FANOUT,K75,Exception('timeout_or_slo_miss: completed=55/75 errors=20 elapsed_ms=1003.6'),1
FANOUT,K75,Exception('timeout_or_slo_miss: completed=49/75 errors=21 elapsed_ms=1514.1'),1
FANOUT,K75,Exception('timeout_or_slo_miss: completed=24/75 errors=51 elapsed_ms=1509.4'),1
FANOUT,K75,Exception('timeout_or_slo_miss: completed=45/75 errors=30 elapsed_ms=1142.2'),1
FANOUT,K75,Exception('timeout_or_slo_miss: completed=49/75 errors=17 elapsed_ms=1620.3'),1
FANOUT,K75,Exception('timeout_or_slo_miss: completed=56/75 errors=14 elapsed_ms=1427.7'),1
FANOUT,K75,Exception('timeout_or_slo_miss: completed=41/75 errors=34 elapsed_ms=1104.2'),1
FANOUT,K75,Exception('timeout_or_slo_miss: completed=50/75 errors=16 elapsed_ms=1739.4'),1
FANOUT,K75,Exception('timeout_or_slo_miss: completed=48/75 errors=27 elapsed_ms=1014.3'),1
FANOUT,K75,Exception('timeout_or_slo_miss: completed=51/75 errors=24 elapsed_ms=1004.3'),2
FANOUT,K75,Exception('timeout_or_slo_miss: completed=47/75 errors=28 elapsed_ms=1009.3'),4
FANOUT,K75,Exception('timeout_or_slo_miss: completed=47/75 errors=28 elapsed_ms=1117.5'),1
FANOUT,K75,Exception('timeout_or_slo_miss: completed=53/75 errors=22 elapsed_ms=1007.1'),5
FANOUT,K75,Exception('timeout_or_slo_miss: completed=47/75 errors=28 elapsed_ms=1005.7'),1
FANOUT,K75,Exception('timeout_or_slo_miss: completed=56/75 errors=19 elapsed_ms=1003.7'),1
FANOUT,K75,Exception('timeout_or_slo_miss: completed=43/75 errors=32 elapsed_ms=1114.4'),1
FANOUT,K75,Exception('timeout_or_slo_miss: completed=42/75 errors=33 elapsed_ms=1130.8'),1
FANOUT,K75,Exception('timeout_or_slo_miss: completed=50/75 errors=25 elapsed_ms=1007.8'),1
FANOUT,K75,Exception('timeout_or_slo_miss: completed=51/75 errors=15 elapsed_ms=1675.9'),1
FANOUT,K75,Exception('timeout_or_slo_miss: completed=46/75 errors=29 elapsed_ms=1089.7'),1
FANOUT,K75,Exception('timeout_or_slo_miss: completed=48/75 errors=18 elapsed_ms=1697.1'),1
FANOUT,K75,Exception('timeout_or_slo_miss: completed=50/75 errors=25 elapsed_ms=1005.2'),4
FANOUT,K75,Exception('timeout_or_slo_miss: completed=45/75 errors=30 elapsed_ms=1127.1'),1
FANOUT,K75,Exception('timeout_or_slo_miss: completed=49/75 errors=26 elapsed_ms=1018.9'),1
FANOUT,K75,Exception('timeout_or_slo_miss: completed=47/75 errors=28 elapsed_ms=1085.9'),1
FANOUT,K75,Exception('timeout_or_slo_miss: completed=52/75 errors=23 elapsed_ms=1002.8'),4
FANOUT,K75,Exception('timeout_or_slo_miss: completed=50/75 errors=25 elapsed_ms=1005.0'),4
FANOUT,K75,Exception('timeout_or_slo_miss: completed=45/75 errors=30 elapsed_ms=1114.6'),1
FANOUT,K75,Exception('timeout_or_slo_miss: completed=44/75 errors=31 elapsed_ms=1133.3'),1
FANOUT,K75,Exception('timeout_or_slo_miss: completed=24/75 errors=51 elapsed_ms=1509.2'),1
FANOUT,K75,Exception('timeout_or_slo_miss: completed=58/75 errors=12 elapsed_ms=1228.3'),1
FANOUT,K75,Exception('timeout_or_slo_miss: completed=54/75 errors=21 elapsed_ms=1005.1'),4
FANOUT,K75,Exception('timeout_or_slo_miss: completed=47/75 errors=16 elapsed_ms=2088.3'),1
FANOUT,K75,Exception('timeout_or_slo_miss: completed=50/75 errors=20 elapsed_ms=1621.3'),1
FANOUT,K75,Exception('timeout_or_slo_miss: completed=29/75 errors=46 elapsed_ms=1506.3'),1
FANOUT,K75,Exception('timeout_or_slo_miss: completed=19/75 errors=56 elapsed_ms=1509.0'),1
FANOUT,K75,Exception('timeout_or_slo_miss: completed=52/75 errors=14 elapsed_ms=1649.3'),1
FANOUT,K75,Exception('timeout_or_slo_miss: completed=36/75 errors=39 elapsed_ms=1205.0'),1
FANOUT,K75,Exception('timeout_or_slo_miss: completed=50/75 errors=25 elapsed_ms=1002.8'),1
FANOUT,K75,Exception('timeout_or_slo_miss: completed=46/75 errors=29 elapsed_ms=1116.2'),1
FANOUT,K75,Exception('timeout_or_slo_miss: completed=32/75 errors=43 elapsed_ms=1506.8'),1
FANOUT,K75,Exception('timeout_or_slo_miss: completed=48/75 errors=27 elapsed_ms=1009.6'),3
FANOUT,K75,Exception('timeout_or_slo_miss: completed=49/75 errors=17 elapsed_ms=1754.0'),1
FANOUT,K75,Exception('timeout_or_slo_miss: completed=46/75 errors=20 elapsed_ms=1800.3'),1
FANOUT,K75,Exception('timeout_or_slo_miss: completed=42/75 errors=33 elapsed_ms=1026.5'),1
FANOUT,K75,Exception('timeout_or_slo_miss: completed=46/75 errors=29 elapsed_ms=1133.0'),1
FANOUT,K75,Exception('timeout_or_slo_miss: completed=21/75 errors=54 elapsed_ms=1610.7'),1
FANOUT,K75,Exception('timeout_or_slo_miss: completed=43/75 errors=32 elapsed_ms=1099.6'),1
FANOUT,K75,Exception('timeout_or_slo_miss: completed=46/75 errors=29 elapsed_ms=1138.5'),1
FANOUT,K75,Exception('timeout_or_slo_miss: completed=46/75 errors=29 elapsed_ms=1135.5'),1
FANOUT,K75,Exception('timeout_or_slo_miss: completed=52/75 errors=23 elapsed_ms=1009.2'),2
FANOUT,K75,Exception('timeout_or_slo_miss: completed=19/75 errors=56 elapsed_ms=1509.7'),1
FANOUT,K75,Exception('timeout_or_slo_miss: completed=44/75 errors=31 elapsed_ms=1116.8'),1
FANOUT,K75,Exception('timeout_or_slo_miss: completed=48/75 errors=22 elapsed_ms=1650.7'),1
FANOUT,K75,Exception('timeout_or_slo_miss: completed=53/75 errors=22 elapsed_ms=1004.2'),3
FANOUT,K75,Exception('timeout_or_slo_miss: completed=56/75 errors=14 elapsed_ms=1427.3'),1
FANOUT,K75,Exception('timeout_or_slo_miss: completed=22/75 errors=53 elapsed_ms=1509.4'),1
FANOUT,K75,Exception('timeout_or_slo_miss: completed=46/75 errors=29 elapsed_ms=1088.7'),1
FANOUT,K75,Exception('timeout_or_slo_miss: completed=51/75 errors=24 elapsed_ms=1009.5'),2
FANOUT,K75,Exception('timeout_or_slo_miss: completed=47/75 errors=28 elapsed_ms=1010.3'),1
FANOUT,K75,Exception('timeout_or_slo_miss: completed=50/75 errors=25 elapsed_ms=1009.5'),1
FANOUT,K75,Exception('timeout_or_slo_miss: completed=45/75 errors=30 elapsed_ms=1101.6'),1
FANOUT,K75,Exception('timeout_or_slo_miss: completed=52/75 errors=23 elapsed_ms=1008.9'),1
FANOUT,K75,Exception('timeout_or_slo_miss: completed=54/75 errors=16 elapsed_ms=1518.4'),1
FANOUT,K75,Exception('timeout_or_slo_miss: completed=50/75 errors=25 elapsed_ms=1005.6'),2
FANOUT,K75,Exception('timeout_or_slo_miss: completed=29/75 errors=46 elapsed_ms=1508.0'),1
FANOUT,K75,Exception('timeout_or_slo_miss: completed=16/75 errors=59 elapsed_ms=1707.5'),1
FANOUT,K75,Exception('timeout_or_slo_miss: completed=49/75 errors=26 elapsed_ms=1112.2'),1
FANOUT,K75,Exception('timeout_or_slo_miss: completed=25/75 errors=50 elapsed_ms=1507.8'),1
FANOUT,K75,Exception('timeout_or_slo_miss: completed=42/75 errors=33 elapsed_ms=1136.9'),1
FANOUT,K75,Exception('timeout_or_slo_miss: completed=48/75 errors=18 elapsed_ms=1769.2'),1
FANOUT,K75,Exception('timeout_or_slo_miss: completed=26/75 errors=49 elapsed_ms=1535.7'),1
FANOUT,K75,Exception('timeout_or_slo_miss: completed=48/75 errors=27 elapsed_ms=1097.9'),1
FANOUT,K75,Exception('timeout_or_slo_miss: completed=48/75 errors=22 elapsed_ms=1611.3'),1
FANOUT,K75,Exception('timeout_or_slo_miss: completed=48/75 errors=8 elapsed_ms=7090.1'),1
FANOUT,K75,Exception('timeout_or_slo_miss: completed=41/75 errors=34 elapsed_ms=1015.6'),1
FANOUT,K75,Exception('timeout_or_slo_miss: completed=51/75 errors=12 elapsed_ms=1888.8'),1
FANOUT,K75,Exception('timeout_or_slo_miss: completed=43/75 errors=32 elapsed_ms=1157.4'),1
FANOUT,K75,Exception('timeout_or_slo_miss: completed=46/75 errors=29 elapsed_ms=1011.0'),1
FANOUT,K75,Exception('timeout_or_slo_miss: completed=26/75 errors=49 elapsed_ms=1505.5'),2
FANOUT,K75,Exception('timeout_or_slo_miss: completed=46/75 errors=29 elapsed_ms=1016.8'),1
FANOUT,K75,Exception('timeout_or_slo_miss: completed=50/75 errors=16 elapsed_ms=1738.8'),1
FANOUT,K75,Exception('timeout_or_slo_miss: completed=24/75 errors=51 elapsed_ms=1511.9'),1
FANOUT,K75,Exception('timeout_or_slo_miss: completed=50/75 errors=25 elapsed_ms=1008.0'),4
FANOUT,K75,Exception('timeout_or_slo_miss: completed=57/75 errors=18 elapsed_ms=1004.0'),1
FANOUT,K75,Exception('timeout_or_slo_miss: completed=52/75 errors=23 elapsed_ms=1006.0'),4
FANOUT,K75,Exception('timeout_or_slo_miss: completed=54/75 errors=21 elapsed_ms=1002.6'),11
FANOUT,K75,Exception('timeout_or_slo_miss: completed=52/75 errors=23 elapsed_ms=1016.8'),1
FANOUT,K75,Exception('timeout_or_slo_miss: completed=56/75 errors=8 elapsed_ms=1252.1'),1
FANOUT,K75,Exception('timeout_or_slo_miss: completed=53/75 errors=17 elapsed_ms=1515.9'),1
FANOUT,K75,Exception('timeout_or_slo_miss: completed=42/75 errors=33 elapsed_ms=1118.4'),1
FANOUT,K75,Exception('timeout_or_slo_miss: completed=47/75 errors=28 elapsed_ms=1011.6'),3
FANOUT,K75,Exception('timeout_or_slo_miss: completed=28/75 errors=47 elapsed_ms=1506.6'),1
FANOUT,K75,Exception('timeout_or_slo_miss: completed=44/75 errors=31 elapsed_ms=1097.3'),1
FANOUT,K75,Exception('timeout_or_slo_miss: completed=45/75 errors=30 elapsed_ms=1096.9'),1
FANOUT,K75,Exception('timeout_or_slo_miss: completed=49/75 errors=26 elapsed_ms=1013.9'),2
FANOUT,K75,Exception('timeout_or_slo_miss: completed=51/75 errors=24 elapsed_ms=1096.4'),1
FANOUT,K75,Exception('timeout_or_slo_miss: completed=43/75 errors=32 elapsed_ms=1129.7'),1
FANOUT,K75,Exception('timeout_or_slo_miss: completed=51/75 errors=24 elapsed_ms=1014.7'),2
FANOUT,K75,Exception('timeout_or_slo_miss: completed=27/75 errors=48 elapsed_ms=1510.8'),1
FANOUT,K75,Exception('timeout_or_slo_miss: completed=21/75 errors=54 elapsed_ms=1506.7'),1
FANOUT,K75,Exception('timeout_or_slo_miss: completed=18/75 errors=57 elapsed_ms=1634.0'),1
FANOUT,K75,Exception('timeout_or_slo_miss: completed=46/75 errors=29 elapsed_ms=1012.6'),1
FANOUT,K75,Exception('timeout_or_slo_miss: completed=47/75 errors=28 elapsed_ms=1073.5'),1
FANOUT,K75,Exception('timeout_or_slo_miss: completed=49/75 errors=26 elapsed_ms=1008.3'),2
FANOUT,K75,Exception('timeout_or_slo_miss: completed=52/75 errors=23 elapsed_ms=1011.5'),2
FANOUT,K75,Exception('timeout_or_slo_miss: completed=17/75 errors=58 elapsed_ms=1515.6'),1
FANOUT,K75,Exception('timeout_or_slo_miss: completed=46/75 errors=29 elapsed_ms=1009.1'),1
FANOUT,K75,Exception('timeout_or_slo_miss: completed=50/75 errors=25 elapsed_ms=1090.7'),1
FANOUT,K75,Exception('timeout_or_slo_miss: completed=48/75 errors=27 elapsed_ms=1063.7'),1
FANOUT,K75,Exception('timeout_or_slo_miss: completed=51/75 errors=24 elapsed_ms=1002.6'),2
FANOUT,K75,Exception('timeout_or_slo_miss: completed=45/75 errors=21 elapsed_ms=1900.8'),1
FANOUT,K75,Exception('timeout_or_slo_miss: completed=46/75 errors=29 elapsed_ms=1013.6'),2
FANOUT,K75,Exception('timeout_or_slo_miss: completed=48/75 errors=27 elapsed_ms=1004.8'),1
FANOUT,K75,Exception('timeout_or_slo_miss: completed=51/75 errors=15 elapsed_ms=1636.4'),1
FANOUT,K75,Exception('timeout_or_slo_miss: completed=43/75 errors=32 elapsed_ms=1107.5'),1
FANOUT,K75,Exception('timeout_or_slo_miss: completed=46/75 errors=29 elapsed_ms=1104.6'),1
FANOUT,K75,Exception('timeout_or_slo_miss: completed=47/75 errors=28 elapsed_ms=1077.3'),1
FANOUT,K75,Exception('timeout_or_slo_miss: completed=42/75 errors=33 elapsed_ms=1121.8'),1
FANOUT,K75,Exception('timeout_or_slo_miss: completed=27/75 errors=48 elapsed_ms=1505.2'),2
FANOUT,K75,Exception('timeout_or_slo_miss: completed=49/75 errors=26 elapsed_ms=1018.5'),1
FANOUT,K75,Exception('timeout_or_slo_miss: completed=44/75 errors=31 elapsed_ms=1019.5'),1
FANOUT,K75,Exception('timeout_or_slo_miss: completed=51/75 errors=19 elapsed_ms=1626.6'),1
FANOUT,K75,Exception('timeout_or_slo_miss: completed=54/75 errors=16 elapsed_ms=1513.1'),1
FANOUT,K75,Exception('timeout_or_slo_miss: completed=16/75 errors=47 elapsed_ms=15652.5'),1
FANOUT,K75,Exception('timeout_or_slo_miss: completed=50/75 errors=25 elapsed_ms=1012.0'),2
FANOUT,K75,Exception('timeout_or_slo_miss: completed=27/75 errors=48 elapsed_ms=1507.6'),1
FANOUT,K75,Exception('timeout_or_slo_miss: completed=53/75 errors=22 elapsed_ms=1005.3'),4
FANOUT,K75,Exception('timeout_or_slo_miss: completed=50/75 errors=25 elapsed_ms=1022.3'),1
FANOUT,K75,Exception('timeout_or_slo_miss: completed=50/75 errors=25 elapsed_ms=1005.5'),3
FANOUT,K75,Exception('timeout_or_slo_miss: completed=46/75 errors=29 elapsed_ms=1113.1'),1
FANOUT,K75,Exception('timeout_or_slo_miss: completed=47/75 errors=28 elapsed_ms=1009.7'),4
FANOUT,K75,Exception('timeout_or_slo_miss: completed=51/75 errors=12 elapsed_ms=1785.1'),1
FANOUT,K75,Exception('timeout_or_slo_miss: completed=44/75 errors=31 elapsed_ms=1012.0'),1
FANOUT,K75,Exception('timeout_or_slo_miss: completed=48/75 errors=15 elapsed_ms=1985.1'),1
FANOUT,K75,Exception('timeout_or_slo_miss: completed=37/75 errors=38 elapsed_ms=1222.5'),1
FANOUT,K75,Exception('timeout_or_slo_miss: completed=23/75 errors=52 elapsed_ms=1508.6'),1
FANOUT,K75,Exception('timeout_or_slo_miss: completed=50/75 errors=25 elapsed_ms=1021.5'),1
FANOUT,K75,Exception('timeout_or_slo_miss: completed=49/75 errors=17 elapsed_ms=1812.2'),1
FANOUT,K75,Exception('timeout_or_slo_miss: completed=48/75 errors=27 elapsed_ms=1011.3'),1
FANOUT,K75,Exception('timeout_or_slo_miss: completed=51/75 errors=24 elapsed_ms=1010.9'),2
FANOUT,K75,Exception('timeout_or_slo_miss: completed=50/75 errors=25 elapsed_ms=1006.4'),2
FANOUT,K75,Exception('timeout_or_slo_miss: completed=46/75 errors=29 elapsed_ms=1012.5'),1
FANOUT,K75,Exception('timeout_or_slo_miss: completed=53/75 errors=22 elapsed_ms=1003.1'),2
FANOUT,K75,Exception('timeout_or_slo_miss: completed=20/75 errors=55 elapsed_ms=1594.3'),1
FANOUT,K75,Exception('timeout_or_slo_miss: completed=44/75 errors=31 elapsed_ms=1104.9'),1
FANOUT,K75,Exception('timeout_or_slo_miss: completed=46/75 errors=20 elapsed_ms=1953.0'),1
FANOUT,K75,Exception('timeout_or_slo_miss: completed=20/75 errors=55 elapsed_ms=1509.1'),1
FANOUT,K75,Exception('timeout_or_slo_miss: completed=51/75 errors=24 elapsed_ms=1008.8'),2
FANOUT,K75,Exception('timeout_or_slo_miss: completed=20/75 errors=55 elapsed_ms=1631.5'),1
FANOUT,K75,Exception('timeout_or_slo_miss: completed=51/75 errors=24 elapsed_ms=1010.2'),5
FANOUT,K75,Exception('timeout_or_slo_miss: completed=47/75 errors=23 elapsed_ms=1600.8'),1
FANOUT,K75,Exception('timeout_or_slo_miss: completed=47/75 errors=28 elapsed_ms=1029.4'),1
FANOUT,K75,Exception('timeout_or_slo_miss: completed=50/75 errors=25 elapsed_ms=1007.7'),1
FANOUT,K75,Exception('timeout_or_slo_miss: completed=53/75 errors=17 elapsed_ms=1580.3'),1
FANOUT,K75,Exception('timeout_or_slo_miss: completed=62/75 errors=8 elapsed_ms=1250.6'),1
FANOUT,K75,Exception('timeout_or_slo_miss: completed=45/75 errors=30 elapsed_ms=1008.7'),1
FANOUT,K75,Exception('timeout_or_slo_miss: completed=46/75 errors=29 elapsed_ms=1012.1'),1
FANOUT,K75,Exception('timeout_or_slo_miss: completed=53/75 errors=13 elapsed_ms=1609.4'),1
FANOUT,K75,Exception('timeout_or_slo_miss: completed=54/75 errors=9 elapsed_ms=1650.8'),1
FANOUT,K75,Exception('timeout_or_slo_miss: completed=53/75 errors=13 elapsed_ms=1530.0'),1
FANOUT,K75,Exception('timeout_or_slo_miss: completed=19/75 errors=56 elapsed_ms=1588.9'),1
FANOUT,K75,Exception('timeout_or_slo_miss: completed=51/75 errors=24 elapsed_ms=1016.7'),1
FANOUT,K75,Exception('timeout_or_slo_miss: completed=51/75 errors=24 elapsed_ms=1038.5'),1
FANOUT,K75,Exception('timeout_or_slo_miss: completed=43/75 errors=32 elapsed_ms=1025.5'),1
FANOUT,K75,Exception('timeout_or_slo_miss: completed=55/75 errors=15 elapsed_ms=1510.0'),1
FANOUT,K75,Exception('timeout_or_slo_miss: completed=55/75 errors=20 elapsed_ms=1002.0'),2
FANOUT,K75,Exception('timeout_or_slo_miss: completed=46/75 errors=24 elapsed_ms=1612.5'),1
FANOUT,K75,Exception('timeout_or_slo_miss: completed=53/75 errors=17 elapsed_ms=1615.5'),1
FANOUT,K75,Exception('timeout_or_slo_miss: completed=55/75 errors=15 elapsed_ms=1508.9'),1
FANOUT,K75,Exception('timeout_or_slo_miss: completed=45/75 errors=30 elapsed_ms=1008.6'),1
FANOUT,K75,Exception('timeout_or_slo_miss: completed=54/75 errors=16 elapsed_ms=1508.9'),1
FANOUT,K75,Exception('timeout_or_slo_miss: completed=47/75 errors=19 elapsed_ms=1811.7'),1
FANOUT,K75,Exception('timeout_or_slo_miss: completed=40/75 errors=30 elapsed_ms=2010.9'),1
FANOUT,K75,Exception('timeout_or_slo_miss: completed=48/75 errors=27 elapsed_ms=1024.0'),1
FANOUT,K75,Exception('timeout_or_slo_miss: completed=42/75 errors=33 elapsed_ms=1115.4'),1
FANOUT,K75,Exception('timeout_or_slo_miss: completed=41/75 errors=34 elapsed_ms=1169.9'),1
FANOUT,K75,Exception('timeout_or_slo_miss: completed=47/75 errors=28 elapsed_ms=1007.4'),1
FANOUT,K75,Exception('timeout_or_slo_miss: completed=28/75 errors=47 elapsed_ms=1505.3'),2
FANOUT,K75,Exception('timeout_or_slo_miss: completed=50/75 errors=25 elapsed_ms=1008.4'),3
FANOUT,K75,Exception('timeout_or_slo_miss: completed=36/75 errors=29 elapsed_ms=2636.1'),1
FANOUT,K75,Exception('timeout_or_slo_miss: completed=54/75 errors=21 elapsed_ms=1012.2'),1
FANOUT,K75,Exception('timeout_or_slo_miss: completed=52/75 errors=23 elapsed_ms=1007.4'),2
FANOUT,K75,Exception('timeout_or_slo_miss: completed=51/75 errors=15 elapsed_ms=1629.2'),1
FANOUT,K75,Exception('timeout_or_slo_miss: completed=45/75 errors=30 elapsed_ms=1155.2'),1
FANOUT,K75,Exception('timeout_or_slo_miss: completed=22/75 errors=53 elapsed_ms=1508.2'),1
FANOUT,K75,Exception('timeout_or_slo_miss: completed=49/75 errors=26 elapsed_ms=1080.0'),1
FANOUT,K75,Exception('timeout_or_slo_miss: completed=45/75 errors=30 elapsed_ms=1120.6'),1
FANOUT,K75,Exception('timeout_or_slo_miss: completed=48/75 errors=27 elapsed_ms=1116.6'),1
FANOUT,K75,Exception('timeout_or_slo_miss: completed=47/75 errors=28 elapsed_ms=1033.3'),1
FANOUT,K75,Exception('timeout_or_slo_miss: completed=42/75 errors=28 elapsed_ms=1830.6'),1
FANOUT,K75,Exception('timeout_or_slo_miss: completed=52/75 errors=14 elapsed_ms=1623.9'),1
FANOUT,K75,Exception('timeout_or_slo_miss: completed=47/75 errors=28 elapsed_ms=1011.1'),1
FANOUT,K75,Exception('timeout_or_slo_miss: completed=49/75 errors=26 elapsed_ms=1016.6'),2
FANOUT,K75,Exception('timeout_or_slo_miss: completed=47/75 errors=28 elapsed_ms=1085.0'),1
FANOUT,K75,Exception('timeout_or_slo_miss: completed=48/75 errors=22 elapsed_ms=1636.4'),1
FANOUT,K75,Exception('timeout_or_slo_miss: completed=49/75 errors=26 elapsed_ms=1008.8'),1
FANOUT,K75,Exception('timeout_or_slo_miss: completed=48/75 errors=27 elapsed_ms=1008.3'),4
FANOUT,K75,Exception('timeout_or_slo_miss: completed=43/75 errors=23 elapsed_ms=2015.8'),1
FANOUT,K75,Exception('timeout_or_slo_miss: completed=48/75 errors=27 elapsed_ms=1013.3'),1
FANOUT,K75,Exception('timeout_or_slo_miss: completed=56/75 errors=19 elapsed_ms=1003.0'),1
FANOUT,K75,Exception('timeout_or_slo_miss: completed=46/75 errors=29 elapsed_ms=1128.1'),1
FANOUT,K75,Exception('timeout_or_slo_miss: completed=24/75 errors=51 elapsed_ms=1575.3'),1
FANOUT,K75,Exception('timeout_or_slo_miss: completed=47/75 errors=28 elapsed_ms=1105.4'),1
FANOUT,K75,Exception('timeout_or_slo_miss: completed=44/75 errors=22 elapsed_ms=2010.9'),1
FANOUT,K75,Exception('timeout_or_slo_miss: completed=50/75 errors=25 elapsed_ms=1017.0'),1
FANOUT,K75,Exception('timeout_or_slo_miss: completed=46/75 errors=29 elapsed_ms=1009.9'),1
FANOUT,K75,Exception('timeout_or_slo_miss: completed=52/75 errors=23 elapsed_ms=1003.0'),4
FANOUT,K75,Exception('timeout_or_slo_miss: completed=46/75 errors=29 elapsed_ms=1122.4'),1
FANOUT,K75,Exception('timeout_or_slo_miss: completed=33/75 errors=42 elapsed_ms=1503.1'),1
FANOUT,K75,Exception('timeout_or_slo_miss: completed=48/75 errors=27 elapsed_ms=1107.4'),1
FANOUT,K75,Exception('timeout_or_slo_miss: completed=47/75 errors=28 elapsed_ms=1010.5'),4
FANOUT,K75,Exception('timeout_or_slo_miss: completed=52/75 errors=18 elapsed_ms=1609.4'),1
FANOUT,K75,Exception('timeout_or_slo_miss: completed=55/75 errors=11 elapsed_ms=1619.4'),1
FANOUT,K75,Exception('timeout_or_slo_miss: completed=45/75 errors=30 elapsed_ms=1108.4'),1
FANOUT,K75,Exception('timeout_or_slo_miss: completed=50/75 errors=25 elapsed_ms=1012.5'),3
FANOUT,K75,Exception('timeout_or_slo_miss: completed=50/75 errors=25 elapsed_ms=1009.1'),4
FANOUT,K75,Exception('timeout_or_slo_miss: completed=52/75 errors=14 elapsed_ms=1630.6'),1
FANOUT,K75,Exception('timeout_or_slo_miss: completed=37/75 errors=32 elapsed_ms=7255.3'),1
FANOUT,K75,Exception('timeout_or_slo_miss: completed=52/75 errors=14 elapsed_ms=1659.1'),1
FANOUT,K75,Exception('timeout_or_slo_miss: completed=47/75 errors=28 elapsed_ms=1118.3'),1
FANOUT,K75,Exception('timeout_or_slo_miss: completed=48/75 errors=27 elapsed_ms=1014.2'),1
FANOUT,K75,Exception('timeout_or_slo_miss: completed=50/75 errors=25 elapsed_ms=1015.3'),1
FANOUT,K75,Exception('timeout_or_slo_miss: completed=45/75 errors=21 elapsed_ms=1815.9'),1
FANOUT,K75,Exception('timeout_or_slo_miss: completed=49/75 errors=26 elapsed_ms=1007.4'),4
FANOUT,K75,Exception('timeout_or_slo_miss: completed=48/75 errors=27 elapsed_ms=1009.8'),3
FANOUT,K75,Exception('timeout_or_slo_miss: completed=46/75 errors=29 elapsed_ms=1084.5'),1
FANOUT,K75,Exception('timeout_or_slo_miss: completed=51/75 errors=24 elapsed_ms=1014.9'),1
FANOUT,K75,Exception('timeout_or_slo_miss: completed=47/75 errors=28 elapsed_ms=1016.0'),1
FANOUT,K75,Exception('timeout_or_slo_miss: completed=55/75 errors=20 elapsed_ms=1002.7'),1
FANOUT,K75,Exception('timeout_or_slo_miss: completed=41/75 errors=34 elapsed_ms=1137.5'),1
FANOUT,K75,Exception('timeout_or_slo_miss: completed=50/75 errors=25 elapsed_ms=1002.2'),1
FANOUT,K75,Exception('timeout_or_slo_miss: completed=52/75 errors=14 elapsed_ms=1596.6'),1
FANOUT,K75,Exception('timeout_or_slo_miss: completed=46/75 errors=29 elapsed_ms=1028.8'),1
FANOUT,K75,Exception('timeout_or_slo_miss: completed=50/75 errors=20 elapsed_ms=1661.9'),1
FANOUT,K75,Exception('timeout_or_slo_miss: completed=49/75 errors=26 elapsed_ms=1007.3'),1
FANOUT,K75,Exception('timeout_or_slo_miss: completed=53/75 errors=22 elapsed_ms=1014.4'),1
FANOUT,K75,Exception('timeout_or_slo_miss: completed=48/75 errors=18 elapsed_ms=1722.7'),1
FANOUT,K75,Exception('timeout_or_slo_miss: completed=53/75 errors=22 elapsed_ms=1006.6'),1
FANOUT,K75,Exception('timeout_or_slo_miss: completed=43/75 errors=32 elapsed_ms=1083.3'),1
FANOUT,K75,Exception('timeout_or_slo_miss: completed=52/75 errors=23 elapsed_ms=1011.1'),1
FANOUT,K75,Exception('timeout_or_slo_miss: completed=48/75 errors=27 elapsed_ms=1004.2'),1
FANOUT,K75,Exception('timeout_or_slo_miss: completed=47/75 errors=28 elapsed_ms=1093.3'),1
FANOUT,K75,Exception('timeout_or_slo_miss: completed=50/75 errors=25 elapsed_ms=1024.8'),1
FANOUT,K75,Exception('timeout_or_slo_miss: completed=49/75 errors=26 elapsed_ms=1009.5'),2
FANOUT,K75,Exception('timeout_or_slo_miss: completed=22/75 errors=53 elapsed_ms=1509.2'),2
FANOUT,K75,Exception('timeout_or_slo_miss: completed=44/75 errors=31 elapsed_ms=1108.1'),1
FANOUT,K75,Exception('timeout_or_slo_miss: completed=49/75 errors=26 elapsed_ms=1006.5'),1
FANOUT,K75,Exception('timeout_or_slo_miss: completed=52/75 errors=18 elapsed_ms=1508.0'),1
FANOUT,K75,Exception('timeout_or_slo_miss: completed=53/75 errors=22 elapsed_ms=1002.4'),3
FANOUT,K75,Exception('timeout_or_slo_miss: completed=44/75 errors=31 elapsed_ms=1125.3'),1
FANOUT,K75,Exception('timeout_or_slo_miss: completed=47/75 errors=28 elapsed_ms=1008.0'),1
FANOUT,K75,Exception('timeout_or_slo_miss: completed=25/75 errors=50 elapsed_ms=1505.5'),1
FANOUT,K75,Exception('timeout_or_slo_miss: completed=28/75 errors=45 elapsed_ms=2123.8'),1
FANOUT,K75,Exception('timeout_or_slo_miss: completed=52/75 errors=23 elapsed_ms=1015.8'),1
FANOUT,K75,Exception('timeout_or_slo_miss: completed=51/75 errors=24 elapsed_ms=1004.5'),2
FANOUT,K75,Exception('timeout_or_slo_miss: completed=50/75 errors=25 elapsed_ms=1009.6'),3
FANOUT,K75,Exception('timeout_or_slo_miss: completed=48/75 errors=27 elapsed_ms=1010.9'),1
FANOUT,K75,Exception('timeout_or_slo_miss: completed=46/75 errors=29 elapsed_ms=1024.3'),1
FANOUT,K75,Exception('timeout_or_slo_miss: completed=50/75 errors=25 elapsed_ms=1131.3'),1
FANOUT,K75,Exception('timeout_or_slo_miss: completed=49/75 errors=26 elapsed_ms=1015.7'),1
FANOUT,K75,Exception('timeout_or_slo_miss: completed=48/75 errors=27 elapsed_ms=1095.6'),1
FANOUT,K75,Exception('timeout_or_slo_miss: completed=41/75 errors=29 elapsed_ms=1989.5'),1
FANOUT,K75,Exception('timeout_or_slo_miss: completed=54/75 errors=21 elapsed_ms=1002.1'),4
FANOUT,K75,Exception('timeout_or_slo_miss: completed=25/75 errors=50 elapsed_ms=1509.8'),1
FANOUT,K75,Exception('timeout_or_slo_miss: completed=51/75 errors=24 elapsed_ms=1017.2'),1
FANOUT,K75,Exception('timeout_or_slo_miss: completed=42/75 errors=33 elapsed_ms=1112.3'),1
FANOUT,K75,Exception('timeout_or_slo_miss: completed=55/75 errors=20 elapsed_ms=1005.9'),2
FANOUT,K75,Exception('timeout_or_slo_miss: completed=22/75 errors=53 elapsed_ms=1509.7'),2
FANOUT,K75,Exception('timeout_or_slo_miss: completed=50/75 errors=25 elapsed_ms=1006.8'),1
FANOUT,K75,Exception('timeout_or_slo_miss: completed=49/75 errors=21 elapsed_ms=1636.1'),1
FANOUT,K75,Exception('timeout_or_slo_miss: completed=23/75 errors=52 elapsed_ms=1509.4'),1
FANOUT,K75,Exception('timeout_or_slo_miss: completed=55/75 errors=20 elapsed_ms=1003.1'),3
FANOUT,K75,Exception('timeout_or_slo_miss: completed=47/75 errors=28 elapsed_ms=1006.8'),1
FANOUT,K75,Exception('timeout_or_slo_miss: completed=51/75 errors=19 elapsed_ms=1528.8'),1
FANOUT,K75,Exception('timeout_or_slo_miss: completed=54/75 errors=21 elapsed_ms=1005.2'),1
FANOUT,K75,Exception('timeout_or_slo_miss: completed=45/75 errors=30 elapsed_ms=1106.2'),1
FANOUT,K75,Exception('timeout_or_slo_miss: completed=44/75 errors=31 elapsed_ms=1118.2'),1
FANOUT,K75,Exception('timeout_or_slo_miss: completed=47/75 errors=28 elapsed_ms=1014.5'),1
FANOUT,K75,Exception('timeout_or_slo_miss: completed=22/75 errors=38 elapsed_ms=14936.5'),1
FANOUT,K75,Exception('timeout_or_slo_miss: completed=44/75 errors=31 elapsed_ms=1089.8'),1
FANOUT,K75,Exception('timeout_or_slo_miss: completed=53/75 errors=22 elapsed_ms=1003.0'),5
FANOUT,K75,Exception('timeout_or_slo_miss: completed=47/75 errors=28 elapsed_ms=1011.4'),1
FANOUT,K75,Exception('timeout_or_slo_miss: completed=50/75 errors=25 elapsed_ms=1032.5'),1
FANOUT,K75,Exception('timeout_or_slo_miss: completed=52/75 errors=23 elapsed_ms=1007.8'),3
FANOUT,K75,Exception('timeout_or_slo_miss: completed=44/75 errors=31 elapsed_ms=1011.3'),1
FANOUT,K75,Exception('timeout_or_slo_miss: completed=52/75 errors=18 elapsed_ms=1633.4'),1
FANOUT,K75,Exception('timeout_or_slo_miss: completed=43/75 errors=32 elapsed_ms=1013.4'),1
FANOUT,K75,Exception('timeout_or_slo_miss: completed=46/75 errors=29 elapsed_ms=1091.3'),1
FANOUT,K75,Exception('timeout_or_slo_miss: completed=50/75 errors=25 elapsed_ms=1007.6'),1
FANOUT,K75,Exception('timeout_or_slo_miss: completed=48/75 errors=27 elapsed_ms=1145.8'),1
FANOUT,K75,Exception('timeout_or_slo_miss: completed=46/75 errors=29 elapsed_ms=1004.7'),1
FANOUT,K75,Exception('timeout_or_slo_miss: completed=48/75 errors=27 elapsed_ms=1010.2'),2
FANOUT,K75,Exception('timeout_or_slo_miss: completed=52/75 errors=23 elapsed_ms=1001.6'),2
FANOUT,K75,Exception('timeout_or_slo_miss: completed=24/75 errors=51 elapsed_ms=1621.2'),1
FANOUT,K75,Exception('timeout_or_slo_miss: completed=20/75 errors=55 elapsed_ms=1601.4'),1
FANOUT,K75,Exception('timeout_or_slo_miss: completed=54/75 errors=12 elapsed_ms=1631.5'),1
FANOUT,K75,Exception('timeout_or_slo_miss: completed=45/75 errors=30 elapsed_ms=1082.9'),1
FANOUT,K75,Exception('timeout_or_slo_miss: completed=51/75 errors=24 elapsed_ms=1011.0'),2
FANOUT,K75,Exception('timeout_or_slo_miss: completed=49/75 errors=26 elapsed_ms=1012.8'),2
FANOUT,K75,Exception('timeout_or_slo_miss: completed=49/75 errors=21 elapsed_ms=1637.9'),1
FANOUT,K75,Exception('timeout_or_slo_miss: completed=51/75 errors=19 elapsed_ms=1622.6'),1
FANOUT,K75,Exception('timeout_or_slo_miss: completed=28/75 errors=47 elapsed_ms=1505.1'),1
FANOUT,K75,Exception('timeout_or_slo_miss: completed=56/75 errors=7 elapsed_ms=1405.7'),1
FANOUT,K75,Exception('timeout_or_slo_miss: completed=28/75 errors=47 elapsed_ms=1507.7'),1
FANOUT,K75,Exception('timeout_or_slo_miss: completed=46/75 errors=29 elapsed_ms=1012.3'),1
FANOUT,K75,Exception('timeout_or_slo_miss: completed=52/75 errors=23 elapsed_ms=1011.7'),1
FANOUT,K75,Exception('timeout_or_slo_miss: completed=24/75 errors=51 elapsed_ms=1507.8'),1
FANOUT,K75,Exception('timeout_or_slo_miss: completed=46/75 errors=17 elapsed_ms=2017.9'),1
FANOUT,K75,Exception('timeout_or_slo_miss: completed=46/75 errors=29 elapsed_ms=1016.9'),1
FANOUT,K75,Exception('timeout_or_slo_miss: completed=50/75 errors=16 elapsed_ms=1737.1'),1
FANOUT,K75,Exception('timeout_or_slo_miss: completed=49/75 errors=14 elapsed_ms=1820.4'),1
FANOUT,K75,Exception('timeout_or_slo_miss: completed=48/75 errors=27 elapsed_ms=1037.7'),1
FANOUT,K75,Exception('timeout_or_slo_miss: completed=46/75 errors=29 elapsed_ms=1008.9'),1
FANOUT,K75,Exception('timeout_or_slo_miss: completed=47/75 errors=28 elapsed_ms=1007.7'),1
FANOUT,K75,Exception('timeout_or_slo_miss: completed=55/75 errors=20 elapsed_ms=1001.3'),1
FANOUT,K75,Exception('timeout_or_slo_miss: completed=56/75 errors=10 elapsed_ms=1507.0'),1
FANOUT,K75,Exception('timeout_or_slo_miss: completed=45/75 errors=30 elapsed_ms=1102.1'),1
FANOUT,K75,Exception('timeout_or_slo_miss: completed=54/75 errors=21 elapsed_ms=1007.0'),1
FANOUT,K75,Exception('timeout_or_slo_miss: completed=51/75 errors=24 elapsed_ms=1005.0'),3
FANOUT,K75,Exception('timeout_or_slo_miss: completed=44/75 errors=31 elapsed_ms=1142.9'),1
FANOUT,K75,Exception('timeout_or_slo_miss: completed=24/75 errors=38 elapsed_ms=6782.9'),1
FANOUT,K75,Exception('timeout_or_slo_miss: completed=45/75 errors=25 elapsed_ms=1698.8'),1
FANOUT,K75,Exception('timeout_or_slo_miss: completed=46/75 errors=29 elapsed_ms=1013.4'),2
FANOUT,K75,Exception('timeout_or_slo_miss: completed=49/75 errors=17 elapsed_ms=1711.6'),1
FANOUT,K75,Exception('timeout_or_slo_miss: completed=54/75 errors=16 elapsed_ms=1588.2'),1
FANOUT,K75,Exception('timeout_or_slo_miss: completed=48/75 errors=27 elapsed_ms=1007.5'),1
FANOUT,K75,Exception('timeout_or_slo_miss: completed=47/75 errors=28 elapsed_ms=1016.5'),1
FANOUT,K75,Exception('timeout_or_slo_miss: completed=46/75 errors=29 elapsed_ms=1081.0'),1
FANOUT,K75,Exception('subread_error: completed=56/75 errors=19'),81
FANOUT,K75,Exception('timeout_or_slo_miss: completed=49/75 errors=21 elapsed_ms=1605.3'),1
FANOUT,K75,Exception('timeout_or_slo_miss: completed=40/75 errors=30 elapsed_ms=2005.2'),1
FANOUT,K75,Exception('timeout_or_slo_miss: completed=31/75 errors=44 elapsed_ms=1503.7'),1
FANOUT,K75,Exception('timeout_or_slo_miss: completed=46/75 errors=29 elapsed_ms=1008.7'),3
FANOUT,K75,Exception('timeout_or_slo_miss: completed=56/75 errors=7 elapsed_ms=1578.1'),1
FANOUT,K75,Exception('timeout_or_slo_miss: completed=55/75 errors=20 elapsed_ms=1003.5'),2
FANOUT,K75,Exception('timeout_or_slo_miss: completed=54/75 errors=21 elapsed_ms=1001.5'),1
FANOUT,K75,Exception('timeout_or_slo_miss: completed=47/75 errors=28 elapsed_ms=1015.0'),2
FANOUT,K75,Exception('timeout_or_slo_miss: completed=52/75 errors=23 elapsed_ms=1010.8'),2
FANOUT,K75,Exception('timeout_or_slo_miss: completed=50/75 errors=25 elapsed_ms=1011.7'),3
FANOUT,K75,Exception('timeout_or_slo_miss: completed=44/75 errors=31 elapsed_ms=1022.9'),1
FANOUT,K75,Exception('timeout_or_slo_miss: completed=46/75 errors=29 elapsed_ms=1018.8'),1
FANOUT,K75,Exception('timeout_or_slo_miss: completed=49/75 errors=26 elapsed_ms=1008.9'),1
FANOUT,K75,Exception('timeout_or_slo_miss: completed=46/75 errors=29 elapsed_ms=1014.3'),1
FANOUT,K75,Exception('timeout_or_slo_miss: completed=54/75 errors=2 elapsed_ms=2749.6'),1
FANOUT,K75,Exception('timeout_or_slo_miss: completed=47/75 errors=28 elapsed_ms=1111.7'),1
FANOUT,K75,Exception('timeout_or_slo_miss: completed=27/75 errors=48 elapsed_ms=1507.4'),1
FANOUT,K75,Exception('timeout_or_slo_miss: completed=41/75 errors=34 elapsed_ms=1144.0'),1
FANOUT,K75,Exception('timeout_or_slo_miss: completed=51/75 errors=24 elapsed_ms=1003.7'),1
FANOUT,K75,Exception('timeout_or_slo_miss: completed=50/75 errors=25 elapsed_ms=1004.7'),3
FANOUT,K75,Exception('timeout_or_slo_miss: completed=22/75 errors=53 elapsed_ms=1519.1'),1
FANOUT,K75,Exception('timeout_or_slo_miss: completed=47/75 errors=28 elapsed_ms=1091.6'),1
FANOUT,K75,Exception('timeout_or_slo_miss: completed=51/75 errors=24 elapsed_ms=1019.6'),1
FANOUT,K75,Exception('timeout_or_slo_miss: completed=55/75 errors=20 elapsed_ms=1005.0'),4
FANOUT,K75,Exception('timeout_or_slo_miss: completed=52/75 errors=23 elapsed_ms=1003.6'),2
FANOUT,K75,Exception('timeout_or_slo_miss: completed=48/75 errors=22 elapsed_ms=1665.9'),1
FANOUT,K75,Exception('timeout_or_slo_miss: completed=54/75 errors=21 elapsed_ms=1005.0'),2
FANOUT,K75,Exception('timeout_or_slo_miss: completed=53/75 errors=22 elapsed_ms=1007.4'),3
FANOUT,K75,Exception('timeout_or_slo_miss: completed=54/75 errors=21 elapsed_ms=1005.5'),2
FANOUT,K75,Exception('timeout_or_slo_miss: completed=46/75 errors=29 elapsed_ms=1108.4'),1
FANOUT,K75,Exception('timeout_or_slo_miss: completed=50/75 errors=25 elapsed_ms=1004.2'),2
FANOUT,K75,Exception('timeout_or_slo_miss: completed=50/75 errors=16 elapsed_ms=1636.1'),1
FANOUT,K75,Exception('timeout_or_slo_miss: completed=20/75 errors=55 elapsed_ms=1509.0'),1
FANOUT,K75,Exception('timeout_or_slo_miss: completed=52/75 errors=23 elapsed_ms=1005.0'),4
FANOUT,K75,Exception('timeout_or_slo_miss: completed=48/75 errors=27 elapsed_ms=1006.7'),2
FANOUT,K75,Exception('timeout_or_slo_miss: completed=53/75 errors=22 elapsed_ms=1007.3'),1
FANOUT,K75,Exception('timeout_or_slo_miss: completed=52/75 errors=23 elapsed_ms=1002.5'),2
FANOUT,K75,Exception('timeout_or_slo_miss: completed=50/75 errors=25 elapsed_ms=1080.0'),1
FANOUT,K75,Exception('timeout_or_slo_miss: completed=32/75 errors=43 elapsed_ms=1504.9'),1
FANOUT,K75,Exception('timeout_or_slo_miss: completed=29/75 errors=46 elapsed_ms=1506.9'),1
FANOUT,K75,Exception('timeout_or_slo_miss: completed=47/75 errors=28 elapsed_ms=1012.4'),1
FANOUT,K75,Exception('timeout_or_slo_miss: completed=50/75 errors=13 elapsed_ms=2015.3'),1
FANOUT,K75,Exception('timeout_or_slo_miss: completed=48/75 errors=27 elapsed_ms=1011.1'),3
FANOUT,K75,Exception('timeout_or_slo_miss: completed=53/75 errors=22 elapsed_ms=1005.1'),1
FANOUT,K75,Exception('timeout_or_slo_miss: completed=47/75 errors=28 elapsed_ms=1099.5'),1
FANOUT,K75,Exception('timeout_or_slo_miss: completed=62/75 errors=8 elapsed_ms=1182.8'),1
FANOUT,K75,Exception('timeout_or_slo_miss: completed=46/75 errors=29 elapsed_ms=1188.0'),1
FANOUT,K75,Exception('timeout_or_slo_miss: completed=50/75 errors=25 elapsed_ms=1009.7'),2
FANOUT,K75,Exception('timeout_or_slo_miss: completed=55/75 errors=20 elapsed_ms=1001.7'),1
FANOUT,K75,Exception('timeout_or_slo_miss: completed=42/75 errors=33 elapsed_ms=1128.7'),1
FANOUT,K75,Exception('timeout_or_slo_miss: completed=31/75 errors=44 elapsed_ms=1504.0'),1
FANOUT,K75,Exception('timeout_or_slo_miss: completed=48/75 errors=18 elapsed_ms=1801.4'),1
FANOUT,K75,Exception('timeout_or_slo_miss: completed=43/75 errors=32 elapsed_ms=1107.9'),1
FANOUT,K75,Exception('timeout_or_slo_miss: completed=46/75 errors=29 elapsed_ms=1009.7'),1
FANOUT,K75,Exception('timeout_or_slo_miss: completed=23/75 errors=52 elapsed_ms=1573.1'),1
FANOUT,K75,Exception('timeout_or_slo_miss: completed=49/75 errors=17 elapsed_ms=1773.7'),1
FANOUT,K75,Exception('timeout_or_slo_miss: completed=55/75 errors=20 elapsed_ms=1002.5'),4
FANOUT,K75,Exception('timeout_or_slo_miss: completed=45/75 errors=30 elapsed_ms=1017.8'),1
FANOUT,K75,Exception('timeout_or_slo_miss: completed=45/75 errors=30 elapsed_ms=1105.7'),1
FANOUT,K75,Exception('timeout_or_slo_miss: completed=45/75 errors=30 elapsed_ms=1064.8'),1
FANOUT,K75,Exception('timeout_or_slo_miss: completed=48/75 errors=27 elapsed_ms=1008.9'),1
FANOUT,K75,Exception('timeout_or_slo_miss: completed=52/75 errors=23 elapsed_ms=1002.4'),2
FANOUT,K75,Exception('timeout_or_slo_miss: completed=44/75 errors=22 elapsed_ms=2005.3'),1
FANOUT,K75,Exception('timeout_or_slo_miss: completed=53/75 errors=22 elapsed_ms=1007.0'),1
FANOUT,K75,Exception('timeout_or_slo_miss: completed=39/75 errors=36 elapsed_ms=1154.5'),1
FANOUT,K75,Exception('timeout_or_slo_miss: completed=42/75 errors=33 elapsed_ms=1101.8'),1
FANOUT,K75,Exception('timeout_or_slo_miss: completed=53/75 errors=22 elapsed_ms=1008.5'),1
FANOUT,K75,Exception('timeout_or_slo_miss: completed=45/75 errors=25 elapsed_ms=1718.8'),1
FANOUT,K75,Exception('timeout_or_slo_miss: completed=42/75 errors=24 elapsed_ms=2722.5'),1
FANOUT,K75,Exception('timeout_or_slo_miss: completed=23/75 errors=52 elapsed_ms=1586.2'),1
FANOUT,K75,Exception('timeout_or_slo_miss: completed=50/75 errors=25 elapsed_ms=1008.7'),3
FANOUT,K75,Exception('timeout_or_slo_miss: completed=49/75 errors=17 elapsed_ms=1639.5'),1
FANOUT,K75,Exception('timeout_or_slo_miss: completed=49/75 errors=21 elapsed_ms=1606.7'),1
FANOUT,K75,Exception('timeout_or_slo_miss: completed=49/75 errors=26 elapsed_ms=5138.6'),1
FANOUT,K75,Exception('timeout_or_slo_miss: completed=45/75 errors=30 elapsed_ms=1122.9'),1
FANOUT,K75,Exception('timeout_or_slo_miss: completed=49/75 errors=26 elapsed_ms=1005.2'),2
FANOUT,K75,Exception('timeout_or_slo_miss: completed=49/75 errors=26 elapsed_ms=1011.2'),1
FANOUT,K75,Exception('timeout_or_slo_miss: completed=42/75 errors=28 elapsed_ms=1819.6'),1
FANOUT,K75,Exception('timeout_or_slo_miss: completed=54/75 errors=21 elapsed_ms=1005.9'),2
FANOUT,K75,Exception('timeout_or_slo_miss: completed=45/75 errors=30 elapsed_ms=1042.6'),1
FANOUT,K75,Exception('timeout_or_slo_miss: completed=54/75 errors=21 elapsed_ms=1007.2'),2
FANOUT,K75,Exception('timeout_or_slo_miss: completed=19/75 errors=56 elapsed_ms=1628.4'),1
FANOUT,K75,Exception('timeout_or_slo_miss: completed=52/75 errors=23 elapsed_ms=1006.6'),4
FANOUT,K75,Exception('timeout_or_slo_miss: completed=19/75 errors=56 elapsed_ms=1508.4'),1
FANOUT,K75,Exception('timeout_or_slo_miss: completed=50/75 errors=20 elapsed_ms=1513.1'),1
FANOUT,K75,Exception('timeout_or_slo_miss: completed=48/75 errors=27 elapsed_ms=1015.6'),2
FANOUT,K75,Exception('timeout_or_slo_miss: completed=46/75 errors=24 elapsed_ms=1642.7'),1
FANOUT,K75,Exception('timeout_or_slo_miss: completed=48/75 errors=27 elapsed_ms=1012.5'),3
FANOUT,K75,Exception('timeout_or_slo_miss: completed=44/75 errors=31 elapsed_ms=1125.2'),1
FANOUT,K75,Exception('timeout_or_slo_miss: completed=29/75 errors=46 elapsed_ms=1508.6'),1
FANOUT,K75,Exception('timeout_or_slo_miss: completed=46/75 errors=24 elapsed_ms=1690.1'),1
FANOUT,K75,Exception('timeout_or_slo_miss: completed=46/75 errors=29 elapsed_ms=1041.4'),1
FANOUT,K75,Exception('timeout_or_slo_miss: completed=51/75 errors=24 elapsed_ms=1017.3'),1
FANOUT,K75,Exception('timeout_or_slo_miss: completed=54/75 errors=21 elapsed_ms=1008.7'),1
FANOUT,K75,Exception('timeout_or_slo_miss: completed=52/75 errors=23 elapsed_ms=1003.5'),2
FANOUT,K75,Exception('timeout_or_slo_miss: completed=49/75 errors=26 elapsed_ms=1009.0'),4
FANOUT,K75,Exception('timeout_or_slo_miss: completed=48/75 errors=27 elapsed_ms=1005.8'),1
FANOUT,K75,Exception('timeout_or_slo_miss: completed=45/75 errors=30 elapsed_ms=1017.5'),1
FANOUT,K75,Exception('timeout_or_slo_miss: completed=22/75 errors=53 elapsed_ms=1508.4'),1
FANOUT,K75,Exception('timeout_or_slo_miss: completed=45/75 errors=30 elapsed_ms=1174.8'),1
FANOUT,K75,Exception('timeout_or_slo_miss: completed=46/75 errors=29 elapsed_ms=1109.5'),1
FANOUT,K75,Exception('timeout_or_slo_miss: completed=47/75 errors=28 elapsed_ms=1095.1'),1
FANOUT,K75,Exception('timeout_or_slo_miss: completed=53/75 errors=17 elapsed_ms=1513.2'),1
FANOUT,K75,Exception('timeout_or_slo_miss: completed=49/75 errors=17 elapsed_ms=1755.9'),1
FANOUT,K75,Exception('timeout_or_slo_miss: completed=23/75 errors=40 elapsed_ms=14322.5'),1
FANOUT,K75,Exception('timeout_or_slo_miss: completed=47/75 errors=28 elapsed_ms=1006.5'),1
FANOUT,K75,Exception('timeout_or_slo_miss: completed=49/75 errors=26 elapsed_ms=1013.2'),1
FANOUT,K75,Exception('timeout_or_slo_miss: completed=54/75 errors=21 elapsed_ms=1021.6'),1
FANOUT,K75,Exception('timeout_or_slo_miss: completed=47/75 errors=28 elapsed_ms=1062.0'),1
FANOUT,K75,Exception('timeout_or_slo_miss: completed=49/75 errors=26 elapsed_ms=1012.0'),3
FANOUT,K75,Exception('timeout_or_slo_miss: completed=42/75 errors=24 elapsed_ms=2015.4'),1
FANOUT,K75,Exception('timeout_or_slo_miss: completed=41/75 errors=34 elapsed_ms=1122.9'),1
FANOUT,K75,Exception('timeout_or_slo_miss: completed=27/75 errors=48 elapsed_ms=1504.5'),1
FANOUT,K75,Exception('timeout_or_slo_miss: completed=49/75 errors=26 elapsed_ms=1108.4'),1
FANOUT,K75,Exception('timeout_or_slo_miss: completed=48/75 errors=27 elapsed_ms=1014.5'),3
FANOUT,K75,Exception('timeout_or_slo_miss: completed=45/75 errors=30 elapsed_ms=1111.9'),1
FANOUT,K75,Exception('timeout_or_slo_miss: completed=52/75 errors=23 elapsed_ms=1017.1'),1
FANOUT,K75,Exception('timeout_or_slo_miss: completed=54/75 errors=16 elapsed_ms=1512.6'),1
FANOUT,K75,Exception('timeout_or_slo_miss: completed=29/75 errors=46 elapsed_ms=1507.3'),1
FANOUT,K75,Exception('timeout_or_slo_miss: completed=49/75 errors=17 elapsed_ms=1746.4'),1
FANOUT,K75,Exception('timeout_or_slo_miss: completed=48/75 errors=22 elapsed_ms=1638.9'),1
FANOUT,K75,Exception('timeout_or_slo_miss: completed=49/75 errors=26 elapsed_ms=1012.9'),2
FANOUT,K75,Exception('timeout_or_slo_miss: completed=31/75 errors=44 elapsed_ms=1506.6'),1
FANOUT,K75,Exception('timeout_or_slo_miss: completed=35/75 errors=27 elapsed_ms=11459.7'),1
FANOUT,K75,Exception('timeout_or_slo_miss: completed=54/75 errors=21 elapsed_ms=1003.3'),4
FANOUT,K75,Exception('timeout_or_slo_miss: completed=40/75 errors=35 elapsed_ms=1208.8'),1
FANOUT,K75,Exception('timeout_or_slo_miss: completed=44/75 errors=22 elapsed_ms=2014.9'),1
FANOUT,K75,Exception('timeout_or_slo_miss: completed=16/75 errors=59 elapsed_ms=1666.3'),1
FANOUT,K75,Exception('timeout_or_slo_miss: completed=47/75 errors=23 elapsed_ms=1635.2'),1
FANOUT,K75,Exception('timeout_or_slo_miss: completed=43/75 errors=32 elapsed_ms=1131.7'),1
FANOUT,K75,Exception('timeout_or_slo_miss: completed=49/75 errors=26 elapsed_ms=1005.1'),1
FANOUT,K75,Exception('timeout_or_slo_miss: completed=46/75 errors=29 elapsed_ms=1082.1'),1
FANOUT,K75,Exception('timeout_or_slo_miss: completed=47/75 errors=28 elapsed_ms=1079.9'),1
FANOUT,K75,Exception('timeout_or_slo_miss: completed=50/75 errors=25 elapsed_ms=1011.5'),1
FANOUT,K75,Exception('timeout_or_slo_miss: completed=24/75 errors=51 elapsed_ms=1507.3'),1
FANOUT,K75,Exception('timeout_or_slo_miss: completed=56/75 errors=16 elapsed_ms=1818.9'),1
FANOUT,K75,Exception('timeout_or_slo_miss: completed=37/75 errors=38 elapsed_ms=1206.0'),1
FANOUT,K75,Exception('timeout_or_slo_miss: completed=46/75 errors=29 elapsed_ms=1134.3'),1
FANOUT,K75,Exception('timeout_or_slo_miss: completed=45/75 errors=21 elapsed_ms=2008.4'),1
FANOUT,K75,Exception('timeout_or_slo_miss: completed=46/75 errors=29 elapsed_ms=1011.8'),1
FANOUT,K75,Exception('timeout_or_slo_miss: completed=40/75 errors=35 elapsed_ms=1155.4'),1
FANOUT,K75,Exception('timeout_or_slo_miss: completed=50/75 errors=25 elapsed_ms=1006.5'),1
FANOUT,K75,Exception('timeout_or_slo_miss: completed=45/75 errors=30 elapsed_ms=1083.1'),1
FANOUT,K75,Exception('timeout_or_slo_miss: completed=54/75 errors=21 elapsed_ms=1004.4'),1
FANOUT,K75,Exception('timeout_or_slo_miss: completed=44/75 errors=22 elapsed_ms=1984.3'),1
FANOUT,K75,Exception('timeout_or_slo_miss: completed=56/75 errors=14 elapsed_ms=1396.5'),1
FANOUT,K75,Exception('timeout_or_slo_miss: completed=51/75 errors=15 elapsed_ms=1747.5'),1
FANOUT,K75,Exception('timeout_or_slo_miss: completed=46/75 errors=24 elapsed_ms=1584.2'),1
FANOUT,K75,Exception('timeout_or_slo_miss: completed=46/75 errors=29 elapsed_ms=1025.0'),1
FANOUT,K75,Exception('timeout_or_slo_miss: completed=53/75 errors=13 elapsed_ms=1624.6'),1
FANOUT,K75,Exception('timeout_or_slo_miss: completed=45/75 errors=30 elapsed_ms=1118.5'),1
FANOUT,K75,Exception('timeout_or_slo_miss: completed=48/75 errors=27 elapsed_ms=1086.8'),1
FANOUT,K75,Exception('timeout_or_slo_miss: completed=53/75 errors=17 elapsed_ms=1512.7'),1
FANOUT,K75,Exception('timeout_or_slo_miss: completed=45/75 errors=30 elapsed_ms=1083.2'),1
FANOUT,K75,Exception('timeout_or_slo_miss: completed=15/75 errors=49 elapsed_ms=15568.1'),1
FANOUT,K75,Exception('timeout_or_slo_miss: completed=51/75 errors=24 elapsed_ms=1007.1'),3
FANOUT,K75,Exception('timeout_or_slo_miss: completed=46/75 errors=29 elapsed_ms=1074.3'),1
FANOUT,K75,Exception('timeout_or_slo_miss: completed=43/75 errors=32 elapsed_ms=1120.8'),1
FANOUT,K75,Exception('timeout_or_slo_miss: completed=47/75 errors=28 elapsed_ms=1010.6'),2
FANOUT,K75,Exception('timeout_or_slo_miss: completed=19/75 errors=56 elapsed_ms=1511.0'),1
FANOUT,K75,Exception('timeout_or_slo_miss: completed=46/75 errors=29 elapsed_ms=1117.2'),1
FANOUT,K75,Exception('timeout_or_slo_miss: completed=44/75 errors=31 elapsed_ms=1015.8'),1
FANOUT,K75,Exception('timeout_or_slo_miss: completed=21/75 errors=54 elapsed_ms=1598.5'),1
FANOUT,K75,Exception('timeout_or_slo_miss: completed=50/75 errors=25 elapsed_ms=1003.1'),1
FANOUT,K75,Exception('timeout_or_slo_miss: completed=44/75 errors=31 elapsed_ms=1128.0'),1
FANOUT,K75,Exception('timeout_or_slo_miss: completed=45/75 errors=25 elapsed_ms=1777.2'),1
FANOUT,K75,Exception('timeout_or_slo_miss: completed=49/75 errors=26 elapsed_ms=1008.5'),1
FANOUT,K75,Exception('timeout_or_slo_miss: completed=51/75 errors=24 elapsed_ms=1037.6'),1
FANOUT,K75,Exception('timeout_or_slo_miss: completed=21/75 errors=54 elapsed_ms=1507.6'),1
FANOUT,K75,Exception('timeout_or_slo_miss: completed=47/75 errors=28 elapsed_ms=1128.4'),1
FANOUT,K75,Exception('timeout_or_slo_miss: completed=40/75 errors=35 elapsed_ms=1108.2'),1
FANOUT,K75,Exception('timeout_or_slo_miss: completed=24/75 errors=36 elapsed_ms=11803.5'),1
FANOUT,K75,Exception('timeout_or_slo_miss: completed=48/75 errors=27 elapsed_ms=1022.4'),1
FANOUT,K75,Exception('timeout_or_slo_miss: completed=50/75 errors=25 elapsed_ms=1009.8'),3
FANOUT,K75,Exception('timeout_or_slo_miss: completed=50/75 errors=25 elapsed_ms=1007.4'),5
FANOUT,K75,Exception('timeout_or_slo_miss: completed=52/75 errors=18 elapsed_ms=1609.3'),1
FANOUT,K75,Exception('timeout_or_slo_miss: completed=46/75 errors=24 elapsed_ms=1643.3'),1
FANOUT,K75,Exception('timeout_or_slo_miss: completed=44/75 errors=31 elapsed_ms=1119.1'),1
FANOUT,K75,Exception('timeout_or_slo_miss: completed=54/75 errors=21 elapsed_ms=1005.7'),3
FANOUT,K75,Exception('timeout_or_slo_miss: completed=45/75 errors=30 elapsed_ms=1071.7'),1
FANOUT,K75,Exception('timeout_or_slo_miss: completed=51/75 errors=24 elapsed_ms=1005.3'),1
FANOUT,K75,Exception('timeout_or_slo_miss: completed=46/75 errors=29 elapsed_ms=1094.5'),1
FANOUT,K75,Exception('timeout_or_slo_miss: completed=46/75 errors=29 elapsed_ms=1013.1'),2
FANOUT,K75,Exception('timeout_or_slo_miss: completed=49/75 errors=26 elapsed_ms=1043.6'),1
FANOUT,K75,Exception('timeout_or_slo_miss: completed=44/75 errors=31 elapsed_ms=1011.7'),1
FANOUT,K75,Exception('timeout_or_slo_miss: completed=41/75 errors=25 elapsed_ms=2151.7'),1
FANOUT,K75,Exception('timeout_or_slo_miss: completed=56/75 errors=10 elapsed_ms=1474.1'),1
FANOUT,K75,Exception('timeout_or_slo_miss: completed=48/75 errors=27 elapsed_ms=1109.5'),1
FANOUT,K75,Exception('timeout_or_slo_miss: completed=49/75 errors=17 elapsed_ms=1735.4'),1
FANOUT,K75,Exception('timeout_or_slo_miss: completed=50/75 errors=25 elapsed_ms=1013.1'),1
FANOUT,K75,Exception('timeout_or_slo_miss: completed=43/75 errors=32 elapsed_ms=1116.4'),1
FANOUT,K75,Exception('timeout_or_slo_miss: completed=47/75 errors=28 elapsed_ms=1114.5'),1
FANOUT,K75,Exception('timeout_or_slo_miss: completed=49/75 errors=26 elapsed_ms=1012.1'),1
FANOUT,K75,Exception('timeout_or_slo_miss: completed=50/75 errors=25 elapsed_ms=1113.4'),1
FANOUT,K75,Exception('timeout_or_slo_miss: completed=54/75 errors=21 elapsed_ms=1004.7'),3
FANOUT,K75,Exception('timeout_or_slo_miss: completed=43/75 errors=23 elapsed_ms=2012.6'),1
FANOUT,K75,Exception('timeout_or_slo_miss: completed=48/75 errors=18 elapsed_ms=1691.3'),1
FANOUT,K75,Exception('timeout_or_slo_miss: completed=51/75 errors=24 elapsed_ms=1081.5'),1
FANOUT,K75,Exception('timeout_or_slo_miss: completed=52/75 errors=23 elapsed_ms=1005.3'),7
FANOUT,K75,Exception('timeout_or_slo_miss: completed=49/75 errors=26 elapsed_ms=1083.9'),1
FANOUT,K75,Exception('timeout_or_slo_miss: completed=50/75 errors=25 elapsed_ms=1006.3'),1
FANOUT,K75,Exception('timeout_or_slo_miss: completed=54/75 errors=16 elapsed_ms=1511.3'),1
FANOUT,K75,Exception('timeout_or_slo_miss: completed=52/75 errors=23 elapsed_ms=1016.2'),1
FANOUT,K75,Exception('timeout_or_slo_miss: completed=30/75 errors=45 elapsed_ms=1508.5'),1
FANOUT,K75,Exception('timeout_or_slo_miss: completed=51/75 errors=24 elapsed_ms=1004.6'),3
FANOUT,K75,Exception('timeout_or_slo_miss: completed=52/75 errors=23 elapsed_ms=1003.7'),1
FANOUT,K75,Exception('timeout_or_slo_miss: completed=24/75 errors=51 elapsed_ms=1505.8'),1
FANOUT,K75,Exception('timeout_or_slo_miss: completed=46/75 errors=29 elapsed_ms=1026.8'),1
FANOUT,K75,Exception('timeout_or_slo_miss: completed=55/75 errors=20 elapsed_ms=1004.8'),2
FANOUT,K75,Exception('timeout_or_slo_miss: completed=48/75 errors=27 elapsed_ms=1017.2'),1
FANOUT,K75,Exception('timeout_or_slo_miss: completed=48/75 errors=27 elapsed_ms=1006.9'),1
FANOUT,K75,Exception('timeout_or_slo_miss: completed=48/75 errors=27 elapsed_ms=1019.1'),1
FANOUT,K75,Exception('timeout_or_slo_miss: completed=45/75 errors=30 elapsed_ms=1010.4'),1
FANOUT,K75,Exception('timeout_or_slo_miss: completed=43/75 errors=32 elapsed_ms=1134.6'),1
FANOUT,K75,Exception('timeout_or_slo_miss: completed=51/75 errors=15 elapsed_ms=1695.6'),1
FANOUT,K75,Exception('timeout_or_slo_miss: completed=44/75 errors=31 elapsed_ms=1083.0'),1
FANOUT,K75,Exception('timeout_or_slo_miss: completed=52/75 errors=23 elapsed_ms=1008.3'),4
FANOUT,K75,Exception('timeout_or_slo_miss: completed=24/75 errors=51 elapsed_ms=1507.4'),1
FANOUT,K75,Exception('timeout_or_slo_miss: completed=39/75 errors=36 elapsed_ms=1175.7'),1
FANOUT,K75,Exception('timeout_or_slo_miss: completed=45/75 errors=30 elapsed_ms=1120.4'),2
FANOUT,K75,Exception('timeout_or_slo_miss: completed=52/75 errors=23 elapsed_ms=1108.3'),1
FANOUT,K75,Exception('timeout_or_slo_miss: completed=50/75 errors=25 elapsed_ms=1071.7'),1
FANOUT,K75,Exception('timeout_or_slo_miss: completed=46/75 errors=29 elapsed_ms=1007.5'),1
FANOUT,K75,Exception('timeout_or_slo_miss: completed=46/75 errors=29 elapsed_ms=1011.7'),2
FANOUT,K75,Exception('timeout_or_slo_miss: completed=42/75 errors=24 elapsed_ms=2012.1'),1
FANOUT,K75,Exception('timeout_or_slo_miss: completed=49/75 errors=17 elapsed_ms=1672.0'),1
FANOUT,K75,Exception('timeout_or_slo_miss: completed=47/75 errors=28 elapsed_ms=1009.9'),2
FANOUT,K75,Exception('timeout_or_slo_miss: completed=46/75 errors=24 elapsed_ms=1661.0'),1
FANOUT,K75,Exception('timeout_or_slo_miss: completed=48/75 errors=27 elapsed_ms=1010.6'),1
FANOUT,K75,Exception('timeout_or_slo_miss: completed=18/75 errors=57 elapsed_ms=1524.7'),1
FANOUT,K75,Exception('timeout_or_slo_miss: completed=39/75 errors=36 elapsed_ms=1242.0'),1
FANOUT,K75,Exception('timeout_or_slo_miss: completed=57/75 errors=18 elapsed_ms=1002.8'),1
FANOUT,K75,Exception('timeout_or_slo_miss: completed=49/75 errors=26 elapsed_ms=1095.6'),1
FANOUT,K75,Exception('timeout_or_slo_miss: completed=28/75 errors=47 elapsed_ms=1507.6'),1
FANOUT,K75,Exception('timeout_or_slo_miss: completed=58/75 errors=17 elapsed_ms=1005.3'),1
FANOUT,K75,Exception('timeout_or_slo_miss: completed=44/75 errors=31 elapsed_ms=1138.4'),1
FANOUT,K75,Exception('timeout_or_slo_miss: completed=45/75 errors=30 elapsed_ms=1010.8'),1
FANOUT,K75,Exception('timeout_or_slo_miss: completed=29/75 errors=46 elapsed_ms=1507.5'),1
FANOUT,K75,Exception('timeout_or_slo_miss: completed=45/75 errors=30 elapsed_ms=1010.7'),1
FANOUT,K75,Exception('timeout_or_slo_miss: completed=44/75 errors=31 elapsed_ms=1008.1'),1
FANOUT,K75,Exception('timeout_or_slo_miss: completed=50/75 errors=25 elapsed_ms=1011.1'),4
FANOUT,K75,Exception('timeout_or_slo_miss: completed=21/75 errors=54 elapsed_ms=1601.6'),1
FANOUT,K75,Exception('timeout_or_slo_miss: completed=52/75 errors=23 elapsed_ms=1006.8'),1
FANOUT,K75,Exception('timeout_or_slo_miss: completed=54/75 errors=12 elapsed_ms=1626.3'),1
FANOUT,K75,Exception('timeout_or_slo_miss: completed=47/75 errors=28 elapsed_ms=1025.0'),1
FANOUT,K75,Exception('timeout_or_slo_miss: completed=48/75 errors=18 elapsed_ms=1765.9'),1
FANOUT,K75,Exception('timeout_or_slo_miss: completed=27/75 errors=48 elapsed_ms=1505.3'),3
FANOUT,K75,Exception('timeout_or_slo_miss: completed=49/75 errors=26 elapsed_ms=1020.2'),1
FANOUT,K75,Exception('timeout_or_slo_miss: completed=53/75 errors=22 elapsed_ms=1008.3'),2
FANOUT,K75,Exception('timeout_or_slo_miss: completed=18/75 errors=57 elapsed_ms=1582.6'),1
FANOUT,K75,Exception('timeout_or_slo_miss: completed=51/75 errors=24 elapsed_ms=1021.0'),1
FANOUT,K75,Exception('timeout_or_slo_miss: completed=53/75 errors=22 elapsed_ms=1010.6'),2
FANOUT,K75,Exception('timeout_or_slo_miss: completed=36/75 errors=39 elapsed_ms=1169.6'),1
FANOUT,K75,Exception('timeout_or_slo_miss: completed=51/75 errors=24 elapsed_ms=1006.3'),4
FANOUT,K75,Exception('timeout_or_slo_miss: completed=45/75 errors=30 elapsed_ms=1121.7'),1
FANOUT,K75,Exception('timeout_or_slo_miss: completed=45/75 errors=30 elapsed_ms=1072.9'),1
FANOUT,K75,Exception('timeout_or_slo_miss: completed=52/75 errors=23 elapsed_ms=1010.2'),2
FANOUT,K75,Exception('timeout_or_slo_miss: completed=54/75 errors=16 elapsed_ms=1508.4'),1
FANOUT,K75,Exception('timeout_or_slo_miss: completed=51/75 errors=24 elapsed_ms=1003.4'),1
FANOUT,K75,Exception('timeout_or_slo_miss: completed=46/75 errors=29 elapsed_ms=1106.5'),1
FANOUT,K75,Exception('timeout_or_slo_miss: completed=53/75 errors=17 elapsed_ms=1561.8'),1
FANOUT,K75,Exception('timeout_or_slo_miss: completed=55/75 errors=20 elapsed_ms=1002.6'),7
FANOUT,K75,Exception('timeout_or_slo_miss: completed=46/75 errors=29 elapsed_ms=1004.5'),1
FANOUT,K75,Exception('timeout_or_slo_miss: completed=52/75 errors=18 elapsed_ms=1515.5'),1
FANOUT,K75,Exception('timeout_or_slo_miss: completed=49/75 errors=21 elapsed_ms=1525.2'),1
FANOUT,K75,Exception('timeout_or_slo_miss: completed=47/75 errors=23 elapsed_ms=1616.0'),1
FANOUT,K75,Exception('timeout_or_slo_miss: completed=48/75 errors=18 elapsed_ms=1697.8'),1
FANOUT,K75,Exception('timeout_or_slo_miss: completed=54/75 errors=21 elapsed_ms=1012.4'),1
FANOUT,K75,Exception('timeout_or_slo_miss: completed=47/75 errors=28 elapsed_ms=1130.8'),1
FANOUT,K75,Exception('timeout_or_slo_miss: completed=50/75 errors=20 elapsed_ms=1611.2'),1
FANOUT,K75,Exception('timeout_or_slo_miss: completed=53/75 errors=22 elapsed_ms=1004.3'),2
FANOUT,K75,Exception('timeout_or_slo_miss: completed=46/75 errors=29 elapsed_ms=1006.3'),1
FANOUT,K75,Exception('timeout_or_slo_miss: completed=52/75 errors=23 elapsed_ms=1034.1'),1
FANOUT,K75,Exception('timeout_or_slo_miss: completed=54/75 errors=21 elapsed_ms=1007.9'),1
FANOUT,K75,Exception('timeout_or_slo_miss: completed=51/75 errors=24 elapsed_ms=1026.3'),1
FANOUT,K75,Exception('timeout_or_slo_miss: completed=46/75 errors=18 elapsed_ms=2160.3'),1
FANOUT,K75,Exception('timeout_or_slo_miss: completed=41/75 errors=34 elapsed_ms=1161.0'),1
FANOUT,K75,Exception('timeout_or_slo_miss: completed=46/75 errors=20 elapsed_ms=1918.6'),1
FANOUT,K75,Exception('timeout_or_slo_miss: completed=46/75 errors=29 elapsed_ms=1117.4'),1
FANOUT,K75,Exception('timeout_or_slo_miss: completed=57/75 errors=6 elapsed_ms=1427.2'),1
FANOUT,K75,Exception('timeout_or_slo_miss: completed=50/75 errors=25 elapsed_ms=1006.0'),1
FANOUT,K75,Exception('timeout_or_slo_miss: completed=48/75 errors=15 elapsed_ms=1960.0'),1
FANOUT,K75,Exception('timeout_or_slo_miss: completed=51/75 errors=24 elapsed_ms=1006.8'),6
FANOUT,K75,Exception('timeout_or_slo_miss: completed=47/75 errors=23 elapsed_ms=1644.2'),1
FANOUT,K75,Exception('timeout_or_slo_miss: completed=48/75 errors=18 elapsed_ms=1779.3'),1
FANOUT,K75,Exception('timeout_or_slo_miss: completed=46/75 errors=29 elapsed_ms=1112.2'),1
FANOUT,K75,Exception('timeout_or_slo_miss: completed=17/75 errors=58 elapsed_ms=1597.5'),1
FANOUT,K75,Exception('timeout_or_slo_miss: completed=25/75 errors=50 elapsed_ms=1505.6'),1
FANOUT,K75,Exception('timeout_or_slo_miss: completed=23/75 errors=52 elapsed_ms=1507.7'),1
FANOUT,K75,Exception('timeout_or_slo_miss: completed=54/75 errors=21 elapsed_ms=1006.3'),4
FANOUT,K75,Exception('timeout_or_slo_miss: completed=47/75 errors=28 elapsed_ms=1011.8'),2
FANOUT,K75,Exception('timeout_or_slo_miss: completed=52/75 errors=23 elapsed_ms=1077.1'),1
FANOUT,K75,Exception('timeout_or_slo_miss: completed=51/75 errors=19 elapsed_ms=1515.5'),1
FANOUT,K75,Exception('timeout_or_slo_miss: completed=48/75 errors=27 elapsed_ms=1087.8'),1
FANOUT,K75,Exception('timeout_or_slo_miss: completed=51/75 errors=24 elapsed_ms=1007.5'),6
FANOUT,K75,Exception('timeout_or_slo_miss: completed=53/75 errors=22 elapsed_ms=1009.0'),1
FANOUT,K75,Exception('timeout_or_slo_miss: completed=45/75 errors=30 elapsed_ms=1081.5'),1
FANOUT,K75,Exception('timeout_or_slo_miss: completed=43/75 errors=32 elapsed_ms=1114.6'),1
FANOUT,K75,Exception('timeout_or_slo_miss: completed=52/75 errors=18 elapsed_ms=1520.7'),1
FANOUT,K75,Exception('timeout_or_slo_miss: completed=50/75 errors=25 elapsed_ms=1013.2'),2
FANOUT,K75,Exception('timeout_or_slo_miss: completed=53/75 errors=13 elapsed_ms=1633.1'),1
FANOUT,K75,Exception('timeout_or_slo_miss: completed=43/75 errors=32 elapsed_ms=1077.6'),1
FANOUT,K75,Exception('timeout_or_slo_miss: completed=51/75 errors=24 elapsed_ms=1006.1'),3
FANOUT,K75,Exception('timeout_or_slo_miss: completed=54/75 errors=21 elapsed_ms=1001.7'),3
FANOUT,K75,Exception('timeout_or_slo_miss: completed=52/75 errors=14 elapsed_ms=1637.7'),1
FANOUT,K75,Exception('timeout_or_slo_miss: completed=46/75 errors=17 elapsed_ms=2165.9'),1
FANOUT,K75,Exception('timeout_or_slo_miss: completed=54/75 errors=21 elapsed_ms=1001.6'),2
FANOUT,K75,Exception('timeout_or_slo_miss: completed=47/75 errors=28 elapsed_ms=1019.3'),1
FANOUT,K75,Exception('timeout_or_slo_miss: completed=48/75 errors=27 elapsed_ms=1012.7'),1
FANOUT,K75,Exception('timeout_or_slo_miss: completed=50/75 errors=25 elapsed_ms=1101.6'),1
FANOUT,K75,Exception('timeout_or_slo_miss: completed=48/75 errors=22 elapsed_ms=1663.5'),1
FANOUT,K75,Exception('timeout_or_slo_miss: completed=44/75 errors=22 elapsed_ms=1904.5'),1
FANOUT,K75,Exception('timeout_or_slo_miss: completed=44/75 errors=22 elapsed_ms=1949.9'),1
FANOUT,K75,Exception('timeout_or_slo_miss: completed=47/75 errors=28 elapsed_ms=1137.5'),1
FANOUT,K75,Exception('timeout_or_slo_miss: completed=54/75 errors=21 elapsed_ms=1002.3'),4
FANOUT,K75,Exception('timeout_or_slo_miss: completed=23/75 errors=52 elapsed_ms=1509.9'),1
FANOUT,K75,Exception('timeout_or_slo_miss: completed=51/75 errors=24 elapsed_ms=1019.9'),1
FANOUT,K75,Exception('timeout_or_slo_miss: completed=48/75 errors=27 elapsed_ms=1004.9'),1
FANOUT,K75,Exception('timeout_or_slo_miss: completed=53/75 errors=22 elapsed_ms=1009.7'),2
FANOUT,K75,Exception('timeout_or_slo_miss: completed=48/75 errors=27 elapsed_ms=1014.0'),2
FANOUT,K75,Exception('timeout_or_slo_miss: completed=56/75 errors=10 elapsed_ms=1466.7'),1
FANOUT,K75,Exception('timeout_or_slo_miss: completed=44/75 errors=31 elapsed_ms=1011.6'),1
FANOUT,K75,Exception('timeout_or_slo_miss: completed=53/75 errors=22 elapsed_ms=1007.9'),2
FANOUT,K75,Exception('timeout_or_slo_miss: completed=30/75 errors=45 elapsed_ms=1505.6'),1
FANOUT,K75,Exception('timeout_or_slo_miss: completed=52/75 errors=23 elapsed_ms=1002.7'),3
FANOUT,K75,Exception('timeout_or_slo_miss: completed=58/75 errors=8 elapsed_ms=1347.8'),1
FANOUT,K75,Exception('timeout_or_slo_miss: completed=53/75 errors=22 elapsed_ms=1010.3'),1
FANOUT,K75,Exception('timeout_or_slo_miss: completed=52/75 errors=23 elapsed_ms=1013.2'),1
FANOUT,K75,Exception('timeout_or_slo_miss: completed=26/75 errors=49 elapsed_ms=1506.7'),2
FANOUT,K75,Exception('timeout_or_slo_miss: completed=52/75 errors=23 elapsed_ms=1007.9'),2
FANOUT,K75,Exception('timeout_or_slo_miss: completed=44/75 errors=26 elapsed_ms=1776.5'),1
FANOUT,K75,Exception('timeout_or_slo_miss: completed=46/75 errors=29 elapsed_ms=1015.1'),1
FANOUT,K75,Exception('timeout_or_slo_miss: completed=52/75 errors=23 elapsed_ms=1005.7'),6
FANOUT,K75,Exception('timeout_or_slo_miss: completed=54/75 errors=21 elapsed_ms=1009.8'),1
FANOUT,K75,Exception('timeout_or_slo_miss: completed=52/75 errors=14 elapsed_ms=1687.6'),1
FANOUT,K75,Exception('timeout_or_slo_miss: completed=49/75 errors=17 elapsed_ms=1748.1'),1
FANOUT,K75,Exception('timeout_or_slo_miss: completed=45/75 errors=30 elapsed_ms=1119.0'),1
FANOUT,K75,Exception('timeout_or_slo_miss: completed=44/75 errors=31 elapsed_ms=1108.5'),1
FANOUT,K75,Exception('timeout_or_slo_miss: completed=50/75 errors=16 elapsed_ms=1621.9'),1
FANOUT,K75,Exception('timeout_or_slo_miss: completed=26/75 errors=49 elapsed_ms=1508.2'),1
FANOUT,K75,Exception('timeout_or_slo_miss: completed=50/75 errors=25 elapsed_ms=1009.4'),5
FANOUT,K75,Exception('timeout_or_slo_miss: completed=45/75 errors=30 elapsed_ms=1097.5'),1
FANOUT,K75,Exception('timeout_or_slo_miss: completed=50/75 errors=25 elapsed_ms=1003.9'),2
FANOUT,K75,Exception('timeout_or_slo_miss: completed=49/75 errors=26 elapsed_ms=1105.3'),1
FANOUT,K75,Exception('timeout_or_slo_miss: completed=51/75 errors=24 elapsed_ms=1005.5'),3
FANOUT,K75,Exception('timeout_or_slo_miss: completed=48/75 errors=27 elapsed_ms=1008.4'),5
FANOUT,K75,Exception('timeout_or_slo_miss: completed=40/75 errors=35 elapsed_ms=1167.1'),1
FANOUT,K75,Exception('timeout_or_slo_miss: completed=25/75 errors=50 elapsed_ms=1506.9'),1
FANOUT,K75,Exception('timeout_or_slo_miss: completed=23/75 errors=38 elapsed_ms=14540.7'),1
FANOUT,K75,Exception('timeout_or_slo_miss: completed=43/75 errors=32 elapsed_ms=1125.0'),1
FANOUT,K75,Exception('timeout_or_slo_miss: completed=51/75 errors=24 elapsed_ms=1055.2'),1
FANOUT,K75,Exception('timeout_or_slo_miss: completed=50/75 errors=25 elapsed_ms=1012.1'),2
FANOUT,K75,Exception('timeout_or_slo_miss: completed=50/75 errors=25 elapsed_ms=1026.4'),1
FANOUT,K75,Exception('timeout_or_slo_miss: completed=50/75 errors=20 elapsed_ms=1641.9'),1
FANOUT,K75,Exception('timeout_or_slo_miss: completed=52/75 errors=23 elapsed_ms=1006.7'),4
FANOUT,K75,Exception('timeout_or_slo_miss: completed=53/75 errors=22 elapsed_ms=1009.1'),1
FANOUT,K75,Exception('timeout_or_slo_miss: completed=19/75 errors=56 elapsed_ms=1576.5'),1
FANOUT,K75,Exception('timeout_or_slo_miss: completed=53/75 errors=17 elapsed_ms=1509.3'),1
FANOUT,K75,Exception('timeout_or_slo_miss: completed=46/75 errors=29 elapsed_ms=1110.6'),1
FANOUT,K75,Exception('timeout_or_slo_miss: completed=51/75 errors=24 elapsed_ms=1006.5'),6
FANOUT,K75,Exception('timeout_or_slo_miss: completed=49/75 errors=26 elapsed_ms=1005.0'),2
FANOUT,K75,Exception('timeout_or_slo_miss: completed=45/75 errors=25 elapsed_ms=1674.6'),1
FANOUT,K75,Exception('timeout_or_slo_miss: completed=60/75 errors=6 elapsed_ms=1251.8'),1
FANOUT,K75,Exception('timeout_or_slo_miss: completed=54/75 errors=21 elapsed_ms=1006.6'),1
FANOUT,K75,Exception('timeout_or_slo_miss: completed=49/75 errors=26 elapsed_ms=1006.8'),3
FANOUT,K75,Exception('timeout_or_slo_miss: completed=49/75 errors=26 elapsed_ms=1011.9'),3
FANOUT,K75,Exception('timeout_or_slo_miss: completed=53/75 errors=13 elapsed_ms=1639.4'),1
FANOUT,K75,Exception('timeout_or_slo_miss: completed=54/75 errors=21 elapsed_ms=1027.0'),1
FANOUT,K75,Exception('timeout_or_slo_miss: completed=46/75 errors=29 elapsed_ms=1041.1'),1
FANOUT,K75,Exception('timeout_or_slo_miss: completed=52/75 errors=23 elapsed_ms=1007.2'),2
FANOUT,K75,Exception('timeout_or_slo_miss: completed=46/75 errors=20 elapsed_ms=2009.8'),1
FANOUT,K75,Exception('timeout_or_slo_miss: completed=46/75 errors=24 elapsed_ms=1636.4'),1
FANOUT,K75,Exception('timeout_or_slo_miss: completed=30/75 errors=45 elapsed_ms=1502.5'),1
FANOUT,K75,Exception('timeout_or_slo_miss: completed=47/75 errors=28 elapsed_ms=1061.4'),1
FANOUT,K75,Exception('timeout_or_slo_miss: completed=48/75 errors=27 elapsed_ms=1012.6'),3
FANOUT,K75,Exception('timeout_or_slo_miss: completed=47/75 errors=28 elapsed_ms=1103.5'),1
FANOUT,K75,Exception('timeout_or_slo_miss: completed=41/75 errors=34 elapsed_ms=1239.7'),1
FANOUT,K75,Exception('timeout_or_slo_miss: completed=46/75 errors=29 elapsed_ms=1119.0'),1
FANOUT,K75,Exception('timeout_or_slo_miss: completed=42/75 errors=33 elapsed_ms=1132.6'),1
FANOUT,K75,Exception('timeout_or_slo_miss: completed=55/75 errors=20 elapsed_ms=1007.8'),1
FANOUT,K75,Exception('timeout_or_slo_miss: completed=43/75 errors=32 elapsed_ms=1116.3'),1
FANOUT,K75,Exception('timeout_or_slo_miss: completed=55/75 errors=8 elapsed_ms=2366.8'),1
FANOUT,K75,Exception('timeout_or_slo_miss: completed=20/75 errors=55 elapsed_ms=1596.4'),1
FANOUT,K75,Exception('timeout_or_slo_miss: completed=52/75 errors=23 elapsed_ms=1008.7'),1
FANOUT,K75,Exception('timeout_or_slo_miss: completed=51/75 errors=24 elapsed_ms=1007.4'),3
FANOUT,K75,Exception('timeout_or_slo_miss: completed=48/75 errors=27 elapsed_ms=1090.1'),2
FANOUT,K75,Exception('timeout_or_slo_miss: completed=46/75 errors=29 elapsed_ms=1013.8'),1
FANOUT,K75,Exception('timeout_or_slo_miss: completed=53/75 errors=13 elapsed_ms=1589.2'),1
FANOUT,K75,Exception('timeout_or_slo_miss: completed=38/75 errors=23 elapsed_ms=8395.4'),1
FANOUT,K75,Exception('timeout_or_slo_miss: completed=42/75 errors=33 elapsed_ms=1146.7'),1
FANOUT,K75,Exception('timeout_or_slo_miss: completed=52/75 errors=23 elapsed_ms=1010.4'),2
FANOUT,K75,Exception('timeout_or_slo_miss: completed=46/75 errors=29 elapsed_ms=1009.8'),2
FANOUT,K75,Exception('timeout_or_slo_miss: completed=50/75 errors=19 elapsed_ms=1634.1'),1
FANOUT,K75,Exception('timeout_or_slo_miss: completed=48/75 errors=27 elapsed_ms=1095.9'),1
FANOUT,K75,Exception('timeout_or_slo_miss: completed=50/75 errors=20 elapsed_ms=1517.8'),1
FANOUT,K75,Exception('timeout_or_slo_miss: completed=54/75 errors=21 elapsed_ms=1002.7'),9
FANOUT,K75,Exception('timeout_or_slo_miss: completed=29/75 errors=46 elapsed_ms=1506.0'),1
FANOUT,K75,Exception('timeout_or_slo_miss: completed=52/75 errors=23 elapsed_ms=1004.5'),2
FANOUT,K75,Exception('timeout_or_slo_miss: completed=53/75 errors=13 elapsed_ms=1682.1'),1
FANOUT,K75,Exception('timeout_or_slo_miss: completed=21/75 errors=54 elapsed_ms=1508.6'),1
FANOUT,K75,Exception('subread_error: completed=60/75 errors=15'),10
FANOUT,K75,Exception('timeout_or_slo_miss: completed=54/75 errors=21 elapsed_ms=1002.0'),7
FANOUT,K75,Exception('timeout_or_slo_miss: completed=45/75 errors=30 elapsed_ms=1086.5'),1
FANOUT,K75,Exception('timeout_or_slo_miss: completed=55/75 errors=11 elapsed_ms=1603.5'),1
FANOUT,K75,Exception('timeout_or_slo_miss: completed=48/75 errors=15 elapsed_ms=1931.8'),1
FANOUT,K75,Exception('timeout_or_slo_miss: completed=49/75 errors=26 elapsed_ms=1009.3'),6
FANOUT,K75,Exception('timeout_or_slo_miss: completed=50/75 errors=20 elapsed_ms=1616.0'),1
FANOUT,K75,Exception('timeout_or_slo_miss: completed=50/75 errors=25 elapsed_ms=1010.4'),2
FANOUT,K75,Exception('timeout_or_slo_miss: completed=45/75 errors=21 elapsed_ms=2122.1'),1
FANOUT,K75,Exception('timeout_or_slo_miss: completed=48/75 errors=27 elapsed_ms=1104.8'),1
FANOUT,K75,Exception('timeout_or_slo_miss: completed=48/75 errors=27 elapsed_ms=1013.2'),1
FANOUT,K75,Exception('timeout_or_slo_miss: completed=48/75 errors=27 elapsed_ms=1028.7'),1
FANOUT,K75,Exception('timeout_or_slo_miss: completed=52/75 errors=18 elapsed_ms=1510.5'),1
FANOUT,K75,Exception('timeout_or_slo_miss: completed=48/75 errors=27 elapsed_ms=1011.7'),3
FANOUT,K75,Exception('timeout_or_slo_miss: completed=50/75 errors=25 elapsed_ms=1008.9'),3
FANOUT,K75,Exception('timeout_or_slo_miss: completed=52/75 errors=11 elapsed_ms=1757.7'),1
FANOUT,K75,Exception('timeout_or_slo_miss: completed=51/75 errors=15 elapsed_ms=1613.3'),1
FANOUT,K75,Exception('timeout_or_slo_miss: completed=45/75 errors=30 elapsed_ms=1095.2'),1
FANOUT,K75,Exception('timeout_or_slo_miss: completed=52/75 errors=23 elapsed_ms=1009.5'),1
FANOUT,K75,Exception('timeout_or_slo_miss: completed=47/75 errors=28 elapsed_ms=1063.6'),1
FANOUT,K75,Exception('timeout_or_slo_miss: completed=49/75 errors=21 elapsed_ms=1524.4'),1
FANOUT,K75,Exception('timeout_or_slo_miss: completed=42/75 errors=33 elapsed_ms=1211.7'),1
FANOUT,K75,Exception('timeout_or_slo_miss: completed=46/75 errors=29 elapsed_ms=1013.5'),1
FANOUT,K75,Exception('timeout_or_slo_miss: completed=24/75 errors=51 elapsed_ms=1505.4'),1
FANOUT,K75,Exception('timeout_or_slo_miss: completed=26/75 errors=37 elapsed_ms=14695.7'),1
FANOUT,K75,Exception('timeout_or_slo_miss: completed=28/75 errors=47 elapsed_ms=1513.2'),1
FANOUT,K75,Exception('timeout_or_slo_miss: completed=50/75 errors=25 elapsed_ms=1009.9'),3
FANOUT,K75,Exception('timeout_or_slo_miss: completed=50/75 errors=25 elapsed_ms=1010.3'),3
FANOUT,K75,Exception('timeout_or_slo_miss: completed=49/75 errors=26 elapsed_ms=1092.1'),1
FANOUT,K75,Exception('timeout_or_slo_miss: completed=44/75 errors=31 elapsed_ms=1014.3'),1
FANOUT,K75,Exception('timeout_or_slo_miss: completed=48/75 errors=27 elapsed_ms=1100.9'),1
FANOUT,K75,Exception('timeout_or_slo_miss: completed=47/75 errors=28 elapsed_ms=1009.6'),3
FANOUT,K75,Exception('timeout_or_slo_miss: completed=45/75 errors=20 elapsed_ms=9464.0'),1
FANOUT,K75,Exception('timeout_or_slo_miss: completed=41/75 errors=25 elapsed_ms=2015.3'),1
FANOUT,K75,Exception('timeout_or_slo_miss: completed=54/75 errors=21 elapsed_ms=1006.0'),1
FANOUT,K75,Exception('timeout_or_slo_miss: completed=50/75 errors=25 elapsed_ms=1009.2'),2
FANOUT,K75,Exception('timeout_or_slo_miss: completed=47/75 errors=28 elapsed_ms=1070.9'),1
FANOUT,K75,Exception('timeout_or_slo_miss: completed=46/75 errors=29 elapsed_ms=1010.4'),1
FANOUT,K75,Exception('timeout_or_slo_miss: completed=46/75 errors=29 elapsed_ms=1104.5'),1
FANOUT,K75,Exception('timeout_or_slo_miss: completed=52/75 errors=18 elapsed_ms=1509.4'),1
FANOUT,K75,Exception('timeout_or_slo_miss: completed=55/75 errors=20 elapsed_ms=1005.6'),1
FANOUT,K75,Exception('timeout_or_slo_miss: completed=53/75 errors=22 elapsed_ms=1001.8'),1
FANOUT,K75,Exception('timeout_or_slo_miss: completed=44/75 errors=31 elapsed_ms=1111.6'),1
FANOUT,K75,Exception('timeout_or_slo_miss: completed=47/75 errors=28 elapsed_ms=1009.1'),1
FANOUT,K75,Exception('timeout_or_slo_miss: completed=46/75 errors=29 elapsed_ms=1087.5'),1
FANOUT,K75,Exception('timeout_or_slo_miss: completed=49/75 errors=21 elapsed_ms=1595.1'),1
FANOUT,K75,Exception('timeout_or_slo_miss: completed=50/75 errors=25 elapsed_ms=1004.6'),2
FANOUT,K75,Exception('timeout_or_slo_miss: completed=46/75 errors=29 elapsed_ms=1030.6'),1
FANOUT,K75,Exception('timeout_or_slo_miss: completed=51/75 errors=15 elapsed_ms=1662.8'),1
FANOUT,K75,Exception('timeout_or_slo_miss: completed=25/75 errors=50 elapsed_ms=1505.8'),1
FANOUT,K75,Exception('timeout_or_slo_miss: completed=53/75 errors=13 elapsed_ms=1611.2'),1
FANOUT,K75,Exception('timeout_or_slo_miss: completed=47/75 errors=19 elapsed_ms=1820.4'),1
FANOUT,K75,Exception('timeout_or_slo_miss: completed=49/75 errors=26 elapsed_ms=1009.9'),1
FANOUT,K75,Exception('timeout_or_slo_miss: completed=51/75 errors=24 elapsed_ms=1007.0'),3
FANOUT,K75,Exception('timeout_or_slo_miss: completed=52/75 errors=14 elapsed_ms=1630.3'),1
FANOUT,K75,Exception('timeout_or_slo_miss: completed=25/75 errors=50 elapsed_ms=1508.4'),1
FANOUT,K75,Exception('timeout_or_slo_miss: completed=48/75 errors=27 elapsed_ms=1007.0'),2
FANOUT,K75,Exception('timeout_or_slo_miss: completed=53/75 errors=17 elapsed_ms=1516.7'),1
FANOUT,K75,Exception('timeout_or_slo_miss: completed=31/75 errors=44 elapsed_ms=1506.5'),1
FANOUT,K75,Exception('timeout_or_slo_miss: completed=48/75 errors=18 elapsed_ms=1694.6'),1
FANOUT,K75,Exception('timeout_or_slo_miss: completed=53/75 errors=22 elapsed_ms=1006.9'),1
FANOUT,K75,Exception('timeout_or_slo_miss: completed=49/75 errors=26 elapsed_ms=1014.5'),2
FANOUT,K75,Exception('timeout_or_slo_miss: completed=42/75 errors=28 elapsed_ms=1774.5'),1
FANOUT,K75,Exception('timeout_or_slo_miss: completed=46/75 errors=29 elapsed_ms=1101.0'),1
FANOUT,K75,Exception('timeout_or_slo_miss: completed=44/75 errors=31 elapsed_ms=1481.8'),1
FANOUT,K75,Exception('timeout_or_slo_miss: completed=49/75 errors=17 elapsed_ms=1786.0'),1
FANOUT,K75,Exception('timeout_or_slo_miss: completed=50/75 errors=25 elapsed_ms=1013.5'),1
FANOUT,K75,Exception('timeout_or_slo_miss: completed=53/75 errors=22 elapsed_ms=1004.0'),3
FANOUT,K75,Exception('timeout_or_slo_miss: completed=50/75 errors=25 elapsed_ms=1004.4'),1
FANOUT,K75,Exception('timeout_or_slo_miss: completed=47/75 errors=19 elapsed_ms=1723.6'),1
FANOUT,K75,Exception('timeout_or_slo_miss: completed=56/75 errors=14 elapsed_ms=1505.2'),1
FANOUT,K75,Exception('timeout_or_slo_miss: completed=47/75 errors=28 elapsed_ms=1012.9'),1
FANOUT,K75,Exception('timeout_or_slo_miss: completed=46/75 errors=24 elapsed_ms=1770.8'),1
FANOUT,K75,Exception('timeout_or_slo_miss: completed=40/75 errors=26 elapsed_ms=6094.1'),1
FANOUT,K75,Exception('timeout_or_slo_miss: completed=50/75 errors=25 elapsed_ms=1093.1'),1
FANOUT,K75,Exception('timeout_or_slo_miss: completed=50/75 errors=25 elapsed_ms=1022.8'),1
FANOUT,K75,Exception('timeout_or_slo_miss: completed=42/75 errors=33 elapsed_ms=1135.8'),1
FANOUT,K75,Exception('timeout_or_slo_miss: completed=42/75 errors=33 elapsed_ms=1017.9'),1
FANOUT,K75,Exception('timeout_or_slo_miss: completed=21/75 errors=54 elapsed_ms=1508.3'),1
FANOUT,K75,Exception('timeout_or_slo_miss: completed=54/75 errors=21 elapsed_ms=1002.5'),5
FANOUT,K75,Exception('timeout_or_slo_miss: completed=52/75 errors=23 elapsed_ms=1007.1'),1
FANOUT,K75,Exception('timeout_or_slo_miss: completed=54/75 errors=21 elapsed_ms=1003.8'),1
FANOUT,K75,Exception('timeout_or_slo_miss: completed=54/75 errors=21 elapsed_ms=1008.4'),1
FANOUT,K75,Exception('timeout_or_slo_miss: completed=21/75 errors=54 elapsed_ms=1618.1'),1
FANOUT,K75,Exception('timeout_or_slo_miss: completed=52/75 errors=23 elapsed_ms=1083.4'),1
FANOUT,K75,Exception('timeout_or_slo_miss: completed=25/75 errors=50 elapsed_ms=1507.7'),1
FANOUT,K75,Exception('timeout_or_slo_miss: completed=47/75 errors=23 elapsed_ms=1676.3'),1
FANOUT,K75,Exception('timeout_or_slo_miss: completed=46/75 errors=29 elapsed_ms=1111.5'),1
FANOUT,K75,Exception('timeout_or_slo_miss: completed=52/75 errors=23 elapsed_ms=1004.2'),4
FANOUT,K75,Exception('timeout_or_slo_miss: completed=50/75 errors=20 elapsed_ms=1657.5'),1
FANOUT,K75,Exception('timeout_or_slo_miss: completed=40/75 errors=35 elapsed_ms=1154.4'),1
FANOUT,K75,Exception('timeout_or_slo_miss: completed=49/75 errors=26 elapsed_ms=1015.0'),2
FANOUT,K75,Exception('timeout_or_slo_miss: completed=40/75 errors=35 elapsed_ms=1152.5'),1
FANOUT,K75,Exception('timeout_or_slo_miss: completed=55/75 errors=15 elapsed_ms=1505.1'),1
FANOUT,K75,Exception('timeout_or_slo_miss: completed=48/75 errors=18 elapsed_ms=1781.8'),1
FANOUT,K75,Exception('timeout_or_slo_miss: completed=48/75 errors=27 elapsed_ms=1107.9'),1
FANOUT,K75,Exception('timeout_or_slo_miss: completed=46/75 errors=29 elapsed_ms=1010.9'),2
FANOUT,K75,Exception('timeout_or_slo_miss: completed=43/75 errors=32 elapsed_ms=1195.9'),1
FANOUT,K75,Exception('timeout_or_slo_miss: completed=50/75 errors=16 elapsed_ms=1686.5'),1
FANOUT,K75,Exception('timeout_or_slo_miss: completed=42/75 errors=33 elapsed_ms=1114.9'),1
FANOUT,K75,Exception('timeout_or_slo_miss: completed=48/75 errors=27 elapsed_ms=1013.5'),4
FANOUT,K75,Exception('timeout_or_slo_miss: completed=45/75 errors=30 elapsed_ms=1114.3'),1
FANOUT,K75,Exception('timeout_or_slo_miss: completed=43/75 errors=32 elapsed_ms=1082.5'),1
FANOUT,K75,Exception('timeout_or_slo_miss: completed=19/75 errors=56 elapsed_ms=1583.7'),1
FANOUT,K75,Exception('timeout_or_slo_miss: completed=46/75 errors=29 elapsed_ms=1082.6'),2
FANOUT,K75,Exception('timeout_or_slo_miss: completed=53/75 errors=13 elapsed_ms=1604.9'),1
FANOUT,K75,Exception('timeout_or_slo_miss: completed=19/75 errors=56 elapsed_ms=1509.6'),1
FANOUT,K75,Exception('timeout_or_slo_miss: completed=46/75 errors=29 elapsed_ms=1014.1'),1
FANOUT,K75,Exception('timeout_or_slo_miss: completed=53/75 errors=22 elapsed_ms=1005.4'),4
FANOUT,K75,Exception('timeout_or_slo_miss: completed=47/75 errors=28 elapsed_ms=1023.3'),1
FANOUT,K75,Exception('timeout_or_slo_miss: completed=46/75 errors=29 elapsed_ms=1134.9'),1
FANOUT,K75,Exception('timeout_or_slo_miss: completed=28/75 errors=45 elapsed_ms=2157.2'),1
FANOUT,K75,Exception('timeout_or_slo_miss: completed=47/75 errors=28 elapsed_ms=1009.8'),3
FANOUT,K75,Exception('timeout_or_slo_miss: completed=31/75 errors=44 elapsed_ms=1503.8'),1
FANOUT,K75,Exception('timeout_or_slo_miss: completed=29/75 errors=46 elapsed_ms=1503.4'),1
FANOUT,K75,Exception('timeout_or_slo_miss: completed=48/75 errors=27 elapsed_ms=1012.4'),1
FANOUT,K75,Exception('timeout_or_slo_miss: completed=52/75 errors=23 elapsed_ms=1006.9'),2
FANOUT,K75,Exception('timeout_or_slo_miss: completed=54/75 errors=21 elapsed_ms=1004.0'),3
FANOUT,K75,Exception('timeout_or_slo_miss: completed=53/75 errors=22 elapsed_ms=1004.8'),3
FANOUT,K75,Exception('timeout_or_slo_miss: completed=44/75 errors=31 elapsed_ms=1109.2'),1
FANOUT,K75,Exception('timeout_or_slo_miss: completed=47/75 errors=28 elapsed_ms=1113.9'),1
FANOUT,K75,Exception('timeout_or_slo_miss: completed=30/75 errors=32 elapsed_ms=14627.1'),1
FANOUT,K75,Exception('timeout_or_slo_miss: completed=47/75 errors=28 elapsed_ms=1011.7'),2
FANOUT,K75,Exception('timeout_or_slo_miss: completed=47/75 errors=28 elapsed_ms=1110.0'),1
FANOUT,K75,Exception('timeout_or_slo_miss: completed=57/75 errors=9 elapsed_ms=1423.0'),1
FANOUT,K75,Exception('timeout_or_slo_miss: completed=50/75 errors=25 elapsed_ms=1011.8'),2
FANOUT,K75,Exception('timeout_or_slo_miss: completed=43/75 errors=32 elapsed_ms=1096.4'),1
FANOUT,K75,Exception('timeout_or_slo_miss: completed=49/75 errors=26 elapsed_ms=1109.7'),1
FANOUT,K75,Exception('timeout_or_slo_miss: completed=52/75 errors=23 elapsed_ms=1008.4'),2
FANOUT,K75,Exception('timeout_or_slo_miss: completed=50/75 errors=25 elapsed_ms=1006.1'),3
FANOUT,K75,Exception('timeout_or_slo_miss: completed=54/75 errors=21 elapsed_ms=1002.9'),8
FANOUT,K75,Exception('timeout_or_slo_miss: completed=28/75 errors=47 elapsed_ms=1539.8'),1
FANOUT,K75,Exception('timeout_or_slo_miss: completed=55/75 errors=20 elapsed_ms=1002.8'),1
FANOUT,K75,Exception('timeout_or_slo_miss: completed=45/75 errors=30 elapsed_ms=1137.2'),1
FANOUT,K75,Exception('timeout_or_slo_miss: completed=45/75 errors=30 elapsed_ms=1011.2'),1
FANOUT,K75,Exception('timeout_or_slo_miss: completed=46/75 errors=29 elapsed_ms=1016.6'),1
FANOUT,K75,Exception('timeout_or_slo_miss: completed=21/75 errors=54 elapsed_ms=1579.6'),1
FANOUT,K75,Exception('timeout_or_slo_miss: completed=48/75 errors=27 elapsed_ms=1110.2'),1
FANOUT,K75,Exception('timeout_or_slo_miss: completed=45/75 errors=21 elapsed_ms=2014.4'),1
FANOUT,K75,Exception('timeout_or_slo_miss: completed=46/75 errors=20 elapsed_ms=1994.2'),1
FANOUT,K75,Exception('timeout_or_slo_miss: completed=46/75 errors=29 elapsed_ms=1014.8'),2
FANOUT,K75,Exception('timeout_or_slo_miss: completed=55/75 errors=20 elapsed_ms=1003.7'),1
FANOUT,K75,Exception('timeout_or_slo_miss: completed=44/75 errors=31 elapsed_ms=1131.2'),1
FANOUT,K75,Exception('timeout_or_slo_miss: completed=47/75 errors=28 elapsed_ms=1043.5'),1
FANOUT,K75,Exception('timeout_or_slo_miss: completed=51/75 errors=19 elapsed_ms=1598.9'),1
FANOUT,K75,Exception('timeout_or_slo_miss: completed=43/75 errors=32 elapsed_ms=1125.8'),1
FANOUT,K75,Exception('timeout_or_slo_miss: completed=46/75 errors=29 elapsed_ms=1089.5'),2
FANOUT,K75,Exception('timeout_or_slo_miss: completed=52/75 errors=14 elapsed_ms=1635.5'),1
FANOUT,K75,Exception('timeout_or_slo_miss: completed=50/75 errors=25 elapsed_ms=1007.3'),3
FANOUT,K75,Exception('timeout_or_slo_miss: completed=41/75 errors=34 elapsed_ms=1211.3'),1
FANOUT,K75,Exception('timeout_or_slo_miss: completed=53/75 errors=13 elapsed_ms=1590.3'),1
FANOUT,K75,Exception('timeout_or_slo_miss: completed=48/75 errors=27 elapsed_ms=1108.2'),1
FANOUT,K75,Exception('timeout_or_slo_miss: completed=51/75 errors=24 elapsed_ms=1006.2'),1
FANOUT,K75,Exception('timeout_or_slo_miss: completed=44/75 errors=31 elapsed_ms=1014.4'),1
FANOUT,K75,Exception('timeout_or_slo_miss: completed=45/75 errors=30 elapsed_ms=1069.3'),1
FANOUT,K75,Exception('timeout_or_slo_miss: completed=43/75 errors=32 elapsed_ms=1231.4'),1
FANOUT,K75,Exception('timeout_or_slo_miss: completed=55/75 errors=11 elapsed_ms=1514.2'),1
FANOUT,K75,Exception('timeout_or_slo_miss: completed=52/75 errors=23 elapsed_ms=1010.7'),1
FANOUT,K75,Exception('timeout_or_slo_miss: completed=53/75 errors=22 elapsed_ms=1003.9'),3
FANOUT,K75,Exception('timeout_or_slo_miss: completed=51/75 errors=24 elapsed_ms=1003.3'),1
FANOUT,K75,Exception('timeout_or_slo_miss: completed=43/75 errors=23 elapsed_ms=2013.1'),1
FANOUT,K75,Exception('timeout_or_slo_miss: completed=46/75 errors=24 elapsed_ms=1633.2'),1
FANOUT,K75,Exception('timeout_or_slo_miss: completed=45/75 errors=30 elapsed_ms=1094.7'),1
FANOUT,K75,Exception('timeout_or_slo_miss: completed=45/75 errors=30 elapsed_ms=1012.6'),1
FANOUT,K75,Exception('timeout_or_slo_miss: completed=55/75 errors=15 elapsed_ms=1511.0'),1
FANOUT,K75,Exception('timeout_or_slo_miss: completed=48/75 errors=27 elapsed_ms=1008.8'),4
FANOUT,K75,Exception('timeout_or_slo_miss: completed=56/75 errors=14 elapsed_ms=1345.6'),1
FANOUT,K75,Exception('timeout_or_slo_miss: completed=49/75 errors=26 elapsed_ms=1006.1'),5
FANOUT,K75,Exception('timeout_or_slo_miss: completed=47/75 errors=28 elapsed_ms=1006.9'),2
FANOUT,K75,Exception('timeout_or_slo_miss: completed=52/75 errors=23 elapsed_ms=1012.1'),1
FANOUT,K75,Exception('timeout_or_slo_miss: completed=46/75 errors=29 elapsed_ms=1009.6'),3
FANOUT,K75,Exception('timeout_or_slo_miss: completed=53/75 errors=22 elapsed_ms=1005.0'),1
FANOUT,K75,Exception('timeout_or_slo_miss: completed=53/75 errors=22 elapsed_ms=1002.5'),5
FANOUT,K75,Exception('timeout_or_slo_miss: completed=47/75 errors=28 elapsed_ms=1078.1'),1
FANOUT,K75,Exception('timeout_or_slo_miss: completed=46/75 errors=24 elapsed_ms=1700.4'),1
FANOUT,K75,Exception('timeout_or_slo_miss: completed=48/75 errors=27 elapsed_ms=1007.1'),2
FANOUT,K75,Exception('timeout_or_slo_miss: completed=39/75 errors=22 elapsed_ms=8059.6'),1
FANOUT,K75,Exception('timeout_or_slo_miss: completed=51/75 errors=15 elapsed_ms=1686.7'),1
FANOUT,K75,Exception('timeout_or_slo_miss: completed=27/75 errors=48 elapsed_ms=1507.2'),1
FANOUT,K75,Exception('timeout_or_slo_miss: completed=46/75 errors=29 elapsed_ms=1006.6'),2
FANOUT,K75,Exception('timeout_or_slo_miss: completed=42/75 errors=33 elapsed_ms=1119.0'),1
FANOUT,K75,Exception('timeout_or_slo_miss: completed=23/75 errors=52 elapsed_ms=1516.3'),1
FANOUT,K75,Exception('timeout_or_slo_miss: completed=47/75 errors=28 elapsed_ms=1106.9'),1
FANOUT,K75,Exception('timeout_or_slo_miss: completed=45/75 errors=30 elapsed_ms=1103.7'),1
FANOUT,K75,Exception('timeout_or_slo_miss: completed=51/75 errors=24 elapsed_ms=1011.9'),1
FANOUT,K75,Exception('timeout_or_slo_miss: completed=47/75 errors=19 elapsed_ms=1755.7'),1
FANOUT,K75,Exception('timeout_or_slo_miss: completed=23/75 errors=52 elapsed_ms=1589.4'),1
FANOUT,K75,Exception('timeout_or_slo_miss: completed=42/75 errors=33 elapsed_ms=1012.2'),1
FANOUT,K75,Exception('timeout_or_slo_miss: completed=46/75 errors=29 elapsed_ms=1021.0'),1
FANOUT,K75,Exception('timeout_or_slo_miss: completed=50/75 errors=25 elapsed_ms=1008.2'),5
FANOUT,K75,Exception('timeout_or_slo_miss: completed=41/75 errors=25 elapsed_ms=2130.3'),1
FANOUT,K75,Exception('timeout_or_slo_miss: completed=44/75 errors=31 elapsed_ms=1088.6'),1
FANOUT,K75,Exception('timeout_or_slo_miss: completed=49/75 errors=21 elapsed_ms=1594.8'),1
FANOUT,K75,Exception('timeout_or_slo_miss: completed=46/75 errors=24 elapsed_ms=1683.2'),1
FANOUT,K75,Exception('timeout_or_slo_miss: completed=46/75 errors=17 elapsed_ms=2133.2'),1
FANOUT,K75,Exception('timeout_or_slo_miss: completed=47/75 errors=28 elapsed_ms=1008.1'),2
FANOUT,K75,Exception('timeout_or_slo_miss: completed=46/75 errors=29 elapsed_ms=1106.1'),1
FANOUT,K75,Exception('timeout_or_slo_miss: completed=48/75 errors=18 elapsed_ms=1784.0'),1
FANOUT,K75,Exception('timeout_or_slo_miss: completed=46/75 errors=29 elapsed_ms=1080.3'),1
FANOUT,K75,Exception('timeout_or_slo_miss: completed=20/75 errors=55 elapsed_ms=1508.2'),1
FANOUT,K75,Exception('timeout_or_slo_miss: completed=27/75 errors=48 elapsed_ms=1506.8'),2
FANOUT,K75,Exception('timeout_or_slo_miss: completed=52/75 errors=23 elapsed_ms=1005.8'),2
FANOUT,K75,Exception('timeout_or_slo_miss: completed=52/75 errors=23 elapsed_ms=1064.9'),1
FANOUT,K75,Exception('timeout_or_slo_miss: completed=47/75 errors=28 elapsed_ms=1012.2'),3
FANOUT,K75,Exception('timeout_or_slo_miss: completed=45/75 errors=30 elapsed_ms=1013.1'),1
FANOUT,K75,Exception('timeout_or_slo_miss: completed=41/75 errors=25 elapsed_ms=2129.8'),1
FANOUT,K75,Exception('timeout_or_slo_miss: completed=27/75 errors=48 elapsed_ms=1506.6'),2
FANOUT,K75,Exception('timeout_or_slo_miss: completed=45/75 errors=30 elapsed_ms=1012.2'),1
FANOUT,K75,Exception('timeout_or_slo_miss: completed=51/75 errors=24 elapsed_ms=1007.2'),3
FANOUT,K75,Exception('timeout_or_slo_miss: completed=53/75 errors=13 elapsed_ms=1572.8'),1
FANOUT,K75,Exception('timeout_or_slo_miss: completed=48/75 errors=27 elapsed_ms=1114.3'),1
FANOUT,K75,Exception('timeout_or_slo_miss: completed=46/75 errors=29 elapsed_ms=1052.1'),1
FANOUT,K75,Exception('timeout_or_slo_miss: completed=55/75 errors=20 elapsed_ms=1001.9'),2
FANOUT,K75,Exception('timeout_or_slo_miss: completed=40/75 errors=35 elapsed_ms=1126.8'),1
FANOUT,K75,Exception('timeout_or_slo_miss: completed=50/75 errors=25 elapsed_ms=1009.3'),2
FANOUT,K75,Exception('timeout_or_slo_miss: completed=48/75 errors=27 elapsed_ms=1016.6'),2
FANOUT,K75,Exception('timeout_or_slo_miss: completed=52/75 errors=23 elapsed_ms=1012.9'),1
FANOUT,K75,Exception('timeout_or_slo_miss: completed=39/75 errors=36 elapsed_ms=1199.8'),1
FANOUT,K75,Exception('timeout_or_slo_miss: completed=48/75 errors=27 elapsed_ms=1017.3'),1
FANOUT,K75,Exception('timeout_or_slo_miss: completed=48/75 errors=27 elapsed_ms=1072.6'),1
FANOUT,K75,Exception('timeout_or_slo_miss: completed=49/75 errors=26 elapsed_ms=1011.8'),1
FANOUT,K75,Exception('timeout_or_slo_miss: completed=44/75 errors=26 elapsed_ms=1716.7'),1
FANOUT,K75,Exception('timeout_or_slo_miss: completed=52/75 errors=23 elapsed_ms=1005.9'),1
FANOUT,K75,Exception('timeout_or_slo_miss: completed=22/75 errors=53 elapsed_ms=1611.9'),1
FANOUT,K75,Exception('timeout_or_slo_miss: completed=49/75 errors=21 elapsed_ms=1624.6'),1
FANOUT,K75,Exception('timeout_or_slo_miss: completed=51/75 errors=24 elapsed_ms=1008.4'),3
FANOUT,K75,Exception('timeout_or_slo_miss: completed=19/75 errors=56 elapsed_ms=1511.8'),1
FANOUT,K75,Exception('timeout_or_slo_miss: completed=45/75 errors=30 elapsed_ms=1008.3'),1
FANOUT,K75,Exception('timeout_or_slo_miss: completed=51/75 errors=19 elapsed_ms=1605.4'),1
FANOUT,K75,Exception('timeout_or_slo_miss: completed=48/75 errors=27 elapsed_ms=1007.8'),2
FANOUT,K75,Exception('timeout_or_slo_miss: completed=46/75 errors=29 elapsed_ms=1100.2'),2
FANOUT,K75,Exception('timeout_or_slo_miss: completed=54/75 errors=21 elapsed_ms=1007.1'),2
FANOUT,K75,Exception('timeout_or_slo_miss: completed=48/75 errors=27 elapsed_ms=1005.9'),1
FANOUT,K75,Exception('timeout_or_slo_miss: completed=49/75 errors=26 elapsed_ms=1110.3'),1
FANOUT,K75,Exception('timeout_or_slo_miss: completed=23/75 errors=52 elapsed_ms=1511.8'),1
FANOUT,K75,Exception('timeout_or_slo_miss: completed=50/75 errors=25 elapsed_ms=1077.3'),1
FANOUT,K75,Exception('timeout_or_slo_miss: completed=28/75 errors=47 elapsed_ms=1505.6'),1
FANOUT,K75,Exception('timeout_or_slo_miss: completed=48/75 errors=27 elapsed_ms=1013.6'),1
FANOUT,K75,Exception('timeout_or_slo_miss: completed=48/75 errors=27 elapsed_ms=1100.8'),1
FANOUT,K75,Exception('timeout_or_slo_miss: completed=47/75 errors=28 elapsed_ms=1010.0'),1
FANOUT,K75,Exception('timeout_or_slo_miss: completed=51/75 errors=24 elapsed_ms=1015.4'),2
FANOUT,K75,Exception('timeout_or_slo_miss: completed=53/75 errors=22 elapsed_ms=1005.2'),3
FANOUT,K75,Exception('subread_error: completed=57/75 errors=18'),55
FANOUT,K75,Exception('timeout_or_slo_miss: completed=52/75 errors=23 elapsed_ms=1009.7'),1
FANOUT,K75,Exception('timeout_or_slo_miss: completed=55/75 errors=1 elapsed_ms=1846.8'),1
FANOUT,K75,Exception('timeout_or_slo_miss: completed=50/75 errors=25 elapsed_ms=1011.2'),2
FANOUT,K75,Exception('timeout_or_slo_miss: completed=41/75 errors=34 elapsed_ms=1142.0'),1
FANOUT,K75,Exception('timeout_or_slo_miss: completed=46/75 errors=29 elapsed_ms=1015.2'),1
FANOUT,K75,Exception('timeout_or_slo_miss: completed=49/75 errors=17 elapsed_ms=1776.9'),1
FANOUT,K75,Exception('timeout_or_slo_miss: completed=51/75 errors=24 elapsed_ms=1091.2'),1
FANOUT,K75,Exception('timeout_or_slo_miss: completed=45/75 errors=25 elapsed_ms=1638.4'),1
FANOUT,K75,Exception('timeout_or_slo_miss: completed=43/75 errors=32 elapsed_ms=1062.6'),1
FANOUT,K75,Exception('timeout_or_slo_miss: completed=47/75 errors=28 elapsed_ms=1011.9'),1
FANOUT,K75,Exception('timeout_or_slo_miss: completed=30/75 errors=45 elapsed_ms=1505.3'),1
FANOUT,K75,Exception('timeout_or_slo_miss: completed=50/75 errors=25 elapsed_ms=1006.2'),3
FANOUT,K75,Exception('timeout_or_slo_miss: completed=44/75 errors=31 elapsed_ms=1136.5'),1
FANOUT,K75,Exception('timeout_or_slo_miss: completed=49/75 errors=17 elapsed_ms=1679.9'),1
FANOUT,K75,Exception('timeout_or_slo_miss: completed=46/75 errors=29 elapsed_ms=1005.9'),1
FANOUT,K75,Exception('timeout_or_slo_miss: completed=26/75 errors=49 elapsed_ms=1507.3'),1
FANOUT,K75,Exception('timeout_or_slo_miss: completed=50/75 errors=25 elapsed_ms=1095.3'),1
FANOUT,K75,Exception('timeout_or_slo_miss: completed=48/75 errors=27 elapsed_ms=1011.5'),1
FANOUT,K75,Exception('timeout_or_slo_miss: completed=53/75 errors=22 elapsed_ms=1008.1'),2
FANOUT,K75,Exception('timeout_or_slo_miss: completed=50/75 errors=25 elapsed_ms=1083.5'),1
FANOUT,K75,Exception('timeout_or_slo_miss: completed=50/75 errors=25 elapsed_ms=1078.7'),1
FANOUT,K75,Exception('timeout_or_slo_miss: completed=45/75 errors=30 elapsed_ms=1123.4'),1
FANOUT,K75,Exception('timeout_or_slo_miss: completed=49/75 errors=26 elapsed_ms=1093.4'),1
FANOUT,K75,Exception('timeout_or_slo_miss: completed=57/75 errors=9 elapsed_ms=1619.2'),1
FANOUT,K75,Exception('timeout_or_slo_miss: completed=53/75 errors=13 elapsed_ms=1636.6'),1
FANOUT,K75,Exception('timeout_or_slo_miss: completed=49/75 errors=26 elapsed_ms=1083.0'),1
FANOUT,K75,Exception('timeout_or_slo_miss: completed=29/75 errors=46 elapsed_ms=1505.7'),1
FANOUT,K75,Exception('timeout_or_slo_miss: completed=53/75 errors=22 elapsed_ms=1036.1'),1
FANOUT,K75,Exception('timeout_or_slo_miss: completed=52/75 errors=23 elapsed_ms=1010.3'),1
FANOUT,K75,Exception('timeout_or_slo_miss: completed=25/75 errors=50 elapsed_ms=1507.3'),1
FANOUT,K75,Exception('timeout_or_slo_miss: completed=52/75 errors=14 elapsed_ms=1621.4'),1
FANOUT,K75,Exception('timeout_or_slo_miss: completed=37/75 errors=38 elapsed_ms=1282.2'),1
FANOUT,K75,Exception('timeout_or_slo_miss: completed=45/75 errors=30 elapsed_ms=1016.6'),1
FANOUT,K75,Exception('timeout_or_slo_miss: completed=47/75 errors=28 elapsed_ms=1138.6'),1
FANOUT,K75,Exception('timeout_or_slo_miss: completed=47/75 errors=28 elapsed_ms=1133.8'),1
FANOUT,K75,Exception('timeout_or_slo_miss: completed=29/75 errors=46 elapsed_ms=1503.8'),1
FANOUT,K75,Exception('timeout_or_slo_miss: completed=54/75 errors=21 elapsed_ms=1003.5'),3
FANOUT,K75,Exception('timeout_or_slo_miss: completed=53/75 errors=22 elapsed_ms=1002.0'),3
FANOUT,K75,Exception('timeout_or_slo_miss: completed=54/75 errors=21 elapsed_ms=1002.4'),7
FANOUT,K75,Exception('timeout_or_slo_miss: completed=50/75 errors=25 elapsed_ms=1004.8'),1
FANOUT,K75,Exception('timeout_or_slo_miss: completed=45/75 errors=25 elapsed_ms=1642.2'),1
FANOUT,K75,Exception('timeout_or_slo_miss: completed=48/75 errors=27 elapsed_ms=1010.1'),2
FANOUT,K75,Exception('subread_error: completed=55/75 errors=20'),46
FANOUT,K75,Exception('timeout_or_slo_miss: completed=18/75 errors=57 elapsed_ms=1634.7'),1
FANOUT,K75,Exception('timeout_or_slo_miss: completed=19/75 errors=38 elapsed_ms=8956.1'),1
FANOUT,K75,Exception('timeout_or_slo_miss: completed=47/75 errors=28 elapsed_ms=1018.1'),2
FANOUT,K75,Exception('timeout_or_slo_miss: completed=49/75 errors=26 elapsed_ms=1007.9'),3
FANOUT,K75,Exception('timeout_or_slo_miss: completed=49/75 errors=26 elapsed_ms=1038.3'),1
FANOUT,K75,Exception('timeout_or_slo_miss: completed=45/75 errors=30 elapsed_ms=1009.7'),1
FANOUT,K75,Exception('timeout_or_slo_miss: completed=48/75 errors=27 elapsed_ms=1051.4'),1
FANOUT,K75,Exception('timeout_or_slo_miss: completed=53/75 errors=22 elapsed_ms=1017.2'),1
FANOUT,K75,Exception('timeout_or_slo_miss: completed=55/75 errors=11 elapsed_ms=1601.8'),1
FANOUT,K75,Exception('timeout_or_slo_miss: completed=52/75 errors=23 elapsed_ms=1002.3'),3
FANOUT,K75,Exception('timeout_or_slo_miss: completed=46/75 errors=29 elapsed_ms=1111.0'),1
FANOUT,K75,Exception('timeout_or_slo_miss: completed=54/75 errors=2 elapsed_ms=2336.4'),1
FANOUT,K75,Exception('timeout_or_slo_miss: completed=54/75 errors=21 elapsed_ms=1003.6'),2
FANOUT,K75,Exception('timeout_or_slo_miss: completed=22/75 errors=53 elapsed_ms=1507.9'),2
FANOUT,K75,Exception('timeout_or_slo_miss: completed=46/75 errors=20 elapsed_ms=1978.1'),1
FANOUT,K75,Exception('timeout_or_slo_miss: completed=32/75 errors=43 elapsed_ms=1508.4'),1
FANOUT,K75,Exception('timeout_or_slo_miss: completed=28/75 errors=47 elapsed_ms=1506.3'),2
FANOUT,K75,Exception('timeout_or_slo_miss: completed=48/75 errors=27 elapsed_ms=1077.8'),1
FANOUT,K75,Exception('timeout_or_slo_miss: completed=48/75 errors=27 elapsed_ms=1013.7'),2
FANOUT,K75,Exception('timeout_or_slo_miss: completed=45/75 errors=30 elapsed_ms=1106.7'),1
FANOUT,K75,Exception('timeout_or_slo_miss: completed=52/75 errors=23 elapsed_ms=1005.5'),7
FANOUT,K75,Exception('timeout_or_slo_miss: completed=52/75 errors=23 elapsed_ms=1006.3'),5
FANOUT,K75,Exception('timeout_or_slo_miss: completed=45/75 errors=30 elapsed_ms=1011.0'),1
FANOUT,K75,Exception('timeout_or_slo_miss: completed=37/75 errors=22 elapsed_ms=4572.4'),1
FANOUT,K75,Exception('timeout_or_slo_miss: completed=44/75 errors=31 elapsed_ms=1166.7'),1
FANOUT,K75,Exception('timeout_or_slo_miss: completed=47/75 errors=28 elapsed_ms=1008.6'),3
FANOUT,K75,Exception('timeout_or_slo_miss: completed=49/75 errors=17 elapsed_ms=1740.3'),1
FANOUT,K75,Exception('timeout_or_slo_miss: completed=50/75 errors=25 elapsed_ms=1006.7'),3
FANOUT,K75,Exception('timeout_or_slo_miss: completed=54/75 errors=21 elapsed_ms=1029.3'),1
FANOUT,K75,Exception('timeout_or_slo_miss: completed=50/75 errors=25 elapsed_ms=1011.4'),3
FANOUT,K75,Exception('timeout_or_slo_miss: completed=43/75 errors=32 elapsed_ms=1097.6'),1
FANOUT,K75,Exception('timeout_or_slo_miss: completed=53/75 errors=22 elapsed_ms=1002.9'),8
FANOUT,K75,Exception('timeout_or_slo_miss: completed=54/75 errors=16 elapsed_ms=1507.7'),1
FANOUT,K75,Exception('timeout_or_slo_miss: completed=55/75 errors=20 elapsed_ms=1010.6'),1
FANOUT,K75,Exception('timeout_or_slo_miss: completed=47/75 errors=28 elapsed_ms=1008.3'),1
FANOUT,K75,Exception('timeout_or_slo_miss: completed=55/75 errors=20 elapsed_ms=1002.2'),4
FANOUT,K75,Exception('timeout_or_slo_miss: completed=43/75 errors=32 elapsed_ms=1115.7'),1
FANOUT,K75,Exception('timeout_or_slo_miss: completed=22/75 errors=53 elapsed_ms=1613.4'),1
FANOUT,K75,Exception('timeout_or_slo_miss: completed=49/75 errors=26 elapsed_ms=1093.9'),1
FANOUT,K75,Exception('timeout_or_slo_miss: completed=45/75 errors=30 elapsed_ms=1015.2'),1
FANOUT,K75,Exception('timeout_or_slo_miss: completed=15/75 errors=60 elapsed_ms=1723.3'),1
FANOUT,K75,Exception('timeout_or_slo_miss: completed=53/75 errors=17 elapsed_ms=1512.1'),1
FANOUT,K75,Exception('timeout_or_slo_miss: completed=48/75 errors=18 elapsed_ms=1744.0'),1
FANOUT,K75,Exception('timeout_or_slo_miss: completed=26/75 errors=49 elapsed_ms=1507.0'),1
FANOUT,K75,Exception('timeout_or_slo_miss: completed=52/75 errors=23 elapsed_ms=1007.3'),4
FANOUT,K75,Exception('timeout_or_slo_miss: completed=49/75 errors=21 elapsed_ms=1641.2'),1
FANOUT,K75,Exception('timeout_or_slo_miss: completed=48/75 errors=27 elapsed_ms=1009.3'),2
FANOUT,K75,Exception('timeout_or_slo_miss: completed=47/75 errors=28 elapsed_ms=1011.2'),1
FANOUT,K75,Exception('timeout_or_slo_miss: completed=53/75 errors=22 elapsed_ms=1065.1'),1
FANOUT,K75,Exception('timeout_or_slo_miss: completed=51/75 errors=24 elapsed_ms=1007.9'),2
FANOUT,K75,Exception('timeout_or_slo_miss: completed=29/75 errors=46 elapsed_ms=1505.2'),1
FANOUT,K75,Exception('timeout_or_slo_miss: completed=56/75 errors=19 elapsed_ms=1001.3'),1
FANOUT,K75,Exception('timeout_or_slo_miss: completed=25/75 errors=50 elapsed_ms=1508.5'),1
FANOUT,K75,Exception('timeout_or_slo_miss: completed=49/75 errors=14 elapsed_ms=1823.6'),1
FANOUT,K75,Exception('timeout_or_slo_miss: completed=47/75 errors=28 elapsed_ms=1113.7'),1
FANOUT,K75,Exception('timeout_or_slo_miss: completed=54/75 errors=21 elapsed_ms=1012.1'),1
FANOUT,K75,Exception('timeout_or_slo_miss: completed=54/75 errors=21 elapsed_ms=1003.1'),7
FANOUT,K75,Exception('timeout_or_slo_miss: completed=40/75 errors=35 elapsed_ms=1163.1'),1
FANOUT,K75,Exception('timeout_or_slo_miss: completed=48/75 errors=18 elapsed_ms=1668.1'),1
FANOUT,K75,Exception('timeout_or_slo_miss: completed=53/75 errors=17 elapsed_ms=1542.0'),1
FANOUT,K75,Exception('timeout_or_slo_miss: completed=52/75 errors=23 elapsed_ms=1013.1'),1
FANOUT,K75,Exception('timeout_or_slo_miss: completed=46/75 errors=20 elapsed_ms=1856.2'),1
FANOUT,K75,Exception('timeout_or_slo_miss: completed=53/75 errors=22 elapsed_ms=1002.2'),6
FANOUT,K75,Exception('timeout_or_slo_miss: completed=44/75 errors=31 elapsed_ms=1015.4'),1
FANOUT,K75,Exception('timeout_or_slo_miss: completed=24/75 errors=51 elapsed_ms=1506.7'),1
FANOUT,K75,Exception('timeout_or_slo_miss: completed=44/75 errors=31 elapsed_ms=1182.8'),1
FANOUT,K75,Exception('timeout_or_slo_miss: completed=57/75 errors=18 elapsed_ms=1002.7'),2
FANOUT,K75,Exception('timeout_or_slo_miss: completed=42/75 errors=33 elapsed_ms=1152.5'),1
FANOUT,K75,Exception('timeout_or_slo_miss: completed=47/75 errors=28 elapsed_ms=1068.6'),1
FANOUT,K75,Exception('timeout_or_slo_miss: completed=49/75 errors=26 elapsed_ms=1126.4'),1
FANOUT,K75,Exception('timeout_or_slo_miss: completed=25/75 errors=50 elapsed_ms=1507.5'),2
FANOUT,K75,Exception('timeout_or_slo_miss: completed=49/75 errors=26 elapsed_ms=1004.4'),2
FANOUT,K75,Exception('timeout_or_slo_miss: completed=49/75 errors=26 elapsed_ms=1004.2'),1
FANOUT,K75,Exception('timeout_or_slo_miss: completed=46/75 errors=29 elapsed_ms=1085.0'),1
FANOUT,K75,Exception('timeout_or_slo_miss: completed=57/75 errors=13 elapsed_ms=1394.5'),1
FANOUT,K75,Exception('timeout_or_slo_miss: completed=45/75 errors=30 elapsed_ms=1118.8'),1
FANOUT,K75,Exception('timeout_or_slo_miss: completed=52/75 errors=14 elapsed_ms=1649.6'),1
FANOUT,K75,Exception('timeout_or_slo_miss: completed=49/75 errors=26 elapsed_ms=1009.2'),1
FANOUT,K75,Exception('timeout_or_slo_miss: completed=39/75 errors=36 elapsed_ms=1129.2'),1
FANOUT,K75,Exception('timeout_or_slo_miss: completed=49/75 errors=21 elapsed_ms=1620.5'),1
FANOUT,K75,Exception('timeout_or_slo_miss: completed=49/75 errors=21 elapsed_ms=1621.2'),1
FANOUT,K75,Exception('timeout_or_slo_miss: completed=49/75 errors=26 elapsed_ms=1023.5'),1
FANOUT,K75,Exception('timeout_or_slo_miss: completed=48/75 errors=27 elapsed_ms=1010.5'),3
FANOUT,K75,Exception('timeout_or_slo_miss: completed=56/75 errors=19 elapsed_ms=1002.7'),2
FANOUT,K75,Exception('timeout_or_slo_miss: completed=42/75 errors=33 elapsed_ms=1181.4'),1
FANOUT,K75,Exception('timeout_or_slo_miss: completed=47/75 errors=28 elapsed_ms=1112.8'),1
FANOUT,K75,Exception('timeout_or_slo_miss: completed=47/75 errors=28 elapsed_ms=1010.2'),2
FANOUT,K75,Exception('timeout_or_slo_miss: completed=53/75 errors=22 elapsed_ms=1002.8'),4
FANOUT,K75,Exception('timeout_or_slo_miss: completed=52/75 errors=23 elapsed_ms=1003.3'),1
FANOUT,K75,Exception('timeout_or_slo_miss: completed=25/75 errors=35 elapsed_ms=6785.8'),1
FANOUT,K75,Exception('timeout_or_slo_miss: completed=52/75 errors=23 elapsed_ms=1002.9'),5
FANOUT,K75,Exception('timeout_or_slo_miss: completed=47/75 errors=28 elapsed_ms=1013.9'),2
FANOUT,K75,Exception('timeout_or_slo_miss: completed=48/75 errors=27 elapsed_ms=1011.4'),1
FANOUT,K75,Exception('timeout_or_slo_miss: completed=50/75 errors=25 elapsed_ms=1002.9'),1
FANOUT,K75,Exception('timeout_or_slo_miss: completed=50/75 errors=13 elapsed_ms=1972.0'),1
FANOUT,K75,Exception('timeout_or_slo_miss: completed=43/75 errors=23 elapsed_ms=2006.8'),1
FANOUT,K75,Exception('timeout_or_slo_miss: completed=50/75 errors=25 elapsed_ms=1010.0'),3
FANOUT,K75,Exception('timeout_or_slo_miss: completed=45/75 errors=30 elapsed_ms=1136.4'),1
FANOUT,K75,Exception('timeout_or_slo_miss: completed=33/75 errors=42 elapsed_ms=1504.6'),1
FANOUT,K75,Exception('timeout_or_slo_miss: completed=46/75 errors=29 elapsed_ms=1007.8'),1
FANOUT,K75,Exception('timeout_or_slo_miss: completed=50/75 errors=25 elapsed_ms=1015.0'),1
FANOUT,K75,Exception('timeout_or_slo_miss: completed=49/75 errors=21 elapsed_ms=1612.4'),1
FANOUT,K75,Exception('timeout_or_slo_miss: completed=26/75 errors=49 elapsed_ms=1506.1'),1
FANOUT,K75,Exception('timeout_or_slo_miss: completed=27/75 errors=48 elapsed_ms=1508.5'),2
FANOUT,K75,Exception('timeout_or_slo_miss: completed=42/75 errors=24 elapsed_ms=2016.3'),1
FANOUT,K75,Exception('timeout_or_slo_miss: completed=43/75 errors=23 elapsed_ms=2015.2'),1
FANOUT,K75,Exception('timeout_or_slo_miss: completed=55/75 errors=20 elapsed_ms=1009.4'),1
FANOUT,K75,Exception('timeout_or_slo_miss: completed=51/75 errors=24 elapsed_ms=1008.1'),2
FANOUT,K75,Exception('timeout_or_slo_miss: completed=44/75 errors=31 elapsed_ms=1141.6'),1
FANOUT,K75,Exception('timeout_or_slo_miss: completed=48/75 errors=22 elapsed_ms=1644.2'),1
FANOUT,K75,Exception('timeout_or_slo_miss: completed=50/75 errors=20 elapsed_ms=1628.7'),2
FANOUT,K75,Exception('timeout_or_slo_miss: completed=53/75 errors=22 elapsed_ms=1012.5'),1
FANOUT,K75,Exception('timeout_or_slo_miss: completed=48/75 errors=27 elapsed_ms=1024.4'),1
FANOUT,K75,Exception('timeout_or_slo_miss: completed=29/75 errors=46 elapsed_ms=1503.7'),1
FANOUT,K75,Exception('timeout_or_slo_miss: completed=45/75 errors=30 elapsed_ms=1076.0'),1
FANOUT,K75,Exception('timeout_or_slo_miss: completed=47/75 errors=28 elapsed_ms=1015.5'),1
FANOUT,K75,Exception('timeout_or_slo_miss: completed=55/75 errors=20 elapsed_ms=1320.4'),1
FANOUT,K75,Exception('timeout_or_slo_miss: completed=47/75 errors=28 elapsed_ms=1086.0'),1
FANOUT,K75,Exception('timeout_or_slo_miss: completed=49/75 errors=26 elapsed_ms=1004.3'),1
FANOUT,K75,Exception('timeout_or_slo_miss: completed=55/75 errors=20 elapsed_ms=1003.3'),2
FANOUT,K75,Exception('timeout_or_slo_miss: completed=47/75 errors=28 elapsed_ms=1011.3'),1
FANOUT,K75,Exception('timeout_or_slo_miss: completed=48/75 errors=27 elapsed_ms=1011.8'),4
FANOUT,K75,Exception('timeout_or_slo_miss: completed=45/75 errors=30 elapsed_ms=1083.6'),1
FANOUT,K75,Exception('timeout_or_slo_miss: completed=43/75 errors=32 elapsed_ms=1018.7'),1
FANOUT,K75,Exception('timeout_or_slo_miss: completed=53/75 errors=22 elapsed_ms=1001.9'),2
FANOUT,K75,Exception('timeout_or_slo_miss: completed=47/75 errors=19 elapsed_ms=1720.1'),1
FANOUT,K75,Exception('timeout_or_slo_miss: completed=16/75 errors=59 elapsed_ms=1629.4'),1
FANOUT,K75,Exception('timeout_or_slo_miss: completed=49/75 errors=26 elapsed_ms=1010.7'),3
FANOUT,K75,Exception('timeout_or_slo_miss: completed=45/75 errors=30 elapsed_ms=1068.0'),1
FANOUT,K75,Exception('timeout_or_slo_miss: completed=51/75 errors=19 elapsed_ms=1521.1'),1
FANOUT,K75,Exception('timeout_or_slo_miss: completed=28/75 errors=32 elapsed_ms=12809.6'),1
FANOUT,K75,Exception('timeout_or_slo_miss: completed=22/75 errors=53 elapsed_ms=1511.8'),1
FANOUT,K75,Exception('timeout_or_slo_miss: completed=48/75 errors=27 elapsed_ms=1013.1'),2
FANOUT,K75,Exception('timeout_or_slo_miss: completed=50/75 errors=20 elapsed_ms=1616.3'),1
FANOUT,K75,Exception('timeout_or_slo_miss: completed=49/75 errors=26 elapsed_ms=1009.7'),5
FANOUT,K75,Exception('timeout_or_slo_miss: completed=34/75 errors=25 elapsed_ms=9761.6'),1
FANOUT,K75,Exception('timeout_or_slo_miss: completed=45/75 errors=30 elapsed_ms=1011.5'),1
FANOUT,K75,Exception('timeout_or_slo_miss: completed=46/75 errors=29 elapsed_ms=1103.1'),1
FANOUT,K75,Exception('timeout_or_slo_miss: completed=49/75 errors=21 elapsed_ms=1619.2'),1
FANOUT,K75,Exception('timeout_or_slo_miss: completed=47/75 errors=16 elapsed_ms=2012.0'),1
FANOUT,K75,Exception('timeout_or_slo_miss: completed=52/75 errors=18 elapsed_ms=1630.6'),1
FANOUT,K75,Exception('timeout_or_slo_miss: completed=53/75 errors=22 elapsed_ms=1011.1'),2
FANOUT,K75,Exception('timeout_or_slo_miss: completed=51/75 errors=24 elapsed_ms=1010.5'),1
FANOUT,K75,Exception('timeout_or_slo_miss: completed=48/75 errors=27 elapsed_ms=1005.7'),3
FANOUT,K75,Exception('timeout_or_slo_miss: completed=47/75 errors=23 elapsed_ms=1516.0'),1
FANOUT,K75,Exception('timeout_or_slo_miss: completed=52/75 errors=23 elapsed_ms=1011.0'),3
FANOUT,K75,Exception('timeout_or_slo_miss: completed=49/75 errors=14 elapsed_ms=1873.1'),1
FANOUT,K75,Exception('timeout_or_slo_miss: completed=48/75 errors=22 elapsed_ms=1635.3'),1
FANOUT,K75,Exception('timeout_or_slo_miss: completed=45/75 errors=30 elapsed_ms=1015.1'),1
FANOUT,K75,Exception('timeout_or_slo_miss: completed=53/75 errors=22 elapsed_ms=1003.6'),1
FANOUT,K75,Exception('timeout_or_slo_miss: completed=41/75 errors=34 elapsed_ms=1124.7'),1
FANOUT,K75,Exception('timeout_or_slo_miss: completed=53/75 errors=22 elapsed_ms=1005.8'),3
FANOUT,K75,Exception('timeout_or_slo_miss: completed=22/75 errors=53 elapsed_ms=1579.2'),1
FANOUT,K75,Exception('timeout_or_slo_miss: completed=53/75 errors=22 elapsed_ms=1008.0'),1
FANOUT,K75,Exception('timeout_or_slo_miss: completed=48/75 errors=27 elapsed_ms=1009.5'),2
FANOUT,K75,Exception('timeout_or_slo_miss: completed=52/75 errors=23 elapsed_ms=1007.7'),3
FANOUT,K75,Exception('timeout_or_slo_miss: completed=49/75 errors=17 elapsed_ms=1752.5'),1
FANOUT,K75,Exception('timeout_or_slo_miss: completed=52/75 errors=23 elapsed_ms=1004.7'),5
FANOUT,K75,Exception('timeout_or_slo_miss: completed=53/75 errors=22 elapsed_ms=1015.2'),1
FANOUT,K75,Exception('timeout_or_slo_miss: completed=51/75 errors=24 elapsed_ms=1004.4'),3
FANOUT,K75,Exception('timeout_or_slo_miss: completed=48/75 errors=27 elapsed_ms=1086.6'),1
FANOUT,K75,Exception('timeout_or_slo_miss: completed=45/75 errors=21 elapsed_ms=1887.8'),1
FANOUT,K75,Exception('timeout_or_slo_miss: completed=42/75 errors=33 elapsed_ms=1155.6'),1
FANOUT,K75,Exception('timeout_or_slo_miss: completed=54/75 errors=21 elapsed_ms=1003.9'),5
FANOUT,K75,Exception('timeout_or_slo_miss: completed=46/75 errors=29 elapsed_ms=1082.4'),1
FANOUT,K75,Exception('timeout_or_slo_miss: completed=27/75 errors=48 elapsed_ms=1505.9'),1
FANOUT,K75,Exception('timeout_or_slo_miss: completed=46/75 errors=29 elapsed_ms=1161.8'),1
FANOUT,K75,Exception('timeout_or_slo_miss: completed=44/75 errors=31 elapsed_ms=1526.1'),1
FANOUT,K75,Exception('timeout_or_slo_miss: completed=46/75 errors=29 elapsed_ms=1088.1'),1
FANOUT,K75,Exception('timeout_or_slo_miss: completed=41/75 errors=34 elapsed_ms=1143.5'),1
FANOUT,K75,Exception('timeout_or_slo_miss: completed=46/75 errors=29 elapsed_ms=1131.3'),1
FANOUT,K75,Exception('timeout_or_slo_miss: completed=48/75 errors=27 elapsed_ms=1100.4'),1
FANOUT,K75,Exception('timeout_or_slo_miss: completed=49/75 errors=17 elapsed_ms=1657.7'),1
FANOUT,K75,Exception('timeout_or_slo_miss: completed=44/75 errors=31 elapsed_ms=1010.7'),1
FANOUT,K75,Exception('timeout_or_slo_miss: completed=53/75 errors=22 elapsed_ms=1011.3'),2
FANOUT,K75,Exception('timeout_or_slo_miss: completed=42/75 errors=33 elapsed_ms=1140.8'),1
