Timestamp,User Count,Type,Name,Requests/s,Failures/s,50%,66%,75%,80%,90%,95%,98%,99%,99.9%,99.99%,100%,Total Request Count,Total Failure Count,Total Median Response Time,Total Average Response Time,Total Min Response Time,Total Max Response Time,Total Average Content Size
1774121714,0,,Aggregated,0.000000,0.000000,N/A,N/A,N/A,N/A,N/A,N/A,N/A,N/A,N/A,N/A,N/A,0,0,0,0.0,0,0,0
1774121715,10,,Aggregated,0.000000,0.000000,N/A,N/A,N/A,N/A,N/A,N/A,N/A,N/A,N/A,N/A,N/A,0,0,0,0.0,0,0,0
1774121716,10,,Aggregated,0.000000,0.000000,N/A,N/A,N/A,N/A,N/A,N/A,N/A,N/A,N/A,N/A,N/A,0,0,0,0.0,0,0,0
1774121717,10,,Aggregated,0.000000,0.000000,N/A,N/A,N/A,N/A,N/A,N/A,N/A,N/A,N/A,N/A,N/A,0,0,0,0.0,0,0,0
1774121718,10,,Aggregated,0.000000,0.000000,N/A,N/A,N/A,N/A,N/A,N/A,N/A,N/A,N/A,N/A,N/A,0,0,0,0.0,0,0,0
1774121719,10,,Aggregated,0.000000,0.000000,N/A,N/A,N/A,N/A,N/A,N/A,N/A,N/A,N/A,N/A,N/A,0,0,0,0.0,0,0,0
1774121720,10,,Aggregated,0.000000,0.000000,N/A,N/A,N/A,N/A,N/A,N/A,N/A,N/A,N/A,N/A,N/A,0,0,0,0.0,0,0,0
1774121721,10,,Aggregated,0.000000,0.000000,N/A,N/A,N/A,N/A,N/A,N/A,N/A,N/A,N/A,N/A,N/A,0,0,0,0.0,0,0,0
1774121722,10,,Aggregated,0.000000,0.000000,N/A,N/A,N/A,N/A,N/A,N/A,N/A,N/A,N/A,N/A,N/A,0,0,0,0.0,0,0,0
1774121723,10,,Aggregated,0.000000,0.000000,9000,9000,9000,9000,9000,9000,9000,9000,9000,9000,9000,2,2,8100.0,8507.811440499836,8059.571117999894,8956.051762999778,0.0
1774121724,10,,Aggregated,0.000000,0.000000,9000,9000,9400,9400,9400,9400,9400,9400,9400,9400,9400,3,3,9000.0,8810.158251666508,8059.571117999894,9414.85187399985,0.0
1774121725,10,,Aggregated,0.000000,0.000000,9000,9000,9400,9400,9400,9400,9400,9400,9400,9400,9400,3,3,9000.0,8810.158251666508,8059.571117999894,9414.85187399985,0.0
1774121726,10,,Aggregated,0.300000,0.300000,9400,9400,11000,11000,11000,11000,11000,11000,11000,11000,11000,4,4,9000.0,9482.385884999872,8059.571117999894,11499.068784999963,0.0
1774121727,10,,Aggregated,0.300000,0.300000,9400,9400,11000,11000,11000,11000,11000,11000,11000,11000,11000,4,4,9000.0,9482.385884999872,8059.571117999894,11499.068784999963,0.0
1774121728,10,,Aggregated,0.300000,0.300000,9400,9400,11000,11000,11000,11000,11000,11000,11000,11000,11000,4,4,9000.0,9482.385884999872,8059.571117999894,11499.068784999963,0.0
1774121729,10,,Aggregated,0.300000,0.300000,9400,11000,11000,14000,14000,14000,14000,14000,14000,14000,14000,5,5,9400.0,10412.706042999891,8059.571117999894,14133.98667499996,0.0
1774121730,10,,Aggregated,0.400000,0.400000,15000,15000,16000,16000,16000,16000,16000,16000,16000,16000,16000,10,10,14000.0,12944.52465159993,8059.571117999894,15682.741907000036,0.0
1774121731,10,,Aggregated,0.500000,0.500000,14000,15000,16000,16000,16000,16000,16000,16000,16000,16000,16000,12,12,11000.0,12083.10805716659,7156.655774999763,15682.741907000036,0.0
1774121732,10,,Aggregated,0.500000,0.500000,14000,15000,16000,16000,16000,16000,16000,16000,16000,16000,16000,12,12,11000.0,12083.10805716659,7156.655774999763,15682.741907000036,0.0
1774121733,10,,Aggregated,0.500000,0.500000,14000,15000,16000,16000,16000,16000,16000,16000,16000,16000,16000,12,12,11000.0,12083.10805716659,7156.655774999763,15682.741907000036,0.0
1774121734,10,,Aggregated,0.500000,0.500000,14000,15000,16000,16000,16000,16000,16000,16000,16000,16000,16000,12,12,11000.0,12083.10805716659,7156.655774999763,15682.741907000036,0.0
1774121735,10,,Aggregated,0.500000,0.500000,14000,15000,16000,16000,16000,16000,16000,16000,16000,16000,16000,12,12,11000.0,12083.10805716659,7156.655774999763,15682.741907000036,0.0
1774121736,10,,Aggregated,0.500000,0.500000,14000,15000,16000,16000,16000,16000,16000,16000,16000,16000,16000,12,12,11000.0,12083.10805716659,7156.655774999763,15682.741907000036,0.0
1774121737,10,,Aggregated,0.900000,0.900000,13000,15000,15000,16000,16000,16000,16000,16000,16000,16000,16000,14,14,11000.0,12067.297592571353,7156.655774999763,15682.741907000036,0.0
1774121738,10,,Aggregated,0.900000,0.900000,13000,15000,15000,16000,16000,16000,16000,16000,16000,16000,16000,14,14,11000.0,12067.297592571353,7156.655774999763,15682.741907000036,0.0
1774121739,10,,Aggregated,0.900000,0.900000,11000,14000,15000,16000,16000,16000,16000,16000,16000,16000,16000,15,15,11000.0,11723.4860622666,6910.12463800007,15682.741907000036,0.0
1774121740,10,,Aggregated,1.000000,1.000000,11000,14000,15000,15000,16000,16000,16000,16000,16000,16000,16000,16,16,11000.0,11510.642884374929,6910.12463800007,15682.741907000036,0.0
1774121741,10,,Aggregated,1.000000,1.000000,11000,14000,15000,15000,16000,16000,16000,16000,16000,16000,16000,16,16,11000.0,11510.642884374929,6910.12463800007,15682.741907000036,0.0
1774121742,10,,Aggregated,1.000000,1.000000,11000,14000,15000,15000,16000,16000,16000,16000,16000,16000,16000,16,16,11000.0,11510.642884374929,6910.12463800007,15682.741907000036,0.0
1774121743,10,,Aggregated,0.600000,0.600000,13000,14000,15000,15000,16000,16000,16000,16000,16000,16000,16000,18,18,11000.0,11727.356988444371,6910.12463800007,15682.741907000036,0.0
1774121744,10,,Aggregated,0.400000,0.400000,13000,14000,15000,15000,16000,16000,16000,16000,16000,16000,16000,19,19,13000.0,11822.827827631521,6910.12463800007,15682.741907000036,0.0
1774121745,10,,Aggregated,0.400000,0.400000,13000,14000,15000,15000,16000,16000,16000,16000,16000,16000,16000,23,23,13000.0,11931.143286608658,6094.122036000044,15682.741907000036,0.0
1774121746,10,,Aggregated,0.400000,0.400000,13000,14000,15000,15000,16000,16000,16000,16000,16000,16000,16000,23,23,13000.0,11931.143286608658,6094.122036000044,15682.741907000036,0.0
1774121747,10,,Aggregated,0.900000,0.900000,13000,14000,15000,15000,16000,16000,16000,16000,16000,16000,16000,24,24,13000.0,11805.213837083289,6094.122036000044,15682.741907000036,0.0
1774121748,10,,Aggregated,0.900000,0.900000,13000,14000,15000,15000,16000,16000,16000,16000,16000,16000,16000,24,24,13000.0,11805.213837083289,6094.122036000044,15682.741907000036,0.0
1774121749,10,,Aggregated,1.000000,1.000000,13000,14000,15000,15000,16000,16000,16000,16000,16000,16000,16000,25,25,13000.0,11696.14009687995,6094.122036000044,15682.741907000036,0.0
1774121750,10,,Aggregated,1.000000,1.000000,13000,14000,15000,15000,16000,16000,16000,16000,16000,16000,16000,25,25,13000.0,11696.14009687995,6094.122036000044,15682.741907000036,0.0
1774121751,10,,Aggregated,1.000000,1.000000,13000,14000,15000,15000,16000,16000,16000,16000,16000,16000,16000,25,25,13000.0,11696.14009687995,6094.122036000044,15682.741907000036,0.0
1774121752,10,,Aggregated,1.000000,1.000000,13000,14000,15000,15000,16000,16000,16000,16000,16000,16000,16000,26,26,11000.0,11504.241363538416,6094.122036000044,15682.741907000036,0.0
1774121753,10,,Aggregated,1.000000,1.000000,13000,14000,15000,15000,16000,16000,16000,16000,16000,16000,16000,27,27,13000.0,11656.784188814761,6094.122036000044,15682.741907000036,0.0
1774121754,10,,Aggregated,0.900000,0.900000,13000,14000,15000,15000,16000,16000,16000,16000,16000,16000,16000,28,28,11000.0,11496.515497178521,6094.122036000044,15682.741907000036,0.0
1774121755,10,,Aggregated,0.900000,0.900000,13000,14000,15000,15000,16000,16000,16000,16000,16000,16000,16000,28,28,11000.0,11496.515497178521,6094.122036000044,15682.741907000036,0.0
1774121756,10,,Aggregated,0.900000,0.900000,11000,14000,15000,15000,16000,16000,16000,16000,16000,16000,16000,29,29,11000.0,11334.07659486202,6094.122036000044,15682.741907000036,0.0
1774121757,10,,Aggregated,0.700000,0.700000,11000,14000,15000,15000,16000,16000,16000,16000,16000,16000,16000,30,30,11000.0,11039.006177499958,2481.9640740001887,15682.741907000036,0.0
1774121758,10,,Aggregated,0.500000,0.500000,11000,14000,15000,15000,16000,16000,16000,16000,16000,16000,16000,33,33,11000.0,11062.586534909065,2481.9640740001887,15682.741907000036,0.0
1774121759,10,,Aggregated,0.600000,0.600000,13000,14000,15000,15000,16000,16000,16000,16000,16000,16000,16000,38,38,11000.0,11003.342567631562,2481.9640740001887,15682.741907000036,0.0
1774121760,10,,Aggregated,0.700000,0.700000,13000,14000,15000,15000,16000,16000,16000,16000,16000,16000,16000,40,40,11000.0,10884.117263349994,2481.9640740001887,15682.741907000036,0.0
1774121761,10,,Aggregated,0.700000,0.700000,13000,14000,15000,15000,16000,16000,16000,16000,16000,16000,16000,40,40,11000.0,10884.117263349994,2481.9640740001887,15682.741907000036,0.0
1774121762,10,,Aggregated,0.700000,0.700000,13000,14000,15000,15000,16000,16000,16000,16000,16000,16000,16000,40,40,11000.0,10884.117263349994,2481.9640740001887,15682.741907000036,0.0
1774121763,10,,Aggregated,1.500000,1.500000,11000,14000,15000,15000,15000,16000,16000,16000,16000,16000,16000,41,41,11000.0,10698.510493487804,2481.9640740001887,15682.741907000036,0.0
1774121764,10,,Aggregated,1.500000,1.500000,11000,14000,15000,15000,15000,16000,16000,16000,16000,16000,16000,42,42,11000.0,10515.322233714287,2481.9640740001887,15682.741907000036,0.0
1774121765,10,,Aggregated,1.300000,1.300000,11000,14000,15000,15000,15000,16000,16000,16000,16000,16000,16000,43,43,11000.0,10317.442793069766,2006.5062859998761,15682.741907000036,0.0
1774121766,10,,Aggregated,1.500000,1.500000,9400,14000,15000,15000,15000,16000,16000,16000,16000,16000,16000,46,46,9100.0,10014.751561173905,2006.5062859998761,15682.741907000036,0.0
1774121767,10,,Aggregated,1.400000,1.400000,9100,14000,15000,15000,15000,16000,16000,16000,16000,16000,16000,47,47,9100.0,9846.261113382967,2006.5062859998761,15682.741907000036,0.0
1774121768,10,,Aggregated,1.400000,1.400000,9400,14000,15000,15000,15000,16000,16000,16000,16000,16000,16000,48,48,9100.0,9838.296371374983,2006.5062859998761,15682.741907000036,0.0
1774121769,10,,Aggregated,1.700000,1.700000,9300,13000,14000,15000,15000,16000,16000,16000,16000,16000,16000,54,54,9100.0,9408.926474925913,1136.6748850000477,15682.741907000036,0.0
1774121770,10,,Aggregated,1.700000,1.700000,9100,13000,14000,15000,15000,16000,16000,16000,16000,16000,16000,55,55,9100.0,9259.386194345438,1136.6748850000477,15682.741907000036,0.0
1774121771,10,,Aggregated,1.700000,1.700000,9100,13000,14000,15000,15000,16000,16000,16000,16000,16000,16000,58,58,9000.0,9085.833733568947,1136.6748850000477,15682.741907000036,0.0
1774121772,10,,Aggregated,1.600000,1.600000,8900,11000,14000,14000,15000,16000,16000,16000,16000,16000,16000,63,63,8900.0,8694.781770603158,1136.6748850000477,15682.741907000036,0.0
1774121773,10,,Aggregated,1.500000,1.500000,8300,11000,14000,14000,15000,16000,16000,16000,16000,16000,16000,67,67,8300.0,8243.623446731332,884.4174430000749,15682.741907000036,0.0
1774121774,10,,Aggregated,1.900000,1.900000,8100,11000,14000,14000,15000,16000,16000,16000,16000,16000,16000,70,70,7700.0,7973.608324371411,884.4174430000749,15682.741907000036,0.0
1774121775,10,,Aggregated,2.300000,2.300000,7200,9500,13000,14000,15000,16000,16000,16000,16000,16000,16000,77,77,7200.0,7375.742810350628,884.4174430000749,15682.741907000036,0.0
1774121776,10,,Aggregated,2.700000,2.700000,6800,9300,12000,14000,15000,15000,16000,16000,16000,16000,16000,83,83,6800.0,6996.625580252994,758.2429260000936,15682.741907000036,0.0
1774121777,10,,Aggregated,3.000000,3.000000,6100,9000,11000,14000,15000,15000,16000,16000,16000,16000,16000,90,90,4600.0,6538.259614199978,758.2429260000936,15682.741907000036,0.0
1774121778,10,,Aggregated,3.400000,3.400000,4100,8900,11000,13000,15000,15000,16000,16000,16000,16000,16000,96,96,3300.0,6288.641616718726,758.2429260000936,15682.741907000036,0.0
1774121779,10,,Aggregated,3.900000,3.900000,2700,8300,9800,12000,15000,15000,16000,16000,16000,16000,16000,101,101,2700.0,6027.899413930674,758.2429260000936,15682.741907000036,0.0
1774121780,10,,Aggregated,4.200000,4.200000,2700,7700,9700,11000,15000,15000,16000,16000,16000,16000,16000,108,108,2600.0,5727.086354759243,726.370592999956,15682.741907000036,0.0
1774121781,10,,Aggregated,4.600000,4.600000,2500,7200,9400,11000,15000,15000,16000,16000,16000,16000,16000,114,114,2500.0,5492.188775377173,726.370592999956,15682.741907000036,0.0
1774121782,10,,Aggregated,5.000000,5.000000,2400,6900,9100,11000,14000,15000,16000,16000,16000,16000,16000,122,122,2400.0,5204.805845901625,726.370592999956,15682.741907000036,0.0
1774121783,10,,Aggregated,5.400000,5.400000,2200,6800,9000,9800,14000,15000,16000,16000,16000,16000,16000,128,128,2100.0,5030.260332945293,726.370592999956,15682.741907000036,0.0
1774121784,10,,Aggregated,5.600000,5.600000,2000,6100,8400,9700,14000,15000,16000,16000,16000,16000,16000,133,133,2000.0,4882.835224924802,726.370592999956,15682.741907000036,0.0
1774121785,10,,Aggregated,6.000000,6.000000,1800,4100,8300,9500,14000,15000,16000,16000,16000,16000,16000,139,139,1800.0,4724.82047903596,726.370592999956,15682.741907000036,0.0
1774121786,10,,Aggregated,5.900000,5.900000,1600,3300,7700,9300,14000,15000,16000,16000,16000,16000,16000,146,146,1600.0,4559.628566630124,726.370592999956,15682.741907000036,0.0
1774121787,10,,Aggregated,6.400000,6.400000,1500,2700,7200,9100,14000,15000,16000,16000,16000,16000,16000,153,153,1500.0,4402.270512189528,726.370592999956,15682.741907000036,0.0
1774121788,10,,Aggregated,6.500000,6.500000,1500,2700,7200,9000,14000,15000,16000,16000,16000,16000,16000,160,160,1500.0,4266.357082181237,726.370592999956,15682.741907000036,0.0
1774121789,10,,Aggregated,6.200000,6.200000,1500,2600,6900,8400,14000,15000,16000,16000,16000,16000,16000,166,166,1500.0,4151.275034542152,726.370592999956,15682.741907000036,0.0
1774121790,10,,Aggregated,6.400000,6.400000,1500,2500,6800,8300,14000,15000,16000,16000,16000,16000,16000,173,173,1500.0,4028.4136223410273,726.370592999956,15682.741907000036,0.0
1774121791,10,,Aggregated,6.600000,6.600000,1200,2500,6700,8100,14000,15000,16000,16000,16000,16000,16000,179,179,1200.0,3929.960960223454,726.370592999956,15682.741907000036,0.0
1774121792,10,,Aggregated,6.300000,6.300000,1200,2400,4600,7300,13000,15000,16000,16000,16000,16000,16000,186,186,1200.0,3838.628912618269,726.370592999956,15682.741907000036,0.0
1774121793,10,,Aggregated,6.500000,6.500000,1200,2200,3600,7200,13000,15000,16000,16000,16000,16000,16000,193,193,1200.0,3737.713796590667,726.370592999956,15682.741907000036,0.0
1774121794,10,,Aggregated,6.400000,6.400000,1100,2200,3300,7200,13000,15000,16000,16000,16000,16000,16000,199,199,1100.0,3659.1665352713517,726.370592999956,15682.741907000036,0.0
1774121795,10,,Aggregated,6.300000,6.300000,1100,2100,3300,7100,12000,15000,15000,16000,16000,16000,16000,204,204,1100.0,3597.325140553914,726.370592999956,15682.741907000036,0.0
1774121796,10,,Aggregated,6.600000,6.600000,1100,1900,2700,6800,11000,15000,15000,16000,16000,16000,16000,212,212,1100.0,3501.79218454245,726.370592999956,15682.741907000036,0.0
1774121797,10,,Aggregated,6.300000,6.300000,1100,1800,2700,6800,11000,15000,15000,16000,16000,16000,16000,218,218,1100.0,3451.0328043394484,726.370592999956,15682.741907000036,0.0
1774121798,10,,Aggregated,6.100000,6.100000,1100,1800,2700,6700,11000,15000,15000,16000,16000,16000,16000,224,224,1100.0,3390.2192356160676,726.370592999956,15682.741907000036,0.0
1774121799,10,,Aggregated,6.500000,6.500000,1100,1700,2600,4600,11000,15000,15000,16000,16000,16000,16000,231,231,1100.0,3318.1121423549735,726.370592999956,15682.741907000036,0.0
1774121800,10,,Aggregated,6.600000,6.600000,1100,1600,2500,4500,11000,15000,15000,16000,16000,16000,16000,237,237,1100.0,3262.161385464133,726.370592999956,15682.741907000036,0.0
1774121801,10,,Aggregated,6.400000,6.400000,1100,1600,2500,4100,11000,14000,15000,16000,16000,16000,16000,244,244,1100.0,3202.232455803275,726.370592999956,15682.741907000036,0.0
1774121802,10,,Aggregated,6.400000,6.400000,1100,1600,2500,3600,11000,14000,15000,16000,16000,16000,16000,249,249,1100.0,3160.43184922891,726.370592999956,15682.741907000036,0.0
1774121803,10,,Aggregated,6.300000,6.300000,1100,1600,2500,3300,9800,14000,15000,16000,16000,16000,16000,256,256,1100.0,3122.8129792578084,726.370592999956,15682.741907000036,0.0
1774121804,10,,Aggregated,6.600000,6.600000,1100,1500,2400,3300,9700,14000,15000,16000,16000,16000,16000,263,263,1100.0,3068.935052912545,726.370592999956,15682.741907000036,0.0
1774121805,10,,Aggregated,6.400000,6.400000,1100,1500,2200,2700,9500,14000,15000,16000,16000,16000,16000,271,271,1100.0,3013.6319857933554,726.370592999956,15682.741907000036,0.0
1774121806,10,,Aggregated,6.300000,6.300000,1000,1500,2200,2700,9500,14000,15000,16000,16000,16000,16000,277,277,1000.0,2971.420681097472,726.370592999956,15682.741907000036,0.0
1774121807,10,,Aggregated,6.400000,6.400000,1000,1500,2100,2700,9400,14000,15000,16000,16000,16000,16000,282,282,1000.0,2939.7025520212765,726.370592999956,15682.741907000036,0.0
1774121808,10,,Aggregated,6.700000,6.700000,1000,1500,2100,2700,9400,14000,15000,16000,16000,16000,16000,288,288,1000.0,2901.326106260414,726.370592999956,15682.741907000036,0.0
1774121809,10,,Aggregated,6.500000,6.500000,1000,1500,2100,2700,9300,14000,15000,16000,16000,16000,16000,295,295,1000.0,2867.3482613559295,726.370592999956,15682.741907000036,0.0
1774121810,10,,Aggregated,6.200000,6.200000,1000,1500,2000,2600,9100,14000,15000,16000,16000,16000,16000,303,303,1000.0,2824.4934382079186,712.7044270000624,15682.741907000036,0.0
1774121811,10,,Aggregated,6.200000,6.200000,1000,1500,2000,2500,9100,14000,15000,16000,16000,16000,16000,307,307,1000.0,2800.015009576546,712.7044270000624,15682.741907000036,0.0
1774121812,10,,Aggregated,6.400000,6.400000,1000,1500,2000,2500,9000,14000,15000,16000,16000,16000,16000,316,316,1000.0,2754.363732604429,712.7044270000624,15682.741907000036,0.0
1774121813,10,,Aggregated,6.600000,6.600000,1000,1500,1900,2500,9000,14000,15000,16000,16000,16000,16000,320,320,1000.0,2731.838105621873,712.7044270000624,15682.741907000036,0.0
1774121814,10,,Aggregated,6.200000,6.200000,1000,1500,1800,2400,8900,14000,15000,16000,16000,16000,16000,326,326,1000.0,2702.133223625766,712.7044270000624,15682.741907000036,0.0
1774121815,10,,Aggregated,6.600000,6.600000,1000,1500,1800,2400,8400,14000,15000,16000,16000,16000,16000,333,333,1000.0,2681.8523488978985,712.7044270000624,15682.741907000036,0.0
1774121816,10,,Aggregated,6.500000,6.500000,1000,1500,1800,2400,8400,14000,15000,16000,16000,16000,16000,340,340,1000.0,2647.7902448558825,712.7044270000624,15682.741907000036,0.0
1774121817,10,,Aggregated,6.500000,6.500000,1000,1500,1800,2300,8300,14000,15000,16000,16000,16000,16000,347,347,1000.0,2619.7100810201723,712.7044270000624,15682.741907000036,0.0
1774121818,10,,Aggregated,6.200000,6.200000,1000,1500,1800,2200,8100,14000,15000,16000,16000,16000,16000,351,351,1000.0,2601.359784717949,712.7044270000624,15682.741907000036,0.0
1774121819,10,,Aggregated,6.300000,6.300000,1000,1500,1800,2200,8100,14000,15000,16000,16000,16000,16000,360,360,1000.0,2568.0543106555547,712.7044270000624,15682.741907000036,0.0
1774121820,10,,Aggregated,6.600000,6.600000,1000,1200,1800,2100,7700,13000,15000,16000,16000,16000,16000,367,367,1000.0,2539.085290572205,712.7044270000624,15682.741907000036,0.0
1774121821,10,,Aggregated,6.300000,6.300000,1000,1300,1700,2100,7300,13000,15000,16000,16000,16000,16000,373,373,1000.0,2519.2783417292194,712.7044270000624,15682.741907000036,0.0
1774121822,10,,Aggregated,6.500000,6.500000,1000,1200,1700,2100,7300,13000,15000,16000,16000,16000,16000,378,378,1000.0,2499.7760172169287,712.7044270000624,15682.741907000036,0.0
1774121823,10,,Aggregated,6.400000,6.400000,1000,1200,1600,2100,7200,13000,15000,16000,16000,16000,16000,386,386,1000.0,2473.2022161632094,712.7044270000624,15682.741907000036,0.0
1774121824,10,,Aggregated,6.700000,6.700000,1000,1200,1600,2100,7200,13000,15000,16000,16000,16000,16000,393,393,1000.0,2450.2010401145035,712.7044270000624,15682.741907000036,0.0
1774121825,10,,Aggregated,6.200000,6.200000,1000,1200,1600,2000,7200,13000,15000,16000,16000,16000,16000,398,398,1000.0,2435.7168989874367,712.7044270000624,15682.741907000036,0.0
1774121826,10,,Aggregated,6.400000,6.400000,1000,1200,1600,2000,7100,12000,15000,15000,16000,16000,16000,406,406,1000.0,2411.9738986576353,712.7044270000624,15682.741907000036,0.0
1774121827,10,,Aggregated,6.500000,6.500000,1000,1200,1600,2000,6900,12000,15000,15000,16000,16000,16000,411,411,1000.0,2394.562128554744,712.7044270000624,15682.741907000036,0.0
1774121828,10,,Aggregated,6.500000,6.500000,1000,1200,1600,2000,6900,12000,15000,15000,16000,16000,16000,420,420,1000.0,2370.4663901380945,712.7044270000624,15682.741907000036,0.0
1774121829,10,,Aggregated,6.600000,6.600000,1000,1100,1600,2000,6800,11000,15000,15000,16000,16000,16000,424,424,1000.0,2357.5244777523585,712.7044270000624,15682.741907000036,0.0
1774121830,10,,Aggregated,6.300000,6.300000,1000,1100,1600,1900,6800,11000,15000,15000,16000,16000,16000,433,433,1000.0,2333.015817923787,712.7044270000624,15682.741907000036,0.0
1774121831,10,,Aggregated,6.900000,6.900000,1000,1100,1600,1900,6800,11000,15000,15000,16000,16000,16000,439,439,1000.0,2315.047953209565,712.7044270000624,15682.741907000036,0.0
1774121832,10,,Aggregated,6.400000,6.400000,1000,1100,1500,1900,6700,11000,15000,15000,16000,16000,16000,445,445,1000.0,2300.986049856177,712.7044270000624,15682.741907000036,0.0
1774121833,10,,Aggregated,6.600000,6.600000,1000,1100,1500,1900,6100,11000,15000,15000,16000,16000,16000,451,451,1000.0,2286.324700006647,712.7044270000624,15682.741907000036,0.0
1774121834,10,,Aggregated,6.500000,6.500000,1000,1100,1500,1900,6100,11000,15000,15000,16000,16000,16000,459,459,1000.0,2266.0244706993417,712.7044270000624,15682.741907000036,0.0
1774121836,10,,Aggregated,6.700000,6.700000,1000,1100,1500,1800,5500,11000,15000,15000,16000,16000,16000,463,463,1000.0,2256.7628946263453,712.7044270000624,15682.741907000036,0.0
1774121837,10,,Aggregated,6.500000,6.500000,1000,1100,1500,1800,5100,11000,15000,15000,16000,16000,16000,471,471,1000.0,2239.089792815283,712.7044270000624,15682.741907000036,0.0
1774121838,10,,Aggregated,6.600000,6.600000,1000,1100,1500,1800,5100,11000,15000,15000,16000,16000,16000,478,478,1000.0,2222.6278885188244,712.7044270000624,15682.741907000036,0.0
1774121839,10,,Aggregated,6.500000,6.500000,1000,1100,1500,1800,4600,11000,15000,15000,16000,16000,16000,484,484,1000.0,2208.6047378553694,712.7044270000624,15682.741907000036,0.0
1774121840,10,,Aggregated,6.500000,6.500000,1000,1100,1500,1800,4600,11000,15000,15000,16000,16000,16000,490,490,1000.0,2198.8587251285685,712.7044270000624,15682.741907000036,0.0
1774121841,10,,Aggregated,6.400000,6.400000,1000,1100,1500,1800,4500,11000,15000,15000,16000,16000,16000,497,497,1000.0,2182.66363206237,712.7044270000624,15682.741907000036,0.0
1774121842,10,,Aggregated,6.400000,6.400000,1000,1100,1500,1800,4200,9800,15000,15000,16000,16000,16000,504,504,1000.0,2168.411727303566,712.7044270000624,15682.741907000036,0.0
1774121843,10,,Aggregated,6.300000,6.300000,1000,1100,1500,1800,4100,9800,15000,15000,16000,16000,16000,511,511,1000.0,2154.2552135498977,712.7044270000624,15682.741907000036,0.0
1774121844,10,,Aggregated,6.300000,6.300000,1000,1100,1500,1800,4100,9800,15000,15000,16000,16000,16000,517,517,1000.0,2143.1016905396473,712.7044270000624,15682.741907000036,0.0
1774121845,10,,Aggregated,6.500000,6.500000,1000,1100,1500,1800,3600,9700,15000,15000,16000,16000,16000,525,525,1000.0,2128.2457888418985,712.7044270000624,15682.741907000036,0.0
1774121846,10,,Aggregated,6.600000,6.600000,1000,1100,1500,1800,3300,9700,15000,15000,16000,16000,16000,533,533,1000.0,2112.535433151965,712.7044270000624,15682.741907000036,0.0
1774121847,10,,Aggregated,6.600000,6.600000,1000,1100,1500,1700,3300,9700,15000,15000,16000,16000,16000,539,539,1000.0,2101.399689684595,712.7044270000624,15682.741907000036,0.0
1774121848,10,,Aggregated,6.600000,6.600000,1000,1100,1500,1700,3300,9500,15000,15000,16000,16000,16000,543,543,1000.0,2093.981890106809,712.7044270000624,15682.741907000036,0.0
1774121849,10,,Aggregated,6.900000,6.900000,1000,1100,1500,1700,3000,9500,15000,15000,16000,16000,16000,551,551,1000.0,2080.9490540381057,712.7044270000624,15682.741907000036,0.0
1774121850,10,,Aggregated,6.700000,6.700000,1000,1100,1500,1700,3000,9500,15000,15000,16000,16000,16000,559,559,1000.0,2066.932688379241,712.7044270000624,15682.741907000036,0.0
1774121851,10,,Aggregated,6.500000,6.500000,1000,1100,1500,1700,2700,9400,15000,15000,16000,16000,16000,564,564,1000.0,2059.8798630496394,712.7044270000624,15682.741907000036,0.0
1774121852,10,,Aggregated,6.700000,6.700000,1000,1100,1500,1600,2700,9400,15000,15000,16000,16000,16000,569,569,1000.0,2051.5245977398895,712.7044270000624,15682.741907000036,0.0
1774121853,10,,Aggregated,6.800000,6.800000,1000,1100,1500,1600,2700,9400,15000,15000,16000,16000,16000,579,579,1000.0,2036.4635970224485,712.7044270000624,15682.741907000036,0.0
1774121854,10,,Aggregated,6.800000,6.800000,1000,1100,1500,1600,2700,9300,15000,15000,16000,16000,16000,585,585,1000.0,2025.6665114376033,712.7044270000624,15682.741907000036,0.0
1774121855,10,,Aggregated,6.800000,6.800000,1000,1100,1500,1600,2700,9300,15000,15000,16000,16000,16000,591,591,1000.0,2017.0899963417905,712.7044270000624,15682.741907000036,0.0
1774121856,10,,Aggregated,6.800000,6.800000,1000,1100,1500,1600,2700,9300,15000,15000,16000,16000,16000,597,597,1000.0,2008.4199122211016,712.7044270000624,15682.741907000036,0.0
1774121857,10,,Aggregated,6.500000,6.500000,1000,1100,1500,1600,2600,9100,14000,15000,16000,16000,16000,606,606,1000.0,1996.6997516435613,712.7044270000624,15682.741907000036,0.0
1774121858,10,,Aggregated,6.500000,6.500000,1000,1100,1500,1600,2600,9100,14000,15000,16000,16000,16000,610,610,1000.0,1989.9411017311447,712.7044270000624,15682.741907000036,0.0
1774121859,10,,Aggregated,6.400000,6.400000,1000,1100,1500,1600,2600,9100,14000,15000,16000,16000,16000,619,619,1000.0,1978.4981838368315,712.7044270000624,15682.741907000036,0.0
1774121860,10,,Aggregated,6.600000,6.600000,1000,1100,1500,1600,2500,9000,14000,15000,16000,16000,16000,624,624,1000.0,1970.9948990769215,712.7044270000624,15682.741907000036,0.0
1774121861,10,,Aggregated,6.800000,6.800000,1000,1100,1500,1600,2500,9000,14000,15000,16000,16000,16000,633,633,1000.0,1961.642381007897,712.7044270000624,15682.741907000036,0.0
1774121862,10,,Aggregated,6.500000,6.500000,1000,1100,1500,1600,2500,9000,14000,15000,16000,16000,16000,637,637,1000.0,1955.8313675196216,712.7044270000624,15682.741907000036,0.0
1774121863,10,,Aggregated,6.800000,6.800000,1000,1100,1500,1600,2500,8900,14000,15000,16000,16000,16000,645,645,1000.0,1947.4775683860453,712.7044270000624,15682.741907000036,0.0
1774121864,10,,Aggregated,6.700000,6.700000,1000,1100,1500,1600,2500,8900,14000,15000,16000,16000,16000,652,652,1000.0,1937.0383796242327,712.7044270000624,15682.741907000036,0.0
1774121865,10,,Aggregated,6.600000,6.600000,1000,1100,1500,1600,2500,8900,14000,15000,16000,16000,16000,658,658,1000.0,1930.8618574300904,712.7044270000624,15682.741907000036,0.0
1774121866,10,,Aggregated,6.500000,6.500000,1000,1100,1500,1600,2400,8400,14000,15000,16000,16000,16000,664,664,1000.0,1923.0415293057229,712.7044270000624,15682.741907000036,0.0
1774121867,10,,Aggregated,6.600000,6.600000,1000,1100,1500,1600,2400,8400,14000,15000,16000,16000,16000,672,672,1000.0,1914.8227239226192,712.7044270000624,15682.741907000036,0.0
1774121868,10,,Aggregated,6.700000,6.700000,1000,1100,1500,1600,2400,8400,14000,15000,16000,16000,16000,678,678,1000.0,1906.804804665192,712.7044270000624,15682.741907000036,0.0
1774121869,10,,Aggregated,6.700000,6.700000,1000,1100,1500,1600,2300,8300,14000,15000,16000,16000,16000,686,686,1000.0,1898.3505102201163,639.1247429996838,15682.741907000036,0.0
1774121870,10,,Aggregated,6.600000,6.600000,1000,1100,1500,1600,2300,8300,14000,15000,16000,16000,16000,692,692,1000.0,1891.3487847673416,639.1247429996838,15682.741907000036,0.0
1774121871,10,,Aggregated,6.600000,6.600000,1000,1100,1500,1600,2300,8300,14000,15000,16000,16000,16000,698,698,1000.0,1884.6941868610338,639.1247429996838,15682.741907000036,0.0
1774121872,10,,Aggregated,6.600000,6.600000,1000,1100,1500,1600,2300,8100,14000,15000,16000,16000,16000,704,704,1000.0,1879.1355286150583,639.1247429996838,15682.741907000036,0.0
1774121873,10,,Aggregated,6.400000,6.400000,1000,1100,1500,1500,2200,8100,14000,15000,16000,16000,16000,712,712,1000.0,1870.0844244873626,639.1247429996838,15682.741907000036,0.0
1774121874,10,,Aggregated,6.800000,6.800000,1000,1100,1500,1500,2200,8100,14000,15000,16000,16000,16000,718,718,1000.0,1864.8994238231228,639.1247429996838,15682.741907000036,0.0
1774121875,10,,Aggregated,6.800000,6.800000,1000,1100,1500,1500,2200,7700,14000,15000,16000,16000,16000,723,723,1000.0,1859.9603001632117,639.1247429996838,15682.741907000036,0.0
1774121876,10,,Aggregated,6.600000,6.600000,1000,1100,1500,1500,2200,7700,14000,15000,16000,16000,16000,731,731,1000.0,1852.1595589808512,639.1247429996838,15682.741907000036,0.0
1774121877,10,,Aggregated,6.700000,6.700000,1000,1100,1500,1500,2200,7700,14000,15000,16000,16000,16000,738,738,1000.0,1845.34973273442,639.1247429996838,15682.741907000036,0.0
1774121878,10,,Aggregated,6.800000,6.800000,1000,1100,1500,1500,2200,7300,14000,15000,16000,16000,16000,744,744,1000.0,1840.2472876680142,639.1247429996838,15682.741907000036,0.0
1774121879,10,,Aggregated,6.800000,6.800000,1000,1100,1500,1500,2200,7300,14000,15000,16000,16000,16000,749,749,1000.0,1835.5144985287077,639.1247429996838,15682.741907000036,0.0
1774121880,10,,Aggregated,6.500000,6.500000,1000,1100,1500,1500,2200,7300,14000,15000,16000,16000,16000,757,757,1000.0,1828.6454321955114,639.1247429996838,15682.741907000036,0.0
1774121881,10,,Aggregated,6.400000,6.400000,1000,1100,1500,1500,2200,7200,14000,15000,16000,16000,16000,764,764,1000.0,1821.3123983952912,639.1247429996838,15682.741907000036,0.0
1774121882,10,,Aggregated,6.400000,6.400000,1000,1100,1500,1500,2100,7200,14000,15000,16000,16000,16000,771,771,1000.0,1815.1531369053214,639.1247429996838,15682.741907000036,0.0
1774121883,10,,Aggregated,6.600000,6.600000,1000,1100,1500,1500,2100,7200,14000,15000,16000,16000,16000,778,778,1000.0,1809.2233509010318,639.1247429996838,15682.741907000036,0.0
1774121884,10,,Aggregated,6.700000,6.700000,1000,1100,1500,1500,2100,7200,14000,15000,16000,16000,16000,784,784,1000.0,1804.4918151007682,639.1247429996838,15682.741907000036,0.0
1774121885,10,,Aggregated,6.500000,6.500000,1000,1100,1500,1500,2100,7200,14000,15000,16000,16000,16000,790,790,1000.0,1800.0980233835476,639.1247429996838,15682.741907000036,0.0
1774121886,10,,Aggregated,6.500000,6.500000,1000,1100,1500,1500,2100,7200,14000,15000,16000,16000,16000,797,797,1000.0,1794.513601399,639.1247429996838,15682.741907000036,0.0
1774121887,10,,Aggregated,6.600000,6.600000,1000,1100,1500,1500,2100,7100,14000,15000,16000,16000,16000,804,804,1000.0,1788.8950912985108,639.1247429996838,15682.741907000036,0.0
1774121888,10,,Aggregated,6.400000,6.400000,1000,1100,1500,1500,2100,7100,14000,15000,16000,16000,16000,810,810,1000.0,1783.2703648037077,639.1247429996838,15682.741907000036,0.0
1774121889,10,,Aggregated,6.700000,6.700000,1000,1100,1500,1500,2100,7100,14000,15000,16000,16000,16000,817,817,1000.0,1778.913074785805,639.1247429996838,15682.741907000036,0.0
1774121890,10,,Aggregated,6.600000,6.600000,1000,1100,1500,1500,2100,6900,14000,15000,16000,16000,16000,823,823,1000.0,1773.4718503499419,639.1247429996838,15682.741907000036,0.0
1774121891,10,,Aggregated,6.700000,6.700000,1000,1100,1500,1500,2100,6900,14000,15000,16000,16000,16000,831,831,1000.0,1768.5254697942273,639.1247429996838,15682.741907000036,0.0
1774121892,10,,Aggregated,6.700000,6.700000,1000,1100,1500,1500,2100,6900,14000,15000,16000,16000,16000,834,834,1000.0,1765.8855714928097,639.1247429996838,15682.741907000036,0.0
1774121893,10,,Aggregated,6.700000,6.700000,1000,1100,1500,1500,2000,6800,14000,15000,16000,16000,16000,843,843,1000.0,1760.3424632491137,639.1247429996838,15682.741907000036,0.0
1774121894,10,,Aggregated,6.300000,6.300000,1000,1100,1500,1500,2000,6800,14000,15000,16000,16000,16000,849,849,1000.0,1755.7581285265046,639.1247429996838,15682.741907000036,0.0
1774121895,10,,Aggregated,6.600000,6.600000,1000,1100,1500,1500,2000,6800,14000,15000,16000,16000,16000,856,856,1000.0,1751.0276656729004,639.1247429996838,15682.741907000036,0.0
1774121896,10,,Aggregated,6.500000,6.500000,1000,1100,1500,1500,2000,6800,14000,15000,16000,16000,16000,862,862,1000.0,1746.3696236461758,639.1247429996838,15682.741907000036,0.0
1774121897,10,,Aggregated,6.400000,6.400000,1000,1100,1500,1500,2000,6800,14000,15000,16000,16000,16000,869,869,1000.0,1741.4920091058718,639.1247429996838,15682.741907000036,0.0
1774121898,10,,Aggregated,6.600000,6.600000,1000,1100,1500,1500,2000,6800,14000,15000,16000,16000,16000,875,875,1000.0,1737.94489567886,639.1247429996838,15682.741907000036,0.0
1774121899,10,,Aggregated,6.400000,6.400000,1000,1100,1500,1500,2000,6700,14000,15000,16000,16000,16000,882,882,1000.0,1732.7123735997761,639.1247429996838,15682.741907000036,0.0
1774121900,10,,Aggregated,6.400000,6.400000,1000,1100,1500,1500,2000,6700,14000,15000,16000,16000,16000,890,890,1000.0,1727.6620976337115,639.1247429996838,15682.741907000036,0.0
1774121901,10,,Aggregated,6.400000,6.400000,1000,1100,1500,1500,2000,6700,14000,15000,16000,16000,16000,897,897,1000.0,1722.6827701705731,639.1247429996838,15682.741907000036,0.0
1774121902,10,,Aggregated,6.700000,6.700000,1000,1100,1500,1500,2000,6100,13000,15000,16000,16000,16000,905,905,1000.0,1717.3181847966898,639.1247429996838,15682.741907000036,0.0
1774121903,10,,Aggregated,6.400000,6.400000,1000,1100,1500,1500,2000,6100,13000,15000,16000,16000,16000,910,910,1000.0,1714.1278983967077,639.1247429996838,15682.741907000036,0.0
1774121904,10,,Aggregated,6.500000,6.500000,1000,1100,1500,1500,2000,6100,13000,15000,16000,16000,16000,916,916,1000.0,1711.2522339246768,639.1247429996838,15682.741907000036,0.0
1774121905,10,,Aggregated,6.500000,6.500000,1000,1100,1500,1500,2000,5500,13000,15000,16000,16000,16000,922,922,1000.0,1706.7546321757097,639.1247429996838,15682.741907000036,0.0
1774121906,10,,Aggregated,6.800000,6.800000,1000,1100,1500,1500,2000,5500,13000,15000,16000,16000,16000,931,931,1000.0,1702.0458564146122,639.1247429996838,15682.741907000036,0.0
1774121907,10,,Aggregated,6.700000,6.700000,1000,1100,1500,1500,2000,5500,13000,15000,16000,16000,16000,936,936,1000.0,1698.2084435235088,639.1247429996838,15682.741907000036,0.0
1774121908,10,,Aggregated,6.600000,6.600000,1000,1100,1500,1500,2000,5100,13000,15000,16000,16000,16000,943,943,1000.0,1694.6527153011705,639.1247429996838,15682.741907000036,0.0
1774121909,10,,Aggregated,6.600000,6.600000,1000,1100,1500,1500,2000,5100,13000,15000,16000,16000,16000,949,949,1000.0,1690.5088276132817,639.1247429996838,15682.741907000036,0.0
1774121910,10,,Aggregated,7.100000,7.100000,1000,1100,1500,1500,2000,5100,13000,15000,16000,16000,16000,958,958,1000.0,1686.1699004499014,639.1247429996838,15682.741907000036,0.0
1774121911,10,,Aggregated,6.700000,6.700000,1000,1100,1500,1500,1900,4600,13000,15000,16000,16000,16000,961,961,1000.0,1683.726405108226,639.1247429996838,15682.741907000036,0.0
1774121912,10,,Aggregated,6.600000,6.600000,1000,1100,1500,1500,2000,4600,13000,15000,16000,16000,16000,970,970,1000.0,1679.6778960628922,639.1247429996838,15682.741907000036,0.0
1774121913,10,,Aggregated,6.700000,6.700000,1000,1100,1500,1500,1900,4600,13000,15000,16000,16000,16000,977,977,1000.0,1675.5527059283577,639.1247429996838,15682.741907000036,0.0
1774121914,10,,Aggregated,6.900000,6.900000,1000,1100,1500,1500,1900,4500,13000,15000,16000,16000,16000,984,984,1000.0,1672.2425776128102,639.1247429996838,15682.741907000036,0.0
1774121915,10,,Aggregated,6.800000,6.800000,1000,1100,1500,1500,1900,4500,13000,15000,16000,16000,16000,989,989,1000.0,1669.42664907584,639.1247429996838,15682.741907000036,0.0
1774121916,10,,Aggregated,6.400000,6.400000,1000,1100,1500,1500,1900,4500,13000,15000,16000,16000,16000,997,997,1000.0,1665.7029091775396,639.1247429996838,15682.741907000036,0.0
1774121917,10,,Aggregated,6.600000,6.600000,1000,1100,1500,1500,1900,4200,12000,15000,16000,16000,16000,1003,1003,1000.0,1662.200307591233,639.1247429996838,15682.741907000036,0.0
1774121918,10,,Aggregated,6.700000,6.700000,1000,1100,1500,1500,1900,4200,12000,15000,16000,16000,16000,1011,1011,1000.0,1658.391460779433,639.1247429996838,15682.741907000036,0.0
1774121919,10,,Aggregated,6.600000,6.600000,1000,1100,1500,1500,1900,4200,12000,15000,16000,16000,16000,1017,1017,1000.0,1655.6189237119045,639.1247429996838,15682.741907000036,0.0
1774121920,10,,Aggregated,6.400000,6.400000,1000,1100,1500,1500,1900,4100,12000,15000,16000,16000,16000,1024,1024,1000.0,1651.6568632724673,639.1247429996838,15682.741907000036,0.0
1774121921,10,,Aggregated,6.500000,6.500000,1000,1100,1500,1500,1800,4100,12000,15000,16000,16000,16000,1031,1031,1000.0,1647.9687803006864,639.1247429996838,15682.741907000036,0.0
1774121922,10,,Aggregated,6.700000,6.700000,1000,1100,1500,1500,1800,4100,12000,15000,16000,16000,16000,1037,1037,1000.0,1644.8449203886291,639.1247429996838,15682.741907000036,0.0
1774121923,10,,Aggregated,6.600000,6.600000,1000,1100,1500,1500,1800,3600,12000,15000,16000,16000,16000,1043,1043,1000.0,1642.4373478801615,639.1247429996838,15682.741907000036,0.0
1774121924,10,,Aggregated,6.600000,6.600000,1000,1100,1500,1500,1800,3600,12000,15000,16000,16000,16000,1050,1050,1000.0,1638.8426551209598,639.1247429996838,15682.741907000036,0.0
1774121925,10,,Aggregated,6.600000,6.600000,1000,1100,1500,1500,1800,3600,11000,15000,16000,16000,16000,1057,1057,1000.0,1635.057723511833,639.1247429996838,15682.741907000036,0.0
1774121926,10,,Aggregated,6.800000,6.800000,1000,1100,1500,1500,1800,3300,11000,15000,16000,16000,16000,1062,1062,1000.0,1633.3463313436985,639.1247429996838,15682.741907000036,0.0
1774121927,10,,Aggregated,6.600000,6.600000,1000,1100,1500,1500,1800,3300,11000,15000,16000,16000,16000,1070,1070,1000.0,1629.344321635521,639.1247429996838,15682.741907000036,0.0
1774121928,10,,Aggregated,6.500000,6.500000,1000,1100,1500,1500,1800,3300,11000,15000,16000,16000,16000,1077,1077,1000.0,1626.0310946991724,639.1247429996838,15682.741907000036,0.0
1774121929,10,,Aggregated,6.800000,6.800000,1000,1100,1500,1500,1800,3300,11000,15000,16000,16000,16000,1085,1085,1000.0,1622.479231364062,639.1247429996838,15682.741907000036,0.0
1774121930,10,,Aggregated,6.700000,6.700000,1000,1100,1500,1500,1800,3300,11000,15000,16000,16000,16000,1090,1090,1000.0,1620.46145376331,639.1247429996838,15682.741907000036,0.0
1774121931,10,,Aggregated,6.800000,6.800000,1000,1100,1500,1500,1800,3300,11000,15000,16000,16000,16000,1097,1097,1000.0,1617.2961058587123,639.1247429996838,15682.741907000036,0.0
1774121932,10,,Aggregated,6.600000,6.600000,1000,1100,1500,1500,1800,3000,11000,15000,16000,16000,16000,1106,1106,1000.0,1613.4649297350888,639.1247429996838,15682.741907000036,0.0
1774121933,10,,Aggregated,6.800000,6.800000,1000,1100,1500,1500,1800,3000,11000,15000,16000,16000,16000,1110,1110,1000.0,1611.7619838828905,639.1247429996838,15682.741907000036,0.0
1774121934,10,,Aggregated,6.500000,6.500000,1000,1100,1500,1500,1800,3000,11000,15000,16000,16000,16000,1117,1117,1000.0,1609.2179857430697,639.1247429996838,15682.741907000036,0.0
1774121935,10,,Aggregated,6.700000,6.700000,1000,1100,1500,1500,1800,2700,11000,15000,16000,16000,16000,1125,1125,1000.0,1605.39241266223,639.1247429996838,15682.741907000036,0.0
1774121936,10,,Aggregated,6.600000,6.600000,1000,1100,1500,1500,1800,2700,11000,15000,16000,16000,16000,1131,1131,1000.0,1603.2224108072587,639.1247429996838,15682.741907000036,0.0
1774121937,10,,Aggregated,6.700000,6.700000,1000,1100,1500,1500,1800,2700,11000,15000,16000,16000,16000,1136,1136,1000.0,1601.689065184867,639.1247429996838,15682.741907000036,0.0
1774121938,10,,Aggregated,6.600000,6.600000,1000,1100,1500,1500,1800,2700,11000,15000,16000,16000,16000,1144,1144,1000.0,1598.9053821040288,639.1247429996838,15682.741907000036,0.0
1774121939,10,,Aggregated,6.600000,6.600000,1000,1100,1500,1500,1800,2700,11000,15000,16000,16000,16000,1150,1150,1000.0,1596.3443011956597,639.1247429996838,15682.741907000036,0.0
1774121940,10,,Aggregated,6.700000,6.700000,1000,1100,1500,1500,1800,2700,11000,15000,16000,16000,16000,1157,1157,1000.0,1593.8391899533347,639.1247429996838,15682.741907000036,0.0
1774121941,10,,Aggregated,6.500000,6.500000,1000,1100,1500,1500,1800,2700,11000,15000,16000,16000,16000,1163,1163,1000.0,1591.4170240730941,639.1247429996838,15682.741907000036,0.0
1774121942,10,,Aggregated,6.500000,6.500000,1000,1100,1500,1500,1800,2700,11000,15000,16000,16000,16000,1171,1171,1000.0,1588.2419779291272,639.1247429996838,15682.741907000036,0.0
1774121943,10,,Aggregated,6.500000,6.500000,1000,1100,1500,1500,1800,2700,11000,15000,16000,16000,16000,1178,1178,1000.0,1585.7010858191918,639.1247429996838,15682.741907000036,0.0
1774121944,10,,Aggregated,6.700000,6.700000,1000,1100,1500,1500,1800,2700,11000,15000,16000,16000,16000,1184,1184,1000.0,1583.31313282602,639.1247429996838,15682.741907000036,0.0
1774121945,10,,Aggregated,6.500000,6.500000,1000,1100,1500,1500,1800,2700,11000,15000,16000,16000,16000,1190,1190,1000.0,1581.3918120033682,639.1247429996838,15682.741907000036,0.0
1774121946,10,,Aggregated,6.700000,6.700000,1000,1100,1500,1500,1800,2700,11000,15000,16000,16000,16000,1198,1198,1000.0,1578.3884877228782,639.1247429996838,15682.741907000036,0.0
1774121947,10,,Aggregated,6.700000,6.700000,1000,1100,1500,1500,1800,2600,11000,14000,16000,16000,16000,1205,1205,1000.0,1576.0286506265627,639.1247429996838,15682.741907000036,0.0
1774121948,10,,Aggregated,6.900000,6.900000,1000,1100,1500,1500,1800,2600,11000,14000,16000,16000,16000,1211,1211,1000.0,1574.0048353426985,639.1247429996838,15682.741907000036,0.0
1774121949,10,,Aggregated,6.500000,6.500000,1000,1100,1500,1500,1800,2600,11000,14000,16000,16000,16000,1218,1218,1000.0,1571.878414085393,639.1247429996838,15682.741907000036,0.0
1774121950,10,,Aggregated,6.700000,6.700000,1000,1100,1500,1500,1800,2600,11000,14000,16000,16000,16000,1225,1225,1000.0,1569.2790722742936,639.1247429996838,15682.741907000036,0.0
1774121951,10,,Aggregated,6.800000,6.800000,1000,1100,1500,1500,1800,2600,11000,14000,16000,16000,16000,1230,1230,1000.0,1567.6888910674877,639.1247429996838,15682.741907000036,0.0
1774121952,10,,Aggregated,6.800000,6.800000,1000,1100,1500,1500,1800,2600,11000,14000,16000,16000,16000,1236,1236,1000.0,1565.5983989263832,639.1247429996838,15682.741907000036,0.0
1774121953,10,,Aggregated,6.700000,6.700000,1000,1100,1500,1500,1800,2500,11000,14000,16000,16000,16000,1245,1245,1000.0,1562.5209011373577,639.1247429996838,15682.741907000036,0.0
1774121954,10,,Aggregated,6.800000,6.800000,1000,1100,1500,1500,1800,2500,11000,14000,16000,16000,16000,1250,1250,1000.0,1560.199516047208,639.1247429996838,15682.741907000036,0.0
1774121955,10,,Aggregated,6.600000,6.600000,1000,1100,1500,1500,1800,2500,9800,14000,16000,16000,16000,1258,1258,1000.0,1558.2883291613748,639.1247429996838,15682.741907000036,0.0
1774121956,10,,Aggregated,6.500000,6.500000,1000,1100,1500,1500,1800,2500,9800,14000,16000,16000,16000,1263,1263,1000.0,1556.1133149390414,639.1247429996838,15682.741907000036,0.0
1774121957,10,,Aggregated,6.600000,6.600000,1000,1100,1500,1500,1800,2500,9800,14000,16000,16000,16000,1272,1272,1000.0,1553.2244121761078,639.1247429996838,15682.741907000036,0.0
1774121958,10,,Aggregated,6.500000,6.500000,1000,1100,1500,1500,1800,2500,9800,14000,16000,16000,16000,1278,1278,1000.0,1551.1494997699608,639.1247429996838,15682.741907000036,0.0
1774121959,10,,Aggregated,7.100000,7.100000,1000,1100,1500,1500,1800,2500,9800,14000,16000,16000,16000,1285,1285,1000.0,1548.862222024133,639.1247429996838,15682.741907000036,0.0
1774121960,10,,Aggregated,6.500000,6.500000,1000,1100,1500,1500,1800,2500,9800,14000,16000,16000,16000,1291,1291,1000.0,1546.7814453834326,639.1247429996838,15682.741907000036,0.0
1774121961,10,,Aggregated,6.800000,6.800000,1000,1100,1500,1500,1800,2500,9800,14000,16000,16000,16000,1298,1298,1000.0,1544.7170659653395,639.1247429996838,15682.741907000036,0.0
1774121962,10,,Aggregated,6.600000,6.600000,1000,1100,1500,1500,1700,2500,9700,14000,16000,16000,16000,1304,1304,1000.0,1542.7173949562966,639.1247429996838,15682.741907000036,0.0
1774121963,10,,Aggregated,6.800000,6.800000,1000,1100,1500,1500,1700,2500,9700,14000,16000,16000,16000,1311,1311,1000.0,1541.259526795585,639.1247429996838,15682.741907000036,0.0
1774121964,10,,Aggregated,6.600000,6.600000,1000,1100,1500,1500,1700,2500,9700,14000,16000,16000,16000,1318,1318,1000.0,1538.977105276185,639.1247429996838,15682.741907000036,0.0
1774121965,10,,Aggregated,6.800000,6.800000,1000,1100,1500,1500,1700,2400,9700,14000,16000,16000,16000,1324,1324,1000.0,1537.7386140173803,639.1247429996838,15682.741907000036,0.0
1774121966,10,,Aggregated,6.700000,6.700000,1000,1100,1500,1500,1700,2400,9700,14000,16000,16000,16000,1330,1330,1000.0,1536.105723409783,639.1247429996838,15682.741907000036,0.0
1774121967,10,,Aggregated,6.700000,6.700000,1000,1100,1500,1500,1700,2400,9700,14000,16000,16000,16000,1337,1337,1000.0,1534.0582446208011,639.1247429996838,15682.741907000036,0.0
1774121968,10,,Aggregated,6.600000,6.600000,1000,1100,1500,1500,1700,2400,9700,14000,16000,16000,16000,1345,1345,1000.0,1531.7786334386699,639.1247429996838,15682.741907000036,0.0
1774121969,10,,Aggregated,6.200000,6.200000,1000,1100,1500,1500,1700,2400,9500,14000,16000,16000,16000,1353,1353,1000.0,1529.0518474124249,639.1247429996838,15682.741907000036,0.0
1774121970,10,,Aggregated,6.600000,6.600000,1000,1100,1500,1500,1700,2400,9500,14000,16000,16000,16000,1357,1357,1000.0,1528.3591864200519,639.1247429996838,15682.741907000036,0.0
1774121971,10,,Aggregated,6.400000,6.400000,1000,1100,1500,1500,1700,2300,9500,14000,16000,16000,16000,1364,1364,1000.0,1526.413672592383,639.1247429996838,15682.741907000036,0.0
1774121972,10,,Aggregated,6.800000,6.800000,1000,1100,1500,1500,1700,2300,9500,14000,16000,16000,16000,1372,1372,1000.0,1523.8544988542344,639.1247429996838,15682.741907000036,0.0
1774121973,10,,Aggregated,6.400000,6.400000,1000,1100,1500,1500,1700,2300,9500,14000,16000,16000,16000,1376,1376,1000.0,1522.277062082856,639.1247429996838,15682.741907000036,0.0
1774121974,10,,Aggregated,6.600000,6.600000,1000,1100,1500,1500,1700,2300,9500,14000,16000,16000,16000,1385,1385,1000.0,1520.429121727805,639.1247429996838,15682.741907000036,0.0
1774121975,10,,Aggregated,6.600000,6.600000,1000,1100,1500,1500,1700,2300,9500,14000,16000,16000,16000,1391,1391,1000.0,1518.2339268986416,639.1247429996838,15682.741907000036,0.0
1774121976,10,,Aggregated,6.700000,6.700000,1000,1100,1500,1500,1700,2300,9500,14000,16000,16000,16000,1399,1399,1000.0,1516.5285959106575,639.1247429996838,15682.741907000036,0.0
1774121977,10,,Aggregated,6.600000,6.600000,1000,1100,1500,1500,1700,2300,9400,14000,16000,16000,16000,1406,1406,1000.0,1514.1562361237627,639.1247429996838,15682.741907000036,0.0
1774121978,10,,Aggregated,6.600000,6.600000,1000,1100,1500,1500,1700,2300,9400,14000,16000,16000,16000,1411,1411,1000.0,1513.2135582154565,639.1247429996838,15682.741907000036,0.0
1774121979,10,,Aggregated,6.800000,6.800000,1000,1100,1500,1500,1700,2300,9400,14000,16000,16000,16000,1417,1417,1000.0,1511.4266519569571,639.1247429996838,15682.741907000036,0.0
1774121980,10,,Aggregated,6.800000,6.800000,1000,1100,1500,1500,1700,2200,9400,14000,16000,16000,16000,1425,1425,1000.0,1509.6374490161456,639.1247429996838,15682.741907000036,0.0
1774121981,10,,Aggregated,6.600000,6.600000,1000,1100,1500,1500,1700,2200,9400,14000,16000,16000,16000,1433,1433,1000.0,1507.5394921960974,639.1247429996838,15682.741907000036,0.0
1774121982,10,,Aggregated,6.300000,6.300000,1000,1100,1500,1500,1700,2200,9400,14000,16000,16000,16000,1438,1438,1000.0,1506.4600278365838,639.1247429996838,15682.741907000036,0.0
1774121984,10,,Aggregated,6.700000,6.700000,1000,1100,1500,1500,1700,2200,9400,14000,16000,16000,16000,1445,1445,1000.0,1504.6926180671333,639.1247429996838,15682.741907000036,0.0
1774121985,10,,Aggregated,6.700000,6.700000,1000,1100,1500,1500,1700,2200,9300,14000,16000,16000,16000,1452,1452,1000.0,1502.5306145716302,639.1247429996838,15682.741907000036,0.0
1774121986,10,,Aggregated,6.600000,6.600000,1000,1100,1500,1500,1700,2200,9300,14000,16000,16000,16000,1459,1459,1000.0,1500.7910093262553,639.1247429996838,15682.741907000036,0.0
1774121987,10,,Aggregated,6.600000,6.600000,1000,1100,1500,1500,1700,2200,9300,14000,16000,16000,16000,1465,1465,1000.0,1499.4917485385713,639.1247429996838,15682.741907000036,0.0
1774121988,10,,Aggregated,6.800000,6.800000,1000,1100,1500,1500,1700,2200,9300,14000,16000,16000,16000,1473,1473,1000.0,1497.6213542111395,639.1247429996838,15682.741907000036,0.0
1774121989,10,,Aggregated,6.800000,6.800000,1000,1100,1500,1500,1700,2200,9300,14000,16000,16000,16000,1479,1479,1000.0,1496.0228039560575,639.1247429996838,15682.741907000036,0.0
1774121990,10,,Aggregated,6.600000,6.600000,1000,1100,1400,1500,1700,2200,9300,14000,16000,16000,16000,1486,1486,1000.0,1494.222337720733,639.1247429996838,15682.741907000036,0.0
1774121991,10,,Aggregated,6.500000,6.500000,1000,1100,1400,1500,1700,2200,9300,14000,16000,16000,16000,1492,1492,1000.0,1492.2457793217218,639.1247429996838,15682.741907000036,0.0
1774121992,10,,Aggregated,6.800000,6.800000,1000,1100,1400,1500,1700,2200,9300,14000,16000,16000,16000,1500,1500,1000.0,1490.250949462672,639.1247429996838,15682.741907000036,0.0
1774121993,10,,Aggregated,6.700000,6.700000,1000,1100,1400,1500,1700,2200,9100,14000,16000,16000,16000,1507,1507,1000.0,1488.4032144452608,639.1247429996838,15682.741907000036,0.0
1774121994,10,,Aggregated,6.700000,6.700000,1000,1100,1400,1500,1700,2200,9100,14000,16000,16000,16000,1513,1513,1000.0,1487.2643765314003,639.1247429996838,15682.741907000036,0.0
1774121995,10,,Aggregated,6.700000,6.700000,1000,1100,1400,1500,1700,2200,9100,14000,16000,16000,16000,1519,1519,1000.0,1486.2413988209407,639.1247429996838,15682.741907000036,0.0
1774121996,10,,Aggregated,6.800000,6.800000,1000,1100,1400,1500,1700,2200,9100,14000,16000,16000,16000,1526,1526,1000.0,1484.5942457883414,639.1247429996838,15682.741907000036,0.0
1774121997,10,,Aggregated,6.700000,6.700000,1000,1100,1400,1500,1700,2200,9100,14000,16000,16000,16000,1533,1533,1000.0,1483.2694378956355,639.1247429996838,15682.741907000036,0.0
1774121998,10,,Aggregated,6.700000,6.700000,1000,1100,1400,1500,1700,2200,9100,14000,16000,16000,16000,1539,1539,1000.0,1481.8556799233334,639.1247429996838,15682.741907000036,0.0
1774121999,10,,Aggregated,6.700000,6.700000,1000,1100,1400,1500,1700,2100,9100,14000,16000,16000,16000,1547,1547,1000.0,1479.966688485462,639.1247429996838,15682.741907000036,0.0
1774122000,10,,Aggregated,6.800000,6.800000,1000,1100,1400,1500,1700,2100,9000,14000,16000,16000,16000,1553,1553,1000.0,1478.952503673541,639.1247429996838,15682.741907000036,0.0
1774122001,10,,Aggregated,6.800000,6.800000,1000,1100,1400,1500,1700,2100,9000,14000,16000,16000,16000,1560,1560,1000.0,1477.1803255865445,639.1247429996838,15682.741907000036,0.0
1774122002,10,,Aggregated,6.600000,6.600000,1000,1100,1400,1500,1700,2100,9000,14000,16000,16000,16000,1567,1567,1000.0,1475.88561744991,639.1247429996838,15682.741907000036,0.0
1774122003,10,,Aggregated,6.600000,6.600000,1000,1100,1400,1500,1700,2100,9000,14000,16000,16000,16000,1572,1572,1000.0,1474.8467288358838,639.1247429996838,15682.741907000036,0.0
1774122004,10,,Aggregated,6.600000,6.600000,1000,1100,1400,1500,1700,2100,9000,14000,16000,16000,16000,1579,1579,1000.0,1473.6595552944962,639.1247429996838,15682.741907000036,0.0
1774122005,10,,Aggregated,6.600000,6.600000,1000,1100,1400,1500,1700,2100,9000,14000,16000,16000,16000,1586,1586,1000.0,1472.471320173399,639.1247429996838,15682.741907000036,0.0
1774122006,10,,Aggregated,6.500000,6.500000,1000,1100,1400,1500,1700,2100,9000,14000,16000,16000,16000,1594,1594,1000.0,1470.4551478161927,639.1247429996838,15682.741907000036,0.0
1774122007,10,,Aggregated,6.600000,6.600000,1000,1100,1400,1500,1700,2100,9000,14000,16000,16000,16000,1600,1600,1000.0,1469.171033503132,639.1247429996838,15682.741907000036,0.0
1774122008,10,,Aggregated,6.700000,6.700000,1000,1100,1400,1500,1700,2100,8900,14000,16000,16000,16000,1606,1606,1000.0,1468.1906313088489,639.1247429996838,15682.741907000036,0.0
1774122009,10,,Aggregated,6.500000,6.500000,1000,1100,1400,1500,1700,2100,8900,14000,16000,16000,16000,1613,1613,1000.0,1466.5611305858722,639.1247429996838,15682.741907000036,0.0
1774122010,10,,Aggregated,6.500000,6.500000,1000,1100,1400,1500,1700,2100,8900,14000,16000,16000,16000,1620,1620,1000.0,1465.1383728796363,639.1247429996838,15682.741907000036,0.0
1774122011,10,,Aggregated,6.500000,6.500000,1000,1100,1400,1500,1700,2100,8900,14000,16000,16000,16000,1627,1627,1000.0,1463.4491191905415,639.1247429996838,15682.741907000036,0.0
1774122012,10,,Aggregated,6.800000,6.800000,1000,1100,1400,1500,1700,2100,8900,14000,16000,16000,16000,1633,1633,1000.0,1462.9324116583039,639.1247429996838,15682.741907000036,0.0
1774122013,10,,Aggregated,6.400000,6.400000,1000,1100,1400,1500,1700,2100,8900,14000,16000,16000,16000,1641,1641,1000.0,1460.9017834655763,639.1247429996838,15682.741907000036,0.0
1774122014,10,,Aggregated,6.600000,6.600000,1000,1100,1400,1500,1700,2100,8900,14000,16000,16000,16000,1647,1647,1000.0,1460.409442018829,639.1247429996838,15682.741907000036,0.0
1774122015,10,,Aggregated,6.600000,6.600000,1000,1100,1400,1500,1700,2100,8400,14000,16000,16000,16000,1652,1652,1000.0,1459.3620133087238,639.1247429996838,15682.741907000036,0.0
1774122016,10,,Aggregated,6.700000,6.700000,1000,1100,1400,1500,1700,2100,8400,14000,16000,16000,16000,1660,1660,1000.0,1457.7426422843441,639.1247429996838,15682.741907000036,0.0
1774122017,10,,Aggregated,6.700000,6.700000,1000,1100,1400,1500,1700,2100,8400,14000,16000,16000,16000,1668,1668,1000.0,1456.393666612717,639.1247429996838,15682.741907000036,0.0
1774122018,10,,Aggregated,6.700000,6.700000,1000,1100,1400,1500,1700,2100,8400,14000,16000,16000,16000,1674,1674,1000.0,1455.5723856601037,639.1247429996838,15682.741907000036,0.0
1774122019,10,,Aggregated,6.700000,6.700000,1000,1100,1400,1500,1700,2100,8400,14000,16000,16000,16000,1679,1679,1000.0,1454.6819249618898,639.1247429996838,15682.741907000036,0.0
1774122020,10,,Aggregated,6.500000,6.500000,1000,1100,1400,1500,1700,2100,8400,14000,16000,16000,16000,1686,1686,1000.0,1453.564044468572,639.1247429996838,15682.741907000036,0.0
1774122021,10,,Aggregated,6.800000,6.800000,1000,1100,1300,1500,1700,2100,8400,14000,16000,16000,16000,1693,1693,1000.0,1452.146603366221,639.1247429996838,15682.741907000036,0.0
1774122022,10,,Aggregated,6.500000,6.500000,1000,1100,1400,1500,1700,2100,8400,14000,16000,16000,16000,1699,1699,1000.0,1451.3601123001836,639.1247429996838,15682.741907000036,0.0
1774122023,10,,Aggregated,6.700000,6.700000,1000,1100,1300,1500,1700,2100,8300,14000,16000,16000,16000,1706,1706,1000.0,1449.7916278663606,639.1247429996838,15682.741907000036,0.0
1774122024,10,,Aggregated,6.500000,6.500000,1000,1100,1300,1500,1700,2100,8300,14000,16000,16000,16000,1714,1714,1000.0,1448.2537959165752,639.1247429996838,15682.741907000036,0.0
1774122025,10,,Aggregated,6.600000,6.600000,1000,1100,1300,1500,1700,2000,8300,14000,16000,16000,16000,1721,1721,1000.0,1446.9083449523596,639.1247429996838,15682.741907000036,0.0
1774122026,10,,Aggregated,6.500000,6.500000,1000,1100,1400,1500,1700,2000,8300,14000,16000,16000,16000,1728,1728,1000.0,1446.1373101319507,639.1247429996838,15682.741907000036,0.0
1774122027,10,,Aggregated,6.500000,6.500000,1000,1100,1300,1500,1700,2000,8300,14000,16000,16000,16000,1734,1734,1000.0,1444.731594208195,639.1247429996838,15682.741907000036,0.0
1774122028,10,,Aggregated,6.600000,6.600000,1000,1100,1300,1500,1700,2000,8300,14000,16000,16000,16000,1742,1742,1000.0,1443.738692193461,639.1247429996838,15682.741907000036,0.0
1774122029,10,,Aggregated,6.700000,6.700000,1000,1100,1300,1500,1700,2000,8300,14000,16000,16000,16000,1747,1747,1000.0,1442.6023600417907,639.1247429996838,15682.741907000036,0.0
1774122030,10,,Aggregated,6.800000,6.800000,1000,1100,1300,1500,1700,2000,8100,14000,16000,16000,16000,1755,1755,1000.0,1441.7124097162437,639.1247429996838,15682.741907000036,0.0
1774122031,10,,Aggregated,6.500000,6.500000,1000,1100,1300,1500,1700,2000,8100,14000,16000,16000,16000,1760,1760,1000.0,1440.4322779284137,639.1247429996838,15682.741907000036,0.0
1774122032,10,,Aggregated,6.700000,6.700000,1000,1100,1300,1500,1700,2000,8100,14000,16000,16000,16000,1769,1769,1000.0,1439.5942511820288,639.1247429996838,15682.741907000036,0.0
1774122033,10,,Aggregated,6.700000,6.700000,1000,1100,1300,1500,1700,2000,8100,14000,16000,16000,16000,1772,1772,1000.0,1438.8614029937974,639.1247429996838,15682.741907000036,0.0
1774122034,10,,Aggregated,6.600000,6.600000,1000,1100,1300,1500,1700,2000,8100,14000,16000,16000,16000,1781,1781,1000.0,1437.8727821139864,639.1247429996838,15682.741907000036,0.0
1774122035,10,,Aggregated,6.500000,6.500000,1000,1100,1300,1500,1700,2000,8100,14000,16000,16000,16000,1787,1787,1000.0,1436.570253778405,639.1247429996838,15682.741907000036,0.0
1774122036,10,,Aggregated,6.700000,6.700000,1000,1100,1300,1500,1700,2000,8100,14000,16000,16000,16000,1794,1794,1000.0,1436.0908340769286,639.1247429996838,15682.741907000036,0.0
1774122037,10,,Aggregated,6.700000,6.700000,1000,1100,1300,1500,1700,2000,8100,14000,16000,16000,16000,1799,1799,1000.0,1434.819910009455,639.1247429996838,15682.741907000036,0.0
1774122038,10,,Aggregated,6.400000,6.400000,1000,1100,1300,1500,1700,2000,7700,13000,16000,16000,16000,1807,1807,1000.0,1433.7991682379682,639.1247429996838,15682.741907000036,0.0
1774122039,10,,Aggregated,6.600000,6.600000,1000,1100,1300,1500,1700,2000,7700,13000,16000,16000,16000,1813,1813,1000.0,1432.9997818764525,639.1247429996838,15682.741907000036,0.0
1774122040,10,,Aggregated,6.700000,6.700000,1000,1100,1300,1500,1700,2000,7700,13000,16000,16000,16000,1821,1821,1000.0,1431.8041307149963,639.1247429996838,15682.741907000036,0.0
1774122041,10,,Aggregated,6.500000,6.500000,1000,1100,1300,1500,1700,2000,7700,13000,16000,16000,16000,1825,1825,1000.0,1431.3156779742508,639.1247429996838,15682.741907000036,0.0
1774122042,10,,Aggregated,6.500000,6.500000,1000,1100,1300,1500,1700,2000,7700,13000,16000,16000,16000,1833,1833,1000.0,1430.1314735199173,639.1247429996838,15682.741907000036,0.0
1774122043,10,,Aggregated,6.500000,6.500000,1000,1100,1300,1500,1700,2000,7700,13000,16000,16000,16000,1839,1839,1000.0,1428.8473014752624,639.1247429996838,15682.741907000036,0.0
1774122044,10,,Aggregated,6.700000,6.700000,1000,1100,1300,1500,1700,2000,7700,13000,16000,16000,16000,1848,1848,1000.0,1427.5580978046576,639.1247429996838,15682.741907000036,0.0
1774122045,10,,Aggregated,6.600000,6.600000,1000,1100,1300,1500,1700,2000,7300,13000,16000,16000,16000,1853,1853,1000.0,1427.0555966022703,639.1247429996838,15682.741907000036,0.0
1774122046,10,,Aggregated,6.600000,6.600000,1000,1100,1300,1500,1700,2000,7300,13000,16000,16000,16000,1860,1860,1000.0,1425.8635737564553,639.1247429996838,15682.741907000036,0.0
1774122047,10,,Aggregated,6.700000,6.700000,1000,1100,1300,1500,1700,2000,7300,13000,16000,16000,16000,1867,1867,1000.0,1424.9441074445674,639.1247429996838,15682.741907000036,0.0
1774122048,10,,Aggregated,6.800000,6.800000,1000,1100,1300,1500,1700,2000,7300,13000,16000,16000,16000,1872,1872,1000.0,1424.2836579348327,639.1247429996838,15682.741907000036,0.0
1774122049,10,,Aggregated,6.400000,6.400000,1000,1100,1300,1500,1700,2000,7300,13000,16000,16000,16000,1880,1880,1000.0,1423.2699091925567,639.1247429996838,15682.741907000036,0.0
1774122050,10,,Aggregated,6.500000,6.500000,1000,1100,1300,1500,1700,2000,7300,13000,16000,16000,16000,1886,1886,1000.0,1422.267306353132,639.1247429996838,15682.741907000036,0.0
1774122051,10,,Aggregated,6.800000,6.800000,1000,1100,1300,1500,1700,2000,7300,13000,16000,16000,16000,1895,1895,1000.0,1420.5915537625365,639.1247429996838,15682.741907000036,0.0
1774122052,10,,Aggregated,6.500000,6.500000,1000,1100,1300,1500,1700,2000,7300,13000,16000,16000,16000,1899,1899,1000.0,1420.0331254918415,639.1247429996838,15682.741907000036,0.0
1774122053,10,,Aggregated,6.700000,6.700000,1000,1100,1300,1500,1700,2000,7200,13000,16000,16000,16000,1906,1906,1000.0,1419.1082076726173,639.1247429996838,15682.741907000036,0.0
1774122054,10,,Aggregated,6.700000,6.700000,1000,1100,1200,1500,1700,2000,7200,13000,16000,16000,16000,1914,1914,1000.0,1417.6822722168274,639.1247429996838,15682.741907000036,0.0
1774122055,10,,Aggregated,6.900000,6.900000,1000,1100,1200,1500,1700,2000,7200,13000,16000,16000,16000,1921,1921,1000.0,1416.8747790057298,639.1247429996838,15682.741907000036,0.0
1774122056,10,,Aggregated,6.600000,6.600000,1000,1100,1300,1500,1700,2000,7200,13000,16000,16000,16000,1928,1928,1000.0,1416.0327511587172,639.1247429996838,15682.741907000036,0.0
1774122057,10,,Aggregated,6.500000,6.500000,1000,1100,1200,1500,1700,2000,7200,13000,16000,16000,16000,1933,1933,1000.0,1415.064667687536,639.1247429996838,15682.741907000036,0.0
1774122058,10,,Aggregated,6.700000,6.700000,1000,1100,1200,1500,1700,2000,7200,13000,16000,16000,16000,1942,1942,1000.0,1413.7099198944425,639.1247429996838,15682.741907000036,0.0
1774122059,10,,Aggregated,6.900000,6.900000,1000,1100,1200,1500,1700,2000,7200,13000,16000,16000,16000,1949,1949,1000.0,1412.5574258152935,639.1247429996838,15682.741907000036,0.0
1774122060,10,,Aggregated,6.600000,6.600000,1000,1100,1200,1500,1700,2000,7200,13000,16000,16000,16000,1953,1953,1000.0,1412.2890539831067,639.1247429996838,15682.741907000036,0.0
1774122061,10,,Aggregated,6.600000,6.600000,1000,1100,1200,1500,1700,2000,7200,13000,16000,16000,16000,1960,1960,1000.0,1411.4970852147992,639.1247429996838,15682.741907000036,0.0
1774122062,10,,Aggregated,6.900000,6.900000,1000,1100,1200,1500,1700,2000,7200,13000,16000,16000,16000,1969,1969,1000.0,1410.4015508004095,639.1247429996838,15682.741907000036,0.0
1774122063,10,,Aggregated,6.700000,6.700000,1000,1100,1200,1500,1700,2000,7200,13000,16000,16000,16000,1973,1973,1000.0,1410.1026992792733,639.1247429996838,15682.741907000036,0.0
1774122064,10,,Aggregated,6.400000,6.400000,1000,1100,1200,1500,1700,2000,7200,13000,16000,16000,16000,1980,1980,1000.0,1409.187915895458,639.1247429996838,15682.741907000036,0.0
1774122065,10,,Aggregated,6.400000,6.400000,1000,1100,1200,1500,1700,2000,7200,13000,16000,16000,16000,1987,1987,1000.0,1408.068226086063,639.1247429996838,15682.741907000036,0.0
1774122066,10,,Aggregated,7.000000,7.000000,1000,1100,1200,1500,1700,2000,7200,13000,16000,16000,16000,1996,1996,1000.0,1406.8200255992026,639.1247429996838,15682.741907000036,0.0
1774122067,10,,Aggregated,6.600000,6.600000,1000,1100,1200,1500,1700,2000,7100,12000,16000,16000,16000,2001,2001,1000.0,1406.2406287881101,639.1247429996838,15682.741907000036,0.0
1774122068,10,,Aggregated,6.500000,6.500000,1000,1100,1200,1500,1700,2000,7100,12000,16000,16000,16000,2007,2007,1000.0,1405.8076484658736,639.1247429996838,15682.741907000036,0.0
1774122069,10,,Aggregated,6.600000,6.600000,1000,1100,1200,1500,1700,2000,7100,12000,16000,16000,16000,2014,2014,1000.0,1404.7902970844132,639.1247429996838,15682.741907000036,0.0
1774122070,10,,Aggregated,6.800000,6.800000,1000,1100,1200,1500,1700,2000,7100,12000,16000,16000,16000,2021,2021,1000.0,1404.0272826100982,639.1247429996838,15682.741907000036,0.0
1774122071,10,,Aggregated,6.700000,6.700000,1000,1100,1200,1500,1700,2000,7100,12000,16000,16000,16000,2028,2028,1000.0,1403.106584728801,639.1247429996838,15682.741907000036,0.0
1774122072,10,,Aggregated,6.300000,6.300000,1000,1100,1200,1500,1700,2000,7100,12000,16000,16000,16000,2034,2034,1000.0,1402.4673095383528,639.1247429996838,15682.741907000036,0.0
1774122073,10,,Aggregated,6.600000,6.600000,1000,1100,1200,1500,1700,2000,7100,12000,16000,16000,16000,2041,2041,1000.0,1401.5604578740863,639.1247429996838,15682.741907000036,0.0
1774122074,10,,Aggregated,6.900000,6.900000,1000,1100,1200,1500,1700,2000,7100,12000,16000,16000,16000,2047,2047,1000.0,1400.8608595412848,639.1247429996838,15682.741907000036,0.0
1774122075,10,,Aggregated,6.700000,6.700000,1000,1100,1200,1500,1700,2000,6900,12000,16000,16000,16000,2055,2055,1000.0,1399.802564777134,639.1247429996838,15682.741907000036,0.0
1774122076,10,,Aggregated,6.400000,6.400000,1000,1100,1200,1500,1700,2000,6900,12000,16000,16000,16000,2062,2062,1000.0,1398.8194777308488,639.1247429996838,15682.741907000036,0.0
1774122077,10,,Aggregated,6.700000,6.700000,1000,1100,1200,1500,1700,2000,6900,12000,16000,16000,16000,2069,2069,1000.0,1397.870619169168,639.1247429996838,15682.741907000036,0.0
1774122078,10,,Aggregated,6.700000,6.700000,1000,1100,1200,1500,1700,2000,6900,12000,16000,16000,16000,2074,2074,1000.0,1397.2184225771498,639.1247429996838,15682.741907000036,0.0
1774122079,10,,Aggregated,6.500000,6.500000,1000,1100,1200,1500,1700,2000,6900,12000,16000,16000,16000,2082,2082,1000.0,1396.4584082022136,639.1247429996838,15682.741907000036,0.0
1774122080,10,,Aggregated,6.500000,6.500000,1000,1100,1200,1500,1700,2000,6900,12000,16000,16000,16000,2088,2088,1000.0,1395.8177020091034,639.1247429996838,15682.741907000036,0.0
1774122081,10,,Aggregated,6.600000,6.600000,1000,1100,1200,1500,1700,2000,6900,12000,16000,16000,16000,2096,2096,1000.0,1395.0837640868356,639.1247429996838,15682.741907000036,0.0
1774122082,10,,Aggregated,6.800000,6.800000,1000,1100,1200,1500,1700,2000,6800,11000,16000,16000,16000,2102,2102,1000.0,1394.6355733263595,639.1247429996838,15682.741907000036,0.0
1774122083,10,,Aggregated,6.500000,6.500000,1000,1100,1200,1500,1700,2000,6800,11000,16000,16000,16000,2108,2108,1000.0,1393.8266636650887,639.1247429996838,15682.741907000036,0.0
1774122084,10,,Aggregated,6.600000,6.600000,1000,1100,1200,1500,1700,2000,6800,11000,16000,16000,16000,2117,2117,1000.0,1392.690326479927,639.1247429996838,15682.741907000036,0.0
1774122085,10,,Aggregated,6.700000,6.700000,1000,1100,1200,1500,1700,2000,6800,11000,16000,16000,16000,2121,2121,1000.0,1392.0066616157499,639.1247429996838,15682.741907000036,0.0
1774122086,10,,Aggregated,6.600000,6.600000,1000,1100,1200,1500,1700,2000,6800,11000,16000,16000,16000,2129,2129,1000.0,1391.5497983673113,639.1247429996838,15682.741907000036,0.0
1774122087,10,,Aggregated,6.800000,6.800000,1000,1100,1200,1500,1700,2000,6800,11000,16000,16000,16000,2135,2135,1000.0,1390.7753214861855,639.1247429996838,15682.741907000036,0.0
1774122088,10,,Aggregated,6.600000,6.600000,1000,1100,1200,1500,1700,2000,6800,11000,16000,16000,16000,2142,2142,1000.0,1390.0919157684436,639.1247429996838,15682.741907000036,0.0
1774122090,10,,Aggregated,6.700000,6.700000,1000,1100,1200,1500,1700,2000,6800,11000,16000,16000,16000,2150,2150,1000.0,1389.2275124920968,639.1247429996838,15682.741907000036,0.0
1774122091,10,,Aggregated,6.600000,6.600000,1000,1100,1200,1500,1600,2000,6800,11000,16000,16000,16000,2156,2156,1000.0,1388.4049142894282,639.1247429996838,15682.741907000036,0.0
1774122092,10,,Aggregated,6.600000,6.600000,1000,1100,1200,1500,1600,2000,6800,11000,16000,16000,16000,2163,2163,1000.0,1387.6878064623243,639.1247429996838,15682.741907000036,0.0
1774122093,10,,Aggregated,6.800000,6.800000,1000,1100,1200,1500,1600,2000,6800,11000,16000,16000,16000,2168,2168,1000.0,1387.032105704339,639.1247429996838,15682.741907000036,0.0
1774122094,10,,Aggregated,6.700000,6.700000,1000,1100,1200,1500,1600,2000,6800,11000,16000,16000,16000,2177,2177,1000.0,1385.9528152099251,639.1247429996838,15682.741907000036,0.0
1774122095,10,,Aggregated,6.700000,6.700000,1000,1100,1200,1500,1600,2000,6800,11000,16000,16000,16000,2181,2181,1000.0,1385.6384116299892,639.1247429996838,15682.741907000036,0.0
1774122096,10,,Aggregated,6.500000,6.500000,1000,1100,1200,1500,1600,2000,6800,11000,16000,16000,16000,2189,2189,1000.0,1384.820636828235,639.1247429996838,15682.741907000036,0.0
1774122097,10,,Aggregated,6.700000,6.700000,1000,1100,1200,1500,1600,2000,6800,11000,16000,16000,16000,2195,2195,1000.0,1384.2365059293877,639.1247429996838,15682.741907000036,0.0
1774122098,10,,Aggregated,6.700000,6.700000,1000,1100,1200,1500,1600,2000,6700,11000,16000,16000,16000,2202,2202,1000.0,1383.576939690284,639.1247429996838,15682.741907000036,0.0
1774122099,10,,Aggregated,6.600000,6.600000,1000,1100,1200,1500,1600,2000,6700,11000,16000,16000,16000,2208,2208,1000.0,1382.9242440375929,639.1247429996838,15682.741907000036,0.0
1774122100,10,,Aggregated,6.600000,6.600000,1000,1100,1200,1500,1600,2000,6700,11000,16000,16000,16000,2216,2216,1000.0,1381.9467657175114,639.1247429996838,15682.741907000036,0.0
1774122101,10,,Aggregated,6.500000,6.500000,1000,1100,1200,1500,1600,1900,6700,11000,16000,16000,16000,2223,2223,1000.0,1380.9572099244288,639.1247429996838,15682.741907000036,0.0
1774122102,10,,Aggregated,6.600000,6.600000,1000,1100,1200,1500,1600,1900,6700,11000,16000,16000,16000,2230,2230,1000.0,1380.2373324982084,639.1247429996838,15682.741907000036,0.0
1774122103,10,,Aggregated,6.600000,6.600000,1000,1100,1200,1500,1600,2000,6700,11000,16000,16000,16000,2235,2235,1000.0,1380.0816401955285,639.1247429996838,15682.741907000036,0.0
1774122104,10,,Aggregated,6.800000,6.800000,1000,1100,1200,1500,1600,1900,6700,11000,16000,16000,16000,2243,2243,1000.0,1379.1026136442295,639.1247429996838,15682.741907000036,0.0
1774122105,10,,Aggregated,6.700000,6.700000,1000,1100,1200,1500,1600,1900,6700,11000,16000,16000,16000,2250,2250,1000.0,1378.4983071253362,639.1247429996838,15682.741907000036,0.0
1774122106,10,,Aggregated,6.700000,6.700000,1000,1100,1200,1500,1600,1900,6100,11000,16000,16000,16000,2256,2256,1000.0,1377.8702447322719,639.1247429996838,15682.741907000036,0.0
1774122107,10,,Aggregated,6.700000,6.700000,1000,1100,1200,1500,1600,1900,6100,11000,16000,16000,16000,2261,2261,1000.0,1377.2725769111034,639.1247429996838,15682.741907000036,0.0
1774122108,10,,Aggregated,6.700000,6.700000,1000,1100,1200,1500,1600,1900,6100,11000,16000,16000,16000,2270,2270,1000.0,1376.426871109694,639.1247429996838,15682.741907000036,0.0
1774122109,10,,Aggregated,6.600000,6.600000,1000,1100,1200,1500,1600,1900,6100,11000,16000,16000,16000,2277,2277,1000.0,1375.4306987277143,639.1247429996838,15682.741907000036,0.0
1774122110,10,,Aggregated,6.900000,6.900000,1000,1100,1200,1500,1600,1900,6100,11000,16000,16000,16000,2282,2282,1000.0,1375.22392414286,639.1247429996838,15682.741907000036,0.0
1774122111,10,,Aggregated,6.800000,6.800000,1000,1100,1200,1500,1600,1900,6100,11000,16000,16000,16000,2289,2289,1000.0,1374.3668297693341,639.1247429996838,15682.741907000036,0.0
1774122112,10,,Aggregated,6.500000,6.500000,1000,1100,1200,1500,1600,1900,6100,11000,16000,16000,16000,2297,2297,1000.0,1373.6982405711822,639.1247429996838,15682.741907000036,0.0
1774122113,10,,Aggregated,6.600000,6.600000,1000,1100,1200,1500,1600,1900,5500,11000,16000,16000,16000,2304,2304,1000.0,1372.8139904097243,639.1247429996838,15682.741907000036,0.0
1774122114,10,,Aggregated,6.600000,6.600000,1000,1100,1200,1500,1600,1900,5500,11000,16000,16000,16000,2310,2310,1000.0,1372.685411626842,639.1247429996838,15682.741907000036,0.0
1774122115,10,,Aggregated,6.600000,6.600000,1000,1100,1200,1500,1600,1900,5500,11000,16000,16000,16000,2315,2315,1000.0,1371.898132541687,639.1247429996838,15682.741907000036,0.0
1774122116,10,,Aggregated,6.500000,6.500000,1000,1100,1200,1500,1600,1900,5500,11000,16000,16000,16000,2324,2324,1000.0,1371.4281224664394,639.1247429996838,15682.741907000036,0.0
1774122117,10,,Aggregated,6.700000,6.700000,1000,1100,1200,1500,1600,1900,5500,11000,16000,16000,16000,2329,2329,1000.0,1370.9485783228872,639.1247429996838,15682.741907000036,0.0
1774122118,10,,Aggregated,6.800000,6.800000,1000,1100,1200,1500,1600,1900,5500,11000,16000,16000,16000,2337,2337,1000.0,1370.4034211917008,639.1247429996838,15682.741907000036,0.0
1774122119,10,,Aggregated,6.500000,6.500000,1000,1100,1200,1500,1600,1900,5500,11000,16000,16000,16000,2342,2342,1000.0,1369.9686377079436,639.1247429996838,15682.741907000036,0.0
1774122120,10,,Aggregated,6.500000,6.500000,1000,1100,1200,1500,1600,1900,5500,11000,16000,16000,16000,2350,2350,1000.0,1369.3670352412785,639.1247429996838,15682.741907000036,0.0
1774122121,10,,Aggregated,6.500000,6.500000,1000,1100,1200,1500,1600,1900,5100,11000,16000,16000,16000,2356,2356,1000.0,1368.838629347625,639.1247429996838,15682.741907000036,0.0
1774122122,10,,Aggregated,6.800000,6.800000,1000,1100,1200,1500,1600,1900,5100,11000,16000,16000,16000,2361,2361,1000.0,1368.8874146374437,639.1247429996838,15682.741907000036,0.0
1774122123,10,,Aggregated,6.400000,6.400000,1000,1100,1200,1500,1600,1900,5100,11000,16000,16000,16000,2369,2369,1000.0,1368.0052632359666,639.1247429996838,15682.741907000036,0.0
1774122124,10,,Aggregated,6.400000,6.400000,1000,1100,1200,1500,1600,1900,5100,11000,16000,16000,16000,2376,2376,1000.0,1367.3389622895647,639.1247429996838,15682.741907000036,0.0
1774122125,10,,Aggregated,6.600000,6.600000,1000,1100,1200,1500,1600,1900,5100,11000,16000,16000,16000,2383,2383,1000.0,1366.6910664708375,639.1247429996838,15682.741907000036,0.0
1774122126,10,,Aggregated,6.600000,6.600000,1000,1100,1200,1500,1600,1900,5100,11000,16000,16000,16000,2389,2389,1000.0,1366.106224395984,639.1247429996838,15682.741907000036,0.0
1774122127,10,,Aggregated,6.400000,6.400000,1000,1100,1200,1500,1600,1900,5100,11000,16000,16000,16000,2396,2396,1000.0,1365.5527003827235,639.1247429996838,15682.741907000036,0.0
1774122128,10,,Aggregated,6.400000,6.400000,1000,1100,1200,1500,1600,1900,4600,11000,16000,16000,16000,2401,2401,1000.0,1365.0635962365707,639.1247429996838,15682.741907000036,0.0
1774122129,10,,Aggregated,6.600000,6.600000,1000,1100,1200,1500,1600,1900,4600,11000,16000,16000,16000,2411,2411,1000.0,1364.3948256300316,639.1247429996838,15682.741907000036,0.0
1774122130,10,,Aggregated,6.600000,6.600000,1000,1100,1200,1500,1600,1900,4600,11000,16000,16000,16000,2415,2415,1000.0,1363.8564263047645,639.1247429996838,15682.741907000036,0.0
1774122131,10,,Aggregated,6.700000,6.700000,1000,1100,1200,1500,1600,1900,4600,11000,16000,16000,16000,2422,2422,1000.0,1363.5924072514474,639.1247429996838,15682.741907000036,0.0
1774122132,10,,Aggregated,6.300000,6.300000,1000,1100,1200,1500,1600,1900,4600,11000,16000,16000,16000,2428,2428,1000.0,1362.6475461618638,639.1247429996838,15682.741907000036,0.0
1774122133,10,,Aggregated,6.800000,6.800000,1000,1100,1200,1500,1600,1900,4600,11000,16000,16000,16000,2437,2437,1000.0,1361.972666002464,639.1247429996838,15682.741907000036,0.0
1774122134,10,,Aggregated,6.800000,6.800000,1000,1100,1200,1500,1600,1800,4600,11000,16000,16000,16000,2442,2442,1000.0,1361.1776824254728,639.1247429996838,15682.741907000036,0.0
1774122135,10,,Aggregated,6.700000,6.700000,1000,1100,1200,1500,1600,1800,4600,11000,16000,16000,16000,2449,2449,1000.0,1360.951182692529,639.1247429996838,15682.741907000036,0.0
1774122136,10,,Aggregated,6.500000,6.500000,1000,1100,1200,1500,1600,1800,4500,11000,16000,16000,16000,2455,2455,1000.0,1360.1248120338105,639.1247429996838,15682.741907000036,0.0
1774122137,10,,Aggregated,6.800000,6.800000,1000,1100,1200,1500,1600,1800,4500,11000,16000,16000,16000,2464,2464,1000.0,1359.6266635791415,639.1247429996838,15682.741907000036,0.0
1774122138,10,,Aggregated,6.700000,6.700000,1000,1100,1200,1500,1600,1800,4500,11000,16000,16000,16000,2468,2468,1000.0,1359.2564679039726,639.1247429996838,15682.741907000036,0.0
1774122139,10,,Aggregated,6.800000,6.800000,1000,1100,1200,1500,1600,1800,4500,11000,16000,16000,16000,2476,2476,1000.0,1358.6170601389356,639.1247429996838,15682.741907000036,0.0
1774122140,10,,Aggregated,6.400000,6.400000,1000,1100,1200,1500,1600,1800,4500,11000,16000,16000,16000,2484,2484,1000.0,1357.9642730881658,639.1247429996838,15682.741907000036,0.0
1774122141,10,,Aggregated,6.800000,6.800000,1000,1100,1200,1500,1600,1800,4500,11000,16000,16000,16000,2490,2490,1000.0,1357.2925485293188,639.1247429996838,15682.741907000036,0.0
1774122142,10,,Aggregated,6.600000,6.600000,1000,1100,1200,1500,1600,1800,4500,11000,16000,16000,16000,2497,2497,1000.0,1356.765862318784,639.1247429996838,15682.741907000036,0.0
1774122143,10,,Aggregated,6.700000,6.700000,1000,1100,1200,1500,1600,1800,4200,9800,16000,16000,16000,2503,2503,1000.0,1356.1708276064737,639.1247429996838,15682.741907000036,0.0
1774122144,10,,Aggregated,6.500000,6.500000,1000,1100,1200,1500,1600,1800,4200,9800,16000,16000,16000,2511,2511,1000.0,1355.633298883713,639.1247429996838,15682.741907000036,0.0
1774122145,10,,Aggregated,6.700000,6.700000,1000,1100,1200,1500,1600,1800,4200,9800,16000,16000,16000,2518,2518,1000.0,1355.0099858339966,639.1247429996838,15682.741907000036,0.0
1774122146,10,,Aggregated,6.600000,6.600000,1000,1100,1200,1500,1600,1800,4200,9800,16000,16000,16000,2526,2526,1000.0,1354.211647020983,639.1247429996838,15682.741907000036,0.0
1774122147,10,,Aggregated,6.600000,6.600000,1000,1100,1200,1500,1600,1800,4200,9800,16000,16000,16000,2530,2530,1000.0,1354.005748116602,639.1247429996838,15682.741907000036,0.0
1774122148,10,,Aggregated,6.700000,6.700000,1000,1100,1200,1500,1600,1800,4200,9800,16000,16000,16000,2537,2537,1000.0,1353.6068834276716,639.1247429996838,15682.741907000036,0.0
1774122149,10,,Aggregated,6.600000,6.600000,1000,1100,1200,1500,1600,1800,4200,9800,16000,16000,16000,2544,2544,1000.0,1353.2040246273593,639.1247429996838,15682.741907000036,0.0
1774122150,10,,Aggregated,6.900000,6.900000,1000,1100,1200,1500,1600,1800,4100,9800,16000,16000,16000,2551,2551,1000.0,1352.4913917785186,639.1247429996838,15682.741907000036,0.0
1774122151,10,,Aggregated,6.500000,6.500000,1000,1100,1200,1500,1600,1800,4100,9800,16000,16000,16000,2559,2559,1000.0,1351.8703785603757,639.1247429996838,15682.741907000036,0.0
1774122152,10,,Aggregated,6.800000,6.800000,1000,1100,1200,1500,1600,1800,4100,9800,16000,16000,16000,2564,2564,1000.0,1351.3998726493767,639.1247429996838,15682.741907000036,0.0
1774122153,10,,Aggregated,6.500000,6.500000,1000,1100,1200,1500,1600,1800,4100,9800,16000,16000,16000,2571,2571,1000.0,1350.9333532080907,639.1247429996838,15682.741907000036,0.0
1774122154,10,,Aggregated,6.700000,6.700000,1000,1100,1200,1500,1600,1800,4100,9800,16000,16000,16000,2578,2578,1000.0,1350.0975297730806,639.1247429996838,15682.741907000036,0.0
1774122155,10,,Aggregated,6.400000,6.400000,1000,1100,1200,1500,1600,1800,4100,9800,16000,16000,16000,2587,2587,1000.0,1349.5216049130265,639.1247429996838,15682.741907000036,0.0
1774122156,10,,Aggregated,6.800000,6.800000,1000,1100,1200,1500,1600,1800,4100,9800,16000,16000,16000,2591,2591,1000.0,1349.042525314936,639.1247429996838,15682.741907000036,0.0
1774122157,10,,Aggregated,6.700000,6.700000,1000,1100,1200,1500,1600,1800,4100,9800,16000,16000,16000,2600,2600,1000.0,1348.6052901338455,639.1247429996838,15682.741907000036,0.0
1774122158,10,,Aggregated,6.800000,6.800000,1000,1100,1200,1500,1600,1800,3600,9700,16000,16000,16000,2605,2605,1000.0,1347.9412902679458,639.1247429996838,15682.741907000036,0.0
1774122159,10,,Aggregated,6.600000,6.600000,1000,1100,1200,1500,1600,1800,3600,9700,16000,16000,16000,2612,2612,1000.0,1347.5082002588051,639.1247429996838,15682.741907000036,0.0
1774122160,10,,Aggregated,6.600000,6.600000,1000,1100,1200,1500,1600,1800,3600,9700,16000,16000,16000,2618,2618,1000.0,1347.0020512971728,639.1247429996838,15682.741907000036,0.0
1774122161,10,,Aggregated,6.700000,6.700000,1000,1100,1200,1500,1600,1800,3600,9700,16000,16000,16000,2626,2626,1000.0,1346.5566029931451,639.1247429996838,15682.741907000036,0.0
1774122162,10,,Aggregated,6.800000,6.800000,1000,1100,1200,1500,1600,1800,3600,9700,16000,16000,16000,2632,2632,1000.0,1346.1277482872338,639.1247429996838,15682.741907000036,0.0
1774122163,10,,Aggregated,6.700000,6.700000,1000,1100,1200,1500,1600,1800,3600,9700,16000,16000,16000,2639,2639,1000.0,1345.386617894657,639.1247429996838,15682.741907000036,0.0
1774122164,10,,Aggregated,6.800000,6.800000,1000,1100,1200,1500,1600,1800,3600,9700,16000,16000,16000,2645,2645,1000.0,1345.2151577058603,639.1247429996838,15682.741907000036,0.0
1774122165,10,,Aggregated,6.900000,6.900000,1000,1100,1200,1500,1600,1800,3300,9700,16000,16000,16000,2652,2652,1000.0,1344.5808191885374,639.1247429996838,15682.741907000036,0.0
1774122166,10,,Aggregated,6.800000,6.800000,1000,1100,1200,1500,1600,1800,3300,9700,16000,16000,16000,2659,2659,1000.0,1344.170197226401,639.1247429996838,15682.741907000036,0.0
1774122167,10,,Aggregated,6.600000,6.600000,1000,1100,1200,1500,1600,1800,3300,9700,16000,16000,16000,2664,2664,1000.0,1343.7546279628375,639.1247429996838,15682.741907000036,0.0
1774122168,10,,Aggregated,6.500000,6.500000,1000,1100,1200,1500,1600,1800,3300,9700,16000,16000,16000,2673,2673,1000.0,1343.299202122334,639.1247429996838,15682.741907000036,0.0
1774122169,10,,Aggregated,6.800000,6.800000,1000,1100,1200,1500,1600,1800,3300,9700,16000,16000,16000,2677,2677,1000.0,1342.7958365655581,639.1247429996838,15682.741907000036,0.0
1774122170,10,,Aggregated,6.400000,6.400000,1000,1100,1200,1500,1600,1800,3300,9700,16000,16000,16000,2686,2686,1000.0,1342.3583098592699,639.1247429996838,15682.741907000036,0.0
1774122171,10,,Aggregated,6.600000,6.600000,1000,1100,1200,1500,1600,1800,3300,9700,16000,16000,16000,2690,2690,1000.0,1341.889268099256,639.1247429996838,15682.741907000036,0.0
1774122172,10,,Aggregated,6.400000,6.400000,1000,1100,1200,1500,1600,1800,3300,9700,16000,16000,16000,2699,2699,1000.0,1341.4301508573542,639.1247429996838,15682.741907000036,0.0
1774122173,10,,Aggregated,6.800000,6.800000,1000,1100,1200,1500,1600,1800,3300,9500,16000,16000,16000,2704,2704,1000.0,1340.8246346734463,639.1247429996838,15682.741907000036,0.0
1774122174,10,,Aggregated,6.300000,6.300000,1000,1100,1200,1500,1600,1800,3300,9500,16000,16000,16000,2713,2713,1000.0,1340.2441828002209,639.1247429996838,15682.741907000036,0.0
1774122175,10,,Aggregated,6.500000,6.500000,1000,1100,1200,1500,1600,1800,3300,9500,16000,16000,16000,2718,2718,1000.0,1339.6645909201613,639.1247429996838,15682.741907000036,0.0
1774122176,10,,Aggregated,6.300000,6.300000,1000,1100,1200,1500,1600,1800,3300,9500,16000,16000,16000,2726,2726,1000.0,1339.3757675110048,639.1247429996838,15682.741907000036,0.0
1774122177,10,,Aggregated,6.700000,6.700000,1000,1100,1200,1500,1600,1800,3300,9500,16000,16000,16000,2731,2731,1000.0,1338.6697058095933,639.1247429996838,15682.741907000036,0.0
1774122179,10,,Aggregated,6.600000,6.600000,1000,1100,1200,1500,1600,1800,3300,9500,16000,16000,16000,2740,2740,1000.0,1338.277405547445,639.1247429996838,15682.741907000036,0.0
1774122180,10,,Aggregated,6.600000,6.600000,1000,1100,1200,1500,1600,1800,3300,9500,16000,16000,16000,2747,2747,1000.0,1337.5852812413532,639.1247429996838,15682.741907000036,0.0
1774122181,10,,Aggregated,6.700000,6.700000,1000,1100,1200,1500,1600,1800,3000,9500,16000,16000,16000,2755,2755,1000.0,1337.0960975502712,639.1247429996838,15682.741907000036,0.0
1774122182,10,,Aggregated,6.900000,6.900000,1000,1100,1200,1500,1600,1800,3000,9500,16000,16000,16000,2760,2760,1000.0,1336.5952798800715,639.1247429996838,15682.741907000036,0.0
1774122183,10,,Aggregated,6.900000,6.900000,1000,1100,1200,1500,1600,1800,3000,9500,16000,16000,16000,2767,2767,1000.0,1336.255765619081,639.1247429996838,15682.741907000036,0.0
1774122184,10,,Aggregated,6.600000,6.600000,1000,1100,1200,1500,1600,1800,3000,9500,16000,16000,16000,2775,2775,1000.0,1335.5007572882873,639.1247429996838,15682.741907000036,0.0
1774122185,10,,Aggregated,6.900000,6.900000,1000,1100,1200,1500,1600,1800,3000,9500,16000,16000,16000,2781,2781,1000.0,1335.2660803031274,639.1247429996838,15682.741907000036,0.0
1774122186,10,,Aggregated,6.800000,6.800000,1000,1100,1200,1500,1600,1800,3000,9500,16000,16000,16000,2787,2787,1000.0,1334.7279976221732,639.1247429996838,15682.741907000036,0.0
1774122187,10,,Aggregated,6.800000,6.800000,1000,1100,1200,1500,1600,1800,3000,9500,16000,16000,16000,2795,2795,1000.0,1334.3186736175305,639.1247429996838,15682.741907000036,0.0
1774122188,10,,Aggregated,6.800000,6.800000,1000,1100,1200,1500,1600,1800,2700,9400,16000,16000,16000,2802,2802,1000.0,1333.6820480760164,639.1247429996838,15682.741907000036,0.0
1774122189,10,,Aggregated,6.800000,6.800000,1000,1100,1200,1500,1600,1800,2700,9400,16000,16000,16000,2807,2807,1000.0,1333.6535879198425,639.1247429996838,15682.741907000036,0.0
1774122190,10,,Aggregated,6.800000,6.800000,1000,1100,1200,1500,1600,1800,2700,9400,16000,16000,16000,2814,2814,1000.0,1333.164325187277,639.1247429996838,15682.741907000036,0.0
1774122191,10,,Aggregated,6.700000,6.700000,1000,1100,1200,1500,1600,1800,2700,9400,16000,16000,16000,2824,2824,1000.0,1332.7116818424215,639.1247429996838,15682.741907000036,0.0
1774122192,10,,Aggregated,6.700000,6.700000,1000,1100,1200,1500,1600,1800,2700,9400,16000,16000,16000,2828,2828,1000.0,1332.3696631852893,639.1247429996838,15682.741907000036,0.0
1774122193,10,,Aggregated,6.800000,6.800000,1000,1100,1200,1500,1600,1800,2700,9400,16000,16000,16000,2836,2836,1000.0,1332.0362878681237,639.1247429996838,15682.741907000036,0.0
1774122194,10,,Aggregated,6.700000,6.700000,1000,1100,1200,1500,1600,1800,2700,9400,16000,16000,16000,2842,2842,1000.0,1331.6442167649539,639.1247429996838,15682.741907000036,0.0
1774122195,10,,Aggregated,6.700000,6.700000,1000,1100,1200,1500,1600,1800,2700,9400,16000,16000,16000,2848,2848,1000.0,1331.391930396418,639.1247429996838,15682.741907000036,0.0
1774122196,10,,Aggregated,6.500000,6.500000,1000,1100,1200,1500,1600,1800,2700,9400,16000,16000,16000,2854,2854,1000.0,1330.9881409730197,639.1247429996838,15682.741907000036,0.0
1774122197,10,,Aggregated,6.500000,6.500000,1000,1100,1200,1500,1600,1800,2700,9400,16000,16000,16000,2861,2861,1000.0,1330.6459104131416,639.1247429996838,15682.741907000036,0.0
1774122198,10,,Aggregated,6.600000,6.600000,1000,1100,1200,1500,1600,1800,2700,9400,16000,16000,16000,2869,2869,1000.0,1329.9938008382708,639.1247429996838,15682.741907000036,0.0
1774122199,10,,Aggregated,6.700000,6.700000,1000,1100,1200,1500,1600,1800,2700,9400,16000,16000,16000,2876,2876,1000.0,1329.785245391863,639.1247429996838,15682.741907000036,0.0
1774122200,10,,Aggregated,6.400000,6.400000,1000,1100,1200,1500,1600,1800,2700,9400,16000,16000,16000,2882,2882,1000.0,1329.2852595648849,639.1247429996838,15682.741907000036,0.0
1774122201,10,,Aggregated,6.500000,6.500000,1000,1100,1200,1500,1600,1800,2700,9400,16000,16000,16000,2888,2888,1000.0,1329.0150223085172,639.1247429996838,15682.741907000036,0.0
1774122202,10,,Aggregated,6.500000,6.500000,1000,1100,1200,1500,1600,1800,2700,9400,16000,16000,16000,2896,2896,1000.0,1328.3320834993087,639.1247429996838,15682.741907000036,0.0
1774122203,10,,Aggregated,6.600000,6.600000,1000,1100,1200,1500,1600,1800,2700,9300,16000,16000,16000,2901,2901,1000.0,1327.9548278759041,639.1247429996838,15682.741907000036,0.0
1774122204,10,,Aggregated,6.700000,6.700000,1000,1100,1200,1500,1600,1800,2700,9300,16000,16000,16000,2909,2909,1000.0,1327.7659202330692,639.1247429996838,15682.741907000036,0.0
1774122205,10,,Aggregated,6.700000,6.700000,1000,1100,1200,1500,1600,1800,2700,9300,16000,16000,16000,2914,2914,1000.0,1327.500088666437,639.1247429996838,15682.741907000036,0.0
1774122206,10,,Aggregated,6.600000,6.600000,1000,1100,1200,1500,1600,1800,2700,9300,16000,16000,16000,2922,2922,1000.0,1327.0844821273095,639.1247429996838,15682.741907000036,0.0
1774122207,10,,Aggregated,6.600000,6.600000,1000,1100,1200,1500,1600,1800,2700,9300,16000,16000,16000,2927,2927,1000.0,1326.688510034164,639.1247429996838,15682.741907000036,0.0
1774122208,10,,Aggregated,6.600000,6.600000,1000,1100,1200,1500,1600,1800,2700,9300,16000,16000,16000,2936,2936,1000.0,1326.3307099458439,639.1247429996838,15682.741907000036,0.0
1774122209,10,,Aggregated,6.600000,6.600000,1000,1100,1200,1500,1600,1800,2700,9300,16000,16000,16000,2941,2941,1000.0,1325.9244678330494,639.1247429996838,15682.741907000036,0.0
1774122210,10,,Aggregated,6.800000,6.800000,1000,1100,1200,1500,1600,1800,2700,9300,16000,16000,16000,2949,2949,1000.0,1325.7037083435057,639.1247429996838,15682.741907000036,0.0
1774122211,10,,Aggregated,6.600000,6.600000,1000,1100,1200,1500,1600,1800,2700,9300,16000,16000,16000,2954,2954,1000.0,1325.164567239336,639.1247429996838,15682.741907000036,0.0
1774122212,10,,Aggregated,6.700000,6.700000,1000,1100,1200,1500,1600,1800,2700,9300,16000,16000,16000,2962,2962,1000.0,1324.9156358892637,639.1247429996838,15682.741907000036,0.0
1774122213,10,,Aggregated,6.600000,6.600000,1000,1100,1200,1500,1600,1800,2700,9300,16000,16000,16000,2968,2968,1000.0,1324.545565246967,639.1247429996838,15682.741907000036,0.0
1774122214,10,,Aggregated,6.600000,6.600000,1000,1100,1200,1500,1600,1800,2700,9300,16000,16000,16000,2974,2974,1000.0,1324.4401119905842,639.1247429996838,15682.741907000036,0.0
1774122215,10,,Aggregated,6.500000,6.500000,1000,1100,1200,1500,1600,1800,2700,9300,16000,16000,16000,2981,2981,1000.0,1323.9113728027498,639.1247429996838,15682.741907000036,0.0
1774122216,10,,Aggregated,6.500000,6.500000,1000,1100,1200,1500,1600,1800,2700,9300,16000,16000,16000,2989,2989,1000.0,1323.4332938323842,639.1247429996838,15682.741907000036,0.0
1774122217,10,,Aggregated,6.500000,6.500000,1000,1100,1200,1500,1600,1800,2700,9300,16000,16000,16000,2993,2993,1000.0,1323.3136937310376,639.1247429996838,15682.741907000036,0.0
1774122218,10,,Aggregated,6.500000,6.500000,1000,1100,1200,1500,1600,1800,2600,9100,16000,16000,16000,3002,3002,1000.0,1322.7375040889392,639.1247429996838,15682.741907000036,0.0
1774122219,10,,Aggregated,6.400000,6.400000,1000,1100,1200,1500,1600,1800,2600,9100,16000,16000,16000,3009,3009,1000.0,1322.3648776148207,639.1247429996838,15682.741907000036,0.0
1774122220,10,,Aggregated,6.500000,6.500000,1000,1100,1200,1500,1600,1800,2600,9100,16000,16000,16000,3016,3016,1000.0,1321.9549800079565,639.1247429996838,15682.741907000036,0.0
1774122221,10,,Aggregated,6.600000,6.600000,1000,1100,1200,1500,1600,1800,2600,9100,16000,16000,16000,3023,3023,1000.0,1321.5376424161416,639.1247429996838,15682.741907000036,0.0
1774122222,10,,Aggregated,6.500000,6.500000,1000,1100,1200,1500,1600,1800,2600,9100,16000,16000,16000,3029,3029,1000.0,1321.3102155127092,639.1247429996838,15682.741907000036,0.0
1774122223,10,,Aggregated,6.500000,6.500000,1000,1100,1200,1500,1600,1800,2600,9100,16000,16000,16000,3036,3036,1000.0,1320.9635869776007,639.1247429996838,15682.741907000036,0.0
1774122224,10,,Aggregated,6.600000,6.600000,1000,1100,1200,1500,1600,1800,2600,9100,16000,16000,16000,3041,3041,1000.0,1320.4626486221625,639.1247429996838,15682.741907000036,0.0
1774122225,10,,Aggregated,6.700000,6.700000,1000,1100,1200,1500,1600,1800,2600,9100,16000,16000,16000,3050,3050,1000.0,1320.2119186881955,639.1247429996838,15682.741907000036,0.0
1774122226,10,,Aggregated,6.900000,6.900000,1000,1100,1200,1500,1600,1800,2600,9100,16000,16000,16000,3056,3056,1000.0,1319.54778013547,639.1247429996838,15682.741907000036,0.0
1774122227,10,,Aggregated,6.600000,6.600000,1000,1100,1200,1500,1600,1800,2600,9100,16000,16000,16000,3063,3063,1000.0,1319.3567448217423,639.1247429996838,15682.741907000036,0.0
1774122228,10,,Aggregated,6.800000,6.800000,1000,1100,1200,1500,1600,1800,2600,9100,16000,16000,16000,3070,3070,1000.0,1318.8641633804546,639.1247429996838,15682.741907000036,0.0
1774122229,10,,Aggregated,6.900000,6.900000,1000,1100,1200,1500,1600,1800,2600,9100,16000,16000,16000,3076,3076,1000.0,1318.5704691193096,639.1247429996838,15682.741907000036,0.0
1774122230,10,,Aggregated,6.700000,6.700000,1000,1100,1200,1500,1600,1800,2600,9100,16000,16000,16000,3081,3081,1000.0,1318.1173046627707,639.1247429996838,15682.741907000036,0.0
1774122231,10,,Aggregated,6.900000,6.900000,1000,1100,1200,1500,1600,1800,2600,9100,16000,16000,16000,3090,3090,1000.0,1318.0744737245943,639.1247429996838,15682.741907000036,0.0
1774122232,10,,Aggregated,6.800000,6.800000,1000,1100,1200,1500,1600,1800,2600,9100,16000,16000,16000,3096,3096,1000.0,1317.8186390200249,639.1247429996838,15682.741907000036,0.0
1774122233,10,,Aggregated,6.800000,6.800000,1000,1100,1200,1500,1600,1800,2500,9000,16000,16000,16000,3102,3102,1000.0,1317.4934696218559,639.1247429996838,15682.741907000036,0.0
1774122234,10,,Aggregated,6.700000,6.700000,1000,1100,1200,1500,1600,1800,2500,9000,16000,16000,16000,3110,3110,1000.0,1316.8688448038579,639.1247429996838,15682.741907000036,0.0
1774122235,10,,Aggregated,6.700000,6.700000,1000,1100,1200,1500,1600,1800,2500,9000,16000,16000,16000,3117,3117,1000.0,1316.6766848928453,639.1247429996838,15682.741907000036,0.0
1774122236,10,,Aggregated,6.300000,6.300000,1000,1100,1200,1500,1600,1800,2500,9000,16000,16000,16000,3121,3121,1000.0,1316.6062979327137,639.1247429996838,15682.741907000036,0.0
1774122237,10,,Aggregated,6.600000,6.600000,1000,1100,1200,1500,1600,1800,2500,9000,16000,16000,16000,3129,3129,1000.0,1316.2165956078616,639.1247429996838,15682.741907000036,0.0
1774122238,10,,Aggregated,6.600000,6.600000,1000,1100,1200,1500,1600,1800,2500,9000,16000,16000,16000,3137,3137,1000.0,1315.9395411150776,639.1247429996838,15682.741907000036,0.0
1774122239,10,,Aggregated,6.400000,6.400000,1000,1100,1200,1500,1600,1800,2500,9000,16000,16000,16000,3143,3143,1000.0,1315.6018540731777,639.1247429996838,15682.741907000036,0.0
1774122240,10,,Aggregated,6.400000,6.400000,1000,1100,1200,1500,1600,1800,2500,9000,16000,16000,16000,3149,3149,1000.0,1315.432917362654,639.1247429996838,15682.741907000036,0.0
1774122241,10,,Aggregated,6.500000,6.500000,1000,1100,1200,1500,1600,1800,2500,9000,16000,16000,16000,3155,3155,1000.0,1315.0969303023767,639.1247429996838,15682.741907000036,0.0
1774122242,10,,Aggregated,6.500000,6.500000,1000,1100,1200,1500,1600,1800,2500,9000,16000,16000,16000,3164,3164,1000.0,1314.5443961826797,639.1247429996838,15682.741907000036,0.0
1774122243,10,,Aggregated,6.400000,6.400000,1000,1100,1200,1500,1600,1800,2500,9000,16000,16000,16000,3169,3169,1000.0,1314.2218295837797,639.1247429996838,15682.741907000036,0.0
1774122244,10,,Aggregated,6.400000,6.400000,1000,1100,1200,1500,1600,1800,2500,9000,16000,16000,16000,3176,3176,1000.0,1313.8136993198982,639.1247429996838,15682.741907000036,0.0
1774122245,10,,Aggregated,6.500000,6.500000,1000,1100,1200,1500,1600,1800,2500,9000,16000,16000,16000,3182,3182,1000.0,1313.4301909868002,639.1247429996838,15682.741907000036,0.0
1774122246,10,,Aggregated,6.800000,6.800000,1000,1100,1200,1500,1600,1800,2500,9000,16000,16000,16000,3191,3191,1000.0,1312.9973723904725,639.1247429996838,15682.741907000036,0.0
1774122247,10,,Aggregated,6.600000,6.600000,1000,1100,1200,1500,1600,1800,2500,9000,16000,16000,16000,3196,3196,1000.0,1312.9266666429903,639.1247429996838,15682.741907000036,0.0
1774122248,10,,Aggregated,6.700000,6.700000,1000,1100,1200,1500,1600,1800,2500,8900,16000,16000,16000,3203,3203,1000.0,1312.4500176746787,639.1247429996838,15682.741907000036,0.0
1774122249,10,,Aggregated,6.700000,6.700000,1000,1100,1200,1500,1600,1800,2500,8900,16000,16000,16000,3212,3212,1000.0,1311.9557889592138,639.1247429996838,15682.741907000036,0.0
1774122250,10,,Aggregated,6.900000,6.900000,1000,1100,1200,1500,1600,1800,2500,8900,16000,16000,16000,3216,3216,1000.0,1311.760460697138,639.1247429996838,15682.741907000036,0.0
1774122251,10,,Aggregated,6.500000,6.500000,1000,1100,1200,1500,1600,1800,2500,8900,16000,16000,16000,3223,3223,1000.0,1311.6443708656516,639.1247429996838,15682.741907000036,0.0
1774122252,10,,Aggregated,6.800000,6.800000,1000,1100,1200,1500,1600,1800,2500,8900,16000,16000,16000,3230,3230,1000.0,1311.0502946108343,639.1247429996838,15682.741907000036,0.0
1774122253,10,,Aggregated,6.700000,6.700000,1000,1100,1200,1500,1600,1800,2500,8900,16000,16000,16000,3239,3239,1000.0,1310.843696376349,639.1247429996838,15682.741907000036,0.0
1774122254,10,,Aggregated,6.800000,6.800000,1000,1100,1200,1500,1600,1800,2500,8900,16000,16000,16000,3243,3243,1000.0,1310.3926457101434,639.1247429996838,15682.741907000036,0.0
1774122256,10,,Aggregated,6.600000,6.600000,1000,1100,1200,1500,1600,1800,2500,8900,16000,16000,16000,3250,3250,1000.0,1310.1236079738442,639.1247429996838,15682.741907000036,0.0
1774122257,10,,Aggregated,6.800000,6.800000,1000,1100,1200,1500,1600,1800,2500,8900,16000,16000,16000,3257,3257,1000.0,1309.8023321228104,639.1247429996838,15682.741907000036,0.0
1774122258,10,,Aggregated,6.600000,6.600000,1000,1100,1200,1500,1600,1800,2500,8900,16000,16000,16000,3265,3265,1000.0,1309.4552046937192,639.1247429996838,15682.741907000036,0.0
1774122259,10,,Aggregated,6.600000,6.600000,1000,1100,1200,1500,1600,1800,2500,8900,16000,16000,16000,3270,3270,1000.0,1309.2878485749216,639.1247429996838,15682.741907000036,0.0
1774122260,10,,Aggregated,6.600000,6.600000,1000,1100,1200,1500,1600,1800,2500,8900,16000,16000,16000,3277,3277,1000.0,1308.9847963729005,639.1247429996838,15682.741907000036,0.0
1774122261,10,,Aggregated,6.600000,6.600000,1000,1100,1200,1500,1600,1800,2500,8900,16000,16000,16000,3286,3286,1000.0,1308.4557909068765,639.1247429996838,15682.741907000036,0.0
1774122262,10,,Aggregated,6.500000,6.500000,1000,1100,1200,1500,1600,1800,2500,8900,16000,16000,16000,3292,3292,1000.0,1308.1936752515176,639.1247429996838,15682.741907000036,0.0
1774122263,10,,Aggregated,6.500000,6.500000,1000,1100,1200,1500,1600,1800,2500,8900,16000,16000,16000,3297,3297,1000.0,1307.9288738586583,639.1247429996838,15682.741907000036,0.0
1774122264,10,,Aggregated,6.800000,6.800000,1000,1100,1200,1500,1600,1800,2400,8400,16000,16000,16000,3304,3304,1000.0,1307.5314110381346,639.1247429996838,15682.741907000036,0.0
1774122265,10,,Aggregated,6.700000,6.700000,1000,1100,1200,1500,1600,1800,2400,8400,16000,16000,16000,3312,3312,1000.0,1307.2194825111703,639.1247429996838,15682.741907000036,0.0
1774122266,10,,Aggregated,6.500000,6.500000,1000,1100,1200,1500,1600,1800,2400,8400,16000,16000,16000,3318,3318,1000.0,1307.0410728658821,639.1247429996838,15682.741907000036,0.0
1774122267,10,,Aggregated,6.800000,6.800000,1000,1100,1200,1500,1600,1800,2400,8400,16000,16000,16000,3325,3325,1000.0,1306.690557150375,639.1247429996838,15682.741907000036,0.0
1774122268,10,,Aggregated,6.700000,6.700000,1000,1100,1200,1500,1600,1800,2400,8400,16000,16000,16000,3332,3332,1000.0,1306.5053925297107,639.1247429996838,15682.741907000036,0.0
1774122269,10,,Aggregated,6.600000,6.600000,1000,1100,1200,1500,1600,1800,2400,8400,16000,16000,16000,3338,3338,1000.0,1306.2653008645882,639.1247429996838,15682.741907000036,0.0
1774122270,10,,Aggregated,6.600000,6.600000,1000,1100,1200,1500,1600,1800,2400,8400,16000,16000,16000,3345,3345,1000.0,1305.905849209565,639.1247429996838,15682.741907000036,0.0
1774122271,10,,Aggregated,6.600000,6.600000,1000,1100,1200,1500,1600,1800,2400,8400,16000,16000,16000,3350,3350,1000.0,1305.6759130480582,639.1247429996838,15682.741907000036,0.0
1774122272,10,,Aggregated,6.600000,6.600000,1000,1100,1200,1500,1600,1800,2400,8400,16000,16000,16000,3359,3359,1000.0,1305.219848569513,639.1247429996838,15682.741907000036,0.0
1774122273,10,,Aggregated,6.500000,6.500000,1000,1100,1200,1500,1600,1800,2400,8400,16000,16000,16000,3365,3365,1000.0,1304.8388210505186,639.1247429996838,15682.741907000036,0.0
1774122274,10,,Aggregated,6.600000,6.600000,1000,1100,1200,1500,1600,1800,2400,8400,16000,16000,16000,3374,3374,1000.0,1304.5218474706567,639.1247429996838,15682.741907000036,0.0
1774122275,10,,Aggregated,6.700000,6.700000,1000,1100,1200,1500,1600,1800,2400,8400,16000,16000,16000,3378,3378,1000.0,1304.182205708406,639.1247429996838,15682.741907000036,0.0
1774122276,10,,Aggregated,6.500000,6.500000,1000,1100,1200,1500,1600,1800,2400,8400,16000,16000,16000,3387,3387,1000.0,1303.8772330705626,639.1247429996838,15682.741907000036,0.0
1774122277,10,,Aggregated,6.600000,6.600000,1000,1100,1200,1500,1600,1800,2400,8400,16000,16000,16000,3393,3393,1000.0,1303.2847132959018,639.1247429996838,15682.741907000036,0.0
1774122278,10,,Aggregated,6.600000,6.600000,1000,1100,1200,1500,1600,1800,2400,8400,16000,16000,16000,3400,3400,1000.0,1303.130243378234,639.1247429996838,15682.741907000036,0.0
1774122279,10,,Aggregated,6.600000,6.600000,1000,1100,1200,1500,1600,1800,2300,8300,16000,16000,16000,3404,3404,1000.0,1302.736240373383,639.1247429996838,15682.741907000036,0.0
1774122280,10,,Aggregated,6.500000,6.500000,1000,1100,1200,1500,1600,1800,2300,8300,16000,16000,16000,3414,3414,1000.0,1302.4142397375497,639.1247429996838,15682.741907000036,0.0
1774122281,10,,Aggregated,6.700000,6.700000,1000,1100,1200,1500,1600,1800,2300,8300,16000,16000,16000,3421,3421,1000.0,1301.973788019584,639.1247429996838,15682.741907000036,0.0
1774122282,10,,Aggregated,7.000000,7.000000,1000,1100,1200,1500,1600,1800,2300,8300,16000,16000,16000,3427,3427,1000.0,1301.6368995596727,639.1247429996838,15682.741907000036,0.0
1774122283,10,,Aggregated,6.800000,6.800000,1000,1100,1200,1500,1600,1800,2300,8300,16000,16000,16000,3434,3434,1000.0,1301.5076701753053,639.1247429996838,15682.741907000036,0.0
1774122284,10,,Aggregated,6.600000,6.600000,1000,1100,1200,1500,1600,1800,2300,8300,16000,16000,16000,3441,3441,1000.0,1301.1660374556814,639.1247429996838,15682.741907000036,0.0
1774122285,10,,Aggregated,6.700000,6.700000,1000,1100,1200,1500,1600,1800,2300,8300,16000,16000,16000,3448,3448,1000.0,1300.8347553851506,639.1247429996838,15682.741907000036,0.0
1774122286,10,,Aggregated,6.700000,6.700000,1000,1100,1200,1500,1600,1800,2300,8300,16000,16000,16000,3451,3451,1000.0,1300.6192872057375,639.1247429996838,15682.741907000036,0.0
1774122287,10,,Aggregated,6.600000,6.600000,1000,1100,1200,1500,1600,1800,2300,8300,16000,16000,16000,3461,3461,1000.0,1300.3293428569777,639.1247429996838,15682.741907000036,0.0
1774122288,10,,Aggregated,6.600000,6.600000,1000,1100,1200,1500,1600,1800,2300,8300,16000,16000,16000,3467,3467,1000.0,1299.7021046071532,639.1247429996838,15682.741907000036,0.0
1774122289,10,,Aggregated,6.800000,6.800000,1000,1100,1200,1500,1600,1800,2300,8300,16000,16000,16000,3477,3477,1000.0,1299.4098162807013,639.1247429996838,15682.741907000036,0.0
1774122290,10,,Aggregated,7.100000,7.100000,1000,1100,1200,1500,1600,1800,2300,8300,16000,16000,16000,3479,3479,1000.0,1299.27663083271,639.1247429996838,15682.741907000036,0.0
1774122291,10,,Aggregated,7.100000,7.100000,1000,1100,1200,1500,1600,1800,2300,8300,16000,16000,16000,3487,3487,1000.0,1299.090143915113,639.1247429996838,15682.741907000036,0.0
1774122292,10,,Aggregated,6.400000,6.400000,1000,1100,1200,1500,1600,1800,2300,8300,16000,16000,16000,3494,3494,1000.0,1298.5376026076128,639.1247429996838,15682.741907000036,0.0
1774122293,10,,Aggregated,6.900000,6.900000,1000,1100,1200,1500,1600,1800,2300,8100,16000,16000,16000,3501,3501,1000.0,1298.3869871473864,639.1247429996838,15682.741907000036,0.0
1774122294,10,,Aggregated,6.700000,6.700000,1000,1100,1200,1500,1600,1800,2300,8100,16000,16000,16000,3507,3507,1000.0,1298.0880400969493,639.1247429996838,15682.741907000036,0.0
1774122295,10,,Aggregated,6.700000,6.700000,1000,1100,1200,1500,1600,1800,2300,8100,16000,16000,16000,3514,3514,1000.0,1297.8369297199777,639.1247429996838,15682.741907000036,0.0
1774122296,10,,Aggregated,6.600000,6.600000,1000,1100,1200,1500,1600,1800,2300,8100,16000,16000,16000,3523,3523,1000.0,1297.4984700516604,639.1247429996838,15682.741907000036,0.0
1774122297,10,,Aggregated,7.000000,7.000000,1000,1100,1200,1500,1600,1800,2300,8100,16000,16000,16000,3527,3527,1000.0,1297.354770496456,639.1247429996838,15682.741907000036,0.0
1774122298,10,,Aggregated,6.500000,6.500000,1000,1100,1200,1500,1600,1800,2300,8100,16000,16000,16000,3534,3534,1000.0,1297.1313982693832,639.1247429996838,15682.741907000036,0.0
1774122299,10,,Aggregated,6.400000,6.400000,1000,1100,1200,1500,1600,1800,2300,8100,16000,16000,16000,3541,3541,1000.0,1296.7697857342564,639.1247429996838,15682.741907000036,0.0
1774122300,10,,Aggregated,6.400000,6.400000,1000,1100,1200,1500,1600,1800,2300,8100,16000,16000,16000,3549,3549,1000.0,1296.4290147900824,639.1247429996838,15682.741907000036,0.0
1774122301,10,,Aggregated,6.600000,6.600000,1000,1100,1200,1500,1600,1800,2200,8100,16000,16000,16000,3554,3554,1000.0,1296.214155871413,639.1247429996838,15682.741907000036,0.0
1774122302,10,,Aggregated,6.600000,6.600000,1000,1100,1200,1500,1600,1800,2200,8100,16000,16000,16000,3562,3562,1000.0,1296.0993437448074,639.1247429996838,15682.741907000036,0.0
1774122303,10,,Aggregated,6.400000,6.400000,1000,1100,1200,1500,1600,1800,2200,8100,16000,16000,16000,3567,3567,1000.0,1295.7487080339226,639.1247429996838,15682.741907000036,0.0
1774122304,10,,Aggregated,6.800000,6.800000,1000,1100,1200,1500,1600,1800,2200,8100,16000,16000,16000,3576,3576,1000.0,1295.4519132382559,639.1247429996838,15682.741907000036,0.0
1774122305,10,,Aggregated,6.600000,6.600000,1000,1100,1200,1500,1600,1800,2200,8100,16000,16000,16000,3581,3581,1000.0,1295.0523052180968,639.1247429996838,15682.741907000036,0.0
1774122306,10,,Aggregated,6.800000,6.800000,1000,1100,1200,1500,1600,1800,2200,8100,16000,16000,16000,3590,3590,1000.0,1294.7609677325913,639.1247429996838,15682.741907000036,0.0
1774122307,10,,Aggregated,6.500000,6.500000,1000,1100,1200,1500,1600,1800,2200,8100,16000,16000,16000,3595,3595,1000.0,1294.5045811888745,639.1247429996838,15682.741907000036,0.0
1774122308,10,,Aggregated,6.900000,6.900000,1000,1100,1200,1500,1600,1800,2200,7700,16000,16000,16000,3603,3603,1000.0,1294.2609304260347,639.1247429996838,15682.741907000036,0.0
1774122309,10,,Aggregated,6.800000,6.800000,1000,1100,1200,1500,1600,1800,2200,7700,16000,16000,16000,3610,3610,1000.0,1293.9795561914136,639.1247429996838,15682.741907000036,0.0
